liga,jogo,data,estado,ronda,resultado,equipa,jogador,posicao,minutes_played,rating,touches,goals,goal_assist,expected_goals,expected_assists,total_shots,shots_on_target,key_pass,total_pass,accurate_pass,total_long_balls,accurate_long_balls,total_cross,accurate_cross,total_contest,won_contest,duel_won,duel_lost,aerial_won,aerial_lost,total_tackle,won_tackle,total_clearance,interception,ball_recovery,blocked_scoring_attempt,dispossessed,possession_lost,was_fouled,fouls,yellow_card,red_card,saves,goals_conceded,punches,atualizado_em
Alemanha Bundesliga 2026/2027,FC Bayern München - VfB Stuttgart,2026-08-28T18:30:00+00:00,finished,1,5-1,FC Bayern München,Aleksandar Pavlović,M,84,8.2,81,1,0,1.1592,0.214607,3,2,1,66,54,2,1,0,0,2,2,4,3,1,1,0,0,1,2,4,1,0,12,1,2,0,0,0,1,0,2026-09-01T10:43:18.383270+00:00
Alemanha Bundesliga 2026/2027,FC Bayern München - VfB Stuttgart,2026-08-28T18:30:00+00:00,finished,1,5-1,FC Bayern München,Alphonso Davies,D,74,7.4,60,0,0,,0.500477,0,0,4,44,35,2,1,0,0,2,2,5,1,1,1,0,0,3,1,4,0,0,11,2,0,0,0,0,1,0,2026-09-01T10:43:18.383280+00:00
Alemanha Bundesliga 2026/2027,FC Bayern München - VfB Stuttgart,2026-08-28T18:30:00+00:00,finished,1,5-1,VfB Stuttgart,Ameen Al-Dakhil,D,0,,0,0,0,,,0,0,0,0,0,0,0,0,0,0,0,0,0,0,0,0,0,0,0,0,0,0,0,0,0,0,0,0,0,0,2026-09-01T10:43:18.383652+00:00
Alemanha Bundesliga 2026/2027,FC Bayern München - VfB Stuttgart,2026-08-28T18:30:00+00:00,finished,1,5-1,VfB Stuttgart,Angelo Stiller,M,88,6.3,51,0,0,,0.0901261,0,0,2,43,38,1,0,0,0,0,0,3,4,0,0,2,1,2,1,3,0,0,6,1,3,0,0,0,4,0,2026-09-01T10:43:18.383521+00:00
Alemanha Bundesliga 2026/2027,FC Bayern München - VfB Stuttgart,2026-08-28T18:30:00+00:00,finished,1,5-1,FC Bayern München,Arijon Ibrahimović,M,0,,0,0,0,,,0,0,0,0,0,0,0,0,0,0,0,0,0,0,0,0,0,0,0,0,0,0,0,0,0,0,0,0,0,0,2026-09-01T10:43:18.383438+00:00
Alemanha Bundesliga 2026/2027,FC Bayern München - VfB Stuttgart,2026-08-28T18:30:00+00:00,finished,1,5-1,VfB Stuttgart,Atakan Karazor,M,0,,0,0,0,,,0,0,0,0,0,0,0,0,0,0,0,0,0,0,0,0,0,0,0,0,0,0,0,0,0,0,0,0,0,0,2026-09-01T10:43:18.383628+00:00
Alemanha Bundesliga 2026/2027,FC Bayern München - VfB Stuttgart,2026-08-28T18:30:00+00:00,finished,1,5-1,VfB Stuttgart,Badredine Bouanani,M,0,,0,0,0,,,0,0,0,0,0,0,0,0,0,0,0,0,0,0,0,0,0,0,0,0,0,0,0,0,0,0,0,0,0,0,2026-09-01T10:43:18.383660+00:00
Alemanha Bundesliga 2026/2027,FC Bayern München - VfB Stuttgart,2026-08-28T18:30:00+00:00,finished,1,5-1,FC Bayern München,Bara Sapoko Ndiaye,M,0,,0,0,0,,,0,0,0,0,0,0,0,0,0,0,0,0,0,0,0,0,0,0,0,0,0,0,0,0,0,0,0,0,0,0,2026-09-01T10:43:18.383370+00:00
Alemanha Bundesliga 2026/2027,FC Bayern München - VfB Stuttgart,2026-08-28T18:30:00+00:00,finished,1,5-1,VfB Stuttgart,Bilal El Khannouss,M,22,7.0,13,0,0,,0.0146562,0,0,0,10,8,0,0,0,0,0,0,3,0,0,0,2,1,0,0,1,0,0,2,1,0,0,0,0,2,0,2026-09-01T10:43:18.383603+00:00
Alemanha Bundesliga 2026/2027,FC Bayern München - VfB Stuttgart,2026-08-28T18:30:00+00:00,finished,1,5-1,VfB Stuttgart,Chema Andrés,M,8,6.5,5,0,0,,0.00331562,0,0,0,3,2,0,0,0,0,0,0,0,0,0,0,0,0,0,1,0,0,0,1,0,0,0,0,0,1,0,2026-09-01T10:43:18.383613+00:00
Alemanha Bundesliga 2026/2027,FC Bayern München - VfB Stuttgart,2026-08-28T18:30:00+00:00,finished,1,5-1,FC Bayern München,Dayot Upamecano,D,96,8.0,79,1,0,0.2356,0.184535,1,1,1,62,54,2,1,0,0,1,1,7,3,5,2,1,1,8,3,6,0,0,8,0,0,0,0,0,1,0,2026-09-01T10:43:18.383132+00:00
Alemanha Bundesliga 2026/2027,FC Bayern München - VfB Stuttgart,2026-08-28T18:30:00+00:00,finished,1,5-1,VfB Stuttgart,Deniz Undav,F,74,6.0,29,0,0,,0.0580973,0,0,1,19,11,1,0,0,0,0,0,1,8,0,3,1,1,0,1,2,0,1,12,0,1,0,0,0,3,0,2026-09-01T10:43:18.383542+00:00
Alemanha Bundesliga 2026/2027,FC Bayern München - VfB Stuttgart,2026-08-28T18:30:00+00:00,finished,1,5-1,VfB Stuttgart,Dženan Pejčinović,F,63,6.1,25,0,0,0.0466,0.0415603,1,0,0,21,13,1,0,0,0,0,0,0,1,0,1,0,0,0,1,1,0,0,8,0,0,0,0,0,3,0,2026-09-01T10:43:18.383558+00:00
Alemanha Bundesliga 2026/2027,FC Bayern München - VfB Stuttgart,2026-08-28T18:30:00+00:00,finished,1,5-1,VfB Stuttgart,Ermedin Demirović,F,33,6.2,11,0,0,0.1183,0.00186093,2,0,0,5,3,0,0,0,0,0,0,1,2,0,1,0,0,0,0,0,1,0,4,1,1,0,0,0,2,0,2026-09-01T10:43:18.383586+00:00
Alemanha Bundesliga 2026/2027,FC Bayern München - VfB Stuttgart,2026-08-28T18:30:00+00:00,finished,1,5-1,VfB Stuttgart,Fabian Bredlow,G,96,7.8,59,0,0,,0.00458642,0,0,0,42,22,32,12,0,0,0,0,1,1,1,0,0,0,6,0,14,0,0,20,0,0,0,0,5,5,3,2026-09-01T10:43:18.383454+00:00
Alemanha Bundesliga 2026/2027,FC Bayern München - VfB Stuttgart,2026-08-28T18:30:00+00:00,finished,1,5-1,VfB Stuttgart,Finn Jeltsch,D,96,6.4,42,0,0,,0.0125712,0,0,0,27,23,4,3,0,0,0,0,5,5,0,2,4,3,2,2,4,0,0,5,1,2,1,0,0,5,0,2026-09-01T10:43:18.383470+00:00
Alemanha Bundesliga 2026/2027,FC Bayern München - VfB Stuttgart,2026-08-28T18:30:00+00:00,finished,1,5-1,VfB Stuttgart,Grischa Prömel,M,96,6.0,42,0,0,0.076,0.0683633,2,1,2,28,22,0,0,0,0,0,0,2,7,1,3,0,0,1,2,2,1,0,8,1,2,1,0,0,5,0,2026-09-01T10:43:18.383504+00:00
Alemanha Bundesliga 2026/2027,FC Bayern München - VfB Stuttgart,2026-08-28T18:30:00+00:00,finished,1,5-1,FC Bayern München,Harry Kane,F,84,7.0,35,0,0,0.0935,0.560458,2,0,2,25,17,5,2,0,0,1,0,5,5,0,3,0,0,0,0,2,2,1,11,5,0,0,0,0,1,0,2026-09-01T10:43:18.383249+00:00
Alemanha Bundesliga 2026/2027,FC Bayern München - VfB Stuttgart,2026-08-28T18:30:00+00:00,finished,1,5-1,FC Bayern München,Hiroki Itō,D,0,,0,0,0,,,0,0,0,0,0,0,0,0,0,0,0,0,0,0,0,0,0,0,0,0,0,0,0,0,0,0,0,0,0,0,2026-09-01T10:43:18.383362+00:00
Alemanha Bundesliga 2026/2027,FC Bayern München - VfB Stuttgart,2026-08-28T18:30:00+00:00,finished,1,5-1,FC Bayern München,Ismael Saibari,M,35,8.4,21,0,2,0.0336,0.944355,1,0,3,12,9,0,0,0,0,1,1,2,4,0,0,0,0,0,0,2,0,3,6,1,1,0,0,0,0,0,2026-09-01T10:43:18.383302+00:00
Alemanha Bundesliga 2026/2027,FC Bayern München - VfB Stuttgart,2026-08-28T18:30:00+00:00,finished,1,5-1,VfB Stuttgart,Jamie Leweling,M,34,6.7,18,0,0,,0.0739824,0,0,1,8,8,0,0,0,0,1,1,2,2,0,0,1,0,0,1,2,0,1,4,0,1,0,0,0,2,0,2026-09-01T10:43:18.383578+00:00
Alemanha Bundesliga 2026/2027,FC Bayern München - VfB Stuttgart,2026-08-28T18:30:00+00:00,finished,1,5-1,VfB Stuttgart,Jeff Chabot,D,74,6.3,37,0,0,0.0878,0.025909,1,1,0,26,23,1,0,0,0,0,0,7,5,4,0,3,2,2,1,3,0,1,4,0,4,1,0,0,3,0,2026-09-01T10:43:18.383529+00:00
Alemanha Bundesliga 2026/2027,FC Bayern München - VfB Stuttgart,2026-08-28T18:30:00+00:00,finished,1,5-1,FC Bayern München,Jonas Urbig,G,0,,0,0,0,,,0,0,0,0,0,0,0,0,0,0,0,0,0,0,0,0,0,0,0,0,0,0,0,0,0,0,0,0,0,0,2026-09-01T10:43:18.383353+00:00
Alemanha Bundesliga 2026/2027,FC Bayern München - VfB Stuttgart,2026-08-28T18:30:00+00:00,finished,1,5-1,FC Bayern München,Jonathan Tah,D,12,6.8,9,0,0,,0.00159058,0,0,0,7,7,0,0,0,0,0,0,1,0,1,0,0,0,2,0,0,0,0,0,0,0,0,0,0,0,0,2026-09-01T10:43:18.383338+00:00
Alemanha Bundesliga 2026/2027,FC Bayern München - VfB Stuttgart,2026-08-28T18:30:00+00:00,finished,1,5-1,VfB Stuttgart,Josha Vagnoman,D,96,7.1,36,1,0,0.133,0.00902642,1,1,0,19,17,0,0,2,0,0,0,1,3,0,0,1,1,2,2,2,0,0,4,0,2,0,0,0,5,0,2026-09-01T10:43:18.383496+00:00
Alemanha Bundesliga 2026/2027,FC Bayern München - VfB Stuttgart,2026-08-28T18:30:00+00:00,finished,1,5-1,FC Bayern München,Joshua Kimmich,M,96,9.0,87,0,2,,0.654461,0,0,2,65,57,9,6,6,1,0,0,6,2,2,2,2,2,1,4,6,0,0,17,2,0,0,0,0,1,0,2026-09-01T10:43:18.383236+00:00
Alemanha Bundesliga 2026/2027,FC Bayern München - VfB Stuttgart,2026-08-28T18:30:00+00:00,finished,1,5-1,FC Bayern München,Josip Stanišić,D,22,6.7,19,0,0,,0.0234521,0,0,0,18,15,0,0,0,0,0,0,0,0,0,0,0,0,0,0,0,0,0,3,0,0,0,0,0,0,0,2026-09-01T10:43:18.383319+00:00
Alemanha Bundesliga 2026/2027,FC Bayern München - VfB Stuttgart,2026-08-28T18:30:00+00:00,finished,1,5-1,FC Bayern München,Kim Min-jae,D,84,7.1,50,0,0,,0.0540339,0,0,1,39,34,0,0,1,0,0,0,2,2,2,1,0,0,7,0,4,0,0,6,0,1,1,0,0,1,0,2026-09-01T10:43:18.383260+00:00
Alemanha Bundesliga 2026/2027,FC Bayern München - VfB Stuttgart,2026-08-28T18:30:00+00:00,finished,1,5-1,FC Bayern München,Konrad Laimer,D,96,6.4,68,0,0,0.0771,0.0319194,1,1,2,44,35,5,3,1,0,2,1,6,9,1,2,2,1,0,2,7,0,2,18,2,3,0,0,0,1,0,2026-09-01T10:43:18.383204+00:00
Alemanha Bundesliga 2026/2027,FC Bayern München - VfB Stuttgart,2026-08-28T18:30:00+00:00,finished,1,5-1,FC Bayern München,Lennart Karl,M,12,6.4,4,0,0,,0.00046757,0,0,0,3,2,0,0,0,0,0,0,0,1,0,1,0,0,0,0,0,0,0,2,0,0,0,0,0,0,0,2026-09-01T10:43:18.383329+00:00
Alemanha Bundesliga 2026/2027,FC Bayern München - VfB Stuttgart,2026-08-28T18:30:00+00:00,finished,1,5-1,VfB Stuttgart,Leonidas Stergiou,D,22,6.0,12,0,0,,0.00115506,0,0,0,8,7,1,1,0,0,0,0,0,1,0,1,0,0,3,0,2,0,0,1,0,0,0,0,0,2,0,2026-09-01T10:43:18.383595+00:00
Alemanha Bundesliga 2026/2027,FC Bayern München - VfB Stuttgart,2026-08-28T18:30:00+00:00,finished,1,5-1,FC Bayern München,Luis Díaz,M,96,7.6,70,1,0,1.3816,0.134061,6,2,1,46,38,2,0,0,0,4,2,6,7,2,0,0,0,0,1,5,2,3,15,2,2,0,0,0,1,0,2026-09-01T10:43:18.383194+00:00
Alemanha Bundesliga 2026/2027,FC Bayern München - VfB Stuttgart,2026-08-28T18:30:00+00:00,finished,1,5-1,FC Bayern München,Manuel Neuer,G,96,7.4,54,0,0,,0.197262,0,0,1,48,30,32,14,0,0,0,0,0,0,0,0,0,0,0,0,7,0,0,19,0,0,0,0,3,1,0,2026-09-01T10:43:18.383215+00:00
Alemanha Bundesliga 2026/2027,FC Bayern München - VfB Stuttgart,2026-08-28T18:30:00+00:00,finished,1,5-1,VfB Stuttgart,Marius Funk,G,0,,0,0,0,,,0,0,0,0,0,0,0,0,0,0,0,0,0,0,0,0,0,0,0,0,0,0,0,0,0,0,0,0,0,0,2026-09-01T10:43:18.383643+00:00
Alemanha Bundesliga 2026/2027,FC Bayern München - VfB Stuttgart,2026-08-28T18:30:00+00:00,finished,1,5-1,VfB Stuttgart,Maximilian Mittelstädt,D,96,7.5,67,0,0,0.0709,0.171887,2,0,1,40,27,0,0,11,1,1,1,8,2,3,0,3,2,3,1,3,2,1,25,1,0,0,0,0,5,0,2026-09-01T10:43:18.383512+00:00
Alemanha Bundesliga 2026/2027,FC Bayern München - VfB Stuttgart,2026-08-28T18:30:00+00:00,finished,1,5-1,FC Bayern München,Michael Olise,M,96,8.0,66,1,0,0.8577,0.244867,6,2,2,43,37,1,1,2,1,4,0,1,7,0,1,0,0,0,1,4,1,1,15,1,1,0,0,0,1,0,2026-09-01T10:43:18.383180+00:00
Alemanha Bundesliga 2026/2027,FC Bayern München - VfB Stuttgart,2026-08-28T18:30:00+00:00,finished,1,5-1,FC Bayern München,Nathaniel Brown,D,61,6.5,25,0,0,0.0884,0.00546064,1,1,0,15,13,0,0,0,0,2,1,3,3,1,1,0,0,0,0,0,0,1,5,1,0,0,0,0,1,0,2026-09-01T10:43:18.383289+00:00
Alemanha Bundesliga 2026/2027,FC Bayern München - VfB Stuttgart,2026-08-28T18:30:00+00:00,finished,1,5-1,VfB Stuttgart,Ramon Hendriks,D,96,6.1,62,0,0,,0.194065,0,0,1,47,41,4,1,2,1,0,0,6,1,3,1,1,0,4,0,3,0,0,10,2,0,0,0,0,5,0,2026-09-01T10:43:18.383486+00:00
Alemanha Bundesliga 2026/2027,FC Bayern München - VfB Stuttgart,2026-08-28T18:30:00+00:00,finished,1,5-1,VfB Stuttgart,Tiago Tomás,F,62,6.5,36,0,0,0.3305,0.039183,2,1,0,22,14,0,0,0,0,1,0,6,6,3,4,1,1,0,0,2,0,0,13,2,1,0,0,0,3,0,2026-09-01T10:43:18.383569+00:00
Alemanha Bundesliga 2026/2027,FC Bayern München - VfB Stuttgart,2026-08-28T18:30:00+00:00,finished,1,5-1,FC Bayern München,Tom Bischof,M,12,6.8,14,0,0,,0.0259847,0,0,0,11,11,0,0,0,0,0,0,0,0,0,0,0,0,0,1,0,0,0,0,0,0,0,0,0,0,0,2026-09-01T10:43:18.383345+00:00
Alemanha Bundesliga 2026/2027,1. FC Köln - TSG Hoffenheim,2026-08-29T13:30:00+00:00,finished,1,3-2,TSG Hoffenheim,Adam Daghim,F,87,7.5,40,1,0,0.0307,0.111154,1,1,1,16,14,1,1,6,1,4,0,5,4,3,0,1,1,1,3,1,0,0,13,2,0,0,0,0,3,0,2026-09-02T00:09:17.310544+00:00
Alemanha Bundesliga 2026/2027,1. FC Köln - TSG Hoffenheim,2026-08-29T13:30:00+00:00,finished,1,3-2,TSG Hoffenheim,Adam Hložek,F,53,7.0,25,0,0,0.0637,0.0804791,2,0,1,11,10,0,0,2,0,3,3,6,3,2,1,1,1,1,0,1,0,2,6,0,0,0,0,0,1,0,2026-09-02T00:09:17.310572+00:00
Alemanha Bundesliga 2026/2027,1. FC Köln - TSG Hoffenheim,2026-08-29T13:30:00+00:00,finished,1,3-2,TSG Hoffenheim,Albian Hajdari,D,87,6.3,77,0,0,0.0117,0.131795,1,0,0,63,55,7,4,1,0,0,0,4,4,3,0,1,0,3,0,3,0,0,9,0,3,0,0,0,3,0,2026-09-02T00:09:17.310553+00:00
Alemanha Bundesliga 2026/2027,1. FC Köln - TSG Hoffenheim,2026-08-29T13:30:00+00:00,finished,1,3-2,1. FC Köln,Alessio Castro-Montes,M,89,6.2,46,0,0,,0.110715,0,0,2,23,14,2,1,8,3,0,0,3,3,1,3,2,2,3,0,4,0,0,16,0,1,0,0,0,2,0,2026-09-02T00:09:17.310729+00:00
Alemanha Bundesliga 2026/2027,1. FC Köln - TSG Hoffenheim,2026-08-29T13:30:00+00:00,finished,1,3-2,TSG Hoffenheim,Andrej Kramarić,F,9,6.5,4,0,0,0.0204,0.00050167,1,0,0,3,3,0,0,0,0,0,0,0,0,0,0,0,0,0,0,0,1,0,0,0,0,0,0,0,0,0,2026-09-02T00:09:17.310620+00:00
Alemanha Bundesliga 2026/2027,1. FC Köln - TSG Hoffenheim,2026-08-29T13:30:00+00:00,finished,1,3-2,TSG Hoffenheim,Bambasé Conté,M,90,6.6,47,0,1,0.2355,0.124457,2,0,3,28,21,0,0,3,2,1,0,4,7,0,1,0,0,1,0,2,0,4,15,4,0,0,0,0,3,0,2026-09-02T00:09:17.310493+00:00
Alemanha Bundesliga 2026/2027,1. FC Köln - TSG Hoffenheim,2026-08-29T13:30:00+00:00,finished,1,3-2,TSG Hoffenheim,Bernardo,D,53,7.2,43,0,0,,0.0051709,0,0,0,27,26,3,2,1,0,1,0,3,1,0,0,3,1,4,0,2,0,0,5,0,0,0,0,0,1,0,2026-09-02T00:09:17.310583+00:00
Alemanha Bundesliga 2026/2027,1. FC Köln - TSG Hoffenheim,2026-08-29T13:30:00+00:00,finished,1,3-2,TSG Hoffenheim,Cajetan Lenz,M,0,,0,0,0,,,0,0,0,0,0,0,0,0,0,0,0,0,0,0,0,0,0,0,0,0,0,0,0,0,0,0,0,0,0,0,2026-09-02T00:09:17.310639+00:00
Alemanha Bundesliga 2026/2027,1. FC Köln - TSG Hoffenheim,2026-08-29T13:30:00+00:00,finished,1,3-2,1. FC Köln,Ellyes Skhiri,M,25,6.6,13,0,0,,0.00630888,0,0,0,8,8,0,0,0,0,0,0,1,1,0,0,1,1,2,1,0,0,0,0,0,1,0,0,0,1,0,2026-09-02T00:09:17.310797+00:00
Alemanha Bundesliga 2026/2027,1. FC Köln - TSG Hoffenheim,2026-08-29T13:30:00+00:00,finished,1,3-2,1. FC Köln,Gideon Mensah,D,90,6.6,64,0,0,0.0158,0.0657176,1,0,0,37,32,3,2,3,1,2,0,4,7,1,0,1,1,5,1,6,0,0,11,2,2,0,0,0,2,0,2026-09-02T00:09:17.310709+00:00
Alemanha Bundesliga 2026/2027,1. FC Köln - TSG Hoffenheim,2026-08-29T13:30:00+00:00,finished,1,3-2,1. FC Köln,Jahmai Simpson-Pusey,D,90,5.9,55,0,0,,0.00100755,0,0,0,40,37,3,1,0,0,1,1,2,5,0,4,1,1,10,1,1,0,0,3,0,1,0,0,0,2,0,2026-09-02T00:09:17.310690+00:00
Alemanha Bundesliga 2026/2027,1. FC Köln - TSG Hoffenheim,2026-08-29T13:30:00+00:00,finished,1,3-2,1. FC Köln,Jan Uwe Thielmann,M,90,7.3,36,0,0,0.0443,0.0413857,1,0,1,20,13,2,1,1,0,1,1,5,4,1,3,3,2,1,0,0,1,1,11,1,0,0,0,0,2,0,2026-09-02T00:09:17.310671+00:00
Alemanha Bundesliga 2026/2027,1. FC Köln - TSG Hoffenheim,2026-08-29T13:30:00+00:00,finished,1,3-2,1. FC Köln,Joel Schmied,D,1,,1,0,0,,,0,0,0,0,0,0,0,0,0,0,0,0,0,0,0,0,0,0,0,0,0,0,0,0,0,0,0,0,0,0,2026-09-02T00:09:17.310805+00:00
Alemanha Bundesliga 2026/2027,1. FC Köln - TSG Hoffenheim,2026-08-29T13:30:00+00:00,finished,1,3-2,1. FC Köln,Jonathan Friemel,D,0,,0,0,0,,,0,0,0,0,0,0,0,0,0,0,0,0,0,0,0,0,0,0,0,0,0,0,0,0,0,0,0,0,0,0,2026-09-02T00:09:17.310823+00:00
Alemanha Bundesliga 2026/2027,1. FC Köln - TSG Hoffenheim,2026-08-29T13:30:00+00:00,finished,1,3-2,TSG Hoffenheim,Leon Avdullahu,M,90,6.8,77,0,0,0.0446,0.0897416,2,0,0,65,59,4,3,0,0,0,0,3,2,0,0,2,2,1,3,6,1,0,6,1,2,0,0,0,3,0,2026-09-02T00:09:17.310505+00:00
Alemanha Bundesliga 2026/2027,1. FC Köln - TSG Hoffenheim,2026-08-29T13:30:00+00:00,finished,1,3-2,1. FC Köln,Linton Maina,M,25,6.8,10,0,1,,0.134625,0,0,1,7,7,0,0,1,1,0,0,1,1,0,1,0,0,0,0,1,0,0,0,1,0,0,0,0,1,0,2026-09-02T00:09:17.310787+00:00
Alemanha Bundesliga 2026/2027,1. FC Köln - TSG Hoffenheim,2026-08-29T13:30:00+00:00,finished,1,3-2,TSG Hoffenheim,Luca Philipp,G,0,,0,0,0,,,0,0,0,0,0,0,0,0,0,0,0,0,0,0,0,0,0,0,0,0,0,0,0,0,0,0,0,0,0,0,2026-09-02T00:09:17.310646+00:00
Alemanha Bundesliga 2026/2027,1. FC Köln - TSG Hoffenheim,2026-08-29T13:30:00+00:00,finished,1,3-2,1. FC Köln,Luka Lochoshvili,D,90,6.7,66,0,0,0.1021,0.00238442,2,0,0,49,43,8,3,0,0,1,1,5,2,2,1,1,1,5,1,0,0,0,7,1,1,0,0,0,2,0,2026-09-02T00:09:17.310699+00:00
Alemanha Bundesliga 2026/2027,1. FC Köln - TSG Hoffenheim,2026-08-29T13:30:00+00:00,finished,1,3-2,1. FC Köln,Marius Bülter,F,1,,2,0,0,,,0,0,0,1,0,0,0,0,0,0,0,1,0,1,0,0,0,0,0,0,0,0,2,0,0,0,0,0,0,0,2026-09-02T00:09:17.310815+00:00
Alemanha Bundesliga 2026/2027,1. FC Köln - TSG Hoffenheim,2026-08-29T13:30:00+00:00,finished,1,3-2,1. FC Köln,Marvin Schwäbe,G,90,7.4,56,0,0,,0.00947369,0,0,0,51,35,30,14,0,0,0,0,0,1,0,0,0,0,0,0,5,0,1,17,0,0,0,0,2,2,0,2026-09-02T00:09:17.310680+00:00
Alemanha Bundesliga 2026/2027,1. FC Köln - TSG Hoffenheim,2026-08-29T13:30:00+00:00,finished,1,3-2,TSG Hoffenheim,Mats Rots,D,9,6.7,8,0,0,,0.00803086,0,0,0,3,2,0,0,1,0,0,0,0,1,0,1,0,0,0,0,0,0,0,2,0,0,0,0,0,0,0,2026-09-02T00:09:17.310629+00:00
Alemanha Bundesliga 2026/2027,1. FC Köln - TSG Hoffenheim,2026-08-29T13:30:00+00:00,finished,1,3-2,TSG Hoffenheim,Max Moerstedt,F,37,6.1,10,0,0,1.1974,0.00272163,3,2,0,2,2,0,0,0,0,1,0,1,3,0,1,1,0,1,0,0,0,1,2,0,0,1,0,0,2,0,2026-09-02T00:09:17.310601+00:00
Alemanha Bundesliga 2026/2027,1. FC Köln - TSG Hoffenheim,2026-08-29T13:30:00+00:00,finished,1,3-2,TSG Hoffenheim,Nathan De Cat,M,19,6.4,12,0,0,,0.0195149,0,0,1,9,8,1,1,0,0,1,0,1,2,1,0,0,0,0,0,2,0,0,4,0,1,0,0,0,2,0,2026-09-02T00:09:17.310611+00:00
Alemanha Bundesliga 2026/2027,1. FC Köln - TSG Hoffenheim,2026-08-29T13:30:00+00:00,finished,1,3-2,TSG Hoffenheim,Natnael Abraha,D,0,,0,0,0,,,0,0,0,0,0,0,0,0,0,0,0,0,0,0,0,0,0,0,0,0,0,0,0,0,0,0,0,0,0,0,2026-09-02T00:09:17.310663+00:00
Alemanha Bundesliga 2026/2027,1. FC Köln - TSG Hoffenheim,2026-08-29T13:30:00+00:00,finished,1,3-2,TSG Hoffenheim,Oliver Baumann,G,90,7.8,41,0,0,,0.044231,0,0,0,34,27,15,8,0,0,0,0,0,0,0,0,0,0,2,0,3,0,0,7,0,0,0,0,3,3,1,2026-09-02T00:09:17.310445+00:00
Alemanha Bundesliga 2026/2027,1. FC Köln - TSG Hoffenheim,2026-08-29T13:30:00+00:00,finished,1,3-2,TSG Hoffenheim,Ozan Kabak,D,90,7.5,77,1,0,0.0495,0.0208094,1,1,0,59,54,6,5,1,0,0,0,12,8,11,3,1,1,7,0,4,0,0,7,0,6,1,0,0,3,0,2026-09-02T00:09:17.310525+00:00
Alemanha Bundesliga 2026/2027,1. FC Köln - TSG Hoffenheim,2026-08-29T13:30:00+00:00,finished,1,3-2,TSG Hoffenheim,Patrick Wimmer,M,71,6.8,42,0,0,0.0983,0.362451,2,0,1,26,20,2,1,0,0,3,2,6,3,1,0,1,0,1,0,3,2,1,12,2,0,0,0,0,1,0,2026-09-02T00:09:17.310563+00:00
Alemanha Bundesliga 2026/2027,1. FC Köln - TSG Hoffenheim,2026-08-29T13:30:00+00:00,finished,1,3-2,1. FC Köln,Paul Okon-Engstler,M,65,6.6,39,0,0,0.0605,0.010656,1,0,1,24,20,5,2,0,0,1,1,3,4,0,1,2,1,2,0,1,0,0,8,0,2,0,0,0,1,0,2026-09-02T00:09:17.310768+00:00
Alemanha Bundesliga 2026/2027,1. FC Köln - TSG Hoffenheim,2026-08-29T13:30:00+00:00,finished,1,3-2,1. FC Köln,Ragnar Ache,F,65,6.9,25,0,0,0.065,0.00997284,1,0,3,9,7,0,0,0,0,1,0,8,9,4,8,0,0,4,0,3,0,0,5,4,0,0,0,0,1,0,2026-09-02T00:09:17.310748+00:00
Alemanha Bundesliga 2026/2027,1. FC Köln - TSG Hoffenheim,2026-08-29T13:30:00+00:00,finished,1,3-2,1. FC Köln,Rav van den Berg,D,0,,0,0,0,,,0,0,0,0,0,0,0,0,0,0,0,0,0,0,0,0,0,0,0,0,0,0,0,0,0,0,0,0,0,0,2026-09-02T00:09:17.310831+00:00
Alemanha Bundesliga 2026/2027,1. FC Köln - TSG Hoffenheim,2026-08-29T13:30:00+00:00,finished,1,3-2,1. FC Köln,Reigan Heskey,F,0,,0,0,0,,,0,0,0,0,0,0,0,0,0,0,0,0,0,0,0,0,0,0,0,0,0,0,0,0,0,0,0,0,0,0,2026-09-02T00:09:17.320732+00:00
Alemanha Bundesliga 2026/2027,1. FC Köln - TSG Hoffenheim,2026-08-29T13:30:00+00:00,finished,1,3-2,TSG Hoffenheim,Robin Hranáč,D,37,6.7,40,0,0,,0.0408704,0,0,0,30,28,2,1,0,0,0,0,2,1,1,1,1,1,4,1,0,0,0,2,0,0,0,0,0,2,0,2026-09-02T00:09:17.310592+00:00
Alemanha Bundesliga 2026/2027,1. FC Köln - TSG Hoffenheim,2026-08-29T13:30:00+00:00,finished,1,3-2,1. FC Köln,Ron-Robert Zieler,G,0,,0,0,0,,,0,0,0,0,0,0,0,0,0,0,0,0,0,0,0,0,0,0,0,0,0,0,0,0,0,0,0,0,0,0,2026-09-02T00:09:17.320701+00:00
Alemanha Bundesliga 2026/2027,1. FC Köln - TSG Hoffenheim,2026-08-29T13:30:00+00:00,finished,1,3-2,1. FC Köln,Said El Mala,M,65,7.4,33,1,0,0.6973,0.0122098,6,3,0,13,9,3,0,2,0,1,0,2,6,0,0,1,0,0,0,2,2,4,16,1,1,0,0,0,1,0,2026-09-02T00:09:17.310758+00:00
Alemanha Bundesliga 2026/2027,1. FC Köln - TSG Hoffenheim,2026-08-29T13:30:00+00:00,finished,1,3-2,1. FC Köln,Thijs Dallinga,F,25,9.1,15,2,0,0.1906,0.00295154,3,2,0,5,4,0,0,0,0,0,0,3,3,1,2,0,0,2,0,0,0,1,2,2,0,0,0,0,1,0,2026-09-02T00:09:17.310778+00:00
Alemanha Bundesliga 2026/2027,1. FC Köln - TSG Hoffenheim,2026-08-29T13:30:00+00:00,finished,1,3-2,1. FC Köln,Tom Krauß,M,89,7.2,48,0,0,0.512,0.0257954,2,1,0,29,26,2,0,3,1,0,0,4,5,0,1,2,1,2,2,6,1,1,7,2,2,0,0,0,2,0,2026-09-02T00:09:17.310739+00:00
Alemanha Bundesliga 2026/2027,1. FC Köln - TSG Hoffenheim,2026-08-29T13:30:00+00:00,finished,1,3-2,TSG Hoffenheim,Valentin Gendrey,D,0,,0,0,0,,,0,0,0,0,0,0,0,0,0,0,0,0,0,0,0,0,0,0,0,0,0,0,0,0,0,0,0,0,0,0,2026-09-02T00:09:17.310654+00:00
Alemanha Bundesliga 2026/2027,1. FC Köln - TSG Hoffenheim,2026-08-29T13:30:00+00:00,finished,1,3-2,TSG Hoffenheim,Vladimír Coufal,D,90,6.7,89,0,1,,0.376283,0,0,4,59,48,4,1,11,3,0,0,3,3,0,1,1,1,2,1,6,0,0,25,2,2,0,0,0,3,0,2026-09-02T00:09:17.310534+00:00
Alemanha Bundesliga 2026/2027,1. FC Köln - TSG Hoffenheim,2026-08-29T13:30:00+00:00,finished,1,3-2,TSG Hoffenheim,Wouter Burger,M,90,6.7,65,0,0,,0.101165,0,0,0,55,46,4,3,3,2,0,0,3,4,3,2,0,0,2,0,1,0,1,12,0,0,0,0,0,3,0,2026-09-02T00:09:17.310515+00:00
Alemanha Bundesliga 2026/2027,1. FC Köln - TSG Hoffenheim,2026-08-29T13:30:00+00:00,finished,1,3-2,1. FC Köln,Ísak Bergmann Jóhannesson,M,90,7.2,44,0,0,0.0201,0.237312,1,0,3,26,22,1,1,6,1,0,0,4,2,0,1,4,3,2,0,2,1,1,11,0,0,0,0,0,2,0,2026-09-02T00:09:17.310719+00:00
Alemanha Bundesliga 2026/2027,1. FC Union Berlin - Eintracht Frankfurt,2026-08-29T13:30:00+00:00,finished,1,3-3,1. FC Union Berlin,,,0,,0,0,0,,,0,0,0,0,0,0,0,0,0,0,0,0,0,0,0,0,0,0,0,0,0,0,0,0,0,0,0,0,0,0,2026-09-02T00:09:16.958542+00:00
Alemanha Bundesliga 2026/2027,1. FC Union Berlin - Eintracht Frankfurt,2026-08-29T13:30:00+00:00,finished,1,3-3,1. FC Union Berlin,Aljoscha Kemlein,M,76,6.5,53,0,0,,0.0159521,0,0,0,45,34,5,0,0,0,0,0,2,1,1,0,1,1,6,1,2,0,0,11,0,0,0,0,0,3,0,2026-09-02T00:09:16.958435+00:00
Alemanha Bundesliga 2026/2027,1. FC Union Berlin - Eintracht Frankfurt,2026-08-29T13:30:00+00:00,finished,1,3-3,1. FC Union Berlin,András Schäfer,M,61,6.9,31,0,0,,0.0460794,0,0,0,20,17,1,0,1,0,0,0,4,4,2,1,2,2,1,2,3,0,1,7,0,1,0,0,0,2,0,2026-09-02T00:09:16.958471+00:00
Alemanha Bundesliga 2026/2027,1. FC Union Berlin - Eintracht Frankfurt,2026-08-29T13:30:00+00:00,finished,1,3-3,Eintracht Frankfurt,Ayoube Amaimouni Echghouyab,F,79,6.4,38,0,0,0.1973,0.0459701,2,0,1,14,9,1,0,2,1,8,4,7,8,0,2,1,1,0,0,3,2,1,14,2,1,0,0,0,2,0,2026-09-02T00:09:16.958661+00:00
Alemanha Bundesliga 2026/2027,1. FC Union Berlin - Eintracht Frankfurt,2026-08-29T13:30:00+00:00,finished,1,3-3,Eintracht Frankfurt,Can Uzun,M,79,6.7,58,0,0,0.3531,0.18063,1,0,2,32,30,3,3,3,0,7,2,4,9,0,0,0,0,0,0,5,0,4,18,2,0,0,0,0,2,0,2026-09-02T00:09:16.958670+00:00
Alemanha Bundesliga 2026/2027,1. FC Union Berlin - Eintracht Frankfurt,2026-08-29T13:30:00+00:00,finished,1,3-3,1. FC Union Berlin,Carl Klaus,G,0,,0,0,0,,,0,0,0,0,0,0,0,0,0,0,0,0,0,0,0,0,0,0,0,0,0,0,0,0,0,0,0,0,0,0,2026-09-02T00:09:16.958526+00:00
Alemanha Bundesliga 2026/2027,1. FC Union Berlin - Eintracht Frankfurt,2026-08-29T13:30:00+00:00,finished,1,3-3,1. FC Union Berlin,Christopher Trimmel,M,0,,0,0,0,,,0,0,0,0,0,0,0,0,0,0,0,0,0,0,0,0,0,0,0,0,0,0,0,0,0,0,0,0,0,0,2026-09-02T00:09:16.958552+00:00
Alemanha Bundesliga 2026/2027,1. FC Union Berlin - Eintracht Frankfurt,2026-08-29T13:30:00+00:00,finished,1,3-3,1. FC Union Berlin,Derrick Köhn,M,8,6.8,12,0,0,0.0173,0.00255006,1,1,0,6,2,0,0,0,0,0,0,2,1,0,0,1,1,1,0,3,0,1,5,1,0,0,0,0,0,0,2026-09-02T00:09:16.958514+00:00
Alemanha Bundesliga 2026/2027,1. FC Union Berlin - Eintracht Frankfurt,2026-08-29T13:30:00+00:00,finished,1,3-3,Eintracht Frankfurt,Elias Baum,D,90,6.8,81,0,1,0.0675,0.425962,2,0,2,35,31,2,2,4,0,3,2,10,8,2,3,6,3,6,1,2,2,1,17,0,3,0,0,0,3,0,2026-09-02T00:09:16.958579+00:00
Alemanha Bundesliga 2026/2027,1. FC Union Berlin - Eintracht Frankfurt,2026-08-29T13:30:00+00:00,finished,1,3-3,1. FC Union Berlin,Emmanuel Latte Lath,F,61,7.1,17,1,0,0.26,0.00240647,2,1,0,12,4,1,0,0,0,0,0,1,3,1,2,0,0,0,0,1,0,1,11,0,0,0,0,0,2,0,2026-09-02T00:09:16.958452+00:00
Alemanha Bundesliga 2026/2027,1. FC Union Berlin - Eintracht Frankfurt,2026-08-29T13:30:00+00:00,finished,1,3-3,Eintracht Frankfurt,Farès Chaïbi,M,90,6.7,61,0,0,0.0572,0.107051,2,0,1,46,35,8,4,4,2,0,0,1,2,0,2,0,0,3,0,2,0,0,13,1,0,0,0,0,3,0,2026-09-02T00:09:16.958623+00:00
Alemanha Bundesliga 2026/2027,1. FC Union Berlin - Eintracht Frankfurt,2026-08-29T13:30:00+00:00,finished,1,3-3,1. FC Union Berlin,Janik Haberer,M,14,7.0,13,0,0,0.2092,0.00353149,1,1,0,8,7,0,0,1,0,1,0,2,1,0,0,2,2,0,0,2,0,0,3,0,0,0,0,0,0,0,2026-09-02T00:09:16.958505+00:00
Alemanha Bundesliga 2026/2027,1. FC Union Berlin - Eintracht Frankfurt,2026-08-29T13:30:00+00:00,finished,1,3-3,Eintracht Frankfurt,Jean-Mattéo Bahoya,F,0,,0,0,0,,,0,0,0,0,0,0,0,0,0,0,0,0,0,0,0,0,0,0,0,0,0,0,0,0,0,0,0,0,0,0,2026-09-02T00:09:16.958746+00:00
Alemanha Bundesliga 2026/2027,1. FC Union Berlin - Eintracht Frankfurt,2026-08-29T13:30:00+00:00,finished,1,3-3,Eintracht Frankfurt,Jeremiaha Maluze,D,90,7.8,98,0,0,,0.471713,0,0,0,71,50,11,4,0,0,0,0,16,1,13,1,2,2,15,2,3,0,0,23,1,0,1,0,0,3,0,2026-09-02T00:09:16.958595+00:00
Alemanha Bundesliga 2026/2027,1. FC Union Berlin - Eintracht Frankfurt,2026-08-29T13:30:00+00:00,finished,1,3-3,Eintracht Frankfurt,Jonathan Burkardt,F,66,6.1,30,0,0,0.0682,0.0256792,1,0,1,22,18,2,2,0,0,2,1,1,4,0,2,0,0,0,1,1,1,1,6,0,0,0,0,0,1,0,2026-09-02T00:09:16.958679+00:00
Alemanha Bundesliga 2026/2027,1. FC Union Berlin - Eintracht Frankfurt,2026-08-29T13:30:00+00:00,finished,1,3-3,1. FC Union Berlin,Josip Juranović,M,90,7.6,79,0,2,0.0438,0.348077,1,1,5,32,15,9,2,12,5,0,0,5,1,1,0,4,3,2,2,7,0,0,37,0,0,0,0,0,3,0,2026-09-02T00:09:16.958343+00:00
Alemanha Bundesliga 2026/2027,1. FC Union Berlin - Eintracht Frankfurt,2026-08-29T13:30:00+00:00,finished,1,3-3,Eintracht Frankfurt,Kauã Santos,G,0,,0,0,0,,,0,0,0,0,0,0,0,0,0,0,0,0,0,0,0,0,0,0,0,0,0,0,0,0,0,0,0,0,0,0,2026-09-02T00:09:16.958755+00:00
Alemanha Bundesliga 2026/2027,1. FC Union Berlin - Eintracht Frankfurt,2026-08-29T13:30:00+00:00,finished,1,3-3,Eintracht Frankfurt,Keita Kosugi,D,90,5.7,61,0,0,,0.00837563,0,0,0,26,16,1,0,1,0,0,0,5,3,2,2,1,1,2,3,2,0,1,18,2,0,0,0,0,3,0,2026-09-02T00:09:16.958603+00:00
Alemanha Bundesliga 2026/2027,1. FC Union Berlin - Eintracht Frankfurt,2026-08-29T13:30:00+00:00,finished,1,3-3,1. FC Union Berlin,Leopold Querfeld,D,90,8.4,73,1,1,0.0859,0.584233,1,1,3,44,32,10,4,0,0,0,0,12,8,7,5,4,1,12,2,4,0,0,15,1,1,0,0,0,3,0,2026-09-02T00:09:16.958369+00:00
Alemanha Bundesliga 2026/2027,1. FC Union Berlin - Eintracht Frankfurt,2026-08-29T13:30:00+00:00,finished,1,3-3,1. FC Union Berlin,Linus Guther,F,0,,0,0,0,,,0,0,0,0,0,0,0,0,0,0,0,0,0,0,0,0,0,0,0,0,0,0,0,0,0,0,0,0,0,0,2026-09-02T00:09:16.958562+00:00
Alemanha Bundesliga 2026/2027,1. FC Union Berlin - Eintracht Frankfurt,2026-08-29T13:30:00+00:00,finished,1,3-3,1. FC Union Berlin,Livan Burcu,F,29,6.7,22,0,0,0.0496,0.0815266,2,0,0,8,3,2,1,2,1,4,2,5,4,1,1,0,0,0,0,1,1,1,11,2,0,0,0,0,1,0,2026-09-02T00:09:16.958488+00:00
Alemanha Bundesliga 2026/2027,1. FC Union Berlin - Eintracht Frankfurt,2026-08-29T13:30:00+00:00,finished,1,3-3,Eintracht Frankfurt,Love Arrhov,M,11,6.4,3,0,0,,,0,0,0,0,0,0,0,0,0,0,0,0,2,0,1,0,0,0,0,2,0,1,2,0,0,0,0,0,2,0,2026-09-02T00:09:16.958695+00:00
Alemanha Bundesliga 2026/2027,1. FC Union Berlin - Eintracht Frankfurt,2026-08-29T13:30:00+00:00,finished,1,3-3,Eintracht Frankfurt,Malik Pimpong,F,24,6.2,17,0,0,,0.00256801,0,0,0,10,6,0,0,0,0,0,0,2,4,2,3,0,0,2,0,2,0,0,4,0,1,0,0,0,2,0,2026-09-02T00:09:16.958687+00:00
Alemanha Bundesliga 2026/2027,1. FC Union Berlin - Eintracht Frankfurt,2026-08-29T13:30:00+00:00,finished,1,3-3,1. FC Union Berlin,Marin Ljubičić,F,82,6.1,13,0,0,0.1922,0.0145393,2,1,1,7,5,0,0,0,0,0,0,1,9,1,8,0,0,0,0,1,1,0,4,0,1,0,0,0,3,0,2026-09-02T00:09:16.958421+00:00
Alemanha Bundesliga 2026/2027,1. FC Union Berlin - Eintracht Frankfurt,2026-08-29T13:30:00+00:00,finished,1,3-3,Eintracht Frankfurt,Mario Götze,M,0,,0,0,0,,,0,0,0,0,0,0,0,0,0,0,0,0,0,0,0,0,0,0,0,0,0,0,0,0,0,0,0,0,0,0,2026-09-02T00:09:16.958764+00:00
Alemanha Bundesliga 2026/2027,1. FC Union Berlin - Eintracht Frankfurt,2026-08-29T13:30:00+00:00,finished,1,3-3,1. FC Union Berlin,Matheo Raab,G,90,5.3,38,0,0,,0.00104971,0,0,0,34,20,15,2,0,0,0,0,0,0,0,0,0,0,0,0,5,0,0,14,0,0,0,0,0,3,0,2026-09-02T00:09:16.958389+00:00
Alemanha Bundesliga 2026/2027,1. FC Union Berlin - Eintracht Frankfurt,2026-08-29T13:30:00+00:00,finished,1,3-3,1. FC Union Berlin,Michel Aebischer,M,61,6.1,21,0,0,0.1,0.194218,3,0,2,13,5,3,1,1,1,0,0,3,7,2,3,1,1,0,0,2,2,0,11,0,4,1,0,0,2,0,2026-09-02T00:09:16.958462+00:00
Alemanha Bundesliga 2026/2027,1. FC Union Berlin - Eintracht Frankfurt,2026-08-29T13:30:00+00:00,finished,1,3-3,Eintracht Frankfurt,Noah Atubolu,G,90,8.1,54,0,0,,0.00189986,0,0,0,41,23,28,10,0,0,0,0,1,0,0,0,0,0,0,0,14,0,0,18,1,0,0,0,8,3,0,2026-09-02T00:09:16.958571+00:00
Alemanha Bundesliga 2026/2027,1. FC Union Berlin - Eintracht Frankfurt,2026-08-29T13:30:00+00:00,finished,1,3-3,Eintracht Frankfurt,Noël Aséko,M,0,,0,0,0,,,0,0,0,0,0,0,0,0,0,0,0,0,0,0,0,0,0,0,0,0,0,0,0,0,0,0,0,0,0,0,2026-09-02T00:09:16.958736+00:00
Alemanha Bundesliga 2026/2027,1. FC Union Berlin - Eintracht Frankfurt,2026-08-29T13:30:00+00:00,finished,1,3-3,Eintracht Frankfurt,Oscar Højlund,M,11,6.5,2,0,0,,0.0030342,0,0,0,2,2,0,0,0,0,0,0,0,0,0,0,0,0,0,0,0,0,0,0,0,0,0,0,0,2,0,2026-09-02T00:09:16.958705+00:00
Alemanha Bundesliga 2026/2027,1. FC Union Berlin - Eintracht Frankfurt,2026-08-29T13:30:00+00:00,finished,1,3-3,Eintracht Frankfurt,Otavio,D,10,6.2,5,0,0,,4.8e-06,0,0,0,1,1,0,0,0,0,0,0,1,2,1,0,0,0,4,0,0,0,0,0,0,2,1,0,0,1,0,2026-09-02T00:09:16.958716+00:00
Alemanha Bundesliga 2026/2027,1. FC Union Berlin - Eintracht Frankfurt,2026-08-29T13:30:00+00:00,finished,1,3-3,1. FC Union Berlin,Rani Khedira,M,90,6.4,35,0,0,,0.0112709,0,0,0,24,18,3,1,0,0,0,0,3,4,1,2,2,1,3,2,1,0,0,9,0,1,0,0,0,3,0,2026-09-02T00:09:16.958073+00:00
Alemanha Bundesliga 2026/2027,1. FC Union Berlin - Eintracht Frankfurt,2026-08-29T13:30:00+00:00,finished,1,3-3,Eintracht Frankfurt,Raphael Onyedika,M,90,6.7,42,0,0,,0.00709985,0,0,0,32,25,4,1,0,0,0,0,3,2,1,1,2,0,4,0,0,0,0,8,0,1,1,0,0,3,0,2026-09-02T00:09:16.958641+00:00
Alemanha Bundesliga 2026/2027,1. FC Union Berlin - Eintracht Frankfurt,2026-08-29T13:30:00+00:00,finished,1,3-3,Eintracht Frankfurt,Robin Koch,D,90,6.6,68,0,0,,0.0292302,0,0,0,47,43,5,3,0,0,0,0,7,4,6,3,1,0,15,4,5,0,0,5,0,1,0,0,0,3,0,2026-09-02T00:09:16.958587+00:00
Alemanha Bundesliga 2026/2027,1. FC Union Berlin - Eintracht Frankfurt,2026-08-29T13:30:00+00:00,finished,1,3-3,1. FC Union Berlin,Tim Skarke,M,29,7.1,13,1,0,0.8616,0.200373,2,2,1,6,5,0,0,1,1,0,0,1,4,0,3,0,0,1,0,2,0,0,1,1,1,0,0,0,1,0,2026-09-02T00:09:16.958479+00:00
Alemanha Bundesliga 2026/2027,1. FC Union Berlin - Eintracht Frankfurt,2026-08-29T13:30:00+00:00,finished,1,3-3,Eintracht Frankfurt,Timothy Chandler,M,0,,0,0,0,,,0,0,0,0,0,0,0,0,0,0,0,0,0,0,0,0,0,0,0,0,0,0,0,0,0,0,0,0,0,0,2026-09-02T00:09:16.958772+00:00
Alemanha Bundesliga 2026/2027,1. FC Union Berlin - Eintracht Frankfurt,2026-08-29T13:30:00+00:00,finished,1,3-3,1. FC Union Berlin,Tom Alexander Rothe,D,90,6.3,69,0,0,0.0666,0.13755,2,1,1,29,19,4,0,6,1,3,0,6,8,2,0,3,1,2,1,4,1,3,29,1,0,0,0,0,3,0,2026-09-02T00:09:16.958411+00:00
Alemanha Bundesliga 2026/2027,1. FC Union Berlin - Eintracht Frankfurt,2026-08-29T13:30:00+00:00,finished,1,3-3,1. FC Union Berlin,Woo-Yeong Jeong,F,29,6.9,27,0,0,0.0365,0.235347,1,1,2,20,17,1,1,2,2,1,0,2,3,1,1,0,0,0,1,5,0,0,5,1,0,0,0,0,1,0,2026-09-02T00:09:16.958497+00:00
Alemanha Bundesliga 2026/2027,1. FC Union Berlin - Eintracht Frankfurt,2026-08-29T13:30:00+00:00,finished,1,3-3,Eintracht Frankfurt,Younes Ebnoutalib,F,85,9.7,34,3,0,0.6277,0.0293291,3,3,1,16,9,1,0,0,0,2,2,4,4,0,3,1,1,1,0,6,0,1,13,1,1,1,0,0,2,0,2026-09-02T00:09:16.958652+00:00
Alemanha Bundesliga 2026/2027,1. FC Union Berlin - Eintracht Frankfurt,2026-08-29T13:30:00+00:00,finished,1,3-3,1. FC Union Berlin,Zeno Van Den Bosch,D,90,6.3,69,0,0,,0.055267,0,0,1,50,44,10,6,0,0,0,0,7,3,4,0,2,2,13,0,4,0,0,8,1,2,1,0,0,3,0,2026-09-02T00:09:16.958401+00:00
Alemanha Bundesliga 2026/2027,1. FSV Mainz 05 - SC Paderborn 07,2026-08-29T13:30:00+00:00,finished,1,0-0,SC Paderborn 07,,,89,6.7,35,0,0,0.0752,0.0955276,1,0,1,20,16,0,0,1,1,1,0,7,7,3,2,2,0,2,0,1,1,2,9,2,3,0,0,0,0,0,2026-09-02T00:09:16.555324+00:00
Alemanha Bundesliga 2026/2027,1. FSV Mainz 05 - SC Paderborn 07,2026-08-29T13:30:00+00:00,finished,1,0-0,1. FSV Mainz 05,Alexander Schwolow,G,0,,0,0,0,,,0,0,0,0,0,0,0,0,0,0,0,0,0,0,0,0,0,0,0,0,0,0,0,0,0,0,0,0,0,0,2026-09-02T00:09:16.555216+00:00
Alemanha Bundesliga 2026/2027,1. FSV Mainz 05 - SC Paderborn 07,2026-08-29T13:30:00+00:00,finished,1,0-0,1. FSV Mainz 05,Anthony Caci,M,73,7.8,59,0,0,0.0879,0.151945,2,1,2,37,31,4,3,3,0,1,1,5,2,1,0,3,3,3,0,2,1,1,11,0,1,0,0,0,0,0,2026-09-02T00:09:16.555081+00:00
Alemanha Bundesliga 2026/2027,1. FSV Mainz 05 - SC Paderborn 07,2026-08-29T13:30:00+00:00,finished,1,0-0,SC Paderborn 07,Clemens Lippmann,M,1,,2,0,0,,0.00138977,0,0,0,1,1,0,0,1,0,0,0,0,1,0,1,0,0,0,0,0,0,0,1,0,0,0,0,0,0,0,2026-09-02T00:09:16.555397+00:00
Alemanha Bundesliga 2026/2027,1. FSV Mainz 05 - SC Paderborn 07,2026-08-29T13:30:00+00:00,finished,1,0-0,1. FSV Mainz 05,Danny da Costa,D,90,7.6,69,0,0,0.1378,0.303414,5,0,2,47,38,4,3,7,4,0,0,7,6,3,5,3,1,2,2,1,2,0,12,1,1,0,0,0,0,0,2026-09-02T00:09:16.555019+00:00
Alemanha Bundesliga 2026/2027,1. FSV Mainz 05 - SC Paderborn 07,2026-08-29T13:30:00+00:00,finished,1,0-0,SC Paderborn 07,Deniz Zeitler,F,0,,0,0,0,,,0,0,0,0,0,0,0,0,0,0,0,0,0,0,0,0,0,0,0,0,0,0,0,0,0,0,0,0,0,0,2026-09-02T00:09:16.555446+00:00
Alemanha Bundesliga 2026/2027,1. FSV Mainz 05 - SC Paderborn 07,2026-08-29T13:30:00+00:00,finished,1,0-0,1. FSV Mainz 05,Dominik Kohr,D,80,7.5,63,0,0,0.0154,0.0745995,1,1,0,49,44,9,5,0,0,1,0,5,4,1,1,4,1,3,0,2,0,0,7,0,1,0,0,0,0,0,2026-09-02T00:09:16.555071+00:00
Alemanha Bundesliga 2026/2027,1. FSV Mainz 05 - SC Paderborn 07,2026-08-29T13:30:00+00:00,finished,1,0-0,1. FSV Mainz 05,Fabio Gruber,D,90,7.9,64,0,0,0.0555,0.062269,1,0,0,48,43,5,3,0,0,0,0,8,7,5,4,3,3,4,1,3,1,0,7,0,2,0,0,0,0,0,2026-09-02T00:09:16.555029+00:00
Alemanha Bundesliga 2026/2027,1. FSV Mainz 05 - SC Paderborn 07,2026-08-29T13:30:00+00:00,finished,1,0-0,SC Paderborn 07,Gabriel Vidović,M,90,7.0,63,0,0,,0.0293561,0,0,1,55,48,4,4,1,0,2,2,3,2,0,1,0,0,0,0,6,0,1,11,1,0,0,0,0,0,0,2026-09-02T00:09:16.555314+00:00
Alemanha Bundesliga 2026/2027,1. FSV Mainz 05 - SC Paderborn 07,2026-08-29T13:30:00+00:00,finished,1,0-0,1. FSV Mainz 05,Jae-sung Lee,M,68,6.2,55,0,0,0.2341,0.118642,4,0,1,31,25,2,1,2,0,1,0,2,4,1,0,0,0,5,3,1,1,1,14,1,0,0,0,0,0,0,2026-09-02T00:09:16.555091+00:00
Alemanha Bundesliga 2026/2027,1. FSV Mainz 05 - SC Paderborn 07,2026-08-29T13:30:00+00:00,finished,1,0-0,SC Paderborn 07,Jano Ter-Horst,D,90,7.5,66,0,0,0.0213,0.0444143,1,0,1,46,41,4,3,1,1,0,0,3,5,1,4,1,1,8,0,1,0,1,7,1,1,0,0,0,0,0,2026-09-02T00:09:16.555264+00:00
Alemanha Bundesliga 2026/2027,1. FSV Mainz 05 - SC Paderborn 07,2026-08-29T13:30:00+00:00,finished,1,0-0,SC Paderborn 07,Jonah Sticker,D,15,6.8,12,0,0,,0.00207367,0,0,0,9,9,0,0,0,0,0,0,0,0,0,0,0,0,1,0,0,0,0,0,0,0,0,0,0,0,0,2026-09-02T00:09:16.555377+00:00
Alemanha Bundesliga 2026/2027,1. FSV Mainz 05 - SC Paderborn 07,2026-08-29T13:30:00+00:00,finished,1,0-0,1. FSV Mainz 05,Kacper Potulski,D,10,6.8,25,0,0,,0.00617132,0,0,0,23,21,0,0,0,0,1,0,2,2,2,1,0,0,1,0,3,0,0,3,0,0,0,0,0,0,0,2026-09-02T00:09:16.555196+00:00
Alemanha Bundesliga 2026/2027,1. FSV Mainz 05 - SC Paderborn 07,2026-08-29T13:30:00+00:00,finished,1,0-0,1. FSV Mainz 05,Kaishu Sano,M,90,7.2,76,0,0,0.1073,0.124238,2,0,1,53,52,3,2,1,1,1,0,3,4,0,2,1,0,1,3,10,0,1,5,2,0,0,0,0,0,0,2026-09-02T00:09:16.555040+00:00
Alemanha Bundesliga 2026/2027,1. FSV Mainz 05 - SC Paderborn 07,2026-08-29T13:30:00+00:00,finished,1,0-0,SC Paderborn 07,Laurin Curda,M,90,8.2,76,0,0,0.3244,0.434018,3,0,1,32,23,8,3,5,1,2,1,11,3,5,0,4,3,13,3,4,0,1,17,1,1,0,0,0,0,0,2026-09-02T00:09:16.555284+00:00
Alemanha Bundesliga 2026/2027,1. FSV Mainz 05 - SC Paderborn 07,2026-08-29T13:30:00+00:00,finished,1,0-0,SC Paderborn 07,Laurin Ulrich,M,75,6.2,41,0,0,0.0192,0.0211244,1,0,0,26,22,2,0,1,0,0,0,2,8,1,2,0,0,1,0,4,1,5,13,1,0,0,0,0,0,0,2026-09-02T00:09:16.555346+00:00
Alemanha Bundesliga 2026/2027,1. FSV Mainz 05 - SC Paderborn 07,2026-08-29T13:30:00+00:00,finished,1,0-0,1. FSV Mainz 05,Lennard Maloney,M,0,,0,0,0,,,0,0,0,0,0,0,0,0,0,0,0,0,0,0,0,0,0,0,0,0,0,0,0,0,0,0,0,0,0,0,2026-09-02T00:09:16.555206+00:00
Alemanha Bundesliga 2026/2027,1. FSV Mainz 05 - SC Paderborn 07,2026-08-29T13:30:00+00:00,finished,1,0-0,SC Paderborn 07,Luka Duric,M,0,,0,0,0,,,0,0,0,0,0,0,0,0,0,0,0,0,0,0,0,0,0,0,0,0,0,0,0,0,0,0,0,0,0,0,2026-09-02T00:09:16.555436+00:00
Alemanha Bundesliga 2026/2027,1. FSV Mainz 05 - SC Paderborn 07,2026-08-29T13:30:00+00:00,finished,1,0-0,SC Paderborn 07,Markus Schubert,G,0,,0,0,0,,,0,0,0,0,0,0,0,0,0,0,0,0,0,0,0,0,0,0,0,0,0,0,0,0,0,0,0,0,0,0,2026-09-02T00:09:16.555426+00:00
Alemanha Bundesliga 2026/2027,1. FSV Mainz 05 - SC Paderborn 07,2026-08-29T13:30:00+00:00,finished,1,0-0,SC Paderborn 07,Mattes Hansen,D,75,7.0,72,0,0,,0.00809301,0,0,0,57,51,4,3,0,0,0,0,1,2,0,0,1,1,4,0,5,0,0,8,0,1,1,0,0,0,0,2026-09-02T00:09:16.555336+00:00
Alemanha Bundesliga 2026/2027,1. FSV Mainz 05 - SC Paderborn 07,2026-08-29T13:30:00+00:00,finished,1,0-0,1. FSV Mainz 05,Nadiem Amiri,M,90,7.5,80,0,0,0.121,0.547133,2,0,6,49,41,2,2,15,7,4,2,4,4,0,0,1,1,0,0,1,1,1,22,1,1,0,0,0,0,0,2026-09-02T00:09:16.555050+00:00
Alemanha Bundesliga 2026/2027,1. FSV Mainz 05 - SC Paderborn 07,2026-08-29T13:30:00+00:00,finished,1,0-0,SC Paderborn 07,Nahuel Noll,G,90,7.8,46,0,0,,0.00055714,0,0,0,39,31,17,9,0,0,0,0,0,0,0,0,0,0,1,0,8,0,0,8,0,0,0,0,4,0,1,2026-09-02T00:09:16.555254+00:00
Alemanha Bundesliga 2026/2027,1. FSV Mainz 05 - SC Paderborn 07,2026-08-29T13:30:00+00:00,finished,1,0-0,SC Paderborn 07,Niklas Mohr,M,0,,0,0,0,,,0,0,0,0,0,0,0,0,0,0,0,0,0,0,0,0,0,0,0,0,0,0,0,0,0,0,0,0,0,0,2026-09-02T00:09:16.555408+00:00
Alemanha Bundesliga 2026/2027,1. FSV Mainz 05 - SC Paderborn 07,2026-08-29T13:30:00+00:00,finished,1,0-0,SC Paderborn 07,Oliver Batista Meier,F,0,,0,0,0,,,0,0,0,0,0,0,0,0,0,0,0,0,0,0,0,0,0,0,0,0,0,0,0,0,0,0,0,0,0,0,2026-09-02T00:09:16.555417+00:00
Alemanha Bundesliga 2026/2027,1. FSV Mainz 05 - SC Paderborn 07,2026-08-29T13:30:00+00:00,finished,1,0-0,1. FSV Mainz 05,Otto Ruoppi,M,22,6.6,11,0,0,,0.0190125,0,0,0,9,7,1,0,1,0,0,0,0,1,0,1,0,0,1,0,4,0,0,3,0,0,0,0,0,0,0,2026-09-02T00:09:16.555162+00:00
Alemanha Bundesliga 2026/2027,1. FSV Mainz 05 - SC Paderborn 07,2026-08-29T13:30:00+00:00,finished,1,0-0,1. FSV Mainz 05,Phillip Tietz,F,90,6.0,44,0,0,0.3939,0.132631,3,1,2,30,21,0,0,1,0,1,0,2,6,2,3,0,0,1,1,6,0,1,14,0,1,0,0,0,0,0,2026-09-02T00:09:16.554950+00:00
Alemanha Bundesliga 2026/2027,1. FSV Mainz 05 - SC Paderborn 07,2026-08-29T13:30:00+00:00,finished,1,0-0,1. FSV Mainz 05,Phillipp Mwene,M,90,6.7,59,0,0,0.0586,0.042446,1,1,0,36,25,3,2,3,0,0,0,3,4,1,3,1,1,4,0,4,0,0,16,1,1,1,0,0,0,0,2026-09-02T00:09:16.555061+00:00
Alemanha Bundesliga 2026/2027,1. FSV Mainz 05 - SC Paderborn 07,2026-08-29T13:30:00+00:00,finished,1,0-0,1. FSV Mainz 05,Rael Nakuzola,D,0,,0,0,0,,,0,0,0,0,0,0,0,0,0,0,0,0,0,0,0,0,0,0,0,0,0,0,0,0,0,0,0,0,0,0,2026-09-02T00:09:16.555245+00:00
Alemanha Bundesliga 2026/2027,1. FSV Mainz 05 - SC Paderborn 07,2026-08-29T13:30:00+00:00,finished,1,0-0,1. FSV Mainz 05,Ransford Yeboah Königsdörffer,F,22,6.6,11,0,0,0.0307,0.00104736,1,0,0,3,2,0,0,2,0,0,0,3,2,1,1,1,1,1,0,0,0,1,4,1,0,0,0,0,0,0,2026-09-02T00:09:16.555175+00:00
Alemanha Bundesliga 2026/2027,1. FSV Mainz 05 - SC Paderborn 07,2026-08-29T13:30:00+00:00,finished,1,0-0,SC Paderborn 07,Raphael Obermair,M,90,6.9,52,0,0,0.0367,0.337198,1,0,2,30,24,3,1,6,1,1,0,1,2,0,1,1,0,1,2,2,1,0,15,0,0,0,0,0,0,0,2026-09-02T00:09:16.555304+00:00
Alemanha Bundesliga 2026/2027,1. FSV Mainz 05 - SC Paderborn 07,2026-08-29T13:30:00+00:00,finished,1,0-0,1. FSV Mainz 05,Robin Zentner,G,90,6.9,31,0,0,,0.00139441,0,0,0,25,20,10,5,0,0,0,0,2,0,1,0,0,0,1,0,6,0,0,5,2,0,0,0,0,0,0,2026-09-02T00:09:16.555005+00:00
Alemanha Bundesliga 2026/2027,1. FSV Mainz 05 - SC Paderborn 07,2026-08-29T13:30:00+00:00,finished,1,0-0,SC Paderborn 07,Santiago Castañeda,M,90,7.1,75,0,0,,0.0356377,0,0,1,52,43,3,2,1,0,0,0,6,4,3,1,3,2,8,4,3,0,1,11,0,2,1,0,0,0,0,2026-09-02T00:09:16.555293+00:00
Alemanha Bundesliga 2026/2027,1. FSV Mainz 05 - SC Paderborn 07,2026-08-29T13:30:00+00:00,finished,1,0-0,1. FSV Mainz 05,Sheraldo Becker,F,68,6.8,27,0,0,,0.553472,0,0,0,15,13,0,0,4,0,1,0,2,4,2,0,0,0,1,0,1,0,3,12,0,0,0,0,0,0,0,2026-09-02T00:09:16.555126+00:00
Alemanha Bundesliga 2026/2027,1. FSV Mainz 05 - SC Paderborn 07,2026-08-29T13:30:00+00:00,finished,1,0-0,1. FSV Mainz 05,Silvan Widmer,M,17,7.0,14,0,0,,0.162909,0,0,1,8,5,0,0,1,1,0,0,0,0,0,0,0,0,0,0,0,0,0,5,0,0,0,0,0,0,0,2026-09-02T00:09:16.555186+00:00
Alemanha Bundesliga 2026/2027,1. FSV Mainz 05 - SC Paderborn 07,2026-08-29T13:30:00+00:00,finished,1,0-0,1. FSV Mainz 05,Sota Kawasaki,M,0,,0,0,0,,,0,0,0,0,0,0,0,0,0,0,0,0,0,0,0,0,0,0,0,0,0,0,0,0,0,0,0,0,0,0,2026-09-02T00:09:16.555235+00:00
Alemanha Bundesliga 2026/2027,1. FSV Mainz 05 - SC Paderborn 07,2026-08-29T13:30:00+00:00,finished,1,0-0,1. FSV Mainz 05,Stefan Posch,D,0,,0,0,0,,,0,0,0,0,0,0,0,0,0,0,0,0,0,0,0,0,0,0,0,0,0,0,0,0,0,0,0,0,0,0,2026-09-02T00:09:16.555226+00:00
Alemanha Bundesliga 2026/2027,1. FSV Mainz 05 - SC Paderborn 07,2026-08-29T13:30:00+00:00,finished,1,0-0,SC Paderborn 07,Stefano Marino,F,67,6.5,31,0,0,0.1966,0.0284177,1,0,1,22,15,0,0,0,0,1,1,4,3,2,2,0,0,1,0,1,1,1,10,1,0,0,0,0,0,0,2026-09-02T00:09:16.555356+00:00
Alemanha Bundesliga 2026/2027,1. FSV Mainz 05 - SC Paderborn 07,2026-08-29T13:30:00+00:00,finished,1,0-0,SC Paderborn 07,Steffen Tigges,F,23,6.6,10,0,0,0.0854,0.00117199,2,0,0,4,2,0,0,0,0,0,0,5,3,3,1,1,0,1,0,0,0,1,3,1,1,0,0,0,0,0,2026-09-02T00:09:16.555366+00:00
Alemanha Bundesliga 2026/2027,1. FSV Mainz 05 - SC Paderborn 07,2026-08-29T13:30:00+00:00,finished,1,0-0,SC Paderborn 07,Tjark Lasse Scheller,D,90,7.4,76,0,0,,0.0389828,0,0,0,59,51,3,1,0,0,1,0,6,5,3,3,3,3,8,1,7,0,0,9,0,1,0,0,0,0,0,2026-09-02T00:09:16.555274+00:00
Alemanha Bundesliga 2026/2027,1. FSV Mainz 05 - SC Paderborn 07,2026-08-29T13:30:00+00:00,finished,1,0-0,SC Paderborn 07,Tom Baack,M,15,6.6,10,0,0,,0.0104224,0,0,0,8,7,0,0,0,0,0,0,1,2,0,1,1,1,0,0,0,0,0,1,0,0,0,0,0,0,0,2026-09-02T00:09:16.555387+00:00
Alemanha Bundesliga 2026/2027,RB Leipzig - Borussia M'gladbach,2026-08-29T13:30:00+00:00,finished,1,3-0,RB Leipzig,,,26,7.1,8,0,1,,0.170576,0,0,1,7,7,0,0,0,0,0,0,0,1,0,0,0,0,0,0,1,0,0,0,0,1,0,0,0,0,0,2026-09-02T00:09:16.251821+00:00
Alemanha Bundesliga 2026/2027,RB Leipzig - Borussia M'gladbach,2026-08-29T13:30:00+00:00,finished,1,3-0,RB Leipzig,,,14,6.5,7,0,0,0.2138,0.0138342,2,1,1,1,1,0,0,1,1,1,0,1,2,0,0,0,0,0,0,0,1,0,2,1,0,0,0,0,0,0,2026-09-02T00:09:16.251893+00:00
Alemanha Bundesliga 2026/2027,RB Leipzig - Borussia M'gladbach,2026-08-29T13:30:00+00:00,finished,1,3-0,RB Leipzig,Andrija Maksimović,M,0,,0,0,0,,,0,0,0,0,0,0,0,0,0,0,0,0,0,0,0,0,0,0,0,0,0,0,0,0,0,0,0,0,0,0,2026-09-02T00:09:16.251943+00:00
Alemanha Bundesliga 2026/2027,RB Leipzig - Borussia M'gladbach,2026-08-29T13:30:00+00:00,finished,1,3-0,RB Leipzig,Antonio Nusa,F,90,8.3,46,1,0,0.2432,0.135239,4,3,2,29,20,4,2,2,1,4,2,7,5,0,1,3,1,0,0,4,0,1,13,2,1,1,0,0,0,0,2026-09-02T00:09:16.251764+00:00
Alemanha Bundesliga 2026/2027,RB Leipzig - Borussia M'gladbach,2026-08-29T13:30:00+00:00,finished,1,3-0,RB Leipzig,Arthur Vermeeren,M,14,6.5,5,0,0,0.0278,2.249e-05,1,0,0,4,4,0,0,0,0,0,0,0,1,0,0,0,0,0,0,0,0,0,0,0,1,0,0,0,0,0,2026-09-02T00:09:16.251883+00:00
Alemanha Bundesliga 2026/2027,RB Leipzig - Borussia M'gladbach,2026-08-29T13:30:00+00:00,finished,1,3-0,RB Leipzig,Benjamin Henrichs,D,17,6.8,16,0,0,,4.669e-05,0,0,1,9,6,2,1,0,0,0,0,1,0,0,0,0,0,1,1,1,0,0,4,1,0,0,0,0,0,0,2026-09-02T00:09:16.251865+00:00
Alemanha Bundesliga 2026/2027,RB Leipzig - Borussia M'gladbach,2026-08-29T13:30:00+00:00,finished,1,3-0,RB Leipzig,Brajan Gruda,M,73,8.8,53,0,0,0.1698,0.79037,2,2,2,34,28,3,2,2,1,8,4,7,6,0,0,1,0,0,0,7,0,1,14,2,0,0,0,0,0,0,2026-09-02T00:09:16.251802+00:00
Alemanha Bundesliga 2026/2027,RB Leipzig - Borussia M'gladbach,2026-08-29T13:30:00+00:00,finished,1,3-0,RB Leipzig,Castello Lukeba,D,90,8.0,88,0,0,0.016,0.0339518,1,0,0,65,58,5,1,0,0,1,0,1,1,0,0,0,0,11,3,4,0,0,8,1,0,0,0,0,0,0,2026-09-02T00:09:16.251738+00:00
Alemanha Bundesliga 2026/2027,RB Leipzig - Borussia M'gladbach,2026-08-29T13:30:00+00:00,finished,1,3-0,Borussia M'gladbach,Daiki Hashioka,D,76,5.8,49,0,0,0.2189,0.00217694,1,0,0,33,25,5,2,1,0,0,0,1,2,0,0,0,0,6,0,1,0,1,11,1,1,0,0,0,3,0,2026-09-02T00:09:16.252003+00:00
Alemanha Bundesliga 2026/2027,RB Leipzig - Borussia M'gladbach,2026-08-29T13:30:00+00:00,finished,1,3-0,Borussia M'gladbach,Daniel Batz,G,0,,0,0,0,,,0,0,0,0,0,0,0,0,0,0,0,0,0,0,0,0,0,0,0,0,0,0,0,0,0,0,0,0,0,0,2026-09-02T00:09:16.252162+00:00
Alemanha Bundesliga 2026/2027,RB Leipzig - Borussia M'gladbach,2026-08-29T13:30:00+00:00,finished,1,3-0,Borussia M'gladbach,David Herold,D,26,6.6,25,0,0,,0.00613731,0,0,0,12,9,0,0,4,0,0,0,5,1,1,0,3,2,0,0,2,0,0,8,1,1,0,0,0,1,0,2026-09-02T00:09:16.252052+00:00
Alemanha Bundesliga 2026/2027,RB Leipzig - Borussia M'gladbach,2026-08-29T13:30:00+00:00,finished,1,3-0,RB Leipzig,David Raum,D,90,7.7,68,0,0,0.0342,0.687197,1,1,4,41,36,4,2,9,5,0,0,0,4,0,0,0,0,3,1,7,0,0,11,0,3,0,0,0,0,0,2026-09-02T00:09:16.251748+00:00
Alemanha Bundesliga 2026/2027,RB Leipzig - Borussia M'gladbach,2026-08-29T13:30:00+00:00,finished,1,3-0,Borussia M'gladbach,Enzo Leopold,M,0,,0,0,0,,,0,0,0,0,0,0,0,0,0,0,0,0,0,0,0,0,0,0,0,0,0,0,0,0,0,0,0,0,0,0,2026-09-02T00:09:16.252145+00:00
Alemanha Bundesliga 2026/2027,RB Leipzig - Borussia M'gladbach,2026-08-29T13:30:00+00:00,finished,1,3-0,RB Leipzig,Ezechiel Banzuzi,M,83,6.9,35,0,0,1.2634,0.0342818,4,1,1,20,19,2,2,0,0,1,0,5,4,1,1,2,1,1,0,3,0,0,4,2,2,0,0,0,0,0,2026-09-02T00:09:16.251774+00:00
Alemanha Bundesliga 2026/2027,RB Leipzig - Borussia M'gladbach,2026-08-29T13:30:00+00:00,finished,1,3-0,Borussia M'gladbach,Franck Honorat,M,26,6.8,24,0,0,0.0479,0.212541,2,2,6,14,14,2,2,4,3,1,0,0,1,0,0,0,0,0,0,4,0,0,4,0,0,0,0,0,1,0,2026-09-02T00:09:16.252061+00:00
Alemanha Bundesliga 2026/2027,RB Leipzig - Borussia M'gladbach,2026-08-29T13:30:00+00:00,finished,1,3-0,Borussia M'gladbach,Hugo Bolin,M,90,6.9,41,0,0,0.3304,0.0854727,4,2,1,22,19,0,0,2,0,1,0,6,1,0,0,4,1,0,1,5,2,0,9,2,0,0,0,0,3,0,2026-09-02T00:09:16.251986+00:00
Alemanha Bundesliga 2026/2027,RB Leipzig - Borussia M'gladbach,2026-08-29T13:30:00+00:00,finished,1,3-0,Borussia M'gladbach,Isac Lidberg,F,26,6.6,5,0,0,0.0954,7.53e-06,1,0,0,1,1,0,0,1,0,0,0,1,0,0,0,0,0,0,0,0,1,0,2,1,0,0,0,0,1,0,2026-09-02T00:09:16.252069+00:00
Alemanha Bundesliga 2026/2027,RB Leipzig - Borussia M'gladbach,2026-08-29T13:30:00+00:00,finished,1,3-0,Borussia M'gladbach,Jan Leszczyński,D,0,,0,0,0,,,0,0,0,0,0,0,0,0,0,0,0,0,0,0,0,0,0,0,0,0,0,0,0,0,0,0,0,0,0,0,2026-09-02T00:09:16.252153+00:00
Alemanha Bundesliga 2026/2027,RB Leipzig - Borussia M'gladbach,2026-08-29T13:30:00+00:00,finished,1,3-0,Borussia M'gladbach,Joe Scally,D,14,6.6,22,0,0,0.0264,0.00638502,1,0,0,14,12,0,0,3,0,0,0,0,1,0,0,0,0,0,0,1,0,0,7,0,0,0,0,0,0,0,2026-09-02T00:09:16.252089+00:00
Alemanha Bundesliga 2026/2027,RB Leipzig - Borussia M'gladbach,2026-08-29T13:30:00+00:00,finished,1,3-0,RB Leipzig,Johan Bakayoko,F,17,6.3,9,0,0,,3.086e-05,0,0,0,2,2,0,0,0,0,2,0,0,3,0,0,0,0,0,0,0,0,1,5,0,0,0,0,0,0,0,2026-09-02T00:09:16.251830+00:00
Alemanha Bundesliga 2026/2027,RB Leipzig - Borussia M'gladbach,2026-08-29T13:30:00+00:00,finished,1,3-0,Borussia M'gladbach,Kevin Diks,D,90,6.2,86,0,0,,0.0103235,0,0,0,79,73,7,1,0,0,0,0,3,0,0,0,2,1,3,0,4,0,0,6,1,0,0,0,0,3,0,2026-09-02T00:09:16.251970+00:00
Alemanha Bundesliga 2026/2027,RB Leipzig - Borussia M'gladbach,2026-08-29T13:30:00+00:00,finished,1,3-0,Borussia M'gladbach,Kevin Stöger,M,64,6.4,54,0,0,,0.0148869,0,0,0,43,33,2,0,1,0,0,0,2,3,0,0,1,1,2,0,2,0,0,12,1,2,0,0,0,2,0,2026-09-02T00:09:16.252011+00:00
Alemanha Bundesliga 2026/2027,RB Leipzig - Borussia M'gladbach,2026-08-29T13:30:00+00:00,finished,1,3-0,Borussia M'gladbach,Ko Itakura,D,90,6.1,71,0,0,0.0603,0.119049,1,0,0,58,50,5,0,1,1,0,0,3,4,2,2,0,0,3,1,3,1,2,10,1,0,0,0,0,3,0,2026-09-02T00:09:16.251961+00:00
Alemanha Bundesliga 2026/2027,RB Leipzig - Borussia M'gladbach,2026-08-29T13:30:00+00:00,finished,1,3-0,RB Leipzig,Leopold Zingerle,G,0,,0,0,0,,,0,0,0,0,0,0,0,0,0,0,0,0,0,0,0,0,0,0,0,0,0,0,0,0,0,0,0,0,0,0,2026-09-02T00:09:16.251922+00:00
Alemanha Bundesliga 2026/2027,RB Leipzig - Borussia M'gladbach,2026-08-29T13:30:00+00:00,finished,1,3-0,Borussia M'gladbach,Lukas Ullrich,D,64,6.3,31,0,0,0.041,0.125687,1,0,0,17,14,1,0,1,1,2,1,3,4,0,0,2,1,1,1,2,1,0,4,0,2,0,0,0,2,0,2026-09-02T00:09:16.252019+00:00
Alemanha Bundesliga 2026/2027,RB Leipzig - Borussia M'gladbach,2026-08-29T13:30:00+00:00,finished,1,3-0,RB Leipzig,Maarten Vandevoordt,G,90,8.1,52,0,0,,0.00097129,0,0,0,40,35,9,4,0,0,0,0,0,0,0,0,0,0,3,0,7,0,0,5,0,0,0,0,4,0,1,2026-09-02T00:09:16.251683+00:00
Alemanha Bundesliga 2026/2027,RB Leipzig - Borussia M'gladbach,2026-08-29T13:30:00+00:00,finished,1,3-0,Borussia M'gladbach,Mathieu Nguefack ,M,26,6.8,22,0,0,,0.03169,0,0,1,20,19,2,2,0,0,1,1,2,0,0,0,0,0,0,0,4,0,0,1,1,0,0,0,0,1,0,2026-09-02T00:09:16.252044+00:00
Alemanha Bundesliga 2026/2027,RB Leipzig - Borussia M'gladbach,2026-08-29T13:30:00+00:00,finished,1,3-0,RB Leipzig,Max Finkgräfe,D,0,,0,0,0,,,0,0,0,0,0,0,0,0,0,0,0,0,0,0,0,0,0,0,0,0,0,0,0,0,0,0,0,0,0,0,2026-09-02T00:09:16.251934+00:00
Alemanha Bundesliga 2026/2027,RB Leipzig - Borussia M'gladbach,2026-08-29T13:30:00+00:00,finished,1,3-0,RB Leipzig,Maxime Estève,D,0,,0,0,0,,,0,0,0,0,0,0,0,0,0,0,0,0,0,0,0,0,0,0,0,0,0,0,0,0,0,0,0,0,0,0,2026-09-02T00:09:16.251903+00:00
Alemanha Bundesliga 2026/2027,RB Leipzig - Borussia M'gladbach,2026-08-29T13:30:00+00:00,finished,1,3-0,Borussia M'gladbach,Moritz Nicolas,G,90,8.7,54,0,0,,0.00020942,0,0,0,38,30,14,6,0,0,0,0,0,0,0,0,0,0,0,0,10,0,0,8,0,0,0,0,8,3,0,2026-09-02T00:09:16.251952+00:00
Alemanha Bundesliga 2026/2027,RB Leipzig - Borussia M'gladbach,2026-08-29T13:30:00+00:00,finished,1,3-0,RB Leipzig,Nicolas Seiwald,M,90,7.0,44,0,0,,0.014124,0,0,0,32,27,3,1,0,0,0,0,3,2,0,1,3,2,2,2,6,0,0,5,0,1,0,0,0,0,0,2026-09-02T00:09:16.251756+00:00
Alemanha Bundesliga 2026/2027,RB Leipzig - Borussia M'gladbach,2026-08-29T13:30:00+00:00,finished,1,3-0,Borussia M'gladbach,Philipp Sander,D,90,6.8,85,0,0,0.0326,0.306639,2,0,1,65,63,4,4,2,0,2,0,4,8,0,0,4,3,2,0,8,0,0,8,0,3,0,0,0,3,0,2026-09-02T00:09:16.251978+00:00
Alemanha Bundesliga 2026/2027,RB Leipzig - Borussia M'gladbach,2026-08-29T13:30:00+00:00,finished,1,3-0,RB Leipzig,Ridle Baku,D,73,8.2,75,1,0,0.4998,0.018177,2,1,0,47,34,9,4,0,0,3,1,5,3,0,1,3,1,1,1,4,0,0,18,1,0,0,0,0,0,0,2026-09-02T00:09:16.251792+00:00
Alemanha Bundesliga 2026/2027,RB Leipzig - Borussia M'gladbach,2026-08-29T13:30:00+00:00,finished,1,3-0,Borussia M'gladbach,Robin Hack,M,64,6.2,36,0,0,0.04,0.029408,1,0,1,23,16,2,0,1,0,2,0,1,3,0,0,1,1,1,1,3,1,0,11,0,0,0,0,0,2,0,2026-09-02T00:09:16.252036+00:00
Alemanha Bundesliga 2026/2027,RB Leipzig - Borussia M'gladbach,2026-08-29T13:30:00+00:00,finished,1,3-0,RB Leipzig,Rocco Reitz,M,83,8.0,41,1,0,0.4653,0.112636,2,1,3,26,19,5,2,1,0,2,1,3,3,0,0,0,0,2,0,2,1,1,11,2,1,0,0,0,0,0,2026-09-02T00:09:16.251783+00:00
Alemanha Bundesliga 2026/2027,RB Leipzig - Borussia M'gladbach,2026-08-29T13:30:00+00:00,finished,1,3-0,Borussia M'gladbach,Shuto Machino,F,0,,0,0,0,,,0,0,0,0,0,0,0,0,0,0,0,0,0,0,0,0,0,0,0,0,0,0,0,0,0,0,0,0,0,0,2026-09-02T00:09:16.252130+00:00
Alemanha Bundesliga 2026/2027,RB Leipzig - Borussia M'gladbach,2026-08-29T13:30:00+00:00,finished,1,3-0,RB Leipzig,Tidiam Gomis,M,64,6.6,31,0,2,0.6829,0.0291521,4,0,2,16,14,1,1,1,1,1,0,1,2,0,1,1,1,0,0,1,2,0,9,0,0,0,0,0,0,0,2026-09-02T00:09:16.251812+00:00
Alemanha Bundesliga 2026/2027,RB Leipzig - Borussia M'gladbach,2026-08-29T13:30:00+00:00,finished,1,3-0,Borussia M'gladbach,Tim Kleindienst,F,90,6.4,30,0,0,0.0778,0.0220056,1,0,1,15,12,2,2,1,0,0,0,5,7,3,5,2,0,0,0,0,0,0,9,0,2,0,0,0,3,0,2026-09-02T00:09:16.251995+00:00
Alemanha Bundesliga 2026/2027,RB Leipzig - Borussia M'gladbach,2026-08-29T13:30:00+00:00,finished,1,3-0,Borussia M'gladbach,Wael Mohya,M,64,6.5,36,0,0,,0.0895948,0,0,1,21,19,0,0,0,0,3,1,3,5,1,0,0,0,1,0,3,0,1,10,1,2,0,0,0,2,0,2026-09-02T00:09:16.252028+00:00
Alemanha Bundesliga 2026/2027,RB Leipzig - Borussia M'gladbach,2026-08-29T13:30:00+00:00,finished,1,3-0,RB Leipzig,Willi Orbán,D,90,7.9,72,0,0,0.9793,0.00620586,2,1,0,57,50,4,3,0,0,0,0,7,2,6,2,0,0,7,0,0,0,0,8,1,0,0,0,0,0,0,2026-09-02T00:09:16.251727+00:00
Alemanha Bundesliga 2026/2027,SV 07 Elversberg - Bayer 04 Leverkusen,2026-08-29T13:30:00+00:00,finished,1,3-2,Bayer 04 Leverkusen,,,0,,0,0,0,,,0,0,0,0,0,0,0,0,0,0,0,0,0,0,0,0,0,0,0,0,0,0,0,0,0,0,0,0,0,0,2026-09-02T00:09:15.941786+00:00
Alemanha Bundesliga 2026/2027,SV 07 Elversberg - Bayer 04 Leverkusen,2026-08-29T13:30:00+00:00,finished,1,3-2,Bayer 04 Leverkusen,,,0,,0,0,0,,,0,0,0,0,0,0,0,0,0,0,0,0,0,0,0,0,0,0,0,0,0,0,0,0,0,0,0,0,0,0,2026-09-02T00:09:15.941802+00:00
Alemanha Bundesliga 2026/2027,SV 07 Elversberg - Bayer 04 Leverkusen,2026-08-29T13:30:00+00:00,finished,1,3-2,Bayer 04 Leverkusen,Afonso Moreira,F,85,6.2,40,0,0,0.2618,0.0627589,2,0,0,23,18,0,0,3,0,2,1,5,8,0,4,0,0,0,0,0,0,1,13,4,2,0,0,0,3,0,2026-09-02T00:09:15.941707+00:00
Alemanha Bundesliga 2026/2027,SV 07 Elversberg - Bayer 04 Leverkusen,2026-08-29T13:30:00+00:00,finished,1,3-2,Bayer 04 Leverkusen,Aleix García,M,90,7.0,108,0,0,0.0569,0.148206,2,0,1,97,91,3,1,3,2,0,0,2,1,1,0,1,0,1,1,6,2,0,8,0,0,0,0,0,3,0,2026-09-02T00:09:15.941624+00:00
Alemanha Bundesliga 2026/2027,SV 07 Elversberg - Bayer 04 Leverkusen,2026-08-29T13:30:00+00:00,finished,1,3-2,SV 07 Elversberg,Amara Condé,M,0,,0,0,0,,,0,0,0,0,0,0,0,0,0,0,0,0,0,0,0,0,0,0,0,0,0,0,0,0,0,0,0,0,0,0,2026-09-02T00:09:15.941973+00:00
Alemanha Bundesliga 2026/2027,SV 07 Elversberg - Bayer 04 Leverkusen,2026-08-29T13:30:00+00:00,finished,1,3-2,Bayer 04 Leverkusen,Christian Kofane,F,35,6.7,12,1,0,0.3644,0.0799573,2,1,0,7,7,0,0,0,0,0,0,1,3,1,0,0,0,0,0,0,0,1,2,0,2,0,0,0,0,0,2026-09-02T00:09:15.941764+00:00
Alemanha Bundesliga 2026/2027,SV 07 Elversberg - Bayer 04 Leverkusen,2026-08-29T13:30:00+00:00,finished,1,3-2,SV 07 Elversberg,Cole Campbell,F,65,7.8,21,1,0,0.2828,0.0418731,3,3,0,8,7,0,0,1,0,2,1,3,4,0,0,0,0,0,0,4,0,0,7,2,2,1,0,0,0,0,2026-09-02T00:09:15.941927+00:00
Alemanha Bundesliga 2026/2027,SV 07 Elversberg - Bayer 04 Leverkusen,2026-08-29T13:30:00+00:00,finished,1,3-2,SV 07 Elversberg,David Mokwa,F,75,7.5,16,1,0,0.5201,0.0640781,2,1,1,8,6,0,0,0,0,0,0,0,3,0,2,0,0,1,0,0,0,1,5,0,0,0,0,0,0,0,2026-09-02T00:09:15.941911+00:00
Alemanha Bundesliga 2026/2027,SV 07 Elversberg - Bayer 04 Leverkusen,2026-08-29T13:30:00+00:00,finished,1,3-2,Bayer 04 Leverkusen,Edmond Tapsoba,D,90,5.8,87,0,0,,0.0231377,0,0,0,76,69,4,2,0,0,0,0,5,0,2,0,2,2,5,0,9,0,0,8,1,0,0,0,0,3,0,2026-09-02T00:09:15.941665+00:00
Alemanha Bundesliga 2026/2027,SV 07 Elversberg - Bayer 04 Leverkusen,2026-08-29T13:30:00+00:00,finished,1,3-2,Bayer 04 Leverkusen,Ezequiel Fernández,M,55,6.7,57,0,0,0.0724,0.114453,1,0,1,46,43,2,1,1,0,3,1,4,5,0,0,1,1,0,1,6,1,1,7,2,0,0,0,0,3,0,2026-09-02T00:09:15.941724+00:00
Alemanha Bundesliga 2026/2027,SV 07 Elversberg - Bayer 04 Leverkusen,2026-08-29T13:30:00+00:00,finished,1,3-2,Bayer 04 Leverkusen,Facundo Medina,D,35,6.9,52,0,0,,0.0291708,0,0,0,48,44,4,1,0,0,0,0,1,1,0,0,0,0,0,1,4,0,0,4,1,1,1,0,0,0,0,2026-09-02T00:09:15.941756+00:00
Alemanha Bundesliga 2026/2027,SV 07 Elversberg - Bayer 04 Leverkusen,2026-08-29T13:30:00+00:00,finished,1,3-2,SV 07 Elversberg,Felix Keidel,D,90,6.6,41,0,0,0.0596,0.0229438,1,0,0,26,23,3,3,5,0,0,0,1,5,0,1,1,1,2,1,5,1,0,8,0,3,0,0,0,2,0,2026-09-02T00:09:15.941885+00:00
Alemanha Bundesliga 2026/2027,SV 07 Elversberg - Bayer 04 Leverkusen,2026-08-29T13:30:00+00:00,finished,1,3-2,SV 07 Elversberg,Florian Yves Le Joncour,D,8,6.3,9,0,0,,0.00056185,0,0,0,8,8,0,0,0,0,0,0,1,1,1,1,0,0,1,0,0,0,0,0,0,0,0,0,0,1,0,2026-09-02T00:09:15.941965+00:00
Alemanha Bundesliga 2026/2027,SV 07 Elversberg - Bayer 04 Leverkusen,2026-08-29T13:30:00+00:00,finished,1,3-2,SV 07 Elversberg,Francis Onyeka,M,65,7.0,24,0,1,0.0874,0.0568132,1,1,2,11,6,1,1,1,1,2,2,5,4,1,0,1,1,0,1,3,0,2,9,1,1,0,0,0,0,0,2026-09-02T00:09:15.941919+00:00
Alemanha Bundesliga 2026/2027,SV 07 Elversberg - Bayer 04 Leverkusen,2026-08-29T13:30:00+00:00,finished,1,3-2,Bayer 04 Leverkusen,Ibrahim Maza,F,90,7.1,58,0,1,0.1643,0.692854,3,0,4,37,27,4,2,6,4,3,1,6,8,1,1,2,1,0,0,3,0,2,17,2,3,1,0,0,3,0,2026-09-02T00:09:15.941692+00:00
Alemanha Bundesliga 2026/2027,SV 07 Elversberg - Bayer 04 Leverkusen,2026-08-29T13:30:00+00:00,finished,1,3-2,SV 07 Elversberg,Jan Gyamerah,D,75,7.3,40,0,0,,0.000937,0,0,0,22,16,3,1,2,0,1,1,7,2,1,0,3,2,0,2,6,0,0,10,2,2,0,0,0,0,0,2026-09-02T00:09:15.941903+00:00
Alemanha Bundesliga 2026/2027,SV 07 Elversberg - Bayer 04 Leverkusen,2026-08-29T13:30:00+00:00,finished,1,3-2,Bayer 04 Leverkusen,Janis Blaswich,G,0,,0,0,0,,,0,0,0,0,0,0,0,0,0,0,0,0,0,0,0,0,0,0,0,0,0,0,0,0,0,0,0,0,0,0,2026-09-02T00:09:15.941795+00:00
Alemanha Bundesliga 2026/2027,SV 07 Elversberg - Bayer 04 Leverkusen,2026-08-29T13:30:00+00:00,finished,1,3-2,Bayer 04 Leverkusen,Jarell Quansah,D,35,7.1,29,0,0,,0.362191,0,0,3,18,16,3,1,4,3,0,0,0,1,0,0,0,0,1,0,1,0,0,3,0,1,0,0,0,0,0,2026-09-02T00:09:15.941749+00:00
Alemanha Bundesliga 2026/2027,SV 07 Elversberg - Bayer 04 Leverkusen,2026-08-29T13:30:00+00:00,finished,1,3-2,Bayer 04 Leverkusen,Jonas Hofmann,F,25,6.7,22,0,0,0.0205,0.0515421,1,1,2,20,16,0,0,0,0,0,0,0,0,0,0,0,0,0,0,0,0,0,4,0,0,0,0,0,0,0,2026-09-02T00:09:15.941771+00:00
Alemanha Bundesliga 2026/2027,SV 07 Elversberg - Bayer 04 Leverkusen,2026-08-29T13:30:00+00:00,finished,1,3-2,SV 07 Elversberg,Lasse Günther,D,90,6.7,46,0,0,,0.0156145,0,0,1,25,15,2,0,0,0,2,1,5,1,2,0,1,1,5,0,4,0,0,15,2,0,0,0,0,2,0,2026-09-02T00:09:15.941874+00:00
Alemanha Bundesliga 2026/2027,SV 07 Elversberg - Bayer 04 Leverkusen,2026-08-29T13:30:00+00:00,finished,1,3-2,Bayer 04 Leverkusen,Loïc Badé,D,55,6.5,56,0,0,0.0788,0.00349286,1,0,0,45,41,2,0,0,0,0,0,4,1,2,0,1,1,4,4,4,0,0,4,1,1,0,0,0,3,0,2026-09-02T00:09:15.941741+00:00
Alemanha Bundesliga 2026/2027,SV 07 Elversberg - Bayer 04 Leverkusen,2026-08-29T13:30:00+00:00,finished,1,3-2,SV 07 Elversberg,Luca Schnellbacher,F,15,6.4,11,0,0,,0.00115944,0,0,0,9,7,1,0,0,0,0,0,1,0,1,0,0,0,0,1,1,0,0,3,0,1,0,0,0,2,0,2026-09-02T00:09:15.941958+00:00
Alemanha Bundesliga 2026/2027,SV 07 Elversberg - Bayer 04 Leverkusen,2026-08-29T13:30:00+00:00,finished,1,3-2,SV 07 Elversberg,Luca Sirch,D,15,6.0,13,0,0,,0.00358899,0,0,0,6,3,2,0,3,1,0,0,1,0,0,0,0,0,1,0,0,0,0,5,1,0,0,0,0,2,0,2026-09-02T00:09:15.941950+00:00
Alemanha Bundesliga 2026/2027,SV 07 Elversberg - Bayer 04 Leverkusen,2026-08-29T13:30:00+00:00,finished,1,3-2,Bayer 04 Leverkusen,Lucas Vázquez,M,55,5.7,35,0,0,,0.0089376,0,0,0,22,20,3,2,3,0,0,0,2,6,0,2,1,1,2,0,3,0,1,7,1,2,0,0,0,3,0,2026-09-02T00:09:15.941733+00:00
Alemanha Bundesliga 2026/2027,SV 07 Elversberg - Bayer 04 Leverkusen,2026-08-29T13:30:00+00:00,finished,1,3-2,SV 07 Elversberg,Lukas Finn Pinckert,D,90,6.7,45,0,0,,0.00214494,0,0,0,29,22,5,1,0,0,0,0,4,2,2,1,1,1,9,3,2,0,0,7,1,1,0,0,0,2,0,2026-09-02T00:09:15.941834+00:00
Alemanha Bundesliga 2026/2027,SV 07 Elversberg - Bayer 04 Leverkusen,2026-08-29T13:30:00+00:00,finished,1,3-2,SV 07 Elversberg,Lukas Petkov,M,90,8.2,44,1,1,0.0935,0.467265,2,1,2,20,12,1,1,1,1,3,0,5,12,0,3,3,2,1,1,10,1,2,15,2,3,0,0,0,2,0,2026-09-02T00:09:15.941826+00:00
Alemanha Bundesliga 2026/2027,SV 07 Elversberg - Bayer 04 Leverkusen,2026-08-29T13:30:00+00:00,finished,1,3-2,Bayer 04 Leverkusen,Malik Tillman,M,65,6.9,48,0,0,0.0416,0.069593,1,0,0,31,27,0,0,1,0,0,0,5,1,0,0,2,0,0,3,4,1,0,5,3,1,0,0,0,3,0,2026-09-02T00:09:15.941715+00:00
Alemanha Bundesliga 2026/2027,SV 07 Elversberg - Bayer 04 Leverkusen,2026-08-29T13:30:00+00:00,finished,1,3-2,Bayer 04 Leverkusen,Mark Flekken,G,90,5.9,33,0,0,,0.00477169,0,0,0,21,15,10,4,0,0,0,0,0,0,0,0,0,0,0,0,10,0,0,6,0,0,0,0,3,3,0,2026-09-02T00:09:15.941699+00:00
Alemanha Bundesliga 2026/2027,SV 07 Elversberg - Bayer 04 Leverkusen,2026-08-29T13:30:00+00:00,finished,1,3-2,SV 07 Elversberg,Maurice Krattenmacher,M,25,6.3,9,0,0,0.021,0.0128799,1,0,0,4,3,0,0,0,0,1,0,1,2,0,0,0,0,0,0,1,0,0,2,1,1,0,0,0,2,0,2026-09-02T00:09:15.941935+00:00
Alemanha Bundesliga 2026/2027,SV 07 Elversberg - Bayer 04 Leverkusen,2026-08-29T13:30:00+00:00,finished,1,3-2,SV 07 Elversberg,Maximilian Rohr,D,82,6.4,47,0,0,0.0568,0.00309985,1,0,0,34,28,4,0,0,0,0,0,2,4,1,2,0,0,6,3,2,0,0,6,1,2,1,0,0,1,0,2026-09-02T00:09:15.941894+00:00
Alemanha Bundesliga 2026/2027,SV 07 Elversberg - Bayer 04 Leverkusen,2026-08-29T13:30:00+00:00,finished,1,3-2,Bayer 04 Leverkusen,Miguel Gutiérrez,D,90,6.8,98,0,0,,0.547039,0,0,4,67,61,2,0,17,3,1,1,4,1,1,0,2,1,1,1,6,0,0,21,0,1,0,0,0,3,0,2026-09-02T00:09:15.941675+00:00
Alemanha Bundesliga 2026/2027,SV 07 Elversberg - Bayer 04 Leverkusen,2026-08-29T13:30:00+00:00,finished,1,3-2,SV 07 Elversberg,Nicholas Mickelson,D,0,,0,0,0,,,0,0,0,0,0,0,0,0,0,0,0,0,0,0,0,0,0,0,0,0,0,0,0,0,0,0,0,0,0,0,2026-09-02T00:09:15.941990+00:00
Alemanha Bundesliga 2026/2027,SV 07 Elversberg - Bayer 04 Leverkusen,2026-08-29T13:30:00+00:00,finished,1,3-2,SV 07 Elversberg,Nicolas Kristof,G,90,7.3,61,0,0,,0.00422186,0,0,0,52,32,30,10,0,0,0,0,0,0,0,0,0,0,1,0,9,0,0,21,0,0,1,0,2,2,1,2026-09-02T00:09:15.941818+00:00
Alemanha Bundesliga 2026/2027,SV 07 Elversberg - Bayer 04 Leverkusen,2026-08-29T13:30:00+00:00,finished,1,3-2,SV 07 Elversberg,Noah Darvich,M,25,6.3,12,0,0,,0.00606884,0,0,0,6,5,0,0,0,0,1,0,1,2,1,0,0,0,0,0,1,0,0,5,0,0,0,0,0,2,0,2026-09-02T00:09:15.941942+00:00
Alemanha Bundesliga 2026/2027,SV 07 Elversberg - Bayer 04 Leverkusen,2026-08-29T13:30:00+00:00,finished,1,3-2,SV 07 Elversberg,Noel Futkeu,F,0,,0,0,0,,,0,0,0,0,0,0,0,0,0,0,0,0,0,0,0,0,0,0,0,0,0,0,0,0,0,0,0,0,0,0,2026-09-02T00:09:15.941998+00:00
Alemanha Bundesliga 2026/2027,SV 07 Elversberg - Bayer 04 Leverkusen,2026-08-29T13:30:00+00:00,finished,1,3-2,Bayer 04 Leverkusen,Patrik Schick,F,90,6.4,35,1,0,0.7607,0.123477,5,1,1,22,17,1,1,0,0,2,1,5,4,2,2,0,0,0,0,2,0,0,7,2,1,0,0,0,3,0,2026-09-02T00:09:15.941684+00:00
Alemanha Bundesliga 2026/2027,SV 07 Elversberg - Bayer 04 Leverkusen,2026-08-29T13:30:00+00:00,finished,1,3-2,Bayer 04 Leverkusen,Robert Andrich,D,0,,0,0,0,,,0,0,0,0,0,0,0,0,0,0,0,0,0,0,0,0,0,0,0,0,0,0,0,0,0,0,0,0,0,0,2026-09-02T00:09:15.941810+00:00
Alemanha Bundesliga 2026/2027,SV 07 Elversberg - Bayer 04 Leverkusen,2026-08-29T13:30:00+00:00,finished,1,3-2,SV 07 Elversberg,Tim Boss,G,0,,0,0,0,,,0,0,0,0,0,0,0,0,0,0,0,0,0,0,0,0,0,0,0,0,0,0,0,0,0,0,0,0,0,0,2026-09-02T00:09:15.941982+00:00
Alemanha Bundesliga 2026/2027,SV 07 Elversberg - Bayer 04 Leverkusen,2026-08-29T13:30:00+00:00,finished,1,3-2,Bayer 04 Leverkusen,Victor Okoh Boniface,F,12,6.4,6,0,0,0.194,0.20511,3,1,1,3,1,1,0,0,0,0,0,1,1,1,1,0,0,0,0,0,0,0,2,0,0,0,0,0,0,0,2026-09-02T00:09:15.941779+00:00
Alemanha Bundesliga 2026/2027,SV 07 Elversberg - Bayer 04 Leverkusen,2026-08-29T13:30:00+00:00,finished,1,3-2,SV 07 Elversberg,Łukasz Poręba,M,90,6.8,36,0,0,,0.00954053,0,0,1,21,19,0,0,0,0,0,0,4,3,0,1,2,1,5,0,1,0,0,5,2,2,0,0,0,2,0,2026-09-02T00:09:15.941858+00:00
Alemanha Bundesliga 2026/2027,Borussia Dortmund - Hamburger SV,2026-08-29T16:30:00+00:00,finished,1,2-0,Borussia Dortmund,,,54,6.8,40,0,0,0.2875,0.168053,2,0,2,26,21,2,1,0,0,4,1,3,6,0,0,1,1,0,2,4,0,1,10,1,1,0,0,0,0,0,2026-09-02T00:09:17.621951+00:00
Alemanha Bundesliga 2026/2027,Borussia Dortmund - Hamburger SV,2026-08-29T16:30:00+00:00,finished,1,2-0,Hamburger SV,,,1,,7,0,0,0.0501,0.00300389,1,0,1,3,2,1,1,1,1,0,0,0,0,0,0,0,0,0,0,1,0,0,2,0,0,0,0,0,0,0,2026-09-02T00:09:17.622261+00:00
Alemanha Bundesliga 2026/2027,Borussia Dortmund - Hamburger SV,2026-08-29T16:30:00+00:00,finished,1,2-0,Hamburger SV,Albert Grønbæk,M,90,6.8,47,0,0,0.0416,0.00988276,2,2,0,24,18,1,0,4,0,4,2,6,4,0,0,0,0,0,1,3,0,1,17,4,0,0,0,0,2,0,2026-09-02T00:09:17.622150+00:00
Alemanha Bundesliga 2026/2027,Borussia Dortmund - Hamburger SV,2026-08-29T16:30:00+00:00,finished,1,2-0,Hamburger SV,Albert Sambi Lokonga,M,90,6.9,83,0,0,0.0454,0.205973,1,0,2,65,57,2,1,1,1,1,1,6,4,0,0,2,1,1,0,3,0,2,11,3,2,1,0,0,2,0,2026-09-02T00:09:17.622094+00:00
Alemanha Bundesliga 2026/2027,Borussia Dortmund - Hamburger SV,2026-08-29T16:30:00+00:00,finished,1,2-0,Borussia Dortmund,Alexander Meyer,G,0,,0,0,0,,,0,0,0,0,0,0,0,0,0,0,0,0,0,0,0,0,0,0,0,0,0,0,0,0,0,0,0,0,0,0,2026-09-02T00:09:17.622052+00:00
Alemanha Bundesliga 2026/2027,Borussia Dortmund - Hamburger SV,2026-08-29T16:30:00+00:00,finished,1,2-0,Hamburger SV,Bakery Jatta,M,82,6.6,56,0,0,,0.0422463,0,0,0,36,31,0,0,0,0,1,0,4,5,1,1,2,1,3,1,6,0,1,9,1,2,0,0,0,2,0,2026-09-02T00:09:17.622185+00:00
Alemanha Bundesliga 2026/2027,Borussia Dortmund - Hamburger SV,2026-08-29T16:30:00+00:00,finished,1,2-0,Hamburger SV,Bilal Nadir,M,8,6.5,8,0,0,,0.0151611,0,0,0,4,4,0,0,0,0,0,0,0,2,0,0,0,0,1,0,0,0,0,1,0,0,0,0,0,0,0,2026-09-02T00:09:17.622242+00:00
Alemanha Bundesliga 2026/2027,Borussia Dortmund - Hamburger SV,2026-08-29T16:30:00+00:00,finished,1,2-0,Hamburger SV,Daniel Elfadli,D,0,,0,0,0,,,0,0,0,0,0,0,0,0,0,0,0,0,0,0,0,0,0,0,0,0,0,0,0,0,0,0,0,0,0,0,2026-09-02T00:09:17.622305+00:00
Alemanha Bundesliga 2026/2027,Borussia Dortmund - Hamburger SV,2026-08-29T16:30:00+00:00,finished,1,2-0,Hamburger SV,Daniel Fernandes,G,90,8.4,80,0,0,,0.00505512,0,0,0,69,56,20,8,0,0,0,0,0,0,0,0,0,0,0,0,8,0,0,13,0,0,0,0,5,2,0,2026-09-02T00:09:17.622063+00:00
Alemanha Bundesliga 2026/2027,Borussia Dortmund - Hamburger SV,2026-08-29T16:30:00+00:00,finished,1,2-0,Borussia Dortmund,Daniel Svensson,M,90,7.7,97,0,0,,0.0474871,0,0,0,72,69,2,1,2,0,1,0,6,5,2,2,2,2,8,3,6,0,0,10,2,2,1,0,0,0,0,2026-09-02T00:09:17.621894+00:00
Alemanha Bundesliga 2026/2027,Borussia Dortmund - Hamburger SV,2026-08-29T16:30:00+00:00,finished,1,2-0,Borussia Dortmund,Felix Nmecha,M,74,6.9,60,0,0,0.0829,0.0440833,2,1,1,48,42,1,1,0,0,1,0,2,3,1,0,1,0,1,1,2,0,0,8,0,1,0,0,0,0,0,2026-09-02T00:09:17.621928+00:00
Alemanha Bundesliga 2026/2027,Borussia Dortmund - Hamburger SV,2026-08-29T16:30:00+00:00,finished,1,2-0,Borussia Dortmund,Filippo Mané,D,16,6.6,4,0,0,,9.7e-06,0,0,0,1,1,0,0,0,0,0,0,1,2,0,1,0,0,0,0,0,0,0,1,1,1,0,0,0,0,0,2026-09-02T00:09:17.621987+00:00
Alemanha Bundesliga 2026/2027,Borussia Dortmund - Hamburger SV,2026-08-29T16:30:00+00:00,finished,1,2-0,Borussia Dortmund,Fábio Silva,F,0,,0,0,0,,,0,0,0,0,0,0,0,0,0,0,0,0,0,0,0,0,0,0,0,0,0,0,0,0,0,0,0,0,0,0,2026-09-02T00:09:17.622020+00:00
Alemanha Bundesliga 2026/2027,Borussia Dortmund - Hamburger SV,2026-08-29T16:30:00+00:00,finished,1,2-0,Borussia Dortmund,Gregor Kobel,G,90,7.2,33,0,0,,0.00120467,0,0,0,25,17,14,6,0,0,0,0,2,0,2,0,0,0,1,0,5,0,0,8,0,0,0,0,3,0,1,2026-09-02T00:09:17.621819+00:00
Alemanha Bundesliga 2026/2027,Borussia Dortmund - Hamburger SV,2026-08-29T16:30:00+00:00,finished,1,2-0,Borussia Dortmund,Joane Gadou,D,90,7.3,80,0,0,,0.035143,0,0,0,69,67,3,2,0,0,0,0,2,2,1,1,1,1,2,1,0,0,0,5,0,1,0,0,0,0,0,2026-09-02T00:09:17.621831+00:00
Alemanha Bundesliga 2026/2027,Borussia Dortmund - Hamburger SV,2026-08-29T16:30:00+00:00,finished,1,2-0,Borussia Dortmund,Jobe Bellingham,M,90,7.2,74,0,0,0.0309,0.0916762,1,0,3,55,49,5,2,3,1,2,1,6,3,0,0,4,3,2,2,7,0,0,11,1,2,0,0,0,0,0,2026-09-02T00:09:17.621763+00:00
Alemanha Bundesliga 2026/2027,Borussia Dortmund - Hamburger SV,2026-08-29T16:30:00+00:00,finished,1,2-0,Borussia Dortmund,Joey Veerman,M,16,6.5,7,0,0,0.0817,0.0027026,1,0,0,6,6,0,0,0,0,0,0,0,0,0,0,0,0,0,0,0,0,0,0,0,0,0,0,0,0,0,2026-09-02T00:09:17.621973+00:00
Alemanha Bundesliga 2026/2027,Borussia Dortmund - Hamburger SV,2026-08-29T16:30:00+00:00,finished,1,2-0,Hamburger SV,Jordan Torunarigha,D,82,5.9,45,0,0,,0.00338707,0,0,0,36,29,7,3,0,0,0,0,1,5,0,0,1,0,4,1,1,0,0,7,0,4,0,0,0,2,0,2026-09-02T00:09:17.622174+00:00
Alemanha Bundesliga 2026/2027,Borussia Dortmund - Hamburger SV,2026-08-29T16:30:00+00:00,finished,1,2-0,Borussia Dortmund,Julian Ryerson,M,74,7.2,54,0,0,,0.130678,0,0,1,29,27,1,1,4,2,2,1,5,3,0,0,1,1,0,0,4,0,1,8,3,2,1,0,0,0,0,2026-09-02T00:09:17.621920+00:00
Alemanha Bundesliga 2026/2027,Borussia Dortmund - Hamburger SV,2026-08-29T16:30:00+00:00,finished,1,2-0,Borussia Dortmund,Kauã Prates,D,11,6.9,7,0,0,0.0554,0.00087642,1,0,0,0,0,0,0,0,0,1,1,3,0,0,0,2,1,0,0,0,0,0,1,0,0,0,0,0,0,0,2026-09-02T00:09:17.621998+00:00
Alemanha Bundesliga 2026/2027,Borussia Dortmund - Hamburger SV,2026-08-29T16:30:00+00:00,finished,1,2-0,Hamburger SV,Kofi Jeremy Amoako,M,0,,0,0,0,,,0,0,0,0,0,0,0,0,0,0,0,0,0,0,0,0,0,0,0,0,0,0,0,0,0,0,0,0,0,0,2026-09-02T00:09:17.622283+00:00
Alemanha Bundesliga 2026/2027,Borussia Dortmund - Hamburger SV,2026-08-29T16:30:00+00:00,finished,1,2-0,Borussia Dortmund,Konstantinos Karetsas,M,74,8.0,72,0,1,0.4428,0.136688,6,3,3,47,39,1,1,5,1,6,4,7,3,0,0,1,0,0,0,4,2,0,17,2,0,0,0,0,0,0,2026-09-02T00:09:17.621940+00:00
Alemanha Bundesliga 2026/2027,Borussia Dortmund - Hamburger SV,2026-08-29T16:30:00+00:00,finished,1,2-0,Hamburger SV,Louis Lemke,D,89,6.0,45,0,0,,0.0545581,0,0,1,13,7,1,0,3,0,3,1,3,9,0,0,2,2,0,3,5,0,2,19,0,3,0,0,0,2,0,2026-09-02T00:09:17.622163+00:00
Alemanha Bundesliga 2026/2027,Borussia Dortmund - Hamburger SV,2026-08-29T16:30:00+00:00,finished,1,2-0,Borussia Dortmund,Luca Reggiani,D,0,,0,0,0,,,0,0,0,0,0,0,0,0,0,0,0,0,0,0,0,0,0,0,0,0,0,0,0,0,0,0,0,0,0,0,2026-09-02T00:09:17.622031+00:00
Alemanha Bundesliga 2026/2027,Borussia Dortmund - Hamburger SV,2026-08-29T16:30:00+00:00,finished,1,2-0,Borussia Dortmund,Marcel Sabitzer,M,36,6.7,16,0,0,,0.0469018,0,0,0,14,10,0,0,0,0,0,0,2,1,1,0,0,0,0,1,2,0,0,4,1,0,0,0,0,0,0,2026-09-02T00:09:17.621963+00:00
Alemanha Bundesliga 2026/2027,Borussia Dortmund - Hamburger SV,2026-08-29T16:30:00+00:00,finished,1,2-0,Hamburger SV,Martin Adeline,M,67,6.6,27,0,0,,0.0617684,0,0,0,20,16,0,0,2,1,0,0,3,2,2,1,1,1,0,0,2,0,0,8,0,0,0,0,0,2,0,2026-09-02T00:09:17.622197+00:00
Alemanha Bundesliga 2026/2027,Borussia Dortmund - Hamburger SV,2026-08-29T16:30:00+00:00,finished,1,2-0,Borussia Dortmund,Mathis Albert,F,0,,0,0,0,,,0,0,0,0,0,0,0,0,0,0,0,0,0,0,0,0,0,0,0,0,0,0,0,0,0,0,0,0,0,0,2026-09-02T00:09:17.622042+00:00
Alemanha Bundesliga 2026/2027,Borussia Dortmund - Hamburger SV,2026-08-29T16:30:00+00:00,finished,1,2-0,Borussia Dortmund,Maximilian Beier,F,84,7.0,48,0,0,0.2873,0.115011,5,0,2,27,20,5,3,1,0,0,0,6,2,1,0,2,1,1,0,1,2,0,8,3,0,0,0,0,0,0,2026-09-02T00:09:17.621907+00:00
Alemanha Bundesliga 2026/2027,Borussia Dortmund - Hamburger SV,2026-08-29T16:30:00+00:00,finished,1,2-0,Hamburger SV,Nicolai Remberg,M,90,6.8,52,0,0,,0.0337929,0,0,1,43,42,2,1,0,0,1,0,2,4,1,0,0,0,2,1,1,0,0,2,1,2,0,0,0,2,0,2026-09-02T00:09:17.622132+00:00
Alemanha Bundesliga 2026/2027,Borussia Dortmund - Hamburger SV,2026-08-29T16:30:00+00:00,finished,1,2-0,Hamburger SV,Nicolás Capaldo,D,90,6.0,60,0,0,,0.182059,0,0,2,40,27,7,1,1,1,1,0,3,7,0,3,3,2,3,2,7,0,1,16,0,1,0,0,0,2,0,2026-09-02T00:09:17.622074+00:00
Alemanha Bundesliga 2026/2027,Borussia Dortmund - Hamburger SV,2026-08-29T16:30:00+00:00,finished,1,2-0,Hamburger SV,Otto Stange,F,23,6.4,10,0,0,,0.00415191,0,0,0,6,5,0,0,0,0,2,1,2,3,0,0,0,0,0,0,0,0,0,3,1,2,0,0,0,0,0,2026-09-02T00:09:17.622220+00:00
Alemanha Bundesliga 2026/2027,Borussia Dortmund - Hamburger SV,2026-08-29T16:30:00+00:00,finished,1,2-0,Hamburger SV,Patson Daka,F,67,6.4,25,0,0,0.6073,0.0255244,3,0,0,12,8,0,0,1,0,1,1,4,5,1,5,1,1,0,0,0,0,0,5,1,0,0,0,0,2,0,2026-09-02T00:09:17.622209+00:00
Alemanha Bundesliga 2026/2027,Borussia Dortmund - Hamburger SV,2026-08-29T16:30:00+00:00,finished,1,2-0,Borussia Dortmund,Samuele Inacio,M,3,4.5,1,0,0,,9.271e-05,0,0,0,1,1,0,0,0,0,0,0,0,1,0,0,0,0,0,0,0,0,0,0,0,1,0,1,0,0,0,2026-09-02T00:09:17.622009+00:00
Alemanha Bundesliga 2026/2027,Borussia Dortmund - Hamburger SV,2026-08-29T16:30:00+00:00,finished,1,2-0,Hamburger SV,Sander Tangvik,G,0,,0,0,0,,,0,0,0,0,0,0,0,0,0,0,0,0,0,0,0,0,0,0,0,0,0,0,0,0,0,0,0,0,0,0,2026-09-02T00:09:17.622294+00:00
Alemanha Bundesliga 2026/2027,Borussia Dortmund - Hamburger SV,2026-08-29T16:30:00+00:00,finished,1,2-0,Hamburger SV,Sebastiaan Bornauw,D,90,5.3,51,0,0,,0.00345392,0,0,0,38,33,3,1,0,0,0,0,2,4,1,0,1,0,3,4,2,0,1,6,0,3,0,0,0,2,0,2026-09-02T00:09:17.622083+00:00
Alemanha Bundesliga 2026/2027,Borussia Dortmund - Hamburger SV,2026-08-29T16:30:00+00:00,finished,1,2-0,Borussia Dortmund,Serhou Guirassy,F,90,8.0,44,1,0,0.1557,0.266065,2,2,2,28,19,1,0,0,0,1,1,6,4,1,2,0,0,0,0,2,0,1,15,4,1,0,0,0,0,0,2026-09-02T00:09:17.621806+00:00
Alemanha Bundesliga 2026/2027,Borussia Dortmund - Hamburger SV,2026-08-29T16:30:00+00:00,finished,1,2-0,Hamburger SV,Shafiq Nandja,D,0,,0,0,0,,,0,0,0,0,0,0,0,0,0,0,0,0,0,0,0,0,0,0,0,0,0,0,0,0,0,0,0,0,0,0,2026-09-02T00:09:17.622272+00:00
Alemanha Bundesliga 2026/2027,Borussia Dortmund - Hamburger SV,2026-08-29T16:30:00+00:00,finished,1,2-0,Hamburger SV,Terem Moffi,F,23,6.4,6,0,0,0.0555,0.00181342,1,1,0,4,3,0,0,0,0,0,0,0,1,0,1,0,0,0,0,0,0,0,1,0,0,0,0,0,0,0,2026-09-02T00:09:17.622231+00:00
Alemanha Bundesliga 2026/2027,Borussia Dortmund - Hamburger SV,2026-08-29T16:30:00+00:00,finished,1,2-0,Borussia Dortmund,Waldemar Anton,D,90,7.5,102,0,0,,0.0300944,0,0,0,89,83,5,4,0,0,1,0,3,3,2,1,0,0,3,3,5,0,0,9,1,1,0,0,0,0,0,2026-09-02T00:09:17.621878+00:00
Alemanha Bundesliga 2026/2027,Borussia Dortmund - Hamburger SV,2026-08-29T16:30:00+00:00,finished,1,2-0,Hamburger SV,Yussuf Poulsen,F,8,6.6,4,0,0,,0.00273373,0,0,0,3,1,0,0,0,0,0,0,2,0,1,0,0,0,0,0,0,0,0,2,1,0,0,0,0,0,0,2026-09-02T00:09:17.622252+00:00
Alemanha Bundesliga 2026/2027,SC Freiburg - SV Werder Bremen,2026-08-30T13:30:00+00:00,finished,1,4-1,SV Werder Bremen,,,9,6.5,6,0,0,0.0297,0.00324043,1,0,0,4,4,0,0,0,0,0,0,0,1,0,0,0,0,0,0,0,1,0,0,0,1,0,0,0,0,0,2026-09-02T00:09:18.226315+00:00
Alemanha Bundesliga 2026/2027,SC Freiburg - SV Werder Bremen,2026-08-30T13:30:00+00:00,finished,1,4-1,SV Werder Bremen,,,0,,0,0,0,,,0,0,0,0,0,0,0,0,0,0,0,0,0,0,0,0,0,0,0,0,0,0,0,0,0,0,0,0,0,0,2026-09-02T00:09:18.226356+00:00
Alemanha Bundesliga 2026/2027,SC Freiburg - SV Werder Bremen,2026-08-30T13:30:00+00:00,finished,1,4-1,SV Werder Bremen,Alexander Schlager,G,0,,0,0,0,,,0,0,0,0,0,0,0,0,0,0,0,0,0,0,0,0,0,0,0,0,0,0,0,0,0,0,0,0,0,0,2026-09-02T00:09:18.226340+00:00
Alemanha Bundesliga 2026/2027,SC Freiburg - SV Werder Bremen,2026-08-30T13:30:00+00:00,finished,1,4-1,SV Werder Bremen,Amos Pieper,D,90,6.6,79,0,0,0.0226,0.0110479,1,1,0,63,54,12,7,0,0,0,0,3,3,1,2,2,1,8,0,1,0,0,9,0,0,0,0,0,4,0,2026-09-02T00:09:18.226205+00:00
Alemanha Bundesliga 2026/2027,SC Freiburg - SV Werder Bremen,2026-08-30T13:30:00+00:00,finished,1,4-1,SC Freiburg,Berkay Yılmaz,D,0,,0,0,0,,,0,0,0,0,0,0,0,0,0,0,0,0,0,0,0,0,0,0,0,0,0,0,0,0,0,0,0,0,0,0,2026-09-02T00:09:18.226559+00:00
Alemanha Bundesliga 2026/2027,SC Freiburg - SV Werder Bremen,2026-08-30T13:30:00+00:00,finished,1,4-1,SC Freiburg,Christian Günter,D,0,,0,0,0,,,0,0,0,0,0,0,0,0,0,0,0,0,0,0,0,0,0,0,0,0,0,0,0,0,0,0,0,0,0,0,2026-09-02T00:09:18.226583+00:00
Alemanha Bundesliga 2026/2027,SC Freiburg - SV Werder Bremen,2026-08-30T13:30:00+00:00,finished,1,4-1,SV Werder Bremen,Chuki,M,90,6.2,44,0,0,,0.021857,0,0,1,33,25,2,1,4,1,1,1,3,4,0,1,1,0,1,0,0,0,0,11,1,2,0,0,0,4,0,2026-09-02T00:09:17.992075+00:00
Alemanha Bundesliga 2026/2027,SC Freiburg - SV Werder Bremen,2026-08-30T13:30:00+00:00,finished,1,4-1,SC Freiburg,Cyriaque Irié,M,45,6.6,27,0,0,0.0187,0.00441776,1,0,0,15,14,1,1,1,0,8,4,4,6,0,1,0,0,0,0,3,1,0,6,0,1,0,0,0,1,0,2026-09-02T00:09:18.226499+00:00
Alemanha Bundesliga 2026/2027,SC Freiburg - SV Werder Bremen,2026-08-30T13:30:00+00:00,finished,1,4-1,SV Werder Bremen,Cédric Itten,F,29,6.4,14,0,0,0.0787,0.00606122,1,0,0,9,7,0,0,0,0,1,0,2,3,1,1,1,0,2,0,1,1,0,3,0,0,0,0,0,0,0,2026-09-02T00:09:18.226297+00:00
Alemanha Bundesliga 2026/2027,SC Freiburg - SV Werder Bremen,2026-08-30T13:30:00+00:00,finished,1,4-1,SV Werder Bremen,Dariusz Stalmach,M,45,8.0,28,1,0,0.126,0.0784371,1,1,1,19,19,1,1,1,1,0,0,4,2,0,0,3,3,3,0,1,0,0,0,1,2,0,0,0,2,0,2026-09-02T00:09:18.226279+00:00
Alemanha Bundesliga 2026/2027,SC Freiburg - SV Werder Bremen,2026-08-30T13:30:00+00:00,finished,1,4-1,SC Freiburg,Derry Scherhant,F,90,7.1,51,0,0,0.078,0.0730954,2,1,1,29,22,0,0,5,0,6,1,4,10,0,0,2,1,0,1,3,1,1,20,1,4,0,0,0,1,0,2026-09-02T00:09:18.226365+00:00
Alemanha Bundesliga 2026/2027,SC Freiburg - SV Werder Bremen,2026-08-30T13:30:00+00:00,finished,1,4-1,SV Werder Bremen,Eren Dinkçi,F,9,6.5,2,0,0,,0.00059205,0,0,0,2,2,0,0,0,0,0,0,0,0,0,0,0,0,0,0,0,0,0,0,0,0,0,0,0,0,0,2026-09-02T00:09:18.226324+00:00
Alemanha Bundesliga 2026/2027,SC Freiburg - SV Werder Bremen,2026-08-30T13:30:00+00:00,finished,1,4-1,SC Freiburg,Florian Müller,G,0,,0,0,0,,,0,0,0,0,0,0,0,0,0,0,0,0,0,0,0,0,0,0,0,0,0,0,0,0,0,0,0,0,0,0,2026-09-02T00:09:18.226575+00:00
Alemanha Bundesliga 2026/2027,SC Freiburg - SV Werder Bremen,2026-08-30T13:30:00+00:00,finished,1,4-1,SC Freiburg,Igor Matanović,F,73,9.2,32,1,1,0.2351,0.590787,5,1,2,12,10,1,1,0,0,5,3,8,4,2,1,0,0,1,0,4,3,1,7,3,0,0,0,0,0,0,2026-09-02T00:09:18.226450+00:00
Alemanha Bundesliga 2026/2027,SC Freiburg - SV Werder Bremen,2026-08-30T13:30:00+00:00,finished,1,4-1,SC Freiburg,Jan-Niklas Beste,M,45,7.2,35,0,1,0.0467,0.29339,2,0,1,23,21,0,0,6,2,2,0,0,5,0,0,0,0,1,0,0,0,0,8,0,1,0,0,0,0,0,2026-09-02T00:09:18.226486+00:00
Alemanha Bundesliga 2026/2027,SC Freiburg - SV Werder Bremen,2026-08-30T13:30:00+00:00,finished,1,4-1,SC Freiburg,Jordy Makengo,D,90,6.8,66,0,0,,0.0210152,0,0,0,49,45,3,2,1,0,0,0,3,1,0,0,2,1,3,0,1,0,0,9,1,1,0,0,0,1,0,2026-09-02T00:09:18.226394+00:00
Alemanha Bundesliga 2026/2027,SC Freiburg - SV Werder Bremen,2026-08-30T13:30:00+00:00,finished,1,4-1,SV Werder Bremen,Julián Malatini,D,0,,0,0,0,,,0,0,0,0,0,0,0,0,0,0,0,0,0,0,0,0,0,0,0,0,0,0,0,0,0,0,0,0,0,0,2026-09-02T00:09:18.226347+00:00
Alemanha Bundesliga 2026/2027,SC Freiburg - SV Werder Bremen,2026-08-30T13:30:00+00:00,finished,1,4-1,SV Werder Bremen,Justin Njinmah,F,61,6.9,23,0,0,0.0204,0.0392672,1,0,0,12,8,0,0,2,1,1,1,5,1,0,0,2,1,0,0,2,1,1,7,2,0,0,0,0,4,0,2026-09-02T00:09:18.226271+00:00
Alemanha Bundesliga 2026/2027,SC Freiburg - SV Werder Bremen,2026-08-30T13:30:00+00:00,finished,1,4-1,SV Werder Bremen,Karl Hein,G,90,6.0,45,0,0,,0.00344249,0,0,0,37,29,15,7,0,0,0,0,0,0,0,0,0,0,1,0,8,0,0,8,0,0,0,0,1,4,0,2026-09-02T00:09:17.992027+00:00
Alemanha Bundesliga 2026/2027,SC Freiburg - SV Werder Bremen,2026-08-30T13:30:00+00:00,finished,1,4-1,SC Freiburg,Keisuke Goto,F,10,6.4,6,0,0,,0.00113683,0,0,0,4,3,0,0,0,0,0,0,1,2,0,1,0,0,1,0,0,0,0,1,1,1,1,0,0,0,0,2026-09-02T00:09:18.226536+00:00
Alemanha Bundesliga 2026/2027,SC Freiburg - SV Werder Bremen,2026-08-30T13:30:00+00:00,finished,1,4-1,SC Freiburg,Lucas Höler,F,17,6.6,12,0,0,,0.00652512,0,0,2,10,9,1,1,0,0,0,0,1,2,0,0,1,1,0,0,1,0,1,2,0,1,0,0,0,1,0,2026-09-02T00:09:18.226525+00:00
Alemanha Bundesliga 2026/2027,SC Freiburg - SV Werder Bremen,2026-08-30T13:30:00+00:00,finished,1,4-1,SV Werder Bremen,Ludovit Reis,M,85,6.8,52,0,0,0.0251,0.0167067,1,0,1,31,30,1,1,0,0,0,0,7,4,0,0,7,4,1,0,7,1,2,8,0,1,1,0,0,4,0,2026-09-02T00:09:18.226252+00:00
Alemanha Bundesliga 2026/2027,SC Freiburg - SV Werder Bremen,2026-08-30T13:30:00+00:00,finished,1,4-1,SC Freiburg,Lukas Kübler,D,69,7.8,49,0,0,0.0465,0.0392472,1,0,0,35,32,4,3,1,0,0,0,7,4,1,3,2,1,2,0,1,1,0,5,4,1,0,0,0,0,0,2026-09-02T00:09:18.226461+00:00
Alemanha Bundesliga 2026/2027,SC Freiburg - SV Werder Bremen,2026-08-30T13:30:00+00:00,finished,1,4-1,SV Werder Bremen,Marco Friedl,D,90,6.1,84,0,0,,0.0215466,0,0,1,70,68,5,4,1,0,0,0,1,4,0,1,1,1,6,2,6,0,0,5,0,2,0,0,0,4,0,2026-09-02T00:09:18.226150+00:00
Alemanha Bundesliga 2026/2027,SC Freiburg - SV Werder Bremen,2026-08-30T13:30:00+00:00,finished,1,4-1,SV Werder Bremen,Marco Grüll,F,85,7.9,59,0,1,0.1069,0.112436,1,0,2,28,23,0,0,9,2,2,0,13,5,2,1,6,4,1,0,7,0,1,16,5,1,0,0,0,4,0,2026-09-02T00:09:18.226241+00:00
Alemanha Bundesliga 2026/2027,SC Freiburg - SV Werder Bremen,2026-08-30T13:30:00+00:00,finished,1,4-1,SC Freiburg,Matthias Ginter,D,90,7.5,84,0,1,0.046,0.174251,2,0,3,71,64,3,3,0,0,1,0,6,5,4,3,0,0,3,1,0,0,0,9,2,0,0,0,0,1,0,2026-09-02T00:09:18.226380+00:00
Alemanha Bundesliga 2026/2027,SC Freiburg - SV Werder Bremen,2026-08-30T13:30:00+00:00,finished,1,4-1,SC Freiburg,Maximilian Eggestein,M,90,6.9,67,0,0,0.0437,0.0468465,2,0,1,55,52,4,3,0,0,0,0,3,3,0,1,1,0,1,1,5,1,1,5,2,0,0,0,0,1,0,2026-09-02T00:09:18.226403+00:00
Alemanha Bundesliga 2026/2027,SC Freiburg - SV Werder Bremen,2026-08-30T13:30:00+00:00,finished,1,4-1,SC Freiburg,Maximilian Rosenfelder,D,21,6.3,18,0,0,,0.0005048,0,0,0,12,12,0,0,0,0,0,0,0,1,0,1,0,0,3,2,1,0,0,0,0,0,0,0,0,1,0,2026-09-02T00:09:18.226516+00:00
Alemanha Bundesliga 2026/2027,SC Freiburg - SV Werder Bremen,2026-08-30T13:30:00+00:00,finished,1,4-1,SV Werder Bremen,Mick Schmetgens,D,90,5.8,48,0,0,,0.00548764,0,0,0,33,29,2,1,2,0,0,0,4,2,0,0,1,0,2,0,2,0,0,8,3,1,0,0,0,4,0,2026-09-02T00:09:18.226224+00:00
Alemanha Bundesliga 2026/2027,SC Freiburg - SV Werder Bremen,2026-08-30T13:30:00+00:00,finished,1,4-1,SC Freiburg,Mio Backhaus,G,90,5.8,44,0,0,,0.00512662,0,0,0,31,26,11,6,0,0,0,0,0,0,0,0,0,0,3,0,9,0,0,6,0,0,0,0,2,1,0,2026-09-02T00:09:18.226420+00:00
Alemanha Bundesliga 2026/2027,SC Freiburg - SV Werder Bremen,2026-08-30T13:30:00+00:00,finished,1,4-1,SV Werder Bremen,Niclas Füllkrug,F,61,6.2,28,0,0,0.0722,0.00146023,2,1,0,18,13,2,2,0,0,0,0,7,7,7,2,0,0,2,0,5,1,1,7,0,4,0,0,0,4,0,2026-09-02T00:09:18.226262+00:00
Alemanha Bundesliga 2026/2027,SC Freiburg - SV Werder Bremen,2026-08-30T13:30:00+00:00,finished,1,4-1,SV Werder Bremen,Olivier Deman,D,90,5.9,67,0,0,,0.0709997,0,0,0,47,41,4,3,5,0,1,1,3,3,1,0,1,1,3,0,2,0,0,12,0,1,0,0,0,4,0,2026-09-02T00:09:17.992089+00:00
Alemanha Bundesliga 2026/2027,SC Freiburg - SV Werder Bremen,2026-08-30T13:30:00+00:00,finished,1,4-1,SV Werder Bremen,Paul Erevbenagie,F,0,,0,0,0,,,0,0,0,0,0,0,0,0,0,0,0,0,0,0,0,0,0,0,0,0,0,0,0,0,0,0,0,0,0,0,2026-09-02T00:09:18.226332+00:00
Alemanha Bundesliga 2026/2027,SC Freiburg - SV Werder Bremen,2026-08-30T13:30:00+00:00,finished,1,4-1,SC Freiburg,Philipp Lienhart,D,69,7.8,73,0,0,,0.124638,0,0,2,58,57,7,6,0,0,0,0,3,3,1,1,0,0,3,1,3,0,1,5,2,1,0,0,0,0,0,2026-09-02T00:09:18.226474+00:00
Alemanha Bundesliga 2026/2027,SC Freiburg - SV Werder Bremen,2026-08-30T13:30:00+00:00,finished,1,4-1,SC Freiburg,Philipp Treu,D,21,6.4,21,0,0,,0.00118412,0,0,0,14,11,0,0,0,0,0,0,1,0,0,0,1,1,1,0,1,0,0,5,0,1,0,0,0,1,0,2026-09-02T00:09:18.226508+00:00
Alemanha Bundesliga 2026/2027,SC Freiburg - SV Werder Bremen,2026-08-30T13:30:00+00:00,finished,1,4-1,SV Werder Bremen,Salim Musah,F,29,6.5,13,0,0,,0.00449613,0,0,0,11,9,1,1,0,0,1,0,1,1,0,0,1,0,0,0,2,0,0,3,0,0,0,0,0,0,0,2026-09-02T00:09:18.226305+00:00
Alemanha Bundesliga 2026/2027,SC Freiburg - SV Werder Bremen,2026-08-30T13:30:00+00:00,finished,1,4-1,SV Werder Bremen,Senne Lynen,M,45,6.5,19,0,0,,0.0009499,0,0,0,12,10,1,0,0,0,1,1,3,3,0,1,2,0,2,1,4,0,0,2,0,1,0,0,0,2,0,2026-09-02T00:09:18.226288+00:00
Alemanha Bundesliga 2026/2027,SC Freiburg - SV Werder Bremen,2026-08-30T13:30:00+00:00,finished,1,4-1,SC Freiburg,Vincenzo Grifo,M,0,,0,0,0,,,0,0,0,0,0,0,0,0,0,0,0,0,0,0,0,0,0,0,0,0,0,0,0,0,0,0,0,0,0,0,2026-09-02T00:09:18.226591+00:00
Alemanha Bundesliga 2026/2027,SC Freiburg - SV Werder Bremen,2026-08-30T13:30:00+00:00,finished,1,4-1,SC Freiburg,Yannick Engelhardt,M,90,6.1,47,0,0,0.0461,0.0171362,1,0,0,40,31,0,0,0,0,1,0,1,4,1,0,0,0,0,0,2,0,2,13,0,1,0,0,0,1,0,2026-09-02T00:09:18.226412+00:00
Alemanha Bundesliga 2026/2027,SC Freiburg - SV Werder Bremen,2026-08-30T13:30:00+00:00,finished,1,4-1,SC Freiburg,Yuito Suzuki,M,80,9.4,52,3,0,1.3769,0.0332559,3,3,1,30,27,0,0,2,0,3,1,1,6,0,0,0,0,1,1,7,0,4,12,0,0,0,0,0,1,0,2026-09-02T00:09:18.226435+00:00
Alemanha Bundesliga 2026/2027,FC Augsburg - FC Schalke 04,2026-08-30T15:30:00+00:00,finished,1,3-0,FC Augsburg,,,1,,2,0,1,,0.0323369,0,0,1,2,1,1,0,0,0,0,0,0,0,0,0,0,0,0,0,0,0,0,1,0,0,0,0,0,0,0,2026-09-01T10:31:00.084269+00:00
Alemanha Bundesliga 2026/2027,FC Augsburg - FC Schalke 04,2026-08-30T15:30:00+00:00,finished,1,3-0,FC Schalke 04,Adil Aouchiche,M,86,6.6,47,0,0,0.1857,0.376383,2,1,3,33,24,4,2,4,0,3,0,2,6,2,2,0,0,1,1,2,0,0,18,0,0,0,0,0,2,0,2026-09-01T10:31:00.084369+00:00
Alemanha Bundesliga 2026/2027,FC Augsburg - FC Schalke 04,2026-08-30T15:30:00+00:00,finished,1,3-0,FC Augsburg,Anton Kade,M,90,9.6,47,1,1,0.9012,1.51145,6,4,2,26,18,3,2,1,0,3,2,5,7,2,2,0,0,1,0,2,1,2,14,1,1,0,0,0,0,0,2026-09-01T10:31:00.084075+00:00
Alemanha Bundesliga 2026/2027,FC Augsburg - FC Schalke 04,2026-08-30T15:30:00+00:00,finished,1,3-0,FC Augsburg,Calvin Brackelmann,D,89,7.7,66,0,0,0.1196,0.0465535,2,0,1,50,37,6,2,1,0,0,0,12,3,9,3,3,2,5,0,3,0,0,15,0,0,0,0,0,0,0,2026-09-01T10:31:00.084195+00:00
Alemanha Bundesliga 2026/2027,FC Augsburg - FC Schalke 04,2026-08-30T15:30:00+00:00,finished,1,3-0,FC Augsburg,Chrislain Matsima,D,90,7.6,53,0,0,,0.00229623,0,0,1,43,36,3,0,0,0,0,0,3,1,2,1,1,1,5,1,5,0,0,8,0,0,0,0,0,0,0,2026-09-01T10:31:00.084154+00:00
Alemanha Bundesliga 2026/2027,FC Augsburg - FC Schalke 04,2026-08-30T15:30:00+00:00,finished,1,3-0,FC Schalke 04,Dejan Ljubičić,M,90,6.6,43,0,0,0.0284,0.0164852,1,1,1,34,25,2,1,0,0,1,0,3,2,1,1,2,1,0,0,6,0,0,13,0,0,0,0,0,3,0,2026-09-01T10:31:00.084342+00:00
Alemanha Bundesliga 2026/2027,FC Augsburg - FC Schalke 04,2026-08-30T15:30:00+00:00,finished,1,3-0,FC Schalke 04,Edin Džeko,F,14,6.3,5,0,0,,2.797e-05,0,0,0,5,2,0,0,0,0,0,0,0,2,0,2,0,0,0,0,1,0,0,3,0,0,0,0,0,2,0,2026-09-01T10:31:00.084449+00:00
Alemanha Bundesliga 2026/2027,FC Augsburg - FC Schalke 04,2026-08-30T15:30:00+00:00,finished,1,3-0,FC Schalke 04,Eric Ebimbe,M,28,6.1,11,0,0,,0.00238023,0,0,0,6,4,3,1,0,0,1,0,0,3,0,1,0,0,1,0,0,0,0,4,0,0,0,0,0,2,0,2026-09-01T10:31:00.084440+00:00
Alemanha Bundesliga 2026/2027,FC Augsburg - FC Schalke 04,2026-08-30T15:30:00+00:00,finished,1,3-0,FC Augsburg,Fabian Rieder,M,83,7.5,48,0,1,0.0723,0.288511,2,2,2,33,29,2,1,1,1,2,2,5,3,1,0,2,2,1,1,3,0,1,8,0,2,1,0,0,0,0,2026-09-01T10:31:00.084225+00:00
Alemanha Bundesliga 2026/2027,FC Augsburg - FC Schalke 04,2026-08-30T15:30:00+00:00,finished,1,3-0,FC Augsburg,Finn Dahmen,G,90,8.3,53,0,0,,0.00089913,0,0,0,42,31,17,6,0,0,0,0,1,1,1,0,0,0,2,0,14,0,0,12,1,0,0,0,4,0,1,2026-09-01T10:31:00.084138+00:00
Alemanha Bundesliga 2026/2027,FC Augsburg - FC Schalke 04,2026-08-30T15:30:00+00:00,finished,1,3-0,FC Augsburg,Han-Noah Massengo,M,90,7.0,46,0,0,,0.302714,0,0,4,29,23,2,0,7,2,0,0,1,3,0,2,0,0,3,2,4,0,1,13,1,0,0,0,0,0,0,2026-09-01T10:31:00.084185+00:00
Alemanha Bundesliga 2026/2027,FC Augsburg - FC Schalke 04,2026-08-30T15:30:00+00:00,finished,1,3-0,FC Schalke 04,Hasan Kuruçay,D,62,6.4,71,0,0,,0.012208,0,0,0,60,45,9,3,0,0,0,0,3,2,1,2,2,2,4,0,3,0,0,16,0,1,0,0,0,1,0,2026-09-01T10:31:00.084412+00:00
Alemanha Bundesliga 2026/2027,FC Augsburg - FC Schalke 04,2026-08-30T15:30:00+00:00,finished,1,3-0,FC Augsburg,Hennes Behrens,D,90,6.2,80,0,0,,0.138009,0,0,1,48,38,4,1,6,2,2,2,5,2,2,1,1,0,3,3,8,0,1,19,0,0,0,0,0,0,0,2026-09-01T10:31:00.084175+00:00
Alemanha Bundesliga 2026/2027,FC Augsburg - FC Schalke 04,2026-08-30T15:30:00+00:00,finished,1,3-0,FC Schalke 04,Janik Bachmann,M,0,,0,0,0,,,0,0,0,0,0,0,0,0,0,0,0,0,0,0,0,0,0,0,0,0,0,0,0,0,0,0,0,0,0,0,2026-09-01T10:31:00.084476+00:00
Alemanha Bundesliga 2026/2027,FC Augsburg - FC Schalke 04,2026-08-30T15:30:00+00:00,finished,1,3-0,FC Augsburg,Jeffrey Gouweleeuw,D,1,,3,0,0,,3.05e-05,0,0,0,3,3,0,0,0,0,0,0,0,0,0,0,0,0,0,0,0,0,0,0,0,0,0,0,0,0,0,2026-09-01T10:31:00.084279+00:00
Alemanha Bundesliga 2026/2027,FC Augsburg - FC Schalke 04,2026-08-30T15:30:00+00:00,finished,1,3-0,FC Schalke 04,Junior Adamu,F,62,6.3,26,0,0,0.2714,0.457636,2,0,1,18,11,3,0,0,0,0,0,2,5,2,3,0,0,0,0,4,0,2,11,0,0,0,0,0,1,0,2026-09-01T10:31:00.084385+00:00
Alemanha Bundesliga 2026/2027,FC Augsburg - FC Schalke 04,2026-08-30T15:30:00+00:00,finished,1,3-0,FC Schalke 04,Kevin Müller,G,0,,0,0,0,,,0,0,0,0,0,0,0,0,0,0,0,0,0,0,0,0,0,0,0,0,0,0,0,0,0,0,0,0,0,0,2026-09-01T10:31:00.084485+00:00
Alemanha Bundesliga 2026/2027,FC Augsburg - FC Schalke 04,2026-08-30T15:30:00+00:00,finished,1,3-0,FC Schalke 04,Loris Karius,G,90,8.1,57,0,0,,0.00536004,0,0,0,39,21,24,6,0,0,0,0,0,0,0,0,0,0,0,0,16,0,0,19,0,0,0,0,10,3,0,2026-09-01T10:31:00.084324+00:00
Alemanha Bundesliga 2026/2027,FC Augsburg - FC Schalke 04,2026-08-30T15:30:00+00:00,finished,1,3-0,FC Schalke 04,Luca Vozar,M,0,,0,0,0,,,0,0,0,0,0,0,0,0,0,0,0,0,0,0,0,0,0,0,0,0,0,0,0,0,0,0,0,0,0,0,2026-09-01T10:31:00.084468+00:00
Alemanha Bundesliga 2026/2027,FC Augsburg - FC Schalke 04,2026-08-30T15:30:00+00:00,finished,1,3-0,FC Augsburg,Marius Wolf,M,89,8.7,38,0,0,0.1607,1.19281,2,1,7,21,15,3,2,3,3,1,1,4,0,1,0,2,1,1,1,3,1,0,8,0,0,0,0,0,0,0,2026-09-01T10:31:00.084205+00:00
Alemanha Bundesliga 2026/2027,FC Augsburg - FC Schalke 04,2026-08-30T15:30:00+00:00,finished,1,3-0,FC Schalke 04,Maximilian Wöber,D,28,5.2,19,0,0,,0.00027039,0,0,0,15,14,0,0,0,0,1,0,0,4,0,2,0,0,2,0,0,0,0,2,0,1,0,0,0,2,0,2026-09-01T10:31:00.084421+00:00
Alemanha Bundesliga 2026/2027,FC Augsburg - FC Schalke 04,2026-08-30T15:30:00+00:00,finished,1,3-0,FC Augsburg,Mert Kömür,M,14,7.0,16,0,0,0.3036,0.0244505,1,1,0,9,6,1,0,1,1,1,1,3,1,1,0,0,0,0,0,3,0,1,5,1,0,0,0,0,0,0,2026-09-01T10:31:00.084243+00:00
Alemanha Bundesliga 2026/2027,FC Augsburg - FC Schalke 04,2026-08-30T15:30:00+00:00,finished,1,3-0,FC Schalke 04,Mertcan Ayhan,D,8,6.1,5,0,0,,2.928e-05,0,0,0,4,1,1,0,0,0,0,0,0,1,0,0,0,0,0,0,1,0,0,3,0,0,0,0,0,1,0,2026-09-01T10:31:00.084458+00:00
Alemanha Bundesliga 2026/2027,FC Augsburg - FC Schalke 04,2026-08-30T15:30:00+00:00,finished,1,3-0,FC Augsburg,Michael Gregoritsch,F,83,7.4,31,1,0,1.1278,0.108728,4,3,1,22,16,1,0,0,0,1,0,7,6,6,5,0,0,1,0,2,0,0,8,1,0,0,0,0,0,0,2026-09-01T10:31:00.084214+00:00
Alemanha Bundesliga 2026/2027,FC Augsburg - FC Schalke 04,2026-08-30T15:30:00+00:00,finished,1,3-0,FC Schalke 04,Moussa Sylla,F,90,6.1,28,0,0,0.7368,0.0545093,4,2,2,18,11,0,0,0,0,1,1,3,6,1,5,0,0,0,0,1,1,1,9,1,0,0,0,0,3,0,2026-09-01T10:31:00.084360+00:00
Alemanha Bundesliga 2026/2027,FC Augsburg - FC Schalke 04,2026-08-30T15:30:00+00:00,finished,1,3-0,FC Augsburg,Nathanaël Mbuku,M,0,,0,0,0,,,0,0,0,0,0,0,0,0,0,0,0,0,0,0,0,0,0,0,0,0,0,0,0,0,0,0,0,0,0,0,2026-09-01T10:31:00.084306+00:00
Alemanha Bundesliga 2026/2027,FC Augsburg - FC Schalke 04,2026-08-30T15:30:00+00:00,finished,1,3-0,FC Augsburg,Nediljko Labrović,G,0,,0,0,0,,,0,0,0,0,0,0,0,0,0,0,0,0,0,0,0,0,0,0,0,0,0,0,0,0,0,0,0,0,0,0,2026-09-01T10:31:00.084289+00:00
Alemanha Bundesliga 2026/2027,FC Augsburg - FC Schalke 04,2026-08-30T15:30:00+00:00,finished,1,3-0,FC Schalke 04,Nikola Katić,D,76,7.2,78,0,0,,0.02113,0,0,1,66,57,4,3,0,0,0,0,8,7,5,5,3,3,7,0,1,0,0,9,0,1,0,0,0,1,0,2026-09-01T10:31:00.084378+00:00
Alemanha Bundesliga 2026/2027,FC Augsburg - FC Schalke 04,2026-08-30T15:30:00+00:00,finished,1,3-0,FC Augsburg,Noahkai Banks,D,90,7.0,72,0,0,0.1869,0.0240866,2,0,1,54,43,6,2,1,0,1,1,6,2,2,1,2,2,6,1,6,1,0,14,1,2,0,0,0,0,0,2026-09-01T10:31:00.084165+00:00
Alemanha Bundesliga 2026/2027,FC Augsburg - FC Schalke 04,2026-08-30T15:30:00+00:00,finished,1,3-0,FC Augsburg,Robin Fellhauer,M,76,6.3,37,0,0,0.2269,0.0269347,3,1,0,22,15,1,1,1,0,3,0,1,6,1,2,0,0,0,0,4,2,1,16,0,0,0,0,0,0,0,2026-09-01T10:31:00.084234+00:00
Alemanha Bundesliga 2026/2027,FC Augsburg - FC Schalke 04,2026-08-30T15:30:00+00:00,finished,1,3-0,FC Schalke 04,Robin Gosens,D,28,5.9,15,0,0,0.2394,0.00170127,1,0,0,12,10,0,0,0,0,0,0,0,1,0,0,0,0,0,0,2,0,0,2,0,0,0,0,0,2,0,2026-09-01T10:31:00.084431+00:00
Alemanha Bundesliga 2026/2027,FC Augsburg - FC Schalke 04,2026-08-30T15:30:00+00:00,finished,1,3-0,FC Augsburg,Rodrigo Ribeiro,F,11,7.3,3,1,0,0.4183,,2,1,0,0,0,0,0,0,0,1,0,0,1,0,0,0,0,0,0,0,0,0,1,0,0,0,0,0,0,0,2026-09-01T10:31:00.084260+00:00
Alemanha Bundesliga 2026/2027,FC Augsburg - FC Schalke 04,2026-08-30T15:30:00+00:00,finished,1,3-0,FC Schalke 04,Ron Schallenberg,M,62,6.2,49,0,0,0.078,0.0113777,1,1,0,37,30,6,5,0,0,0,0,3,4,1,1,1,1,1,0,2,0,0,8,1,2,0,1,0,3,0,2026-09-01T10:31:00.084394+00:00
Alemanha Bundesliga 2026/2027,FC Augsburg - FC Schalke 04,2026-08-30T15:30:00+00:00,finished,1,3-0,FC Schalke 04,Satoshi Tanaka,M,0,,0,0,0,,,0,0,0,0,0,0,0,0,0,0,0,0,0,0,0,0,0,0,0,0,0,0,0,0,0,0,0,0,0,0,2026-09-01T10:31:00.084493+00:00
Alemanha Bundesliga 2026/2027,FC Augsburg - FC Schalke 04,2026-08-30T15:30:00+00:00,finished,1,3-0,FC Schalke 04,Soufiane El-Faouzi,M,90,6.7,57,0,0,,0.506973,0,0,2,42,29,3,0,1,1,0,0,4,4,0,2,3,2,0,3,6,0,0,15,1,1,0,0,0,3,0,2026-09-01T10:31:00.084351+00:00
Alemanha Bundesliga 2026/2027,FC Augsburg - FC Schalke 04,2026-08-30T15:30:00+00:00,finished,1,3-0,FC Augsburg,Tim Schnitzer,M,0,,0,0,0,,,0,0,0,0,0,0,0,0,0,0,0,0,0,0,0,0,0,0,0,0,0,0,0,0,0,0,0,0,0,0,2026-09-01T10:31:00.084297+00:00
Alemanha Bundesliga 2026/2027,FC Augsburg - FC Schalke 04,2026-08-30T15:30:00+00:00,finished,1,3-0,FC Schalke 04,Timo Becker,D,90,6.2,88,0,0,,0.0253302,0,0,0,65,49,9,2,0,0,0,0,7,4,4,2,2,2,4,1,6,0,0,17,1,0,0,0,0,3,0,2026-09-01T10:31:00.084333+00:00
Alemanha Bundesliga 2026/2027,FC Augsburg - FC Schalke 04,2026-08-30T15:30:00+00:00,finished,1,3-0,FC Augsburg,Uchenna Ogundu,F,0,,0,0,0,,,0,0,0,0,0,0,0,0,0,0,0,0,0,0,0,0,0,0,0,0,0,0,0,0,0,0,0,0,0,0,2026-09-01T10:31:00.084315+00:00
Alemanha Bundesliga 2026/2027,FC Augsburg - FC Schalke 04,2026-08-30T15:30:00+00:00,finished,1,3-0,FC Schalke 04,Vitalie Becker,M,62,6.9,30,0,0,,0.483742,0,0,1,17,13,1,0,1,1,2,1,1,2,0,0,0,0,0,0,0,0,1,9,0,0,0,0,0,1,0,2026-09-01T10:31:00.084403+00:00
Alemanha Bundesliga 2026/2027,FC Augsburg - FC Schalke 04,2026-08-30T15:30:00+00:00,finished,1,3-0,FC Augsburg,Yannik Keitel,M,11,6.6,6,0,0,,0.00011348,0,0,0,6,6,0,0,0,0,0,0,0,0,0,0,0,0,0,0,0,0,0,0,0,0,0,0,0,0,0,2026-09-01T10:31:00.084251+00:00
Alemanha Bundesliga 2026/2027,VfB Stuttgart - 1. FC Köln,2026-09-04T18:30:00+00:00,finished,2,4-1,1. FC Köln,Alessio Castro-Montes,M,95,6.6,56,0,0,,0.0513898,0,0,1,26,19,4,1,6,1,5,3,8,4,1,0,4,4,4,2,8,0,0,16,0,1,1,0,0,4,0,2026-09-05T05:01:36.581270+00:00
Alemanha Bundesliga 2026/2027,VfB Stuttgart - 1. FC Köln,2026-09-04T18:30:00+00:00,finished,2,4-1,VfB Stuttgart,Ameen Al-Dakhil,D,0,,0,0,0,,,0,0,0,0,0,0,0,0,0,0,0,0,0,0,0,0,0,0,0,0,0,0,0,0,0,0,0,0,0,0,2026-09-05T05:01:36.581242+00:00
Alemanha Bundesliga 2026/2027,VfB Stuttgart - 1. FC Köln,2026-09-04T18:30:00+00:00,finished,2,4-1,VfB Stuttgart,Angelo Stiller,M,92,6.8,85,0,0,0.059,0.0884613,1,0,0,78,71,3,1,1,0,1,0,3,4,2,1,0,0,1,1,5,0,0,9,1,1,0,0,0,1,0,2026-09-05T05:01:36.581148+00:00
Alemanha Bundesliga 2026/2027,VfB Stuttgart - 1. FC Köln,2026-09-04T18:30:00+00:00,finished,2,4-1,VfB Stuttgart,Atakan Karazor,M,0,,0,0,0,,,0,0,0,0,0,0,0,0,0,0,0,0,0,0,0,0,0,0,0,0,0,0,0,0,0,0,0,0,0,0,2026-09-05T05:01:36.581235+00:00
Alemanha Bundesliga 2026/2027,VfB Stuttgart - 1. FC Köln,2026-09-04T18:30:00+00:00,finished,2,4-1,VfB Stuttgart,Bilal El Khannouss,M,78,8.6,49,1,0,0.1618,0.691269,2,1,2,31,22,4,2,5,3,1,1,5,4,1,0,3,2,0,0,3,1,1,14,0,0,0,0,0,0,0,2026-09-05T05:01:36.581156+00:00
Alemanha Bundesliga 2026/2027,VfB Stuttgart - 1. FC Köln,2026-09-04T18:30:00+00:00,finished,2,4-1,1. FC Köln,Borna Sosa,M,0,,0,0,0,,,0,0,0,0,0,0,0,0,0,0,0,0,0,0,0,0,0,0,0,0,0,0,0,0,0,0,0,0,0,0,2026-09-05T05:01:36.581436+00:00
Alemanha Bundesliga 2026/2027,VfB Stuttgart - 1. FC Köln,2026-09-04T18:30:00+00:00,finished,2,4-1,VfB Stuttgart,Chris Führich,M,70,7.5,59,0,0,,0.260391,0,0,3,44,37,0,0,6,1,1,0,3,2,0,0,2,1,1,0,5,0,1,15,1,0,0,0,0,0,0,2026-09-05T05:01:36.581171+00:00
Alemanha Bundesliga 2026/2027,VfB Stuttgart - 1. FC Köln,2026-09-04T18:30:00+00:00,finished,2,4-1,VfB Stuttgart,Deniz Undav,F,70,6.7,36,0,0,0.3097,0.0786428,1,1,2,30,23,0,0,0,0,0,0,0,1,0,1,0,0,0,1,4,0,0,11,0,1,0,0,0,0,0,2026-09-05T05:01:36.581179+00:00
Alemanha Bundesliga 2026/2027,VfB Stuttgart - 1. FC Köln,2026-09-04T18:30:00+00:00,finished,2,4-1,VfB Stuttgart,Dženan Pejčinović,F,95,6.6,43,0,0,0.8731,0.0284805,6,1,0,28,15,0,0,0,0,0,0,6,5,4,4,2,2,2,0,2,1,0,16,0,0,0,0,0,1,0,2026-09-05T05:01:36.581017+00:00
Alemanha Bundesliga 2026/2027,VfB Stuttgart - 1. FC Köln,2026-09-04T18:30:00+00:00,finished,2,4-1,1. FC Köln,Ellyes Skhiri,M,50,7.0,26,0,0,0.614,0.0432812,2,1,1,21,20,3,2,0,0,0,0,1,4,1,2,0,0,2,0,1,0,1,2,0,1,0,0,0,3,0,2026-09-05T05:01:36.581374+00:00
Alemanha Bundesliga 2026/2027,VfB Stuttgart - 1. FC Köln,2026-09-04T18:30:00+00:00,finished,2,4-1,VfB Stuttgart,Ermedin Demirović,F,25,8.2,10,1,0,0.0469,0.0431651,1,1,1,5,4,1,1,0,0,1,1,3,0,1,0,0,0,0,1,2,0,0,2,1,0,0,0,0,1,0,2026-09-05T05:01:36.581206+00:00
Alemanha Bundesliga 2026/2027,VfB Stuttgart - 1. FC Köln,2026-09-04T18:30:00+00:00,finished,2,4-1,VfB Stuttgart,Fabian Bredlow,G,95,7.6,29,0,0,,0.00166079,0,0,0,24,21,9,6,0,0,0,0,0,0,0,0,0,0,1,0,3,0,0,3,0,0,0,0,3,1,1,2026-09-05T05:01:36.581069+00:00
Alemanha Bundesliga 2026/2027,VfB Stuttgart - 1. FC Köln,2026-09-04T18:30:00+00:00,finished,2,4-1,VfB Stuttgart,Finn Jeltsch,D,95,7.1,75,0,1,0.1413,0.0192235,2,1,2,64,59,7,4,0,0,0,0,6,5,4,4,2,1,6,0,2,0,0,5,0,1,0,0,0,1,0,2026-09-05T05:01:36.581082+00:00
Alemanha Bundesliga 2026/2027,VfB Stuttgart - 1. FC Köln,2026-09-04T18:30:00+00:00,finished,2,4-1,1. FC Köln,Gideon Mensah,D,95,5.9,49,0,0,0.062,0.0116166,2,0,0,33,30,5,3,2,0,2,1,2,3,0,0,1,1,1,2,6,1,0,8,0,1,0,0,0,4,0,2026-09-05T05:01:36.581291+00:00
Alemanha Bundesliga 2026/2027,VfB Stuttgart - 1. FC Köln,2026-09-04T18:30:00+00:00,finished,2,4-1,VfB Stuttgart,Grischa Prömel,M,95,7.9,53,1,0,0.5043,0.103583,3,1,0,45,42,1,1,0,0,0,0,4,3,3,0,0,0,1,0,1,2,0,3,1,1,0,0,0,1,0,2026-09-05T05:01:36.581139+00:00
Alemanha Bundesliga 2026/2027,VfB Stuttgart - 1. FC Köln,2026-09-04T18:30:00+00:00,finished,2,4-1,1. FC Köln,Imad Rondić,F,5,,3,0,0,,,0,0,0,0,0,0,0,0,0,1,1,1,1,0,1,0,0,1,0,1,0,0,1,0,0,0,0,0,1,0,2026-09-05T05:01:36.581410+00:00
Alemanha Bundesliga 2026/2027,VfB Stuttgart - 1. FC Köln,2026-09-04T18:30:00+00:00,finished,2,4-1,1. FC Köln,Jahmai Simpson-Pusey,D,95,6.0,63,0,0,,0.00500025,0,0,0,42,33,6,1,0,0,3,2,5,4,3,2,0,0,9,3,2,0,0,10,0,1,1,0,0,4,0,2026-09-05T05:01:36.581277+00:00
Alemanha Bundesliga 2026/2027,VfB Stuttgart - 1. FC Köln,2026-09-04T18:30:00+00:00,finished,2,4-1,VfB Stuttgart,Jamie Leweling,M,25,6.4,10,0,0,,0.00311689,0,0,0,6,5,1,0,1,0,1,0,0,2,0,0,0,0,0,0,1,0,0,4,0,0,0,0,0,1,0,2026-09-05T05:01:36.581193+00:00
Alemanha Bundesliga 2026/2027,VfB Stuttgart - 1. FC Köln,2026-09-04T18:30:00+00:00,finished,2,4-1,1. FC Köln,Jan Uwe Thielmann,M,45,6.5,18,0,0,0.0194,0.00136766,1,0,1,8,7,1,0,0,0,1,1,1,1,0,1,0,0,0,1,2,0,0,2,0,0,0,0,0,1,0,2026-09-05T05:01:36.581388+00:00
Alemanha Bundesliga 2026/2027,VfB Stuttgart - 1. FC Köln,2026-09-04T18:30:00+00:00,finished,2,4-1,VfB Stuttgart,Jeff Chabot,D,95,7.8,72,0,0,0.2125,0.0292605,2,1,0,54,50,10,7,0,0,0,0,9,5,7,4,2,2,8,2,4,0,0,5,0,0,0,0,0,1,0,2026-09-05T05:01:36.581091+00:00
Alemanha Bundesliga 2026/2027,VfB Stuttgart - 1. FC Köln,2026-09-04T18:30:00+00:00,finished,2,4-1,1. FC Köln,Joel Schmied,D,0,,0,0,0,,,0,0,0,0,0,0,0,0,0,0,0,0,0,0,0,0,0,0,0,0,0,0,0,0,0,0,0,0,0,0,2026-09-05T05:01:36.581423+00:00
Alemanha Bundesliga 2026/2027,VfB Stuttgart - 1. FC Köln,2026-09-04T18:30:00+00:00,finished,2,4-1,VfB Stuttgart,Josha Vagnoman,D,95,8.1,63,1,1,0.685,0.177286,3,1,4,39,32,3,3,2,2,2,1,2,3,0,0,0,0,1,0,3,1,1,9,1,0,0,0,0,1,0,2026-09-05T05:01:36.581121+00:00
Alemanha Bundesliga 2026/2027,VfB Stuttgart - 1. FC Köln,2026-09-04T18:30:00+00:00,finished,2,4-1,VfB Stuttgart,Leo Sauer,F,17,6.7,10,0,0,0.0469,0.00468634,1,0,0,7,5,0,0,0,0,1,1,1,0,0,0,0,0,0,0,0,1,0,2,0,0,0,0,0,1,0,2026-09-05T05:01:36.581215+00:00
Alemanha Bundesliga 2026/2027,VfB Stuttgart - 1. FC Köln,2026-09-04T18:30:00+00:00,finished,2,4-1,VfB Stuttgart,Leonidas Stergiou,D,0,,0,0,0,,,0,0,0,0,0,0,0,0,0,0,0,0,0,0,0,0,0,0,0,0,0,0,0,0,0,0,0,0,0,0,2026-09-05T05:01:36.581249+00:00
Alemanha Bundesliga 2026/2027,VfB Stuttgart - 1. FC Köln,2026-09-04T18:30:00+00:00,finished,2,4-1,1. FC Köln,Linton Maina,M,75,6.9,34,0,0,0.0289,0.0219611,1,0,1,24,21,1,1,1,0,1,1,2,2,0,2,0,0,1,0,4,1,0,6,1,0,0,0,0,3,0,2026-09-05T05:01:36.581357+00:00
Alemanha Bundesliga 2026/2027,VfB Stuttgart - 1. FC Köln,2026-09-04T18:30:00+00:00,finished,2,4-1,1. FC Köln,Luka Lochoshvili,D,95,5.7,55,0,0,0.095,0.00192646,1,0,0,42,38,5,1,0,0,1,0,1,6,1,3,0,0,5,0,4,0,0,6,0,0,0,0,0,4,0,2026-09-05T05:01:36.581284+00:00
Alemanha Bundesliga 2026/2027,VfB Stuttgart - 1. FC Köln,2026-09-04T18:30:00+00:00,finished,2,4-1,1. FC Köln,Marius Bülter,F,20,6.7,10,0,0,0.463,0.0131009,2,1,1,8,7,0,0,0,0,0,0,1,0,1,0,0,0,0,0,1,0,0,1,0,0,0,0,0,2,0,2026-09-05T05:01:36.581402+00:00
Alemanha Bundesliga 2026/2027,VfB Stuttgart - 1. FC Köln,2026-09-04T18:30:00+00:00,finished,2,4-1,VfB Stuttgart,Marius Funk,G,0,,0,0,0,,,0,0,0,0,0,0,0,0,0,0,0,0,0,0,0,0,0,0,0,0,0,0,0,0,0,0,0,0,0,0,2026-09-05T05:01:36.581256+00:00
Alemanha Bundesliga 2026/2027,VfB Stuttgart - 1. FC Köln,2026-09-04T18:30:00+00:00,finished,2,4-1,1. FC Köln,Marvin Schwäbe,G,95,6.4,60,0,0,,0.00308354,0,0,0,50,34,27,11,0,0,0,0,0,0,0,0,0,0,2,0,7,0,0,16,0,0,0,0,4,4,1,2026-09-05T05:01:36.581263+00:00
Alemanha Bundesliga 2026/2027,VfB Stuttgart - 1. FC Köln,2026-09-04T18:30:00+00:00,finished,2,4-1,VfB Stuttgart,Maximilian Mittelstädt,D,78,8.6,83,0,1,,0.545031,0,0,4,56,52,3,1,10,3,1,0,1,2,0,0,1,1,2,2,2,0,0,12,0,1,1,0,0,0,0,2026-09-05T05:01:36.581163+00:00
Alemanha Bundesliga 2026/2027,VfB Stuttgart - 1. FC Köln,2026-09-04T18:30:00+00:00,finished,2,4-1,1. FC Köln,Mikey Moore,F,50,7.2,22,0,0,0.102,0.478279,2,2,2,13,12,0,0,0,0,2,1,1,2,0,1,0,0,1,0,1,0,0,3,0,0,0,0,0,3,0,2026-09-05T05:01:36.581366+00:00
Alemanha Bundesliga 2026/2027,VfB Stuttgart - 1. FC Köln,2026-09-04T18:30:00+00:00,finished,2,4-1,1. FC Köln,Paul Okon-Engstler,M,45,6.8,32,0,0,,0.00757768,0,0,0,25,24,0,0,0,0,0,0,1,1,1,0,0,0,1,0,4,0,0,3,0,1,0,0,0,1,0,2026-09-05T05:01:36.581380+00:00
Alemanha Bundesliga 2026/2027,VfB Stuttgart - 1. FC Köln,2026-09-04T18:30:00+00:00,finished,2,4-1,1. FC Köln,Ragnar Ache,F,75,6.1,28,0,0,0.2694,0.0401711,2,0,2,18,11,0,0,0,0,0,0,5,11,5,8,0,0,0,0,1,2,3,14,0,0,0,0,0,3,0,2026-09-05T05:01:36.581340+00:00
Alemanha Bundesliga 2026/2027,VfB Stuttgart - 1. FC Köln,2026-09-04T18:30:00+00:00,finished,2,4-1,VfB Stuttgart,Ramon Hendriks,D,17,6.6,10,0,0,,0.0011404,0,0,0,5,5,0,0,0,0,0,0,1,1,0,1,0,0,0,0,0,0,0,1,1,0,0,0,0,1,0,2026-09-05T05:01:36.581222+00:00
Alemanha Bundesliga 2026/2027,VfB Stuttgart - 1. FC Köln,2026-09-04T18:30:00+00:00,finished,2,4-1,1. FC Köln,Rav van den Berg,D,0,,0,0,0,,,0,0,0,0,0,0,0,0,0,0,0,0,0,0,0,0,0,0,0,0,0,0,0,0,0,0,0,0,0,0,2026-09-05T05:01:36.581430+00:00
Alemanha Bundesliga 2026/2027,VfB Stuttgart - 1. FC Köln,2026-09-04T18:30:00+00:00,finished,2,4-1,1. FC Köln,Reigan Heskey,F,20,6.5,8,0,0,0.0162,7.55e-05,1,0,0,4,3,0,0,0,0,1,0,1,1,0,0,0,0,0,0,0,0,0,2,1,0,0,0,0,2,0,2026-09-05T05:01:36.581395+00:00
Alemanha Bundesliga 2026/2027,VfB Stuttgart - 1. FC Köln,2026-09-04T18:30:00+00:00,finished,2,4-1,1. FC Köln,Ron-Robert Zieler,G,0,,0,0,0,,,0,0,0,0,0,0,0,0,0,0,0,0,0,0,0,0,0,0,0,0,0,0,0,0,0,0,0,0,0,0,2026-09-05T05:01:36.581416+00:00
Alemanha Bundesliga 2026/2027,VfB Stuttgart - 1. FC Köln,2026-09-04T18:30:00+00:00,finished,2,4-1,1. FC Köln,Tom Krauß,M,90,6.5,49,0,0,0.1751,0.0722609,2,0,1,34,30,2,1,1,0,1,0,4,3,2,1,2,1,2,2,5,0,0,6,0,1,1,0,0,4,0,2026-09-05T05:01:36.581321+00:00
Alemanha Bundesliga 2026/2027,VfB Stuttgart - 1. FC Köln,2026-09-04T18:30:00+00:00,finished,2,4-1,VfB Stuttgart,Yanik Spalt,M,3,,1,0,0,,,0,0,0,1,0,0,0,0,0,0,0,1,0,1,0,0,0,0,0,0,0,0,1,0,0,0,0,0,0,0,2026-09-05T05:01:36.581228+00:00
Alemanha Bundesliga 2026/2027,VfB Stuttgart - 1. FC Köln,2026-09-04T18:30:00+00:00,finished,2,4-1,1. FC Köln,Ísak Bergmann Jóhannesson,M,95,6.7,43,0,0,0.1131,0.0731134,1,0,1,31,27,3,2,6,1,0,0,3,1,0,1,1,1,0,0,3,0,0,10,2,0,0,0,0,4,0,2026-09-05T05:01:36.581298+00:00
Alemanha Bundesliga 2026/2027,Bayer 04 Leverkusen - 1. FC Union Berlin,2026-09-05T13:30:00+00:00,finished,2,4-0,1. FC Union Berlin,,,90,7.2,67,0,0,0.2084,0.0103472,1,0,0,48,41,5,2,0,0,0,0,4,4,2,1,0,0,9,1,5,0,0,8,2,2,1,0,0,4,0,2026-09-06T05:01:29.685872+00:00
Alemanha Bundesliga 2026/2027,Bayer 04 Leverkusen - 1. FC Union Berlin,2026-09-05T13:30:00+00:00,finished,2,4-0,Bayer 04 Leverkusen,Afonso Moreira,F,90,6.9,44,0,0,0.2517,0.0312149,3,2,0,32,28,3,1,3,0,0,0,1,3,0,1,1,0,3,0,1,1,1,8,0,1,0,0,0,0,0,2026-09-06T05:01:29.685963+00:00
Alemanha Bundesliga 2026/2027,Bayer 04 Leverkusen - 1. FC Union Berlin,2026-09-05T13:30:00+00:00,finished,2,4-0,Bayer 04 Leverkusen,Aleix García,M,90,8.3,122,0,0,0.0914,0.291348,2,2,4,103,94,10,10,9,2,0,0,3,1,0,1,2,1,0,2,5,0,0,16,1,0,0,0,0,0,0,2026-09-06T05:01:29.685967+00:00
Alemanha Bundesliga 2026/2027,Bayer 04 Leverkusen - 1. FC Union Berlin,2026-09-05T13:30:00+00:00,finished,2,4-0,1. FC Union Berlin,Aljoscha Kemlein,M,63,6.9,38,0,0,,0.00876092,0,0,0,26,21,0,0,2,0,1,0,3,2,1,0,2,2,4,0,6,0,0,10,0,0,0,0,0,3,0,2026-09-06T05:01:29.685902+00:00
Alemanha Bundesliga 2026/2027,Bayer 04 Leverkusen - 1. FC Union Berlin,2026-09-05T13:30:00+00:00,finished,2,4-0,1. FC Union Berlin,András Schäfer,M,11,6.5,10,0,0,,0.00041579,0,0,0,7,7,0,0,0,0,0,0,1,3,0,0,0,0,0,1,3,0,1,1,1,2,0,0,0,0,0,2026-09-06T05:01:29.685933+00:00
Alemanha Bundesliga 2026/2027,Bayer 04 Leverkusen - 1. FC Union Berlin,2026-09-05T13:30:00+00:00,finished,2,4-0,Bayer 04 Leverkusen,Christian Kofane,F,23,6.6,8,0,0,0.1709,9.84e-06,2,0,0,2,1,0,0,0,0,0,0,2,1,1,0,0,0,0,0,0,1,0,2,1,1,0,0,0,0,0,2026-09-06T05:01:29.686007+00:00
Alemanha Bundesliga 2026/2027,Bayer 04 Leverkusen - 1. FC Union Berlin,2026-09-05T13:30:00+00:00,finished,2,4-0,1. FC Union Berlin,Christopher Trimmel,M,16,6.8,7,0,0,,0.00225489,0,0,0,6,6,1,1,1,0,0,0,0,0,0,0,0,0,0,0,0,0,0,1,0,0,0,0,0,0,0,2026-09-06T05:01:29.685929+00:00
Alemanha Bundesliga 2026/2027,Bayer 04 Leverkusen - 1. FC Union Berlin,2026-09-05T13:30:00+00:00,finished,2,4-0,1. FC Union Berlin,Derrick Köhn,M,0,,0,0,0,,,0,0,0,0,0,0,0,0,0,0,0,0,0,0,0,0,0,0,0,0,0,0,0,0,0,0,0,0,0,0,2026-09-06T05:01:29.685949+00:00
Alemanha Bundesliga 2026/2027,Bayer 04 Leverkusen - 1. FC Union Berlin,2026-09-05T13:30:00+00:00,finished,2,4-0,Bayer 04 Leverkusen,Edmond Tapsoba,D,90,7.4,75,0,0,,0.047441,0,0,0,64,59,7,5,0,0,1,0,4,4,3,1,1,0,5,0,3,0,1,7,0,0,0,0,0,0,0,2026-09-06T05:01:29.685972+00:00
Alemanha Bundesliga 2026/2027,Bayer 04 Leverkusen - 1. FC Union Berlin,2026-09-05T13:30:00+00:00,finished,2,4-0,1. FC Union Berlin,Emmanuel Latte Lath,F,63,6.4,10,0,0,0.1048,0.00048683,1,0,0,6,2,1,0,0,0,0,0,2,2,1,1,0,0,0,1,0,0,0,4,1,0,0,0,0,3,0,2026-09-06T05:01:29.685912+00:00
Alemanha Bundesliga 2026/2027,Bayer 04 Leverkusen - 1. FC Union Berlin,2026-09-05T13:30:00+00:00,finished,2,4-0,Bayer 04 Leverkusen,Ezequiel Fernández,M,71,8.1,59,1,0,0.4653,0.133419,2,1,1,48,46,3,3,0,0,1,0,4,1,0,0,1,1,1,1,3,0,0,3,3,0,0,0,0,0,0,2026-09-06T05:01:29.685989+00:00
Alemanha Bundesliga 2026/2027,Bayer 04 Leverkusen - 1. FC Union Berlin,2026-09-05T13:30:00+00:00,finished,2,4-0,Bayer 04 Leverkusen,Facundo Medina,D,71,8.3,78,1,0,0.4171,0.0366404,1,1,0,67,65,4,3,0,0,0,0,2,3,1,0,0,0,3,0,2,0,1,6,1,3,0,0,0,0,0,2026-09-06T05:01:29.685985+00:00
Alemanha Bundesliga 2026/2027,Bayer 04 Leverkusen - 1. FC Union Berlin,2026-09-05T13:30:00+00:00,finished,2,4-0,1. FC Union Berlin,Frederik Rønnow,G,90,6.6,42,0,0,,0.00042914,0,0,0,28,19,12,4,0,0,0,0,0,0,0,0,0,0,0,0,8,0,0,9,0,0,0,0,6,4,0,2026-09-06T05:01:29.685883+00:00
Alemanha Bundesliga 2026/2027,Bayer 04 Leverkusen - 1. FC Union Berlin,2026-09-05T13:30:00+00:00,finished,2,4-0,Bayer 04 Leverkusen,Ibrahim Maza,F,90,9.0,86,1,0,0.2919,0.754276,5,2,3,55,43,1,1,5,1,6,5,6,5,1,0,0,0,3,3,5,2,3,23,0,1,1,0,0,0,0,2026-09-06T05:01:29.685958+00:00
Alemanha Bundesliga 2026/2027,Bayer 04 Leverkusen - 1. FC Union Berlin,2026-09-05T13:30:00+00:00,finished,2,4-0,1. FC Union Berlin,Janik Haberer,M,27,6.6,18,0,0,0.0221,0.00453126,1,0,0,12,11,1,1,0,0,0,0,0,0,0,0,0,0,2,1,2,0,0,1,0,0,0,0,0,1,0,2026-09-06T05:01:29.685916+00:00
Alemanha Bundesliga 2026/2027,Bayer 04 Leverkusen - 1. FC Union Berlin,2026-09-05T13:30:00+00:00,finished,2,4-0,Bayer 04 Leverkusen,Janis Blaswich,G,0,,0,0,0,,,0,0,0,0,0,0,0,0,0,0,0,0,0,0,0,0,0,0,0,0,0,0,0,0,0,0,0,0,0,0,2026-09-06T05:01:29.686037+00:00
Alemanha Bundesliga 2026/2027,Bayer 04 Leverkusen - 1. FC Union Berlin,2026-09-05T13:30:00+00:00,finished,2,4-0,Bayer 04 Leverkusen,Jarell Quansah,D,90,7.1,68,0,1,0.0641,0.2406,1,0,1,47,44,2,2,2,1,0,0,2,6,0,4,1,1,1,0,4,0,1,9,1,1,0,0,0,0,0,2026-09-06T05:01:29.685977+00:00
Alemanha Bundesliga 2026/2027,Bayer 04 Leverkusen - 1. FC Union Berlin,2026-09-05T13:30:00+00:00,finished,2,4-0,Bayer 04 Leverkusen,Jonas Hofmann,F,0,,0,0,0,,,0,0,0,0,0,0,0,0,0,0,0,0,0,0,0,0,0,0,0,0,0,0,0,0,0,0,0,0,0,0,2026-09-06T05:01:29.686024+00:00
Alemanha Bundesliga 2026/2027,Bayer 04 Leverkusen - 1. FC Union Berlin,2026-09-05T13:30:00+00:00,finished,2,4-0,1. FC Union Berlin,Josip Juranović,M,74,5.9,47,0,0,0.0269,0.102868,1,0,1,24,18,2,0,7,2,0,0,2,1,0,1,2,2,1,1,0,1,0,17,0,0,0,0,0,4,0,2026-09-06T05:01:29.685897+00:00
Alemanha Bundesliga 2026/2027,Bayer 04 Leverkusen - 1. FC Union Berlin,2026-09-05T13:30:00+00:00,finished,2,4-0,1. FC Union Berlin,Leopold Querfeld,D,0,,0,0,0,,,0,0,0,0,0,0,0,0,0,0,0,0,0,0,0,0,0,0,0,0,0,0,0,0,0,0,0,0,0,0,2026-09-06T05:01:29.685945+00:00
Alemanha Bundesliga 2026/2027,Bayer 04 Leverkusen - 1. FC Union Berlin,2026-09-05T13:30:00+00:00,finished,2,4-0,1. FC Union Berlin,Livan Burcu,F,79,6.5,33,0,0,,0.0250255,0,0,0,25,22,1,1,3,1,0,0,2,1,0,0,0,0,1,1,6,0,0,5,2,0,0,0,0,4,0,2026-09-06T05:01:29.685891+00:00
Alemanha Bundesliga 2026/2027,Bayer 04 Leverkusen - 1. FC Union Berlin,2026-09-05T13:30:00+00:00,finished,2,4-0,Bayer 04 Leverkusen,Loïc Badé,D,19,7.2,19,0,0,,0.00186205,0,0,0,14,13,2,1,0,0,0,0,4,1,1,0,3,2,1,0,0,0,0,1,0,1,0,0,0,0,0,2026-09-06T05:01:29.686011+00:00
Alemanha Bundesliga 2026/2027,Bayer 04 Leverkusen - 1. FC Union Berlin,2026-09-05T13:30:00+00:00,finished,2,4-0,Bayer 04 Leverkusen,Lucas Vázquez,M,11,6.7,5,0,0,,0.134637,0,0,1,2,2,0,0,1,1,0,0,1,0,0,0,0,0,0,0,0,0,0,0,1,0,0,0,0,0,0,2026-09-06T05:01:29.686020+00:00
Alemanha Bundesliga 2026/2027,Bayer 04 Leverkusen - 1. FC Union Berlin,2026-09-05T13:30:00+00:00,finished,2,4-0,Bayer 04 Leverkusen,Malik Tillman,M,67,7.3,41,0,0,0.0635,0.419673,1,0,1,32,29,2,0,1,1,1,0,0,3,0,0,0,0,1,0,4,1,1,6,0,1,0,0,0,0,0,2026-09-06T05:01:29.685998+00:00
Alemanha Bundesliga 2026/2027,Bayer 04 Leverkusen - 1. FC Union Berlin,2026-09-05T13:30:00+00:00,finished,2,4-0,1. FC Union Berlin,Marin Ljubičić,F,90,6.9,25,0,0,,0.0844312,0,0,0,15,12,0,0,1,0,1,1,5,3,1,0,1,0,0,0,1,0,2,8,2,1,0,0,0,4,0,2026-09-06T05:01:29.685887+00:00
Alemanha Bundesliga 2026/2027,Bayer 04 Leverkusen - 1. FC Union Berlin,2026-09-05T13:30:00+00:00,finished,2,4-0,Bayer 04 Leverkusen,Mark Flekken,G,90,6.9,35,0,0,,0.00268035,0,0,0,30,23,14,7,0,0,0,0,0,0,0,0,0,0,0,0,6,0,0,7,0,0,0,0,0,0,0,2026-09-06T05:01:29.685953+00:00
Alemanha Bundesliga 2026/2027,Bayer 04 Leverkusen - 1. FC Union Berlin,2026-09-05T13:30:00+00:00,finished,2,4-0,1. FC Union Berlin,Matheo Raab,G,0,,0,0,0,,,0,0,0,0,0,0,0,0,0,0,0,0,0,0,0,0,0,0,0,0,0,0,0,0,0,0,0,0,0,0,2026-09-06T05:01:29.685942+00:00
Alemanha Bundesliga 2026/2027,Bayer 04 Leverkusen - 1. FC Union Berlin,2026-09-05T13:30:00+00:00,finished,2,4-0,1. FC Union Berlin,Michel Aebischer,M,63,6.2,18,0,0,,0.0151562,0,0,1,13,11,1,0,1,0,1,0,2,4,0,2,1,0,0,0,0,0,0,4,1,0,0,0,0,3,0,2026-09-06T05:01:29.685907+00:00
Alemanha Bundesliga 2026/2027,Bayer 04 Leverkusen - 1. FC Union Berlin,2026-09-05T13:30:00+00:00,finished,2,4-0,Bayer 04 Leverkusen,Miguel Gutiérrez,D,83,9.3,71,0,2,,1.15342,0,0,3,53,47,5,3,5,1,1,0,2,2,0,0,1,1,0,0,5,0,0,12,1,1,1,0,0,0,0,2026-09-06T05:01:29.685981+00:00
Alemanha Bundesliga 2026/2027,Bayer 04 Leverkusen - 1. FC Union Berlin,2026-09-05T13:30:00+00:00,finished,2,4-0,Bayer 04 Leverkusen,Moussa Diaby,M,23,6.7,14,0,0,,0.159986,0,0,1,9,9,1,1,0,0,1,0,0,1,0,0,0,0,0,1,3,0,0,2,0,0,0,0,0,0,0,2026-09-06T05:01:29.686003+00:00
Alemanha Bundesliga 2026/2027,Bayer 04 Leverkusen - 1. FC Union Berlin,2026-09-05T13:30:00+00:00,finished,2,4-0,Bayer 04 Leverkusen,Patrik Schick,F,67,7.5,24,1,1,1.1131,0.0568067,4,2,2,8,7,0,0,0,0,2,1,4,3,2,2,0,0,6,0,0,1,0,3,1,0,0,0,0,0,0,2026-09-06T05:01:29.685994+00:00
Alemanha Bundesliga 2026/2027,Bayer 04 Leverkusen - 1. FC Union Berlin,2026-09-05T13:30:00+00:00,finished,2,4-0,1. FC Union Berlin,Rani Khedira,M,90,6.4,39,0,0,,0.0157304,0,0,0,33,27,1,0,0,0,1,0,2,2,1,0,1,1,1,0,5,0,0,7,0,1,0,0,0,4,0,2026-09-06T05:01:29.685836+00:00
Alemanha Bundesliga 2026/2027,Bayer 04 Leverkusen - 1. FC Union Berlin,2026-09-05T13:30:00+00:00,finished,2,4-0,Bayer 04 Leverkusen,Robert Andrich,D,19,6.6,17,0,0,,0.0174177,0,0,1,15,13,0,0,0,0,0,0,1,1,0,0,0,0,0,0,1,0,0,3,1,1,0,0,0,0,0,2026-09-06T05:01:29.686015+00:00
Alemanha Bundesliga 2026/2027,Bayer 04 Leverkusen - 1. FC Union Berlin,2026-09-05T13:30:00+00:00,finished,2,4-0,1. FC Union Berlin,Robert Skov,M,0,,0,0,0,,,0,0,0,0,0,0,0,0,0,0,0,0,0,0,0,0,0,0,0,0,0,0,0,0,0,0,0,0,0,0,2026-09-06T05:01:29.685937+00:00
Alemanha Bundesliga 2026/2027,Bayer 04 Leverkusen - 1. FC Union Berlin,2026-09-05T13:30:00+00:00,finished,2,4-0,Bayer 04 Leverkusen,Tim Oermann,D,0,,0,0,0,,,0,0,0,0,0,0,0,0,0,0,0,0,0,0,0,0,0,0,0,0,0,0,0,0,0,0,0,0,0,0,2026-09-06T05:01:29.686028+00:00
Alemanha Bundesliga 2026/2027,Bayer 04 Leverkusen - 1. FC Union Berlin,2026-09-05T13:30:00+00:00,finished,2,4-0,1. FC Union Berlin,Tim Skarke,M,27,6.2,13,0,0,0.0428,0.00477197,1,0,1,8,4,0,0,0,0,1,0,2,3,0,1,2,1,0,1,0,1,0,5,0,0,0,0,0,1,0,2026-09-06T05:01:29.685925+00:00
Alemanha Bundesliga 2026/2027,Bayer 04 Leverkusen - 1. FC Union Berlin,2026-09-05T13:30:00+00:00,finished,2,4-0,1. FC Union Berlin,Tom Alexander Rothe,D,90,6.1,59,0,0,,0.0122552,0,0,0,29,22,2,0,0,0,1,0,9,5,3,0,5,5,3,0,3,0,1,17,1,3,0,0,0,4,0,2026-09-06T05:01:29.685878+00:00
Alemanha Bundesliga 2026/2027,Bayer 04 Leverkusen - 1. FC Union Berlin,2026-09-05T13:30:00+00:00,finished,2,4-0,Bayer 04 Leverkusen,Victor Okoh Boniface,F,0,,0,0,0,,,0,0,0,0,0,0,0,0,0,0,0,0,0,0,0,0,0,0,0,0,0,0,0,0,0,0,0,0,0,0,2026-09-06T05:01:29.686032+00:00
Alemanha Bundesliga 2026/2027,Bayer 04 Leverkusen - 1. FC Union Berlin,2026-09-05T13:30:00+00:00,finished,2,4-0,1. FC Union Berlin,Woo-Yeong Jeong,F,27,6.6,13,0,0,,0.0295271,0,0,1,9,7,1,1,0,0,0,0,1,1,1,0,0,0,1,0,1,0,1,3,0,1,0,0,0,1,0,2026-09-06T05:01:29.685920+00:00
Alemanha Bundesliga 2026/2027,Bayer 04 Leverkusen - 1. FC Union Berlin,2026-09-05T13:30:00+00:00,finished,2,4-0,1. FC Union Berlin,Zeno Van Den Bosch,D,90,5.3,46,0,0,,0.00399974,0,0,0,34,30,4,2,0,0,0,0,0,4,0,2,0,0,6,2,2,0,0,5,0,2,1,0,0,4,0,2026-09-06T05:01:29.685866+00:00
Alemanha Bundesliga 2026/2027,Borussia M'gladbach - SV 07 Elversberg,2026-09-05T13:30:00+00:00,finished,2,3-4,SV 07 Elversberg,Amara Condé,M,8,6.7,3,0,0,,0.00051006,0,0,0,1,1,0,0,0,0,0,0,1,0,0,0,0,0,0,0,0,0,0,0,1,0,1,0,0,0,0,2026-09-06T05:01:29.574596+00:00
Alemanha Bundesliga 2026/2027,Borussia M'gladbach - SV 07 Elversberg,2026-09-05T13:30:00+00:00,finished,2,3-4,SV 07 Elversberg,Cole Campbell,F,64,6.0,27,0,0,,0.025644,0,0,1,13,11,1,0,2,0,2,0,3,6,0,1,0,0,0,0,3,0,1,12,3,1,0,0,0,3,0,2026-09-06T05:01:29.574574+00:00
Alemanha Bundesliga 2026/2027,Borussia M'gladbach - SV 07 Elversberg,2026-09-05T13:30:00+00:00,finished,2,3-4,Borussia M'gladbach,Daniel Batz,G,0,,0,0,0,,,0,0,0,0,0,0,0,0,0,0,0,0,0,0,0,0,0,0,0,0,0,0,0,0,0,0,0,0,0,0,2026-09-06T05:01:29.574521+00:00
Alemanha Bundesliga 2026/2027,Borussia M'gladbach - SV 07 Elversberg,2026-09-05T13:30:00+00:00,finished,2,3-4,Borussia M'gladbach,David Herold,D,9,6.4,11,0,0,,0.0182466,0,0,1,6,6,1,1,0,0,1,0,2,2,1,1,1,1,2,0,0,0,0,1,0,0,0,0,0,1,0,2026-09-06T05:01:29.574506+00:00
Alemanha Bundesliga 2026/2027,Borussia M'gladbach - SV 07 Elversberg,2026-09-05T13:30:00+00:00,finished,2,3-4,SV 07 Elversberg,David Mokwa,F,88,7.7,23,1,0,0.3232,0.0270814,1,1,2,14,12,0,0,0,0,2,1,2,5,0,2,0,0,0,0,5,0,1,6,1,1,0,0,0,3,0,2026-09-06T05:01:29.574557+00:00
Alemanha Bundesliga 2026/2027,Borussia M'gladbach - SV 07 Elversberg,2026-09-05T13:30:00+00:00,finished,2,3-4,Borussia M'gladbach,Fabio Chiarodia,D,0,,0,0,0,,,0,0,0,0,0,0,0,0,0,0,0,0,0,0,0,0,0,0,0,0,0,0,0,0,0,0,0,0,0,0,2026-09-06T05:01:29.574512+00:00
Alemanha Bundesliga 2026/2027,Borussia M'gladbach - SV 07 Elversberg,2026-09-05T13:30:00+00:00,finished,2,3-4,SV 07 Elversberg,Felix Keidel,D,90,7.1,52,1,0,0.0473,0.111522,1,1,1,33,25,2,1,6,0,1,0,1,3,0,1,1,0,2,2,6,0,1,18,0,0,0,0,0,3,0,2026-09-06T05:01:29.574534+00:00
Alemanha Bundesliga 2026/2027,Borussia M'gladbach - SV 07 Elversberg,2026-09-05T13:30:00+00:00,finished,2,3-4,SV 07 Elversberg,Florian Yves Le Joncour,D,0,,0,0,0,,,0,0,0,0,0,0,0,0,0,0,0,0,0,0,0,0,0,0,0,0,0,0,0,0,0,0,0,0,0,0,2026-09-06T05:01:29.574604+00:00
Alemanha Bundesliga 2026/2027,Borussia M'gladbach - SV 07 Elversberg,2026-09-05T13:30:00+00:00,finished,2,3-4,SV 07 Elversberg,Francis Onyeka,M,75,6.7,26,0,0,0.2771,0.0109964,2,1,0,12,10,0,0,0,0,2,2,5,5,0,2,2,2,0,2,2,0,2,5,1,0,0,0,0,3,0,2026-09-06T05:01:29.574571+00:00
Alemanha Bundesliga 2026/2027,Borussia M'gladbach - SV 07 Elversberg,2026-09-05T13:30:00+00:00,finished,2,3-4,Borussia M'gladbach,Franck Honorat,M,69,7.7,42,0,2,0.0082,0.401104,1,0,3,31,23,2,0,6,1,1,1,2,2,1,0,0,0,2,0,1,1,0,13,0,2,0,0,0,2,0,2026-09-06T05:01:29.574456+00:00
Alemanha Bundesliga 2026/2027,Borussia M'gladbach - SV 07 Elversberg,2026-09-05T13:30:00+00:00,finished,2,3-4,Borussia M'gladbach,Hugo Bolin,M,90,9.1,51,2,0,0.6055,0.356016,6,2,3,31,29,0,0,2,1,2,2,6,3,1,0,0,0,0,1,6,3,0,4,3,3,1,0,0,4,0,2026-09-06T05:01:29.574413+00:00
Alemanha Bundesliga 2026/2027,Borussia M'gladbach - SV 07 Elversberg,2026-09-05T13:30:00+00:00,finished,2,3-4,Borussia M'gladbach,Isac Lidberg,F,13,6.5,9,0,0,,0.00343971,0,0,1,6,4,0,0,0,0,1,1,1,0,0,0,0,0,0,0,0,0,0,2,0,0,0,0,0,2,0,2026-09-06T05:01:29.574494+00:00
Alemanha Bundesliga 2026/2027,Borussia M'gladbach - SV 07 Elversberg,2026-09-05T13:30:00+00:00,finished,2,3-4,SV 07 Elversberg,Jan Gyamerah,D,88,6.3,61,0,0,0.143,0.0126406,1,0,1,29,22,3,2,0,0,2,0,8,8,3,1,4,3,3,0,2,0,2,18,1,1,0,0,0,3,0,2026-09-06T05:01:29.574561+00:00
Alemanha Bundesliga 2026/2027,Borussia M'gladbach - SV 07 Elversberg,2026-09-05T13:30:00+00:00,finished,2,3-4,Borussia M'gladbach,Jan Leszczyński,D,13,6.2,13,0,0,,0.00542427,0,0,1,11,7,1,0,0,0,0,0,3,1,3,0,0,0,2,0,1,0,0,4,0,1,0,0,0,2,0,2026-09-06T05:01:29.574476+00:00
Alemanha Bundesliga 2026/2027,Borussia M'gladbach - SV 07 Elversberg,2026-09-05T13:30:00+00:00,finished,2,3-4,Borussia M'gladbach,Joe Scally,D,77,7.2,52,1,0,0.2311,0.0138361,1,1,0,30,27,1,0,1,0,2,1,8,1,0,0,6,3,1,0,3,0,0,5,1,0,0,0,0,2,0,2026-09-06T05:01:29.574451+00:00
Alemanha Bundesliga 2026/2027,Borussia M'gladbach - SV 07 Elversberg,2026-09-05T13:30:00+00:00,finished,2,3-4,Borussia M'gladbach,Kevin Diks,D,90,6.2,47,0,0,0.0295,0.0273372,2,0,0,38,30,7,4,0,0,0,0,5,1,4,1,0,0,6,0,2,1,0,8,1,0,1,0,0,4,0,2026-09-06T05:01:29.574422+00:00
Alemanha Bundesliga 2026/2027,Borussia M'gladbach - SV 07 Elversberg,2026-09-05T13:30:00+00:00,finished,2,3-4,Borussia M'gladbach,Kevin Stöger,M,0,,0,0,0,,,0,0,0,0,0,0,0,0,0,0,0,0,0,0,0,0,0,0,0,0,0,0,0,0,0,0,0,0,0,0,2026-09-06T05:01:29.574525+00:00
Alemanha Bundesliga 2026/2027,Borussia M'gladbach - SV 07 Elversberg,2026-09-05T13:30:00+00:00,finished,2,3-4,Borussia M'gladbach,Ko Itakura,D,90,5.2,50,0,0,0.3503,0.0691817,1,1,1,42,40,1,0,1,1,0,0,2,3,0,1,2,1,4,0,4,0,0,2,0,2,0,0,0,4,0,2026-09-06T05:01:29.574417+00:00
Alemanha Bundesliga 2026/2027,Borussia M'gladbach - SV 07 Elversberg,2026-09-05T13:30:00+00:00,finished,2,3-4,SV 07 Elversberg,Lasse Günther,D,75,5.8,39,0,0,0.0305,0.0081845,1,1,0,21,13,1,0,0,0,1,0,1,5,0,1,0,0,3,0,0,0,0,14,1,2,0,0,0,3,0,2026-09-06T05:01:29.574566+00:00
Alemanha Bundesliga 2026/2027,Borussia M'gladbach - SV 07 Elversberg,2026-09-05T13:30:00+00:00,finished,2,3-4,SV 07 Elversberg,Luca Schnellbacher,F,0,,0,0,0,,,0,0,0,0,0,0,0,0,0,0,0,0,0,0,0,0,0,0,0,0,0,0,0,0,0,0,0,0,0,0,2026-09-06T05:01:29.574600+00:00
Alemanha Bundesliga 2026/2027,Borussia M'gladbach - SV 07 Elversberg,2026-09-05T13:30:00+00:00,finished,2,3-4,SV 07 Elversberg,Luca Sirch,D,8,7.0,1,0,0,,0.103607,0,0,0,1,1,1,1,0,0,0,0,0,0,0,0,0,0,0,0,0,0,0,0,0,0,0,0,0,0,0,2026-09-06T05:01:29.574591+00:00
Alemanha Bundesliga 2026/2027,Borussia M'gladbach - SV 07 Elversberg,2026-09-05T13:30:00+00:00,finished,2,3-4,SV 07 Elversberg,Lukas Finn Pinckert,D,90,6.0,71,0,1,,0.00398029,0,0,1,53,47,4,1,1,0,0,0,3,7,3,5,0,0,10,0,2,0,0,7,1,0,0,0,0,3,0,2026-09-06T05:01:29.574547+00:00
Alemanha Bundesliga 2026/2027,Borussia M'gladbach - SV 07 Elversberg,2026-09-05T13:30:00+00:00,finished,2,3-4,SV 07 Elversberg,Lukas Petkov,M,90,6.9,40,0,0,0.1006,0.0195129,2,2,1,13,8,3,2,1,0,2,0,9,9,3,2,4,3,2,1,3,0,3,16,2,2,0,0,0,3,0,2026-09-06T05:01:29.574543+00:00
Alemanha Bundesliga 2026/2027,Borussia M'gladbach - SV 07 Elversberg,2026-09-05T13:30:00+00:00,finished,2,3-4,Borussia M'gladbach,Lukas Ullrich,D,81,6.1,53,0,0,0.0402,0.0738706,1,0,1,23,15,4,0,3,0,2,1,9,7,2,2,3,2,1,5,5,0,2,16,3,1,0,0,0,3,0,2026-09-06T05:01:29.574426+00:00
Alemanha Bundesliga 2026/2027,Borussia M'gladbach - SV 07 Elversberg,2026-09-05T13:30:00+00:00,finished,2,3-4,Borussia M'gladbach,Mathieu Nguefack ,M,90,6.0,49,0,0,0.0978,0.0275043,2,0,2,35,31,4,2,3,0,1,1,4,6,2,0,1,0,2,1,6,0,1,10,0,3,1,0,0,4,0,2026-09-06T05:01:29.574408+00:00
Alemanha Bundesliga 2026/2027,Borussia M'gladbach - SV 07 Elversberg,2026-09-05T13:30:00+00:00,finished,2,3-4,SV 07 Elversberg,Maurice Krattenmacher,M,26,8.8,16,2,0,1.4497,,6,4,0,1,0,0,0,0,0,2,1,5,2,0,0,0,0,0,1,4,0,1,4,4,0,0,0,0,0,0,2026-09-06T05:01:29.574578+00:00
Alemanha Bundesliga 2026/2027,Borussia M'gladbach - SV 07 Elversberg,2026-09-05T13:30:00+00:00,finished,2,3-4,SV 07 Elversberg,Maximilian Rohr,D,90,6.8,73,0,0,,0.0054154,0,0,0,58,54,3,2,0,0,0,0,3,3,1,2,0,0,5,1,1,0,0,5,2,1,0,0,0,3,0,2026-09-06T05:01:29.574530+00:00
Alemanha Bundesliga 2026/2027,Borussia M'gladbach - SV 07 Elversberg,2026-09-05T13:30:00+00:00,finished,2,3-4,Borussia M'gladbach,Moritz Nicolas,G,90,6.6,44,0,0,,0.00223533,0,0,0,31,24,15,9,0,0,0,0,0,0,0,0,0,0,0,0,6,0,0,9,0,0,0,0,6,4,0,2026-09-06T05:01:29.574375+00:00
Alemanha Bundesliga 2026/2027,Borussia M'gladbach - SV 07 Elversberg,2026-09-05T13:30:00+00:00,finished,2,3-4,SV 07 Elversberg,Nicholas Mickelson,D,15,6.8,11,0,0,,0.0084039,0,0,1,6,6,0,0,0,0,0,0,0,0,0,0,0,0,3,1,1,0,0,0,0,0,0,0,0,0,0,2026-09-06T05:01:29.574587+00:00
Alemanha Bundesliga 2026/2027,Borussia M'gladbach - SV 07 Elversberg,2026-09-05T13:30:00+00:00,finished,2,3-4,SV 07 Elversberg,Nicolas Kristof,G,90,7.4,54,0,0,,0.001986,0,0,0,44,33,18,7,0,0,0,0,2,0,1,0,0,0,4,0,5,0,0,11,1,0,0,0,2,3,2,2026-09-06T05:01:29.574539+00:00
Alemanha Bundesliga 2026/2027,Borussia M'gladbach - SV 07 Elversberg,2026-09-05T13:30:00+00:00,finished,2,3-4,Borussia M'gladbach,Nicolas-Gerrit Kühn,F,21,7.1,6,0,0,0.1102,0.320293,1,0,2,1,1,0,0,3,2,0,0,1,1,0,1,1,1,0,0,1,1,0,1,0,0,0,0,0,2,0,2026-09-06T05:01:29.574471+00:00
Alemanha Bundesliga 2026/2027,Borussia M'gladbach - SV 07 Elversberg,2026-09-05T13:30:00+00:00,finished,2,3-4,SV 07 Elversberg,Noah Darvich,M,0,,0,0,0,,,0,0,0,0,0,0,0,0,0,0,0,0,0,0,0,0,0,0,0,0,0,0,0,0,0,0,0,0,0,0,2026-09-06T05:01:29.574609+00:00
Alemanha Bundesliga 2026/2027,Borussia M'gladbach - SV 07 Elversberg,2026-09-05T13:30:00+00:00,finished,2,3-4,SV 07 Elversberg,Noel Futkeu,F,15,6.9,8,0,1,,0.15269,0,0,2,5,5,0,0,0,0,0,0,1,2,1,2,0,0,1,0,0,0,0,1,0,0,0,0,0,0,0,2026-09-06T05:01:29.574583+00:00
Alemanha Bundesliga 2026/2027,Borussia M'gladbach - SV 07 Elversberg,2026-09-05T13:30:00+00:00,finished,2,3-4,Borussia M'gladbach,Philipp Sander,D,90,7.2,67,0,0,0.1019,0.0918054,2,0,2,48,42,7,4,3,2,1,1,7,3,3,0,3,2,1,3,3,2,0,11,0,2,0,0,0,4,0,2026-09-06T05:01:29.574401+00:00
Alemanha Bundesliga 2026/2027,Borussia M'gladbach - SV 07 Elversberg,2026-09-05T13:30:00+00:00,finished,2,3-4,Borussia M'gladbach,Robin Hack,M,21,6.2,10,0,0,,0.00010098,0,0,0,2,1,0,0,4,0,0,0,1,2,0,0,1,1,0,0,0,0,1,7,0,1,0,0,0,2,0,2026-09-06T05:01:29.574466+00:00
Alemanha Bundesliga 2026/2027,Borussia M'gladbach - SV 07 Elversberg,2026-09-05T13:30:00+00:00,finished,2,3-4,Borussia M'gladbach,Shuto Machino,F,0,,0,0,0,,,0,0,0,0,0,0,0,0,0,0,0,0,0,0,0,0,0,0,0,0,0,0,0,0,0,0,0,0,0,0,2026-09-06T05:01:29.574517+00:00
Alemanha Bundesliga 2026/2027,Borussia M'gladbach - SV 07 Elversberg,2026-09-05T13:30:00+00:00,finished,2,3-4,SV 07 Elversberg,Tim Boss,G,0,,0,0,0,,,0,0,0,0,0,0,0,0,0,0,0,0,0,0,0,0,0,0,0,0,0,0,0,0,0,0,0,0,0,0,2026-09-06T05:01:29.574613+00:00
Alemanha Bundesliga 2026/2027,Borussia M'gladbach - SV 07 Elversberg,2026-09-05T13:30:00+00:00,finished,2,3-4,Borussia M'gladbach,Tim Kleindienst,F,77,7.0,35,0,0,0.2801,0.01003,5,1,2,15,6,3,3,1,0,1,0,7,5,5,2,1,0,3,0,3,2,1,15,1,2,0,0,0,2,0,2026-09-06T05:01:29.574442+00:00
Alemanha Bundesliga 2026/2027,Borussia M'gladbach - SV 07 Elversberg,2026-09-05T13:30:00+00:00,finished,2,3-4,Borussia M'gladbach,Wael Mohya,M,69,6.5,26,0,0,0.1668,0.0190319,3,1,0,13,10,0,0,0,0,3,2,5,7,1,4,2,1,1,0,2,2,1,6,0,1,0,0,0,2,0,2026-09-06T05:01:29.574461+00:00
Alemanha Bundesliga 2026/2027,Borussia M'gladbach - SV 07 Elversberg,2026-09-05T13:30:00+00:00,finished,2,3-4,SV 07 Elversberg,Łukasz Poręba,M,90,7.3,56,0,0,,0.0135614,0,0,0,43,40,1,0,0,0,0,0,0,6,0,4,0,0,3,0,1,0,0,7,0,1,0,0,0,3,0,2026-09-06T05:01:29.574552+00:00
Alemanha Bundesliga 2026/2027,SC Paderborn 07 - SC Freiburg,2026-09-05T13:30:00+00:00,finished,2,0-1,SC Paderborn 07,,,82,5.8,35,0,0,0.1932,0.00574633,3,1,0,21,15,1,0,0,0,3,0,2,9,1,1,1,0,2,0,1,1,2,11,0,3,0,0,0,1,0,2026-09-06T05:01:29.473960+00:00
Alemanha Bundesliga 2026/2027,SC Paderborn 07 - SC Freiburg,2026-09-05T13:30:00+00:00,finished,2,0-1,SC Freiburg,Berkay Yılmaz,D,8,6.6,8,0,0,,0.00038669,0,0,0,2,2,0,0,1,0,1,0,2,3,0,1,1,1,0,0,0,0,1,3,1,0,0,0,0,0,0,2026-09-06T05:01:29.473900+00:00
Alemanha Bundesliga 2026/2027,SC Paderborn 07 - SC Freiburg,2026-09-05T13:30:00+00:00,finished,2,0-1,SC Freiburg,Bruno Ogbus,D,0,,0,0,0,,,0,0,0,0,0,0,0,0,0,0,0,0,0,0,0,0,0,0,0,0,0,0,0,0,0,0,0,0,0,0,2026-09-06T05:01:29.473922+00:00
Alemanha Bundesliga 2026/2027,SC Paderborn 07 - SC Freiburg,2026-09-05T13:30:00+00:00,finished,2,0-1,SC Freiburg,Christian Günter,D,0,,0,0,0,,,0,0,0,0,0,0,0,0,0,0,0,0,0,0,0,0,0,0,0,0,0,0,0,0,0,0,0,0,0,0,2026-09-06T05:01:29.473926+00:00
Alemanha Bundesliga 2026/2027,SC Paderborn 07 - SC Freiburg,2026-09-05T13:30:00+00:00,finished,2,0-1,SC Paderborn 07,Clemens Lippmann,M,0,,0,0,0,,,0,0,0,0,0,0,0,0,0,0,0,0,0,0,0,0,0,0,0,0,0,0,0,0,0,0,0,0,0,0,2026-09-06T05:01:29.474002+00:00
Alemanha Bundesliga 2026/2027,SC Paderborn 07 - SC Freiburg,2026-09-05T13:30:00+00:00,finished,2,0-1,SC Freiburg,Cyriaque Irié,M,0,,0,0,0,,,0,0,0,0,0,0,0,0,0,0,0,0,0,0,0,0,0,0,0,0,0,0,0,0,0,0,0,0,0,0,2026-09-06T05:01:29.473909+00:00
Alemanha Bundesliga 2026/2027,SC Paderborn 07 - SC Freiburg,2026-09-05T13:30:00+00:00,finished,2,0-1,SC Freiburg,Derry Scherhant,F,74,6.8,27,0,0,0.0919,0.181068,3,0,3,12,10,1,0,4,2,2,1,3,6,1,2,1,1,2,0,1,2,1,7,0,1,0,0,0,0,0,2026-09-06T05:01:29.473884+00:00
Alemanha Bundesliga 2026/2027,SC Paderborn 07 - SC Freiburg,2026-09-05T13:30:00+00:00,finished,2,0-1,SC Freiburg,Florian Müller,G,0,,0,0,0,,,0,0,0,0,0,0,0,0,0,0,0,0,0,0,0,0,0,0,0,0,0,0,0,0,0,0,0,0,0,0,2026-09-06T05:01:29.473914+00:00
Alemanha Bundesliga 2026/2027,SC Paderborn 07 - SC Freiburg,2026-09-05T13:30:00+00:00,finished,2,0-1,SC Paderborn 07,Gabriel Vidović,M,90,5.9,47,0,0,,0.00850086,0,0,0,36,35,0,0,1,0,5,1,2,11,0,0,1,1,0,0,7,0,3,9,0,2,0,0,0,1,0,2026-09-06T05:01:29.473939+00:00
Alemanha Bundesliga 2026/2027,SC Paderborn 07 - SC Freiburg,2026-09-05T13:30:00+00:00,finished,2,0-1,SC Freiburg,Igor Matanović,F,90,7.6,60,0,0,0.4079,0.0330909,5,4,1,27,17,3,3,0,0,4,2,11,10,7,4,1,1,7,0,6,1,2,19,1,1,0,0,0,0,0,2026-09-06T05:01:29.473845+00:00
Alemanha Bundesliga 2026/2027,SC Paderborn 07 - SC Freiburg,2026-09-05T13:30:00+00:00,finished,2,0-1,SC Freiburg,Jan-Niklas Beste,M,74,7.2,41,0,0,0.0215,0.0469922,1,0,1,21,16,3,3,5,2,1,1,5,2,0,0,3,2,3,1,7,1,0,9,1,0,0,0,0,0,0,2026-09-06T05:01:29.473887+00:00
Alemanha Bundesliga 2026/2027,SC Paderborn 07 - SC Freiburg,2026-09-05T13:30:00+00:00,finished,2,0-1,SC Paderborn 07,Jano Ter-Horst,D,82,6.6,76,0,0,,0.00455217,0,0,0,59,51,4,1,0,0,1,1,6,5,1,1,4,1,6,3,6,0,1,9,0,2,1,0,0,1,0,2026-09-06T05:01:29.473964+00:00
Alemanha Bundesliga 2026/2027,SC Paderborn 07 - SC Freiburg,2026-09-05T13:30:00+00:00,finished,2,0-1,SC Paderborn 07,Jonah Sticker,D,8,6.9,5,0,0,,0.0449168,0,0,0,4,2,1,1,0,0,0,0,1,0,1,0,0,0,1,0,0,0,0,2,0,0,0,0,0,0,0,2026-09-06T05:01:29.473988+00:00
Alemanha Bundesliga 2026/2027,SC Paderborn 07 - SC Freiburg,2026-09-05T13:30:00+00:00,finished,2,0-1,SC Freiburg,Jordy Makengo,D,90,7.2,61,0,0,,0.0381093,0,0,1,39,26,3,0,2,0,3,1,10,6,4,1,0,0,6,1,7,0,2,20,5,1,0,0,0,0,0,2026-09-06T05:01:29.473856+00:00
Alemanha Bundesliga 2026/2027,SC Paderborn 07 - SC Freiburg,2026-09-05T13:30:00+00:00,finished,2,0-1,SC Freiburg,Keisuke Goto,F,8,6.6,5,0,0,,0.00045394,0,0,0,1,1,0,0,0,0,0,0,1,1,0,0,0,0,0,0,0,0,1,1,1,0,0,0,0,0,0,2026-09-06T05:01:29.473905+00:00
Alemanha Bundesliga 2026/2027,SC Paderborn 07 - SC Freiburg,2026-09-05T13:30:00+00:00,finished,2,0-1,SC Paderborn 07,Laurin Curda,M,90,6.7,59,0,0,,0.125541,0,0,2,37,25,3,1,1,0,1,0,11,12,4,5,4,1,1,0,6,0,0,20,3,4,1,0,0,1,0,2026-09-06T05:01:29.473948+00:00
Alemanha Bundesliga 2026/2027,SC Paderborn 07 - SC Freiburg,2026-09-05T13:30:00+00:00,finished,2,0-1,SC Paderborn 07,Laurin Ulrich,M,74,6.8,41,0,0,0.2059,0.19022,3,0,2,26,21,2,0,0,0,0,0,3,3,1,3,0,0,1,1,5,2,0,5,2,0,0,0,0,1,0,2026-09-06T05:01:29.473968+00:00
Alemanha Bundesliga 2026/2027,SC Paderborn 07 - SC Freiburg,2026-09-05T13:30:00+00:00,finished,2,0-1,SC Paderborn 07,Luka Duric,M,0,,0,0,0,,,0,0,0,0,0,0,0,0,0,0,0,0,0,0,0,0,0,0,0,0,0,0,0,0,0,0,0,0,0,0,2026-09-06T05:01:29.474006+00:00
Alemanha Bundesliga 2026/2027,SC Paderborn 07 - SC Freiburg,2026-09-05T13:30:00+00:00,finished,2,0-1,SC Freiburg,Lukas Kübler,D,16,6.7,15,0,0,,0.00289863,0,0,0,9,6,3,1,1,0,0,0,0,0,0,0,0,0,2,0,0,0,0,5,0,0,0,0,0,0,0,2026-09-06T05:01:29.473896+00:00
Alemanha Bundesliga 2026/2027,SC Paderborn 07 - SC Freiburg,2026-09-05T13:30:00+00:00,finished,2,0-1,SC Paderborn 07,Markus Schubert,G,0,,0,0,0,,,0,0,0,0,0,0,0,0,0,0,0,0,0,0,0,0,0,0,0,0,0,0,0,0,0,0,0,0,0,0,2026-09-06T05:01:29.473997+00:00
Alemanha Bundesliga 2026/2027,SC Paderborn 07 - SC Freiburg,2026-09-05T13:30:00+00:00,finished,2,0-1,SC Paderborn 07,Mattes Hansen,D,89,7.1,92,0,0,0.0117,0.125543,1,0,1,75,63,8,4,1,1,3,3,7,4,1,4,2,2,1,1,7,0,0,12,1,0,0,0,0,1,0,2026-09-06T05:01:29.473956+00:00
Alemanha Bundesliga 2026/2027,SC Paderborn 07 - SC Freiburg,2026-09-05T13:30:00+00:00,finished,2,0-1,SC Freiburg,Matthias Ginter,D,90,7.8,50,0,0,,0.00716037,0,0,1,33,27,4,2,0,0,0,0,13,2,7,2,6,4,7,3,2,0,0,6,1,0,0,0,0,0,0,2026-09-06T05:01:29.473865+00:00
Alemanha Bundesliga 2026/2027,SC Paderborn 07 - SC Freiburg,2026-09-05T13:30:00+00:00,finished,2,0-1,SC Freiburg,Maximilian Eggestein,M,90,7.6,55,1,0,0.4387,0.119375,4,1,2,39,26,3,2,0,0,2,1,4,4,1,1,1,1,0,5,4,2,1,15,1,1,0,0,0,0,0,2026-09-06T05:01:29.473852+00:00
Alemanha Bundesliga 2026/2027,SC Paderborn 07 - SC Freiburg,2026-09-05T13:30:00+00:00,finished,2,0-1,SC Freiburg,Maximilian Rosenfelder,D,0,,0,0,0,,,0,0,0,0,0,0,0,0,0,0,0,0,0,0,0,0,0,0,0,0,0,0,0,0,0,0,0,0,0,0,2026-09-06T05:01:29.473918+00:00
Alemanha Bundesliga 2026/2027,SC Paderborn 07 - SC Freiburg,2026-09-05T13:30:00+00:00,finished,2,0-1,SC Freiburg,Mio Backhaus,G,90,8.2,50,0,0,,0.00411892,0,0,0,41,28,23,11,0,0,0,0,1,0,0,0,1,0,0,0,11,0,0,13,0,0,0,0,3,0,0,2026-09-06T05:01:29.473816+00:00
Alemanha Bundesliga 2026/2027,SC Paderborn 07 - SC Freiburg,2026-09-05T13:30:00+00:00,finished,2,0-1,SC Paderborn 07,Nahuel Noll,G,90,8.4,90,0,0,,0.0082817,0,0,0,79,60,30,12,0,0,0,0,0,0,0,0,0,0,3,0,11,0,0,20,0,0,0,0,4,1,1,2026-09-06T05:01:29.473930+00:00
Alemanha Bundesliga 2026/2027,SC Paderborn 07 - SC Freiburg,2026-09-05T13:30:00+00:00,finished,2,0-1,SC Paderborn 07,Niklas Mohr,M,1,,3,0,0,,8.568e-05,0,0,0,2,2,0,0,0,0,0,0,0,1,0,0,0,0,1,0,0,0,0,0,0,1,0,0,0,0,0,2026-09-06T05:01:29.473993+00:00
Alemanha Bundesliga 2026/2027,SC Paderborn 07 - SC Freiburg,2026-09-05T13:30:00+00:00,finished,2,0-1,SC Paderborn 07,Oliver Batista Meier,F,16,6.6,9,0,0,0.0382,0.00178644,1,0,0,6,5,0,0,0,0,0,0,1,2,0,1,1,0,0,0,2,1,0,1,0,1,0,0,0,0,0,2026-09-06T05:01:29.473980+00:00
Alemanha Bundesliga 2026/2027,SC Paderborn 07 - SC Freiburg,2026-09-05T13:30:00+00:00,finished,2,0-1,SC Freiburg,Philipp Lienhart,D,90,7.1,61,0,0,,0.0128687,0,0,0,44,33,11,2,0,0,0,0,4,3,2,2,1,1,4,1,4,0,0,16,1,1,1,0,0,0,0,2026-09-06T05:01:29.473861+00:00
Alemanha Bundesliga 2026/2027,SC Paderborn 07 - SC Freiburg,2026-09-05T13:30:00+00:00,finished,2,0-1,SC Freiburg,Philipp Treu,D,90,8.0,62,0,0,,0.249973,0,0,2,36,33,5,3,3,2,0,0,8,1,0,0,6,3,2,2,2,0,1,7,2,0,0,0,0,0,0,2026-09-06T05:01:29.473870+00:00
Alemanha Bundesliga 2026/2027,SC Paderborn 07 - SC Freiburg,2026-09-05T13:30:00+00:00,finished,2,0-1,SC Paderborn 07,Raphael Obermair,M,90,7.0,58,0,0,,0.0626561,0,0,1,33,25,6,2,9,0,3,2,4,2,0,0,2,0,1,2,5,0,1,20,0,0,0,0,0,1,0,2026-09-06T05:01:29.473935+00:00
Alemanha Bundesliga 2026/2027,SC Paderborn 07 - SC Freiburg,2026-09-05T13:30:00+00:00,finished,2,0-1,SC Paderborn 07,Rayan Philippe,F,45,6.6,10,0,0,0.0198,0.133872,1,1,1,2,2,0,0,1,0,0,0,1,2,1,1,0,0,0,0,1,0,0,3,0,1,0,0,0,1,0,2026-09-06T05:01:29.473972+00:00
Alemanha Bundesliga 2026/2027,SC Paderborn 07 - SC Freiburg,2026-09-05T13:30:00+00:00,finished,2,0-1,SC Paderborn 07,Santiago Castañeda,M,90,7.0,71,0,0,0.075,0.0634636,1,1,0,52,47,2,0,0,0,1,0,4,5,0,2,3,2,5,1,4,0,0,8,1,1,0,0,0,1,0,2026-09-06T05:01:29.473944+00:00
Alemanha Bundesliga 2026/2027,SC Paderborn 07 - SC Freiburg,2026-09-05T13:30:00+00:00,finished,2,0-1,SC Paderborn 07,Stefano Marino,F,8,6.6,7,0,0,0.0543,0.040547,1,0,0,3,2,0,0,0,0,2,0,1,2,1,0,0,0,0,0,0,1,0,4,0,0,0,0,0,0,0,2026-09-06T05:01:29.473984+00:00
Alemanha Bundesliga 2026/2027,SC Paderborn 07 - SC Freiburg,2026-09-05T13:30:00+00:00,finished,2,0-1,SC Paderborn 07,Steffen Tigges,F,45,6.1,27,0,0,0.1216,0.121613,3,0,1,17,11,0,0,0,0,1,0,3,9,3,6,0,0,0,1,4,1,2,12,0,1,0,0,0,0,0,2026-09-06T05:01:29.473976+00:00
Alemanha Bundesliga 2026/2027,SC Paderborn 07 - SC Freiburg,2026-09-05T13:30:00+00:00,finished,2,0-1,SC Paderborn 07,Tjark Lasse Scheller,D,90,7.7,98,0,0,,0.0210963,0,0,1,79,71,5,1,1,0,0,0,7,1,3,1,2,2,6,1,8,0,0,10,2,0,1,0,0,1,0,2026-09-06T05:01:29.473952+00:00
Alemanha Bundesliga 2026/2027,SC Paderborn 07 - SC Freiburg,2026-09-05T13:30:00+00:00,finished,2,0-1,SC Paderborn 07,Tom Baack,M,0,,0,0,0,,,0,0,0,0,0,0,0,0,0,0,0,0,0,0,0,0,0,0,0,0,0,0,0,0,0,0,0,0,0,0,2026-09-06T05:01:29.474010+00:00
Alemanha Bundesliga 2026/2027,SC Paderborn 07 - SC Freiburg,2026-09-05T13:30:00+00:00,finished,2,0-1,SC Freiburg,Vincenzo Grifo,M,16,6.8,12,0,0,,0.0518913,0,0,0,9,9,1,1,0,0,0,0,0,1,0,0,0,0,2,0,2,0,0,0,0,0,0,0,0,0,0,2026-09-06T05:01:29.473892+00:00
Alemanha Bundesliga 2026/2027,SC Paderborn 07 - SC Freiburg,2026-09-05T13:30:00+00:00,finished,2,0-1,SC Freiburg,Yannick Engelhardt,M,82,6.3,31,0,0,0.1525,0.00703351,1,0,0,26,19,1,0,0,0,0,0,3,6,2,3,0,0,0,0,2,1,1,9,1,2,1,0,0,0,0,2026-09-06T05:01:29.473879+00:00
Alemanha Bundesliga 2026/2027,SC Paderborn 07 - SC Freiburg,2026-09-05T13:30:00+00:00,finished,2,0-1,SC Freiburg,Yuito Suzuki,M,82,6.2,42,0,0,0.1758,0.0236476,2,0,1,23,21,1,1,0,0,4,1,3,8,1,1,1,0,0,0,4,1,0,7,0,3,1,0,0,0,0,2026-09-06T05:01:29.473874+00:00
Alemanha Bundesliga 2026/2027,SV Werder Bremen - RB Leipzig,2026-09-05T13:30:00+00:00,finished,2,3-1,RB Leipzig,,,84,6.6,38,0,0,0.2014,0.0333855,4,2,2,28,27,1,1,0,0,1,0,4,4,1,1,1,1,0,0,0,2,1,3,2,1,0,0,0,3,0,2026-09-06T05:01:29.378295+00:00
Alemanha Bundesliga 2026/2027,SV Werder Bremen - RB Leipzig,2026-09-05T13:30:00+00:00,finished,2,3-1,RB Leipzig,Abdoul Kone,D,0,,0,0,0,,,0,0,0,0,0,0,0,0,0,0,0,0,0,0,0,0,0,0,0,0,0,0,0,0,0,0,0,0,0,0,2026-09-06T05:01:29.378337+00:00
Alemanha Bundesliga 2026/2027,SV Werder Bremen - RB Leipzig,2026-09-05T13:30:00+00:00,finished,2,3-1,SV Werder Bremen,Alexander Schlager,G,0,,0,0,0,,,0,0,0,0,0,0,0,0,0,0,0,0,0,0,0,0,0,0,0,0,0,0,0,0,0,0,0,0,0,0,2026-09-06T05:01:29.378436+00:00
Alemanha Bundesliga 2026/2027,SV Werder Bremen - RB Leipzig,2026-09-05T13:30:00+00:00,finished,2,3-1,SV Werder Bremen,Amos Pieper,D,90,7.8,51,0,0,0.0654,0.0193645,1,0,0,33,30,3,2,0,0,0,0,8,0,2,0,4,2,5,1,0,1,0,3,2,0,0,0,0,1,0,2026-09-06T05:01:29.378359+00:00
Alemanha Bundesliga 2026/2027,SV Werder Bremen - RB Leipzig,2026-09-05T13:30:00+00:00,finished,2,3-1,RB Leipzig,Andrija Maksimović,M,13,7.2,13,0,1,,0.476157,0,0,2,9,7,0,0,1,1,1,1,2,0,0,0,1,1,0,0,0,0,0,2,0,0,0,0,0,0,0,2026-09-06T05:01:29.378318+00:00
Alemanha Bundesliga 2026/2027,SV Werder Bremen - RB Leipzig,2026-09-05T13:30:00+00:00,finished,2,3-1,RB Leipzig,Antonio Nusa,F,84,6.8,52,0,0,0.0457,0.0815639,2,1,0,31,24,0,0,2,0,7,4,8,7,0,2,0,0,0,0,5,0,1,15,4,0,0,0,0,3,0,2026-09-06T05:01:29.378290+00:00
Alemanha Bundesliga 2026/2027,SV Werder Bremen - RB Leipzig,2026-09-05T13:30:00+00:00,finished,2,3-1,SV Werder Bremen,Arthur,M,67,7.1,49,0,0,,0.0198943,0,0,0,30,23,5,4,0,0,2,0,3,2,0,0,3,2,0,1,2,0,0,16,0,0,0,0,0,0,0,2026-09-06T05:01:29.378390+00:00
Alemanha Bundesliga 2026/2027,SV Werder Bremen - RB Leipzig,2026-09-05T13:30:00+00:00,finished,2,3-1,RB Leipzig,Benjamin Henrichs,D,0,,0,0,0,,,0,0,0,0,0,0,0,0,0,0,0,0,0,0,0,0,0,0,0,0,0,0,0,0,0,0,0,0,0,0,2026-09-06T05:01:29.378328+00:00
Alemanha Bundesliga 2026/2027,SV Werder Bremen - RB Leipzig,2026-09-05T13:30:00+00:00,finished,2,3-1,SV Werder Bremen,Chuki,M,83,7.1,23,0,1,0.0799,0.386932,1,0,1,17,12,0,0,2,0,0,0,2,3,1,1,1,0,0,0,2,0,0,7,0,2,1,0,0,0,0,2026-09-06T05:01:29.378382+00:00
Alemanha Bundesliga 2026/2027,SV Werder Bremen - RB Leipzig,2026-09-05T13:30:00+00:00,finished,2,3-1,SV Werder Bremen,Cédric Itten,F,16,6.4,9,0,0,,0.00105597,0,0,1,7,4,1,1,0,0,1,0,2,4,2,1,0,0,0,0,4,0,0,5,0,2,0,0,0,1,0,2026-09-06T05:01:29.378409+00:00
Alemanha Bundesliga 2026/2027,SV Werder Bremen - RB Leipzig,2026-09-05T13:30:00+00:00,finished,2,3-1,SV Werder Bremen,Dariusz Stalmach,M,14,6.4,5,0,0,,2.495e-05,0,0,0,2,2,0,0,0,0,0,0,0,1,0,0,0,0,1,1,0,0,0,0,0,0,0,0,0,1,0,2026-09-06T05:01:29.378413+00:00
Alemanha Bundesliga 2026/2027,SV Werder Bremen - RB Leipzig,2026-09-05T13:30:00+00:00,finished,2,3-1,RB Leipzig,David Raum,D,90,6.1,105,0,0,0.0171,0.28038,1,0,5,70,60,4,1,17,5,0,0,2,2,1,0,1,1,1,1,5,1,2,28,0,0,0,0,0,3,0,2026-09-06T05:01:29.378271+00:00
Alemanha Bundesliga 2026/2027,SV Werder Bremen - RB Leipzig,2026-09-05T13:30:00+00:00,finished,2,3-1,SV Werder Bremen,Eren Dinkçi,F,67,7.2,16,1,0,0.4551,0.00119478,1,1,0,11,4,0,0,1,0,0,0,0,2,0,1,0,0,0,0,4,0,1,11,0,0,0,0,0,0,0,2026-09-06T05:01:29.378396+00:00
Alemanha Bundesliga 2026/2027,SV Werder Bremen - RB Leipzig,2026-09-05T13:30:00+00:00,finished,2,3-1,RB Leipzig,Ezechiel Banzuzi,M,90,6.0,52,0,0,,0.0278487,0,0,0,35,31,1,1,0,0,2,1,4,9,0,0,2,0,2,0,4,0,5,10,1,2,0,0,0,3,0,2026-09-06T05:01:29.378259+00:00
Alemanha Bundesliga 2026/2027,SV Werder Bremen - RB Leipzig,2026-09-05T13:30:00+00:00,finished,2,3-1,RB Leipzig,Johan Bakayoko,F,63,6.3,51,0,0,0.0452,0.172116,2,0,1,29,21,2,0,2,0,5,1,3,7,1,1,1,1,0,0,0,1,2,21,0,0,0,0,0,1,0,2026-09-06T05:01:29.378304+00:00
Alemanha Bundesliga 2026/2027,SV Werder Bremen - RB Leipzig,2026-09-05T13:30:00+00:00,finished,2,3-1,SV Werder Bremen,Karl Hein,G,90,7.9,40,0,0,,0.0162848,0,0,1,29,21,19,11,0,0,0,0,2,0,1,0,1,1,2,0,7,0,0,8,0,0,0,0,3,1,1,2026-09-06T05:01:29.378355+00:00
Alemanha Bundesliga 2026/2027,SV Werder Bremen - RB Leipzig,2026-09-05T13:30:00+00:00,finished,2,3-1,SV Werder Bremen,Ludovit Reis,M,90,7.2,49,0,0,,0.00268903,0,0,0,25,19,1,0,1,0,1,1,9,3,0,1,5,2,6,1,5,0,0,7,3,0,0,0,0,1,0,2026-09-06T05:01:29.378368+00:00
Alemanha Bundesliga 2026/2027,SV Werder Bremen - RB Leipzig,2026-09-05T13:30:00+00:00,finished,2,3-1,RB Leipzig,Lukas Klostermann,D,0,,0,0,0,,,0,0,0,0,0,0,0,0,0,0,0,0,0,0,0,0,0,0,0,0,0,0,0,0,0,0,0,0,0,0,2026-09-06T05:01:29.378346+00:00
Alemanha Bundesliga 2026/2027,SV Werder Bremen - RB Leipzig,2026-09-05T13:30:00+00:00,finished,2,3-1,RB Leipzig,Maarten Vandevoordt,G,90,5.9,33,0,0,,0.00058961,0,0,0,25,19,7,2,0,0,0,0,1,0,0,0,0,0,0,0,3,0,0,6,1,0,0,0,4,3,0,2026-09-06T05:01:29.378232+00:00
Alemanha Bundesliga 2026/2027,SV Werder Bremen - RB Leipzig,2026-09-05T13:30:00+00:00,finished,2,3-1,RB Leipzig,Marc Guiu,F,15,6.4,8,0,0,,0.0575959,0,0,0,7,5,0,0,0,0,0,0,0,2,0,0,0,0,0,0,2,0,0,2,0,2,0,0,0,1,0,2026-09-06T05:01:29.378313+00:00
Alemanha Bundesliga 2026/2027,SV Werder Bremen - RB Leipzig,2026-09-05T13:30:00+00:00,finished,2,3-1,SV Werder Bremen,Marco Friedl,D,90,6.7,40,0,0,,0.00181342,0,0,0,26,24,5,3,0,0,0,0,2,3,0,1,2,0,9,0,3,0,0,3,0,1,0,0,0,1,0,2026-09-06T05:01:29.378364+00:00
Alemanha Bundesliga 2026/2027,SV Werder Bremen - RB Leipzig,2026-09-05T13:30:00+00:00,finished,2,3-1,SV Werder Bremen,Marco Grüll,F,90,8.8,53,1,1,0.1254,0.0720091,5,2,2,22,15,2,2,2,1,2,2,8,4,0,1,6,4,1,4,7,1,1,15,0,1,0,0,0,1,0,2026-09-06T05:01:29.378373+00:00
Alemanha Bundesliga 2026/2027,SV Werder Bremen - RB Leipzig,2026-09-05T13:30:00+00:00,finished,2,3-1,RB Leipzig,Max Finkgräfe,D,0,,0,0,0,,,0,0,0,0,0,0,0,0,0,0,0,0,0,0,0,0,0,0,0,0,0,0,0,0,0,0,0,0,0,0,2026-09-06T05:01:29.378341+00:00
Alemanha Bundesliga 2026/2027,SV Werder Bremen - RB Leipzig,2026-09-05T13:30:00+00:00,finished,2,3-1,RB Leipzig,Maxime Estève,D,90,7.1,139,0,0,,0.0777303,0,0,0,129,127,1,1,0,0,0,0,3,5,2,5,1,1,3,2,7,0,0,2,0,0,0,0,0,3,0,2026-09-06T05:01:29.378276+00:00
Alemanha Bundesliga 2026/2027,SV Werder Bremen - RB Leipzig,2026-09-05T13:30:00+00:00,finished,2,3-1,SV Werder Bremen,Mick Schmetgens,D,23,6.4,15,0,0,,0.00687511,0,0,0,9,6,1,0,0,0,1,1,3,3,0,0,1,0,2,0,0,0,0,3,1,2,0,0,0,1,0,2026-09-06T05:01:29.378400+00:00
Alemanha Bundesliga 2026/2027,SV Werder Bremen - RB Leipzig,2026-09-05T13:30:00+00:00,finished,2,3-1,SV Werder Bremen,Moussa Ndiaye,D,0,,0,0,0,,,0,0,0,0,0,0,0,0,0,0,0,0,0,0,0,0,0,0,0,0,0,0,0,0,0,0,0,0,0,0,2026-09-06T05:01:29.378427+00:00
Alemanha Bundesliga 2026/2027,SV Werder Bremen - RB Leipzig,2026-09-05T13:30:00+00:00,finished,2,3-1,RB Leipzig,Neil El Aynaoui,M,75,6.3,56,0,0,0.1951,0.178438,2,0,1,40,36,0,0,2,0,3,1,1,3,0,0,0,0,0,0,3,1,0,11,0,1,0,0,0,2,0,2026-09-06T05:01:29.378300+00:00
Alemanha Bundesliga 2026/2027,SV Werder Bremen - RB Leipzig,2026-09-05T13:30:00+00:00,finished,2,3-1,SV Werder Bremen,Niclas Füllkrug,F,74,7.7,26,1,0,0.0167,0.0103868,1,1,1,17,11,1,1,0,0,0,0,5,5,2,2,2,1,1,0,3,0,0,7,1,3,0,0,0,0,0,2026-09-06T05:01:29.378386+00:00
Alemanha Bundesliga 2026/2027,SV Werder Bremen - RB Leipzig,2026-09-05T13:30:00+00:00,finished,2,3-1,RB Leipzig,Nicolas Seiwald,M,90,6.5,65,0,0,,0.226248,0,0,0,55,50,3,1,0,0,1,1,2,1,0,0,1,0,0,2,5,0,1,7,0,0,0,0,0,3,0,2026-09-06T05:01:29.378266+00:00
Alemanha Bundesliga 2026/2027,SV Werder Bremen - RB Leipzig,2026-09-05T13:30:00+00:00,finished,2,3-1,SV Werder Bremen,Niklas Stark,D,0,,0,0,0,,,0,0,0,0,0,0,0,0,0,0,0,0,0,0,0,0,0,0,0,0,0,0,0,0,0,0,0,0,0,0,2026-09-06T05:01:29.378422+00:00
Alemanha Bundesliga 2026/2027,SV Werder Bremen - RB Leipzig,2026-09-05T13:30:00+00:00,finished,2,3-1,SV Werder Bremen,Olivier Deman,D,90,7.9,70,0,0,0.0368,0.00423199,1,1,0,25,15,7,0,1,0,1,0,11,5,1,1,10,7,4,3,6,0,0,16,0,1,0,0,0,1,0,2026-09-06T05:01:29.378350+00:00
Alemanha Bundesliga 2026/2027,SV Werder Bremen - RB Leipzig,2026-09-05T13:30:00+00:00,finished,2,3-1,SV Werder Bremen,Oskar Wójcik,D,0,,0,0,0,,,0,0,0,0,0,0,0,0,0,0,0,0,0,0,0,0,0,0,0,0,0,0,0,0,0,0,0,0,0,0,2026-09-06T05:01:29.378431+00:00
Alemanha Bundesliga 2026/2027,SV Werder Bremen - RB Leipzig,2026-09-05T13:30:00+00:00,finished,2,3-1,SV Werder Bremen,Paul Erevbenagie,F,23,6.7,11,0,0,0.0442,0.00177513,1,1,0,4,3,1,0,1,0,1,0,1,5,0,1,1,0,1,1,1,0,0,3,0,1,0,0,0,1,0,2026-09-06T05:01:29.378404+00:00
Alemanha Bundesliga 2026/2027,SV Werder Bremen - RB Leipzig,2026-09-05T13:30:00+00:00,finished,2,3-1,RB Leipzig,Ridle Baku,D,90,7.3,137,1,0,0.6239,0.18657,3,1,1,88,75,4,2,6,1,4,2,5,5,2,0,0,0,6,1,8,2,2,26,1,0,0,0,0,3,0,2026-09-06T05:01:29.378286+00:00
Alemanha Bundesliga 2026/2027,SV Werder Bremen - RB Leipzig,2026-09-05T13:30:00+00:00,finished,2,3-1,SV Werder Bremen,Salim Musah,F,14,6.3,8,0,0,,8.138e-05,0,0,0,3,1,1,0,0,0,0,0,0,2,0,1,0,0,0,0,0,0,1,5,0,0,0,0,0,1,0,2026-09-06T05:01:29.378418+00:00
Alemanha Bundesliga 2026/2027,SV Werder Bremen - RB Leipzig,2026-09-05T13:30:00+00:00,finished,2,3-1,RB Leipzig,Samba Konaté,F,13,6.1,16,0,0,0.1579,0.00576665,1,0,0,8,7,0,0,1,0,3,0,1,4,0,0,0,0,0,0,1,0,0,5,1,1,0,0,0,0,0,2026-09-06T05:01:29.378323+00:00
Alemanha Bundesliga 2026/2027,SV Werder Bremen - RB Leipzig,2026-09-05T13:30:00+00:00,finished,2,3-1,RB Leipzig,Tidiam Gomis,M,27,6.3,31,0,0,0.0747,0.0338721,2,1,1,15,12,1,1,2,0,7,0,1,9,0,0,0,0,0,0,0,0,1,13,1,0,0,0,0,2,0,2026-09-06T05:01:29.378309+00:00
Alemanha Bundesliga 2026/2027,SV Werder Bremen - RB Leipzig,2026-09-05T13:30:00+00:00,finished,2,3-1,RB Leipzig,Willi Orbán,D,90,6.9,139,0,0,0.2027,0.0637067,2,0,0,120,111,6,3,2,0,0,0,6,3,4,1,0,0,6,1,3,0,1,13,2,1,0,0,0,3,0,2026-09-06T05:01:29.378281+00:00
Alemanha Bundesliga 2026/2027,SV Werder Bremen - RB Leipzig,2026-09-05T13:30:00+00:00,finished,2,3-1,SV Werder Bremen,Youri Regeer,M,83,7.2,46,0,0,0.011,0.0207726,1,1,1,27,21,3,2,1,0,0,0,4,1,1,0,2,1,2,5,3,0,0,7,1,0,0,0,0,0,0,2026-09-06T05:01:29.378377+00:00
Alemanha Bundesliga 2026/2027,SV Werder Bremen - RB Leipzig,2026-09-05T13:30:00+00:00,finished,2,3-1,RB Leipzig,Ørjan Nyland,G,0,,0,0,0,,,0,0,0,0,0,0,0,0,0,0,0,0,0,0,0,0,0,0,0,0,0,0,0,0,0,0,0,0,0,0,2026-09-06T05:01:29.378333+00:00
Alemanha Bundesliga 2026/2027,TSG Hoffenheim - Borussia Dortmund,2026-09-05T13:30:00+00:00,finished,2,2-3,TSG Hoffenheim,Adam Daghim,F,90,6.2,54,0,1,0.076,0.221788,3,2,2,28,19,2,0,6,2,5,0,3,8,1,0,2,1,0,0,1,1,1,21,0,2,0,0,0,3,0,2026-09-06T05:01:29.281058+00:00
Alemanha Bundesliga 2026/2027,TSG Hoffenheim - Borussia Dortmund,2026-09-05T13:30:00+00:00,finished,2,2-3,TSG Hoffenheim,Adam Hložek,F,73,6.7,27,0,0,0.2335,0.0365692,2,1,0,14,12,1,0,0,0,1,0,3,7,1,5,1,1,1,0,3,0,1,6,1,0,0,0,0,2,0,2026-09-06T05:01:29.281170+00:00
Alemanha Bundesliga 2026/2027,TSG Hoffenheim - Borussia Dortmund,2026-09-05T13:30:00+00:00,finished,2,2-3,TSG Hoffenheim,Albian Hajdari,D,90,5.6,72,0,0,,0.0366597,0,0,0,56,50,9,5,0,0,0,0,5,5,2,1,1,0,3,3,6,0,0,6,2,2,1,0,0,3,0,2026-09-06T05:01:29.281141+00:00
Alemanha Bundesliga 2026/2027,TSG Hoffenheim - Borussia Dortmund,2026-09-05T13:30:00+00:00,finished,2,2-3,Borussia Dortmund,Alexander Meyer,G,0,,0,0,0,,,0,0,0,0,0,0,0,0,0,0,0,0,0,0,0,0,0,0,0,0,0,0,0,0,0,0,0,0,0,0,2026-09-06T05:01:29.281341+00:00
Alemanha Bundesliga 2026/2027,TSG Hoffenheim - Borussia Dortmund,2026-09-05T13:30:00+00:00,finished,2,2-3,TSG Hoffenheim,Andrej Kramarić,F,17,6.4,12,0,0,,0.0128406,0,0,0,11,8,0,0,0,0,0,0,0,1,0,0,0,0,0,0,0,0,0,4,0,1,1,0,0,1,0,2026-09-06T05:01:29.281191+00:00
Alemanha Bundesliga 2026/2027,TSG Hoffenheim - Borussia Dortmund,2026-09-05T13:30:00+00:00,finished,2,2-3,TSG Hoffenheim,Bambasé Conté,M,17,6.3,13,0,0,,0.0158542,0,0,0,7,5,0,0,0,0,0,0,2,4,1,2,0,0,0,0,1,0,1,5,1,0,0,0,0,1,0,2026-09-06T05:01:29.281183+00:00
Alemanha Bundesliga 2026/2027,TSG Hoffenheim - Borussia Dortmund,2026-09-05T13:30:00+00:00,finished,2,2-3,TSG Hoffenheim,Bernardo,D,0,,0,0,0,,,0,0,0,0,0,0,0,0,0,0,0,0,0,0,0,0,0,0,0,0,0,0,0,0,0,0,0,0,0,0,2026-09-06T05:01:29.281241+00:00
Alemanha Bundesliga 2026/2027,TSG Hoffenheim - Borussia Dortmund,2026-09-05T13:30:00+00:00,finished,2,2-3,TSG Hoffenheim,Cajetan Lenz,M,0,,0,0,0,,,0,0,0,0,0,0,0,0,0,0,0,0,0,0,0,0,0,0,0,0,0,0,0,0,0,0,0,0,0,0,2026-09-06T05:01:29.281246+00:00
Alemanha Bundesliga 2026/2027,TSG Hoffenheim - Borussia Dortmund,2026-09-05T13:30:00+00:00,finished,2,2-3,Borussia Dortmund,Carney Chukwuemeka,M,0,,0,0,0,,,0,0,0,0,0,0,0,0,0,0,0,0,0,0,0,0,0,0,0,0,0,0,0,0,0,0,0,0,0,0,2026-09-06T05:01:29.281331+00:00
Alemanha Bundesliga 2026/2027,TSG Hoffenheim - Borussia Dortmund,2026-09-05T13:30:00+00:00,finished,2,2-3,Borussia Dortmund,Daniel Svensson,M,90,7.6,59,0,0,0.0349,0.0139503,1,0,0,29,27,3,3,2,1,2,1,8,5,2,1,2,1,6,2,4,1,2,10,3,0,0,0,0,2,0,2026-09-06T05:01:29.281270+00:00
Alemanha Bundesliga 2026/2027,TSG Hoffenheim - Borussia Dortmund,2026-09-05T13:30:00+00:00,finished,2,2-3,Borussia Dortmund,Ethan Nwaneri,M,58,6.4,27,0,0,,0.00436306,0,0,1,15,11,1,1,0,0,2,0,1,6,0,1,1,1,2,0,3,0,2,9,0,0,0,0,0,2,0,2026-09-06T05:01:29.281292+00:00
Alemanha Bundesliga 2026/2027,TSG Hoffenheim - Borussia Dortmund,2026-09-05T13:30:00+00:00,finished,2,2-3,Borussia Dortmund,Felix Nmecha,M,45,6.6,16,0,0,0.0594,0.00772123,1,0,2,13,11,2,1,0,0,0,0,2,1,2,1,0,0,1,0,0,0,0,2,0,0,0,0,0,1,0,2026-09-06T05:01:29.281296+00:00
Alemanha Bundesliga 2026/2027,TSG Hoffenheim - Borussia Dortmund,2026-09-05T13:30:00+00:00,finished,2,2-3,Borussia Dortmund,Filippo Mané,D,32,6.8,38,0,0,,0.00411687,0,0,0,31,28,0,0,0,0,0,0,1,1,0,0,1,0,2,2,3,0,0,3,0,1,0,0,0,0,0,2026-09-06T05:01:29.281305+00:00
Alemanha Bundesliga 2026/2027,TSG Hoffenheim - Borussia Dortmund,2026-09-05T13:30:00+00:00,finished,2,2-3,Borussia Dortmund,Fábio Silva,F,28,7.5,11,1,0,0.1502,0.00990868,1,1,0,3,1,0,0,1,0,0,0,0,3,0,1,0,0,2,0,1,0,2,6,0,0,0,0,0,0,0,2026-09-06T05:01:29.281309+00:00
Alemanha Bundesliga 2026/2027,TSG Hoffenheim - Borussia Dortmund,2026-09-05T13:30:00+00:00,finished,2,2-3,Borussia Dortmund,Gregor Kobel,G,90,6.3,50,0,0,,0.00143614,0,0,0,37,21,24,8,0,0,0,0,1,0,0,0,0,0,2,0,12,0,0,17,1,0,0,0,4,2,1,2026-09-06T05:01:29.281251+00:00
Alemanha Bundesliga 2026/2027,TSG Hoffenheim - Borussia Dortmund,2026-09-05T13:30:00+00:00,finished,2,2-3,Borussia Dortmund,Joane Gadou,D,63,6.9,50,0,0,,0.0018549,0,0,0,41,35,2,1,0,0,0,0,5,0,1,0,4,2,3,0,7,0,0,7,0,0,0,0,0,2,0,2026-09-06T05:01:29.281283+00:00
Alemanha Bundesliga 2026/2027,TSG Hoffenheim - Borussia Dortmund,2026-09-05T13:30:00+00:00,finished,2,2-3,Borussia Dortmund,Jobe Bellingham,M,90,7.1,41,0,0,,0.00544507,0,0,0,29,22,1,1,0,0,1,1,6,1,3,0,1,1,1,3,3,0,0,7,1,0,0,0,0,2,0,2026-09-06T05:01:29.281266+00:00
Alemanha Bundesliga 2026/2027,TSG Hoffenheim - Borussia Dortmund,2026-09-05T13:30:00+00:00,finished,2,2-3,Borussia Dortmund,Joey Veerman,M,45,6.7,27,0,0,0.106,0.0125896,1,0,0,16,9,4,0,0,0,1,1,4,3,0,2,2,1,4,0,3,1,0,8,1,1,0,0,0,1,0,2026-09-06T05:01:29.281300+00:00
Alemanha Bundesliga 2026/2027,TSG Hoffenheim - Borussia Dortmund,2026-09-05T13:30:00+00:00,finished,2,2-3,Borussia Dortmund,Julian Ryerson,M,90,8.1,58,0,0,,1.32949,0,0,4,15,9,0,0,13,4,1,0,3,2,0,0,1,1,3,2,3,0,1,23,2,0,0,0,0,2,0,2026-09-06T05:01:29.281261+00:00
Alemanha Bundesliga 2026/2027,TSG Hoffenheim - Borussia Dortmund,2026-09-05T13:30:00+00:00,finished,2,2-3,Borussia Dortmund,Kauã Prates,D,0,,0,0,0,,,0,0,0,0,0,0,0,0,0,0,0,0,0,0,0,0,0,0,0,0,0,0,0,0,0,0,0,0,0,0,2026-09-06T05:01:29.281357+00:00
Alemanha Bundesliga 2026/2027,TSG Hoffenheim - Borussia Dortmund,2026-09-05T13:30:00+00:00,finished,2,2-3,Borussia Dortmund,Konstantinos Karetsas,M,62,6.7,32,0,0,,0.0045036,0,0,0,13,9,1,1,1,0,6,3,7,7,0,0,0,0,1,0,0,0,3,13,4,2,0,0,0,2,0,2026-09-06T05:01:29.281287+00:00
Alemanha Bundesliga 2026/2027,TSG Hoffenheim - Borussia Dortmund,2026-09-05T13:30:00+00:00,finished,2,2-3,TSG Hoffenheim,Leon Avdullahu,M,90,7.4,81,1,0,0.0273,0.214016,1,1,2,68,59,4,3,0,0,0,0,4,4,0,2,4,2,1,0,7,0,0,12,0,0,0,0,0,3,0,2026-09-06T05:01:29.281133+00:00
Alemanha Bundesliga 2026/2027,TSG Hoffenheim - Borussia Dortmund,2026-09-05T13:30:00+00:00,finished,2,2-3,TSG Hoffenheim,Luca Philipp,G,0,,0,0,0,,,0,0,0,0,0,0,0,0,0,0,0,0,0,0,0,0,0,0,0,0,0,0,0,0,0,0,0,0,0,0,2026-09-06T05:01:29.281219+00:00
Alemanha Bundesliga 2026/2027,TSG Hoffenheim - Borussia Dortmund,2026-09-05T13:30:00+00:00,finished,2,2-3,Borussia Dortmund,Luca Reggiani,D,27,7.0,18,0,0,,8.682e-05,0,0,0,7,4,2,0,0,0,0,0,1,3,0,2,1,1,4,0,2,0,0,4,0,1,1,0,0,0,0,2026-09-06T05:01:29.281314+00:00
Alemanha Bundesliga 2026/2027,TSG Hoffenheim - Borussia Dortmund,2026-09-05T13:30:00+00:00,finished,2,2-3,Borussia Dortmund,Marcel Sabitzer,M,9,6.5,2,0,0,,2.84e-06,0,0,0,2,1,1,0,0,0,0,0,0,0,0,0,0,0,0,0,0,0,0,1,0,0,0,0,0,0,0,2026-09-06T05:01:29.281319+00:00
Alemanha Bundesliga 2026/2027,TSG Hoffenheim - Borussia Dortmund,2026-09-05T13:30:00+00:00,finished,2,2-3,Borussia Dortmund,Mathis Albert,F,0,,0,0,0,,,0,0,0,0,0,0,0,0,0,0,0,0,0,0,0,0,0,0,0,0,0,0,0,0,0,0,0,0,0,0,2026-09-06T05:01:29.281325+00:00
Alemanha Bundesliga 2026/2027,TSG Hoffenheim - Borussia Dortmund,2026-09-05T13:30:00+00:00,finished,2,2-3,TSG Hoffenheim,Mats Rots,D,90,7.0,97,0,0,0.0352,0.312787,1,0,3,61,48,9,3,6,3,1,1,4,1,1,0,2,2,3,2,6,0,0,24,0,1,0,0,0,3,0,2026-09-06T05:01:29.281093+00:00
Alemanha Bundesliga 2026/2027,TSG Hoffenheim - Borussia Dortmund,2026-09-05T13:30:00+00:00,finished,2,2-3,TSG Hoffenheim,Max Moerstedt,F,12,6.7,6,0,0,,0.00059927,0,0,0,3,3,0,0,0,0,0,0,2,0,0,0,1,1,0,0,0,0,0,0,1,0,0,0,0,1,0,2026-09-06T05:01:29.281196+00:00
Alemanha Bundesliga 2026/2027,TSG Hoffenheim - Borussia Dortmund,2026-09-05T13:30:00+00:00,finished,2,2-3,Borussia Dortmund,Maximilian Beier,F,90,7.1,31,0,0,0.4908,0.0148543,2,1,0,13,11,3,2,1,0,0,0,2,3,1,1,1,1,4,0,0,1,1,7,0,0,1,0,0,2,0,2026-09-06T05:01:29.281274+00:00
Alemanha Bundesliga 2026/2027,TSG Hoffenheim - Borussia Dortmund,2026-09-05T13:30:00+00:00,finished,2,2-3,TSG Hoffenheim,Nathan De Cat,M,11,6.6,13,0,0,,0.00940404,0,0,0,7,6,1,1,2,0,1,1,1,0,0,0,0,0,0,0,2,0,0,3,0,0,0,0,0,1,0,2026-09-06T05:01:29.281202+00:00
Alemanha Bundesliga 2026/2027,TSG Hoffenheim - Borussia Dortmund,2026-09-05T13:30:00+00:00,finished,2,2-3,TSG Hoffenheim,Oliver Baumann,G,90,7.1,53,0,0,,0.0158407,0,0,0,40,30,17,7,0,0,0,0,0,1,0,1,0,0,2,0,8,0,0,11,0,0,0,0,2,3,1,2026-09-06T05:01:29.281085+00:00
Alemanha Bundesliga 2026/2027,TSG Hoffenheim - Borussia Dortmund,2026-09-05T13:30:00+00:00,finished,2,2-3,TSG Hoffenheim,Ozan Kabak,D,79,6.4,44,0,0,0.2193,0.176116,3,0,1,30,25,3,2,1,0,0,0,4,4,4,2,0,0,7,0,3,0,0,7,0,2,1,0,0,2,0,2026-09-06T05:01:29.281155+00:00
Alemanha Bundesliga 2026/2027,TSG Hoffenheim - Borussia Dortmund,2026-09-05T13:30:00+00:00,finished,2,2-3,TSG Hoffenheim,Patrick Wimmer,M,73,6.1,37,0,0,0.0327,0.0695659,1,0,2,27,17,2,0,0,0,0,0,2,7,1,3,1,0,1,0,2,0,0,13,0,3,0,0,0,2,0,2026-09-06T05:01:29.281177+00:00
Alemanha Bundesliga 2026/2027,TSG Hoffenheim - Borussia Dortmund,2026-09-05T13:30:00+00:00,finished,2,2-3,TSG Hoffenheim,Robin Hranáč,D,11,6.3,14,0,0,0.0716,0.00730179,1,0,0,11,9,1,0,0,0,0,0,2,1,1,1,1,1,0,0,0,0,0,3,0,0,0,0,0,1,0,2026-09-06T05:01:29.281209+00:00
Alemanha Bundesliga 2026/2027,TSG Hoffenheim - Borussia Dortmund,2026-09-05T13:30:00+00:00,finished,2,2-3,Borussia Dortmund,Serhou Guirassy,F,87,7.9,31,1,1,1.1783,0.00726021,5,2,1,18,12,1,1,0,0,0,0,5,5,4,3,0,0,2,0,1,2,0,9,1,2,0,0,0,2,0,2026-09-06T05:01:29.281279+00:00
Alemanha Bundesliga 2026/2027,TSG Hoffenheim - Borussia Dortmund,2026-09-05T13:30:00+00:00,finished,2,2-3,TSG Hoffenheim,Tim Lemperle,F,84,6.8,41,1,0,0.378,0.0429791,4,2,2,26,20,1,1,1,0,3,0,1,4,0,0,1,1,0,0,3,2,1,12,0,0,0,0,0,2,0,2026-09-06T05:01:29.281148+00:00
Alemanha Bundesliga 2026/2027,TSG Hoffenheim - Borussia Dortmund,2026-09-05T13:30:00+00:00,finished,2,2-3,TSG Hoffenheim,Valentin Gendrey,D,0,,0,0,0,,,0,0,0,0,0,0,0,0,0,0,0,0,0,0,0,0,0,0,0,0,0,0,0,0,0,0,0,0,0,0,2026-09-06T05:01:29.281235+00:00
Alemanha Bundesliga 2026/2027,TSG Hoffenheim - Borussia Dortmund,2026-09-05T13:30:00+00:00,finished,2,2-3,TSG Hoffenheim,Vladimír Coufal,D,90,6.6,90,0,1,0.043,0.121203,1,0,1,57,46,7,2,11,1,2,2,3,1,0,0,1,1,2,2,8,1,1,27,0,0,0,0,0,3,0,2026-09-06T05:01:29.281116+00:00
Alemanha Bundesliga 2026/2027,TSG Hoffenheim - Borussia Dortmund,2026-09-05T13:30:00+00:00,finished,2,2-3,Borussia Dortmund,Waldemar Anton,D,90,7.6,81,0,1,,0.0859132,0,0,1,45,38,3,0,0,0,1,0,7,3,6,1,1,0,24,7,8,0,1,9,0,0,0,0,0,2,0,2026-09-06T05:01:29.281256+00:00
Alemanha Bundesliga 2026/2027,TSG Hoffenheim - Borussia Dortmund,2026-09-05T13:30:00+00:00,finished,2,2-3,TSG Hoffenheim,Wouter Burger,M,79,7.4,53,0,0,0.058,0.0629977,1,0,2,41,34,6,2,0,0,0,0,7,5,1,2,5,2,1,0,4,1,1,8,1,2,1,0,0,2,0,2026-09-06T05:01:29.281162+00:00
Alemanha Bundesliga 2026/2027,FC Schalke 04 - FC Bayern München,2026-09-05T16:30:00+00:00,finished,2,0-0,FC Schalke 04,Adil Aouchiche,M,84,7.2,31,0,0,0.044,0.0455178,1,1,1,14,12,0,0,2,1,1,1,4,4,1,1,2,2,1,4,7,0,0,8,0,0,0,0,0,0,0,2026-09-06T05:01:29.773401+00:00
Alemanha Bundesliga 2026/2027,FC Schalke 04 - FC Bayern München,2026-09-05T16:30:00+00:00,finished,2,0-0,FC Bayern München,Aleksandar Pavlović,M,74,7.1,117,0,0,,0.23242,0,0,3,112,103,8,5,0,0,1,1,3,6,1,0,1,1,1,0,5,0,1,10,0,4,1,0,0,0,0,2026-09-06T05:01:29.773317+00:00
Alemanha Bundesliga 2026/2027,FC Schalke 04 - FC Bayern München,2026-09-05T16:30:00+00:00,finished,2,0-0,FC Bayern München,Alphonso Davies,D,90,7.6,108,0,0,,0.21044,0,0,1,79,72,1,1,2,0,7,4,11,6,3,1,4,3,1,0,9,0,0,13,0,1,0,0,0,0,0,2026-09-06T05:01:29.773299+00:00
Alemanha Bundesliga 2026/2027,FC Schalke 04 - FC Bayern München,2026-09-05T16:30:00+00:00,finished,2,0-0,FC Bayern München,Bara Sapoko Ndiaye,M,0,,0,0,0,,,0,0,0,0,0,0,0,0,0,0,0,0,0,0,0,0,0,0,0,0,0,0,0,0,0,0,0,0,0,0,2026-09-06T05:01:29.773354+00:00
Alemanha Bundesliga 2026/2027,FC Schalke 04 - FC Bayern München,2026-09-05T16:30:00+00:00,finished,2,0-0,FC Bayern München,Dayot Upamecano,D,90,7.9,142,0,0,0.146,0.0824369,1,0,0,122,113,3,1,0,0,2,2,10,3,4,1,3,2,6,1,11,0,1,11,1,1,1,0,0,0,0,2026-09-06T05:01:29.773308+00:00
Alemanha Bundesliga 2026/2027,FC Schalke 04 - FC Bayern München,2026-09-05T16:30:00+00:00,finished,2,0-0,FC Schalke 04,Dejan Ljubičić,M,74,6.5,18,0,0,,0.0228451,0,0,0,9,4,2,0,0,0,3,0,2,6,1,0,1,0,1,0,4,0,3,11,0,0,0,0,0,0,0,2026-09-06T05:01:29.773405+00:00
Alemanha Bundesliga 2026/2027,FC Schalke 04 - FC Bayern München,2026-09-05T16:30:00+00:00,finished,2,0-0,FC Schalke 04,Edin Džeko,F,0,,0,0,0,,,0,0,0,0,0,0,0,0,0,0,0,0,0,0,0,0,0,0,0,0,0,0,0,0,0,0,0,0,0,0,2026-09-06T05:01:29.773458+00:00
Alemanha Bundesliga 2026/2027,FC Schalke 04 - FC Bayern München,2026-09-05T16:30:00+00:00,finished,2,0-0,FC Schalke 04,Eric Ebimbe,M,65,7.0,25,0,0,,0.0314937,0,0,1,9,7,0,0,1,1,0,0,8,5,0,2,6,0,2,0,3,0,0,3,2,1,1,0,0,0,0,2026-09-06T05:01:29.773418+00:00
Alemanha Bundesliga 2026/2027,FC Schalke 04 - FC Bayern München,2026-09-05T16:30:00+00:00,finished,2,0-0,FC Bayern München,Harry Kane,F,45,6.3,22,0,0,0.206,0.106028,3,1,1,13,11,3,2,0,0,2,0,1,2,1,0,0,0,0,0,0,1,0,4,0,0,0,0,0,0,0,2026-09-06T05:01:29.773336+00:00
Alemanha Bundesliga 2026/2027,FC Schalke 04 - FC Bayern München,2026-09-05T16:30:00+00:00,finished,2,0-0,FC Schalke 04,Hasan Kuruçay,D,74,8.2,25,0,0,,0.00187761,0,0,0,11,10,2,2,0,0,0,0,4,2,0,0,4,3,5,0,1,0,0,2,0,0,0,0,0,0,0,2026-09-06T05:01:29.773410+00:00
Alemanha Bundesliga 2026/2027,FC Schalke 04 - FC Bayern München,2026-09-05T16:30:00+00:00,finished,2,0-0,FC Bayern München,Hiroki Itō,D,0,,0,0,0,,,0,0,0,0,0,0,0,0,0,0,0,0,0,0,0,0,0,0,0,0,0,0,0,0,0,0,0,0,0,0,2026-09-06T05:01:29.773370+00:00
Alemanha Bundesliga 2026/2027,FC Schalke 04 - FC Bayern München,2026-09-05T16:30:00+00:00,finished,2,0-0,FC Bayern München,Ismael Saibari,M,57,6.2,24,0,0,0.0739,0.016949,1,0,0,10,8,0,0,1,0,3,2,2,4,0,0,0,0,0,0,0,0,2,7,0,1,0,0,0,0,0,2026-09-06T05:01:29.773322+00:00
Alemanha Bundesliga 2026/2027,FC Schalke 04 - FC Bayern München,2026-09-05T16:30:00+00:00,finished,2,0-0,FC Bayern München,Jamal Musiala,M,33,5.8,24,0,0,0.0505,0.272621,1,0,1,12,10,0,0,0,0,1,0,0,8,0,1,0,0,0,0,0,1,3,10,0,1,0,0,0,0,0,2026-09-06T05:01:29.773341+00:00
Alemanha Bundesliga 2026/2027,FC Schalke 04 - FC Bayern München,2026-09-05T16:30:00+00:00,finished,2,0-0,FC Schalke 04,Janik Bachmann,M,0,,0,0,0,,,0,0,0,0,0,0,0,0,0,0,0,0,0,0,0,0,0,0,0,0,0,0,0,0,0,0,0,0,0,0,2026-09-06T05:01:29.773449+00:00
Alemanha Bundesliga 2026/2027,FC Schalke 04 - FC Bayern München,2026-09-05T16:30:00+00:00,finished,2,0-0,FC Bayern München,Jonas Urbig,G,0,,0,0,0,,,0,0,0,0,0,0,0,0,0,0,0,0,0,0,0,0,0,0,0,0,0,0,0,0,0,0,0,0,0,0,2026-09-06T05:01:29.773358+00:00
Alemanha Bundesliga 2026/2027,FC Schalke 04 - FC Bayern München,2026-09-05T16:30:00+00:00,finished,2,0-0,FC Bayern München,Jonathan Tah,D,90,8.6,136,0,0,0.156,0.111593,1,0,0,130,126,5,4,0,0,0,0,6,2,2,1,3,3,0,0,8,0,0,4,1,1,0,0,0,0,0,2026-09-06T05:01:29.773304+00:00
Alemanha Bundesliga 2026/2027,FC Schalke 04 - FC Bayern München,2026-09-05T16:30:00+00:00,finished,2,0-0,FC Bayern München,Joshua Kimmich,M,90,8.6,151,0,0,,0.647685,0,0,3,133,119,13,11,7,3,1,1,4,1,1,0,1,1,0,1,6,0,0,20,1,0,0,0,0,0,0,2026-09-06T05:01:29.773293+00:00
Alemanha Bundesliga 2026/2027,FC Schalke 04 - FC Bayern München,2026-09-05T16:30:00+00:00,finished,2,0-0,FC Bayern München,Josip Stanišić,D,0,,0,0,0,,,0,0,0,0,0,0,0,0,0,0,0,0,0,0,0,0,0,0,0,0,0,0,0,0,0,0,0,0,0,0,2026-09-06T05:01:29.773366+00:00
Alemanha Bundesliga 2026/2027,FC Schalke 04 - FC Bayern München,2026-09-05T16:30:00+00:00,finished,2,0-0,FC Schalke 04,Junior Adamu,F,0,,0,0,0,,,0,0,0,0,0,0,0,0,0,0,0,0,0,0,0,0,0,0,0,0,0,0,0,0,0,0,0,0,0,0,2026-09-06T05:01:29.773454+00:00
Alemanha Bundesliga 2026/2027,FC Schalke 04 - FC Bayern München,2026-09-05T16:30:00+00:00,finished,2,0-0,FC Schalke 04,Kenan Karaman,F,10,6.6,4,0,0,,8.335e-05,0,0,0,2,1,0,0,0,0,1,1,1,0,0,0,0,0,0,0,0,0,0,1,0,0,0,0,0,0,0,2026-09-06T05:01:29.773441+00:00
Alemanha Bundesliga 2026/2027,FC Schalke 04 - FC Bayern München,2026-09-05T16:30:00+00:00,finished,2,0-0,FC Schalke 04,Kevin Müller,G,0,,0,0,0,,,0,0,0,0,0,0,0,0,0,0,0,0,0,0,0,0,0,0,0,0,0,0,0,0,0,0,0,0,0,0,2026-09-06T05:01:29.773445+00:00
Alemanha Bundesliga 2026/2027,FC Schalke 04 - FC Bayern München,2026-09-05T16:30:00+00:00,finished,2,0-0,FC Bayern München,Kim Min-jae,D,0,,0,0,0,,,0,0,0,0,0,0,0,0,0,0,0,0,0,0,0,0,0,0,0,0,0,0,0,0,0,0,0,0,0,0,2026-09-06T05:01:29.773362+00:00
Alemanha Bundesliga 2026/2027,FC Schalke 04 - FC Bayern München,2026-09-05T16:30:00+00:00,finished,2,0-0,FC Bayern München,Konrad Laimer,D,90,6.2,119,0,0,0.2818,0.0916961,1,0,0,87,83,1,1,3,1,3,1,3,11,0,2,2,0,2,0,10,0,4,13,0,2,0,0,0,0,0,2026-09-06T05:01:29.773313+00:00
Alemanha Bundesliga 2026/2027,FC Schalke 04 - FC Bayern München,2026-09-05T16:30:00+00:00,finished,2,0-0,FC Bayern München,Lennart Karl,M,57,6.3,48,0,0,0.0251,0.052576,1,1,0,37,31,1,1,1,0,5,2,2,6,0,0,0,0,0,0,1,0,2,12,0,0,0,0,0,0,0,2026-09-06T05:01:29.773327+00:00
Alemanha Bundesliga 2026/2027,FC Schalke 04 - FC Bayern München,2026-09-05T16:30:00+00:00,finished,2,0-0,FC Schalke 04,Loris Karius,G,90,7.8,40,0,0,,0.00061836,0,0,0,30,4,30,4,0,0,0,0,0,1,0,1,0,0,0,0,9,0,0,26,0,0,0,0,5,0,0,2026-09-06T05:01:29.773380+00:00
Alemanha Bundesliga 2026/2027,FC Schalke 04 - FC Bayern München,2026-09-05T16:30:00+00:00,finished,2,0-0,FC Schalke 04,Luca Vozar,M,16,6.5,8,0,0,,5.102e-05,0,0,0,5,4,0,0,0,0,0,0,1,3,0,1,1,0,1,0,2,0,1,2,0,1,0,0,0,0,0,2026-09-06T05:01:29.773432+00:00
Alemanha Bundesliga 2026/2027,FC Schalke 04 - FC Bayern München,2026-09-05T16:30:00+00:00,finished,2,0-0,FC Bayern München,Luis Díaz,M,90,6.1,108,0,0,0.9065,0.250356,3,1,1,72,65,2,2,1,0,10,3,7,12,1,0,2,2,0,0,2,1,4,24,1,1,0,0,0,0,0,2026-09-06T05:01:29.773287+00:00
Alemanha Bundesliga 2026/2027,FC Schalke 04 - FC Bayern München,2026-09-05T16:30:00+00:00,finished,2,0-0,FC Bayern München,Manuel Neuer,G,90,7.5,29,0,0,,0.00654193,0,0,0,26,25,7,6,0,0,0,0,0,0,0,0,0,0,0,0,2,0,0,1,0,0,0,0,1,0,0,2026-09-06T05:01:29.773261+00:00
Alemanha Bundesliga 2026/2027,FC Schalke 04 - FC Bayern München,2026-09-05T16:30:00+00:00,finished,2,0-0,FC Schalke 04,Maximilian Wöber,D,16,6.9,13,0,0,,6.444e-05,0,0,0,2,1,1,0,0,0,0,0,2,0,1,0,1,0,6,1,0,0,0,4,0,0,0,0,0,0,0,2026-09-06T05:01:29.773437+00:00
Alemanha Bundesliga 2026/2027,FC Schalke 04 - FC Bayern München,2026-09-05T16:30:00+00:00,finished,2,0-0,FC Schalke 04,Mertcan Ayhan,D,25,6.7,10,0,0,,0.00017154,0,0,0,7,5,1,1,0,0,0,0,2,4,0,0,2,2,0,0,3,0,0,3,0,0,0,0,0,0,0,2026-09-06T05:01:29.773427+00:00
Alemanha Bundesliga 2026/2027,FC Schalke 04 - FC Bayern München,2026-09-05T16:30:00+00:00,finished,2,0-0,FC Bayern München,Michael Olise,M,33,7.0,62,0,0,0.058,0.438202,1,1,2,42,36,1,1,4,1,2,2,4,2,0,0,1,0,0,0,1,0,2,19,1,0,0,0,0,0,0,2026-09-06T05:01:29.773345+00:00
Alemanha Bundesliga 2026/2027,FC Schalke 04 - FC Bayern München,2026-09-05T16:30:00+00:00,finished,2,0-0,FC Schalke 04,Moussa Sylla,F,90,6.4,29,0,0,0.0362,0.00338481,1,0,0,12,6,0,0,0,0,2,0,5,9,1,5,2,0,1,0,4,0,1,11,2,0,0,0,0,0,0,2026-09-06T05:01:29.773384+00:00
Alemanha Bundesliga 2026/2027,FC Schalke 04 - FC Bayern München,2026-09-05T16:30:00+00:00,finished,2,0-0,FC Bayern München,Nathaniel Brown,D,45,6.8,17,0,0,0.1768,0.180071,1,1,1,10,9,0,0,2,0,1,0,0,2,0,0,0,0,0,0,0,0,1,5,0,0,0,0,0,0,0,2026-09-06T05:01:29.773331+00:00
Alemanha Bundesliga 2026/2027,FC Schalke 04 - FC Bayern München,2026-09-05T16:30:00+00:00,finished,2,0-0,FC Schalke 04,Nikola Katić,D,90,7.5,27,0,0,,0.00314227,0,0,0,8,6,0,0,1,1,0,0,3,0,0,0,2,1,10,2,1,0,0,3,1,0,1,0,0,0,0,2026-09-06T05:01:29.773397+00:00
Alemanha Bundesliga 2026/2027,FC Schalke 04 - FC Bayern München,2026-09-05T16:30:00+00:00,finished,2,0-0,FC Schalke 04,Robin Gosens,D,65,7.4,30,0,0,0.0844,0.00141275,1,0,0,8,6,1,0,1,0,1,0,8,3,1,1,5,5,4,1,1,0,0,7,2,1,0,0,0,0,0,2026-09-06T05:01:29.773414+00:00
Alemanha Bundesliga 2026/2027,FC Schalke 04 - FC Bayern München,2026-09-05T16:30:00+00:00,finished,2,0-0,FC Schalke 04,Satoshi Tanaka,M,90,7.5,47,0,0,,0.0106695,0,0,0,20,13,2,0,0,0,2,2,8,1,0,0,3,1,3,6,5,0,1,10,3,0,0,0,0,0,0,2026-09-06T05:01:29.773388+00:00
Alemanha Bundesliga 2026/2027,FC Schalke 04 - FC Bayern München,2026-09-05T16:30:00+00:00,finished,2,0-0,FC Schalke 04,Soufiane El-Faouzi,M,90,7.4,61,0,0,0.0451,0.00977161,1,0,0,30,19,1,1,1,0,4,4,12,8,0,1,7,2,4,2,8,0,4,18,1,1,0,0,0,0,0,2026-09-06T05:01:29.773392+00:00
Alemanha Bundesliga 2026/2027,FC Schalke 04 - FC Bayern München,2026-09-05T16:30:00+00:00,finished,2,0-0,FC Schalke 04,Timo Becker,D,90,7.3,31,0,0,,0.00080189,0,0,0,14,10,4,1,0,0,0,0,3,3,0,1,3,3,6,1,3,0,0,5,0,0,0,0,0,0,0,2026-09-06T05:01:29.773375+00:00
Alemanha Bundesliga 2026/2027,FC Schalke 04 - FC Bayern München,2026-09-05T16:30:00+00:00,finished,2,0-0,FC Bayern München,Tom Bischof,M,16,6.7,34,0,0,0.0195,0.0851923,1,0,0,29,27,4,4,1,0,1,0,0,2,0,0,0,0,0,0,2,1,0,4,0,0,0,0,0,0,0,2026-09-06T05:01:29.773349+00:00
Alemanha Bundesliga 2026/2027,FC Schalke 04 - FC Bayern München,2026-09-05T16:30:00+00:00,finished,2,0-0,FC Schalke 04,Vitalie Becker,M,25,6.7,10,0,0,,0.0351556,0,0,0,1,0,1,0,2,1,0,0,3,3,0,0,2,0,1,0,1,0,0,5,1,1,0,0,0,0,0,2026-09-06T05:01:29.773423+00:00
