liga,jogo,data,estado,ronda,resultado,equipa,jogador,posicao,minutes_played,rating,touches,goals,goal_assist,expected_goals,expected_assists,total_shots,shots_on_target,key_pass,total_pass,accurate_pass,total_long_balls,accurate_long_balls,total_cross,accurate_cross,total_contest,won_contest,duel_won,duel_lost,aerial_won,aerial_lost,total_tackle,won_tackle,total_clearance,interception,ball_recovery,blocked_scoring_attempt,dispossessed,possession_lost,was_fouled,fouls,yellow_card,red_card,saves,goals_conceded,punches,atualizado_em
Eredivisie 2026/2027,SC Cambuur - Excelsior,2026-08-07T18:00:00+00:00,finished,1,0-4,Excelsior,Aymen Sliti,F,19,6.9,10,0,0,0.0811,0.0185564,1,1,1,5,5,1,1,1,0,0,0,2,1,0,0,0,0,0,0,2,0,1,2,2,0,0,0,0,0,0,2026-09-01T10:43:19.146853+00:00
Eredivisie 2026/2027,SC Cambuur - Excelsior,2026-08-07T18:00:00+00:00,finished,1,0-4,SC Cambuur,Buddy Vogelzang,D,0,,0,0,0,,,0,0,0,0,0,0,0,0,0,0,0,0,0,0,0,0,0,0,0,0,0,0,0,0,0,0,0,0,0,0,2026-09-01T10:43:19.147095+00:00
Eredivisie 2026/2027,SC Cambuur - Excelsior,2026-08-07T18:00:00+00:00,finished,1,0-4,Excelsior,Casper Widell,D,20,6.6,15,0,0,,0.00099933,0,0,0,14,9,5,1,0,0,0,0,2,2,1,0,0,0,0,0,0,0,0,5,1,2,0,0,0,0,0,2026-09-01T10:43:19.146838+00:00
Eredivisie 2026/2027,SC Cambuur - Excelsior,2026-08-07T18:00:00+00:00,finished,1,0-4,Excelsior,Celton Biai,G,0,,0,0,0,,,0,0,0,0,0,0,0,0,0,0,0,0,0,0,0,0,0,0,0,0,0,0,0,0,0,0,0,0,0,0,2026-09-01T10:43:19.146916+00:00
Eredivisie 2026/2027,SC Cambuur - Excelsior,2026-08-07T18:00:00+00:00,finished,1,0-4,SC Cambuur,Damian Westerhof,M,0,,0,0,0,,,0,0,0,0,0,0,0,0,0,0,0,0,0,0,0,0,0,0,0,0,0,0,0,0,0,0,0,0,0,0,2026-09-01T10:43:19.147160+00:00
Eredivisie 2026/2027,SC Cambuur - Excelsior,2026-08-07T18:00:00+00:00,finished,1,0-4,Excelsior,Daniel van Vianen,M,94,7.0,44,0,0,0.1802,0.0496428,2,0,1,29,26,4,4,1,1,0,0,4,3,2,0,1,1,2,1,3,1,0,6,1,0,0,0,0,0,0,2026-09-01T10:43:19.146777+00:00
Eredivisie 2026/2027,SC Cambuur - Excelsior,2026-08-07T18:00:00+00:00,finished,1,0-4,Excelsior,David Garden,F,74,8.3,26,1,0,0.9735,0.0428414,3,2,1,16,10,1,0,0,0,3,3,9,2,5,1,0,0,2,0,3,0,0,7,1,1,0,0,0,0,0,2026-09-01T10:43:19.146829+00:00
Eredivisie 2026/2027,SC Cambuur - Excelsior,2026-08-07T18:00:00+00:00,finished,1,0-4,SC Cambuur,Ethan Apkakou,M,28,6.3,17,0,0,,0.00113101,0,0,0,13,11,0,0,0,0,0,0,0,1,0,0,0,0,2,1,1,0,0,3,0,1,0,0,0,1,0,2026-09-01T10:43:19.147040+00:00
Eredivisie 2026/2027,SC Cambuur - Excelsior,2026-08-07T18:00:00+00:00,finished,1,0-4,SC Cambuur,Fabian Kvam,M,0,,0,0,0,,,0,0,0,0,0,0,0,0,0,0,0,0,0,0,0,0,0,0,0,0,0,0,0,0,0,0,0,0,0,0,2026-09-01T10:43:19.147173+00:00
Eredivisie 2026/2027,SC Cambuur - Excelsior,2026-08-07T18:00:00+00:00,finished,1,0-4,Excelsior,Giuliano Cairo,D,0,,0,0,0,,,0,0,0,0,0,0,0,0,0,0,0,0,0,0,0,0,0,0,0,0,0,0,0,0,0,0,0,0,0,0,2026-09-01T10:43:19.146908+00:00
Eredivisie 2026/2027,SC Cambuur - Excelsior,2026-08-07T18:00:00+00:00,finished,1,0-4,Excelsior,Gyan de Regt,M,85,6.9,33,0,1,0.7749,0.100391,3,2,1,16,14,0,0,4,0,1,0,2,6,1,2,1,1,1,0,3,0,2,13,0,1,0,0,0,0,0,2026-09-01T10:43:19.146795+00:00
Eredivisie 2026/2027,SC Cambuur - Excelsior,2026-08-07T18:00:00+00:00,finished,1,0-4,Excelsior,Ilano Silva Timas,M,9,6.5,2,0,0,,0.00279395,0,0,0,2,2,0,0,0,0,0,0,0,0,0,0,0,0,0,0,1,0,0,0,0,0,0,0,0,0,0,2026-09-01T10:43:19.146869+00:00
Eredivisie 2026/2027,SC Cambuur - Excelsior,2026-08-07T18:00:00+00:00,finished,1,0-4,SC Cambuur,Ilyes Hamache,M,94,7.1,30,0,0,0.0925,0.0558645,2,0,0,15,12,0,0,1,0,5,3,5,3,0,0,1,1,0,1,4,2,0,8,1,0,0,0,0,4,0,2026-09-01T10:43:19.146935+00:00
Eredivisie 2026/2027,SC Cambuur - Excelsior,2026-08-07T18:00:00+00:00,finished,1,0-4,Excelsior,Irakli Yegoian,M,75,8.7,52,1,1,0.234,0.637704,1,1,4,29,25,3,2,4,2,1,1,4,10,0,1,3,1,0,2,8,0,4,14,0,2,0,0,0,0,0,2026-09-01T10:43:19.146812+00:00
Eredivisie 2026/2027,SC Cambuur - Excelsior,2026-08-07T18:00:00+00:00,finished,1,0-4,SC Cambuur,Ismaël Baouf,D,94,6.6,77,0,0,,0.0262049,0,0,0,68,64,4,2,0,0,0,0,2,4,2,3,0,0,6,0,3,0,0,4,0,0,0,0,0,4,0,2026-09-01T10:43:19.146944+00:00
Eredivisie 2026/2027,SC Cambuur - Excelsior,2026-08-07T18:00:00+00:00,finished,1,0-4,SC Cambuur,Iwan Henstra,F,94,7.4,38,0,0,0.2204,0.210759,2,1,0,12,12,0,0,1,0,8,4,9,9,1,3,3,3,2,0,7,0,2,9,1,0,0,0,0,4,0,2026-09-01T10:43:19.146978+00:00
Eredivisie 2026/2027,SC Cambuur - Excelsior,2026-08-07T18:00:00+00:00,finished,1,0-4,SC Cambuur,Jamal Amofa,D,94,6.6,102,0,0,0.0131,0.0693269,1,0,2,78,68,9,4,0,0,3,2,9,6,1,1,4,4,5,0,5,0,1,13,2,1,0,0,0,4,0,2026-09-01T10:43:19.146953+00:00
Eredivisie 2026/2027,SC Cambuur - Excelsior,2026-08-07T18:00:00+00:00,finished,1,0-4,Excelsior,Jan Plug,D,94,7.0,62,0,0,,0.00957435,0,0,0,58,54,7,3,0,0,0,0,2,5,1,3,1,0,1,0,4,0,0,4,0,0,0,0,0,0,0,2026-09-01T10:43:19.146768+00:00
Eredivisie 2026/2027,SC Cambuur - Excelsior,2026-08-07T18:00:00+00:00,finished,1,0-4,SC Cambuur,Jasper Meijster,G,0,,0,0,0,,,0,0,0,0,0,0,0,0,0,0,0,0,0,0,0,0,0,0,0,0,0,0,0,0,0,0,0,0,0,0,2026-09-01T10:43:19.147064+00:00
Eredivisie 2026/2027,SC Cambuur - Excelsior,2026-08-07T18:00:00+00:00,finished,1,0-4,SC Cambuur,Jorn Berkhout,D,0,,0,0,0,,,0,0,0,0,0,0,0,0,0,0,0,0,0,0,0,0,0,0,0,0,0,0,0,0,0,0,0,0,0,0,2026-09-01T10:43:19.147135+00:00
Eredivisie 2026/2027,SC Cambuur - Excelsior,2026-08-07T18:00:00+00:00,finished,1,0-4,Excelsior,Lennard Hartjes,M,94,7.7,57,0,0,0.0221,0.166809,1,1,1,37,36,1,1,2,0,1,1,4,3,0,0,2,1,4,3,4,0,1,4,1,1,0,0,0,0,0,2026-09-01T10:43:19.146787+00:00
Eredivisie 2026/2027,SC Cambuur - Excelsior,2026-08-07T18:00:00+00:00,finished,1,0-4,SC Cambuur,Lucas Jetten,D,66,5.7,46,0,0,,0.00944108,0,0,2,26,22,2,1,1,0,3,2,4,5,0,1,0,0,3,3,5,0,1,11,2,0,0,0,0,3,0,2026-09-01T10:43:19.146997+00:00
Eredivisie 2026/2027,SC Cambuur - Excelsior,2026-08-07T18:00:00+00:00,finished,1,0-4,SC Cambuur,Matthijs Kalisvaart,G,0,,0,0,0,,,0,0,0,0,0,0,0,0,0,0,0,0,0,0,0,0,0,0,0,0,0,0,0,0,0,0,0,0,0,0,2026-09-01T10:43:19.147072+00:00
Eredivisie 2026/2027,SC Cambuur - Excelsior,2026-08-07T18:00:00+00:00,finished,1,0-4,SC Cambuur,Morgan Costarelli,D,49,6.5,31,0,0,0.0239,0.00531668,1,0,0,18,15,1,1,1,0,0,0,4,4,0,2,4,3,0,2,2,0,1,5,0,1,0,0,0,1,0,2026-09-01T10:43:19.147014+00:00
Eredivisie 2026/2027,SC Cambuur - Excelsior,2026-08-07T18:00:00+00:00,finished,1,0-4,Excelsior,Nesto Groen,F,20,6.3,8,0,0,,0.0166156,0,0,1,7,5,0,0,0,0,0,0,0,1,0,1,0,0,0,0,1,0,0,3,0,0,0,0,0,0,0,2026-09-01T10:43:19.146846+00:00
Eredivisie 2026/2027,SC Cambuur - Excelsior,2026-08-07T18:00:00+00:00,finished,1,0-4,SC Cambuur,Nicky Souren,M,94,6.8,41,0,0,,0.0172869,0,0,2,32,28,0,0,0,0,1,1,6,2,0,1,4,2,1,0,5,0,0,4,1,0,0,0,0,4,0,2026-09-01T10:43:19.146970+00:00
Eredivisie 2026/2027,SC Cambuur - Excelsior,2026-08-07T18:00:00+00:00,finished,1,0-4,SC Cambuur,Nicolas Binder,F,0,,0,0,0,,,0,0,0,0,0,0,0,0,0,0,0,0,0,0,0,0,0,0,0,0,0,0,0,0,0,0,0,0,0,0,2026-09-01T10:43:19.147056+00:00
Eredivisie 2026/2027,SC Cambuur - Excelsior,2026-08-07T18:00:00+00:00,finished,1,0-4,Excelsior,Noa el Hamdaoui,M,0,,0,0,0,,,0,0,0,0,0,0,0,0,0,0,0,0,0,0,0,0,0,0,0,0,0,0,0,0,0,0,0,0,0,0,2026-09-01T10:43:19.146884+00:00
Eredivisie 2026/2027,SC Cambuur - Excelsior,2026-08-07T18:00:00+00:00,finished,1,0-4,Excelsior,Noah Naujoks,M,94,8.4,51,2,0,0.88,0.133685,5,2,2,26,14,0,0,2,1,4,2,8,12,3,2,3,2,0,1,3,2,2,19,0,3,0,0,0,0,0,2026-09-01T10:43:19.146701+00:00
Eredivisie 2026/2027,SC Cambuur - Excelsior,2026-08-07T18:00:00+00:00,finished,1,0-4,Excelsior,Nolan Martens,D,74,6.6,53,0,0,0.0295,0.00616578,1,0,0,37,29,4,2,0,0,1,1,2,6,0,0,1,1,2,1,3,1,2,12,0,0,0,0,0,0,0,2026-09-01T10:43:19.146820+00:00
Eredivisie 2026/2027,SC Cambuur - Excelsior,2026-08-07T18:00:00+00:00,finished,1,0-4,Excelsior,Osman Turay,D,13,6.6,7,0,0,,0.0010118,0,0,0,6,3,2,2,0,0,1,0,1,1,1,0,0,0,0,0,0,0,0,4,0,0,0,0,0,0,0,2026-09-01T10:43:19.146861+00:00
Eredivisie 2026/2027,SC Cambuur - Excelsior,2026-08-07T18:00:00+00:00,finished,1,0-4,SC Cambuur,Rafik El Arguioui,M,94,6.4,37,0,0,0.283,0.221497,3,1,2,15,9,2,0,7,0,4,3,6,3,2,1,0,0,1,0,1,0,1,17,1,0,0,0,0,4,0,2026-09-01T10:43:19.146961+00:00
Eredivisie 2026/2027,SC Cambuur - Excelsior,2026-08-07T18:00:00+00:00,finished,1,0-4,Excelsior,Rick Meissen,D,94,7.1,69,0,0,,0.0130915,0,0,0,60,54,6,2,0,0,0,0,1,2,0,1,1,1,2,1,3,0,0,6,0,0,0,0,0,0,0,2026-09-01T10:43:19.146760+00:00
Eredivisie 2026/2027,SC Cambuur - Excelsior,2026-08-07T18:00:00+00:00,finished,1,0-4,SC Cambuur,Rik Mulders,D,45,5.9,31,0,0,,0.00376901,0,0,0,22,21,3,2,0,0,0,0,4,0,1,0,2,0,3,0,0,0,0,2,1,0,0,0,0,3,0,2026-09-01T10:43:19.147023+00:00
Eredivisie 2026/2027,SC Cambuur - Excelsior,2026-08-07T18:00:00+00:00,finished,1,0-4,SC Cambuur,Ryan van de Pavert,D,45,6.3,29,0,0,,0.00453139,0,0,0,18,15,1,1,0,0,2,0,3,4,1,0,1,1,1,1,2,0,0,6,1,1,0,0,0,3,0,2026-09-01T10:43:19.147032+00:00
Eredivisie 2026/2027,SC Cambuur - Excelsior,2026-08-07T18:00:00+00:00,finished,1,0-4,SC Cambuur,Sami Bouhoudane,F,49,6.4,13,0,0,,0.00851816,0,0,1,12,9,0,0,0,0,0,0,0,1,0,1,0,0,0,0,1,0,0,3,0,0,0,0,0,1,0,2026-09-01T10:43:19.147006+00:00
Eredivisie 2026/2027,SC Cambuur - Excelsior,2026-08-07T18:00:00+00:00,finished,1,0-4,Excelsior,Simon Janssen,D,81,8.7,46,0,2,0.1734,0.581257,1,0,3,27,24,2,1,6,4,1,0,6,4,1,1,5,5,1,0,3,1,1,8,0,1,0,0,0,0,0,2026-09-01T10:43:19.146804+00:00
Eredivisie 2026/2027,SC Cambuur - Excelsior,2026-08-07T18:00:00+00:00,finished,1,0-4,SC Cambuur,Skye Vink,F,81,6.7,29,0,0,0.071,0.28464,2,0,1,19,12,0,0,0,0,2,2,6,5,3,2,0,0,0,0,1,1,1,11,1,2,0,0,0,4,0,2026-09-01T10:43:19.146987+00:00
Eredivisie 2026/2027,SC Cambuur - Excelsior,2026-08-07T18:00:00+00:00,finished,1,0-4,Excelsior,Stan Henderikx,D,0,,0,0,0,,,0,0,0,0,0,0,0,0,0,0,0,0,0,0,0,0,0,0,0,0,0,0,0,0,0,0,0,0,0,0,2026-09-01T10:43:19.146892+00:00
Eredivisie 2026/2027,SC Cambuur - Excelsior,2026-08-07T18:00:00+00:00,finished,1,0-4,Excelsior,Stijn van Gassel,G,94,7.8,64,0,0,,0.0134112,0,0,0,61,44,34,18,0,0,0,0,0,0,0,0,0,0,0,0,10,0,0,17,0,0,0,0,1,0,0,2026-09-01T10:43:19.146746+00:00
Eredivisie 2026/2027,SC Cambuur - Excelsior,2026-08-07T18:00:00+00:00,finished,1,0-4,SC Cambuur,Thijs Jansen,G,94,7.9,42,0,0,,0.00050399,0,0,0,29,18,16,5,0,0,0,0,1,0,1,0,0,0,0,0,10,0,0,11,0,0,0,0,5,4,0,2026-09-01T10:43:19.146926+00:00
Eredivisie 2026/2027,SC Cambuur - Excelsior,2026-08-07T18:00:00+00:00,finished,1,0-4,Excelsior,Valentin Sulzbacher,M,0,,0,0,0,,,0,0,0,0,0,0,0,0,0,0,0,0,0,0,0,0,0,0,0,0,0,0,0,0,0,0,0,0,0,0,2026-09-01T10:43:19.146877+00:00
Eredivisie 2026/2027,SC Cambuur - Excelsior,2026-08-07T18:00:00+00:00,finished,1,0-4,SC Cambuur,Wessel van der Goot,M,13,6.3,0,0,0,,,0,0,0,0,0,0,0,0,0,0,0,0,0,0,0,0,0,0,0,0,0,0,0,0,0,0,0,0,0,0,2026-09-01T10:43:19.147048+00:00
Eredivisie 2026/2027,SC Cambuur - Excelsior,2026-08-07T18:00:00+00:00,finished,1,0-4,SC Cambuur,Wiebe van der Heide,M,0,,0,0,0,,,0,0,0,0,0,0,0,0,0,0,0,0,0,0,0,0,0,0,0,0,0,0,0,0,0,0,0,0,0,0,2026-09-01T10:43:19.147147+00:00
Eredivisie 2026/2027,SC Cambuur - Excelsior,2026-08-07T18:00:00+00:00,finished,1,0-4,Excelsior,Yaqub Finey,F,0,,0,0,0,,,0,0,0,0,0,0,0,0,0,0,0,0,0,0,0,0,0,0,0,0,0,0,0,0,0,0,0,0,0,0,2026-09-01T10:43:19.146900+00:00
Eredivisie 2026/2027,NEC Nijmegen - SC Telstar,2026-08-08T14:30:00+00:00,finished,1,1-2,NEC Nijmegen,,,90,6.7,80,0,0,0.088,0.249142,3,0,1,60,58,0,0,6,1,1,0,5,4,1,2,3,1,1,1,0,1,0,8,1,1,1,0,0,2,0,2026-09-02T00:09:23.298619+00:00
Eredivisie 2026/2027,NEC Nijmegen - SC Telstar,2026-08-08T14:30:00+00:00,finished,1,1-2,NEC Nijmegen,,,79,7.5,60,0,0,0.3215,0.35462,5,0,4,30,27,3,2,7,1,5,1,4,6,1,0,0,0,1,2,5,3,0,15,2,1,0,0,0,2,0,2026-09-02T00:09:23.298629+00:00
Eredivisie 2026/2027,NEC Nijmegen - SC Telstar,2026-08-08T14:30:00+00:00,finished,1,1-2,NEC Nijmegen,,,0,,0,0,0,,,0,0,0,0,0,0,0,0,0,0,0,0,0,0,0,0,0,0,0,0,0,0,0,0,0,0,0,0,0,0,2026-09-02T00:09:23.298783+00:00
Eredivisie 2026/2027,NEC Nijmegen - SC Telstar,2026-08-08T14:30:00+00:00,finished,1,1-2,SC Telstar,,,63,6.8,34,0,0,0.5672,0.0141459,2,1,0,17,13,2,2,3,0,2,0,6,4,1,0,1,1,1,0,2,0,1,12,4,1,0,0,0,0,0,2026-09-02T00:09:23.298908+00:00
Eredivisie 2026/2027,NEC Nijmegen - SC Telstar,2026-08-08T14:30:00+00:00,finished,1,1-2,SC Telstar,Abdelnour Soualhia,D,90,8.2,48,0,1,,0.148942,0,0,1,20,14,4,2,0,0,0,0,5,1,2,0,2,1,17,3,4,0,0,6,1,1,0,0,0,1,0,2026-09-02T00:09:23.298802+00:00
Eredivisie 2026/2027,NEC Nijmegen - SC Telstar,2026-08-08T14:30:00+00:00,finished,1,1-2,NEC Nijmegen,Adam Tahaui,M,0,,0,0,0,,,0,0,0,0,0,0,0,0,0,0,0,0,0,0,0,0,0,0,0,0,0,0,0,0,0,0,0,0,0,0,2026-09-02T00:09:23.298755+00:00
Eredivisie 2026/2027,NEC Nijmegen - SC Telstar,2026-08-08T14:30:00+00:00,finished,1,1-2,NEC Nijmegen,Bryan Linssen,F,26,6.8,1,0,0,0.0498,,1,1,0,0,0,0,0,0,0,0,0,1,3,1,0,0,0,0,0,0,0,0,0,0,3,0,0,0,0,0,2026-09-02T00:09:23.298698+00:00
Eredivisie 2026/2027,NEC Nijmegen - SC Telstar,2026-08-08T14:30:00+00:00,finished,1,1-2,NEC Nijmegen,Clement Bischoff,F,90,7.3,71,0,0,0.147,0.335519,3,0,2,43,39,2,1,9,1,2,0,2,4,0,0,1,0,0,0,4,1,1,21,1,1,0,0,0,2,0,2026-09-02T00:09:23.298586+00:00
Eredivisie 2026/2027,NEC Nijmegen - SC Telstar,2026-08-08T14:30:00+00:00,finished,1,1-2,SC Telstar,Daan Reiziger,G,0,,0,0,0,,,0,0,0,0,0,0,0,0,0,0,0,0,0,0,0,0,0,0,0,0,0,0,0,0,0,0,0,0,0,0,2026-09-02T00:09:23.298978+00:00
Eredivisie 2026/2027,NEC Nijmegen - SC Telstar,2026-08-08T14:30:00+00:00,finished,1,1-2,NEC Nijmegen,Darko Nejašmić,M,45,7.0,53,0,0,,0.0326628,0,0,0,42,38,3,2,0,0,0,0,6,3,2,2,3,2,3,0,4,0,0,4,1,0,0,0,0,2,0,2026-09-02T00:09:23.298670+00:00
Eredivisie 2026/2027,NEC Nijmegen - SC Telstar,2026-08-08T14:30:00+00:00,finished,1,1-2,NEC Nijmegen,Deveron Fonville,D,90,7.2,109,0,0,,0.139289,0,0,2,92,82,4,2,1,0,2,2,6,0,2,0,1,1,3,1,4,0,0,15,1,0,0,0,0,2,0,2026-09-02T00:09:23.298526+00:00
Eredivisie 2026/2027,NEC Nijmegen - SC Telstar,2026-08-08T14:30:00+00:00,finished,1,1-2,NEC Nijmegen,Dušan Tadić,F,90,7.5,65,0,1,0.1805,1.07184,3,0,8,41,35,0,0,10,4,2,0,2,4,0,0,0,0,2,0,0,2,2,17,2,0,0,0,0,2,0,2026-09-02T00:09:23.298598+00:00
Eredivisie 2026/2027,NEC Nijmegen - SC Telstar,2026-08-08T14:30:00+00:00,finished,1,1-2,SC Telstar,Emirhan Demircan,M,35,7.1,15,0,0,,0.00148132,0,0,0,4,4,0,0,1,0,1,1,4,1,0,1,2,1,3,1,2,0,0,2,1,0,0,0,0,1,0,2026-09-02T00:09:23.298929+00:00
Eredivisie 2026/2027,NEC Nijmegen - SC Telstar,2026-08-08T14:30:00+00:00,finished,1,1-2,NEC Nijmegen,Emre Mor,M,11,7.4,19,0,0,0.1052,0.479889,3,0,0,7,7,1,1,2,1,4,3,3,2,0,1,0,0,0,0,0,1,0,3,0,0,0,0,0,0,0,2026-09-02T00:09:23.298716+00:00
Eredivisie 2026/2027,NEC Nijmegen - SC Telstar,2026-08-08T14:30:00+00:00,finished,1,1-2,SC Telstar,Fabiano Rust,M,0,,0,0,0,,,0,0,0,0,0,0,0,0,0,0,0,0,0,0,0,0,0,0,0,0,0,0,0,0,0,0,0,0,0,0,2026-09-02T00:09:23.299024+00:00
Eredivisie 2026/2027,NEC Nijmegen - SC Telstar,2026-08-08T14:30:00+00:00,finished,1,1-2,SC Telstar,Finn Mulder,G,0,,0,0,0,,,0,0,0,0,0,0,0,0,0,0,0,0,0,0,0,0,0,0,0,0,0,0,0,0,0,0,0,0,0,0,2026-09-02T00:09:23.298987+00:00
Eredivisie 2026/2027,NEC Nijmegen - SC Telstar,2026-08-08T14:30:00+00:00,finished,1,1-2,SC Telstar,Fofin Turay,F,0,,0,0,0,,,0,0,0,0,0,0,0,0,0,0,0,0,0,0,0,0,0,0,0,0,0,0,0,0,0,0,0,0,0,0,2026-09-02T00:09:23.299032+00:00
Eredivisie 2026/2027,NEC Nijmegen - SC Telstar,2026-08-08T14:30:00+00:00,finished,1,1-2,NEC Nijmegen,Freek Entius,G,0,,0,0,0,,,0,0,0,0,0,0,0,0,0,0,0,0,0,0,0,0,0,0,0,0,0,0,0,0,0,0,0,0,0,0,2026-09-02T00:09:23.298736+00:00
Eredivisie 2026/2027,NEC Nijmegen - SC Telstar,2026-08-08T14:30:00+00:00,finished,1,1-2,SC Telstar,Gabi Caschili,D,20,6.4,6,0,0,,0.00133666,0,0,0,1,1,0,0,0,0,0,0,0,0,0,0,0,0,1,0,0,0,0,2,0,0,0,0,0,1,0,2026-09-02T00:09:23.298968+00:00
Eredivisie 2026/2027,NEC Nijmegen - SC Telstar,2026-08-08T14:30:00+00:00,finished,1,1-2,SC Telstar,Gerald Alders,D,64,7.1,27,0,0,,0.00205782,0,0,0,12,5,4,1,0,0,0,0,3,1,0,0,2,2,4,1,2,0,0,9,1,1,0,0,0,0,0,2026-09-02T00:09:23.298890+00:00
Eredivisie 2026/2027,NEC Nijmegen - SC Telstar,2026-08-08T14:30:00+00:00,finished,1,1-2,NEC Nijmegen,Gonzalo Crettaz,G,90,6.6,39,0,0,,0.00056565,0,0,0,30,25,7,2,0,0,0,0,0,0,0,0,0,0,0,0,15,0,0,5,0,0,0,0,1,2,0,2026-09-02T00:09:23.298609+00:00
Eredivisie 2026/2027,NEC Nijmegen - SC Telstar,2026-08-08T14:30:00+00:00,finished,1,1-2,SC Telstar,Harrie Kuster,M,0,,0,0,0,,,0,0,0,0,0,0,0,0,0,0,0,0,0,0,0,0,0,0,0,0,0,0,0,0,0,0,0,0,0,0,2026-09-02T00:09:23.298996+00:00
Eredivisie 2026/2027,NEC Nijmegen - SC Telstar,2026-08-08T14:30:00+00:00,finished,1,1-2,SC Telstar,Isaiah Ahmed,M,26,6.4,9,0,0,,0.0274185,0,0,0,6,6,0,0,0,0,0,0,0,1,0,0,0,0,1,0,0,0,0,1,0,1,1,0,0,1,0,2026-09-02T00:09:23.298958+00:00
Eredivisie 2026/2027,NEC Nijmegen - SC Telstar,2026-08-08T14:30:00+00:00,finished,1,1-2,NEC Nijmegen,Isak Hansen Aarøen,M,90,6.8,68,0,0,,0.216586,0,0,2,54,50,3,2,2,1,2,2,4,7,1,0,1,0,1,3,7,0,2,7,0,3,1,0,0,2,0,2026-09-02T00:09:23.298573+00:00
Eredivisie 2026/2027,NEC Nijmegen - SC Telstar,2026-08-08T14:30:00+00:00,finished,1,1-2,NEC Nijmegen,Jamiro Monteiro,M,64,6.8,51,0,0,,0.0367954,0,0,0,44,38,5,3,1,0,0,0,4,4,1,0,2,2,0,0,2,0,1,8,1,2,0,0,0,2,0,2026-09-02T00:09:23.298651+00:00
Eredivisie 2026/2027,NEC Nijmegen - SC Telstar,2026-08-08T14:30:00+00:00,finished,1,1-2,SC Telstar,Jeff Hardeveld,M,90,6.9,39,0,0,,0.210783,0,0,2,18,12,5,0,3,2,0,0,2,5,0,1,2,1,4,0,0,0,0,11,0,1,0,0,0,1,0,2026-09-02T00:09:23.298871+00:00
Eredivisie 2026/2027,NEC Nijmegen - SC Telstar,2026-08-08T14:30:00+00:00,finished,1,1-2,SC Telstar,Jelani Seedorf,F,90,5.9,29,0,0,0.0854,0.3066,2,0,1,10,9,0,0,0,0,6,1,4,19,2,10,1,1,2,0,3,1,2,11,0,1,0,0,0,1,0,2026-09-02T00:09:23.298860+00:00
Eredivisie 2026/2027,NEC Nijmegen - SC Telstar,2026-08-08T14:30:00+00:00,finished,1,1-2,NEC Nijmegen,Joep Geneste,G,0,,0,0,0,,,0,0,0,0,0,0,0,0,0,0,0,0,0,0,0,0,0,0,0,0,0,0,0,0,0,0,0,0,0,0,2026-09-02T00:09:23.298764+00:00
Eredivisie 2026/2027,NEC Nijmegen - SC Telstar,2026-08-08T14:30:00+00:00,finished,1,1-2,NEC Nijmegen,Kaj Sierhuis,F,45,7.1,13,1,0,0.6846,0.31039,4,1,1,6,4,1,0,0,0,0,0,1,0,1,0,0,0,0,0,1,2,0,4,0,0,0,0,0,0,0,2026-09-02T00:09:23.298679+00:00
Eredivisie 2026/2027,NEC Nijmegen - SC Telstar,2026-08-08T14:30:00+00:00,finished,1,1-2,NEC Nijmegen,Kevin Kers,F,0,,0,0,0,,,0,0,0,0,0,0,0,0,0,0,0,0,0,0,0,0,0,0,0,0,0,0,0,0,0,0,0,0,0,0,2026-09-02T00:09:23.298746+00:00
Eredivisie 2026/2027,NEC Nijmegen - SC Telstar,2026-08-08T14:30:00+00:00,finished,1,1-2,SC Telstar,Marvin Peersman,D,90,7.2,46,0,0,0.2312,0.00295844,2,0,1,24,17,7,2,0,0,0,0,6,4,0,1,3,1,7,1,4,1,1,10,3,2,0,0,0,1,0,2026-09-02T00:09:23.298833+00:00
Eredivisie 2026/2027,NEC Nijmegen - SC Telstar,2026-08-08T14:30:00+00:00,finished,1,1-2,NEC Nijmegen,Merijn van de Wiel,M,0,,0,0,0,,,0,0,0,0,0,0,0,0,0,0,0,0,0,0,0,0,0,0,0,0,0,0,0,0,0,0,0,0,0,0,2026-09-02T00:09:23.298773+00:00
Eredivisie 2026/2027,NEC Nijmegen - SC Telstar,2026-08-08T14:30:00+00:00,finished,1,1-2,SC Telstar,Nigel Ogidi Nwankwo,D,0,,0,0,0,,,0,0,0,0,0,0,0,0,0,0,0,0,0,0,0,0,0,0,0,0,0,0,0,0,0,0,0,0,0,0,2026-09-02T00:09:23.299006+00:00
Eredivisie 2026/2027,NEC Nijmegen - SC Telstar,2026-08-08T14:30:00+00:00,finished,1,1-2,SC Telstar,Nils Rossen,M,64,6.8,26,0,0,,0.0112077,0,0,0,18,15,1,1,0,0,1,0,3,3,0,0,3,0,0,0,3,0,0,5,0,1,0,0,0,0,0,2026-09-02T00:09:23.298899+00:00
Eredivisie 2026/2027,NEC Nijmegen - SC Telstar,2026-08-08T14:30:00+00:00,finished,1,1-2,SC Telstar,Noach Shenkman,M,26,6.6,14,0,0,,0.00198208,0,0,0,6,5,2,1,0,0,0,0,0,0,0,0,0,0,3,0,0,0,0,3,0,0,0,0,0,1,0,2026-09-02T00:09:23.298948+00:00
Eredivisie 2026/2027,NEC Nijmegen - SC Telstar,2026-08-08T14:30:00+00:00,finished,1,1-2,NEC Nijmegen,Noé Lebreton,F,64,7.1,42,0,0,0.1158,0.170367,1,0,1,26,19,1,0,2,0,0,0,7,2,1,1,4,3,0,0,4,0,0,13,2,1,0,0,0,2,0,2026-09-02T00:09:23.298641+00:00
Eredivisie 2026/2027,NEC Nijmegen - SC Telstar,2026-08-08T14:30:00+00:00,finished,1,1-2,SC Telstar,Patrick Brouwer,F,90,7.6,25,1,1,0.4345,0.111814,1,1,2,15,11,0,0,0,0,2,1,1,5,0,1,0,0,3,0,1,0,0,7,0,1,0,0,0,1,0,2026-09-02T00:09:23.298849+00:00
Eredivisie 2026/2027,NEC Nijmegen - SC Telstar,2026-08-08T14:30:00+00:00,finished,1,1-2,NEC Nijmegen,Philippe Sandler,D,26,7.8,38,0,0,,0.0430784,0,0,0,30,26,1,1,0,0,1,0,9,1,5,0,2,2,2,1,1,0,0,5,2,0,0,0,0,0,0,2026-09-02T00:09:23.298707+00:00
Eredivisie 2026/2027,NEC Nijmegen - SC Telstar,2026-08-08T14:30:00+00:00,finished,1,1-2,SC Telstar,Prince Aning,D,27,6.5,8,0,0,,0.00171724,0,0,0,2,2,1,1,1,0,0,0,2,4,1,0,0,0,1,0,0,0,1,2,1,3,0,0,0,1,0,2026-09-02T00:09:23.298939+00:00
Eredivisie 2026/2027,NEC Nijmegen - SC Telstar,2026-08-08T14:30:00+00:00,finished,1,1-2,SC Telstar,Rojendro Oudsten,M,0,,0,0,0,,,0,0,0,0,0,0,0,0,0,0,0,0,0,0,0,0,0,0,0,0,0,0,0,0,0,0,0,0,0,0,2026-09-02T00:09:23.299015+00:00
Eredivisie 2026/2027,NEC Nijmegen - SC Telstar,2026-08-08T14:30:00+00:00,finished,1,1-2,SC Telstar,Ronald Koeman Jr,G,90,8.2,67,0,0,,0.0141746,0,0,0,48,26,37,15,0,0,0,0,0,0,0,0,0,0,1,0,18,0,0,23,0,0,1,0,3,1,0,2026-09-02T00:09:23.298793+00:00
Eredivisie 2026/2027,NEC Nijmegen - SC Telstar,2026-08-08T14:30:00+00:00,finished,1,1-2,SC Telstar,Rui Mendes,F,55,7.2,19,1,0,0.1396,0.0136994,1,1,0,8,6,1,0,1,0,2,0,0,5,0,2,0,0,0,0,0,0,0,8,0,0,0,0,0,0,0,2026-09-02T00:09:23.298918+00:00
Eredivisie 2026/2027,NEC Nijmegen - SC Telstar,2026-08-08T14:30:00+00:00,finished,1,1-2,NEC Nijmegen,Tjaronn Chery,F,64,6.9,51,0,0,0.1975,0.0915336,4,2,1,36,33,1,1,6,1,0,0,1,2,0,0,1,0,0,0,4,1,1,10,0,0,0,0,0,2,0,2026-09-02T00:09:23.298660+00:00
Eredivisie 2026/2027,NEC Nijmegen - SC Telstar,2026-08-08T14:30:00+00:00,finished,1,1-2,NEC Nijmegen,Tobias Storm,D,0,,0,0,0,,,0,0,0,0,0,0,0,0,0,0,0,0,0,0,0,0,0,0,0,0,0,0,0,0,0,0,0,0,0,0,2026-09-02T00:09:23.298727+00:00
Eredivisie 2026/2027,NEC Nijmegen - SC Telstar,2026-08-08T14:30:00+00:00,finished,1,1-2,SC Telstar,Tyrone Owusu,M,70,7.1,32,0,0,,0.0260779,0,0,1,19,14,2,1,0,0,4,3,6,4,0,0,2,1,1,1,6,0,2,9,1,1,0,0,0,0,0,2026-09-02T00:09:23.298880+00:00
Eredivisie 2026/2027,NEC Nijmegen - SC Telstar,2026-08-08T14:30:00+00:00,finished,1,1-2,NEC Nijmegen,Willum Thor Willumsson,M,26,6.9,16,0,0,,0.0161052,0,0,1,11,11,1,1,0,0,0,0,2,0,0,0,1,1,0,1,3,0,0,1,1,0,0,0,0,0,0,2026-09-02T00:09:23.298689+00:00
Eredivisie 2026/2027,Go Ahead Eagles - Willem II Tilburg,2026-08-08T16:45:00+00:00,finished,1,4-1,Willem II Tilburg,,,90,6.9,61,0,0,,0.00296533,0,0,0,38,28,10,3,0,0,1,0,8,3,6,2,2,2,14,3,1,0,0,12,0,0,0,0,0,4,0,2026-09-02T00:09:23.715318+00:00
Eredivisie 2026/2027,Go Ahead Eagles - Willem II Tilburg,2026-08-08T16:45:00+00:00,finished,1,4-1,Willem II Tilburg,,,1,,1,0,0,,,0,0,0,0,0,0,0,0,0,0,0,0,4,0,0,0,0,0,0,0,0,0,1,0,2,1,0,0,0,0,2026-09-02T00:09:23.715438+00:00
Eredivisie 2026/2027,Go Ahead Eagles - Willem II Tilburg,2026-08-08T16:45:00+00:00,finished,1,4-1,Willem II Tilburg,,,1,,0,0,0,,,0,0,0,0,0,0,0,0,0,0,0,0,0,0,0,0,0,0,0,0,0,0,0,0,0,0,0,0,0,0,2026-09-02T00:09:23.715446+00:00
Eredivisie 2026/2027,Go Ahead Eagles - Willem II Tilburg,2026-08-08T16:45:00+00:00,finished,1,4-1,Willem II Tilburg,,,0,,0,0,0,,,0,0,0,0,0,0,0,0,0,0,0,0,0,0,0,0,0,0,0,0,0,0,0,0,0,0,0,0,0,0,2026-09-02T00:09:23.715470+00:00
Eredivisie 2026/2027,Go Ahead Eagles - Willem II Tilburg,2026-08-08T16:45:00+00:00,finished,1,4-1,Willem II Tilburg,,,0,,0,0,0,,,0,0,0,0,0,0,0,0,0,0,0,0,0,0,0,0,0,0,0,0,0,0,0,0,0,0,0,0,0,0,2026-09-02T00:09:23.715479+00:00
Eredivisie 2026/2027,Go Ahead Eagles - Willem II Tilburg,2026-08-08T16:45:00+00:00,finished,1,4-1,Willem II Tilburg,,,0,,0,0,0,,,0,0,0,0,0,0,0,0,0,0,0,0,0,0,0,0,0,0,0,0,0,0,0,0,0,0,0,0,0,0,2026-09-02T00:09:23.715494+00:00
Eredivisie 2026/2027,Go Ahead Eagles - Willem II Tilburg,2026-08-08T16:45:00+00:00,finished,1,4-1,Willem II Tilburg,Alessandro Ciranni,D,90,6.4,26,0,0,,0.00619608,0,0,0,19,13,6,2,0,0,0,0,3,4,1,2,1,0,1,1,0,0,0,6,1,1,0,0,0,4,0,2026-09-02T00:09:23.715342+00:00
Eredivisie 2026/2027,Go Ahead Eagles - Willem II Tilburg,2026-08-08T16:45:00+00:00,finished,1,4-1,Go Ahead Eagles,Alfons Sampsted,D,90,7.0,76,0,0,,0.0195099,0,0,1,61,55,3,2,3,1,0,0,6,2,3,1,1,1,4,0,4,0,0,8,2,0,0,0,0,1,0,2026-09-02T00:09:23.714956+00:00
Eredivisie 2026/2027,Go Ahead Eagles - Willem II Tilburg,2026-08-08T16:45:00+00:00,finished,1,4-1,Willem II Tilburg,Amine Et-Taibi,D,22,6.4,14,0,0,,0.0271122,0,0,0,5,3,0,0,1,1,0,0,1,1,0,0,1,0,1,0,1,0,0,3,0,0,0,0,0,1,0,2026-09-02T00:09:23.715416+00:00
Eredivisie 2026/2027,Go Ahead Eagles - Willem II Tilburg,2026-08-08T16:45:00+00:00,finished,1,4-1,Go Ahead Eagles,Calvin Twigt,M,15,6.7,9,0,0,,0.00589962,0,0,0,8,8,1,1,0,0,0,0,0,0,0,0,0,0,0,0,1,0,0,0,0,0,0,0,0,0,0,2026-09-02T00:09:23.715195+00:00
Eredivisie 2026/2027,Go Ahead Eagles - Willem II Tilburg,2026-08-08T16:45:00+00:00,finished,1,4-1,Go Ahead Eagles,Dani Tijman,D,0,,0,0,0,,,0,0,0,0,0,0,0,0,0,0,0,0,0,0,0,0,0,0,0,0,0,0,0,0,0,0,0,0,0,0,2026-09-02T00:09:23.715242+00:00
Eredivisie 2026/2027,Go Ahead Eagles - Willem II Tilburg,2026-08-08T16:45:00+00:00,finished,1,4-1,Go Ahead Eagles,Dean James,D,75,6.6,64,0,0,0.0859,0.200483,1,1,3,45,42,1,1,9,4,0,0,2,4,0,2,2,1,1,0,2,0,1,11,0,2,1,0,0,1,0,2026-09-02T00:09:23.715141+00:00
Eredivisie 2026/2027,Go Ahead Eagles - Willem II Tilburg,2026-08-08T16:45:00+00:00,finished,1,4-1,Willem II Tilburg,Devin Haen,F,90,7.9,33,1,0,0.5239,0.113999,3,1,1,20,15,0,0,0,0,1,1,5,3,4,1,0,0,2,1,1,0,0,10,0,1,0,0,0,4,0,2026-09-02T00:09:23.715310+00:00
Eredivisie 2026/2027,Go Ahead Eagles - Willem II Tilburg,2026-08-08T16:45:00+00:00,finished,1,4-1,Go Ahead Eagles,Erik Flataker,F,28,7.4,13,1,0,0.8117,0.0382386,3,2,0,6,4,0,0,0,0,2,1,3,3,1,2,0,0,0,0,1,0,0,4,1,0,0,0,0,0,0,2026-09-02T00:09:23.715169+00:00
Eredivisie 2026/2027,Go Ahead Eagles - Willem II Tilburg,2026-08-08T16:45:00+00:00,finished,1,4-1,Willem II Tilburg,Eser Gürbüz,M,76,6.6,29,0,0,0.0147,0.265942,1,0,2,16,12,3,2,2,1,3,1,2,3,0,0,0,0,0,1,3,1,1,11,1,0,0,0,0,4,0,2026-09-02T00:09:23.715375+00:00
Eredivisie 2026/2027,Go Ahead Eagles - Willem II Tilburg,2026-08-08T16:45:00+00:00,finished,1,4-1,Go Ahead Eagles,Eus Waayers,D,0,,0,0,0,,,0,0,0,0,0,0,0,0,0,0,0,0,0,0,0,0,0,0,0,0,0,0,0,0,0,0,0,0,0,0,2026-09-02T00:09:23.715257+00:00
Eredivisie 2026/2027,Go Ahead Eagles - Willem II Tilburg,2026-08-08T16:45:00+00:00,finished,1,4-1,Go Ahead Eagles,Evert Linthorst,M,90,7.6,82,0,0,,0.472154,0,0,0,73,65,6,3,4,0,0,0,3,1,2,1,1,0,0,1,4,0,0,13,0,0,0,0,0,1,0,2026-09-02T00:09:23.715041+00:00
Eredivisie 2026/2027,Go Ahead Eagles - Willem II Tilburg,2026-08-08T16:45:00+00:00,finished,1,4-1,Go Ahead Eagles,Giovanni van Zwam,D,15,7.0,18,0,0,,0.00043119,0,0,0,16,15,0,0,0,0,0,0,3,0,1,0,1,1,0,0,0,0,0,1,1,0,0,0,0,0,0,2026-09-02T00:09:23.715179+00:00
Eredivisie 2026/2027,Go Ahead Eagles - Willem II Tilburg,2026-08-08T16:45:00+00:00,finished,1,4-1,Willem II Tilburg,Jaden Slory,M,89,6.1,30,0,0,0.1392,0.186674,2,0,2,15,13,1,0,3,2,2,1,2,9,0,5,0,0,0,0,3,2,3,10,1,0,0,0,0,4,0,2026-09-02T00:09:23.715367+00:00
Eredivisie 2026/2027,Go Ahead Eagles - Willem II Tilburg,2026-08-08T16:45:00+00:00,finished,1,4-1,Willem II Tilburg,Jens Mathijsen,D,0,,0,0,0,,,0,0,0,0,0,0,0,0,0,0,0,0,0,0,0,0,0,0,0,0,0,0,0,0,0,0,0,0,0,0,2026-09-02T00:09:23.715462+00:00
Eredivisie 2026/2027,Go Ahead Eagles - Willem II Tilburg,2026-08-08T16:45:00+00:00,finished,1,4-1,Go Ahead Eagles,Joris Kramer,D,90,6.6,85,0,0,0.0213,0.0130453,1,0,0,72,66,6,2,2,0,0,0,3,3,2,2,1,1,3,2,3,0,0,8,0,0,0,0,0,1,0,2026-09-02T00:09:23.715029+00:00
Eredivisie 2026/2027,Go Ahead Eagles - Willem II Tilburg,2026-08-08T16:45:00+00:00,finished,1,4-1,Go Ahead Eagles,Julius Dirksen,D,75,7.9,84,1,0,0.2297,0.0256392,2,1,0,81,72,20,14,0,0,0,0,0,1,0,0,0,0,1,0,2,1,0,9,0,1,1,0,0,1,0,2026-09-02T00:09:23.715151+00:00
Eredivisie 2026/2027,Go Ahead Eagles - Willem II Tilburg,2026-08-08T16:45:00+00:00,finished,1,4-1,Willem II Tilburg,Justin Hoogma,D,90,5.9,41,0,0,,0.00173698,0,0,0,33,28,6,2,1,0,1,0,1,4,1,1,0,0,3,0,2,0,0,7,0,1,0,0,0,4,0,2026-09-02T00:09:23.715327+00:00
Eredivisie 2026/2027,Go Ahead Eagles - Willem II Tilburg,2026-08-08T16:45:00+00:00,finished,1,4-1,Willem II Tilburg,Karst de Leeuw,G,0,,0,0,0,,,0,0,0,0,0,0,0,0,0,0,0,0,0,0,0,0,0,0,0,0,0,0,0,0,0,0,0,0,0,0,2026-09-02T00:09:23.715454+00:00
Eredivisie 2026/2027,Go Ahead Eagles - Willem II Tilburg,2026-08-08T16:45:00+00:00,finished,1,4-1,Willem II Tilburg,Kasper Boogaard,M,89,6.3,35,0,0,0.2265,0.0145805,2,0,0,20,15,3,2,0,0,0,0,4,5,0,0,3,2,1,1,1,0,0,6,1,3,0,0,0,4,0,2026-09-02T00:09:23.715359+00:00
Eredivisie 2026/2027,Go Ahead Eagles - Willem II Tilburg,2026-08-08T16:45:00+00:00,finished,1,4-1,Go Ahead Eagles,Kjetil Haug,G,90,6.4,55,0,0,,0.00133467,0,0,0,48,39,11,3,0,0,0,0,1,0,0,0,0,0,0,0,5,0,0,9,0,0,0,0,0,1,0,2026-09-02T00:09:23.715017+00:00
Eredivisie 2026/2027,Go Ahead Eagles - Willem II Tilburg,2026-08-08T16:45:00+00:00,finished,1,4-1,Go Ahead Eagles,Mathis Suray,M,83,8.2,48,0,2,0.0378,0.343527,1,0,6,26,24,1,1,8,2,0,0,4,3,0,0,1,1,0,0,2,0,1,11,3,1,0,0,0,1,0,2026-09-02T00:09:23.715087+00:00
Eredivisie 2026/2027,Go Ahead Eagles - Willem II Tilburg,2026-08-08T16:45:00+00:00,finished,1,4-1,Willem II Tilburg,Mats Lemmens,D,14,6.9,5,0,0,,1.602e-05,0,0,0,1,1,0,0,0,0,0,0,1,0,1,0,0,0,4,0,0,0,0,0,0,0,0,0,0,0,0,2026-09-02T00:09:23.715430+00:00
Eredivisie 2026/2027,Go Ahead Eagles - Willem II Tilburg,2026-08-08T16:45:00+00:00,finished,1,4-1,Go Ahead Eagles,Melle Meulensteen,M,75,8.7,65,1,1,0.1089,0.446719,2,2,2,55,52,4,4,1,0,2,1,3,2,1,1,0,0,0,0,3,0,0,6,1,0,0,0,0,1,0,2026-09-02T00:09:23.715125+00:00
Eredivisie 2026/2027,Go Ahead Eagles - Willem II Tilburg,2026-08-08T16:45:00+00:00,finished,1,4-1,Go Ahead Eagles,Nando Verdoni,G,0,,0,0,0,,,0,0,0,0,0,0,0,0,0,0,0,0,0,0,0,0,0,0,0,0,0,0,0,0,0,0,0,0,0,0,2026-09-02T00:09:23.715217+00:00
Eredivisie 2026/2027,Go Ahead Eagles - Willem II Tilburg,2026-08-08T16:45:00+00:00,finished,1,4-1,Willem II Tilburg,Nathan Tjoe-A-On,D,90,5.7,54,0,1,0.4682,0.237221,4,0,3,28,26,6,5,4,2,3,1,2,8,1,1,0,0,5,2,3,1,0,7,0,4,0,0,0,4,0,2026-09-02T00:09:23.715334+00:00
Eredivisie 2026/2027,Go Ahead Eagles - Willem II Tilburg,2026-08-08T16:45:00+00:00,finished,1,4-1,Go Ahead Eagles,Nick Marsman,G,0,,0,0,0,,,0,0,0,0,0,0,0,0,0,0,0,0,0,0,0,0,0,0,0,0,0,0,0,0,0,0,0,0,0,0,2026-09-02T00:09:23.715233+00:00
Eredivisie 2026/2027,Go Ahead Eagles - Willem II Tilburg,2026-08-08T16:45:00+00:00,finished,1,4-1,Go Ahead Eagles,Ofosu Boakye,F,0,,0,0,0,,,0,0,0,0,0,0,0,0,0,0,0,0,0,0,0,0,0,0,0,0,0,0,0,0,0,0,0,0,0,0,2026-09-02T00:09:23.715301+00:00
Eredivisie 2026/2027,Go Ahead Eagles - Willem II Tilburg,2026-08-08T16:45:00+00:00,finished,1,4-1,Go Ahead Eagles,Oskar Siira Sivertsen,F,0,,0,0,0,,,0,0,0,0,0,0,0,0,0,0,0,0,0,0,0,0,0,0,0,0,0,0,0,0,0,0,0,0,0,0,2026-09-02T00:09:23.715287+00:00
Eredivisie 2026/2027,Go Ahead Eagles - Willem II Tilburg,2026-08-08T16:45:00+00:00,finished,1,4-1,Willem II Tilburg,Per van Loon,D,68,6.0,35,0,0,,0.00818014,0,0,2,18,17,2,2,1,0,0,0,2,3,0,0,2,1,5,1,2,0,1,3,0,2,0,0,0,3,0,2026-09-02T00:09:23.715384+00:00
Eredivisie 2026/2027,Go Ahead Eagles - Willem II Tilburg,2026-08-08T16:45:00+00:00,finished,1,4-1,Go Ahead Eagles,Richonell Margaret,F,13,6.8,8,0,0,0.0549,0.128199,1,0,1,3,3,0,0,1,0,1,0,1,1,0,0,1,1,0,0,0,1,0,3,0,0,0,0,0,0,0,2026-09-02T00:09:23.715204+00:00
Eredivisie 2026/2027,Go Ahead Eagles - Willem II Tilburg,2026-08-08T16:45:00+00:00,finished,1,4-1,Go Ahead Eagles,Stefán Ingi Sigurðarson,F,62,6.6,17,0,0,0.0803,0.0266874,2,1,0,11,4,0,0,0,0,0,0,5,5,4,5,0,0,0,0,1,0,0,9,1,0,0,0,0,1,0,2026-09-02T00:09:23.715160+00:00
Eredivisie 2026/2027,Go Ahead Eagles - Willem II Tilburg,2026-08-08T16:45:00+00:00,finished,1,4-1,Go Ahead Eagles,Søren Tengstedt,M,90,8.5,60,1,0,0.6993,0.0401117,4,1,0,34,29,3,2,1,0,7,6,14,1,0,0,3,3,0,1,2,1,0,9,5,1,0,0,0,1,0,2026-09-02T00:09:23.715059+00:00
Eredivisie 2026/2027,Go Ahead Eagles - Willem II Tilburg,2026-08-08T16:45:00+00:00,finished,1,4-1,Go Ahead Eagles,Thibo Baeten,F,15,6.8,22,0,0,0.0749,0.00756536,1,1,0,8,7,1,1,7,0,2,1,1,1,0,0,0,0,0,0,1,0,0,9,0,0,0,0,0,0,0,2026-09-02T00:09:23.715188+00:00
Eredivisie 2026/2027,Go Ahead Eagles - Willem II Tilburg,2026-08-08T16:45:00+00:00,finished,1,4-1,Willem II Tilburg,Thomas Didillon,G,68,7.0,37,0,0,,0.00094414,0,0,0,31,17,24,10,0,0,0,0,0,0,0,0,0,0,1,0,6,0,0,14,0,0,0,0,3,3,1,2026-09-02T00:09:23.715393+00:00
Eredivisie 2026/2027,Go Ahead Eagles - Willem II Tilburg,2026-08-08T16:45:00+00:00,finished,1,4-1,Willem II Tilburg,Thomas Verheydt,F,0,,0,0,0,,,0,0,0,0,0,0,0,0,0,0,0,0,0,0,0,0,0,0,0,0,0,0,0,0,0,0,0,0,0,0,2026-09-02T00:09:23.715487+00:00
Eredivisie 2026/2027,Go Ahead Eagles - Willem II Tilburg,2026-08-08T16:45:00+00:00,finished,1,4-1,Willem II Tilburg,Uriel van Aalst,M,90,5.9,17,0,0,0.0912,0.00295831,1,0,0,10,6,0,0,1,0,1,0,0,4,0,3,0,0,1,0,1,0,0,6,0,0,0,0,0,4,0,2026-09-02T00:09:23.715350+00:00
Eredivisie 2026/2027,Go Ahead Eagles - Willem II Tilburg,2026-08-08T16:45:00+00:00,finished,1,4-1,Go Ahead Eagles,Victor Edvardsen,F,90,6.7,42,0,1,0.1966,0.152866,2,1,1,32,23,1,0,2,1,1,0,2,4,1,0,1,1,0,0,2,0,1,12,0,1,0,0,0,1,0,2026-09-02T00:09:23.715071+00:00
Eredivisie 2026/2027,Go Ahead Eagles - Willem II Tilburg,2026-08-08T16:45:00+00:00,finished,1,4-1,Willem II Tilburg,Wouter Van der Steen,G,22,6.6,12,0,0,,2.9e-06,0,0,0,6,3,3,0,0,0,0,0,0,0,0,0,0,0,1,0,5,0,0,3,0,0,0,0,3,1,0,2026-09-02T00:09:23.715401+00:00
Eredivisie 2026/2027,Go Ahead Eagles - Willem II Tilburg,2026-08-08T16:45:00+00:00,finished,1,4-1,Go Ahead Eagles,Yassir Rahmouni,M,0,,0,0,0,,,0,0,0,0,0,0,0,0,0,0,0,0,0,0,0,0,0,0,0,0,0,0,0,0,0,0,0,0,0,0,2026-09-02T00:09:23.715273+00:00
Eredivisie 2026/2027,PSV Eindhoven - Fortuna Sittard,2026-08-08T18:00:00+00:00,finished,1,2-2,PSV Eindhoven,,,45,6.2,34,0,0,0.1391,0.014147,2,0,1,23,17,3,2,3,0,2,0,1,4,0,0,1,0,0,0,0,1,0,13,0,1,0,0,0,1,0,2026-09-02T00:09:24.019234+00:00
Eredivisie 2026/2027,PSV Eindhoven - Fortuna Sittard,2026-08-08T18:00:00+00:00,finished,1,2-2,PSV Eindhoven,,,0,,0,0,0,,,0,0,0,0,0,0,0,0,0,0,0,0,0,0,0,0,0,0,0,0,0,0,0,0,0,0,0,0,0,0,2026-09-02T00:09:24.019300+00:00
Eredivisie 2026/2027,PSV Eindhoven - Fortuna Sittard,2026-08-08T18:00:00+00:00,finished,1,2-2,Fortuna Sittard,,,0,,0,0,0,,,0,0,0,0,0,0,0,0,0,0,0,0,0,0,0,0,0,0,0,0,0,0,0,0,0,0,0,0,0,0,2026-09-02T00:09:24.019447+00:00
Eredivisie 2026/2027,PSV Eindhoven - Fortuna Sittard,2026-08-08T18:00:00+00:00,finished,1,2-2,PSV Eindhoven,Alassane Pléa,M,22,6.6,15,0,1,,0.0531274,0,0,3,12,12,0,0,0,0,0,0,0,1,0,0,0,0,0,1,1,0,1,1,0,0,0,0,0,1,0,2026-09-02T00:09:24.019243+00:00
Eredivisie 2026/2027,PSV Eindhoven - Fortuna Sittard,2026-08-08T18:00:00+00:00,finished,1,2-2,Fortuna Sittard,Anthony Descotte,F,12,6.3,9,0,0,,0.00361931,0,0,0,6,5,1,1,0,0,0,0,0,2,0,2,0,0,1,0,0,0,0,1,0,0,0,0,0,0,0,2026-09-02T00:09:24.019404+00:00
Eredivisie 2026/2027,PSV Eindhoven - Fortuna Sittard,2026-08-08T18:00:00+00:00,finished,1,2-2,PSV Eindhoven,Armando Obispo,D,90,6.9,96,0,0,0.1015,0.03151,1,0,0,81,75,3,2,0,0,0,0,4,2,0,1,2,1,5,1,6,0,0,6,2,1,0,0,0,2,0,2026-09-02T00:09:24.019159+00:00
Eredivisie 2026/2027,PSV Eindhoven - Fortuna Sittard,2026-08-08T18:00:00+00:00,finished,1,2-2,PSV Eindhoven,Dennis Man,M,21,6.2,18,0,0,,0.00807934,0,0,0,14,12,2,1,1,0,0,0,0,4,0,0,0,0,0,0,0,0,1,4,0,2,1,0,0,1,0,2026-09-02T00:09:24.019250+00:00
Eredivisie 2026/2027,PSV Eindhoven - Fortuna Sittard,2026-08-08T18:00:00+00:00,finished,1,2-2,PSV Eindhoven,Esmir Bajraktarević,F,0,,0,0,0,,,0,0,0,0,0,0,0,0,0,0,0,0,0,0,0,0,0,0,0,0,0,0,0,0,0,0,0,0,0,0,2026-09-02T00:09:24.019307+00:00
Eredivisie 2026/2027,PSV Eindhoven - Fortuna Sittard,2026-08-08T18:00:00+00:00,finished,1,2-2,PSV Eindhoven,Fabian Merién,D,0,,0,0,0,,,0,0,0,0,0,0,0,0,0,0,0,0,0,0,0,0,0,0,0,0,0,0,0,0,0,0,0,0,0,0,2026-09-02T00:09:24.019293+00:00
Eredivisie 2026/2027,PSV Eindhoven - Fortuna Sittard,2026-08-08T18:00:00+00:00,finished,1,2-2,Fortuna Sittard,Ganni Buyukhan,M,8,6.3,8,0,0,,0.00061132,0,0,0,4,3,0,0,0,0,2,0,0,4,0,0,0,0,0,0,2,0,1,4,0,1,0,0,0,0,0,2026-09-02T00:09:24.019427+00:00
Eredivisie 2026/2027,PSV Eindhoven - Fortuna Sittard,2026-08-08T18:00:00+00:00,finished,1,2-2,PSV Eindhoven,Guus Til,M,68,6.4,30,0,0,0.4328,0.0944639,2,0,2,23,20,0,0,1,1,0,0,1,1,0,0,1,1,0,0,1,0,0,5,0,1,0,0,0,1,0,2026-09-02T00:09:24.019219+00:00
Eredivisie 2026/2027,PSV Eindhoven - Fortuna Sittard,2026-08-08T18:00:00+00:00,finished,1,2-2,PSV Eindhoven,Ivan Perišić,M,90,7.3,113,0,1,,0.503892,0,0,6,82,70,8,5,18,6,0,0,4,1,3,1,1,1,1,0,3,0,0,28,0,0,0,0,0,2,0,2026-09-02T00:09:24.019080+00:00
Eredivisie 2026/2027,PSV Eindhoven - Fortuna Sittard,2026-08-08T18:00:00+00:00,finished,1,2-2,Fortuna Sittard,Ivo Pinto,D,90,6.8,37,0,0,,0.0253611,0,0,0,24,15,5,0,0,0,0,0,3,1,2,0,1,1,8,0,5,0,0,10,0,0,0,0,0,2,0,2026-09-02T00:09:24.019328+00:00
Eredivisie 2026/2027,PSV Eindhoven - Fortuna Sittard,2026-08-08T18:00:00+00:00,finished,1,2-2,Fortuna Sittard,Jasper Dahlhaus,D,87,6.1,37,0,0,,0.00916223,0,0,0,17,13,1,0,1,0,1,1,4,3,1,2,1,0,5,1,1,0,1,9,1,0,0,0,0,2,0,2026-09-02T00:09:24.019368+00:00
Eredivisie 2026/2027,PSV Eindhoven - Fortuna Sittard,2026-08-08T18:00:00+00:00,finished,1,2-2,PSV Eindhoven,Joel Van Den Berg,M,0,,0,0,0,,,0,0,0,0,0,0,0,0,0,0,0,0,0,0,0,0,0,0,0,0,0,0,0,0,0,0,0,0,0,0,2026-09-02T00:09:24.019265+00:00
Eredivisie 2026/2027,PSV Eindhoven - Fortuna Sittard,2026-08-08T18:00:00+00:00,finished,1,2-2,Fortuna Sittard,Justin Hubner,D,90,6.1,34,0,0,,0.0012238,0,0,0,23,15,5,2,0,0,0,0,1,2,0,1,1,1,5,1,3,0,0,10,0,0,0,0,0,2,0,2026-09-02T00:09:24.019336+00:00
Eredivisie 2026/2027,PSV Eindhoven - Fortuna Sittard,2026-08-08T18:00:00+00:00,finished,1,2-2,Fortuna Sittard,Kaylen Reitmaier,G,0,,0,0,0,,,0,0,0,0,0,0,0,0,0,0,0,0,0,0,0,0,0,0,0,0,0,0,0,0,0,0,0,0,0,0,2026-09-02T00:09:24.019433+00:00
Eredivisie 2026/2027,PSV Eindhoven - Fortuna Sittard,2026-08-08T18:00:00+00:00,finished,1,2-2,PSV Eindhoven,Kiliann Sildillia,D,10,6.3,14,0,0,,0.0150456,0,0,0,8,4,1,0,1,0,0,0,0,0,0,0,0,0,1,0,0,0,0,6,0,0,0,0,0,1,0,2026-09-02T00:09:24.019258+00:00
Eredivisie 2026/2027,PSV Eindhoven - Fortuna Sittard,2026-08-08T18:00:00+00:00,finished,1,2-2,Fortuna Sittard,Lequincio Zeefuik,F,61,6.1,18,0,0,,0.00102632,0,0,0,6,2,0,0,0,0,0,0,3,6,1,1,0,0,0,0,1,0,2,10,2,3,1,0,0,1,0,2026-09-02T00:09:24.019389+00:00
Eredivisie 2026/2027,PSV Eindhoven - Fortuna Sittard,2026-08-08T18:00:00+00:00,finished,1,2-2,Fortuna Sittard,Luuk Koopmans,G,0,,0,0,0,,,0,0,0,0,0,0,0,0,0,0,0,0,0,0,0,0,0,0,0,0,0,0,0,0,0,0,0,0,0,0,2026-09-02T00:09:24.019440+00:00
Eredivisie 2026/2027,PSV Eindhoven - Fortuna Sittard,2026-08-08T18:00:00+00:00,finished,1,2-2,Fortuna Sittard,Mattijs Branderhorst,G,90,6.6,45,0,0,,0.00811291,0,0,0,37,8,37,8,0,0,0,0,0,0,0,0,0,0,3,0,13,0,0,29,0,0,0,0,4,2,1,2026-09-02T00:09:24.019353+00:00
Eredivisie 2026/2027,PSV Eindhoven - Fortuna Sittard,2026-08-08T18:00:00+00:00,finished,1,2-2,PSV Eindhoven,Matěj Kovář,G,90,6.8,44,0,0,,0.00088827,0,0,0,30,23,12,5,0,0,0,0,0,0,0,0,0,0,0,0,15,0,0,8,0,0,0,0,4,2,0,2026-09-02T00:09:24.019186+00:00
Eredivisie 2026/2027,PSV Eindhoven - Fortuna Sittard,2026-08-08T18:00:00+00:00,finished,1,2-2,PSV Eindhoven,Mauro Júnior,D,90,8.0,144,0,0,0.0224,0.173476,1,1,1,128,120,5,4,2,0,3,2,8,4,2,2,2,0,0,1,7,0,0,12,2,0,0,0,0,2,0,2026-09-02T00:09:24.019169+00:00
Eredivisie 2026/2027,PSV Eindhoven - Fortuna Sittard,2026-08-08T18:00:00+00:00,finished,1,2-2,Fortuna Sittard,Mohamed Ihattaren,M,90,6.9,53,0,0,0.1741,0.198229,3,3,1,29,21,4,2,5,1,3,2,3,6,0,0,1,1,2,0,9,0,3,17,0,2,0,0,0,2,0,2026-09-02T00:09:24.019344+00:00
Eredivisie 2026/2027,PSV Eindhoven - Fortuna Sittard,2026-08-08T18:00:00+00:00,finished,1,2-2,Fortuna Sittard,Moussa Gbemou,M,8,6.6,3,0,0,,8.86e-06,0,0,0,2,2,0,0,0,0,0,0,0,0,0,0,0,0,1,0,0,0,0,0,0,0,0,0,0,0,0,2026-09-02T00:09:24.019419+00:00
Eredivisie 2026/2027,PSV Eindhoven - Fortuna Sittard,2026-08-08T18:00:00+00:00,finished,1,2-2,PSV Eindhoven,Nick Olij,G,0,,0,0,0,,,0,0,0,0,0,0,0,0,0,0,0,0,0,0,0,0,0,0,0,0,0,0,0,0,0,0,0,0,0,0,2026-09-02T00:09:24.019279+00:00
Eredivisie 2026/2027,PSV Eindhoven - Fortuna Sittard,2026-08-08T18:00:00+00:00,finished,1,2-2,Fortuna Sittard,Nick de Groot,D,11,6.7,10,0,0,,0.00441174,0,0,0,6,6,0,0,0,0,1,0,1,1,0,0,0,0,1,0,0,0,0,1,1,0,0,0,0,0,0,2026-09-02T00:09:24.019411+00:00
Eredivisie 2026/2027,PSV Eindhoven - Fortuna Sittard,2026-08-08T18:00:00+00:00,finished,1,2-2,PSV Eindhoven,Noah Fernandez,M,90,8.8,133,1,0,0.6829,0.252029,3,1,0,110,103,5,3,4,1,2,1,7,2,1,0,4,2,1,1,7,2,1,13,1,0,0,0,0,2,0,2026-09-02T00:09:24.019193+00:00
Eredivisie 2026/2027,PSV Eindhoven - Fortuna Sittard,2026-08-08T18:00:00+00:00,finished,1,2-2,Fortuna Sittard,Ole Romeny,F,90,8.1,23,1,0,0.799,0.0861969,3,2,1,11,8,0,0,1,0,3,3,5,1,1,1,0,0,2,0,4,0,0,6,1,0,0,0,0,2,0,2026-09-02T00:09:24.019314+00:00
Eredivisie 2026/2027,PSV Eindhoven - Fortuna Sittard,2026-08-08T18:00:00+00:00,finished,1,2-2,PSV Eindhoven,Paul Wanner,M,90,6.7,64,0,0,0.1736,0.0652748,2,1,1,57,49,4,1,0,0,1,1,3,2,1,0,0,0,0,1,5,0,0,9,1,2,0,0,0,2,0,2026-09-02T00:09:24.019177+00:00
Eredivisie 2026/2027,PSV Eindhoven - Fortuna Sittard,2026-08-08T18:00:00+00:00,finished,1,2-2,Fortuna Sittard,Philip Brittijn,M,79,6.4,21,0,0,,0.0013176,0,0,0,12,10,2,1,0,0,0,0,2,3,1,1,1,1,1,1,0,0,2,4,0,0,0,0,0,2,0,2026-09-02T00:09:24.019375+00:00
Eredivisie 2026/2027,PSV Eindhoven - Fortuna Sittard,2026-08-08T18:00:00+00:00,finished,1,2-2,PSV Eindhoven,Ricardo Pepi,F,80,6.2,17,0,0,0.3699,0.012814,4,1,0,10,7,0,0,0,0,0,0,1,5,1,4,0,0,0,0,1,1,1,4,0,0,0,0,0,1,0,2026-09-02T00:09:24.019202+00:00
Eredivisie 2026/2027,PSV Eindhoven - Fortuna Sittard,2026-08-08T18:00:00+00:00,finished,1,2-2,PSV Eindhoven,Ruben van Bommel,F,45,6.6,49,0,0,0.1104,0.223995,2,1,2,36,28,1,1,2,0,3,1,2,3,0,0,1,0,0,0,2,1,1,15,0,0,0,0,0,1,0,2026-09-02T00:09:24.019227+00:00
Eredivisie 2026/2027,PSV Eindhoven - Fortuna Sittard,2026-08-08T18:00:00+00:00,finished,1,2-2,PSV Eindhoven,Ryan Flamingo,D,90,7.3,128,1,0,0.1938,0.232425,2,1,1,116,103,5,2,1,1,0,0,5,5,4,0,1,0,2,1,1,0,0,15,0,2,0,0,0,2,0,2026-09-02T00:09:24.019143+00:00
Eredivisie 2026/2027,PSV Eindhoven - Fortuna Sittard,2026-08-08T18:00:00+00:00,finished,1,2-2,Fortuna Sittard,Siebe Wylin,D,90,6.7,49,0,0,,0.025192,0,0,0,29,25,1,0,0,0,0,0,3,1,0,0,2,2,8,0,3,0,0,6,1,0,0,0,0,2,0,2026-09-02T00:09:24.019321+00:00
Eredivisie 2026/2027,PSV Eindhoven - Fortuna Sittard,2026-08-08T18:00:00+00:00,finished,1,2-2,PSV Eindhoven,Sven Mijnans,M,69,6.5,39,0,0,0.0801,0.03794,2,0,0,28,24,1,1,4,1,1,1,1,1,0,0,0,0,0,0,1,2,0,8,0,0,0,0,0,1,0,2026-09-02T00:09:24.019210+00:00
Eredivisie 2026/2027,PSV Eindhoven - Fortuna Sittard,2026-08-08T18:00:00+00:00,finished,1,2-2,Fortuna Sittard,Syb Van Ottele,D,78,6.6,32,0,0,,0.0031173,0,0,0,15,9,6,1,0,0,1,1,5,1,1,1,3,3,8,2,1,0,0,7,0,0,0,0,0,2,0,2026-09-02T00:09:24.019382+00:00
Eredivisie 2026/2027,PSV Eindhoven - Fortuna Sittard,2026-08-08T18:00:00+00:00,finished,1,2-2,PSV Eindhoven,Tijn Smolenaars,G,0,,0,0,0,,,0,0,0,0,0,0,0,0,0,0,0,0,0,0,0,0,0,0,0,0,0,0,0,0,0,0,0,0,0,0,2026-09-02T00:09:24.019286+00:00
Eredivisie 2026/2027,PSV Eindhoven - Fortuna Sittard,2026-08-08T18:00:00+00:00,finished,1,2-2,PSV Eindhoven,Yarek Gasiorowski,D,0,,0,0,0,,,0,0,0,0,0,0,0,0,0,0,0,0,0,0,0,0,0,0,0,0,0,0,0,0,0,0,0,0,0,0,2026-09-02T00:09:24.019272+00:00
Eredivisie 2026/2027,PSV Eindhoven - Fortuna Sittard,2026-08-08T18:00:00+00:00,finished,1,2-2,Fortuna Sittard,Yassin Oukili,M,87,6.4,24,0,0,0.0202,0.00975275,1,0,0,12,9,1,0,0,0,0,0,3,4,1,3,0,0,4,0,2,0,0,5,2,0,0,0,0,2,0,2026-09-02T00:09:24.019360+00:00
Eredivisie 2026/2027,PSV Eindhoven - Fortuna Sittard,2026-08-08T18:00:00+00:00,finished,1,2-2,Fortuna Sittard,Édouard Michut,M,29,7.5,23,1,0,0.0215,0.0101448,1,1,0,16,14,1,1,0,0,0,0,2,2,0,0,1,1,1,1,0,0,0,2,1,0,0,0,0,1,0,2026-09-02T00:09:24.019397+00:00
Eredivisie 2026/2027,AZ Alkmaar - ADO Den Haag,2026-08-08T19:00:00+00:00,finished,1,2-0,AZ Alkmaar,,,33,6.1,17,0,0,0.4878,0.0195123,1,0,0,6,4,0,0,1,0,2,0,2,7,2,2,0,0,1,0,0,0,2,9,0,0,0,0,0,0,0,2026-09-02T00:09:24.553051+00:00
Eredivisie 2026/2027,AZ Alkmaar - ADO Den Haag,2026-08-08T19:00:00+00:00,finished,1,2-0,AZ Alkmaar,,,0,,0,0,0,,,0,0,0,0,0,0,0,0,0,0,0,0,0,0,0,0,0,0,0,0,0,0,0,0,0,0,0,0,0,0,2026-09-02T00:09:24.553090+00:00
Eredivisie 2026/2027,AZ Alkmaar - ADO Den Haag,2026-08-08T19:00:00+00:00,finished,1,2-0,AZ Alkmaar,Ayoub Oufkir,M,9,6.7,5,0,0,,,0,0,0,0,0,0,0,0,0,1,1,2,0,0,0,0,0,0,0,2,0,0,2,1,0,0,0,0,0,0,2026-09-02T00:09:24.553082+00:00
Eredivisie 2026/2027,AZ Alkmaar - ADO Den Haag,2026-08-08T19:00:00+00:00,finished,1,2-0,AZ Alkmaar,Bendegúz Kovács,F,0,,0,0,0,,,0,0,0,0,0,0,0,0,0,0,0,0,0,0,0,0,0,0,0,0,0,0,0,0,0,0,0,0,0,0,2026-09-02T00:09:24.553177+00:00
Eredivisie 2026/2027,AZ Alkmaar - ADO Den Haag,2026-08-08T19:00:00+00:00,finished,1,2-0,AZ Alkmaar,Billy van Duijl,D,0,,0,0,0,,,0,0,0,0,0,0,0,0,0,0,0,0,0,0,0,0,0,0,0,0,0,0,0,0,0,0,0,0,0,0,2026-09-02T00:09:24.553153+00:00
Eredivisie 2026/2027,AZ Alkmaar - ADO Den Haag,2026-08-08T19:00:00+00:00,finished,1,2-0,ADO Den Haag,Caleb Kramer,G,0,,0,0,0,,,0,0,0,0,0,0,0,0,0,0,0,0,0,0,0,0,0,0,0,0,0,0,0,0,0,0,0,0,0,0,2026-09-02T00:09:24.553324+00:00
Eredivisie 2026/2027,AZ Alkmaar - ADO Den Haag,2026-08-08T19:00:00+00:00,finished,1,2-0,AZ Alkmaar,Calvin Stengs,M,33,6.9,19,1,0,0.9698,0.00847813,1,1,0,16,12,1,1,1,0,0,0,0,3,0,1,0,0,0,0,2,0,0,5,0,2,0,0,0,0,0,2026-09-02T00:09:24.553059+00:00
Eredivisie 2026/2027,AZ Alkmaar - ADO Den Haag,2026-08-08T19:00:00+00:00,finished,1,2-0,ADO Den Haag,Dani van Loenen,F,0,,0,0,0,,,0,0,0,0,0,0,0,0,0,0,0,0,0,0,0,0,0,0,0,0,0,0,0,0,0,0,0,0,0,0,2026-09-02T00:09:24.553316+00:00
Eredivisie 2026/2027,AZ Alkmaar - ADO Den Haag,2026-08-08T19:00:00+00:00,finished,1,2-0,ADO Den Haag,Daryl van Mieghem,M,64,6.4,24,0,0,,0.142748,0,0,1,14,10,3,0,1,0,4,0,2,4,1,0,0,0,0,0,1,0,0,9,1,0,0,0,0,1,0,2026-09-02T00:09:24.553243+00:00
Eredivisie 2026/2027,AZ Alkmaar - ADO Den Haag,2026-08-08T19:00:00+00:00,finished,1,2-0,AZ Alkmaar,Dave Kwakman,M,90,7.3,49,0,0,0.0989,0.0249149,2,0,0,35,31,2,1,1,0,0,0,9,2,2,1,3,2,2,0,6,2,1,6,4,0,0,0,0,0,0,2026-09-02T00:09:24.552975+00:00
Eredivisie 2026/2027,AZ Alkmaar - ADO Den Haag,2026-08-08T19:00:00+00:00,finished,1,2-0,AZ Alkmaar,Elijah Dijkstra,D,90,6.9,61,0,0,,0.0557794,0,0,2,41,35,3,1,1,0,3,0,3,6,3,1,0,0,4,0,5,0,1,13,0,0,0,0,0,0,0,2026-09-02T00:09:24.553001+00:00
Eredivisie 2026/2027,AZ Alkmaar - ADO Den Haag,2026-08-08T19:00:00+00:00,finished,1,2-0,ADO Den Haag,Evan Rottier,F,64,6.5,22,0,0,0.235,0.00567659,1,0,0,12,7,2,2,0,0,1,1,4,1,2,0,1,1,1,0,1,0,0,9,0,2,0,0,0,1,0,2026-09-02T00:09:24.553251+00:00
Eredivisie 2026/2027,AZ Alkmaar - ADO Den Haag,2026-08-08T19:00:00+00:00,finished,1,2-0,ADO Den Haag,Finn de Bruin,M,57,6.8,30,0,0,0.235,0.00138947,2,0,0,17,15,3,1,0,0,0,0,2,2,1,0,1,1,3,1,8,1,2,6,0,0,0,0,0,0,0,2026-09-02T00:09:24.553267+00:00
Eredivisie 2026/2027,AZ Alkmaar - ADO Den Haag,2026-08-08T19:00:00+00:00,finished,1,2-0,AZ Alkmaar,Hessel de Wit,M,18,6.4,11,0,0,,2.041e-05,0,0,0,4,3,0,0,0,0,2,0,0,3,0,0,0,0,1,1,2,0,0,3,0,0,0,0,0,0,0,2026-09-02T00:09:24.553068+00:00
Eredivisie 2026/2027,AZ Alkmaar - ADO Den Haag,2026-08-08T19:00:00+00:00,finished,1,2-0,ADO Den Haag,Illaijh de Ruijter,D,33,5.9,12,0,0,,0.0130861,0,0,0,5,4,0,0,2,1,1,0,1,3,1,2,0,0,0,0,0,0,0,3,0,0,0,0,0,2,0,2026-09-02T00:09:24.553276+00:00
Eredivisie 2026/2027,AZ Alkmaar - ADO Den Haag,2026-08-08T19:00:00+00:00,finished,1,2-0,AZ Alkmaar,Isak Steiner Jensen,F,0,,0,0,0,,,0,0,0,0,0,0,0,0,0,0,0,0,0,0,0,0,0,0,0,0,0,0,0,0,0,0,0,0,0,0,2026-09-02T00:09:24.553169+00:00
Eredivisie 2026/2027,AZ Alkmaar - ADO Den Haag,2026-08-08T19:00:00+00:00,finished,1,2-0,ADO Den Haag,Jalen Hawkins,M,57,6.8,27,0,0,,0.0632733,0,0,0,13,5,5,1,1,1,2,1,4,4,1,0,1,1,2,0,2,0,2,13,1,1,0,0,0,0,0,2026-09-02T00:09:24.553259+00:00
Eredivisie 2026/2027,AZ Alkmaar - ADO Den Haag,2026-08-08T19:00:00+00:00,finished,1,2-0,ADO Den Haag,Jan Žambůrek,M,0,,0,0,0,,,0,0,0,0,0,0,0,0,0,0,0,0,0,0,0,0,0,0,0,0,0,0,0,0,0,0,0,0,0,0,2026-09-02T00:09:24.553347+00:00
Eredivisie 2026/2027,AZ Alkmaar - ADO Den Haag,2026-08-08T19:00:00+00:00,finished,1,2-0,AZ Alkmaar,Jari De Busser,G,90,6.7,45,0,0,,0.00273425,0,0,0,39,25,22,9,0,0,0,0,0,0,0,0,0,0,2,0,9,0,0,15,0,0,0,0,0,0,0,2026-09-02T00:09:24.552992+00:00
Eredivisie 2026/2027,AZ Alkmaar - ADO Den Haag,2026-08-08T19:00:00+00:00,finished,1,2-0,ADO Den Haag,Jesse Bal,F,26,6.3,6,0,0,,0.00077231,0,0,0,4,3,0,0,1,0,0,0,0,2,0,1,0,0,0,0,0,0,1,3,0,0,0,0,0,1,0,2026-09-02T00:09:24.553291+00:00
Eredivisie 2026/2027,AZ Alkmaar - ADO Den Haag,2026-08-08T19:00:00+00:00,finished,1,2-0,ADO Den Haag,Juho Kilo,M,90,7.4,71,0,0,,0.190611,0,0,2,56,50,6,4,6,4,0,0,5,3,0,0,4,2,2,1,4,0,0,9,1,2,1,0,0,2,0,2026-09-02T00:09:24.553218+00:00
Eredivisie 2026/2027,AZ Alkmaar - ADO Den Haag,2026-08-08T19:00:00+00:00,finished,1,2-0,AZ Alkmaar,Kees Smit,M,72,7.8,44,0,1,,0.191191,0,0,3,35,27,5,2,0,0,3,1,3,4,0,1,0,0,0,1,3,0,0,11,2,1,0,0,0,0,0,2026-09-02T00:09:24.553026+00:00
Eredivisie 2026/2027,AZ Alkmaar - ADO Den Haag,2026-08-08T19:00:00+00:00,finished,1,2-0,ADO Den Haag,Kilian Nikièma,G,90,7.0,60,0,0,,0.00326393,0,0,0,45,31,23,11,0,0,0,0,1,0,1,0,0,0,6,0,10,0,0,14,0,0,0,0,2,2,2,2026-09-02T00:09:24.553185+00:00
Eredivisie 2026/2027,AZ Alkmaar - ADO Den Haag,2026-08-08T19:00:00+00:00,finished,1,2-0,ADO Den Haag,Lasse Wilhelm,D,8,6.7,10,0,0,,0.00091553,0,0,0,7,7,0,0,0,0,0,0,1,1,0,1,1,1,0,1,2,0,0,0,0,0,0,0,0,0,0,2026-09-02T00:09:24.553308+00:00
Eredivisie 2026/2027,AZ Alkmaar - ADO Den Haag,2026-08-08T19:00:00+00:00,finished,1,2-0,AZ Alkmaar,Lewis Schouten,D,90,7.4,79,0,0,0.4945,0.0129734,1,0,0,67,62,5,2,0,0,0,0,4,3,0,3,3,2,0,1,3,0,0,6,1,0,0,0,0,0,0,2026-09-02T00:09:24.552984+00:00
Eredivisie 2026/2027,AZ Alkmaar - ADO Den Haag,2026-08-08T19:00:00+00:00,finished,1,2-0,ADO Den Haag,Luka Reischl,F,0,,0,0,0,,,0,0,0,0,0,0,0,0,0,0,0,0,0,0,0,0,0,0,0,0,0,0,0,0,0,0,0,0,0,0,2026-09-02T00:09:24.553356+00:00
Eredivisie 2026/2027,AZ Alkmaar - ADO Den Haag,2026-08-08T19:00:00+00:00,finished,1,2-0,AZ Alkmaar,Mateo Chávez,D,73,7.0,47,0,0,,0.0554956,0,0,1,30,23,4,1,1,0,1,1,4,3,0,1,2,1,0,0,5,0,0,9,1,1,0,0,0,0,0,2026-09-02T00:09:24.553018+00:00
Eredivisie 2026/2027,AZ Alkmaar - ADO Den Haag,2026-08-08T19:00:00+00:00,finished,1,2-0,ADO Den Haag,Matteo Waem,D,90,6.3,67,0,0,,0.00438467,0,0,0,57,51,5,3,0,0,1,0,3,2,1,1,2,0,3,2,4,0,0,8,0,0,0,0,0,2,0,2026-09-02T00:09:24.553225+00:00
Eredivisie 2026/2027,AZ Alkmaar - ADO Den Haag,2026-08-08T19:00:00+00:00,finished,1,2-0,AZ Alkmaar,Mees De Wit,D,17,7.1,10,0,0,,0.286712,0,0,1,9,6,3,2,0,0,0,0,1,2,1,0,0,0,1,0,1,0,0,3,0,1,0,0,0,0,0,2026-09-02T00:09:24.553075+00:00
Eredivisie 2026/2027,AZ Alkmaar - ADO Den Haag,2026-08-08T19:00:00+00:00,finished,1,2-0,AZ Alkmaar,Mexx Meerdink,F,57,6.7,18,0,0,0.1997,0.00701613,2,1,0,7,4,0,0,0,0,0,0,4,6,2,2,1,1,1,0,1,0,1,7,2,3,0,0,0,0,0,2026-09-02T00:09:24.553034+00:00
Eredivisie 2026/2027,AZ Alkmaar - ADO Den Haag,2026-08-08T19:00:00+00:00,finished,1,2-0,ADO Den Haag,Milan Hokke,D,90,6.7,52,0,0,,0.0632713,0,0,2,38,29,10,6,1,1,0,0,6,5,2,2,4,2,3,0,4,0,0,10,0,1,0,0,0,2,0,2026-09-02T00:09:24.553210+00:00
Eredivisie 2026/2027,AZ Alkmaar - ADO Den Haag,2026-08-08T19:00:00+00:00,finished,1,2-0,ADO Den Haag,Mylian Jimenez,M,33,6.3,31,0,0,0.0746,0.00641978,2,0,0,24,21,1,1,1,0,2,1,3,5,1,1,1,1,0,0,1,1,0,6,0,3,0,0,0,2,0,2026-09-02T00:09:24.553284+00:00
Eredivisie 2026/2027,AZ Alkmaar - ADO Den Haag,2026-08-08T19:00:00+00:00,finished,1,2-0,ADO Den Haag,Nigel Thomas,F,26,7.0,24,0,0,0.0168,0.388712,1,0,1,15,13,0,0,1,0,4,4,4,0,0,0,0,0,0,0,1,1,0,5,0,0,0,0,0,1,0,2026-09-02T00:09:24.553300+00:00
Eredivisie 2026/2027,AZ Alkmaar - ADO Den Haag,2026-08-08T19:00:00+00:00,finished,1,2-0,ADO Den Haag,Pascal Mulder,D,85,6.3,73,0,0,0.1454,0.0604897,1,0,1,56,50,7,4,0,0,0,0,9,4,3,1,3,1,3,3,7,0,0,7,3,2,0,0,0,2,0,2026-09-02T00:09:24.553235+00:00
Eredivisie 2026/2027,AZ Alkmaar - ADO Den Haag,2026-08-08T19:00:00+00:00,finished,1,2-0,AZ Alkmaar,Peer Koopmeiners,M,90,7.1,71,0,0,,0.230656,0,0,1,53,47,5,3,5,1,0,0,3,4,0,1,3,3,2,2,4,0,0,13,0,0,0,0,0,0,0,2026-09-02T00:09:24.552965+00:00
Eredivisie 2026/2027,AZ Alkmaar - ADO Den Haag,2026-08-08T19:00:00+00:00,finished,1,2-0,AZ Alkmaar,Rion Ichihara,D,0,,0,0,0,,,0,0,0,0,0,0,0,0,0,0,0,0,0,0,0,0,0,0,0,0,0,0,0,0,0,0,0,0,0,0,2026-09-02T00:09:24.553143+00:00
Eredivisie 2026/2027,AZ Alkmaar - ADO Den Haag,2026-08-08T19:00:00+00:00,finished,1,2-0,AZ Alkmaar,Ro-Zangelo Daal,M,81,9.2,41,1,0,0.3025,0.724739,2,1,1,33,28,1,1,1,0,4,2,2,3,0,1,0,0,0,0,0,1,0,8,0,0,0,0,0,0,0,2026-09-02T00:09:24.553009+00:00
Eredivisie 2026/2027,AZ Alkmaar - ADO Den Haag,2026-08-08T19:00:00+00:00,finished,1,2-0,AZ Alkmaar,Rome Jayden Owusu-Oduro,G,0,,0,0,0,,,0,0,0,0,0,0,0,0,0,0,0,0,0,0,0,0,0,0,0,0,0,0,0,0,0,0,0,0,0,0,2026-09-02T00:09:24.553123+00:00
Eredivisie 2026/2027,AZ Alkmaar - ADO Den Haag,2026-08-08T19:00:00+00:00,finished,1,2-0,ADO Den Haag,Sanyika Bergtop,D,0,,0,0,0,,,0,0,0,0,0,0,0,0,0,0,0,0,0,0,0,0,0,0,0,0,0,0,0,0,0,0,0,0,0,0,2026-09-02T00:09:24.553339+00:00
Eredivisie 2026/2027,AZ Alkmaar - ADO Den Haag,2026-08-08T19:00:00+00:00,finished,1,2-0,AZ Alkmaar,Seiya Maikuma,D,0,,0,0,0,,,0,0,0,0,0,0,0,0,0,0,0,0,0,0,0,0,0,0,0,0,0,0,0,0,0,0,0,0,0,0,2026-09-02T00:09:24.553161+00:00
Eredivisie 2026/2027,AZ Alkmaar - ADO Den Haag,2026-08-08T19:00:00+00:00,finished,1,2-0,ADO Den Haag,Sekou Sylla,D,90,5.9,48,0,0,0.0828,0.0111974,1,0,0,29,19,8,2,0,0,2,0,2,5,0,1,1,1,2,1,2,0,0,13,1,2,0,0,0,2,0,2026-09-02T00:09:24.553201+00:00
Eredivisie 2026/2027,AZ Alkmaar - ADO Den Haag,2026-08-08T19:00:00+00:00,finished,1,2-0,ADO Den Haag,Sem Eekhout,G,0,,0,0,0,,,0,0,0,0,0,0,0,0,0,0,0,0,0,0,0,0,0,0,0,0,0,0,0,0,0,0,0,0,0,0,2026-09-02T00:09:24.553332+00:00
Eredivisie 2026/2027,AZ Alkmaar - ADO Den Haag,2026-08-08T19:00:00+00:00,finished,1,2-0,AZ Alkmaar,Weslley Patati,F,57,6.6,50,0,0,0.1196,0.0528859,3,1,0,31,24,1,0,4,0,2,1,5,1,0,0,3,1,0,0,5,0,0,16,1,0,0,0,0,0,0,2026-09-02T00:09:24.553043+00:00
Eredivisie 2026/2027,AZ Alkmaar - ADO Den Haag,2026-08-08T19:00:00+00:00,finished,1,2-0,AZ Alkmaar,Wouter Goes,D,90,7.1,80,0,0,,0.034208,0,0,0,65,57,7,3,0,0,0,0,1,5,0,1,1,1,6,1,2,0,2,10,0,1,0,0,0,0,0,2026-09-02T00:09:24.552920+00:00
Eredivisie 2026/2027,AZ Alkmaar - ADO Den Haag,2026-08-08T19:00:00+00:00,finished,1,2-0,ADO Den Haag,Yannick Eduardo,F,90,6.6,26,0,0,0.1586,0.135003,2,0,1,14,12,0,0,0,0,2,2,5,2,1,0,0,0,0,0,2,0,1,6,2,1,0,0,0,2,0,2026-09-02T00:09:24.553193+00:00
Eredivisie 2026/2027,Sparta Rotterdam - Feyenoord,2026-08-09T10:15:00+00:00,finished,1,0-1,Feyenoord,,,71,5.7,16,0,0,1.3292,0.0397665,3,1,1,5,5,1,1,0,0,0,0,1,1,0,0,0,0,1,0,0,0,0,3,1,1,0,0,0,0,0,2026-09-02T00:09:25.431512+00:00
Eredivisie 2026/2027,Sparta Rotterdam - Feyenoord,2026-08-09T10:15:00+00:00,finished,1,0-1,Feyenoord,,,0,,0,0,0,,,0,0,0,0,0,0,0,0,0,0,0,0,0,0,0,0,0,0,0,0,0,0,0,0,0,0,0,0,0,0,2026-09-02T00:09:25.431575+00:00
Eredivisie 2026/2027,Sparta Rotterdam - Feyenoord,2026-08-09T10:15:00+00:00,finished,1,0-1,Sparta Rotterdam,,,62,6.0,17,0,0,0.1909,0.00032697,3,0,0,6,3,0,0,0,0,1,1,2,7,1,4,0,0,2,0,0,0,2,7,0,1,0,0,0,1,0,2026-09-02T00:09:25.431731+00:00
Eredivisie 2026/2027,Sparta Rotterdam - Feyenoord,2026-08-09T10:15:00+00:00,finished,1,0-1,Sparta Rotterdam,Alwande Roaldsoy,M,28,6.7,15,0,0,,0.00087382,0,0,0,13,9,1,0,0,0,0,0,1,1,1,0,0,0,1,0,3,0,0,4,0,1,0,0,0,0,0,2026-09-02T00:09:25.431776+00:00
Eredivisie 2026/2027,Sparta Rotterdam - Feyenoord,2026-08-09T10:15:00+00:00,finished,1,0-1,Feyenoord,Anis Hadj Moussa,M,82,7.0,62,0,0,0.0562,0.21762,1,1,4,41,34,2,2,7,2,7,4,6,5,0,0,2,0,0,0,2,0,1,17,0,1,0,0,0,0,0,2026-09-02T00:09:25.431497+00:00
Eredivisie 2026/2027,Sparta Rotterdam - Feyenoord,2026-08-09T10:15:00+00:00,finished,1,0-1,Sparta Rotterdam,Ayoni Santos,M,77,6.8,36,0,0,,0.119695,0,0,2,18,13,3,1,1,1,4,1,6,10,1,1,3,0,1,0,5,0,3,12,1,1,0,0,0,1,0,2026-09-02T00:09:25.431716+00:00
Eredivisie 2026/2027,Sparta Rotterdam - Feyenoord,2026-08-09T10:15:00+00:00,finished,1,0-1,Sparta Rotterdam,Bas Kuipers,D,90,7.8,42,0,0,,0.317797,0,0,1,23,19,4,3,2,2,0,0,3,0,0,0,2,1,4,1,1,0,0,5,1,0,0,0,0,1,0,2026-09-02T00:09:25.431647+00:00
Eredivisie 2026/2027,Sparta Rotterdam - Feyenoord,2026-08-09T10:15:00+00:00,finished,1,0-1,Sparta Rotterdam,Boyd Reith,D,0,,0,0,0,,,0,0,0,0,0,0,0,0,0,0,0,0,0,0,0,0,0,0,0,0,0,0,0,0,0,0,0,0,0,0,2026-09-02T00:09:25.431855+00:00
Eredivisie 2026/2027,Sparta Rotterdam - Feyenoord,2026-08-09T10:15:00+00:00,finished,1,0-1,Sparta Rotterdam,Bruno Martins Indi,D,90,7.0,62,0,0,,0.0572073,0,0,1,53,43,6,3,0,0,1,0,3,6,1,2,2,1,4,0,1,0,0,11,0,3,0,0,0,1,0,2026-09-02T00:09:25.431671+00:00
Eredivisie 2026/2027,Sparta Rotterdam - Feyenoord,2026-08-09T10:15:00+00:00,finished,1,0-1,Sparta Rotterdam,Casper Terho,F,57,6.2,14,0,0,0.0898,0.0372349,1,0,1,6,3,1,0,1,1,2,0,0,5,0,1,0,0,0,0,3,0,0,6,0,1,1,0,0,1,0,2026-09-02T00:09:25.431740+00:00
Eredivisie 2026/2027,Sparta Rotterdam - Feyenoord,2026-08-09T10:15:00+00:00,finished,1,0-1,Feyenoord,Charles Vanhoutte,M,85,6.8,63,0,0,0.132,0.0843255,2,0,1,54,49,4,3,1,0,0,0,5,5,3,2,2,1,0,2,5,1,1,7,0,1,1,0,0,0,0,2026-09-02T00:09:25.431489+00:00
Eredivisie 2026/2027,Sparta Rotterdam - Feyenoord,2026-08-09T10:15:00+00:00,finished,1,0-1,Sparta Rotterdam,Duncan Lindhout,M,0,,0,0,0,,,0,0,0,0,0,0,0,0,0,0,0,0,0,0,0,0,0,0,0,0,0,0,0,0,0,0,0,0,0,0,2026-09-02T00:09:25.431879+00:00
Eredivisie 2026/2027,Sparta Rotterdam - Feyenoord,2026-08-09T10:15:00+00:00,finished,1,0-1,Sparta Rotterdam,Filip Bednarek,G,90,7.7,67,0,0,,0.00196914,0,0,0,52,35,21,5,0,0,0,0,0,0,0,0,0,0,0,0,8,0,0,18,0,0,0,0,6,1,0,2026-09-02T00:09:25.431678+00:00
Eredivisie 2026/2027,Sparta Rotterdam - Feyenoord,2026-08-09T10:15:00+00:00,finished,1,0-1,Feyenoord,Gaoussou Diarra,M,71,6.9,51,0,0,0.8117,0.0855989,6,1,1,31,27,1,0,0,0,3,3,7,2,1,0,2,1,2,1,4,1,1,8,1,1,0,0,0,0,0,2026-09-02T00:09:25.431521+00:00
Eredivisie 2026/2027,Sparta Rotterdam - Feyenoord,2026-08-09T10:15:00+00:00,finished,1,0-1,Sparta Rotterdam,Giannino Vianello,D,0,,0,0,0,,,0,0,0,0,0,0,0,0,0,0,0,0,0,0,0,0,0,0,0,0,0,0,0,0,0,0,0,0,0,0,2026-09-02T00:09:25.431864+00:00
Eredivisie 2026/2027,Sparta Rotterdam - Feyenoord,2026-08-09T10:15:00+00:00,finished,1,0-1,Feyenoord,Givairo Read,D,90,7.1,63,0,0,0.0168,0.0204997,1,0,0,40,35,4,2,2,0,2,1,7,5,0,1,4,2,2,2,3,0,0,11,2,1,0,0,0,0,0,2026-09-02T00:09:25.431455+00:00
Eredivisie 2026/2027,Sparta Rotterdam - Feyenoord,2026-08-09T10:15:00+00:00,finished,1,0-1,Feyenoord,Gjivai Zechiël,M,90,8.5,55,0,1,0.5551,0.762595,4,1,4,37,35,2,1,5,2,2,1,5,3,1,0,2,1,1,0,3,3,1,8,1,0,0,0,0,0,0,2026-09-02T00:09:25.431480+00:00
Eredivisie 2026/2027,Sparta Rotterdam - Feyenoord,2026-08-09T10:15:00+00:00,finished,1,0-1,Feyenoord,Gonçalo Borges,M,0,,0,0,0,,,0,0,0,0,0,0,0,0,0,0,0,0,0,0,0,0,0,0,0,0,0,0,0,0,0,0,0,0,0,0,2026-09-02T00:09:25.431602+00:00
Eredivisie 2026/2027,Sparta Rotterdam - Feyenoord,2026-08-09T10:15:00+00:00,finished,1,0-1,Sparta Rotterdam,Jens Toornstra,M,62,6.5,22,0,0,,0.0590917,0,0,1,13,10,4,1,3,2,0,0,0,4,0,0,0,0,3,0,3,0,1,5,0,0,0,0,0,1,0,2026-09-02T00:09:25.431724+00:00
Eredivisie 2026/2027,Sparta Rotterdam - Feyenoord,2026-08-09T10:15:00+00:00,finished,1,0-1,Feyenoord,Jeremiah St Juste,D,90,7.7,83,0,0,,0.0146346,0,0,0,69,65,5,2,0,0,0,0,8,3,4,2,2,2,8,0,3,0,0,4,2,1,0,0,0,0,0,2026-09-02T00:09:25.431445+00:00
Eredivisie 2026/2027,Sparta Rotterdam - Feyenoord,2026-08-09T10:15:00+00:00,finished,1,0-1,Feyenoord,Jivayno Zinhagel,F,19,6.4,10,0,0,0.0976,0.00060313,2,0,0,5,4,0,0,0,0,1,0,0,1,0,0,0,0,0,0,1,1,0,3,0,0,0,0,0,0,0,2026-09-02T00:09:25.431535+00:00
Eredivisie 2026/2027,Sparta Rotterdam - Feyenoord,2026-08-09T10:15:00+00:00,finished,1,0-1,Sparta Rotterdam,Joel Ideho,M,13,6.9,18,0,0,0.0312,0.230276,1,0,1,8,7,3,2,3,1,1,0,0,2,0,1,0,0,0,1,2,1,0,7,0,0,0,0,0,0,0,2026-09-02T00:09:25.431785+00:00
Eredivisie 2026/2027,Sparta Rotterdam - Feyenoord,2026-08-09T10:15:00+00:00,finished,1,0-1,Feyenoord,Jordan Lotomba,D,0,,0,0,0,,,0,0,0,0,0,0,0,0,0,0,0,0,0,0,0,0,0,0,0,0,0,0,0,0,0,0,0,0,0,0,2026-09-02T00:09:25.431568+00:00
Eredivisie 2026/2027,Sparta Rotterdam - Feyenoord,2026-08-09T10:15:00+00:00,finished,1,0-1,Feyenoord,Liam Bossin,G,0,,0,0,0,,,0,0,0,0,0,0,0,0,0,0,0,0,0,0,0,0,0,0,0,0,0,0,0,0,0,0,0,0,0,0,2026-09-02T00:09:25.431584+00:00
Eredivisie 2026/2027,Sparta Rotterdam - Feyenoord,2026-08-09T10:15:00+00:00,finished,1,0-1,Feyenoord,Luciano Valente,M,90,8.2,61,1,0,0.5298,0.511743,3,2,4,50,45,3,3,0,0,0,0,2,1,0,0,0,0,0,0,2,0,1,7,2,0,0,0,0,0,0,2026-09-02T00:09:25.431400+00:00
Eredivisie 2026/2027,Sparta Rotterdam - Feyenoord,2026-08-09T10:15:00+00:00,finished,1,0-1,Sparta Rotterdam,Lushendry Edward Martes,D,90,6.6,40,0,0,,0.0523468,0,0,0,27,19,6,4,1,0,0,0,4,4,1,2,2,2,0,0,1,0,0,13,1,0,0,0,0,1,0,2026-09-02T00:09:25.431656+00:00
Eredivisie 2026/2027,Sparta Rotterdam - Feyenoord,2026-08-09T10:15:00+00:00,finished,1,0-1,Sparta Rotterdam,Marvin Young,D,90,6.3,25,0,0,0.0757,0.00159901,1,0,0,20,17,0,0,0,0,0,0,2,4,0,2,1,0,1,0,2,0,0,3,1,1,0,0,0,1,0,2026-09-02T00:09:25.431690+00:00
Eredivisie 2026/2027,Sparta Rotterdam - Feyenoord,2026-08-09T10:15:00+00:00,finished,1,0-1,Feyenoord,Mats Deijl,D,0,,0,0,0,,,0,0,0,0,0,0,0,0,0,0,0,0,0,0,0,0,0,0,0,0,0,0,0,0,0,0,0,0,0,0,2026-09-02T00:09:25.431640+00:00
Eredivisie 2026/2027,Sparta Rotterdam - Feyenoord,2026-08-09T10:15:00+00:00,finished,1,0-1,Feyenoord,Mika Mármol,D,90,7.8,70,0,0,,0.594701,0,0,3,50,45,2,1,5,1,0,0,2,4,0,4,1,0,3,0,4,0,0,11,1,0,0,0,0,0,0,2026-09-02T00:09:25.431472+00:00
Eredivisie 2026/2027,Sparta Rotterdam - Feyenoord,2026-08-09T10:15:00+00:00,finished,1,0-1,Sparta Rotterdam,Milan Zonneveld,F,28,6.9,15,0,0,0.3174,0.12568,2,0,0,7,3,0,0,0,0,2,2,9,3,6,0,1,1,0,0,0,0,1,5,0,2,0,0,0,0,0,2026-09-02T00:09:25.431761+00:00
Eredivisie 2026/2027,Sparta Rotterdam - Feyenoord,2026-08-09T10:15:00+00:00,finished,1,0-1,Sparta Rotterdam,Mitchell Van Bergen,M,13,6.5,14,0,0,0.2595,0.114488,1,0,1,6,5,1,0,4,2,0,0,1,1,0,1,0,0,0,0,2,0,0,3,1,0,1,0,0,0,0,2026-09-02T00:09:25.431795+00:00
Eredivisie 2026/2027,Sparta Rotterdam - Feyenoord,2026-08-09T10:15:00+00:00,finished,1,0-1,Feyenoord,Nacho Ferri,F,19,6.1,13,0,0,,0.0033685,0,0,0,9,4,0,0,0,0,0,0,3,3,2,2,0,0,1,0,1,0,0,6,1,1,0,0,0,0,0,2026-09-02T00:09:25.431528+00:00
Eredivisie 2026/2027,Sparta Rotterdam - Feyenoord,2026-08-09T10:15:00+00:00,finished,1,0-1,Sparta Rotterdam,Nick Verschuren,D,90,6.8,70,0,0,0.0434,0.00327738,1,0,0,59,52,10,7,0,0,0,0,3,2,2,1,0,0,3,2,4,0,0,7,1,1,0,0,0,1,0,2026-09-02T00:09:25.431663+00:00
Eredivisie 2026/2027,Sparta Rotterdam - Feyenoord,2026-08-09T10:15:00+00:00,finished,1,0-1,Feyenoord,Oussama Targhalline,M,14,6.7,4,0,0,,4.579e-05,0,0,0,3,2,0,0,0,0,0,0,1,0,1,0,0,0,1,0,0,0,0,1,0,0,0,0,0,0,0,2026-09-02T00:09:25.431552+00:00
Eredivisie 2026/2027,Sparta Rotterdam - Feyenoord,2026-08-09T10:15:00+00:00,finished,1,0-1,Sparta Rotterdam,Rik Suur,G,0,,0,0,0,,,0,0,0,0,0,0,0,0,0,0,0,0,0,0,0,0,0,0,0,0,0,0,0,0,0,0,0,0,0,0,2026-09-02T00:09:25.431822+00:00
Eredivisie 2026/2027,Sparta Rotterdam - Feyenoord,2026-08-09T10:15:00+00:00,finished,1,0-1,Sparta Rotterdam,Robin van Cruijsen,M,33,6.6,15,0,0,,0.00664167,0,0,0,8,7,0,0,4,0,0,0,1,0,0,0,1,1,0,0,1,0,0,6,0,0,0,0,0,0,0,2026-09-02T00:09:25.431749+00:00
Eredivisie 2026/2027,Sparta Rotterdam - Feyenoord,2026-08-09T10:15:00+00:00,finished,1,0-1,Feyenoord,Sem Steijn,M,0,,0,0,0,,,0,0,0,0,0,0,0,0,0,0,0,0,0,0,0,0,0,0,0,0,0,0,0,0,0,0,0,0,0,0,2026-09-02T00:09:25.431618+00:00
Eredivisie 2026/2027,Sparta Rotterdam - Feyenoord,2026-08-09T10:15:00+00:00,finished,1,0-1,Feyenoord,Shaqueel van Persie,F,8,6.7,7,0,0,,0.00012709,0,0,0,3,3,0,0,0,0,0,0,2,0,1,0,1,0,1,0,0,0,0,0,0,0,0,0,0,0,0,2026-09-02T00:09:25.431559+00:00
Eredivisie 2026/2027,Sparta Rotterdam - Feyenoord,2026-08-09T10:15:00+00:00,finished,1,0-1,Sparta Rotterdam,Shunsuke Mito,M,77,6.3,24,0,0,,0.0465286,0,0,1,17,13,0,0,1,0,2,0,2,4,0,1,0,0,1,0,2,0,1,8,2,0,0,0,0,1,0,2026-09-02T00:09:25.431706+00:00
Eredivisie 2026/2027,Sparta Rotterdam - Feyenoord,2026-08-09T10:15:00+00:00,finished,1,0-1,Sparta Rotterdam,Teo Quintero,D,0,,0,0,0,,,0,0,0,0,0,0,0,0,0,0,0,0,0,0,0,0,0,0,0,0,0,0,0,0,0,0,0,0,0,0,2026-09-02T00:09:25.431871+00:00
Eredivisie 2026/2027,Sparta Rotterdam - Feyenoord,2026-08-09T10:15:00+00:00,finished,1,0-1,Feyenoord,Thijs Kraaijeveld,M,72,7.2,62,0,0,,0.0231203,0,0,1,56,55,1,1,0,0,0,0,3,0,2,0,1,0,1,2,2,0,0,2,0,0,0,0,0,0,0,2026-09-02T00:09:25.431504+00:00
Eredivisie 2026/2027,Sparta Rotterdam - Feyenoord,2026-08-09T10:15:00+00:00,finished,1,0-1,Feyenoord,Tijme Wessels,D,18,6.8,14,0,0,,0.0907554,0,0,1,10,9,2,1,0,0,0,0,1,2,1,1,0,0,1,1,1,0,0,3,0,1,0,0,0,0,0,2026-09-02T00:09:25.431544+00:00
Eredivisie 2026/2027,Sparta Rotterdam - Feyenoord,2026-08-09T10:15:00+00:00,finished,1,0-1,Feyenoord,Tjark Ernst,G,90,6.9,44,0,0,,0.00125616,0,0,0,40,29,17,6,0,0,0,0,0,0,0,0,0,0,0,0,3,0,0,11,0,0,0,0,1,0,0,2026-09-02T00:09:25.431464+00:00
Eredivisie 2026/2027,Sparta Rotterdam - Feyenoord,2026-08-09T10:15:00+00:00,finished,1,0-1,Feyenoord,Tobias van den Elshout,M,0,,0,0,0,,,0,0,0,0,0,0,0,0,0,0,0,0,0,0,0,0,0,0,0,0,0,0,0,0,0,0,0,0,0,0,2026-09-02T00:09:25.431632+00:00
Eredivisie 2026/2027,Sparta Rotterdam - Feyenoord,2026-08-09T10:15:00+00:00,finished,1,0-1,Sparta Rotterdam,Younes Jaber el Maftahi,M,0,,0,0,0,,,0,0,0,0,0,0,0,0,0,0,0,0,0,0,0,0,0,0,0,0,0,0,0,0,0,0,0,0,0,0,2026-09-02T00:09:25.431842+00:00
Eredivisie 2026/2027,FC Groningen - FC Utrecht,2026-08-09T12:30:00+00:00,finished,1,2-1,FC Utrecht,,,90,6.6,59,0,0,,0.0253644,0,0,0,46,28,27,10,0,0,0,0,1,0,1,0,0,0,1,0,12,0,0,20,0,0,0,0,3,2,1,2026-09-02T00:09:25.943374+00:00
Eredivisie 2026/2027,FC Groningen - FC Utrecht,2026-08-09T12:30:00+00:00,finished,1,2-1,FC Utrecht,,,62,6.2,10,0,0,,0.00381712,0,0,1,7,4,0,0,0,0,1,1,2,6,1,3,0,0,0,0,0,0,1,4,0,3,0,0,0,2,0,2026-09-02T00:09:25.943488+00:00
Eredivisie 2026/2027,FC Groningen - FC Utrecht,2026-08-09T12:30:00+00:00,finished,1,2-1,FC Utrecht,,,62,6.5,28,0,0,,0.00077312,0,0,0,15,11,3,1,0,0,0,0,3,3,1,0,2,2,3,1,2,0,0,5,0,1,0,0,0,2,0,2026-09-02T00:09:25.943497+00:00
Eredivisie 2026/2027,FC Groningen - FC Utrecht,2026-08-09T12:30:00+00:00,finished,1,2-1,FC Utrecht,,,0,,0,0,0,,,0,0,0,0,0,0,0,0,0,0,0,0,0,0,0,0,0,0,0,0,0,0,0,0,0,0,0,0,0,0,2026-09-02T00:09:25.943560+00:00
Eredivisie 2026/2027,FC Groningen - FC Utrecht,2026-08-09T12:30:00+00:00,finished,1,2-1,FC Utrecht,,,0,,0,0,0,,,0,0,0,0,0,0,0,0,0,0,0,0,0,0,0,0,0,0,0,0,0,0,0,0,0,0,0,0,0,0,2026-09-02T00:09:25.943569+00:00
Eredivisie 2026/2027,FC Groningen - FC Utrecht,2026-08-09T12:30:00+00:00,finished,1,2-1,FC Utrecht,Adrian Blake,F,28,7.8,19,1,0,0.3954,0.175229,2,1,0,10,8,0,0,2,1,1,0,2,1,0,0,0,0,0,0,2,0,0,5,2,0,0,0,0,0,0,2026-09-02T00:09:25.943523+00:00
Eredivisie 2026/2027,FC Groningen - FC Utrecht,2026-08-09T12:30:00+00:00,finished,1,2-1,FC Groningen,Alvin Nordin,M,0,,0,0,0,,,0,0,0,0,0,0,0,0,0,0,0,0,0,0,0,0,0,0,0,0,0,0,0,0,0,0,0,0,0,0,2026-09-02T00:09:25.943755+00:00
Eredivisie 2026/2027,FC Groningen - FC Utrecht,2026-08-09T12:30:00+00:00,finished,1,2-1,FC Utrecht,Arthur Zagre,D,90,7.4,55,0,0,,0.641329,0,0,5,23,21,0,0,3,3,0,0,4,5,1,0,3,1,2,1,6,0,3,8,0,1,0,0,0,2,0,2026-09-02T00:09:25.943454+00:00
Eredivisie 2026/2027,FC Groningen - FC Utrecht,2026-08-09T12:30:00+00:00,finished,1,2-1,FC Groningen,Brynjólfur Darri Willumsson,F,81,7.5,20,1,0,0.6546,0.107564,4,3,0,11,8,1,0,0,0,0,0,5,5,2,5,2,2,0,0,2,1,0,5,1,0,0,0,0,1,0,2026-09-02T00:09:25.943659+00:00
Eredivisie 2026/2027,FC Groningen - FC Utrecht,2026-08-09T12:30:00+00:00,finished,1,2-1,FC Utrecht,Dani De Wit,M,90,6.5,28,0,0,0.1368,0.023115,2,2,0,16,13,1,0,0,0,1,0,5,9,4,6,1,1,4,0,0,0,0,4,0,3,1,0,0,2,0,2026-09-02T00:09:25.943463+00:00
Eredivisie 2026/2027,FC Groningen - FC Utrecht,2026-08-09T12:30:00+00:00,finished,1,2-1,FC Groningen,David van der Werff,M,90,8.7,76,0,0,0.0602,0.68126,2,0,4,42,36,4,4,8,1,6,4,9,5,1,1,2,1,5,1,2,2,2,19,2,0,0,0,0,1,0,2026-09-02T00:09:25.943640+00:00
Eredivisie 2026/2027,FC Groningen - FC Utrecht,2026-08-09T12:30:00+00:00,finished,1,2-1,FC Utrecht,Davy van den Berg,M,28,6.8,10,0,1,,0.10258,0,0,2,8,7,0,0,1,0,0,0,0,1,0,0,0,0,1,0,1,0,0,2,0,1,0,0,0,0,0,2026-09-02T00:09:25.943532+00:00
Eredivisie 2026/2027,FC Groningen - FC Utrecht,2026-08-09T12:30:00+00:00,finished,1,2-1,FC Groningen,Elvis Van der Laan,D,60,6.4,38,0,0,,0.00292913,0,0,0,29,28,1,0,0,0,0,0,4,5,2,4,0,0,4,0,0,0,1,3,3,0,0,0,0,1,0,2026-09-02T00:09:25.943677+00:00
Eredivisie 2026/2027,FC Groningen - FC Utrecht,2026-08-09T12:30:00+00:00,finished,1,2-1,FC Groningen,Etienne Vaessen,G,90,8.6,79,0,0,,0.186186,0,0,2,61,34,45,18,0,0,0,0,0,0,0,0,0,0,4,0,18,0,0,27,0,0,0,0,6,1,0,2026-09-02T00:09:25.943604+00:00
Eredivisie 2026/2027,FC Groningen - FC Utrecht,2026-08-09T12:30:00+00:00,finished,1,2-1,FC Utrecht,Guus Offerhaus,D,20,7.1,13,0,0,,0.00030678,0,0,0,8,6,0,0,0,0,0,0,1,1,0,1,1,1,0,1,2,0,0,2,0,1,0,0,0,0,0,2026-09-02T00:09:25.943542+00:00
Eredivisie 2026/2027,FC Groningen - FC Utrecht,2026-08-09T12:30:00+00:00,finished,1,2-1,FC Groningen,Jahelille Hall,M,0,,0,0,0,,,0,0,0,0,0,0,0,0,0,0,0,0,0,0,0,0,0,0,0,0,0,0,0,0,0,0,0,0,0,0,2026-09-02T00:09:25.943781+00:00
Eredivisie 2026/2027,FC Groningen - FC Utrecht,2026-08-09T12:30:00+00:00,finished,1,2-1,FC Groningen,Jesper Mosselaar,D,0,,0,0,0,,,0,0,0,0,0,0,0,0,0,0,0,0,0,0,0,0,0,0,0,0,0,0,0,0,0,0,0,0,0,0,2026-09-02T00:09:25.951854+00:00
Eredivisie 2026/2027,FC Groningen - FC Utrecht,2026-08-09T12:30:00+00:00,finished,1,2-1,FC Groningen,Jismerai Dillema,M,0,,0,0,0,,,0,0,0,0,0,0,0,0,0,0,0,0,0,0,0,0,0,0,0,0,0,0,0,0,0,0,0,0,0,0,2026-09-02T00:09:25.943771+00:00
Eredivisie 2026/2027,FC Groningen - FC Utrecht,2026-08-09T12:30:00+00:00,finished,1,2-1,FC Groningen,Jorg Schreuders,M,90,6.3,56,0,0,0.0513,0.0197308,1,0,0,42,36,4,3,0,0,0,0,5,8,2,1,3,2,0,0,5,0,0,7,0,5,0,0,0,1,0,2026-09-02T00:09:25.943613+00:00
Eredivisie 2026/2027,FC Groningen - FC Utrecht,2026-08-09T12:30:00+00:00,finished,1,2-1,FC Utrecht,Joris van Overeem,M,90,6.6,52,0,0,0.1457,0.00416051,1,0,0,42,27,10,3,1,0,1,1,8,4,5,1,1,1,0,2,4,0,1,18,1,2,1,0,0,2,0,2026-09-02T00:09:25.943445+00:00
Eredivisie 2026/2027,FC Groningen - FC Utrecht,2026-08-09T12:30:00+00:00,finished,1,2-1,FC Utrecht,Kevin Gadellaa,G,0,,0,0,0,,,0,0,0,0,0,0,0,0,0,0,0,0,0,0,0,0,0,0,0,0,0,0,0,0,0,0,0,0,0,0,2026-09-02T00:09:25.943577+00:00
Eredivisie 2026/2027,FC Groningen - FC Utrecht,2026-08-09T12:30:00+00:00,finished,1,2-1,FC Utrecht,Kevin Paredes,M,13,6.6,6,0,0,0.0355,0.00345482,1,0,0,1,1,0,0,1,1,1,0,1,1,0,0,0,0,0,1,0,0,0,1,1,0,0,0,0,0,0,2026-09-02T00:09:25.943551+00:00
Eredivisie 2026/2027,FC Groningen - FC Utrecht,2026-08-09T12:30:00+00:00,finished,1,2-1,FC Groningen,Lovro Štubljar,G,0,,0,0,0,,,0,0,0,0,0,0,0,0,0,0,0,0,0,0,0,0,0,0,0,0,0,0,0,0,0,0,0,0,0,0,2026-09-02T00:09:25.943741+00:00
Eredivisie 2026/2027,FC Groningen - FC Utrecht,2026-08-09T12:30:00+00:00,finished,1,2-1,FC Groningen,Marco Rente,D,30,6.9,22,0,0,,0.00776063,0,0,0,19,14,3,1,0,0,0,0,2,0,1,0,1,0,1,0,2,0,0,5,1,0,0,0,0,0,0,2026-09-02T00:09:25.943687+00:00
Eredivisie 2026/2027,FC Groningen - FC Utrecht,2026-08-09T12:30:00+00:00,finished,1,2-1,FC Utrecht,Mike Eerdhuijzen,D,90,5.9,55,0,0,0.2188,0.0565934,3,1,1,41,34,6,3,0,0,0,0,2,8,2,4,0,0,6,2,2,0,0,8,0,2,0,0,0,2,0,2026-09-02T00:09:25.943423+00:00
Eredivisie 2026/2027,FC Groningen - FC Utrecht,2026-08-09T12:30:00+00:00,finished,1,2-1,FC Utrecht,Niklas Vesterlund,D,90,6.8,37,0,0,0.0234,0.0436891,1,1,3,17,11,2,1,1,1,0,0,6,2,1,1,3,1,1,1,0,0,0,6,2,0,0,0,0,2,0,2026-09-02T00:09:25.943435+00:00
Eredivisie 2026/2027,FC Groningen - FC Utrecht,2026-08-09T12:30:00+00:00,finished,1,2-1,FC Groningen,Nikolas Brandis,D,0,,0,0,0,,,0,0,0,0,0,0,0,0,0,0,0,0,0,0,0,0,0,0,0,0,0,0,0,0,0,0,0,0,0,0,2026-09-02T00:09:25.943790+00:00
Eredivisie 2026/2027,FC Groningen - FC Utrecht,2026-08-09T12:30:00+00:00,finished,1,2-1,FC Groningen,Nils Eggens,F,0,,0,0,0,,,0,0,0,0,0,0,0,0,0,0,0,0,0,0,0,0,0,0,0,0,0,0,0,0,0,0,0,0,0,0,2026-09-02T00:09:25.943732+00:00
Eredivisie 2026/2027,FC Groningen - FC Utrecht,2026-08-09T12:30:00+00:00,finished,1,2-1,FC Groningen,Pelle Clement,M,81,6.9,33,0,0,,0.415535,0,0,1,20,15,2,0,1,1,2,1,4,4,1,1,0,0,1,0,3,0,1,7,2,1,0,0,0,1,0,2026-09-02T00:09:25.943649+00:00
Eredivisie 2026/2027,FC Groningen - FC Utrecht,2026-08-09T12:30:00+00:00,finished,1,2-1,FC Groningen,Rijk Janse,G,0,,0,0,0,,,0,0,0,0,0,0,0,0,0,0,0,0,0,0,0,0,0,0,0,0,0,0,0,0,0,0,0,0,0,0,2026-09-02T00:09:25.943723+00:00
Eredivisie 2026/2027,FC Groningen - FC Utrecht,2026-08-09T12:30:00+00:00,finished,1,2-1,FC Groningen,Ryan Metu,F,9,6.6,4,0,0,0.053,,1,0,0,0,0,0,0,0,0,0,0,1,2,0,0,1,1,0,0,0,1,1,2,0,1,0,0,0,0,0,2026-09-02T00:09:25.943715+00:00
Eredivisie 2026/2027,FC Groningen - FC Utrecht,2026-08-09T12:30:00+00:00,finished,1,2-1,FC Utrecht,Siebe Horemans,D,70,6.4,50,0,0,,0.11297,0,0,1,37,30,4,0,1,1,0,0,6,1,4,0,2,1,5,2,2,0,0,7,0,0,0,0,0,2,0,2026-09-02T00:09:25.943480+00:00
Eredivisie 2026/2027,FC Groningen - FC Utrecht,2026-08-09T12:30:00+00:00,finished,1,2-1,FC Groningen,Thijmen Blokzijl,D,90,7.2,79,0,0,,0.0268449,0,0,0,71,62,7,4,0,0,0,0,5,2,4,2,1,1,3,2,3,0,0,9,0,0,0,0,0,1,0,2026-09-02T00:09:25.943586+00:00
Eredivisie 2026/2027,FC Groningen - FC Utrecht,2026-08-09T12:30:00+00:00,finished,1,2-1,FC Groningen,Thom van Bergen,F,90,7.8,42,1,0,0.3268,0.148706,5,2,1,20,18,0,0,0,0,3,2,9,7,2,2,2,2,0,0,2,1,2,7,4,2,0,0,0,1,0,2026-09-02T00:09:25.943595+00:00
Eredivisie 2026/2027,FC Groningen - FC Utrecht,2026-08-09T12:30:00+00:00,finished,1,2-1,FC Groningen,Tika de Jonge,M,90,6.0,68,0,0,0.2825,0.0102449,1,0,0,51,44,5,2,3,0,3,0,2,8,1,2,0,0,3,2,3,0,1,15,1,1,0,0,0,1,0,2026-09-02T00:09:25.943631+00:00
Eredivisie 2026/2027,FC Groningen - FC Utrecht,2026-08-09T12:30:00+00:00,finished,1,2-1,FC Groningen,Travis Hernes,M,9,6.8,6,0,0,,0.0349474,0,0,1,4,3,0,0,0,0,0,0,1,0,0,0,0,0,1,0,0,0,0,1,1,1,0,0,0,0,0,2026-09-02T00:09:25.943706+00:00
Eredivisie 2026/2027,FC Groningen - FC Utrecht,2026-08-09T12:30:00+00:00,finished,1,2-1,FC Groningen,Tygo Land,M,90,7.1,52,0,0,,0.03543,0,0,3,47,42,5,5,0,0,0,0,2,1,0,1,0,0,0,0,3,0,0,7,2,0,0,0,0,1,0,2026-09-02T00:09:25.943622+00:00
Eredivisie 2026/2027,FC Groningen - FC Utrecht,2026-08-09T12:30:00+00:00,finished,1,2-1,FC Groningen,Tyrique Mercera,D,19,6.2,12,0,0,,0.00058103,0,0,0,6,4,1,0,0,0,0,0,2,2,1,0,1,0,1,0,0,0,0,2,0,1,0,0,0,1,0,2026-09-02T00:09:25.943697+00:00
Eredivisie 2026/2027,FC Groningen - FC Utrecht,2026-08-09T12:30:00+00:00,finished,1,2-1,FC Groningen,Wouter Prins,D,71,6.5,39,0,0,0.1167,0.00796746,2,0,0,21,16,2,1,2,0,2,0,1,3,1,1,0,0,1,0,1,2,0,12,0,0,0,0,0,0,0,2026-09-02T00:09:25.943668+00:00
Eredivisie 2026/2027,FC Groningen - FC Utrecht,2026-08-09T12:30:00+00:00,finished,1,2-1,FC Utrecht,Yoann Cathline,M,62,6.7,26,0,0,0.087,0.0119054,1,0,0,8,6,1,0,1,0,3,0,8,7,0,2,4,3,0,0,1,0,1,9,4,1,0,0,0,2,0,2026-09-02T00:09:25.943505+00:00
Eredivisie 2026/2027,FC Groningen - FC Utrecht,2026-08-09T12:30:00+00:00,finished,1,2-1,FC Utrecht,Zidane Iqbal,M,28,7.0,21,0,0,,0.27965,0,0,2,16,14,3,2,3,2,2,1,1,1,0,0,0,0,0,0,1,0,0,4,0,0,0,0,0,0,0,2026-09-02T00:09:25.943514+00:00
Eredivisie 2026/2027,FC Groningen - FC Utrecht,2026-08-09T12:30:00+00:00,finished,1,2-1,FC Utrecht,Ángel Alarcón,M,84,5.9,22,0,0,1.2291,0.0159074,3,2,0,11,4,1,0,3,0,2,2,2,2,0,0,0,0,0,0,3,0,0,12,0,2,0,0,0,2,0,2026-09-02T00:09:25.943471+00:00
Eredivisie 2026/2027,PEC Zwolle - AFC Ajax,2026-08-09T12:30:00+00:00,finished,1,0-2,AFC Ajax,,,61,6.3,52,0,0,0.0305,0.0277604,1,0,0,44,40,2,0,1,0,0,0,0,4,0,0,0,0,0,1,4,1,0,8,0,3,0,0,0,0,0,2026-09-02T00:09:25.684383+00:00
Eredivisie 2026/2027,PEC Zwolle - AFC Ajax,2026-08-09T12:30:00+00:00,finished,1,0-2,AFC Ajax,,,29,7.1,40,0,1,0.0888,0.378875,3,0,4,21,16,3,2,2,0,6,3,4,4,0,0,0,0,0,0,3,2,1,14,1,0,0,0,0,0,0,2026-09-02T00:09:25.684455+00:00
Eredivisie 2026/2027,PEC Zwolle - AFC Ajax,2026-08-09T12:30:00+00:00,finished,1,0-2,AFC Ajax,,,0,,0,0,0,,,0,0,0,0,0,0,0,0,0,0,0,0,0,0,0,0,0,0,0,0,0,0,0,0,0,0,0,0,0,0,2026-09-02T00:09:25.684600+00:00
Eredivisie 2026/2027,PEC Zwolle - AFC Ajax,2026-08-09T12:30:00+00:00,finished,1,0-2,AFC Ajax,Aaron Bouwman,D,90,8.3,112,0,0,0.0615,0.0305276,1,1,0,101,94,11,6,0,0,1,1,8,4,5,3,1,1,3,1,4,0,1,8,1,0,0,0,0,0,0,2026-09-02T00:09:25.684259+00:00
Eredivisie 2026/2027,PEC Zwolle - AFC Ajax,2026-08-09T12:30:00+00:00,finished,1,0-2,AFC Ajax,Abdellah Ouazane,M,73,6.5,43,0,0,0.0608,0.348924,2,0,1,23,19,2,1,3,1,3,1,1,9,0,2,0,0,1,1,3,1,4,15,0,1,1,0,0,0,0,2026-09-02T00:09:25.684293+00:00
Eredivisie 2026/2027,PEC Zwolle - AFC Ajax,2026-08-09T12:30:00+00:00,finished,1,0-2,AFC Ajax,Anton Gaaei,D,0,,0,0,0,,,0,0,0,0,0,0,0,0,0,0,0,0,0,0,0,0,0,0,0,0,0,0,0,0,0,0,0,0,0,0,2026-09-02T00:09:25.684578+00:00
Eredivisie 2026/2027,PEC Zwolle - AFC Ajax,2026-08-09T12:30:00+00:00,finished,1,0-2,AFC Ajax,Caio Henrique,D,90,6.9,71,0,0,,0.174798,0,0,2,34,27,3,2,11,2,0,0,5,4,1,1,3,1,1,0,2,0,1,17,1,1,0,0,0,0,0,2026-09-02T00:09:25.684229+00:00
Eredivisie 2026/2027,PEC Zwolle - AFC Ajax,2026-08-09T12:30:00+00:00,finished,1,0-2,AFC Ajax,Daley Blind,D,0,,0,0,0,,,0,0,0,0,0,0,0,0,0,0,0,0,0,0,0,0,0,0,0,0,0,0,0,0,0,0,0,0,0,0,2026-09-02T00:09:25.684559+00:00
Eredivisie 2026/2027,PEC Zwolle - AFC Ajax,2026-08-09T12:30:00+00:00,finished,1,0-2,PEC Zwolle,Damian van der Haar,D,30,6.5,13,0,0,,0.0199234,0,0,0,4,4,1,1,1,1,0,0,1,1,0,0,1,1,1,1,1,0,0,4,0,0,0,0,0,2,0,2026-09-02T00:09:25.684790+00:00
Eredivisie 2026/2027,PEC Zwolle - AFC Ajax,2026-08-09T12:30:00+00:00,finished,1,0-2,AFC Ajax,Davy Klaassen,M,90,6.5,49,0,0,0.0391,0.03307,1,0,4,39,35,0,0,0,0,1,1,4,4,1,1,1,1,2,0,3,0,0,5,1,2,1,0,0,0,0,2026-09-02T00:09:25.684206+00:00
Eredivisie 2026/2027,PEC Zwolle - AFC Ajax,2026-08-09T12:30:00+00:00,finished,1,0-2,PEC Zwolle,Duke Verduin,G,0,,0,0,0,,,0,0,0,0,0,0,0,0,0,0,0,0,0,0,0,0,0,0,0,0,0,0,0,0,0,0,0,0,0,0,2026-09-02T00:09:25.684930+00:00
Eredivisie 2026/2027,PEC Zwolle - AFC Ajax,2026-08-09T12:30:00+00:00,finished,1,0-2,PEC Zwolle,Dylan Mbayo,M,61,6.7,25,0,0,0.0435,0.238674,1,0,3,13,12,0,0,2,1,1,0,2,3,0,1,2,2,1,0,0,0,0,6,0,0,0,0,0,0,0,2026-09-02T00:09:25.684730+00:00
Eredivisie 2026/2027,PEC Zwolle - AFC Ajax,2026-08-09T12:30:00+00:00,finished,1,0-2,PEC Zwolle,Dylan Ruward,D,0,,0,0,0,,,0,0,0,0,0,0,0,0,0,0,0,0,0,0,0,0,0,0,0,0,0,0,0,0,0,0,0,0,0,0,2026-09-02T00:09:25.684939+00:00
Eredivisie 2026/2027,PEC Zwolle - AFC Ajax,2026-08-09T12:30:00+00:00,finished,1,0-2,PEC Zwolle,Elias Sørensen,M,11,6.4,6,0,0,0.093,0.00358249,1,0,0,3,1,0,0,0,0,1,0,1,3,1,1,0,0,0,0,0,1,0,4,0,1,0,0,0,1,0,2026-09-02T00:09:25.684891+00:00
Eredivisie 2026/2027,PEC Zwolle - AFC Ajax,2026-08-09T12:30:00+00:00,finished,1,0-2,PEC Zwolle,Gabriel Reiziger,M,29,6.7,19,0,0,,0.178979,0,0,0,6,2,2,0,1,1,1,0,3,3,2,1,0,0,2,2,2,0,0,6,1,0,1,0,0,2,0,2026-09-02T00:09:25.684827+00:00
Eredivisie 2026/2027,PEC Zwolle - AFC Ajax,2026-08-09T12:30:00+00:00,finished,1,0-2,PEC Zwolle,Gilles van der Wal,M,0,,0,0,0,,,0,0,0,0,0,0,0,0,0,0,0,0,0,0,0,0,0,0,0,0,0,0,0,0,0,0,0,0,0,0,2026-09-02T00:09:25.684949+00:00
Eredivisie 2026/2027,PEC Zwolle - AFC Ajax,2026-08-09T12:30:00+00:00,finished,1,0-2,PEC Zwolle,Givaro Rahajaän,M,0,,0,0,0,,,0,0,0,0,0,0,0,0,0,0,0,0,0,0,0,0,0,0,0,0,0,0,0,0,0,0,0,0,0,0,2026-09-02T00:09:25.684913+00:00
Eredivisie 2026/2027,PEC Zwolle - AFC Ajax,2026-08-09T12:30:00+00:00,finished,1,0-2,PEC Zwolle,Ibrahim Cissoko,M,60,6.8,22,0,0,0.0489,0.00361466,2,1,0,4,3,0,0,2,0,4,2,6,5,0,1,0,0,0,0,2,1,2,10,4,0,0,0,0,0,0,2026-09-02T00:09:25.684746+00:00
Eredivisie 2026/2027,PEC Zwolle - AFC Ajax,2026-08-09T12:30:00+00:00,finished,1,0-2,PEC Zwolle,Jadiel Pereira da Gama,M,0,,0,0,0,,,0,0,0,0,0,0,0,0,0,0,0,0,0,0,0,0,0,0,0,0,0,0,0,0,0,0,0,0,0,0,2026-09-02T00:09:25.684981+00:00
Eredivisie 2026/2027,PEC Zwolle - AFC Ajax,2026-08-09T12:30:00+00:00,finished,1,0-2,PEC Zwolle,Jasper Schendelaar,G,90,7.9,48,0,0,,0.0152649,0,0,0,35,22,23,10,0,0,0,0,0,0,0,0,0,0,0,0,15,0,0,13,0,0,0,0,4,2,0,2026-09-02T00:09:25.684686+00:00
Eredivisie 2026/2027,PEC Zwolle - AFC Ajax,2026-08-09T12:30:00+00:00,finished,1,0-2,AFC Ajax,Joeri Heerkens,G,0,,0,0,0,,,0,0,0,0,0,0,0,0,0,0,0,0,0,0,0,0,0,0,0,0,0,0,0,0,0,0,0,0,0,0,2026-09-02T00:09:25.684538+00:00
Eredivisie 2026/2027,PEC Zwolle - AFC Ajax,2026-08-09T12:30:00+00:00,finished,1,0-2,AFC Ajax,Jorthy Mokio,M,29,7.8,31,1,0,0.2299,0.0124864,4,1,0,20,16,1,1,0,0,0,0,2,1,2,0,0,0,1,1,5,1,1,6,0,0,0,0,0,0,0,2026-09-02T00:09:25.684410+00:00
Eredivisie 2026/2027,PEC Zwolle - AFC Ajax,2026-08-09T12:30:00+00:00,finished,1,0-2,AFC Ajax,Julian Brandt,F,29,7.5,20,1,0,0.2911,0.072158,1,1,0,15,12,1,1,1,0,0,0,0,1,0,1,0,0,0,0,1,0,0,5,0,0,0,0,0,0,0,2026-09-02T00:09:25.684433+00:00
Eredivisie 2026/2027,PEC Zwolle - AFC Ajax,2026-08-09T12:30:00+00:00,finished,1,0-2,AFC Ajax,Kasper Dolberg,F,67,6.5,17,0,0,0.3787,0.00631934,4,0,0,9,7,0,0,1,0,0,0,1,0,0,0,0,0,0,0,1,3,0,4,1,0,0,0,0,0,0,2026-09-02T00:09:25.684317+00:00
Eredivisie 2026/2027,PEC Zwolle - AFC Ajax,2026-08-09T12:30:00+00:00,finished,1,0-2,PEC Zwolle,Koen Kostons,F,90,6.3,38,0,0,0.0547,0.0646989,2,0,0,22,16,2,0,0,0,1,0,8,15,8,10,0,0,1,0,2,1,0,9,0,4,1,0,0,2,0,2026-09-02T00:09:25.684620+00:00
Eredivisie 2026/2027,PEC Zwolle - AFC Ajax,2026-08-09T12:30:00+00:00,finished,1,0-2,AFC Ajax,Lucas Rosa,D,90,7.2,97,0,0,0.1059,0.169785,2,1,4,69,60,3,0,3,2,0,0,7,6,2,2,4,3,3,0,9,1,1,12,1,2,0,0,0,0,0,2026-09-02T00:09:25.684273+00:00
Eredivisie 2026/2027,PEC Zwolle - AFC Ajax,2026-08-09T12:30:00+00:00,finished,1,0-2,AFC Ajax,Maarten Paes,G,0,,0,0,0,,,0,0,0,0,0,0,0,0,0,0,0,0,0,0,0,0,0,0,0,0,0,0,0,0,0,0,0,0,0,0,2026-09-02T00:09:25.684516+00:00
Eredivisie 2026/2027,PEC Zwolle - AFC Ajax,2026-08-09T12:30:00+00:00,finished,1,0-2,AFC Ajax,Marc-André Ter Stegen,G,90,7.5,41,0,0,,0.00031059,0,0,0,35,31,9,5,0,0,0,0,0,0,0,0,0,0,0,0,12,0,0,4,0,0,0,0,2,0,0,2026-09-02T00:09:25.684115+00:00
Eredivisie 2026/2027,PEC Zwolle - AFC Ajax,2026-08-09T12:30:00+00:00,finished,1,0-2,AFC Ajax,Marcos Leonardo,F,23,6.3,3,0,0,,,0,0,0,1,0,0,0,0,0,1,0,0,2,0,1,0,0,0,0,0,0,0,2,0,0,0,0,0,0,0,2026-09-02T00:09:25.684476+00:00
Eredivisie 2026/2027,PEC Zwolle - AFC Ajax,2026-08-09T12:30:00+00:00,finished,1,0-2,PEC Zwolle,Nick Fichtinger,M,0,,0,0,0,,,0,0,0,0,0,0,0,0,0,0,0,0,0,0,0,0,0,0,0,0,0,0,0,0,0,0,0,0,0,0,2026-09-02T00:09:25.684961+00:00
Eredivisie 2026/2027,PEC Zwolle - AFC Ajax,2026-08-09T12:30:00+00:00,finished,1,0-2,PEC Zwolle,Nick Viergever,D,90,6.8,27,0,0,,0.00209809,0,0,0,17,14,3,1,0,0,0,0,1,2,1,0,0,0,6,1,0,0,0,3,0,1,0,0,0,2,0,2026-09-02T00:09:25.684641+00:00
Eredivisie 2026/2027,PEC Zwolle - AFC Ajax,2026-08-09T12:30:00+00:00,finished,1,0-2,PEC Zwolle,Odysseus Velanas,M,11,6.9,2,0,0,,,0,0,0,0,0,0,0,0,0,0,0,1,0,0,0,0,0,0,1,0,0,0,0,1,0,0,0,0,1,0,2026-09-02T00:09:25.684870+00:00
Eredivisie 2026/2027,PEC Zwolle - AFC Ajax,2026-08-09T12:30:00+00:00,finished,1,0-2,AFC Ajax,Oliver Valaker Edvardsen,F,0,,0,0,0,,,0,0,0,0,0,0,0,0,0,0,0,0,0,0,0,0,0,0,0,0,0,0,0,0,0,0,0,0,0,0,2026-09-02T00:09:25.684502+00:00
Eredivisie 2026/2027,PEC Zwolle - AFC Ajax,2026-08-09T12:30:00+00:00,finished,1,0-2,PEC Zwolle,Olivier Aertssen,D,90,6.7,48,0,0,,0.0195078,0,0,1,17,9,6,1,0,0,0,0,8,2,0,0,8,4,3,1,5,0,0,15,0,0,0,0,0,2,0,2026-09-02T00:09:25.684664+00:00
Eredivisie 2026/2027,PEC Zwolle - AFC Ajax,2026-08-09T12:30:00+00:00,finished,1,0-2,AFC Ajax,Oscar Gloukh,M,61,7.1,44,0,0,0.151,0.0771096,3,1,3,28,21,3,0,1,0,3,2,4,3,0,0,0,0,1,0,1,1,2,12,2,0,0,0,0,0,0,2026-09-02T00:09:25.684362+00:00
Eredivisie 2026/2027,PEC Zwolle - AFC Ajax,2026-08-09T12:30:00+00:00,finished,1,0-2,AFC Ajax,Owen Wijndal,D,0,,0,0,0,,,0,0,0,0,0,0,0,0,0,0,0,0,0,0,0,0,0,0,0,0,0,0,0,0,0,0,0,0,0,0,2026-09-02T00:09:25.684590+00:00
Eredivisie 2026/2027,PEC Zwolle - AFC Ajax,2026-08-09T12:30:00+00:00,finished,1,0-2,PEC Zwolle,Ryan Thomas,M,85,7.2,33,0,0,,0.0112942,0,0,0,15,10,6,3,1,0,3,2,8,3,2,0,3,0,7,1,6,0,0,8,1,1,0,0,0,1,0,2026-09-02T00:09:25.684712+00:00
Eredivisie 2026/2027,PEC Zwolle - AFC Ajax,2026-08-09T12:30:00+00:00,finished,1,0-2,PEC Zwolle,Sherel Constancio Floranus,D,57,6.2,34,0,0,,0.0101683,0,0,0,19,16,3,2,1,0,1,0,1,3,0,1,1,1,2,1,5,0,0,6,0,1,0,1,0,2,0,2026-09-02T00:09:25.684769+00:00
Eredivisie 2026/2027,PEC Zwolle - AFC Ajax,2026-08-09T12:30:00+00:00,finished,1,0-2,PEC Zwolle,Simon Graves,D,90,7.0,60,0,0,,0.0624901,0,0,0,44,35,14,7,0,0,1,1,4,1,0,0,3,3,2,2,6,0,0,11,0,1,0,0,0,2,0,2026-09-02T00:09:25.684610+00:00
Eredivisie 2026/2027,PEC Zwolle - AFC Ajax,2026-08-09T12:30:00+00:00,finished,1,0-2,AFC Ajax,Steven Berghuis,F,61,6.9,40,0,0,0.1006,0.0429681,4,1,0,24,22,1,1,2,1,3,0,3,3,0,0,2,1,1,0,3,2,0,6,1,0,0,0,0,0,0,2026-09-02T00:09:25.684338+00:00
Eredivisie 2026/2027,PEC Zwolle - AFC Ajax,2026-08-09T12:30:00+00:00,finished,1,0-2,PEC Zwolle,Thijs Oosting,M,74,6.8,18,0,0,,0.00740631,0,0,1,8,6,0,0,2,0,0,0,3,4,0,1,3,1,0,2,0,0,0,4,0,3,0,0,0,0,0,2026-09-02T00:09:25.684722+00:00
Eredivisie 2026/2027,PEC Zwolle - AFC Ajax,2026-08-09T12:30:00+00:00,finished,1,0-2,PEC Zwolle,Tijs Velthuis,D,16,5.9,4,0,0,,0.0002824,0,0,0,4,3,0,0,0,0,0,0,1,2,1,2,0,0,0,0,0,0,0,1,0,0,0,0,0,2,0,2026-09-02T00:09:25.684849+00:00
Eredivisie 2026/2027,PEC Zwolle - AFC Ajax,2026-08-09T12:30:00+00:00,finished,1,0-2,PEC Zwolle,Tobias Sommer,M,85,7.0,42,0,0,0.3505,0.0106668,1,1,0,25,17,6,3,1,0,0,0,3,1,0,0,1,1,3,0,4,0,1,11,2,0,0,0,0,1,0,2026-09-02T00:09:25.684702+00:00
Eredivisie 2026/2027,PEC Zwolle - AFC Ajax,2026-08-09T12:30:00+00:00,finished,1,0-2,AFC Ajax,Tolu Arokodare,F,17,6.6,12,0,1,,0.119951,0,0,1,7,5,0,0,0,0,1,0,1,3,1,1,0,0,1,0,2,0,0,4,0,1,0,0,0,0,0,2026-09-02T00:09:25.684492+00:00
Eredivisie 2026/2027,PEC Zwolle - AFC Ajax,2026-08-09T12:30:00+00:00,finished,1,0-2,PEC Zwolle,Tom de Graaff,G,0,,0,0,0,,,0,0,0,0,0,0,0,0,0,0,0,0,0,0,0,0,0,0,0,0,0,0,0,0,0,0,0,0,0,0,2026-09-02T00:09:25.685002+00:00
Eredivisie 2026/2027,PEC Zwolle - AFC Ajax,2026-08-09T12:30:00+00:00,finished,1,0-2,AFC Ajax,Youri Baas,D,90,7.9,92,0,0,,0.0917196,0,0,3,79,77,3,3,0,0,0,0,8,4,5,4,0,0,4,0,4,0,0,3,3,0,0,0,0,0,0,2026-09-02T00:09:25.684247+00:00
Eredivisie 2026/2027,SC Heerenveen - FC Twente,2026-08-09T14:45:00+00:00,finished,1,1-0,SC Heerenveen,,,13,6.7,7,0,0,,0.00080345,0,0,0,5,5,0,0,0,0,0,0,1,1,1,1,0,0,2,0,0,0,0,0,0,0,0,0,0,0,0,2026-09-02T00:09:26.149945+00:00
Eredivisie 2026/2027,SC Heerenveen - FC Twente,2026-08-09T14:45:00+00:00,finished,1,1-0,SC Heerenveen,Andries Noppert,G,0,,0,0,0,,,0,0,0,0,0,0,0,0,0,0,0,0,0,0,0,0,0,0,0,0,0,0,0,0,0,0,0,0,0,0,2026-09-02T00:09:26.149969+00:00
Eredivisie 2026/2027,SC Heerenveen - FC Twente,2026-08-09T14:45:00+00:00,finished,1,1-0,FC Twente,Aske Adelgaard,D,77,6.9,54,0,0,,0.0208519,0,0,0,37,35,2,2,1,0,0,0,2,2,0,0,1,1,1,0,2,0,1,6,1,1,0,0,0,1,0,2026-09-02T00:09:26.150158+00:00
Eredivisie 2026/2027,SC Heerenveen - FC Twente,2026-08-09T14:45:00+00:00,finished,1,1-0,FC Twente,Bart van Rooij,D,90,7.3,104,0,0,0.0603,0.290178,1,0,1,70,59,11,6,7,1,1,0,6,3,1,0,4,4,3,2,3,1,1,23,1,0,0,0,0,1,0,2026-09-02T00:09:26.150042+00:00
Eredivisie 2026/2027,SC Heerenveen - FC Twente,2026-08-09T14:45:00+00:00,finished,1,1-0,SC Heerenveen,Bernt Klaverboer,G,90,7.4,57,0,0,,0.011295,0,0,0,51,27,33,9,0,0,0,0,0,0,0,0,0,0,0,0,9,0,0,25,0,0,0,0,3,0,0,2026-09-02T00:09:26.149755+00:00
Eredivisie 2026/2027,SC Heerenveen - FC Twente,2026-08-09T14:45:00+00:00,finished,1,1-0,FC Twente,Daan Rots,M,90,6.7,54,0,0,0.2103,0.325107,3,0,2,37,29,3,1,5,1,1,1,4,4,1,0,0,0,0,2,4,1,1,14,3,2,1,0,0,1,0,2026-09-02T00:09:26.150096+00:00
Eredivisie 2026/2027,SC Heerenveen - FC Twente,2026-08-09T14:45:00+00:00,finished,1,1-0,SC Heerenveen,Darling Bladi,D,13,6.7,13,0,0,,0.00011002,0,0,0,3,2,1,0,0,0,0,0,1,0,0,0,1,1,4,0,2,0,0,4,0,0,0,0,0,0,0,2026-09-02T00:09:26.149954+00:00
Eredivisie 2026/2027,SC Heerenveen - FC Twente,2026-08-09T14:45:00+00:00,finished,1,1-0,SC Heerenveen,Dirk Wanner Proper,M,90,6.6,75,0,0,0.0294,0.0222127,1,1,0,59,46,7,1,0,0,1,1,3,7,1,1,1,1,4,1,2,0,2,16,0,4,1,0,0,0,0,2026-09-02T00:09:26.149774+00:00
Eredivisie 2026/2027,SC Heerenveen - FC Twente,2026-08-09T14:45:00+00:00,finished,1,1-0,SC Heerenveen,Dylan Vente,F,90,6.4,32,0,0,,0.0161597,0,0,1,25,15,0,0,0,0,0,0,4,6,4,4,0,0,0,0,1,0,1,14,0,1,0,0,0,0,0,2026-09-02T00:09:26.149712+00:00
Eredivisie 2026/2027,SC Heerenveen - FC Twente,2026-08-09T14:45:00+00:00,finished,1,1-0,FC Twente,Guilherme Peixoto,D,0,,0,0,0,,,0,0,0,0,0,0,0,0,0,0,0,0,0,0,0,0,0,0,0,0,0,0,0,0,0,0,0,0,0,0,2026-09-02T00:09:26.150384+00:00
Eredivisie 2026/2027,SC Heerenveen - FC Twente,2026-08-09T14:45:00+00:00,finished,1,1-0,SC Heerenveen,Hristiyan Petrov,D,22,6.7,20,0,0,,0.00050459,0,0,0,11,9,0,0,0,0,0,0,1,2,1,1,0,0,5,2,2,0,0,2,0,0,0,0,0,0,0,2026-09-02T00:09:26.149935+00:00
Eredivisie 2026/2027,SC Heerenveen - FC Twente,2026-08-09T14:45:00+00:00,finished,1,1-0,SC Heerenveen,Jacob Trenskow,M,83,7.4,29,0,1,0.0258,0.244592,1,1,3,21,19,2,2,2,2,0,0,2,2,0,1,0,0,0,1,4,0,1,3,2,0,0,0,0,0,0,2026-09-02T00:09:26.149858+00:00
Eredivisie 2026/2027,SC Heerenveen - FC Twente,2026-08-09T14:45:00+00:00,finished,1,1-0,SC Heerenveen,Jimte Scholten,D,0,,0,0,0,,,0,0,0,0,0,0,0,0,0,0,0,0,0,0,0,0,0,0,0,0,0,0,0,0,0,0,0,0,0,0,2026-09-02T00:09:26.149976+00:00
Eredivisie 2026/2027,SC Heerenveen - FC Twente,2026-08-09T14:45:00+00:00,finished,1,1-0,FC Twente,Joël Drommel,G,0,,0,0,0,,,0,0,0,0,0,0,0,0,0,0,0,0,0,0,0,0,0,0,0,0,0,0,0,0,0,0,0,0,0,0,2026-09-02T00:09:26.150354+00:00
Eredivisie 2026/2027,SC Heerenveen - FC Twente,2026-08-09T14:45:00+00:00,finished,1,1-0,SC Heerenveen,Kirayno Schaken,F,0,,0,0,0,,,0,0,0,0,0,0,0,0,0,0,0,0,0,0,0,0,0,0,0,0,0,0,0,0,0,0,0,0,0,0,2026-09-02T00:09:26.150021+00:00
Eredivisie 2026/2027,SC Heerenveen - FC Twente,2026-08-09T14:45:00+00:00,finished,1,1-0,FC Twente,Kristian Hlynsson,M,13,6.9,15,0,0,,0.0846169,0,0,1,13,13,0,0,1,1,0,0,1,0,0,0,0,0,0,0,1,0,0,0,1,0,0,0,0,0,0,2026-09-02T00:09:26.150304+00:00
Eredivisie 2026/2027,SC Heerenveen - FC Twente,2026-08-09T14:45:00+00:00,finished,1,1-0,FC Twente,Krzysztof Kurowski,D,0,,0,0,0,,,0,0,0,0,0,0,0,0,0,0,0,0,0,0,0,0,0,0,0,0,0,0,0,0,0,0,0,0,0,0,2026-09-02T00:09:26.150372+00:00
Eredivisie 2026/2027,SC Heerenveen - FC Twente,2026-08-09T14:45:00+00:00,finished,1,1-0,SC Heerenveen,Lanroy Machine,F,45,6.7,21,0,0,0.1066,0.0285236,2,0,0,11,9,0,0,0,0,1,0,1,1,0,0,1,0,0,1,1,2,0,5,0,0,0,0,0,0,0,2026-09-02T00:09:26.149898+00:00
Eredivisie 2026/2027,SC Heerenveen - FC Twente,2026-08-09T14:45:00+00:00,finished,1,1-0,FC Twente,Lars Unnerstall,G,90,7.1,39,0,0,,0.00015948,0,0,0,32,25,9,3,0,0,0,0,0,0,0,0,0,0,0,0,8,0,0,7,0,0,0,0,3,1,0,2026-09-02T00:09:26.150035+00:00
Eredivisie 2026/2027,SC Heerenveen - FC Twente,2026-08-09T14:45:00+00:00,finished,1,1-0,SC Heerenveen,Levi Smans,M,0,,0,0,0,,,0,0,0,0,0,0,0,0,0,0,0,0,0,0,0,0,0,0,0,0,0,0,0,0,0,0,0,0,0,0,2026-09-02T00:09:26.150002+00:00
Eredivisie 2026/2027,SC Heerenveen - FC Twente,2026-08-09T14:45:00+00:00,finished,1,1-0,SC Heerenveen,Luca Oyen,M,45,7.9,30,1,0,0.0611,0.0028991,1,1,0,12,8,1,0,0,0,6,3,5,4,0,1,0,0,1,0,4,0,0,8,2,0,1,0,0,0,0,2026-09-02T00:09:26.149906+00:00
Eredivisie 2026/2027,SC Heerenveen - FC Twente,2026-08-09T14:45:00+00:00,finished,1,1-0,FC Twente,Lucas Vennegoor of Hesselink,F,22,6.5,4,0,0,0.1275,,3,0,0,1,0,0,0,0,0,0,0,2,0,2,0,0,0,0,0,0,1,0,1,0,0,0,0,0,0,0,2026-09-02T00:09:26.150291+00:00
Eredivisie 2026/2027,SC Heerenveen - FC Twente,2026-08-09T14:45:00+00:00,finished,1,1-0,SC Heerenveen,Luuk Brouwers,M,0,,0,0,0,,,0,0,0,0,0,0,0,0,0,0,0,0,0,0,0,0,0,0,0,0,0,0,0,0,0,0,0,0,0,0,2026-09-02T00:09:26.149991+00:00
Eredivisie 2026/2027,SC Heerenveen - FC Twente,2026-08-09T14:45:00+00:00,finished,1,1-0,SC Heerenveen,Maas Willemsen,D,90,7.8,87,0,0,,0.0307855,0,0,0,76,72,9,8,0,0,0,0,2,2,1,2,0,0,6,1,2,0,0,5,1,0,0,0,0,0,0,2026-09-02T00:09:26.149794+00:00
Eredivisie 2026/2027,SC Heerenveen - FC Twente,2026-08-09T14:45:00+00:00,finished,1,1-0,SC Heerenveen,Marcus Linday,M,90,7.0,82,0,0,0.0687,0.0300314,1,1,0,71,66,1,0,0,0,2,1,2,3,0,1,0,0,1,0,3,0,0,9,1,0,0,0,0,0,0,2026-09-02T00:09:26.149783+00:00
Eredivisie 2026/2027,SC Heerenveen - FC Twente,2026-08-09T14:45:00+00:00,finished,1,1-0,FC Twente,Marko Pjaca,F,68,6.6,35,0,0,,0.480219,0,0,4,24,21,2,1,5,3,0,0,0,5,0,2,0,0,0,1,2,0,1,8,0,0,0,0,0,1,0,2026-09-02T00:09:26.150210+00:00
Eredivisie 2026/2027,SC Heerenveen - FC Twente,2026-08-09T14:45:00+00:00,finished,1,1-0,FC Twente,Mathias Kjølø,M,22,7.1,29,0,0,0.1117,0.0490421,1,1,0,24,22,3,2,0,0,0,0,2,1,0,0,2,2,0,0,3,0,0,2,0,0,0,0,0,0,0,2026-09-02T00:09:26.150270+00:00
Eredivisie 2026/2027,SC Heerenveen - FC Twente,2026-08-09T14:45:00+00:00,finished,1,1-0,SC Heerenveen,Mats Egbring,D,68,7.0,50,0,0,,0.0660553,0,0,1,31,29,1,0,2,0,0,0,4,2,0,1,3,3,2,0,2,0,0,6,1,0,0,0,0,0,0,2026-09-02T00:09:26.149871+00:00
Eredivisie 2026/2027,SC Heerenveen - FC Twente,2026-08-09T14:45:00+00:00,finished,1,1-0,FC Twente,Max Bruns,D,90,6.6,95,0,0,0.1992,0.0252441,1,1,0,86,81,4,2,1,0,0,0,2,3,0,3,2,1,2,1,10,0,0,6,0,0,0,0,0,1,0,2026-09-02T00:09:26.150054+00:00
Eredivisie 2026/2027,SC Heerenveen - FC Twente,2026-08-09T14:45:00+00:00,finished,1,1-0,SC Heerenveen,Maxence Rivera,M,0,,0,0,0,,,0,0,0,0,0,0,0,0,0,0,0,0,0,0,0,0,0,0,0,0,0,0,0,0,0,0,0,0,0,0,2026-09-02T00:09:26.149983+00:00
Eredivisie 2026/2027,SC Heerenveen - FC Twente,2026-08-09T14:45:00+00:00,finished,1,1-0,FC Twente,Naci Ünüvar,F,0,,0,0,0,,,0,0,0,0,0,0,0,0,0,0,0,0,0,0,0,0,0,0,0,0,0,0,0,0,0,0,0,0,0,0,2026-09-02T00:09:26.150399+00:00
Eredivisie 2026/2027,SC Heerenveen - FC Twente,2026-08-09T14:45:00+00:00,finished,1,1-0,SC Heerenveen,Nolhan Courtens,M,35,6.4,15,0,0,,0.00343441,0,0,0,11,9,1,1,0,0,1,0,0,3,0,0,0,0,0,1,1,0,1,4,0,1,0,0,0,0,0,2026-09-02T00:09:26.149920+00:00
Eredivisie 2026/2027,SC Heerenveen - FC Twente,2026-08-09T14:45:00+00:00,finished,1,1-0,FC Twente,Ramiz Zerrouki,M,77,6.7,53,0,0,0.045,0.0861139,1,0,0,46,41,4,2,0,0,0,0,2,2,0,1,2,2,1,2,4,1,0,6,0,1,0,0,0,1,0,2026-09-02T00:09:26.150176+00:00
Eredivisie 2026/2027,SC Heerenveen - FC Twente,2026-08-09T14:45:00+00:00,finished,1,1-0,FC Twente,Remko Pasveer,G,0,,0,0,0,,,0,0,0,0,0,0,0,0,0,0,0,0,0,0,0,0,0,0,0,0,0,0,0,0,0,0,0,0,0,0,2026-09-02T00:09:26.150339+00:00
Eredivisie 2026/2027,SC Heerenveen - FC Twente,2026-08-09T14:45:00+00:00,finished,1,1-0,SC Heerenveen,Ringo Meerveld,M,55,6.9,21,0,0,0.0966,0.0738239,1,0,1,13,11,1,1,0,0,1,1,1,1,0,0,0,0,0,0,3,0,1,5,0,0,0,0,0,0,0,2026-09-02T00:09:26.149889+00:00
Eredivisie 2026/2027,SC Heerenveen - FC Twente,2026-08-09T14:45:00+00:00,finished,1,1-0,FC Twente,Robin Pröpper,D,90,6.7,88,0,0,0.0505,0.0215352,1,1,0,80,65,11,6,1,0,0,0,6,4,5,4,0,0,4,0,3,0,0,17,1,0,0,0,0,1,0,2026-09-02T00:09:26.150076+00:00
Eredivisie 2026/2027,SC Heerenveen - FC Twente,2026-08-09T14:45:00+00:00,finished,1,1-0,FC Twente,Ruud Nijstad,D,0,,0,0,0,,,0,0,0,0,0,0,0,0,0,0,0,0,0,0,0,0,0,0,0,0,0,0,0,0,0,0,0,0,0,0,2026-09-02T00:09:26.150364+00:00
Eredivisie 2026/2027,SC Heerenveen - FC Twente,2026-08-09T14:45:00+00:00,finished,1,1-0,SC Heerenveen,Sam Kersten,D,83,7.1,67,0,0,,0.00943236,0,0,0,52,47,6,3,0,0,0,0,2,2,0,1,2,2,8,1,1,0,0,6,0,1,0,0,0,0,0,2026-09-02T00:09:26.149838+00:00
Eredivisie 2026/2027,SC Heerenveen - FC Twente,2026-08-09T14:45:00+00:00,finished,1,1-0,FC Twente,Sam Lammers,F,13,6.6,5,0,0,0.0619,0.0169975,1,0,1,3,3,0,0,0,0,0,0,1,0,1,0,0,0,0,0,0,0,0,1,0,0,0,0,0,0,0,2026-09-02T00:09:26.150318+00:00
Eredivisie 2026/2027,SC Heerenveen - FC Twente,2026-08-09T14:45:00+00:00,finished,1,1-0,FC Twente,Sondre Ørjasæter,M,57,6.5,26,0,0,0.0572,0.0167475,1,0,0,16,12,1,0,0,0,4,2,4,4,1,0,1,0,1,0,1,0,1,8,0,0,0,0,0,1,0,2026-09-02T00:09:26.150229+00:00
Eredivisie 2026/2027,SC Heerenveen - FC Twente,2026-08-09T14:45:00+00:00,finished,1,1-0,FC Twente,Thomas Van den Belt,M,68,6.2,37,0,0,0.3603,0.115445,2,0,1,31,27,2,2,0,0,0,0,1,2,0,0,1,1,1,0,1,1,0,4,0,1,0,0,0,1,0,2026-09-02T00:09:26.150190+00:00
Eredivisie 2026/2027,SC Heerenveen - FC Twente,2026-08-09T14:45:00+00:00,finished,1,1-0,SC Heerenveen,Timo Schreuder,G,0,,0,0,0,,,0,0,0,0,0,0,0,0,0,0,0,0,0,0,0,0,0,0,0,0,0,0,0,0,0,0,0,0,0,0,2026-09-02T00:09:26.149961+00:00
Eredivisie 2026/2027,SC Heerenveen - FC Twente,2026-08-09T14:45:00+00:00,finished,1,1-0,SC Heerenveen,Vasilios Zagaritis,D,90,7.2,48,0,0,,0.00546332,0,0,1,23,21,0,0,1,0,2,1,5,2,2,1,2,0,5,1,3,0,0,5,0,0,0,0,0,0,0,2026-09-02T00:09:26.149765+00:00
Eredivisie 2026/2027,SC Heerenveen - FC Twente,2026-08-09T14:45:00+00:00,finished,1,1-0,FC Twente,Wout Weghorst,F,90,6.1,31,0,0,0.4454,0.0918158,4,0,2,20,16,0,0,0,0,0,0,4,3,4,0,0,0,0,0,4,0,1,8,0,2,0,0,0,1,0,2026-09-02T00:09:26.150138+00:00
Eredivisie 2026/2027,SC Heerenveen - FC Twente,2026-08-09T14:45:00+00:00,finished,1,1-0,FC Twente,Younes Taha,M,33,7.1,34,0,0,,0.471064,0,0,5,13,10,0,0,18,5,2,1,1,1,0,0,0,0,0,0,0,0,0,17,0,0,0,0,0,0,0,2026-09-02T00:09:26.150250+00:00
Eredivisie 2026/2027,SC Telstar - Sparta Rotterdam,2026-08-14T18:00:00+00:00,finished,2,1-3,SC Telstar,,,90,6.4,77,0,0,0.3487,0.0974785,3,0,0,31,21,3,1,10,2,12,6,10,10,0,0,3,2,0,0,4,1,3,35,1,1,0,0,0,3,0,2026-09-02T00:09:26.231893+00:00
Eredivisie 2026/2027,SC Telstar - Sparta Rotterdam,2026-08-14T18:00:00+00:00,finished,2,1-3,SC Telstar,Abdelnour Soualhia,D,90,7.9,74,1,0,0.9048,0.0120066,1,1,0,61,59,6,5,0,0,1,1,8,7,5,3,1,1,4,1,4,0,1,4,2,3,1,0,0,3,0,2026-09-02T00:09:26.231933+00:00
Eredivisie 2026/2027,SC Telstar - Sparta Rotterdam,2026-08-14T18:00:00+00:00,finished,2,1-3,Sparta Rotterdam,Alwande Roaldsoy,M,14,6.4,9,0,0,,0.00296737,0,0,0,8,6,1,0,0,0,0,0,0,0,0,0,0,0,1,0,0,0,0,2,0,0,0,0,0,1,0,2026-09-02T00:09:26.231776+00:00
Eredivisie 2026/2027,SC Telstar - Sparta Rotterdam,2026-08-14T18:00:00+00:00,finished,2,1-3,Sparta Rotterdam,Ayoni Santos,M,90,7.0,57,0,0,0.2724,0.044638,5,2,0,32,28,6,5,3,1,7,4,6,6,0,1,1,0,2,0,7,1,0,11,1,1,0,0,0,1,0,2026-09-02T00:09:26.231685+00:00
Eredivisie 2026/2027,SC Telstar - Sparta Rotterdam,2026-08-14T18:00:00+00:00,finished,2,1-3,Sparta Rotterdam,Bas Kuipers,D,90,6.7,55,0,1,0.0202,0.016155,1,0,2,38,30,9,3,0,0,0,0,4,2,1,1,1,0,8,1,1,0,1,9,2,0,0,0,0,1,0,2026-09-02T00:09:26.231696+00:00
Eredivisie 2026/2027,SC Telstar - Sparta Rotterdam,2026-08-14T18:00:00+00:00,finished,2,1-3,Sparta Rotterdam,Boyd Reith,D,0,,0,0,0,,,0,0,0,0,0,0,0,0,0,0,0,0,0,0,0,0,0,0,0,0,0,0,0,0,0,0,0,0,0,0,2026-09-02T00:09:26.231862+00:00
Eredivisie 2026/2027,SC Telstar - Sparta Rotterdam,2026-08-14T18:00:00+00:00,finished,2,1-3,Sparta Rotterdam,Bruno Martins Indi,D,0,,0,0,0,,,0,0,0,0,0,0,0,0,0,0,0,0,0,0,0,0,0,0,0,0,0,0,0,0,0,0,0,0,0,0,2026-09-02T00:09:26.231847+00:00
Eredivisie 2026/2027,SC Telstar - Sparta Rotterdam,2026-08-14T18:00:00+00:00,finished,2,1-3,Sparta Rotterdam,Casper Terho,F,62,7.5,28,0,0,0.2174,0.263677,1,1,1,13,12,1,1,2,1,1,0,2,3,0,0,1,0,2,0,5,0,0,5,1,0,0,0,0,0,0,2026-09-02T00:09:26.231760+00:00
Eredivisie 2026/2027,SC Telstar - Sparta Rotterdam,2026-08-14T18:00:00+00:00,finished,2,1-3,SC Telstar,Daan Reiziger,G,0,,0,0,0,,,0,0,0,0,0,0,0,0,0,0,0,0,0,0,0,0,0,0,0,0,0,0,0,0,0,0,0,0,0,0,2026-09-02T00:09:26.232014+00:00
Eredivisie 2026/2027,SC Telstar - Sparta Rotterdam,2026-08-14T18:00:00+00:00,finished,2,1-3,Sparta Rotterdam,Duncan Lindhout,M,0,,0,0,0,,,0,0,0,0,0,0,0,0,0,0,0,0,0,0,0,0,0,0,0,0,0,0,0,0,0,0,0,0,0,0,2026-09-02T00:09:26.231869+00:00
Eredivisie 2026/2027,SC Telstar - Sparta Rotterdam,2026-08-14T18:00:00+00:00,finished,2,1-3,SC Telstar,Emirhan Demircan,M,33,6.1,20,0,0,,0.0225766,0,0,0,15,9,2,0,1,0,1,0,1,5,1,0,0,0,0,0,3,0,2,11,0,2,0,0,0,1,0,2026-09-02T00:09:26.231972+00:00
Eredivisie 2026/2027,SC Telstar - Sparta Rotterdam,2026-08-14T18:00:00+00:00,finished,2,1-3,SC Telstar,Fabiano Rust,M,0,,0,0,0,,,0,0,0,0,0,0,0,0,0,0,0,0,0,0,0,0,0,0,0,0,0,0,0,0,0,0,0,0,0,0,2026-09-02T00:09:26.232042+00:00
Eredivisie 2026/2027,SC Telstar - Sparta Rotterdam,2026-08-14T18:00:00+00:00,finished,2,1-3,Sparta Rotterdam,Filip Bednarek,G,90,6.2,40,0,0,,0.00049224,0,0,0,33,15,20,2,0,0,0,0,1,1,1,0,0,0,1,0,8,0,0,18,0,0,0,0,0,1,0,2026-09-02T00:09:26.231643+00:00
Eredivisie 2026/2027,SC Telstar - Sparta Rotterdam,2026-08-14T18:00:00+00:00,finished,2,1-3,SC Telstar,Finn Mulder,G,0,,0,0,0,,,0,0,0,0,0,0,0,0,0,0,0,0,0,0,0,0,0,0,0,0,0,0,0,0,0,0,0,0,0,0,2026-09-02T00:09:26.232056+00:00
Eredivisie 2026/2027,SC Telstar - Sparta Rotterdam,2026-08-14T18:00:00+00:00,finished,2,1-3,SC Telstar,Fofin Turay,F,0,,0,0,0,,,0,0,0,0,0,0,0,0,0,0,0,0,0,0,0,0,0,0,0,0,0,0,0,0,0,0,0,0,0,0,2026-09-02T00:09:26.232050+00:00
Eredivisie 2026/2027,SC Telstar - Sparta Rotterdam,2026-08-14T18:00:00+00:00,finished,2,1-3,SC Telstar,Gabi Caschili,D,57,6.7,50,0,0,,0.0216531,0,0,0,41,37,4,4,0,0,0,0,2,3,0,0,2,2,2,1,1,0,0,4,0,1,0,0,0,2,0,2026-09-02T00:09:26.231957+00:00
Eredivisie 2026/2027,SC Telstar - Sparta Rotterdam,2026-08-14T18:00:00+00:00,finished,2,1-3,Sparta Rotterdam,Giannino Vianello,D,0,,0,0,0,,,0,0,0,0,0,0,0,0,0,0,0,0,0,0,0,0,0,0,0,0,0,0,0,0,0,0,0,0,0,0,2026-09-02T00:09:26.231855+00:00
Eredivisie 2026/2027,SC Telstar - Sparta Rotterdam,2026-08-14T18:00:00+00:00,finished,2,1-3,SC Telstar,Harrie Kuster,M,0,,0,0,0,,,0,0,0,0,0,0,0,0,0,0,0,0,0,0,0,0,0,0,0,0,0,0,0,0,0,0,0,0,0,0,2026-09-02T00:09:26.232035+00:00
Eredivisie 2026/2027,SC Telstar - Sparta Rotterdam,2026-08-14T18:00:00+00:00,finished,2,1-3,SC Telstar,Isaiah Ahmed,M,0,,0,0,0,,,0,0,0,0,0,0,0,0,0,0,0,0,0,0,0,0,0,0,0,0,0,0,0,0,0,0,0,0,0,0,2026-09-02T00:09:26.232027+00:00
Eredivisie 2026/2027,SC Telstar - Sparta Rotterdam,2026-08-14T18:00:00+00:00,finished,2,1-3,SC Telstar,Jeff Hardeveld,M,64,6.3,43,0,0,,0.0692078,0,0,0,31,24,5,2,3,0,0,0,1,1,0,1,0,0,0,2,2,0,0,10,1,0,0,0,0,2,0,2026-09-02T00:09:26.231941+00:00
Eredivisie 2026/2027,SC Telstar - Sparta Rotterdam,2026-08-14T18:00:00+00:00,finished,2,1-3,SC Telstar,Jelani Seedorf,F,64,6.3,18,0,0,0.067,0.00817121,1,0,0,8,5,0,0,0,0,1,0,1,5,0,2,1,0,1,0,2,0,1,7,0,1,0,0,0,2,0,2026-09-02T00:09:26.231949+00:00
Eredivisie 2026/2027,SC Telstar - Sparta Rotterdam,2026-08-14T18:00:00+00:00,finished,2,1-3,Sparta Rotterdam,Jens Toornstra,M,76,6.9,30,0,0,,0.0169977,0,0,0,21,13,11,5,0,0,0,0,1,3,0,0,1,1,4,0,2,0,1,9,0,1,0,0,0,0,0,2026-09-02T00:09:26.231753+00:00
Eredivisie 2026/2027,SC Telstar - Sparta Rotterdam,2026-08-14T18:00:00+00:00,finished,2,1-3,Sparta Rotterdam,Joel Ideho,M,0,,0,0,0,,,0,0,0,0,0,0,0,0,0,0,0,0,0,0,0,0,0,0,0,0,0,0,0,0,0,0,0,0,0,0,2026-09-02T00:09:26.231831+00:00
Eredivisie 2026/2027,SC Telstar - Sparta Rotterdam,2026-08-14T18:00:00+00:00,finished,2,1-3,Sparta Rotterdam,Julian Baas,M,85,6.9,53,0,0,0.11,0.0797338,1,0,1,36,29,8,4,4,1,1,0,3,4,0,1,2,1,3,1,1,0,0,11,1,2,0,0,0,0,0,2026-09-02T00:09:26.231737+00:00
Eredivisie 2026/2027,SC Telstar - Sparta Rotterdam,2026-08-14T18:00:00+00:00,finished,2,1-3,Sparta Rotterdam,Lushendry Edward Martes,D,90,7.6,63,0,0,,0.410606,0,0,6,22,18,4,2,6,4,3,1,10,9,3,0,5,2,6,2,4,0,1,10,1,3,1,0,0,1,0,2026-09-02T00:09:26.231720+00:00
Eredivisie 2026/2027,SC Telstar - Sparta Rotterdam,2026-08-14T18:00:00+00:00,finished,2,1-3,SC Telstar,Marvin Peersman,D,90,7.1,110,0,0,,0.0451395,0,0,0,87,75,10,3,2,1,0,0,8,2,2,2,1,0,8,2,5,0,0,15,5,0,0,0,0,3,0,2026-09-02T00:09:26.231926+00:00
Eredivisie 2026/2027,SC Telstar - Sparta Rotterdam,2026-08-14T18:00:00+00:00,finished,2,1-3,Sparta Rotterdam,Marvin Young,D,90,8.8,69,1,0,0.2776,0.00944322,1,1,0,46,41,8,6,0,0,0,0,7,3,2,1,5,3,10,0,5,0,1,7,0,0,0,0,0,1,0,2026-09-02T00:09:26.231712+00:00
Eredivisie 2026/2027,SC Telstar - Sparta Rotterdam,2026-08-14T18:00:00+00:00,finished,2,1-3,Sparta Rotterdam,Milan Zonneveld,F,13,6.3,7,0,0,,0.0004778,0,0,0,4,1,1,0,0,0,0,0,0,2,0,1,0,0,2,0,1,0,0,4,0,1,0,0,0,1,0,2026-09-02T00:09:26.231815+00:00
Eredivisie 2026/2027,SC Telstar - Sparta Rotterdam,2026-08-14T18:00:00+00:00,finished,2,1-3,Sparta Rotterdam,Mitchell Van Bergen,M,28,6.5,11,0,0,,0.0123237,0,0,0,8,5,2,1,0,0,1,0,2,2,0,0,2,0,0,0,3,0,0,4,0,1,0,0,0,1,0,2026-09-02T00:09:26.231768+00:00
Eredivisie 2026/2027,SC Telstar - Sparta Rotterdam,2026-08-14T18:00:00+00:00,finished,2,1-3,Sparta Rotterdam,Nick Verschuren,D,90,6.4,54,0,0,0.0435,0.00380846,1,0,0,38,34,4,1,0,0,0,0,5,1,2,0,0,0,8,0,4,1,0,4,3,1,0,0,0,1,0,2026-09-02T00:09:26.231704+00:00
Eredivisie 2026/2027,SC Telstar - Sparta Rotterdam,2026-08-14T18:00:00+00:00,finished,2,1-3,SC Telstar,Nigel Ogidi Nwankwo,D,0,,0,0,0,,,0,0,0,0,0,0,0,0,0,0,0,0,0,0,0,0,0,0,0,0,0,0,0,0,0,0,0,0,0,0,2026-09-02T00:09:26.232021+00:00
Eredivisie 2026/2027,SC Telstar - Sparta Rotterdam,2026-08-14T18:00:00+00:00,finished,2,1-3,SC Telstar,Nils Rossen,M,90,6.8,66,0,0,0.0619,0.0468824,1,0,0,54,51,3,2,0,0,1,1,4,4,1,1,1,1,0,2,6,1,1,4,2,2,0,0,0,3,0,2026-09-02T00:09:26.231918+00:00
Eredivisie 2026/2027,SC Telstar - Sparta Rotterdam,2026-08-14T18:00:00+00:00,finished,2,1-3,SC Telstar,Noach Shenkman,M,26,6.6,15,0,0,,0.0106794,0,0,0,12,10,1,1,0,0,0,0,1,0,0,0,1,1,0,0,0,0,0,2,0,0,0,0,0,1,0,2026-09-02T00:09:26.232006+00:00
Eredivisie 2026/2027,SC Telstar - Sparta Rotterdam,2026-08-14T18:00:00+00:00,finished,2,1-3,Sparta Rotterdam,Nökkvi Þórisson,F,85,8.1,20,1,1,1.1979,0.111624,5,4,3,9,7,1,1,0,0,0,0,5,10,3,4,0,0,1,0,0,1,0,4,2,6,0,0,0,0,0,2026-09-02T00:09:26.231728+00:00
Eredivisie 2026/2027,SC Telstar - Sparta Rotterdam,2026-08-14T18:00:00+00:00,finished,2,1-3,SC Telstar,Patrick Brouwer,F,90,6.9,35,0,0,,0.520622,0,0,2,26,17,1,0,2,0,3,1,4,6,0,1,0,0,1,0,1,0,0,13,3,2,0,0,0,3,0,2026-09-02T00:09:26.231902+00:00
Eredivisie 2026/2027,SC Telstar - Sparta Rotterdam,2026-08-14T18:00:00+00:00,finished,2,1-3,SC Telstar,Prince Aning,D,26,7.1,20,0,0,,0.00053395,0,0,0,7,2,1,0,2,0,3,1,5,3,1,1,1,0,0,0,0,0,0,12,2,0,0,0,0,1,0,2026-09-02T00:09:26.231999+00:00
Eredivisie 2026/2027,SC Telstar - Sparta Rotterdam,2026-08-14T18:00:00+00:00,finished,2,1-3,Sparta Rotterdam,Rik Suur,G,0,,0,0,0,,,0,0,0,0,0,0,0,0,0,0,0,0,0,0,0,0,0,0,0,0,0,0,0,0,0,0,0,0,0,0,2026-09-02T00:09:26.231839+00:00
Eredivisie 2026/2027,SC Telstar - Sparta Rotterdam,2026-08-14T18:00:00+00:00,finished,2,1-3,Sparta Rotterdam,Robin van Cruijsen,M,14,6.3,10,1,0,0.4065,2.02e-05,1,1,0,4,3,0,0,0,0,0,0,1,2,0,0,1,0,0,0,1,0,1,4,0,0,0,0,0,1,0,2026-09-02T00:09:26.231784+00:00
Eredivisie 2026/2027,SC Telstar - Sparta Rotterdam,2026-08-14T18:00:00+00:00,finished,2,1-3,SC Telstar,Rojendro Oudsten,M,33,6.4,32,0,0,,0.0189652,0,0,0,23,21,2,2,2,0,1,1,1,2,0,1,0,0,1,0,3,0,0,5,0,1,0,0,0,1,0,2026-09-02T00:09:26.231984+00:00
Eredivisie 2026/2027,SC Telstar - Sparta Rotterdam,2026-08-14T18:00:00+00:00,finished,2,1-3,SC Telstar,Ronald Koeman Jr,G,90,9.0,56,0,0,,0.0213835,0,0,1,45,35,20,11,0,0,1,1,1,0,0,0,0,0,1,0,7,0,0,10,0,0,0,0,6,3,1,2026-09-02T00:09:26.231885+00:00
Eredivisie 2026/2027,SC Telstar - Sparta Rotterdam,2026-08-14T18:00:00+00:00,finished,2,1-3,SC Telstar,Rui Mendes,F,57,6.5,22,0,0,,0.155822,0,0,0,17,11,2,1,1,0,0,0,1,2,1,0,0,0,0,0,1,0,0,7,0,0,0,0,0,2,0,2026-09-02T00:09:26.231965+00:00
Eredivisie 2026/2027,SC Telstar - Sparta Rotterdam,2026-08-14T18:00:00+00:00,finished,2,1-3,Sparta Rotterdam,Shunsuke Mito,M,76,7.1,24,0,1,,0.296349,0,0,1,15,14,2,2,2,0,0,0,4,2,0,1,2,1,1,0,3,0,0,4,2,0,0,0,0,0,0,2026-09-02T00:09:26.231744+00:00
Eredivisie 2026/2027,SC Telstar - Sparta Rotterdam,2026-08-14T18:00:00+00:00,finished,2,1-3,Sparta Rotterdam,Teo Quintero,D,13,6.5,9,0,0,,,0,0,0,0,0,0,0,0,0,0,0,2,2,0,1,2,2,7,0,0,0,0,0,0,1,0,0,0,1,0,2026-09-02T00:09:26.231792+00:00
Eredivisie 2026/2027,SC Telstar - Sparta Rotterdam,2026-08-14T18:00:00+00:00,finished,2,1-3,SC Telstar,Tyrone Owusu,M,90,6.4,67,0,0,0.0181,0.0862869,1,0,0,51,47,3,2,2,0,3,1,4,3,0,0,2,2,1,0,6,0,1,9,1,0,0,0,0,3,0,2026-09-02T00:09:26.231910+00:00
Eredivisie 2026/2027,SC Telstar - Sparta Rotterdam,2026-08-14T18:00:00+00:00,finished,2,1-3,Sparta Rotterdam,Younes Jaber el Maftahi,M,0,,0,0,0,,,0,0,0,0,0,0,0,0,0,0,0,0,0,0,0,0,0,0,0,0,0,0,0,0,0,0,0,0,0,0,2026-09-02T00:09:26.231877+00:00
Eredivisie 2026/2027,Willem II Tilburg - NEC Nijmegen,2026-08-15T14:30:00+00:00,finished,2,1-4,NEC Nijmegen,,,93,6.4,75,0,0,,0.282476,0,0,0,54,50,2,0,2,1,1,0,3,8,2,4,0,0,1,2,5,0,1,10,1,2,0,0,0,1,0,2026-09-02T00:09:26.328001+00:00
Eredivisie 2026/2027,Willem II Tilburg - NEC Nijmegen,2026-08-15T14:30:00+00:00,finished,2,1-4,NEC Nijmegen,,,0,,0,0,0,,,0,0,0,0,0,0,0,0,0,0,0,0,0,0,0,0,0,0,0,0,0,0,0,0,0,0,0,0,0,0,2026-09-02T00:09:26.328173+00:00
Eredivisie 2026/2027,Willem II Tilburg - NEC Nijmegen,2026-08-15T14:30:00+00:00,finished,2,1-4,Willem II Tilburg,,,93,6.0,57,0,0,,0.00107945,0,0,0,39,27,3,0,0,0,0,0,3,2,2,0,1,1,7,3,3,0,1,14,0,0,0,0,0,4,0,2026-09-02T00:09:26.328238+00:00
Eredivisie 2026/2027,Willem II Tilburg - NEC Nijmegen,2026-08-15T14:30:00+00:00,finished,2,1-4,Willem II Tilburg,,,4,,1,0,0,,4.534e-05,0,0,0,1,1,0,0,0,0,0,0,0,0,0,0,0,0,0,0,0,0,0,0,0,0,0,0,0,0,0,2026-09-02T00:09:26.328339+00:00
Eredivisie 2026/2027,Willem II Tilburg - NEC Nijmegen,2026-08-15T14:30:00+00:00,finished,2,1-4,Willem II Tilburg,,,0,,0,0,0,,,0,0,0,0,0,0,0,0,0,0,0,0,0,0,0,0,0,0,0,0,0,0,0,0,0,0,0,0,0,0,2026-09-02T00:09:26.328346+00:00
Eredivisie 2026/2027,Willem II Tilburg - NEC Nijmegen,2026-08-15T14:30:00+00:00,finished,2,1-4,Willem II Tilburg,,,0,,0,0,0,,,0,0,0,0,0,0,0,0,0,0,0,0,0,0,0,0,0,0,0,0,0,0,0,0,0,0,0,0,0,0,2026-09-02T00:09:26.328360+00:00
Eredivisie 2026/2027,Willem II Tilburg - NEC Nijmegen,2026-08-15T14:30:00+00:00,finished,2,1-4,Willem II Tilburg,,,0,,0,0,0,,,0,0,0,0,0,0,0,0,0,0,0,0,0,0,0,0,0,0,0,0,0,0,0,0,0,0,0,0,0,0,2026-09-02T00:09:26.328367+00:00
Eredivisie 2026/2027,Willem II Tilburg - NEC Nijmegen,2026-08-15T14:30:00+00:00,finished,2,1-4,Willem II Tilburg,,,0,,0,0,0,,,0,0,0,0,0,0,0,0,0,0,0,0,0,0,0,0,0,0,0,0,0,0,0,0,0,0,0,0,0,0,2026-09-02T00:09:26.328381+00:00
Eredivisie 2026/2027,Willem II Tilburg - NEC Nijmegen,2026-08-15T14:30:00+00:00,finished,2,1-4,NEC Nijmegen,Adam Tahaui,M,89,7.3,58,1,0,0.3425,0.106431,3,2,1,39,32,3,2,3,1,0,0,5,4,2,1,2,2,0,1,5,0,2,13,1,1,0,0,0,1,0,2026-09-02T00:09:26.328035+00:00
Eredivisie 2026/2027,Willem II Tilburg - NEC Nijmegen,2026-08-15T14:30:00+00:00,finished,2,1-4,Willem II Tilburg,Alessandro Ciranni,D,69,6.7,30,0,0,,0.00218586,0,0,0,19,12,2,0,0,0,0,0,4,2,2,1,1,1,3,2,1,0,0,7,1,1,0,0,0,4,0,2026-09-02T00:09:26.328303+00:00
Eredivisie 2026/2027,Willem II Tilburg - NEC Nijmegen,2026-08-15T14:30:00+00:00,finished,2,1-4,NEC Nijmegen,Almugera Kabar,D,17,6.2,12,0,0,,0.00165516,0,0,0,8,7,0,0,0,0,0,0,1,2,0,0,1,0,1,0,1,0,0,1,0,2,0,0,0,1,0,2026-09-02T00:09:26.328149+00:00
Eredivisie 2026/2027,Willem II Tilburg - NEC Nijmegen,2026-08-15T14:30:00+00:00,finished,2,1-4,Willem II Tilburg,Amine Et-Taibi,D,0,,0,0,0,,,0,0,0,0,0,0,0,0,0,0,0,0,0,0,0,0,0,0,0,0,0,0,0,0,0,0,0,0,0,0,2026-09-02T00:09:26.328374+00:00
Eredivisie 2026/2027,Willem II Tilburg - NEC Nijmegen,2026-08-15T14:30:00+00:00,finished,2,1-4,NEC Nijmegen,Bram Nuytinck,D,4,,7,0,0,0.0552,8.324e-05,1,0,0,4,4,0,0,0,0,0,0,1,0,0,0,1,1,0,0,0,0,0,1,0,0,0,0,0,0,0,2026-09-02T00:09:26.328165+00:00
Eredivisie 2026/2027,Willem II Tilburg - NEC Nijmegen,2026-08-15T14:30:00+00:00,finished,2,1-4,NEC Nijmegen,Bryan Linssen,F,66,6.5,22,1,0,0.5545,0.139952,3,1,1,11,7,0,0,1,0,0,0,4,3,3,1,1,1,0,0,1,0,0,8,0,2,0,0,0,0,0,2026-09-02T00:09:26.328070+00:00
Eredivisie 2026/2027,Willem II Tilburg - NEC Nijmegen,2026-08-15T14:30:00+00:00,finished,2,1-4,NEC Nijmegen,Clement Bischoff,F,66,7.7,51,0,1,0.1866,0.927841,2,0,4,28,23,0,0,4,1,5,3,6,4,0,0,0,0,0,0,4,2,1,16,3,1,0,0,0,0,0,2026-09-02T00:09:26.328058+00:00
Eredivisie 2026/2027,Willem II Tilburg - NEC Nijmegen,2026-08-15T14:30:00+00:00,finished,2,1-4,NEC Nijmegen,Darko Nejašmić,M,65,7.6,70,0,0,0.034,0.281642,2,2,2,62,55,4,4,0,0,1,1,2,1,1,0,0,0,0,2,5,0,0,7,0,0,0,0,0,0,0,2026-09-02T00:09:26.328080+00:00
Eredivisie 2026/2027,Willem II Tilburg - NEC Nijmegen,2026-08-15T14:30:00+00:00,finished,2,1-4,NEC Nijmegen,Deveron Fonville,D,76,7.4,91,0,0,,0.126194,0,0,2,63,55,3,0,2,1,0,0,4,6,1,3,3,2,3,3,5,0,0,12,0,3,0,0,0,0,0,2026-09-02T00:09:26.328047+00:00
Eredivisie 2026/2027,Willem II Tilburg - NEC Nijmegen,2026-08-15T14:30:00+00:00,finished,2,1-4,Willem II Tilburg,Devin Haen,F,93,6.9,37,0,0,0.0096,0.0726982,1,0,2,25,14,1,1,0,0,1,0,8,7,6,2,0,0,1,0,3,0,1,16,2,2,0,0,0,4,0,2026-09-02T00:09:26.328267+00:00
Eredivisie 2026/2027,Willem II Tilburg - NEC Nijmegen,2026-08-15T14:30:00+00:00,finished,2,1-4,NEC Nijmegen,Dušan Tadić,F,93,6.1,69,0,0,,0.101258,0,0,1,56,43,4,1,0,0,0,0,4,3,1,0,1,1,0,1,5,0,2,17,2,0,0,0,0,1,0,2026-09-02T00:09:26.328024+00:00
Eredivisie 2026/2027,Willem II Tilburg - NEC Nijmegen,2026-08-15T14:30:00+00:00,finished,2,1-4,NEC Nijmegen,Emre Mor,M,27,7.0,28,0,0,0.0168,0.540037,1,0,1,18,13,3,1,1,0,0,0,2,1,0,0,2,0,0,0,1,0,1,8,0,0,0,0,0,1,0,2026-09-02T00:09:26.328122+00:00
Eredivisie 2026/2027,Willem II Tilburg - NEC Nijmegen,2026-08-15T14:30:00+00:00,finished,2,1-4,Willem II Tilburg,Eser Gürbüz,M,69,6.2,21,0,0,,0.00331212,0,0,0,10,8,0,0,0,0,5,1,3,4,0,0,0,0,1,0,5,0,0,8,2,0,0,0,0,4,0,2026-09-02T00:09:26.328311+00:00
Eredivisie 2026/2027,Willem II Tilburg - NEC Nijmegen,2026-08-15T14:30:00+00:00,finished,2,1-4,NEC Nijmegen,Freek Entius,G,0,,0,0,0,,,0,0,0,0,0,0,0,0,0,0,0,0,0,0,0,0,0,0,0,0,0,0,0,0,0,0,0,0,0,0,2026-09-02T00:09:26.328202+00:00
Eredivisie 2026/2027,Willem II Tilburg - NEC Nijmegen,2026-08-15T14:30:00+00:00,finished,2,1-4,NEC Nijmegen,Gabriel Brás,D,0,,0,0,0,,,0,0,0,0,0,0,0,0,0,0,0,0,0,0,0,0,0,0,0,0,0,0,0,0,0,0,0,0,0,0,2026-09-02T00:09:26.328216+00:00
Eredivisie 2026/2027,Willem II Tilburg - NEC Nijmegen,2026-08-15T14:30:00+00:00,finished,2,1-4,NEC Nijmegen,Gonzalo Crettaz,G,93,6.6,60,0,0,,0.00673162,0,0,0,52,33,28,10,0,0,0,0,0,0,0,0,0,0,1,0,13,0,0,19,0,0,0,0,1,1,0,2026-09-02T00:09:26.327989+00:00
Eredivisie 2026/2027,Willem II Tilburg - NEC Nijmegen,2026-08-15T14:30:00+00:00,finished,2,1-4,Willem II Tilburg,Hidde ter Avest,D,24,7.1,13,0,1,,0.0954405,0,0,1,7,2,1,0,1,1,0,0,2,0,1,0,1,1,1,0,0,0,0,5,0,0,0,0,0,0,0,2026-09-02T00:09:26.328318+00:00
Eredivisie 2026/2027,Willem II Tilburg - NEC Nijmegen,2026-08-15T14:30:00+00:00,finished,2,1-4,NEC Nijmegen,Isak Hansen Aarøen,M,0,,0,0,0,,,0,0,0,0,0,0,0,0,0,0,0,0,0,0,0,0,0,0,0,0,0,0,0,0,0,0,0,0,0,0,2026-09-02T00:09:26.328188+00:00
Eredivisie 2026/2027,Willem II Tilburg - NEC Nijmegen,2026-08-15T14:30:00+00:00,finished,2,1-4,Willem II Tilburg,Jaden Slory,M,93,7.2,41,0,0,0.3615,0.19958,3,1,1,13,7,1,0,4,1,1,1,10,10,2,4,2,2,0,0,2,2,3,18,5,2,0,0,0,4,0,2026-09-02T00:09:26.328253+00:00
Eredivisie 2026/2027,Willem II Tilburg - NEC Nijmegen,2026-08-15T14:30:00+00:00,finished,2,1-4,NEC Nijmegen,Jamiro Monteiro,M,93,7.0,74,0,0,0.101,0.290256,3,1,3,61,58,2,1,1,0,0,0,2,5,0,1,2,2,0,1,8,1,0,5,0,2,0,0,0,1,0,2026-09-02T00:09:26.327976+00:00
Eredivisie 2026/2027,Willem II Tilburg - NEC Nijmegen,2026-08-15T14:30:00+00:00,finished,2,1-4,Willem II Tilburg,Jens Mathijsen,D,0,,0,0,0,,,0,0,0,0,0,0,0,0,0,0,0,0,0,0,0,0,0,0,0,0,0,0,0,0,0,0,0,0,0,0,2026-09-02T00:09:26.328388+00:00
Eredivisie 2026/2027,Willem II Tilburg - NEC Nijmegen,2026-08-15T14:30:00+00:00,finished,2,1-4,Willem II Tilburg,Justin Hoogma,D,93,6.0,39,0,0,,0.00636023,0,0,0,30,24,6,3,0,0,0,0,3,1,1,1,1,1,6,1,5,0,0,6,1,0,0,0,0,4,0,2026-09-02T00:09:26.328246+00:00
Eredivisie 2026/2027,Willem II Tilburg - NEC Nijmegen,2026-08-15T14:30:00+00:00,finished,2,1-4,NEC Nijmegen,Kaj Sierhuis,F,27,7.2,12,1,0,0.3838,0.00052011,2,2,1,5,2,0,0,0,0,0,0,0,3,0,2,0,0,2,0,0,0,1,4,0,0,0,0,0,1,0,2026-09-02T00:09:26.328137+00:00
Eredivisie 2026/2027,Willem II Tilburg - NEC Nijmegen,2026-08-15T14:30:00+00:00,finished,2,1-4,Willem II Tilburg,Karst de Leeuw,G,93,8.2,52,0,0,,0.0189896,0,0,0,44,23,40,19,0,0,0,0,0,1,0,0,0,0,0,0,8,0,0,21,0,0,0,0,6,4,0,2026-09-02T00:09:26.328224+00:00
Eredivisie 2026/2027,Willem II Tilburg - NEC Nijmegen,2026-08-15T14:30:00+00:00,finished,2,1-4,Willem II Tilburg,Kasper Boogaard,M,89,6.4,45,0,0,,0.007174,0,0,1,33,20,8,2,0,0,0,0,3,4,0,2,2,1,1,1,2,0,0,17,1,2,0,0,0,4,0,2026-09-02T00:09:26.328275+00:00
Eredivisie 2026/2027,Willem II Tilburg - NEC Nijmegen,2026-08-15T14:30:00+00:00,finished,2,1-4,NEC Nijmegen,Kevin Kers,F,0,,0,0,0,,,0,0,0,0,0,0,0,0,0,0,0,0,0,0,0,0,0,0,0,0,0,0,0,0,0,0,0,0,0,0,2026-09-02T00:09:26.328209+00:00
Eredivisie 2026/2027,Willem II Tilburg - NEC Nijmegen,2026-08-15T14:30:00+00:00,finished,2,1-4,Willem II Tilburg,Mats Lemmens,D,24,6.5,8,0,0,,9.797e-05,0,0,0,4,3,0,0,0,0,1,0,0,2,0,0,0,0,1,1,2,0,1,3,0,0,0,0,0,0,0,2026-09-02T00:09:26.328333+00:00
Eredivisie 2026/2027,Willem II Tilburg - NEC Nijmegen,2026-08-15T14:30:00+00:00,finished,2,1-4,Willem II Tilburg,Nathan Tjoe-A-On,D,69,6.0,31,0,0,,0.208878,0,0,1,17,13,1,1,1,1,0,0,2,1,0,0,2,2,2,2,1,0,0,6,0,1,1,0,0,4,0,2026-09-02T00:09:26.328290+00:00
Eredivisie 2026/2027,Willem II Tilburg - NEC Nijmegen,2026-08-15T14:30:00+00:00,finished,2,1-4,NEC Nijmegen,Nikolas Polster,G,0,,0,0,0,,,0,0,0,0,0,0,0,0,0,0,0,0,0,0,0,0,0,0,0,0,0,0,0,0,0,0,0,0,0,0,2026-09-02T00:09:26.328195+00:00
Eredivisie 2026/2027,Willem II Tilburg - NEC Nijmegen,2026-08-15T14:30:00+00:00,finished,2,1-4,NEC Nijmegen,Noé Lebreton,F,28,6.6,25,0,0,,0.0745456,0,0,0,18,18,0,0,0,0,0,0,2,3,1,2,1,1,0,2,6,0,0,0,0,1,0,0,0,1,0,2026-09-02T00:09:26.328091+00:00
Eredivisie 2026/2027,Willem II Tilburg - NEC Nijmegen,2026-08-15T14:30:00+00:00,finished,2,1-4,Willem II Tilburg,Per van Loon,D,93,6.0,45,0,0,0.1495,0.0045026,1,0,0,15,12,1,1,0,0,1,1,5,4,0,0,4,2,4,2,6,1,1,13,0,2,0,0,0,4,0,2026-09-02T00:09:26.328231+00:00
Eredivisie 2026/2027,Willem II Tilburg - NEC Nijmegen,2026-08-15T14:30:00+00:00,finished,2,1-4,Willem II Tilburg,Thomas Verheydt,F,24,7.8,14,1,0,0.4745,0.00200843,1,1,0,7,2,0,0,0,0,0,0,6,3,4,2,1,1,0,0,0,0,1,8,1,0,0,0,0,0,0,2026-09-02T00:09:26.328325+00:00
Eredivisie 2026/2027,Willem II Tilburg - NEC Nijmegen,2026-08-15T14:30:00+00:00,finished,2,1-4,NEC Nijmegen,Tjaronn Chery,F,93,8.6,61,1,1,1.319,0.556372,4,2,3,47,42,1,0,2,2,2,1,2,3,0,0,0,0,0,0,2,2,2,10,1,0,0,0,0,1,0,2026-09-02T00:09:26.327926+00:00
Eredivisie 2026/2027,Willem II Tilburg - NEC Nijmegen,2026-08-15T14:30:00+00:00,finished,2,1-4,NEC Nijmegen,Tobias Storm,D,93,7.2,79,0,0,,0.0262294,0,0,0,63,56,2,2,0,0,1,0,5,5,1,4,2,2,5,0,4,0,0,9,2,0,0,0,0,1,0,2026-09-02T00:09:26.328012+00:00
Eredivisie 2026/2027,Willem II Tilburg - NEC Nijmegen,2026-08-15T14:30:00+00:00,finished,2,1-4,Willem II Tilburg,Uriel van Aalst,M,93,6.5,30,0,0,0.5654,0.00137947,3,0,1,13,4,3,1,0,0,2,2,3,2,0,1,1,0,0,1,4,2,1,14,0,0,0,0,0,4,0,2026-09-02T00:09:26.328260+00:00
Eredivisie 2026/2027,Willem II Tilburg - NEC Nijmegen,2026-08-15T14:30:00+00:00,finished,2,1-4,NEC Nijmegen,Willum Thor Willumsson,M,0,,0,0,0,,,0,0,0,0,0,0,0,0,0,0,0,0,0,0,0,0,0,0,0,0,0,0,0,0,0,0,0,0,0,0,2026-09-02T00:09:26.328181+00:00
Eredivisie 2026/2027,Willem II Tilburg - NEC Nijmegen,2026-08-15T14:30:00+00:00,finished,2,1-4,Willem II Tilburg,Wouter Van der Steen,G,0,,0,0,0,,,0,0,0,0,0,0,0,0,0,0,0,0,0,0,0,0,0,0,0,0,0,0,0,0,0,0,0,0,0,0,2026-09-02T00:09:26.328353+00:00
Eredivisie 2026/2027,FC Utrecht - AZ Alkmaar,2026-08-15T16:45:00+00:00,finished,2,1-4,FC Utrecht,,,62,6.5,25,0,0,,0.0727153,0,0,1,17,13,1,1,0,0,1,0,3,5,0,1,2,2,3,0,2,0,0,5,1,2,1,0,0,3,0,2026-09-02T00:09:26.419772+00:00
Eredivisie 2026/2027,FC Utrecht - AZ Alkmaar,2026-08-15T16:45:00+00:00,finished,2,1-4,FC Utrecht,,,0,,0,0,0,,,0,0,0,0,0,0,0,0,0,0,0,0,0,0,0,0,0,0,0,0,0,0,0,0,0,0,0,0,0,0,2026-09-02T00:09:26.419939+00:00
Eredivisie 2026/2027,FC Utrecht - AZ Alkmaar,2026-08-15T16:45:00+00:00,finished,2,1-4,FC Utrecht,,,0,,0,0,0,,,0,0,0,0,0,0,0,0,0,0,0,0,0,0,0,0,0,0,0,0,0,0,0,0,0,0,0,0,0,0,2026-09-02T00:09:26.419957+00:00
Eredivisie 2026/2027,FC Utrecht - AZ Alkmaar,2026-08-15T16:45:00+00:00,finished,2,1-4,FC Utrecht,,,0,,0,0,0,,,0,0,0,0,0,0,0,0,0,0,0,0,0,0,0,0,0,0,0,0,0,0,0,0,0,0,0,0,0,0,2026-09-02T00:09:26.419974+00:00
Eredivisie 2026/2027,FC Utrecht - AZ Alkmaar,2026-08-15T16:45:00+00:00,finished,2,1-4,FC Utrecht,,,0,,0,0,0,,,0,0,0,0,0,0,0,0,0,0,0,0,0,0,0,0,0,0,0,0,0,0,0,0,0,0,0,0,0,0,2026-09-02T00:09:26.419982+00:00
Eredivisie 2026/2027,FC Utrecht - AZ Alkmaar,2026-08-15T16:45:00+00:00,finished,2,1-4,AZ Alkmaar,,,0,,0,0,0,,,0,0,0,0,0,0,0,0,0,0,0,0,0,0,0,0,0,0,0,0,0,0,0,0,0,0,0,0,0,0,2026-09-02T00:09:26.420079+00:00
Eredivisie 2026/2027,FC Utrecht - AZ Alkmaar,2026-08-15T16:45:00+00:00,finished,2,1-4,FC Utrecht,Adrian Blake,F,32,6.5,16,0,0,,0.0174497,0,0,0,9,6,0,0,3,1,1,1,1,2,0,0,0,0,0,1,3,0,1,7,0,1,0,0,0,1,0,2026-09-02T00:09:26.419911+00:00
Eredivisie 2026/2027,FC Utrecht - AZ Alkmaar,2026-08-15T16:45:00+00:00,finished,2,1-4,FC Utrecht,Artem Stepanov,F,94,7.5,29,1,0,0.3056,0.121935,2,1,1,15,12,2,2,1,0,0,0,4,3,0,0,3,1,2,0,4,1,0,7,1,3,1,0,0,4,0,2026-09-02T00:09:26.419623+00:00
Eredivisie 2026/2027,FC Utrecht - AZ Alkmaar,2026-08-15T16:45:00+00:00,finished,2,1-4,FC Utrecht,Arthur Zagre,D,80,5.1,52,0,0,,0.0256985,0,0,0,24,20,2,2,6,1,4,1,4,11,0,0,1,1,2,0,4,0,2,16,2,5,1,0,0,3,0,2026-09-02T00:09:26.419739+00:00
Eredivisie 2026/2027,FC Utrecht - AZ Alkmaar,2026-08-15T16:45:00+00:00,finished,2,1-4,AZ Alkmaar,Ayoub Oufkir,M,13,7.6,7,1,0,0.0311,0.00423904,1,1,0,5,5,0,0,0,0,0,0,1,2,0,0,0,0,0,0,2,0,0,0,1,0,0,0,0,0,0,2026-09-02T00:09:26.420070+00:00
Eredivisie 2026/2027,FC Utrecht - AZ Alkmaar,2026-08-15T16:45:00+00:00,finished,2,1-4,AZ Alkmaar,Bendegúz Kovács,F,0,,0,0,0,,,0,0,0,0,0,0,0,0,0,0,0,0,0,0,0,0,0,0,0,0,0,0,0,0,0,0,0,0,0,0,2026-09-02T00:09:26.420143+00:00
Eredivisie 2026/2027,FC Utrecht - AZ Alkmaar,2026-08-15T16:45:00+00:00,finished,2,1-4,AZ Alkmaar,Billy van Duijl,D,0,,0,0,0,,,0,0,0,0,0,0,0,0,0,0,0,0,0,0,0,0,0,0,0,0,0,0,0,0,0,0,0,0,0,0,2026-09-02T00:09:26.420091+00:00
Eredivisie 2026/2027,FC Utrecht - AZ Alkmaar,2026-08-15T16:45:00+00:00,finished,2,1-4,AZ Alkmaar,Calvin Stengs,M,28,6.6,20,0,0,0.0484,0.0229033,1,0,0,11,8,0,0,1,0,2,2,4,4,1,0,1,0,0,0,0,1,3,7,0,1,0,0,0,0,0,2026-09-02T00:09:26.420059+00:00
Eredivisie 2026/2027,FC Utrecht - AZ Alkmaar,2026-08-15T16:45:00+00:00,finished,2,1-4,FC Utrecht,Dani De Wit,M,55,6.3,26,0,0,,0.00945381,0,0,1,20,13,3,1,0,0,0,0,4,6,2,3,2,1,1,0,3,0,0,7,0,1,0,0,0,3,0,2026-09-02T00:09:26.419792+00:00
Eredivisie 2026/2027,FC Utrecht - AZ Alkmaar,2026-08-15T16:45:00+00:00,finished,2,1-4,AZ Alkmaar,Dave Kwakman,M,94,7.1,65,0,0,0.1068,0.0276517,4,2,2,43,40,2,2,0,0,0,0,7,2,0,1,4,3,2,1,6,0,1,7,3,0,0,0,0,1,0,2026-09-02T00:09:26.420004+00:00
Eredivisie 2026/2027,FC Utrecht - AZ Alkmaar,2026-08-15T16:45:00+00:00,finished,2,1-4,FC Utrecht,Davy van den Berg,M,32,6.6,16,0,0,,0.120396,0,0,1,12,11,2,2,1,1,0,0,1,1,0,0,0,0,0,1,0,0,0,1,1,0,0,0,0,1,0,2026-09-02T00:09:26.419904+00:00
Eredivisie 2026/2027,FC Utrecht - AZ Alkmaar,2026-08-15T16:45:00+00:00,finished,2,1-4,AZ Alkmaar,Elijah Dijkstra,D,94,6.6,59,0,0,,0.0165971,0,0,0,30,28,2,1,0,0,1,0,5,3,0,0,3,1,1,0,3,0,2,10,2,0,0,0,0,1,0,2026-09-02T00:09:26.420024+00:00
Eredivisie 2026/2027,FC Utrecht - AZ Alkmaar,2026-08-15T16:45:00+00:00,finished,2,1-4,FC Utrecht,Guus Offerhaus,D,94,6.0,51,0,0,0.2023,0.0110564,2,0,0,42,37,3,3,0,0,1,0,2,7,1,1,1,1,0,1,7,1,1,8,0,2,1,0,0,4,0,2026-09-02T00:09:26.419652+00:00
Eredivisie 2026/2027,FC Utrecht - AZ Alkmaar,2026-08-15T16:45:00+00:00,finished,2,1-4,AZ Alkmaar,Hessel de Wit,M,0,,0,0,0,,,0,0,0,0,0,0,0,0,0,0,0,0,0,0,0,0,0,0,0,0,0,0,0,0,0,0,0,0,0,0,2026-09-02T00:09:26.420096+00:00
Eredivisie 2026/2027,FC Utrecht - AZ Alkmaar,2026-08-15T16:45:00+00:00,finished,2,1-4,AZ Alkmaar,Hobie Verhulst,G,0,,0,0,0,,,0,0,0,0,0,0,0,0,0,0,0,0,0,0,0,0,0,0,0,0,0,0,0,0,0,0,0,0,0,0,2026-09-02T00:09:26.420176+00:00
Eredivisie 2026/2027,FC Utrecht - AZ Alkmaar,2026-08-15T16:45:00+00:00,finished,2,1-4,AZ Alkmaar,Jari De Busser,G,94,7.3,36,0,0,,0.00352303,0,0,0,31,22,16,7,0,0,0,0,0,0,0,0,0,0,0,0,6,0,0,9,0,0,0,0,1,1,0,2026-09-02T00:09:26.420011+00:00
Eredivisie 2026/2027,FC Utrecht - AZ Alkmaar,2026-08-15T16:45:00+00:00,finished,2,1-4,FC Utrecht,Joris van Overeem,M,0,,0,0,0,,,0,0,0,0,0,0,0,0,0,0,0,0,0,0,0,0,0,0,0,0,0,0,0,0,0,0,0,0,0,0,2026-09-02T00:09:26.419947+00:00
Eredivisie 2026/2027,FC Utrecht - AZ Alkmaar,2026-08-15T16:45:00+00:00,finished,2,1-4,AZ Alkmaar,Kees Smit,M,80,6.8,43,0,1,0.3142,0.0562004,4,1,2,32,28,3,1,0,0,1,1,2,3,1,0,0,0,0,0,2,3,3,9,0,1,0,0,0,1,0,2026-09-02T00:09:26.420047+00:00
Eredivisie 2026/2027,FC Utrecht - AZ Alkmaar,2026-08-15T16:45:00+00:00,finished,2,1-4,FC Utrecht,Kevin Gadellaa,G,0,,0,0,0,,,0,0,0,0,0,0,0,0,0,0,0,0,0,0,0,0,0,0,0,0,0,0,0,0,0,0,0,0,0,0,2026-09-02T00:09:26.419932+00:00
Eredivisie 2026/2027,FC Utrecht - AZ Alkmaar,2026-08-15T16:45:00+00:00,finished,2,1-4,FC Utrecht,Kevin Paredes,M,39,7.2,34,0,0,,0.0528314,0,0,1,17,15,0,0,1,0,3,2,9,4,0,0,2,2,0,0,1,0,0,5,5,1,0,0,0,1,0,2026-09-02T00:09:26.419896+00:00
Eredivisie 2026/2027,FC Utrecht - AZ Alkmaar,2026-08-15T16:45:00+00:00,finished,2,1-4,AZ Alkmaar,Lewis Schouten,D,94,6.3,60,0,0,0.0462,0.0103416,1,0,0,50,38,6,1,0,0,1,1,3,4,2,0,0,0,6,0,3,0,1,13,0,2,0,0,0,1,0,2026-09-02T00:09:26.419989+00:00
Eredivisie 2026/2027,FC Utrecht - AZ Alkmaar,2026-08-15T16:45:00+00:00,finished,2,1-4,AZ Alkmaar,Mateo Chávez,D,94,7.6,60,0,2,0.0925,0.661552,2,1,3,34,29,5,3,1,0,2,2,5,5,0,0,1,1,4,0,4,1,0,9,2,3,1,0,0,1,0,2026-09-02T00:09:26.419996+00:00
Eredivisie 2026/2027,FC Utrecht - AZ Alkmaar,2026-08-15T16:45:00+00:00,finished,2,1-4,FC Utrecht,Matisse Didden,D,49,5.9,29,0,0,0.0398,0.00212818,1,0,0,21,17,3,2,0,0,0,0,4,6,3,4,1,1,3,0,1,0,0,4,0,1,0,0,0,3,0,2026-09-02T00:09:26.419864+00:00
Eredivisie 2026/2027,FC Utrecht - AZ Alkmaar,2026-08-15T16:45:00+00:00,finished,2,1-4,AZ Alkmaar,Mees De Wit,D,0,,0,0,0,,,0,0,0,0,0,0,0,0,0,0,0,0,0,0,0,0,0,0,0,0,0,0,0,0,0,0,0,0,0,0,2026-09-02T00:09:26.420085+00:00
Eredivisie 2026/2027,FC Utrecht - AZ Alkmaar,2026-08-15T16:45:00+00:00,finished,2,1-4,AZ Alkmaar,Mexx Meerdink,F,94,7.2,39,1,0,0.9232,0.0278434,2,1,1,27,21,1,1,0,0,1,1,8,8,5,6,0,0,0,0,1,0,2,9,2,0,0,0,0,1,0,2026-09-02T00:09:26.420017+00:00
Eredivisie 2026/2027,FC Utrecht - AZ Alkmaar,2026-08-15T16:45:00+00:00,finished,2,1-4,FC Utrecht,Mike Eerdhuijzen,D,45,6.4,26,0,0,,0.00285661,0,0,0,23,20,6,3,0,0,0,0,1,1,0,0,1,1,1,1,3,0,0,3,0,1,0,0,0,1,0,2026-09-02T00:09:26.419878+00:00
Eredivisie 2026/2027,FC Utrecht - AZ Alkmaar,2026-08-15T16:45:00+00:00,finished,2,1-4,FC Utrecht,Neville Nwankwo,D,14,6.5,9,0,0,,0.00183175,0,0,0,9,9,1,1,0,0,0,0,2,0,2,0,0,0,0,0,0,0,0,0,0,0,0,0,0,1,0,2026-09-02T00:09:26.419917+00:00
Eredivisie 2026/2027,FC Utrecht - AZ Alkmaar,2026-08-15T16:45:00+00:00,finished,2,1-4,FC Utrecht,Niklas Vesterlund,D,94,6.0,41,0,0,,0.00996686,0,0,0,25,20,5,1,0,0,0,0,3,4,0,1,3,1,2,0,2,0,0,6,0,3,0,0,0,4,0,2026-09-02T00:09:26.419717+00:00
Eredivisie 2026/2027,FC Utrecht - AZ Alkmaar,2026-08-15T16:45:00+00:00,finished,2,1-4,AZ Alkmaar,Peer Koopmeiners,M,85,8.4,76,1,0,0.0295,0.110138,2,1,2,43,38,2,2,7,3,0,0,10,8,1,3,5,3,4,0,5,0,2,13,4,3,0,0,0,1,0,2026-09-02T00:09:26.420035+00:00
Eredivisie 2026/2027,FC Utrecht - AZ Alkmaar,2026-08-15T16:45:00+00:00,finished,2,1-4,AZ Alkmaar,Rion Ichihara,D,14,6.8,3,0,0,,,0,0,0,1,0,0,0,0,0,0,0,3,1,3,1,0,0,2,0,0,0,0,1,0,0,0,0,0,0,0,2026-09-02T00:09:26.420064+00:00
Eredivisie 2026/2027,FC Utrecht - AZ Alkmaar,2026-08-15T16:45:00+00:00,finished,2,1-4,AZ Alkmaar,Ro-Zangelo Daal,M,81,7.2,52,0,0,0.0571,0.164968,1,0,5,29,27,1,1,2,0,8,4,8,5,0,1,0,0,0,1,3,1,0,11,4,0,0,0,0,1,0,2026-09-02T00:09:26.420041+00:00
Eredivisie 2026/2027,FC Utrecht - AZ Alkmaar,2026-08-15T16:45:00+00:00,finished,2,1-4,AZ Alkmaar,Rome Jayden Owusu-Oduro,G,0,,0,0,0,,,0,0,0,0,0,0,0,0,0,0,0,0,0,0,0,0,0,0,0,0,0,0,0,0,0,0,0,0,0,0,2026-09-02T00:09:26.420156+00:00
Eredivisie 2026/2027,FC Utrecht - AZ Alkmaar,2026-08-15T16:45:00+00:00,finished,2,1-4,AZ Alkmaar,Seiya Maikuma,D,9,6.6,2,0,0,,0.00071572,0,0,0,2,2,0,0,0,0,0,0,0,1,0,0,0,0,0,0,0,0,0,0,0,1,0,0,0,0,0,2026-09-02T00:09:26.420075+00:00
Eredivisie 2026/2027,FC Utrecht - AZ Alkmaar,2026-08-15T16:45:00+00:00,finished,2,1-4,AZ Alkmaar,Sem van Duijn,F,0,,0,0,0,,,0,0,0,0,0,0,0,0,0,0,0,0,0,0,0,0,0,0,0,0,0,0,0,0,0,0,0,0,0,0,2026-09-02T00:09:26.420129+00:00
Eredivisie 2026/2027,FC Utrecht - AZ Alkmaar,2026-08-15T16:45:00+00:00,finished,2,1-4,FC Utrecht,Siebe Horemans,D,94,6.8,85,0,0,,0.0390201,0,0,0,66,56,12,8,0,0,0,0,10,8,4,5,6,6,4,2,1,0,0,12,0,1,0,0,0,4,0,2026-09-02T00:09:26.419570+00:00
Eredivisie 2026/2027,FC Utrecht - AZ Alkmaar,2026-08-15T16:45:00+00:00,finished,2,1-4,FC Utrecht,Vasilis Barkas,G,94,4.7,48,0,0,,0.00056606,0,0,0,39,26,18,5,0,0,0,0,0,0,0,0,0,0,1,0,6,0,0,13,0,0,0,0,5,4,0,2026-09-02T00:09:26.419687+00:00
Eredivisie 2026/2027,FC Utrecht - AZ Alkmaar,2026-08-15T16:45:00+00:00,finished,2,1-4,AZ Alkmaar,Weslley Patati,F,66,7.7,53,1,0,0.2601,0.0476054,5,2,2,21,17,2,2,5,1,4,3,9,7,1,0,2,1,0,2,3,0,2,17,3,3,1,0,0,1,0,2026-09-02T00:09:26.420053+00:00
Eredivisie 2026/2027,FC Utrecht - AZ Alkmaar,2026-08-15T16:45:00+00:00,finished,2,1-4,AZ Alkmaar,Wouter Goes,D,94,7.0,62,0,0,0.0197,0.0133664,1,0,0,51,46,3,1,0,0,1,1,6,2,1,2,2,1,3,0,6,0,0,5,2,0,0,0,0,1,0,2026-09-02T00:09:26.420029+00:00
Eredivisie 2026/2027,FC Utrecht - AZ Alkmaar,2026-08-15T16:45:00+00:00,finished,2,1-4,FC Utrecht,Yoann Cathline,M,62,6.6,32,0,1,0.1466,0.211061,1,0,1,13,10,0,0,5,1,2,0,3,6,1,0,1,1,0,0,0,0,3,13,1,0,0,0,0,3,0,2026-09-02T00:09:26.419754+00:00
Eredivisie 2026/2027,FC Utrecht - AZ Alkmaar,2026-08-15T16:45:00+00:00,finished,2,1-4,FC Utrecht,Zidane Iqbal,M,0,,0,0,0,,,0,0,0,0,0,0,0,0,0,0,0,0,0,0,0,0,0,0,0,0,0,0,0,0,0,0,0,0,0,0,2026-09-02T00:09:26.419924+00:00
Eredivisie 2026/2027,FC Utrecht - AZ Alkmaar,2026-08-15T16:45:00+00:00,finished,2,1-4,FC Utrecht,Ángel Alarcón,M,94,7.1,45,0,0,0.1341,0.339871,2,1,1,19,16,0,0,4,0,5,3,6,7,1,0,0,0,0,0,4,0,1,18,2,2,0,0,0,4,0,2026-09-02T00:09:26.419672+00:00
Eredivisie 2026/2027,Excelsior - PSV Eindhoven,2026-08-15T18:00:00+00:00,finished,2,1-2,PSV Eindhoven,,,90,8.0,104,0,0,,0.528878,0,0,3,89,78,8,5,9,4,0,0,1,0,0,0,1,1,2,0,3,0,0,17,0,0,0,0,0,1,0,2026-09-02T00:09:26.596985+00:00
Eredivisie 2026/2027,Excelsior - PSV Eindhoven,2026-08-15T18:00:00+00:00,finished,2,1-2,PSV Eindhoven,,,27,7.4,30,0,0,0.1546,0.0943333,2,0,4,16,13,0,0,1,0,4,3,7,2,1,0,3,1,0,0,4,2,1,8,0,0,0,0,0,0,0,2026-09-02T00:09:26.597245+00:00
Eredivisie 2026/2027,Excelsior - PSV Eindhoven,2026-08-15T18:00:00+00:00,finished,2,1-2,PSV Eindhoven,,,0,,0,0,0,,,0,0,0,0,0,0,0,0,0,0,0,0,0,0,0,0,0,0,0,0,0,0,0,0,0,0,0,0,0,0,2026-09-02T00:09:26.597310+00:00
Eredivisie 2026/2027,Excelsior - PSV Eindhoven,2026-08-15T18:00:00+00:00,finished,2,1-2,Excelsior,Alireza Jahanbakhsh,F,16,6.5,9,0,0,,5.269e-05,0,0,0,6,4,1,0,1,0,1,1,1,1,0,0,0,0,0,0,1,0,0,3,0,1,0,0,0,0,0,2026-09-02T00:09:26.597464+00:00
Eredivisie 2026/2027,Excelsior - PSV Eindhoven,2026-08-15T18:00:00+00:00,finished,2,1-2,PSV Eindhoven,Armando Obispo,D,90,6.6,91,0,0,,0.00804908,0,0,0,80,74,4,1,0,0,0,0,5,4,2,3,2,2,4,0,2,0,0,7,1,1,0,0,0,1,0,2026-09-02T00:09:26.597127+00:00
Eredivisie 2026/2027,Excelsior - PSV Eindhoven,2026-08-15T18:00:00+00:00,finished,2,1-2,Excelsior,Aymen Sliti,F,45,6.7,19,0,0,0.0945,0.231493,1,0,0,17,12,2,1,0,0,0,0,0,1,0,0,0,0,0,0,2,0,0,5,0,0,0,0,0,1,0,2026-09-02T00:09:26.597448+00:00
Eredivisie 2026/2027,Excelsior - PSV Eindhoven,2026-08-15T18:00:00+00:00,finished,2,1-2,Excelsior,Casper Widell,D,90,7.8,72,1,0,0.0314,0.0146844,1,1,0,59,49,10,3,0,0,0,0,3,3,2,0,1,1,0,2,10,0,1,11,0,0,0,0,0,2,0,2026-09-02T00:09:26.597338+00:00
Eredivisie 2026/2027,Excelsior - PSV Eindhoven,2026-08-15T18:00:00+00:00,finished,2,1-2,Excelsior,Celton Biai,G,0,,0,0,0,,,0,0,0,0,0,0,0,0,0,0,0,0,0,0,0,0,0,0,0,0,0,0,0,0,0,0,0,0,0,0,2026-09-02T00:09:26.597489+00:00
Eredivisie 2026/2027,Excelsior - PSV Eindhoven,2026-08-15T18:00:00+00:00,finished,2,1-2,Excelsior,Daniel van Vianen,M,80,6.4,34,0,0,,0.0174724,0,0,0,24,21,0,0,0,0,1,0,2,3,2,0,0,0,2,1,6,0,1,6,0,0,0,0,0,2,0,2026-09-02T00:09:26.597379+00:00
Eredivisie 2026/2027,Excelsior - PSV Eindhoven,2026-08-15T18:00:00+00:00,finished,2,1-2,Excelsior,David Garden,F,68,6.7,16,0,0,,0.0380826,0,0,0,11,9,1,1,0,0,0,0,2,2,2,1,0,0,2,0,2,0,1,4,0,0,0,0,0,2,0,2026-09-02T00:09:26.597403+00:00
Eredivisie 2026/2027,Excelsior - PSV Eindhoven,2026-08-15T18:00:00+00:00,finished,2,1-2,PSV Eindhoven,Dennis Man,M,18,6.4,17,0,0,0.2822,0.00419799,3,1,0,12,8,0,0,0,0,1,0,1,1,1,0,0,0,0,0,0,0,0,5,0,0,0,0,0,0,0,2026-09-02T00:09:26.597262+00:00
Eredivisie 2026/2027,Excelsior - PSV Eindhoven,2026-08-15T18:00:00+00:00,finished,2,1-2,PSV Eindhoven,Esmir Bajraktarević,F,0,,0,0,0,,,0,0,0,0,0,0,0,0,0,0,0,0,0,0,0,0,0,0,0,0,0,0,0,0,0,0,0,0,0,0,2026-09-02T00:09:26.597294+00:00
Eredivisie 2026/2027,Excelsior - PSV Eindhoven,2026-08-15T18:00:00+00:00,finished,2,1-2,PSV Eindhoven,Fabian Merién,D,0,,0,0,0,,,0,0,0,0,0,0,0,0,0,0,0,0,0,0,0,0,0,0,0,0,0,0,0,0,0,0,0,0,0,0,2026-09-02T00:09:26.597287+00:00
Eredivisie 2026/2027,Excelsior - PSV Eindhoven,2026-08-15T18:00:00+00:00,finished,2,1-2,Excelsior,Giuliano Cairo,D,0,,0,0,0,,,0,0,0,0,0,0,0,0,0,0,0,0,0,0,0,0,0,0,0,0,0,0,0,0,0,0,0,0,0,0,2026-09-02T00:09:26.597506+00:00
Eredivisie 2026/2027,Excelsior - PSV Eindhoven,2026-08-15T18:00:00+00:00,finished,2,1-2,PSV Eindhoven,Guus Til,M,90,6.7,43,0,0,,0.0930093,0,0,0,31,29,0,0,2,0,0,0,3,1,1,0,1,1,0,2,3,0,1,8,1,0,0,0,0,1,0,2026-09-02T00:09:26.597180+00:00
Eredivisie 2026/2027,Excelsior - PSV Eindhoven,2026-08-15T18:00:00+00:00,finished,2,1-2,Excelsior,Ilano Silva Timas,M,45,6.4,18,0,0,,0.0287918,0,0,0,7,6,0,0,0,0,3,0,2,6,0,0,2,2,1,0,1,0,1,6,0,2,0,0,0,1,0,2026-09-02T00:09:26.597439+00:00
Eredivisie 2026/2027,Excelsior - PSV Eindhoven,2026-08-15T18:00:00+00:00,finished,2,1-2,Excelsior,Irakli Yegoian,M,90,7.6,69,0,1,0.0561,0.101394,2,1,1,46,34,6,3,3,1,1,0,8,6,2,0,4,2,2,0,7,1,3,22,2,1,0,0,0,2,0,2026-09-02T00:09:26.597362+00:00
Eredivisie 2026/2027,Excelsior - PSV Eindhoven,2026-08-15T18:00:00+00:00,finished,2,1-2,PSV Eindhoven,Ivan Perišić,M,72,6.8,44,0,0,0.1037,0.0415723,2,2,1,28,22,3,3,2,0,0,0,4,2,1,0,3,2,0,1,4,0,1,12,0,1,0,0,0,1,0,2026-09-02T00:09:26.597206+00:00
Eredivisie 2026/2027,Excelsior - PSV Eindhoven,2026-08-15T18:00:00+00:00,finished,2,1-2,Excelsior,Jan Plug,D,90,6.2,84,0,0,,0.0169218,0,0,1,70,60,11,5,0,0,0,0,1,3,0,2,1,1,6,2,3,0,0,11,0,1,1,0,0,2,0,2026-09-02T00:09:26.597370+00:00
Eredivisie 2026/2027,Excelsior - PSV Eindhoven,2026-08-15T18:00:00+00:00,finished,2,1-2,PSV Eindhoven,Kiliann Sildillia,D,1,,5,0,0,,0.00042781,0,0,1,2,2,0,0,0,0,0,0,0,0,0,0,0,0,0,0,0,0,0,1,0,0,0,0,0,0,0,2026-09-02T00:09:26.597278+00:00
Eredivisie 2026/2027,Excelsior - PSV Eindhoven,2026-08-15T18:00:00+00:00,finished,2,1-2,PSV Eindhoven,Kodai Sano,M,27,6.6,30,0,0,0.2172,0.00752367,2,1,1,21,18,1,1,0,0,2,0,0,2,0,0,0,0,0,0,1,1,0,6,0,0,0,0,0,0,0,2026-09-02T00:09:26.597254+00:00
Eredivisie 2026/2027,Excelsior - PSV Eindhoven,2026-08-15T18:00:00+00:00,finished,2,1-2,Excelsior,Lennard Hartjes,M,74,7.0,49,0,0,,0.0131682,0,0,0,41,37,0,0,0,0,0,0,4,0,1,0,3,3,1,1,4,0,0,6,0,0,0,0,0,2,0,2026-09-02T00:09:26.597394+00:00
Eredivisie 2026/2027,Excelsior - PSV Eindhoven,2026-08-15T18:00:00+00:00,finished,2,1-2,Excelsior,Mario Domínguez,F,10,6.5,4,0,0,,,0,0,0,1,0,0,0,0,0,0,0,0,1,0,1,0,0,1,0,0,0,0,1,0,0,0,0,0,0,0,2026-09-02T00:09:26.597472+00:00
Eredivisie 2026/2027,Excelsior - PSV Eindhoven,2026-08-15T18:00:00+00:00,finished,2,1-2,PSV Eindhoven,Matěj Kovář,G,90,7.0,57,0,0,,0.00308869,0,0,0,51,41,13,3,0,0,0,0,0,0,0,0,0,0,1,0,11,0,0,11,0,0,0,0,1,1,0,2026-09-02T00:09:26.597162+00:00
Eredivisie 2026/2027,Excelsior - PSV Eindhoven,2026-08-15T18:00:00+00:00,finished,2,1-2,PSV Eindhoven,Mauro Júnior,D,90,6.2,84,0,0,0.0421,0.0343605,1,0,1,56,50,3,1,0,0,3,1,2,4,0,1,1,1,1,1,17,0,1,15,0,0,0,0,0,1,0,2026-09-02T00:09:26.597171+00:00
Eredivisie 2026/2027,Excelsior - PSV Eindhoven,2026-08-15T18:00:00+00:00,finished,2,1-2,Excelsior,Nesto Groen,F,22,6.1,2,0,0,0.1385,0.00037671,1,0,0,1,1,0,0,0,0,0,0,0,2,0,0,0,0,0,0,0,0,0,0,0,1,0,0,0,0,0,2026-09-02T00:09:26.597456+00:00
Eredivisie 2026/2027,Excelsior - PSV Eindhoven,2026-08-15T18:00:00+00:00,finished,2,1-2,PSV Eindhoven,Nick Olij,G,0,,0,0,0,,,0,0,0,0,0,0,0,0,0,0,0,0,0,0,0,0,0,0,0,0,0,0,0,0,0,0,0,0,0,0,2026-09-02T00:09:26.597329+00:00
Eredivisie 2026/2027,Excelsior - PSV Eindhoven,2026-08-15T18:00:00+00:00,finished,2,1-2,Excelsior,Nolan Martens,D,45,5.7,26,0,0,,0.00772585,0,0,0,13,9,1,0,1,0,2,0,1,7,0,2,1,1,1,1,1,0,2,9,0,0,0,0,0,1,0,2026-09-02T00:09:26.597410+00:00
Eredivisie 2026/2027,Excelsior - PSV Eindhoven,2026-08-15T18:00:00+00:00,finished,2,1-2,Excelsior,Osman Turay,D,45,6.1,14,0,0,,0.00141191,0,0,0,6,6,0,0,0,0,2,0,2,4,0,1,2,0,1,0,2,0,0,4,0,1,0,0,0,1,0,2026-09-02T00:09:26.597423+00:00
Eredivisie 2026/2027,Excelsior - PSV Eindhoven,2026-08-15T18:00:00+00:00,finished,2,1-2,PSV Eindhoven,Paul Wanner,M,63,6.6,45,0,0,,0.0843767,0,0,1,31,27,1,1,4,2,2,0,3,4,1,1,1,0,2,0,1,0,1,11,1,0,0,0,0,1,0,2026-09-02T00:09:26.597236+00:00
Eredivisie 2026/2027,Excelsior - PSV Eindhoven,2026-08-15T18:00:00+00:00,finished,2,1-2,PSV Eindhoven,Ricardo Pepi,F,84,7.0,30,1,0,0.9086,0.0154389,5,2,0,17,12,0,0,0,0,1,1,2,2,0,0,1,1,0,1,4,1,1,8,0,0,0,0,0,1,0,2026-09-02T00:09:26.597198+00:00
Eredivisie 2026/2027,Excelsior - PSV Eindhoven,2026-08-15T18:00:00+00:00,finished,2,1-2,Excelsior,Rick Meissen,D,90,6.6,69,0,0,,0.010665,0,0,0,43,35,4,2,2,0,0,0,5,4,4,3,1,1,8,1,3,0,0,14,0,0,0,0,0,2,0,2026-09-02T00:09:26.597347+00:00
Eredivisie 2026/2027,Excelsior - PSV Eindhoven,2026-08-15T18:00:00+00:00,finished,2,1-2,PSV Eindhoven,Ruben van Bommel,F,63,7.5,35,1,0,0.182,0.00844241,1,1,1,27,21,2,2,0,0,0,0,3,4,2,4,1,1,0,1,3,0,0,9,0,0,0,0,0,1,0,2026-09-02T00:09:26.597220+00:00
Eredivisie 2026/2027,Excelsior - PSV Eindhoven,2026-08-15T18:00:00+00:00,finished,2,1-2,PSV Eindhoven,Ryan Flamingo,D,90,6.8,99,0,0,0.0851,0.00761057,1,0,0,82,76,6,3,2,0,0,0,3,4,2,4,1,1,7,1,2,0,0,8,0,0,0,0,0,1,0,2026-09-02T00:09:26.597150+00:00
Eredivisie 2026/2027,Excelsior - PSV Eindhoven,2026-08-15T18:00:00+00:00,finished,2,1-2,PSV Eindhoven,Sergiño Dest,D,89,7.7,88,0,1,0.205,0.275732,2,1,1,58,54,1,1,3,1,5,3,12,5,0,2,3,2,0,0,7,0,0,11,6,1,0,0,0,1,0,2026-09-02T00:09:26.597190+00:00
Eredivisie 2026/2027,Excelsior - PSV Eindhoven,2026-08-15T18:00:00+00:00,finished,2,1-2,Excelsior,Simon Janssen,D,80,6.5,41,0,0,,0.138794,0,0,1,25,19,5,3,5,1,0,0,4,3,2,2,1,1,2,0,4,0,0,12,1,1,0,0,0,2,0,2026-09-02T00:09:26.597387+00:00
Eredivisie 2026/2027,Excelsior - PSV Eindhoven,2026-08-15T18:00:00+00:00,finished,2,1-2,Excelsior,Stan Henderikx,D,0,,0,0,0,,,0,0,0,0,0,0,0,0,0,0,0,0,0,0,0,0,0,0,0,0,0,0,0,0,0,0,0,0,0,0,2026-09-02T00:09:26.597514+00:00
Eredivisie 2026/2027,Excelsior - PSV Eindhoven,2026-08-15T18:00:00+00:00,finished,2,1-2,Excelsior,Stijn van Gassel,G,90,7.2,64,0,0,,0.00656466,0,0,0,51,35,26,10,0,0,0,0,0,0,0,0,0,0,3,0,9,0,0,16,0,0,0,0,6,2,2,2026-09-02T00:09:26.597355+00:00
Eredivisie 2026/2027,Excelsior - PSV Eindhoven,2026-08-15T18:00:00+00:00,finished,2,1-2,PSV Eindhoven,Sven Mijnans,M,12,6.6,9,0,0,0.0256,0.0130338,1,0,1,6,4,0,0,1,0,0,0,1,1,1,1,0,0,0,0,0,1,0,4,0,0,0,0,0,0,0,2026-09-02T00:09:26.597270+00:00
Eredivisie 2026/2027,Excelsior - PSV Eindhoven,2026-08-15T18:00:00+00:00,finished,2,1-2,Excelsior,Valentin Sulzbacher,M,0,,0,0,0,,,0,0,0,0,0,0,0,0,0,0,0,0,0,0,0,0,0,0,0,0,0,0,0,0,0,0,0,0,0,0,2026-09-02T00:09:26.597497+00:00
Eredivisie 2026/2027,Excelsior - PSV Eindhoven,2026-08-15T18:00:00+00:00,finished,2,1-2,Excelsior,Yaqub Finey,F,10,6.6,8,0,0,,0.00152542,0,0,0,6,2,1,0,0,0,0,0,0,1,0,0,0,0,2,0,0,0,0,4,0,1,0,0,0,0,0,2026-09-02T00:09:26.597480+00:00
Eredivisie 2026/2027,Excelsior - PSV Eindhoven,2026-08-15T18:00:00+00:00,finished,2,1-2,PSV Eindhoven,Yarek Gasiorowski,D,0,,0,0,0,,,0,0,0,0,0,0,0,0,0,0,0,0,0,0,0,0,0,0,0,0,0,0,0,0,0,0,0,0,0,0,2026-09-02T00:09:26.597302+00:00
Eredivisie 2026/2027,Fortuna Sittard - SC Cambuur,2026-08-15T19:00:00+00:00,finished,2,3-1,Fortuna Sittard,,,0,,0,0,0,,,0,0,0,0,0,0,0,0,0,0,0,0,0,0,0,0,0,0,0,0,0,0,0,0,0,0,0,0,0,0,2026-09-02T00:09:26.688353+00:00
Eredivisie 2026/2027,Fortuna Sittard - SC Cambuur,2026-08-15T19:00:00+00:00,finished,2,3-1,Fortuna Sittard,Anthony Descotte,F,18,6.5,9,0,0,0.133,0.00053187,1,1,0,4,3,0,0,0,0,0,0,1,2,1,1,0,0,1,0,1,0,0,3,0,1,0,0,0,0,0,2026-09-02T00:09:26.688273+00:00
Eredivisie 2026/2027,Fortuna Sittard - SC Cambuur,2026-08-15T19:00:00+00:00,finished,2,3-1,SC Cambuur,Buddy Vogelzang,D,0,,0,0,0,,,0,0,0,0,0,0,0,0,0,0,0,0,0,0,0,0,0,0,0,0,0,0,0,0,0,0,0,0,0,0,2026-09-02T00:09:26.688565+00:00
Eredivisie 2026/2027,Fortuna Sittard - SC Cambuur,2026-08-15T19:00:00+00:00,finished,2,3-1,SC Cambuur,Ethan Apkakou,M,0,,0,0,0,,,0,0,0,0,0,0,0,0,0,0,0,0,0,0,0,0,0,0,0,0,0,0,0,0,0,0,0,0,0,0,2026-09-02T00:09:26.688586+00:00
Eredivisie 2026/2027,Fortuna Sittard - SC Cambuur,2026-08-15T19:00:00+00:00,finished,2,3-1,SC Cambuur,Fabian Kvam,M,14,6.5,19,0,0,,0.0247807,0,0,0,10,10,0,0,4,0,2,0,1,3,0,0,1,1,0,1,3,0,1,7,0,0,0,0,0,1,0,2026-09-02T00:09:26.688505+00:00
Eredivisie 2026/2027,Fortuna Sittard - SC Cambuur,2026-08-15T19:00:00+00:00,finished,2,3-1,Fortuna Sittard,Ganni Buyukhan,M,0,,0,0,0,,,0,0,0,0,0,0,0,0,0,0,0,0,0,0,0,0,0,0,0,0,0,0,0,0,0,0,0,0,0,0,2026-09-02T00:09:26.688371+00:00
Eredivisie 2026/2027,Fortuna Sittard - SC Cambuur,2026-08-15T19:00:00+00:00,finished,2,3-1,SC Cambuur,Ilyes Hamache,M,88,7.0,53,0,0,0.1271,0.137398,2,1,1,33,25,0,0,3,1,3,1,5,5,0,2,3,2,0,0,4,1,1,15,1,0,0,0,0,2,0,2026-09-02T00:09:26.688444+00:00
Eredivisie 2026/2027,Fortuna Sittard - SC Cambuur,2026-08-15T19:00:00+00:00,finished,2,3-1,SC Cambuur,Ismaël Baouf,D,90,7.7,97,0,0,0.4017,0.0404143,1,1,0,84,75,5,2,0,0,0,0,4,4,2,2,2,1,2,2,2,0,0,10,0,0,0,0,0,3,0,2026-09-02T00:09:26.688399+00:00
Eredivisie 2026/2027,Fortuna Sittard - SC Cambuur,2026-08-15T19:00:00+00:00,finished,2,3-1,Fortuna Sittard,Ivo Pinto,D,90,7.1,37,0,1,0.0193,0.138112,1,0,2,26,19,8,2,0,0,0,0,3,4,1,2,2,2,4,0,5,1,0,7,0,1,0,0,0,1,0,2026-09-02T00:09:26.688164+00:00
Eredivisie 2026/2027,Fortuna Sittard - SC Cambuur,2026-08-15T19:00:00+00:00,finished,2,3-1,SC Cambuur,Iwan Henstra,F,76,7.0,53,0,0,0.0632,0.295875,2,0,2,32,29,1,1,6,2,3,1,4,4,0,2,2,0,0,0,4,1,0,12,1,0,0,0,0,2,0,2026-09-02T00:09:26.688473+00:00
Eredivisie 2026/2027,Fortuna Sittard - SC Cambuur,2026-08-15T19:00:00+00:00,finished,2,3-1,SC Cambuur,Jamal Amofa,D,82,7.0,80,0,0,,0.0716984,0,0,1,66,62,2,1,0,0,2,1,5,4,2,2,2,1,4,1,5,0,0,7,1,1,0,0,0,2,0,2026-09-02T00:09:26.688455+00:00
Eredivisie 2026/2027,Fortuna Sittard - SC Cambuur,2026-08-15T19:00:00+00:00,finished,2,3-1,Fortuna Sittard,Jasper Dahlhaus,D,72,7.0,38,0,1,,0.0887687,0,0,2,26,21,3,3,3,1,1,0,0,5,0,0,0,0,3,1,2,0,0,9,0,2,0,0,0,1,0,2026-09-02T00:09:26.688249+00:00
Eredivisie 2026/2027,Fortuna Sittard - SC Cambuur,2026-08-15T19:00:00+00:00,finished,2,3-1,SC Cambuur,Jasper Meijster,G,0,,0,0,0,,,0,0,0,0,0,0,0,0,0,0,0,0,0,0,0,0,0,0,0,0,0,0,0,0,0,0,0,0,0,0,2026-09-02T00:09:26.688579+00:00
Eredivisie 2026/2027,Fortuna Sittard - SC Cambuur,2026-08-15T19:00:00+00:00,finished,2,3-1,SC Cambuur,Jorn Berkhout,D,0,,0,0,0,,,0,0,0,0,0,0,0,0,0,0,0,0,0,0,0,0,0,0,0,0,0,0,0,0,0,0,0,0,0,0,2026-09-02T00:09:26.688559+00:00
Eredivisie 2026/2027,Fortuna Sittard - SC Cambuur,2026-08-15T19:00:00+00:00,finished,2,3-1,Fortuna Sittard,Justin Hubner,D,90,6.5,54,0,0,0.0709,0.0434693,2,0,1,36,29,4,0,0,0,0,0,4,4,3,2,1,0,7,3,1,1,0,10,0,0,0,0,0,1,0,2026-09-02T00:09:26.688183+00:00
Eredivisie 2026/2027,Fortuna Sittard - SC Cambuur,2026-08-15T19:00:00+00:00,finished,2,3-1,Fortuna Sittard,Kaylen Reitmaier,G,0,,0,0,0,,,0,0,0,0,0,0,0,0,0,0,0,0,0,0,0,0,0,0,0,0,0,0,0,0,0,0,0,0,0,0,2026-09-02T00:09:26.688339+00:00
Eredivisie 2026/2027,Fortuna Sittard - SC Cambuur,2026-08-15T19:00:00+00:00,finished,2,3-1,Fortuna Sittard,Lequincio Zeefuik,F,89,8.0,36,1,0,0.5895,0.0640381,4,2,2,14,12,0,0,0,0,4,1,9,11,7,5,0,0,0,0,3,0,3,13,1,1,0,0,0,1,0,2026-09-02T00:09:26.688225+00:00
Eredivisie 2026/2027,Fortuna Sittard - SC Cambuur,2026-08-15T19:00:00+00:00,finished,2,3-1,SC Cambuur,Lucas Jetten,D,90,6.8,86,0,0,0.0222,0.107428,1,0,1,62,58,3,1,3,1,0,0,8,2,2,0,5,4,3,1,3,1,0,12,1,1,1,0,0,3,0,2026-09-02T00:09:26.688413+00:00
Eredivisie 2026/2027,Fortuna Sittard - SC Cambuur,2026-08-15T19:00:00+00:00,finished,2,3-1,Fortuna Sittard,Luuk Koopmans,G,0,,0,0,0,,,0,0,0,0,0,0,0,0,0,0,0,0,0,0,0,0,0,0,0,0,0,0,0,0,0,0,0,0,0,0,2026-09-02T00:09:26.688346+00:00
Eredivisie 2026/2027,Fortuna Sittard - SC Cambuur,2026-08-15T19:00:00+00:00,finished,2,3-1,SC Cambuur,Matthijs Kalisvaart,G,0,,0,0,0,,,0,0,0,0,0,0,0,0,0,0,0,0,0,0,0,0,0,0,0,0,0,0,0,0,0,0,0,0,0,0,2026-09-02T00:09:26.688545+00:00
Eredivisie 2026/2027,Fortuna Sittard - SC Cambuur,2026-08-15T19:00:00+00:00,finished,2,3-1,Fortuna Sittard,Mattijs Branderhorst,G,90,9.0,47,0,0,,0.00619023,0,0,0,35,15,27,7,0,0,0,0,0,1,0,1,0,0,1,0,11,0,0,20,0,0,0,0,6,1,1,2026-09-02T00:09:26.688147+00:00
Eredivisie 2026/2027,Fortuna Sittard - SC Cambuur,2026-08-15T19:00:00+00:00,finished,2,3-1,Fortuna Sittard,Mohamed Ihattaren,M,72,7.2,37,0,1,0.2175,0.274922,2,0,4,17,9,2,1,8,5,3,0,0,5,0,0,0,0,0,1,5,2,1,16,0,0,0,0,0,1,0,2026-09-02T00:09:26.688235+00:00
Eredivisie 2026/2027,Fortuna Sittard - SC Cambuur,2026-08-15T19:00:00+00:00,finished,2,3-1,SC Cambuur,Morgan Costarelli,D,45,6.0,39,0,0,,0.0926374,0,0,1,35,33,0,0,0,0,0,0,1,3,0,1,0,0,1,0,0,0,0,2,1,1,0,0,0,2,0,2026-09-02T00:09:26.688499+00:00
Eredivisie 2026/2027,Fortuna Sittard - SC Cambuur,2026-08-15T19:00:00+00:00,finished,2,3-1,Fortuna Sittard,Moussa Gbemou,M,1,,0,0,0,,,0,0,0,0,0,0,0,0,0,0,0,0,0,0,0,0,0,0,0,0,0,0,0,0,0,0,0,0,0,0,2026-09-02T00:09:26.688330+00:00
Eredivisie 2026/2027,Fortuna Sittard - SC Cambuur,2026-08-15T19:00:00+00:00,finished,2,3-1,Fortuna Sittard,Nick de Groot,D,18,7.0,16,0,0,,0.00383372,0,0,0,4,2,1,0,1,0,0,0,3,0,0,0,2,2,2,0,1,0,0,5,1,0,0,0,0,0,0,2026-09-02T00:09:26.688290+00:00
Eredivisie 2026/2027,Fortuna Sittard - SC Cambuur,2026-08-15T19:00:00+00:00,finished,2,3-1,SC Cambuur,Nicky Souren,M,90,7.5,84,0,1,0.2293,0.328493,2,2,3,68,59,6,6,1,1,0,0,3,2,1,0,0,0,2,3,8,0,0,9,2,2,1,0,0,3,0,2026-09-02T00:09:26.688436+00:00
Eredivisie 2026/2027,Fortuna Sittard - SC Cambuur,2026-08-15T19:00:00+00:00,finished,2,3-1,SC Cambuur,Nicolas Binder,F,14,6.4,4,0,0,0.1695,0.00038177,2,1,0,1,1,0,0,0,0,0,0,1,2,1,0,0,0,0,0,0,0,1,1,0,0,0,0,0,1,0,2026-09-02T00:09:26.688513+00:00
Eredivisie 2026/2027,Fortuna Sittard - SC Cambuur,2026-08-15T19:00:00+00:00,finished,2,3-1,Fortuna Sittard,Ole Romeny,F,72,6.9,31,0,0,0.0887,0.0130489,2,2,0,16,11,1,1,0,0,5,2,6,5,0,1,2,0,0,0,3,0,1,10,2,0,0,0,0,1,0,2026-09-02T00:09:26.688242+00:00
Eredivisie 2026/2027,Fortuna Sittard - SC Cambuur,2026-08-15T19:00:00+00:00,finished,2,3-1,Fortuna Sittard,Philip Brittijn,M,90,7.6,30,1,0,0.0631,0.0120365,2,1,0,21,16,3,0,0,0,0,0,3,3,1,0,2,2,1,0,5,0,1,6,0,1,0,0,0,1,0,2026-09-02T00:09:26.688210+00:00
Eredivisie 2026/2027,Fortuna Sittard - SC Cambuur,2026-08-15T19:00:00+00:00,finished,2,3-1,SC Cambuur,Rafik El Arguioui,M,90,8.2,55,1,0,0.9532,0.345113,3,1,3,33,30,6,4,10,3,2,2,6,3,2,1,1,1,1,0,6,2,1,12,1,0,0,0,0,3,0,2026-09-02T00:09:26.688427+00:00
Eredivisie 2026/2027,Fortuna Sittard - SC Cambuur,2026-08-15T19:00:00+00:00,finished,2,3-1,SC Cambuur,Rik Mulders,D,9,6.2,8,0,0,,0.0054472,0,0,0,7,4,2,1,0,0,0,0,0,0,0,0,0,0,0,1,0,0,0,3,0,0,0,0,0,1,0,2026-09-02T00:09:26.688520+00:00
Eredivisie 2026/2027,Fortuna Sittard - SC Cambuur,2026-08-15T19:00:00+00:00,finished,2,3-1,SC Cambuur,Ryan van de Pavert,D,0,,0,0,0,,,0,0,0,0,0,0,0,0,0,0,0,0,0,0,0,0,0,0,0,0,0,0,0,0,0,0,0,0,0,0,2026-09-02T00:09:26.688572+00:00
Eredivisie 2026/2027,Fortuna Sittard - SC Cambuur,2026-08-15T19:00:00+00:00,finished,2,3-1,SC Cambuur,Sami Bouhoudane,F,90,6.0,28,0,0,0.5627,0.00272034,6,1,0,14,6,1,0,0,0,0,0,3,7,3,4,0,0,0,0,2,0,1,12,0,2,0,0,0,3,0,2026-09-02T00:09:26.688381+00:00
Eredivisie 2026/2027,Fortuna Sittard - SC Cambuur,2026-08-15T19:00:00+00:00,finished,2,3-1,Fortuna Sittard,Shiloh 't Zand,M,18,7.6,16,1,0,0.2882,0.0143281,1,1,1,9,6,0,0,1,0,2,1,2,2,0,1,1,1,0,0,0,0,0,6,0,0,0,0,0,0,0,2026-09-02T00:09:26.688313+00:00
Eredivisie 2026/2027,Fortuna Sittard - SC Cambuur,2026-08-15T19:00:00+00:00,finished,2,3-1,Fortuna Sittard,Siebe Wylin,D,45,6.5,21,0,0,,0.00541865,0,0,0,12,8,2,0,0,0,0,0,2,3,1,0,0,0,0,0,1,0,1,6,1,2,0,0,0,1,0,2026-09-02T00:09:26.688263+00:00
Eredivisie 2026/2027,Fortuna Sittard - SC Cambuur,2026-08-15T19:00:00+00:00,finished,2,3-1,SC Cambuur,Skye Vink,F,76,6.3,31,0,0,,0.0229884,0,0,1,20,16,2,2,1,0,1,1,4,2,1,1,1,1,0,1,1,0,1,8,1,0,0,0,0,2,0,2026-09-02T00:09:26.688485+00:00
Eredivisie 2026/2027,Fortuna Sittard - SC Cambuur,2026-08-15T19:00:00+00:00,finished,2,3-1,Fortuna Sittard,Syb Van Ottele,D,90,7.2,53,0,0,,0.0244727,0,0,0,36,29,6,3,0,0,0,0,4,2,2,2,1,0,7,3,6,0,0,8,1,0,0,0,0,1,0,2026-09-02T00:09:26.688175+00:00
Eredivisie 2026/2027,Fortuna Sittard - SC Cambuur,2026-08-15T19:00:00+00:00,finished,2,3-1,SC Cambuur,Thijs Jansen,G,90,6.7,36,0,0,,0.00038835,0,0,0,22,13,10,1,0,0,0,0,1,0,0,0,0,0,4,0,12,0,0,9,1,0,0,0,4,3,1,2026-09-02T00:09:26.688390+00:00
Eredivisie 2026/2027,Fortuna Sittard - SC Cambuur,2026-08-15T19:00:00+00:00,finished,2,3-1,SC Cambuur,Wessel van der Goot,M,8,6.3,6,0,0,,0.00177785,0,0,0,4,3,1,0,0,0,0,0,0,1,0,1,0,0,0,0,0,0,0,2,0,0,0,0,0,1,0,2026-09-02T00:09:26.688530+00:00
Eredivisie 2026/2027,Fortuna Sittard - SC Cambuur,2026-08-15T19:00:00+00:00,finished,2,3-1,SC Cambuur,Wiebe Kooistra,F,45,6.8,43,0,0,,0.0267633,0,0,0,23,19,3,0,2,1,2,1,6,6,1,2,4,4,2,1,4,0,1,9,0,2,0,0,0,1,0,2026-09-02T00:09:26.688492+00:00
Eredivisie 2026/2027,Fortuna Sittard - SC Cambuur,2026-08-15T19:00:00+00:00,finished,2,3-1,SC Cambuur,Wiebe van der Heide,M,0,,0,0,0,,,0,0,0,0,0,0,0,0,0,0,0,0,0,0,0,0,0,0,0,0,0,0,0,0,0,0,0,0,0,0,2026-09-02T00:09:26.688552+00:00
Eredivisie 2026/2027,Fortuna Sittard - SC Cambuur,2026-08-15T19:00:00+00:00,finished,2,3-1,Fortuna Sittard,Yassin Oukili,M,90,7.2,38,0,0,0.1194,0.0984983,2,0,2,24,17,2,2,2,1,1,1,6,2,2,0,2,1,4,0,1,2,0,8,1,2,0,0,0,1,0,2026-09-02T00:09:26.688068+00:00
Eredivisie 2026/2027,Fortuna Sittard - SC Cambuur,2026-08-15T19:00:00+00:00,finished,2,3-1,Fortuna Sittard,Édouard Michut,M,45,7.1,31,0,0,,0.0153575,0,0,1,11,9,1,0,1,1,1,1,5,3,0,0,2,1,2,2,3,0,3,6,2,0,0,0,0,0,0,2026-09-02T00:09:26.688257+00:00
Eredivisie 2026/2027,ADO Den Haag - FC Groningen,2026-08-16T10:15:00+00:00,finished,2,1-4,ADO Den Haag,Alexander Veselov,M,0,,0,0,0,,,0,0,0,0,0,0,0,0,0,0,0,0,0,0,0,0,0,0,0,0,0,0,0,0,0,0,0,0,0,0,2026-09-02T00:09:26.821239+00:00
Eredivisie 2026/2027,ADO Den Haag - FC Groningen,2026-08-16T10:15:00+00:00,finished,2,1-4,FC Groningen,Alvin Nordin,M,0,,0,0,0,,,0,0,0,0,0,0,0,0,0,0,0,0,0,0,0,0,0,0,0,0,0,0,0,0,0,0,0,0,0,0,2026-09-02T00:09:26.820888+00:00
Eredivisie 2026/2027,ADO Den Haag - FC Groningen,2026-08-16T10:15:00+00:00,finished,2,1-4,FC Groningen,Brynjólfur Darri Willumsson,F,80,7.2,26,1,0,0.6287,0.00724831,2,2,1,16,7,0,0,1,0,1,0,4,3,3,1,0,0,0,0,2,0,0,13,1,1,0,0,0,1,0,2026-09-02T00:09:26.820792+00:00
Eredivisie 2026/2027,ADO Den Haag - FC Groningen,2026-08-16T10:15:00+00:00,finished,2,1-4,ADO Den Haag,Dani van Loenen,F,0,,0,0,0,,,0,0,0,0,0,0,0,0,0,0,0,0,0,0,0,0,0,0,0,0,0,0,0,0,0,0,0,0,0,0,2026-09-02T00:09:26.821215+00:00
Eredivisie 2026/2027,ADO Den Haag - FC Groningen,2026-08-16T10:15:00+00:00,finished,2,1-4,ADO Den Haag,Daryl van Mieghem,M,90,6.7,55,0,0,0.0305,0.273548,1,0,1,34,21,5,3,7,2,0,0,4,1,0,0,1,0,0,1,4,0,0,20,3,0,0,0,0,4,0,2026-09-02T00:09:26.820999+00:00
Eredivisie 2026/2027,ADO Den Haag - FC Groningen,2026-08-16T10:15:00+00:00,finished,2,1-4,FC Groningen,David van der Werff,M,90,8.3,49,1,0,0.3596,0.523411,4,3,2,32,24,4,2,5,1,3,2,3,2,0,0,0,0,0,0,1,1,0,13,1,1,1,0,0,1,0,2026-09-02T00:09:26.820725+00:00
Eredivisie 2026/2027,ADO Den Haag - FC Groningen,2026-08-16T10:15:00+00:00,finished,2,1-4,FC Groningen,Elvis Van der Laan,D,59,6.1,30,0,0,,0.00154418,0,0,0,19,18,2,1,0,0,0,0,4,3,1,0,2,2,3,0,2,0,2,3,1,0,0,0,0,1,0,2026-09-02T00:09:26.820818+00:00
Eredivisie 2026/2027,ADO Den Haag - FC Groningen,2026-08-16T10:15:00+00:00,finished,2,1-4,FC Groningen,Etienne Vaessen,G,90,6.9,56,0,1,,0.0102268,0,0,1,45,20,34,10,0,0,0,0,0,0,0,0,0,0,3,0,16,0,0,26,0,0,0,0,3,1,1,2026-09-02T00:09:26.820734+00:00
Eredivisie 2026/2027,ADO Den Haag - FC Groningen,2026-08-16T10:15:00+00:00,finished,2,1-4,ADO Den Haag,Evan Rottier,F,21,6.5,9,0,0,,0.00757352,0,0,1,5,4,1,0,0,0,0,0,1,2,0,1,0,0,0,0,1,0,1,2,1,0,0,0,0,1,0,2026-09-02T00:09:26.821164+00:00
Eredivisie 2026/2027,ADO Den Haag - FC Groningen,2026-08-16T10:15:00+00:00,finished,2,1-4,ADO Den Haag,Finn de Bruin,M,45,6.6,34,0,1,0.0133,0.270364,1,0,2,26,21,1,1,0,0,0,0,0,0,0,0,0,0,2,2,3,0,0,7,0,0,0,0,0,1,0,2026-09-02T00:09:26.821088+00:00
Eredivisie 2026/2027,ADO Den Haag - FC Groningen,2026-08-16T10:15:00+00:00,finished,2,1-4,ADO Den Haag,Illaijh de Ruijter,D,90,6.7,34,0,0,,0.25056,0,0,1,22,16,4,2,2,1,2,0,4,3,0,0,2,2,0,0,3,0,0,12,2,1,0,0,0,4,0,2026-09-02T00:09:26.820946+00:00
Eredivisie 2026/2027,ADO Den Haag - FC Groningen,2026-08-16T10:15:00+00:00,finished,2,1-4,FC Groningen,Jacob Ondrejka,F,3,,6,0,0,,0.00029459,0,0,0,2,2,0,0,0,0,1,0,0,3,0,0,0,0,0,0,0,0,2,3,0,0,0,0,0,0,0,2026-09-02T00:09:26.820863+00:00
Eredivisie 2026/2027,ADO Den Haag - FC Groningen,2026-08-16T10:15:00+00:00,finished,2,1-4,FC Groningen,Jahelille Hall,M,0,,0,0,0,,,0,0,0,0,0,0,0,0,0,0,0,0,0,0,0,0,0,0,0,0,0,0,0,0,0,0,0,0,0,0,2026-09-02T00:09:26.820922+00:00
Eredivisie 2026/2027,ADO Den Haag - FC Groningen,2026-08-16T10:15:00+00:00,finished,2,1-4,ADO Den Haag,Jan Žambůrek,M,45,6.5,29,0,0,,0.00868776,0,0,0,21,18,2,1,0,0,0,0,3,3,0,0,3,1,0,1,2,0,0,4,0,2,0,0,0,3,0,2026-09-02T00:09:26.821076+00:00
Eredivisie 2026/2027,ADO Den Haag - FC Groningen,2026-08-16T10:15:00+00:00,finished,2,1-4,FC Groningen,Jesper Mosselaar,D,0,,0,0,0,,,0,0,0,0,0,0,0,0,0,0,0,0,0,0,0,0,0,0,0,0,0,0,0,0,0,0,0,0,0,0,2026-09-02T00:09:26.820898+00:00
Eredivisie 2026/2027,ADO Den Haag - FC Groningen,2026-08-16T10:15:00+00:00,finished,2,1-4,ADO Den Haag,Jesse Bal,F,69,6.3,31,0,0,0.1508,0.155161,1,0,0,22,16,0,0,0,0,0,0,2,4,1,0,0,0,0,0,2,0,1,12,1,3,0,0,0,3,0,2026-09-02T00:09:26.821037+00:00
Eredivisie 2026/2027,ADO Den Haag - FC Groningen,2026-08-16T10:15:00+00:00,finished,2,1-4,FC Groningen,Jismerai Dillema,M,0,,0,0,0,,,0,0,0,0,0,0,0,0,0,0,0,0,0,0,0,0,0,0,0,0,0,0,0,0,0,0,0,0,0,0,2026-09-02T00:09:26.820879+00:00
Eredivisie 2026/2027,ADO Den Haag - FC Groningen,2026-08-16T10:15:00+00:00,finished,2,1-4,FC Groningen,Jorg Schreuders,M,90,7.1,61,0,0,0.0177,0.138933,1,1,2,37,33,5,1,2,0,0,0,4,3,0,0,3,2,2,0,8,0,1,9,1,2,0,0,0,1,0,2026-09-02T00:09:26.820749+00:00
Eredivisie 2026/2027,ADO Den Haag - FC Groningen,2026-08-16T10:15:00+00:00,finished,2,1-4,ADO Den Haag,Juho Kilo,M,90,6.8,83,0,0,0.0434,0.0252313,1,1,0,70,65,6,5,1,0,0,0,4,4,1,0,3,1,3,1,1,0,2,8,0,1,0,0,0,4,0,2026-09-02T00:09:26.820979+00:00
Eredivisie 2026/2027,ADO Den Haag - FC Groningen,2026-08-16T10:15:00+00:00,finished,2,1-4,ADO Den Haag,Kilian Nikièma,G,90,9.5,81,0,0,,0.00211241,0,0,0,62,45,33,16,0,0,0,0,0,0,0,0,0,0,0,0,23,0,0,18,0,0,0,0,10,4,0,2026-09-02T00:09:26.820959+00:00
Eredivisie 2026/2027,ADO Den Haag - FC Groningen,2026-08-16T10:15:00+00:00,finished,2,1-4,ADO Den Haag,Lasse Wilhelm,D,12,6.9,17,0,0,,0.0019341,0,0,0,13,13,0,0,0,0,0,0,1,0,0,0,1,1,2,0,0,0,0,0,0,0,0,0,0,1,0,2026-09-02T00:09:26.821175+00:00
Eredivisie 2026/2027,ADO Den Haag - FC Groningen,2026-08-16T10:15:00+00:00,finished,2,1-4,FC Groningen,Lovro Štubljar,G,0,,0,0,0,,,0,0,0,0,0,0,0,0,0,0,0,0,0,0,0,0,0,0,0,0,0,0,0,0,0,0,0,0,0,0,2026-09-02T00:09:26.820914+00:00
Eredivisie 2026/2027,ADO Den Haag - FC Groningen,2026-08-16T10:15:00+00:00,finished,2,1-4,ADO Den Haag,Luka Reischl,F,31,6.5,8,0,0,,0.00063866,0,0,0,5,3,0,0,0,0,0,0,1,1,0,1,0,0,0,0,0,0,0,3,1,0,0,0,0,1,0,2026-09-02T00:09:26.821153+00:00
Eredivisie 2026/2027,ADO Den Haag - FC Groningen,2026-08-16T10:15:00+00:00,finished,2,1-4,ADO Den Haag,Matteo Waem,D,45,6.0,38,0,0,0.0161,0.0184364,1,1,0,29,28,1,1,0,0,0,0,1,4,1,1,0,0,5,1,4,0,0,1,0,2,0,0,0,3,0,2026-09-02T00:09:26.821122+00:00
Eredivisie 2026/2027,ADO Den Haag - FC Groningen,2026-08-16T10:15:00+00:00,finished,2,1-4,ADO Den Haag,Milan Hokke,D,90,5.6,78,0,0,0.0359,0.0310559,2,1,2,58,46,9,4,1,0,0,0,3,8,1,3,1,1,4,0,6,1,0,16,1,0,0,0,0,4,0,2026-09-02T00:09:26.820938+00:00
Eredivisie 2026/2027,ADO Den Haag - FC Groningen,2026-08-16T10:15:00+00:00,finished,2,1-4,ADO Den Haag,Mylian Jimenez,M,0,,0,0,0,,,0,0,0,0,0,0,0,0,0,0,0,0,0,0,0,0,0,0,0,0,0,0,0,0,0,0,0,0,0,0,2026-09-02T00:09:26.821186+00:00
Eredivisie 2026/2027,ADO Den Haag - FC Groningen,2026-08-16T10:15:00+00:00,finished,2,1-4,FC Groningen,Márk Csinger,D,31,6.9,22,0,0,,0.0320322,0,0,0,15,14,0,0,0,0,0,0,3,1,2,0,1,0,4,1,2,0,1,2,0,0,0,0,0,0,0,2026-09-02T00:09:26.820836+00:00
Eredivisie 2026/2027,ADO Den Haag - FC Groningen,2026-08-16T10:15:00+00:00,finished,2,1-4,ADO Den Haag,Niclas Thiede,G,0,,0,0,0,,,0,0,0,0,0,0,0,0,0,0,0,0,0,0,0,0,0,0,0,0,0,0,0,0,0,0,0,0,0,0,2026-09-02T00:09:26.821250+00:00
Eredivisie 2026/2027,ADO Den Haag - FC Groningen,2026-08-16T10:15:00+00:00,finished,2,1-4,ADO Den Haag,Nigel Thomas,F,0,,0,0,0,,,0,0,0,0,0,0,0,0,0,0,0,0,0,0,0,0,0,0,0,0,0,0,0,0,0,0,0,0,0,0,2026-09-02T00:09:26.821227+00:00
Eredivisie 2026/2027,ADO Den Haag - FC Groningen,2026-08-16T10:15:00+00:00,finished,2,1-4,FC Groningen,Nikolas Brandis,D,3,,7,0,0,,0.00091685,0,0,0,5,5,0,0,0,0,0,0,0,0,0,0,0,0,1,0,2,0,0,1,0,0,0,0,0,0,0,2026-09-02T00:09:26.820854+00:00
Eredivisie 2026/2027,ADO Den Haag - FC Groningen,2026-08-16T10:15:00+00:00,finished,2,1-4,FC Groningen,Nils Eggens,F,10,7.5,3,1,0,0.067,0.00237916,1,1,0,1,1,0,0,0,0,0,0,1,1,1,0,0,0,0,0,0,0,1,1,0,0,0,0,0,0,0,2026-09-02T00:09:26.820847+00:00
Eredivisie 2026/2027,ADO Den Haag - FC Groningen,2026-08-16T10:15:00+00:00,finished,2,1-4,ADO Den Haag,Othniël Raterink,D,45,6.6,34,0,0,,0.0948225,0,0,2,18,15,0,0,2,1,1,0,3,1,0,0,3,1,2,0,2,0,0,9,0,0,0,0,0,1,0,2026-09-02T00:09:26.821141+00:00
Eredivisie 2026/2027,ADO Den Haag - FC Groningen,2026-08-16T10:15:00+00:00,finished,2,1-4,ADO Den Haag,Pascal Mulder,D,78,6.7,66,0,0,,0.040938,0,0,0,56,48,8,7,1,0,0,0,4,4,1,2,2,0,3,2,1,0,0,9,1,1,0,0,0,3,0,2026-09-02T00:09:26.821011+00:00
Eredivisie 2026/2027,ADO Den Haag - FC Groningen,2026-08-16T10:15:00+00:00,finished,2,1-4,FC Groningen,Pelle Clement,M,90,6.3,52,0,0,,0.0511504,0,0,1,36,29,4,1,0,0,2,1,3,5,1,1,0,0,1,0,3,0,3,13,1,0,0,0,0,1,0,2026-09-02T00:09:26.820693+00:00
Eredivisie 2026/2027,ADO Den Haag - FC Groningen,2026-08-16T10:15:00+00:00,finished,2,1-4,FC Groningen,Rijk Janse,G,0,,0,0,0,,,0,0,0,0,0,0,0,0,0,0,0,0,0,0,0,0,0,0,0,0,0,0,0,0,0,0,0,0,0,0,2026-09-02T00:09:26.820906+00:00
Eredivisie 2026/2027,ADO Den Haag - FC Groningen,2026-08-16T10:15:00+00:00,finished,2,1-4,ADO Den Haag,Sanyika Bergtop,D,0,,0,0,0,,,0,0,0,0,0,0,0,0,0,0,0,0,0,0,0,0,0,0,0,0,0,0,0,0,0,0,0,0,0,0,2026-09-02T00:09:26.821204+00:00
Eredivisie 2026/2027,ADO Den Haag - FC Groningen,2026-08-16T10:15:00+00:00,finished,2,1-4,ADO Den Haag,Sekou Sylla,D,90,5.6,46,0,0,0.0314,0.0203416,1,0,0,33,27,4,1,0,0,0,0,4,6,0,1,3,1,1,1,4,1,0,7,1,1,0,0,0,4,0,2026-09-02T00:09:26.820929+00:00
Eredivisie 2026/2027,ADO Den Haag - FC Groningen,2026-08-16T10:15:00+00:00,finished,2,1-4,ADO Den Haag,Sem Eekhout,G,0,,0,0,0,,,0,0,0,0,0,0,0,0,0,0,0,0,0,0,0,0,0,0,0,0,0,0,0,0,0,0,0,0,0,0,2026-09-02T00:09:26.821196+00:00
Eredivisie 2026/2027,ADO Den Haag - FC Groningen,2026-08-16T10:15:00+00:00,finished,2,1-4,FC Groningen,Thijmen Blokzijl,D,90,6.6,59,0,0,,0.0099173,0,0,0,52,46,7,4,0,0,0,0,3,4,2,1,1,1,4,1,2,0,1,7,0,2,0,0,0,1,0,2026-09-02T00:09:26.820637+00:00
Eredivisie 2026/2027,ADO Den Haag - FC Groningen,2026-08-16T10:15:00+00:00,finished,2,1-4,FC Groningen,Thom van Bergen,F,90,8.9,62,1,1,1.2004,0.642673,5,4,3,36,28,1,1,2,1,9,5,8,8,0,1,0,0,0,0,9,0,1,16,3,2,0,0,0,1,0,2026-09-02T00:09:26.820710+00:00
Eredivisie 2026/2027,ADO Den Haag - FC Groningen,2026-08-16T10:15:00+00:00,finished,2,1-4,FC Groningen,Tika de Jonge,M,87,7.7,47,0,0,0.6966,0.281435,3,3,1,32,26,1,0,0,0,3,3,5,1,0,1,2,2,0,3,8,0,0,6,0,0,0,0,0,1,0,2026-09-02T00:09:26.820764+00:00
Eredivisie 2026/2027,ADO Den Haag - FC Groningen,2026-08-16T10:15:00+00:00,finished,2,1-4,FC Groningen,Travis Hernes,M,3,,11,0,0,,0.0065289,0,0,0,8,8,0,0,0,0,0,0,0,0,0,0,0,0,0,1,1,0,0,0,0,0,0,0,0,0,0,2026-09-02T00:09:26.820871+00:00
Eredivisie 2026/2027,ADO Den Haag - FC Groningen,2026-08-16T10:15:00+00:00,finished,2,1-4,FC Groningen,Tygo Land,M,87,7.2,54,0,1,,0.267791,0,0,2,44,37,3,1,0,0,4,3,5,1,0,0,1,0,0,0,6,0,0,11,1,0,0,0,0,1,0,2026-09-02T00:09:26.820783+00:00
Eredivisie 2026/2027,ADO Den Haag - FC Groningen,2026-08-16T10:15:00+00:00,finished,2,1-4,FC Groningen,Wouter Prins,D,87,6.2,47,0,0,0.2304,0.175668,1,0,2,29,17,2,1,1,1,2,1,4,4,1,0,0,0,0,0,7,1,0,19,2,3,0,0,0,1,0,2026-09-02T00:09:26.820773+00:00
Eredivisie 2026/2027,ADO Den Haag - FC Groningen,2026-08-16T10:15:00+00:00,finished,2,1-4,ADO Den Haag,Yannick Eduardo,F,59,7.1,28,1,0,0.6865,0.0305534,2,1,0,12,10,0,0,1,0,2,1,2,5,0,2,1,0,0,0,2,0,2,12,0,0,0,0,0,3,0,2026-09-02T00:09:26.821058+00:00
Eredivisie 2026/2027,FC Twente - PEC Zwolle,2026-08-16T12:30:00+00:00,finished,2,3-1,FC Twente,Aske Adelgaard,D,90,6.6,92,0,0,,0.0716387,0,0,0,63,56,3,1,3,0,1,0,7,7,4,0,2,2,2,3,9,0,0,14,1,2,0,0,0,1,0,2026-09-02T00:09:27.009660+00:00
Eredivisie 2026/2027,FC Twente - PEC Zwolle,2026-08-16T12:30:00+00:00,finished,2,3-1,FC Twente,Bart van Rooij,D,69,7.8,83,0,0,0.0485,0.515137,1,1,6,53,51,7,6,10,5,0,0,2,2,0,0,1,0,0,2,1,0,1,12,1,0,0,0,0,1,0,2026-09-02T00:09:27.009713+00:00
Eredivisie 2026/2027,FC Twente - PEC Zwolle,2026-08-16T12:30:00+00:00,finished,2,3-1,FC Twente,Daan Rots,M,90,8.1,58,1,0,0.6358,0.25771,6,1,1,33,26,0,0,2,0,1,1,5,5,2,2,2,2,0,2,4,1,2,12,0,1,0,0,0,1,0,2026-09-02T00:09:27.009654+00:00
Eredivisie 2026/2027,FC Twente - PEC Zwolle,2026-08-16T12:30:00+00:00,finished,2,3-1,PEC Zwolle,Damian van der Haar,D,84,5.8,34,0,0,,0.035359,0,0,2,18,9,5,1,4,2,0,0,0,0,0,0,0,0,3,3,2,0,0,13,0,0,0,0,0,3,0,2026-09-02T00:09:27.009551+00:00
Eredivisie 2026/2027,FC Twente - PEC Zwolle,2026-08-16T12:30:00+00:00,finished,2,3-1,FC Twente,Daouda Weidmann,M,80,8.3,76,1,0,0.2453,0.279141,5,3,4,49,46,3,1,6,2,2,2,5,6,1,0,1,0,1,1,6,0,3,14,1,3,0,0,0,1,0,2026-09-02T00:09:27.009690+00:00
Eredivisie 2026/2027,FC Twente - PEC Zwolle,2026-08-16T12:30:00+00:00,finished,2,3-1,PEC Zwolle,Duke Verduin,G,0,,0,0,0,,,0,0,0,0,0,0,0,0,0,0,0,0,0,0,0,0,0,0,0,0,0,0,0,0,0,0,0,0,0,0,2026-09-02T00:09:27.009632+00:00
Eredivisie 2026/2027,FC Twente - PEC Zwolle,2026-08-16T12:30:00+00:00,finished,2,3-1,PEC Zwolle,Dylan Mbayo,M,66,6.4,28,0,0,,0.0471893,0,0,0,9,8,0,0,1,0,5,3,8,6,0,1,4,2,1,0,3,0,1,7,1,0,0,0,0,2,0,2026-09-02T00:09:27.009563+00:00
Eredivisie 2026/2027,FC Twente - PEC Zwolle,2026-08-16T12:30:00+00:00,finished,2,3-1,PEC Zwolle,Dylan Ruward,D,0,,0,0,0,,,0,0,0,0,0,0,0,0,0,0,0,0,0,0,0,0,0,0,0,0,0,0,0,0,0,0,0,0,0,0,2026-09-02T00:09:27.009615+00:00
Eredivisie 2026/2027,FC Twente - PEC Zwolle,2026-08-16T12:30:00+00:00,finished,2,3-1,PEC Zwolle,Elias Sørensen,M,66,7.3,27,1,0,0.3512,0.127552,2,1,0,11,6,0,0,0,0,2,1,3,5,1,3,0,0,3,0,2,0,1,9,1,0,0,0,0,2,0,2026-09-02T00:09:27.009569+00:00
Eredivisie 2026/2027,FC Twente - PEC Zwolle,2026-08-16T12:30:00+00:00,finished,2,3-1,FC Twente,Filip Thorvaldsen,M,10,6.7,11,0,0,0.0519,0.0301884,1,1,2,5,4,0,0,1,0,2,1,1,2,0,0,0,0,0,0,0,0,1,4,0,0,0,0,0,0,0,2026-09-02T00:09:27.009737+00:00
Eredivisie 2026/2027,FC Twente - PEC Zwolle,2026-08-16T12:30:00+00:00,finished,2,3-1,PEC Zwolle,Gabriel Reiziger,M,25,6.3,7,0,0,,0.215791,0,0,1,4,3,0,0,1,0,0,0,0,3,0,2,0,0,1,1,0,0,0,2,0,1,0,0,0,1,0,2026-09-02T00:09:27.009582+00:00
Eredivisie 2026/2027,FC Twente - PEC Zwolle,2026-08-16T12:30:00+00:00,finished,2,3-1,PEC Zwolle,Gilles van der Wal,M,0,,0,0,0,,,0,0,0,0,0,0,0,0,0,0,0,0,0,0,0,0,0,0,0,0,0,0,0,0,0,0,0,0,0,0,2026-09-02T00:09:27.009610+00:00
Eredivisie 2026/2027,FC Twente - PEC Zwolle,2026-08-16T12:30:00+00:00,finished,2,3-1,PEC Zwolle,Givaro Rahajaän,M,0,,0,0,0,,,0,0,0,0,0,0,0,0,0,0,0,0,0,0,0,0,0,0,0,0,0,0,0,0,0,0,0,0,0,0,2026-09-02T00:09:27.009637+00:00
Eredivisie 2026/2027,FC Twente - PEC Zwolle,2026-08-16T12:30:00+00:00,finished,2,3-1,FC Twente,Guilherme Peixoto,D,21,7.1,16,0,0,,0.169587,0,0,3,12,10,4,2,2,0,1,1,1,2,0,0,0,0,1,0,1,0,0,4,0,2,0,0,0,0,0,2026-09-02T00:09:27.009730+00:00
Eredivisie 2026/2027,FC Twente - PEC Zwolle,2026-08-16T12:30:00+00:00,finished,2,3-1,PEC Zwolle,Ibrahim Cissoko,M,24,6.5,10,0,0,0.0706,0.00106616,1,0,0,6,4,0,0,0,0,0,0,1,1,0,0,0,0,0,0,1,1,0,3,1,0,0,0,0,1,0,2026-09-02T00:09:27.009587+00:00
Eredivisie 2026/2027,FC Twente - PEC Zwolle,2026-08-16T12:30:00+00:00,finished,2,3-1,PEC Zwolle,Jadiel Pereira da Gama,M,0,,0,0,0,,,0,0,0,0,0,0,0,0,0,0,0,0,0,0,0,0,0,0,0,0,0,0,0,0,0,0,0,0,0,0,2026-09-02T00:09:27.009643+00:00
Eredivisie 2026/2027,FC Twente - PEC Zwolle,2026-08-16T12:30:00+00:00,finished,2,3-1,PEC Zwolle,Jan Bürger,D,0,,0,0,0,,,0,0,0,0,0,0,0,0,0,0,0,0,0,0,0,0,0,0,0,0,0,0,0,0,0,0,0,0,0,0,2026-09-02T00:09:27.009621+00:00
Eredivisie 2026/2027,FC Twente - PEC Zwolle,2026-08-16T12:30:00+00:00,finished,2,3-1,PEC Zwolle,Jasper Schendelaar,G,90,7.7,62,0,0,,0.00136969,0,0,0,46,30,22,6,0,0,0,0,0,0,0,0,0,0,0,0,11,0,0,16,0,0,0,0,8,3,0,2026-09-02T00:09:27.009479+00:00
Eredivisie 2026/2027,FC Twente - PEC Zwolle,2026-08-16T12:30:00+00:00,finished,2,3-1,FC Twente,Joël Drommel,G,0,,0,0,0,,,0,0,0,0,0,0,0,0,0,0,0,0,0,0,0,0,0,0,0,0,0,0,0,0,0,0,0,0,0,0,2026-09-02T00:09:27.009826+00:00
Eredivisie 2026/2027,FC Twente - PEC Zwolle,2026-08-16T12:30:00+00:00,finished,2,3-1,PEC Zwolle,Koen Kostons,F,90,6.1,29,0,0,0.192,0.0359462,2,1,0,17,9,1,0,0,0,2,2,5,7,2,5,0,0,0,0,3,1,1,11,1,1,0,0,0,3,0,2026-09-02T00:09:27.009524+00:00
Eredivisie 2026/2027,FC Twente - PEC Zwolle,2026-08-16T12:30:00+00:00,finished,2,3-1,FC Twente,Kristian Hlynsson,M,21,6.5,12,0,0,0.2703,0.0315726,3,1,0,7,4,0,0,0,0,0,0,0,0,0,0,0,0,0,1,0,1,0,3,0,0,0,0,0,0,0,2026-09-02T00:09:27.009722+00:00
Eredivisie 2026/2027,FC Twente - PEC Zwolle,2026-08-16T12:30:00+00:00,finished,2,3-1,FC Twente,Krzysztof Kurowski,D,0,,0,0,0,,,0,0,0,0,0,0,0,0,0,0,0,0,0,0,0,0,0,0,0,0,0,0,0,0,0,0,0,0,0,0,2026-09-02T00:09:27.009814+00:00
Eredivisie 2026/2027,FC Twente - PEC Zwolle,2026-08-16T12:30:00+00:00,finished,2,3-1,FC Twente,Lars Unnerstall,G,90,7.1,37,0,0,,0.00049951,0,0,0,32,25,12,5,0,0,0,0,0,0,0,0,0,0,0,0,8,0,0,7,0,0,0,0,2,1,0,2026-09-02T00:09:27.009671+00:00
Eredivisie 2026/2027,FC Twente - PEC Zwolle,2026-08-16T12:30:00+00:00,finished,2,3-1,FC Twente,Lucas Vennegoor of Hesselink,F,0,,0,0,0,,,0,0,0,0,0,0,0,0,0,0,0,0,0,0,0,0,0,0,0,0,0,0,0,0,0,0,0,0,0,0,2026-09-02T00:09:27.009768+00:00
Eredivisie 2026/2027,FC Twente - PEC Zwolle,2026-08-16T12:30:00+00:00,finished,2,3-1,FC Twente,Marko Pjaca,F,69,7.0,38,0,0,0.2989,0.122911,4,2,0,27,25,0,0,3,0,0,0,4,0,3,0,1,1,1,1,0,0,0,5,0,0,0,0,0,1,0,2026-09-02T00:09:27.009705+00:00
Eredivisie 2026/2027,FC Twente - PEC Zwolle,2026-08-16T12:30:00+00:00,finished,2,3-1,FC Twente,Mathias Kjølø,M,0,,0,0,0,,,0,0,0,0,0,0,0,0,0,0,0,0,0,0,0,0,0,0,0,0,0,0,0,0,0,0,0,0,0,0,2026-09-02T00:09:27.009791+00:00
Eredivisie 2026/2027,FC Twente - PEC Zwolle,2026-08-16T12:30:00+00:00,finished,2,3-1,FC Twente,Naci Ünüvar,F,0,,0,0,0,,,0,0,0,0,0,0,0,0,0,0,0,0,0,0,0,0,0,0,0,0,0,0,0,0,0,0,0,0,0,0,2026-09-02T00:09:27.009783+00:00
Eredivisie 2026/2027,FC Twente - PEC Zwolle,2026-08-16T12:30:00+00:00,finished,2,3-1,PEC Zwolle,Nick Fichtinger,M,12,6.5,8,0,0,,0.0002251,0,0,0,4,3,0,0,0,0,0,0,0,3,0,0,0,0,0,2,1,0,0,1,0,0,0,0,0,0,0,2026-09-02T00:09:27.009599+00:00
Eredivisie 2026/2027,FC Twente - PEC Zwolle,2026-08-16T12:30:00+00:00,finished,2,3-1,PEC Zwolle,Nick Viergever,D,90,6.0,45,0,0,,0.00168001,0,0,0,36,28,6,1,0,0,0,0,1,3,0,2,1,0,5,1,4,0,0,8,0,0,0,0,0,3,0,2026-09-02T00:09:27.009532+00:00
Eredivisie 2026/2027,FC Twente - PEC Zwolle,2026-08-16T12:30:00+00:00,finished,2,3-1,PEC Zwolle,Odysseus Velanas,M,24,6.1,10,0,0,,0.00123669,0,0,0,6,3,0,0,0,0,0,0,2,3,1,1,1,1,1,0,1,0,1,5,0,0,0,0,0,1,0,2026-09-02T00:09:27.009593+00:00
Eredivisie 2026/2027,FC Twente - PEC Zwolle,2026-08-16T12:30:00+00:00,finished,2,3-1,PEC Zwolle,Olivier Aertssen,D,90,6.0,36,0,0,,0.00418463,0,0,0,11,7,4,1,0,0,1,0,4,4,1,0,3,1,2,3,2,0,0,10,0,0,0,0,0,3,0,2026-09-02T00:09:27.009517+00:00
Eredivisie 2026/2027,FC Twente - PEC Zwolle,2026-08-16T12:30:00+00:00,finished,2,3-1,FC Twente,Ramiz Zerrouki,M,90,7.5,89,0,1,,0.253066,0,0,1,80,67,8,3,0,0,2,1,5,8,2,4,1,1,0,0,10,0,0,14,1,2,0,0,0,1,0,2026-09-02T00:09:27.009649+00:00
Eredivisie 2026/2027,FC Twente - PEC Zwolle,2026-08-16T12:30:00+00:00,finished,2,3-1,FC Twente,Remko Pasveer,G,0,,0,0,0,,,0,0,0,0,0,0,0,0,0,0,0,0,0,0,0,0,0,0,0,0,0,0,0,0,0,0,0,0,0,0,2026-09-02T00:09:27.009761+00:00
Eredivisie 2026/2027,FC Twente - PEC Zwolle,2026-08-16T12:30:00+00:00,finished,2,3-1,FC Twente,Robin Pröpper,D,90,6.8,98,0,0,,0.0343217,0,0,0,86,73,11,4,0,0,0,0,7,2,4,1,1,1,3,1,7,0,1,14,2,0,0,0,0,1,0,2026-09-02T00:09:27.009677+00:00
Eredivisie 2026/2027,FC Twente - PEC Zwolle,2026-08-16T12:30:00+00:00,finished,2,3-1,FC Twente,Ruud Nijstad,D,90,7.6,111,0,0,0.0462,0.0485776,1,0,0,98,94,7,6,0,0,1,1,3,0,1,0,1,1,6,1,4,0,0,5,0,0,0,0,0,1,0,2026-09-02T00:09:27.009665+00:00
Eredivisie 2026/2027,FC Twente - PEC Zwolle,2026-08-16T12:30:00+00:00,finished,2,3-1,PEC Zwolle,Ryan Thomas,M,78,7.2,59,0,0,,0.00508397,0,0,0,32,22,6,2,0,0,1,1,8,4,1,2,3,1,7,4,9,0,1,12,3,1,0,0,0,3,0,2026-09-02T00:09:27.009557+00:00
Eredivisie 2026/2027,FC Twente - PEC Zwolle,2026-08-16T12:30:00+00:00,finished,2,3-1,FC Twente,Sam Lammers,F,8,6.6,1,0,0,0.0603,,1,0,0,0,0,0,0,0,0,0,0,0,0,0,0,0,0,0,0,1,0,0,0,0,0,0,0,0,0,0,2026-09-02T00:09:27.009753+00:00
Eredivisie 2026/2027,FC Twente - PEC Zwolle,2026-08-16T12:30:00+00:00,finished,2,3-1,PEC Zwolle,Simon Graves,D,90,5.7,56,0,0,0.0371,0.010229,2,0,0,43,34,8,4,0,0,0,0,4,3,4,2,0,0,5,2,1,1,0,10,0,1,0,0,0,3,0,2026-09-02T00:09:27.009538+00:00
Eredivisie 2026/2027,FC Twente - PEC Zwolle,2026-08-16T12:30:00+00:00,finished,2,3-1,FC Twente,Sondre Ørjasæter,M,80,7.2,61,0,1,0.2245,0.511951,3,0,4,47,39,1,0,3,0,5,5,6,3,1,1,0,0,0,0,1,2,0,12,0,0,0,0,0,1,0,2026-09-02T00:09:27.009698+00:00
Eredivisie 2026/2027,FC Twente - PEC Zwolle,2026-08-16T12:30:00+00:00,finished,2,3-1,PEC Zwolle,Thijs Oosting,M,65,6.7,29,0,1,,0.00641774,0,0,2,18,14,1,1,0,0,0,0,5,5,0,2,2,2,1,0,2,0,0,7,3,2,0,0,0,2,0,2026-09-02T00:09:27.009576+00:00
Eredivisie 2026/2027,FC Twente - PEC Zwolle,2026-08-16T12:30:00+00:00,finished,2,3-1,FC Twente,Thomas Van den Belt,M,10,6.7,10,0,0,0.1815,0.0434464,1,1,1,5,4,0,0,1,1,2,1,1,1,0,0,0,0,0,0,0,0,0,2,0,0,0,0,0,0,0,2026-09-02T00:09:27.009745+00:00
Eredivisie 2026/2027,FC Twente - PEC Zwolle,2026-08-16T12:30:00+00:00,finished,2,3-1,PEC Zwolle,Tijs Velthuis,D,10,6.6,7,0,0,,8.67e-06,0,0,0,4,3,0,0,0,0,0,0,0,0,0,0,0,0,1,0,2,0,0,1,0,0,0,0,0,0,0,2026-09-02T00:09:27.009604+00:00
Eredivisie 2026/2027,FC Twente - PEC Zwolle,2026-08-16T12:30:00+00:00,finished,2,3-1,PEC Zwolle,Tobias Sommer,M,90,6.6,30,0,0,0.0275,0.0647259,1,1,0,19,13,4,2,2,1,2,1,2,2,0,0,0,0,1,2,2,0,0,8,1,0,0,0,0,3,0,2026-09-02T00:09:27.009545+00:00
Eredivisie 2026/2027,FC Twente - PEC Zwolle,2026-08-16T12:30:00+00:00,finished,2,3-1,PEC Zwolle,Tom de Graaff,G,0,,0,0,0,,,0,0,0,0,0,0,0,0,0,0,0,0,0,0,0,0,0,0,0,0,0,0,0,0,0,0,0,0,0,0,2026-09-02T00:09:27.009627+00:00
Eredivisie 2026/2027,FC Twente - PEC Zwolle,2026-08-16T12:30:00+00:00,finished,2,3-1,FC Twente,Wout Weghorst,F,82,6.3,26,0,0,0.0485,0.0750758,1,0,2,17,15,0,0,0,0,1,0,2,4,2,2,0,0,0,0,1,1,0,7,0,1,0,0,0,1,0,2026-09-02T00:09:27.009682+00:00
Eredivisie 2026/2027,FC Twente - PEC Zwolle,2026-08-16T12:30:00+00:00,finished,2,3-1,FC Twente,Younes Taha,M,0,,0,0,0,,,0,0,0,0,0,0,0,0,0,0,0,0,0,0,0,0,0,0,0,0,0,0,0,0,0,0,0,0,0,0,2026-09-02T00:09:27.009775+00:00
Eredivisie 2026/2027,Feyenoord - Go Ahead Eagles,2026-08-16T12:30:00+00:00,finished,2,2-2,Feyenoord,,,90,7.8,39,1,1,1.1687,0.058206,5,1,3,27,20,1,0,0,0,1,0,7,4,5,3,0,0,0,0,0,1,0,9,2,0,0,0,0,2,0,2026-09-02T00:09:26.920254+00:00
Eredivisie 2026/2027,Feyenoord - Go Ahead Eagles,2026-08-16T12:30:00+00:00,finished,2,2-2,Go Ahead Eagles,Alfons Sampsted,D,90,6.0,61,0,0,,0.00906805,0,0,0,42,36,6,2,3,0,0,0,0,3,0,1,0,0,6,0,2,0,0,10,0,0,0,0,0,2,0,2026-09-02T00:09:26.920500+00:00
Eredivisie 2026/2027,Feyenoord - Go Ahead Eagles,2026-08-16T12:30:00+00:00,finished,2,2-2,Feyenoord,Anis Hadj Moussa,M,90,8.8,54,0,1,0.2559,0.577527,6,0,4,27,24,2,2,5,2,7,4,6,6,1,1,1,1,0,0,1,1,0,12,0,1,0,0,0,2,0,2026-09-02T00:09:26.920297+00:00
Eredivisie 2026/2027,Feyenoord - Go Ahead Eagles,2026-08-16T12:30:00+00:00,finished,2,2-2,Go Ahead Eagles,Calvin Twigt,M,10,6.6,12,0,0,,0.00538482,0,0,0,6,5,0,0,3,0,0,0,1,1,0,0,1,1,1,0,1,0,0,4,0,0,0,0,0,0,0,2026-09-02T00:09:26.920648+00:00
Eredivisie 2026/2027,Feyenoord - Go Ahead Eagles,2026-08-16T12:30:00+00:00,finished,2,2-2,Feyenoord,Charles Vanhoutte,M,72,7.3,68,0,0,,0.0797317,0,0,1,60,55,2,2,0,0,0,0,3,1,1,1,1,1,0,0,4,0,0,5,1,0,0,0,0,1,0,2026-09-02T00:09:26.920351+00:00
Eredivisie 2026/2027,Feyenoord - Go Ahead Eagles,2026-08-16T12:30:00+00:00,finished,2,2-2,Go Ahead Eagles,Dani Tijman,D,0,,0,0,0,,,0,0,0,0,0,0,0,0,0,0,0,0,0,0,0,0,0,0,0,0,0,0,0,0,0,0,0,0,0,0,2026-09-02T00:09:26.920705+00:00
Eredivisie 2026/2027,Feyenoord - Go Ahead Eagles,2026-08-16T12:30:00+00:00,finished,2,2-2,Go Ahead Eagles,Dean James,D,80,6.2,38,0,0,,0.0265807,0,0,1,18,13,2,1,2,1,0,0,3,3,0,1,1,0,4,1,3,0,0,7,2,0,0,0,0,2,0,2026-09-02T00:09:26.920572+00:00
Eredivisie 2026/2027,Feyenoord - Go Ahead Eagles,2026-08-16T12:30:00+00:00,finished,2,2-2,Go Ahead Eagles,Erik Flataker,F,73,6.5,10,0,0,0.0505,0.00032525,1,0,0,5,5,1,1,0,0,1,0,3,5,1,2,1,1,0,0,1,0,0,2,1,2,0,0,0,2,0,2026-09-02T00:09:26.920588+00:00
Eredivisie 2026/2027,Feyenoord - Go Ahead Eagles,2026-08-16T12:30:00+00:00,finished,2,2-2,Go Ahead Eagles,Eus Waayers,D,0,,0,0,0,,,0,0,0,0,0,0,0,0,0,0,0,0,0,0,0,0,0,0,0,0,0,0,0,0,0,0,0,0,0,0,2026-09-02T00:09:26.920678+00:00
Eredivisie 2026/2027,Feyenoord - Go Ahead Eagles,2026-08-16T12:30:00+00:00,finished,2,2-2,Go Ahead Eagles,Evert Linthorst,M,80,6.7,56,0,1,,0.293602,0,0,2,43,33,7,1,1,1,0,0,1,4,0,1,1,1,4,2,5,0,1,11,0,0,0,0,0,2,0,2026-09-02T00:09:26.920580+00:00
Eredivisie 2026/2027,Feyenoord - Go Ahead Eagles,2026-08-16T12:30:00+00:00,finished,2,2-2,Feyenoord,Gaoussou Diarra,M,64,6.7,33,0,0,0.3177,0.0183789,4,2,0,18,16,1,1,1,0,0,0,1,0,0,0,1,1,2,0,2,1,0,7,0,0,0,0,0,1,0,2026-09-02T00:09:26.920374+00:00
Eredivisie 2026/2027,Feyenoord - Go Ahead Eagles,2026-08-16T12:30:00+00:00,finished,2,2-2,Go Ahead Eagles,Giovanni van Zwam,D,90,7.3,74,0,0,0.1378,0.00688867,1,0,0,60,50,8,2,0,0,0,0,6,4,4,3,2,0,7,0,4,0,0,10,0,1,0,0,0,2,0,2026-09-02T00:09:26.920527+00:00
Eredivisie 2026/2027,Feyenoord - Go Ahead Eagles,2026-08-16T12:30:00+00:00,finished,2,2-2,Feyenoord,Givairo Read,D,65,6.3,35,0,0,0.1386,0.00421686,2,0,0,19,15,2,1,2,0,0,0,1,1,0,0,0,0,3,0,0,2,0,9,1,0,0,0,0,1,0,2026-09-02T00:09:26.920359+00:00
Eredivisie 2026/2027,Feyenoord - Go Ahead Eagles,2026-08-16T12:30:00+00:00,finished,2,2-2,Feyenoord,Gjivai Zechiël,M,90,7.8,66,1,0,0.6175,0.47255,4,1,4,41,38,0,0,3,0,5,4,6,3,0,0,1,1,1,1,6,2,2,10,1,0,0,0,0,2,0,2026-09-02T00:09:26.920308+00:00
Eredivisie 2026/2027,Feyenoord - Go Ahead Eagles,2026-08-16T12:30:00+00:00,finished,2,2-2,Feyenoord,Gonçalo Borges,M,26,6.9,16,0,0,0.0263,0.0220833,1,0,0,6,5,0,0,1,0,2,2,4,1,0,0,2,2,0,0,1,0,1,5,0,0,0,0,0,1,0,2026-09-02T00:09:26.920396+00:00
Eredivisie 2026/2027,Feyenoord - Go Ahead Eagles,2026-08-16T12:30:00+00:00,finished,2,2-2,Feyenoord,Jeremiah St Juste,D,90,6.5,69,0,0,,0.0138268,0,0,0,54,50,2,0,0,0,0,0,4,2,2,1,2,1,7,5,2,0,0,4,0,1,0,0,0,2,0,2026-09-02T00:09:26.920317+00:00
Eredivisie 2026/2027,Feyenoord - Go Ahead Eagles,2026-08-16T12:30:00+00:00,finished,2,2-2,Feyenoord,Jivayno Zinhagel,F,0,,0,0,0,,,0,0,0,0,0,0,0,0,0,0,0,0,0,0,0,0,0,0,0,0,0,0,0,0,0,0,0,0,0,0,2026-09-02T00:09:26.920450+00:00
Eredivisie 2026/2027,Feyenoord - Go Ahead Eagles,2026-08-16T12:30:00+00:00,finished,2,2-2,Feyenoord,Jordan Lotomba,D,25,6.5,11,0,0,,0.00022171,0,0,0,4,2,0,0,1,0,0,0,3,0,0,0,2,1,1,0,0,0,0,3,1,0,0,0,0,1,0,2026-09-02T00:09:26.920416+00:00
Eredivisie 2026/2027,Feyenoord - Go Ahead Eagles,2026-08-16T12:30:00+00:00,finished,2,2-2,Go Ahead Eagles,Joris Kramer,D,90,7.1,82,0,0,0.1353,0.175338,1,0,1,70,62,11,6,1,0,1,0,5,6,4,3,1,1,4,0,2,1,0,11,0,2,0,0,0,2,0,2026-09-02T00:09:26.920535+00:00
Eredivisie 2026/2027,Feyenoord - Go Ahead Eagles,2026-08-16T12:30:00+00:00,finished,2,2-2,Go Ahead Eagles,Kjetil Haug,G,90,6.1,56,0,0,,0.00529851,0,0,0,46,30,21,6,0,0,0,0,0,0,0,0,0,0,0,0,9,0,0,16,0,0,0,0,4,2,0,2026-09-02T00:09:26.920546+00:00
Eredivisie 2026/2027,Feyenoord - Go Ahead Eagles,2026-08-16T12:30:00+00:00,finished,2,2-2,Feyenoord,Liam Bossin,G,0,,0,0,0,,,0,0,0,0,0,0,0,0,0,0,0,0,0,0,0,0,0,0,0,0,0,0,0,0,0,0,0,0,0,0,2026-09-02T00:09:26.920472+00:00
Eredivisie 2026/2027,Feyenoord - Go Ahead Eagles,2026-08-16T12:30:00+00:00,finished,2,2-2,Feyenoord,Luciano Valente,M,87,7.8,71,0,0,0.1172,0.429277,3,1,5,55,47,2,1,0,0,3,2,3,3,0,1,0,0,0,0,9,1,1,11,1,0,0,0,0,2,0,2026-09-02T00:09:26.920343+00:00
Eredivisie 2026/2027,Feyenoord - Go Ahead Eagles,2026-08-16T12:30:00+00:00,finished,2,2-2,Go Ahead Eagles,Mathis Suray,M,90,6.5,36,0,0,0.0126,0.0241972,1,0,3,28,23,5,2,1,0,1,1,2,3,0,0,1,1,0,0,3,0,0,7,0,0,0,0,0,2,0,2026-09-02T00:09:26.920509+00:00
Eredivisie 2026/2027,Feyenoord - Go Ahead Eagles,2026-08-16T12:30:00+00:00,finished,2,2-2,Feyenoord,Mats Deijl,D,0,,0,0,0,,,0,0,0,0,0,0,0,0,0,0,0,0,0,0,0,0,0,0,0,0,0,0,0,0,0,0,0,0,0,0,2026-09-02T00:09:26.920465+00:00
Eredivisie 2026/2027,Feyenoord - Go Ahead Eagles,2026-08-16T12:30:00+00:00,finished,2,2-2,Feyenoord,Mika Mármol,D,90,6.7,98,0,0,0.0602,0.19278,1,0,3,68,53,7,1,2,0,1,0,2,5,0,3,1,1,4,3,6,0,0,20,1,0,0,0,0,2,0,2026-09-02T00:09:26.920334+00:00
Eredivisie 2026/2027,Feyenoord - Go Ahead Eagles,2026-08-16T12:30:00+00:00,finished,2,2-2,Feyenoord,Nacho Ferri,F,0,,0,0,0,,,0,0,0,0,0,0,0,0,0,0,0,0,0,0,0,0,0,0,0,0,0,0,0,0,0,0,0,0,0,0,2026-09-02T00:09:26.920493+00:00
Eredivisie 2026/2027,Feyenoord - Go Ahead Eagles,2026-08-16T12:30:00+00:00,finished,2,2-2,Go Ahead Eagles,Nando Verdoni,G,0,,0,0,0,,,0,0,0,0,0,0,0,0,0,0,0,0,0,0,0,0,0,0,0,0,0,0,0,0,0,0,0,0,0,0,2026-09-02T00:09:26.920697+00:00
Eredivisie 2026/2027,Feyenoord - Go Ahead Eagles,2026-08-16T12:30:00+00:00,finished,2,2-2,Go Ahead Eagles,Nick Marsman,G,0,,0,0,0,,,0,0,0,0,0,0,0,0,0,0,0,0,0,0,0,0,0,0,0,0,0,0,0,0,0,0,0,0,0,0,2026-09-02T00:09:26.920662+00:00
Eredivisie 2026/2027,Feyenoord - Go Ahead Eagles,2026-08-16T12:30:00+00:00,finished,2,2-2,Go Ahead Eagles,Ofosu Boakye,F,0,,0,0,0,,,0,0,0,0,0,0,0,0,0,0,0,0,0,0,0,0,0,0,0,0,0,0,0,0,0,0,0,0,0,0,2026-09-02T00:09:26.920690+00:00
Eredivisie 2026/2027,Feyenoord - Go Ahead Eagles,2026-08-16T12:30:00+00:00,finished,2,2-2,Go Ahead Eagles,Oskar Siira Sivertsen,F,17,6.4,10,0,0,,2.258e-05,0,0,0,4,2,0,0,0,0,2,1,1,3,0,0,0,0,0,0,1,0,1,5,0,1,0,0,0,0,0,2026-09-02T00:09:26.920632+00:00
Eredivisie 2026/2027,Feyenoord - Go Ahead Eagles,2026-08-16T12:30:00+00:00,finished,2,2-2,Feyenoord,Oussama Targhalline,M,0,,0,0,0,,,0,0,0,0,0,0,0,0,0,0,0,0,0,0,0,0,0,0,0,0,0,0,0,0,0,0,0,0,0,0,2026-09-02T00:09:26.920479+00:00
Eredivisie 2026/2027,Feyenoord - Go Ahead Eagles,2026-08-16T12:30:00+00:00,finished,2,2-2,Go Ahead Eagles,Richonell Margaret,F,10,6.6,4,0,0,0.1426,0.00282948,1,1,1,2,1,0,0,0,0,1,0,0,1,0,0,0,0,0,0,0,0,0,2,0,0,0,0,0,0,0,2026-09-02T00:09:26.920655+00:00
Eredivisie 2026/2027,Feyenoord - Go Ahead Eagles,2026-08-16T12:30:00+00:00,finished,2,2-2,Feyenoord,Sem Steijn,M,18,6.7,15,0,0,0.0804,0.00833679,1,1,2,8,6,2,1,2,1,0,0,1,0,0,0,1,1,2,0,2,0,0,3,0,0,0,0,0,1,0,2026-09-02T00:09:26.920433+00:00
Eredivisie 2026/2027,Feyenoord - Go Ahead Eagles,2026-08-16T12:30:00+00:00,finished,2,2-2,Feyenoord,Shaqueel van Persie,F,8,6.4,2,0,0,,,0,0,0,1,0,1,0,0,0,0,0,0,1,0,1,0,0,0,0,0,0,0,1,0,0,0,0,0,0,0,2026-09-02T00:09:26.920442+00:00
Eredivisie 2026/2027,Feyenoord - Go Ahead Eagles,2026-08-16T12:30:00+00:00,finished,2,2-2,Go Ahead Eagles,Stefán Ingi Sigurðarson,F,10,7.6,5,1,0,0.4285,0.000386,1,1,0,4,3,0,0,0,0,0,0,1,0,1,0,0,0,0,0,0,0,0,1,0,0,0,0,0,0,0,2026-09-02T00:09:26.920640+00:00
Eredivisie 2026/2027,Feyenoord - Go Ahead Eagles,2026-08-16T12:30:00+00:00,finished,2,2-2,Go Ahead Eagles,Søren Tengstedt,M,80,7.5,36,1,0,0.2766,0.0105404,2,1,0,23,18,3,1,1,1,0,0,2,1,1,0,1,0,0,1,2,1,1,8,0,0,0,0,0,2,0,2026-09-02T00:09:26.920561+00:00
Eredivisie 2026/2027,Feyenoord - Go Ahead Eagles,2026-08-16T12:30:00+00:00,finished,2,2-2,Go Ahead Eagles,Thibo Baeten,F,22,6.5,7,0,0,0.0159,0.00098379,1,0,0,2,1,0,0,0,0,2,1,2,4,0,0,1,0,0,0,1,0,1,3,0,2,0,0,0,0,0,2026-09-02T00:09:26.920617+00:00
Eredivisie 2026/2027,Feyenoord - Go Ahead Eagles,2026-08-16T12:30:00+00:00,finished,2,2-2,Feyenoord,Thijs Kraaijeveld,M,26,6.4,16,0,0,,0.00077221,0,0,0,16,14,1,0,0,0,0,0,0,1,0,0,0,0,0,0,2,0,0,2,0,1,0,0,0,1,0,2026-09-02T00:09:26.920382+00:00
Eredivisie 2026/2027,Feyenoord - Go Ahead Eagles,2026-08-16T12:30:00+00:00,finished,2,2-2,Feyenoord,Tijme Wessels,D,0,,0,0,0,,,0,0,0,0,0,0,0,0,0,0,0,0,0,0,0,0,0,0,0,0,0,0,0,0,0,0,0,0,0,0,2026-09-02T00:09:26.920457+00:00
Eredivisie 2026/2027,Feyenoord - Go Ahead Eagles,2026-08-16T12:30:00+00:00,finished,2,2-2,Feyenoord,Tjark Ernst,G,90,7.2,44,0,0,,0.00363525,0,0,0,37,26,20,9,0,0,0,0,0,0,0,0,0,0,0,0,9,0,0,11,0,0,0,0,4,2,0,2026-09-02T00:09:26.920325+00:00
Eredivisie 2026/2027,Feyenoord - Go Ahead Eagles,2026-08-16T12:30:00+00:00,finished,2,2-2,Feyenoord,Tobias van den Elshout,M,0,,0,0,0,,,0,0,0,0,0,0,0,0,0,0,0,0,0,0,0,0,0,0,0,0,0,0,0,0,0,0,0,0,0,0,2026-09-02T00:09:26.920486+00:00
Eredivisie 2026/2027,Feyenoord - Go Ahead Eagles,2026-08-16T12:30:00+00:00,finished,2,2-2,Feyenoord,Tsuyoshi Watanabe,D,64,6.6,51,0,0,0.1122,0.0179892,1,0,0,44,41,3,0,0,0,1,0,3,1,3,0,0,0,4,0,4,1,0,5,0,0,0,0,0,1,0,2026-09-02T00:09:26.920366+00:00
Eredivisie 2026/2027,Feyenoord - Go Ahead Eagles,2026-08-16T12:30:00+00:00,finished,2,2-2,Go Ahead Eagles,Victor Edvardsen,F,90,6.0,48,0,0,0.2767,0.0283242,4,3,1,38,26,4,2,0,0,2,0,1,4,0,1,1,1,0,0,2,0,0,15,0,0,0,0,0,2,0,2026-09-02T00:09:26.920518+00:00
Eredivisie 2026/2027,Feyenoord - Go Ahead Eagles,2026-08-16T12:30:00+00:00,finished,2,2-2,Go Ahead Eagles,Yassir Rahmouni,M,68,6.4,48,0,0,0.0305,0.00792904,1,0,0,35,27,5,2,0,0,1,0,1,2,0,0,1,0,2,1,6,0,0,11,0,0,0,0,0,2,0,2026-09-02T00:09:26.920598+00:00
Eredivisie 2026/2027,AFC Ajax - SC Heerenveen,2026-08-16T14:45:00+00:00,finished,2,2-2,AFC Ajax,,,90,7.3,78,0,0,0.0209,0.113231,1,1,1,64,60,8,8,0,0,1,1,4,5,0,2,3,2,2,2,4,0,0,6,0,2,1,0,0,2,0,2026-09-02T00:09:27.116699+00:00
Eredivisie 2026/2027,AFC Ajax - SC Heerenveen,2026-08-16T14:45:00+00:00,finished,2,2-2,AFC Ajax,,,0,,0,0,0,,,0,0,0,0,0,0,0,0,0,0,0,0,0,0,0,0,0,0,0,0,0,0,0,0,0,0,0,0,0,0,2026-09-02T00:09:27.118028+00:00
Eredivisie 2026/2027,AFC Ajax - SC Heerenveen,2026-08-16T14:45:00+00:00,finished,2,2-2,AFC Ajax,,,0,,0,0,0,,,0,0,0,0,0,0,0,0,0,0,0,0,0,0,0,0,0,0,0,0,0,0,0,0,0,0,0,0,0,0,2026-09-02T00:09:27.124515+00:00
Eredivisie 2026/2027,AFC Ajax - SC Heerenveen,2026-08-16T14:45:00+00:00,finished,2,2-2,SC Heerenveen,,,0,,0,0,0,,,0,0,0,0,0,0,0,0,0,0,0,0,0,0,0,0,0,0,0,0,0,0,0,0,0,0,0,0,0,0,2026-09-02T00:09:27.124725+00:00
Eredivisie 2026/2027,AFC Ajax - SC Heerenveen,2026-08-16T14:45:00+00:00,finished,2,2-2,AFC Ajax,Aaron Bouwman,D,90,6.8,93,0,0,,0.018758,0,0,0,88,85,4,3,0,0,0,0,1,4,0,1,1,1,1,0,7,0,1,4,0,2,1,0,0,2,0,2026-09-02T00:09:27.116683+00:00
Eredivisie 2026/2027,AFC Ajax - SC Heerenveen,2026-08-16T14:45:00+00:00,finished,2,2-2,AFC Ajax,Abdellah Ouazane,M,87,8.4,47,1,0,0.1069,0.403909,4,1,3,27,20,0,0,3,2,2,2,6,4,0,0,1,0,1,0,4,2,3,14,3,0,0,0,0,2,0,2026-09-02T00:09:27.116717+00:00
Eredivisie 2026/2027,AFC Ajax - SC Heerenveen,2026-08-16T14:45:00+00:00,finished,2,2-2,SC Heerenveen,Andries Noppert,G,0,,0,0,0,,,0,0,0,0,0,0,0,0,0,0,0,0,0,0,0,0,0,0,0,0,0,0,0,0,0,0,0,0,0,0,2026-09-02T00:09:27.124706+00:00
Eredivisie 2026/2027,AFC Ajax - SC Heerenveen,2026-08-16T14:45:00+00:00,finished,2,2-2,AFC Ajax,Anton Gaaei,D,0,,0,0,0,,,0,0,0,0,0,0,0,0,0,0,0,0,0,0,0,0,0,0,0,0,0,0,0,0,0,0,0,0,0,0,2026-09-02T00:09:27.118042+00:00
Eredivisie 2026/2027,AFC Ajax - SC Heerenveen,2026-08-16T14:45:00+00:00,finished,2,2-2,SC Heerenveen,Bernt Klaverboer,G,90,6.4,52,0,0,,0.00040158,0,0,0,40,29,13,2,0,0,0,0,0,0,0,0,0,0,0,0,9,0,0,11,0,0,0,0,4,2,0,2026-09-02T00:09:27.124538+00:00
Eredivisie 2026/2027,AFC Ajax - SC Heerenveen,2026-08-16T14:45:00+00:00,finished,2,2-2,AFC Ajax,Caio Henrique,D,90,6.5,64,0,1,0.0286,0.0900549,1,0,4,40,34,2,0,7,2,2,1,2,3,0,0,0,0,1,1,2,0,0,16,1,1,0,0,0,2,0,2026-09-02T00:09:27.116627+00:00
Eredivisie 2026/2027,AFC Ajax - SC Heerenveen,2026-08-16T14:45:00+00:00,finished,2,2-2,SC Heerenveen,Darling Bladi,D,0,,0,0,0,,,0,0,0,0,0,0,0,0,0,0,0,0,0,0,0,0,0,0,0,0,0,0,0,0,0,0,0,0,0,0,2026-09-02T00:09:27.124716+00:00
Eredivisie 2026/2027,AFC Ajax - SC Heerenveen,2026-08-16T14:45:00+00:00,finished,2,2-2,AFC Ajax,Davy Klaassen,M,73,6.9,35,0,0,,0.146097,0,0,1,26,24,0,0,1,0,0,0,4,3,1,1,2,1,1,0,4,0,1,4,1,0,0,0,0,1,0,2026-09-02T00:09:27.116733+00:00
Eredivisie 2026/2027,AFC Ajax - SC Heerenveen,2026-08-16T14:45:00+00:00,finished,2,2-2,AFC Ajax,Dies Janse,D,0,,0,0,0,,,0,0,0,0,0,0,0,0,0,0,0,0,0,0,0,0,0,0,0,0,0,0,0,0,0,0,0,0,0,0,2026-09-02T00:09:27.118051+00:00
Eredivisie 2026/2027,AFC Ajax - SC Heerenveen,2026-08-16T14:45:00+00:00,finished,2,2-2,SC Heerenveen,Dirk Wanner Proper,M,90,6.9,60,0,0,0.0818,0.0404476,1,0,1,45,41,1,1,0,0,0,0,2,1,0,0,1,0,4,2,0,0,0,4,1,1,0,0,0,2,0,2026-09-02T00:09:27.124586+00:00
Eredivisie 2026/2027,AFC Ajax - SC Heerenveen,2026-08-16T14:45:00+00:00,finished,2,2-2,SC Heerenveen,Dylan Vente,F,90,6.5,25,0,0,0.2632,0.0107124,3,1,0,14,12,0,0,1,0,0,0,4,4,2,1,0,0,2,0,1,1,1,6,2,1,0,0,0,2,0,2026-09-02T00:09:27.124525+00:00
Eredivisie 2026/2027,AFC Ajax - SC Heerenveen,2026-08-16T14:45:00+00:00,finished,2,2-2,SC Heerenveen,Hristiyan Petrov,D,8,6.6,4,0,0,,0.00308311,0,0,0,4,4,0,0,0,0,0,0,0,1,0,0,0,0,0,0,0,0,0,0,0,1,0,0,0,0,0,2026-09-02T00:09:27.124673+00:00
Eredivisie 2026/2027,AFC Ajax - SC Heerenveen,2026-08-16T14:45:00+00:00,finished,2,2-2,SC Heerenveen,Jacob Trenskow,M,90,7.4,55,1,0,0.2626,0.149972,5,3,2,32,26,2,1,3,0,5,3,5,8,1,0,1,1,2,3,1,1,1,14,0,1,1,0,0,2,0,2026-09-02T00:09:27.124598+00:00
Eredivisie 2026/2027,AFC Ajax - SC Heerenveen,2026-08-16T14:45:00+00:00,finished,2,2-2,SC Heerenveen,Jimte Scholten,D,0,,0,0,0,,,0,0,0,0,0,0,0,0,0,0,0,0,0,0,0,0,0,0,0,0,0,0,0,0,0,0,0,0,0,0,2026-09-02T00:09:27.124741+00:00
Eredivisie 2026/2027,AFC Ajax - SC Heerenveen,2026-08-16T14:45:00+00:00,finished,2,2-2,AFC Ajax,Joeri Heerkens,G,0,,0,0,0,,,0,0,0,0,0,0,0,0,0,0,0,0,0,0,0,0,0,0,0,0,0,0,0,0,0,0,0,0,0,0,2026-09-02T00:09:27.124496+00:00
Eredivisie 2026/2027,AFC Ajax - SC Heerenveen,2026-08-16T14:45:00+00:00,finished,2,2-2,AFC Ajax,Jorthy Mokio,M,17,6.3,10,0,0,,0.016272,0,0,0,4,3,1,0,2,0,0,0,0,1,0,1,0,0,0,0,1,0,0,3,0,0,0,0,0,1,0,2026-09-02T00:09:27.116774+00:00
Eredivisie 2026/2027,AFC Ajax - SC Heerenveen,2026-08-16T14:45:00+00:00,finished,2,2-2,AFC Ajax,Julian Brandt,F,25,6.7,18,0,0,,0.14311,0,0,1,13,12,1,1,3,1,0,0,1,0,0,0,1,0,0,0,0,0,0,3,0,0,0,0,0,1,0,2026-09-02T00:09:27.116766+00:00
Eredivisie 2026/2027,AFC Ajax - SC Heerenveen,2026-08-16T14:45:00+00:00,finished,2,2-2,AFC Ajax,Kasper Dolberg,F,65,6.0,17,0,0,0.8617,9.978e-05,4,1,0,8,4,0,0,0,0,0,0,1,1,1,0,0,0,0,0,0,2,1,6,0,0,0,0,0,1,0,2026-09-02T00:09:27.116741+00:00
Eredivisie 2026/2027,AFC Ajax - SC Heerenveen,2026-08-16T14:45:00+00:00,finished,2,2-2,SC Heerenveen,Kirayno Schaken,F,0,,0,0,0,,,0,0,0,0,0,0,0,0,0,0,0,0,0,0,0,0,0,0,0,0,0,0,0,0,0,0,0,0,0,0,2026-09-02T00:09:27.124733+00:00
Eredivisie 2026/2027,AFC Ajax - SC Heerenveen,2026-08-16T14:45:00+00:00,finished,2,2-2,SC Heerenveen,Lanroy Machine,F,17,6.6,4,0,0,,0.00018015,0,0,0,2,2,0,0,0,0,0,0,1,0,0,0,0,0,0,0,0,0,0,0,1,0,0,0,0,0,0,2026-09-02T00:09:27.124665+00:00
Eredivisie 2026/2027,AFC Ajax - SC Heerenveen,2026-08-16T14:45:00+00:00,finished,2,2-2,SC Heerenveen,Levi Smans,M,0,,0,0,0,,,0,0,0,0,0,0,0,0,0,0,0,0,0,0,0,0,0,0,0,0,0,0,0,0,0,0,0,0,0,0,2026-09-02T00:09:27.124750+00:00
Eredivisie 2026/2027,AFC Ajax - SC Heerenveen,2026-08-16T14:45:00+00:00,finished,2,2-2,SC Heerenveen,Luca Oyen,M,58,6.8,16,0,0,0.3619,0.00776328,1,1,0,9,7,0,0,0,0,1,1,5,4,1,1,1,0,0,0,1,0,1,4,2,0,0,0,0,2,0,2026-09-02T00:09:27.124647+00:00
Eredivisie 2026/2027,AFC Ajax - SC Heerenveen,2026-08-16T14:45:00+00:00,finished,2,2-2,AFC Ajax,Lucas Rosa,D,90,7.4,84,0,0,0.104,0.190358,2,0,2,57,56,4,4,8,3,0,0,7,6,1,1,4,1,3,0,4,1,0,7,2,2,1,0,0,2,0,2026-09-02T00:09:27.116673+00:00
Eredivisie 2026/2027,AFC Ajax - SC Heerenveen,2026-08-16T14:45:00+00:00,finished,2,2-2,SC Heerenveen,Luuk Brouwers,M,0,,0,0,0,,,0,0,0,0,0,0,0,0,0,0,0,0,0,0,0,0,0,0,0,0,0,0,0,0,0,0,0,0,0,0,2026-09-02T00:09:27.124698+00:00
Eredivisie 2026/2027,AFC Ajax - SC Heerenveen,2026-08-16T14:45:00+00:00,finished,2,2-2,AFC Ajax,Maarten Paes,G,0,,0,0,0,,,0,0,0,0,0,0,0,0,0,0,0,0,0,0,0,0,0,0,0,0,0,0,0,0,0,0,0,0,0,0,2026-09-02T00:09:27.124443+00:00
Eredivisie 2026/2027,AFC Ajax - SC Heerenveen,2026-08-16T14:45:00+00:00,finished,2,2-2,SC Heerenveen,Maas Willemsen,D,90,7.0,68,0,0,,0.0364931,0,0,0,64,62,3,3,0,0,0,0,1,1,1,0,0,0,1,0,3,0,0,2,0,1,0,0,0,2,0,2026-09-02T00:09:27.124618+00:00
Eredivisie 2026/2027,AFC Ajax - SC Heerenveen,2026-08-16T14:45:00+00:00,finished,2,2-2,AFC Ajax,Marc-André Ter Stegen,G,90,8.2,48,0,0,,0.00064697,0,0,0,36,34,12,11,0,0,0,0,0,0,0,0,0,0,1,0,11,0,0,2,0,0,0,0,6,2,0,2026-09-02T00:09:27.116709+00:00
Eredivisie 2026/2027,AFC Ajax - SC Heerenveen,2026-08-16T14:45:00+00:00,finished,2,2-2,AFC Ajax,Marcos Leonardo,F,25,6.5,6,0,0,0.2884,0.00018131,2,0,1,2,2,0,0,0,0,0,0,1,0,0,0,1,1,0,0,0,1,0,0,0,0,0,0,0,1,0,2026-09-02T00:09:27.116757+00:00
Eredivisie 2026/2027,AFC Ajax - SC Heerenveen,2026-08-16T14:45:00+00:00,finished,2,2-2,SC Heerenveen,Marcus Linday,M,90,7.0,76,0,0,,0.222325,0,0,4,61,51,0,0,0,0,0,0,0,4,0,0,0,0,5,2,6,0,2,13,0,1,0,0,0,2,0,2026-09-02T00:09:27.124561+00:00
Eredivisie 2026/2027,AFC Ajax - SC Heerenveen,2026-08-16T14:45:00+00:00,finished,2,2-2,SC Heerenveen,Maxence Rivera,M,32,7.4,19,1,0,0.3671,0.00275141,3,2,0,8,7,1,1,0,0,3,0,0,3,0,0,0,0,0,0,0,1,0,5,0,0,0,0,0,0,0,2026-09-02T00:09:27.124656+00:00
Eredivisie 2026/2027,AFC Ajax - SC Heerenveen,2026-08-16T14:45:00+00:00,finished,2,2-2,SC Heerenveen,Nolhan Courtens,M,0,,0,0,0,,,0,0,0,0,0,0,0,0,0,0,0,0,0,0,0,0,0,0,0,0,0,0,0,0,0,0,0,0,0,0,2026-09-02T00:09:27.124682+00:00
Eredivisie 2026/2027,AFC Ajax - SC Heerenveen,2026-08-16T14:45:00+00:00,finished,2,2-2,SC Heerenveen,Oliver Braude,D,87,6.4,68,0,0,,0.0502355,0,0,0,51,38,9,2,1,0,0,0,3,4,1,0,2,1,5,0,9,0,0,14,0,3,0,0,0,2,0,2026-09-02T00:09:27.124627+00:00
Eredivisie 2026/2027,AFC Ajax - SC Heerenveen,2026-08-16T14:45:00+00:00,finished,2,2-2,AFC Ajax,Oliver Valaker Edvardsen,F,9,6.5,7,0,0,,0.00152305,0,0,0,6,6,0,0,1,0,0,0,0,0,0,0,0,0,0,0,0,0,0,1,0,0,0,0,0,0,0,2026-09-02T00:09:27.116782+00:00
Eredivisie 2026/2027,AFC Ajax - SC Heerenveen,2026-08-16T14:45:00+00:00,finished,2,2-2,AFC Ajax,Oscar Gloukh,M,65,7.3,45,0,0,0.2471,0.523236,3,1,3,31,26,1,1,2,1,3,2,3,4,0,0,0,0,0,0,1,1,2,10,1,0,0,0,0,1,0,2026-09-02T00:09:27.116748+00:00
Eredivisie 2026/2027,AFC Ajax - SC Heerenveen,2026-08-16T14:45:00+00:00,finished,2,2-2,AFC Ajax,Owen Wijndal,D,0,,0,0,0,,,0,0,0,0,0,0,0,0,0,0,0,0,0,0,0,0,0,0,0,0,0,0,0,0,0,0,0,0,0,0,2026-09-02T00:09:27.124507+00:00
Eredivisie 2026/2027,AFC Ajax - SC Heerenveen,2026-08-16T14:45:00+00:00,finished,2,2-2,SC Heerenveen,Ringo Meerveld,M,73,6.9,43,0,0,0.0275,0.323028,1,1,2,29,25,1,1,1,1,4,4,7,4,0,1,1,1,0,0,4,0,3,8,2,0,0,0,0,2,0,2026-09-02T00:09:27.124637+00:00
Eredivisie 2026/2027,AFC Ajax - SC Heerenveen,2026-08-16T14:45:00+00:00,finished,2,2-2,SC Heerenveen,Sam Kersten,D,90,7.6,92,0,1,,0.0381025,0,0,1,75,73,6,4,0,0,0,0,5,1,1,1,4,3,4,3,3,0,0,4,0,0,0,0,0,2,0,2026-09-02T00:09:27.124608+00:00
Eredivisie 2026/2027,AFC Ajax - SC Heerenveen,2026-08-16T14:45:00+00:00,finished,2,2-2,AFC Ajax,Steven Berghuis,F,86,6.7,61,0,0,0.2099,0.0597876,3,0,1,43,36,3,2,8,0,3,3,4,2,0,0,0,0,0,0,1,0,0,15,1,1,0,0,0,2,0,2026-09-02T00:09:27.116725+00:00
Eredivisie 2026/2027,AFC Ajax - SC Heerenveen,2026-08-16T14:45:00+00:00,finished,2,2-2,SC Heerenveen,Timo Schreuder,G,0,,0,0,0,,,0,0,0,0,0,0,0,0,0,0,0,0,0,0,0,0,0,0,0,0,0,0,0,0,0,0,0,0,0,0,2026-09-02T00:09:27.124690+00:00
Eredivisie 2026/2027,AFC Ajax - SC Heerenveen,2026-08-16T14:45:00+00:00,finished,2,2-2,AFC Ajax,Tolu Arokodare,F,8,6.4,1,0,0,0.0513,,1,0,0,0,0,0,0,0,0,0,0,0,1,0,1,0,0,0,0,0,1,0,0,0,0,0,0,0,0,0,2026-09-02T00:09:27.116791+00:00
Eredivisie 2026/2027,AFC Ajax - SC Heerenveen,2026-08-16T14:45:00+00:00,finished,2,2-2,SC Heerenveen,Vasilios Zagaritis,D,90,6.6,50,0,0,,0.0279545,0,0,1,28,28,1,1,2,0,2,2,3,2,1,0,0,0,5,1,1,0,1,7,0,1,0,0,0,2,0,2026-09-02T00:09:27.124550+00:00
Eredivisie 2026/2027,AFC Ajax - SC Heerenveen,2026-08-16T14:45:00+00:00,finished,2,2-2,AFC Ajax,Youri Baas,D,90,6.8,91,0,0,0.0816,0.0680353,2,0,1,72,66,2,0,0,0,0,0,3,2,1,1,1,0,9,1,5,1,0,7,1,0,0,0,0,2,0,2026-09-02T00:09:27.116691+00:00
Eredivisie 2026/2027,Fortuna Sittard - AZ Alkmaar,2026-08-22T14:30:00+00:00,finished,3,0-2,AZ Alkmaar,,,0,,0,0,0,,,0,0,0,0,0,0,0,0,0,0,0,0,0,0,0,0,0,0,0,0,0,0,0,0,0,0,0,0,0,0,2026-09-02T00:09:27.294509+00:00
Eredivisie 2026/2027,Fortuna Sittard - AZ Alkmaar,2026-08-22T14:30:00+00:00,finished,3,0-2,Fortuna Sittard,Anthony Descotte,F,45,6.7,15,0,0,,0.0054213,0,0,0,8,6,1,1,0,0,1,1,2,0,0,0,1,1,1,0,1,0,0,5,0,0,0,0,0,0,0,2026-09-02T00:09:27.291939+00:00
Eredivisie 2026/2027,Fortuna Sittard - AZ Alkmaar,2026-08-22T14:30:00+00:00,finished,3,0-2,AZ Alkmaar,Ayoub Oufkir,M,9,6.7,12,0,0,0.1171,0.237846,2,1,1,9,7,0,0,0,0,1,1,1,1,0,0,0,0,0,0,2,1,0,2,0,1,1,0,0,0,0,2026-09-02T00:09:27.293767+00:00
Eredivisie 2026/2027,Fortuna Sittard - AZ Alkmaar,2026-08-22T14:30:00+00:00,finished,3,0-2,AZ Alkmaar,Bendegúz Kovács,F,0,,0,0,0,,,0,0,0,0,0,0,0,0,0,0,0,0,0,0,0,0,0,0,0,0,0,0,0,0,0,0,0,0,0,0,2026-09-02T00:09:27.294998+00:00
Eredivisie 2026/2027,Fortuna Sittard - AZ Alkmaar,2026-08-22T14:30:00+00:00,finished,3,0-2,AZ Alkmaar,Billy van Duijl,D,0,,0,0,0,,,0,0,0,0,0,0,0,0,0,0,0,0,0,0,0,0,0,0,0,0,0,0,0,0,0,0,0,0,0,0,2026-09-02T00:09:27.293845+00:00
Eredivisie 2026/2027,Fortuna Sittard - AZ Alkmaar,2026-08-22T14:30:00+00:00,finished,3,0-2,AZ Alkmaar,Calvin Stengs,M,50,7.8,43,0,1,0.1488,1.1326,2,0,4,29,21,0,0,4,2,3,1,2,3,0,0,1,1,0,0,3,1,1,14,0,0,0,0,0,0,0,2026-09-02T00:09:27.293564+00:00
Eredivisie 2026/2027,Fortuna Sittard - AZ Alkmaar,2026-08-22T14:30:00+00:00,finished,3,0-2,AZ Alkmaar,Dave Kwakman,M,45,7.1,70,0,0,,0.242811,0,0,1,66,61,2,1,1,0,0,0,2,2,1,1,0,0,0,0,3,0,0,6,1,0,0,0,0,0,0,2026-09-02T00:09:27.293609+00:00
Eredivisie 2026/2027,Fortuna Sittard - AZ Alkmaar,2026-08-22T14:30:00+00:00,finished,3,0-2,Fortuna Sittard,David Stockbrink,F,0,,0,0,0,,,0,0,0,0,0,0,0,0,0,0,0,0,0,0,0,0,0,0,0,0,0,0,0,0,0,0,0,0,0,0,2026-09-02T00:09:27.292608+00:00
Eredivisie 2026/2027,Fortuna Sittard - AZ Alkmaar,2026-08-22T14:30:00+00:00,finished,3,0-2,AZ Alkmaar,Elijah Dijkstra,D,86,5.6,92,0,0,0.0442,0.175833,2,0,1,69,58,3,2,2,0,1,0,3,5,1,1,1,0,0,1,6,2,1,18,1,1,0,0,0,0,0,2026-09-02T00:09:27.293331+00:00
Eredivisie 2026/2027,Fortuna Sittard - AZ Alkmaar,2026-08-22T14:30:00+00:00,finished,3,0-2,AZ Alkmaar,Hessel de Wit,M,0,,0,0,0,,,0,0,0,0,0,0,0,0,0,0,0,0,0,0,0,0,0,0,0,0,0,0,0,0,0,0,0,0,0,0,2026-09-02T00:09:27.294534+00:00
Eredivisie 2026/2027,Fortuna Sittard - AZ Alkmaar,2026-08-22T14:30:00+00:00,finished,3,0-2,AZ Alkmaar,Hobie Verhulst,G,0,,0,0,0,,,0,0,0,0,0,0,0,0,0,0,0,0,0,0,0,0,0,0,0,0,0,0,0,0,0,0,0,0,0,0,2026-09-02T00:09:27.293818+00:00
Eredivisie 2026/2027,Fortuna Sittard - AZ Alkmaar,2026-08-22T14:30:00+00:00,finished,3,0-2,Fortuna Sittard,Ivo Pinto,D,50,6.8,22,0,0,0.1099,0.00358124,1,1,0,12,10,2,1,0,0,1,0,2,2,0,0,1,1,2,0,2,0,0,4,1,0,0,0,0,2,0,2026-09-02T00:09:27.291931+00:00
Eredivisie 2026/2027,Fortuna Sittard - AZ Alkmaar,2026-08-22T14:30:00+00:00,finished,3,0-2,AZ Alkmaar,Jari De Busser,G,95,7.8,27,0,0,,0.0003597,0,0,0,19,18,2,1,0,0,0,0,0,0,0,0,0,0,0,0,11,0,0,1,0,0,0,0,2,0,0,2026-09-02T00:09:27.293233+00:00
Eredivisie 2026/2027,Fortuna Sittard - AZ Alkmaar,2026-08-22T14:30:00+00:00,finished,3,0-2,Fortuna Sittard,Jasper Dahlhaus,D,29,6.4,17,0,0,,0.00142215,0,0,0,10,8,1,0,1,0,0,0,2,0,1,0,0,0,1,0,0,0,0,5,1,0,0,0,0,1,0,2026-09-02T00:09:27.291975+00:00
Eredivisie 2026/2027,Fortuna Sittard - AZ Alkmaar,2026-08-22T14:30:00+00:00,finished,3,0-2,AZ Alkmaar,Jizz Hornkamp,F,50,8.1,10,2,0,2.3124,0.0270932,5,5,0,2,2,0,0,0,0,0,0,1,1,0,0,1,1,0,0,0,0,0,2,0,1,0,0,0,0,0,2026-09-02T00:09:27.293587+00:00
Eredivisie 2026/2027,Fortuna Sittard - AZ Alkmaar,2026-08-22T14:30:00+00:00,finished,3,0-2,AZ Alkmaar,Jordy Clasie,M,26,6.8,31,0,0,,0.0255824,0,0,1,30,28,2,1,0,0,0,0,1,0,0,0,1,1,0,0,1,0,0,2,0,0,0,0,0,0,0,2026-09-02T00:09:27.293694+00:00
Eredivisie 2026/2027,Fortuna Sittard - AZ Alkmaar,2026-08-22T14:30:00+00:00,finished,3,0-2,Fortuna Sittard,Justin Hubner,D,95,6.8,52,0,0,,0.00523078,0,0,0,36,31,5,2,0,0,0,0,2,1,0,0,2,2,8,1,2,0,1,6,0,0,0,0,0,2,0,2026-09-02T00:09:27.291855+00:00
Eredivisie 2026/2027,Fortuna Sittard - AZ Alkmaar,2026-08-22T14:30:00+00:00,finished,3,0-2,Fortuna Sittard,Kaylen Reitmaier,G,0,,0,0,0,,,0,0,0,0,0,0,0,0,0,0,0,0,0,0,0,0,0,0,0,0,0,0,0,0,0,0,0,0,0,0,2026-09-02T00:09:27.292967+00:00
Eredivisie 2026/2027,Fortuna Sittard - AZ Alkmaar,2026-08-22T14:30:00+00:00,finished,3,0-2,AZ Alkmaar,Kees Smit,M,69,6.4,67,0,0,0.2962,0.548313,1,0,2,57,50,2,1,0,0,0,0,0,6,0,0,0,0,0,0,0,0,2,12,0,4,0,0,0,0,0,2026-09-02T00:09:27.293347+00:00
Eredivisie 2026/2027,Fortuna Sittard - AZ Alkmaar,2026-08-22T14:30:00+00:00,finished,3,0-2,Fortuna Sittard,Lequincio Zeefuik,F,95,6.5,35,0,0,0.116,0.00363187,1,0,1,10,5,0,0,0,0,4,0,3,12,0,2,0,0,3,0,1,0,2,18,3,5,0,0,0,2,0,2026-09-02T00:09:27.291790+00:00
Eredivisie 2026/2027,Fortuna Sittard - AZ Alkmaar,2026-08-22T14:30:00+00:00,finished,3,0-2,AZ Alkmaar,Lewis Schouten,D,95,7.3,49,0,0,0.0621,0.0118795,1,0,0,41,37,3,3,0,0,0,0,4,2,3,0,1,1,1,1,5,1,0,4,1,2,0,0,0,0,0,2026-09-02T00:09:27.293300+00:00
Eredivisie 2026/2027,Fortuna Sittard - AZ Alkmaar,2026-08-22T14:30:00+00:00,finished,3,0-2,Fortuna Sittard,Luuk Koopmans,G,0,,0,0,0,,,0,0,0,0,0,0,0,0,0,0,0,0,0,0,0,0,0,0,0,0,0,0,0,0,0,0,0,0,0,0,2026-09-02T00:09:27.292054+00:00
Eredivisie 2026/2027,Fortuna Sittard - AZ Alkmaar,2026-08-22T14:30:00+00:00,finished,3,0-2,AZ Alkmaar,Mateo Chávez,D,95,7.6,84,0,0,,0.718157,0,0,3,66,58,3,1,4,1,1,0,3,2,0,0,0,0,1,0,5,0,1,17,3,0,0,0,0,0,0,2026-09-02T00:09:27.293311+00:00
Eredivisie 2026/2027,Fortuna Sittard - AZ Alkmaar,2026-08-22T14:30:00+00:00,finished,3,0-2,Fortuna Sittard,Mattijs Branderhorst,G,95,8.9,68,0,0,,0.00417474,0,0,0,51,26,36,11,0,0,1,1,2,0,0,0,0,0,2,0,12,0,0,25,1,0,0,0,9,2,0,2026-09-02T00:09:27.291889+00:00
Eredivisie 2026/2027,Fortuna Sittard - AZ Alkmaar,2026-08-22T14:30:00+00:00,finished,3,0-2,AZ Alkmaar,Mexx Meerdink,F,86,6.3,27,0,0,1.1911,0.103296,6,2,0,8,6,0,0,0,0,1,1,7,2,2,0,2,1,2,0,1,2,1,4,2,1,0,0,0,0,0,2026-09-02T00:09:27.293339+00:00
Eredivisie 2026/2027,Fortuna Sittard - AZ Alkmaar,2026-08-22T14:30:00+00:00,finished,3,0-2,Fortuna Sittard,Mohamed Ihattaren,M,29,6.4,11,0,0,0.1752,0.00142697,1,0,0,6,2,2,1,1,0,2,1,1,2,0,1,0,0,0,0,2,0,0,6,0,0,0,0,0,1,0,2026-09-02T00:09:27.291954+00:00
Eredivisie 2026/2027,Fortuna Sittard - AZ Alkmaar,2026-08-22T14:30:00+00:00,finished,3,0-2,Fortuna Sittard,Moussa Gbemou,M,0,,0,0,0,,,0,0,0,0,0,0,0,0,0,0,0,0,0,0,0,0,0,0,0,0,0,0,0,0,0,0,0,0,0,0,2026-09-02T00:09:27.292040+00:00
Eredivisie 2026/2027,Fortuna Sittard - AZ Alkmaar,2026-08-22T14:30:00+00:00,finished,3,0-2,Fortuna Sittard,Nick de Groot,D,66,6.6,30,0,0,,0.00076127,0,0,0,14,8,3,0,1,0,1,1,3,0,0,0,2,0,2,0,0,0,0,8,0,0,0,0,0,1,0,2026-09-02T00:09:27.291914+00:00
Eredivisie 2026/2027,Fortuna Sittard - AZ Alkmaar,2026-08-22T14:30:00+00:00,finished,3,0-2,Fortuna Sittard,Ole Romeny,F,5,3.0,1,0,0,,,0,0,0,1,0,0,0,0,0,0,0,0,1,0,0,0,0,0,0,0,0,0,1,0,1,0,1,0,2,0,2026-09-02T00:09:27.292026+00:00
Eredivisie 2026/2027,Fortuna Sittard - AZ Alkmaar,2026-08-22T14:30:00+00:00,finished,3,0-2,AZ Alkmaar,Peer Koopmeiners,M,95,7.8,123,0,0,0.0926,0.301339,3,1,2,101,99,4,4,7,1,1,1,5,3,0,0,3,2,2,1,4,0,1,11,1,1,0,0,0,0,0,2026-09-02T00:09:27.292992+00:00
Eredivisie 2026/2027,Fortuna Sittard - AZ Alkmaar,2026-08-22T14:30:00+00:00,finished,3,0-2,Fortuna Sittard,Philip Brittijn,M,95,6.5,31,0,0,,0.00592693,0,0,0,18,16,2,2,0,0,2,0,1,3,0,1,0,0,5,2,3,0,0,4,1,0,0,0,0,2,0,2026-09-02T00:09:27.291870+00:00
Eredivisie 2026/2027,Fortuna Sittard - AZ Alkmaar,2026-08-22T14:30:00+00:00,finished,3,0-2,AZ Alkmaar,Rion Ichihara,D,0,,0,0,0,,,0,0,0,0,0,0,0,0,0,0,0,0,0,0,0,0,0,0,0,0,0,0,0,0,0,0,0,0,0,0,2026-09-02T00:09:27.293830+00:00
Eredivisie 2026/2027,Fortuna Sittard - AZ Alkmaar,2026-08-22T14:30:00+00:00,finished,3,0-2,AZ Alkmaar,Ro-Zangelo Daal,M,95,6.7,72,0,0,0.1395,0.339155,3,2,2,54,47,0,0,4,0,2,2,3,2,0,1,1,0,0,0,1,1,0,17,0,0,0,0,0,0,0,2026-09-02T00:09:27.293322+00:00
Eredivisie 2026/2027,Fortuna Sittard - AZ Alkmaar,2026-08-22T14:30:00+00:00,finished,3,0-2,Fortuna Sittard,Rodrigo Guth,D,20,6.9,14,0,0,,0.00095016,0,0,0,11,8,2,0,0,0,0,0,2,1,0,0,2,1,1,0,2,0,0,3,0,0,0,0,0,1,0,2026-09-02T00:09:27.292005+00:00
Eredivisie 2026/2027,Fortuna Sittard - AZ Alkmaar,2026-08-22T14:30:00+00:00,finished,3,0-2,AZ Alkmaar,Rome Jayden Owusu-Oduro,G,0,,0,0,0,,,0,0,0,0,0,0,0,0,0,0,0,0,0,0,0,0,0,0,0,0,0,0,0,0,0,0,0,0,0,0,2026-09-02T00:09:27.293788+00:00
Eredivisie 2026/2027,Fortuna Sittard - AZ Alkmaar,2026-08-22T14:30:00+00:00,finished,3,0-2,AZ Alkmaar,Seiya Maikuma,D,9,6.8,5,0,0,,0.0081189,0,0,0,2,2,0,0,0,0,0,0,1,0,0,0,1,1,0,0,1,0,0,1,0,0,0,0,0,0,0,2026-09-02T00:09:27.293713+00:00
Eredivisie 2026/2027,Fortuna Sittard - AZ Alkmaar,2026-08-22T14:30:00+00:00,finished,3,0-2,Fortuna Sittard,Shiloh 't Zand,M,66,7.2,23,0,0,0.0432,0.120245,1,1,1,13,8,3,1,2,1,1,0,4,4,1,1,2,2,0,0,5,0,0,8,1,1,0,0,0,1,0,2026-09-02T00:09:27.291921+00:00
Eredivisie 2026/2027,Fortuna Sittard - AZ Alkmaar,2026-08-22T14:30:00+00:00,finished,3,0-2,Fortuna Sittard,Siebe Wylin,D,75,6.3,18,0,0,,0.00051086,0,0,0,7,3,2,0,0,0,0,0,1,1,1,0,0,0,4,0,2,0,0,4,0,0,0,0,0,1,0,2026-09-02T00:09:27.291898+00:00
Eredivisie 2026/2027,Fortuna Sittard - AZ Alkmaar,2026-08-22T14:30:00+00:00,finished,3,0-2,Fortuna Sittard,Syb Van Ottele,D,67,6.9,25,0,0,,0.00601909,0,0,0,16,11,8,4,0,0,0,0,2,1,0,1,2,1,4,0,2,0,0,5,0,0,0,0,0,1,0,2026-09-02T00:09:27.291906+00:00
Eredivisie 2026/2027,Fortuna Sittard - AZ Alkmaar,2026-08-22T14:30:00+00:00,finished,3,0-2,AZ Alkmaar,Weslley Patati,F,45,6.3,55,0,0,0.0269,0.236124,1,0,2,44,43,0,0,5,4,0,0,0,2,0,0,0,0,0,0,1,0,1,5,0,0,0,0,0,0,0,2026-09-02T00:09:27.293629+00:00
Eredivisie 2026/2027,Fortuna Sittard - AZ Alkmaar,2026-08-22T14:30:00+00:00,finished,3,0-2,AZ Alkmaar,Wouter Goes,D,95,7.4,57,0,0,,0.0461889,0,0,1,47,40,6,4,0,0,0,0,3,0,1,0,2,2,2,3,6,0,0,8,0,0,0,0,0,0,0,2026-09-02T00:09:27.293281+00:00
Eredivisie 2026/2027,Fortuna Sittard - AZ Alkmaar,2026-08-22T14:30:00+00:00,finished,3,0-2,Fortuna Sittard,Yassin Oukili,M,28,6.5,10,0,0,,0.00292752,0,0,0,8,6,1,1,0,0,0,0,0,1,0,0,0,0,0,0,1,0,1,3,0,0,0,0,0,1,0,2026-09-02T00:09:27.291991+00:00
Eredivisie 2026/2027,Fortuna Sittard - AZ Alkmaar,2026-08-22T14:30:00+00:00,finished,3,0-2,Fortuna Sittard,Édouard Michut,M,95,6.7,48,0,0,,0.00688032,0,0,0,30,28,2,0,0,0,2,1,4,7,0,2,0,0,3,2,6,0,0,4,3,2,0,0,0,2,0,2026-09-02T00:09:27.291879+00:00
Eredivisie 2026/2027,Sparta Rotterdam - FC Utrecht,2026-08-22T16:45:00+00:00,finished,3,3-3,FC Utrecht,,,18,6.1,6,0,0,,3.96e-05,0,0,0,5,4,1,0,0,0,0,0,0,3,0,3,0,0,1,0,1,0,0,1,0,0,0,0,0,1,0,2026-09-02T00:09:27.432561+00:00
Eredivisie 2026/2027,Sparta Rotterdam - FC Utrecht,2026-08-22T16:45:00+00:00,finished,3,3-3,FC Utrecht,,,17,6.6,13,0,0,,0.00425634,0,0,0,9,8,0,0,0,0,1,1,3,2,1,0,1,0,0,0,1,0,1,3,0,1,0,0,0,1,0,2026-09-02T00:09:27.432604+00:00
Eredivisie 2026/2027,Sparta Rotterdam - FC Utrecht,2026-08-22T16:45:00+00:00,finished,3,3-3,FC Utrecht,,,0,,0,0,0,,,0,0,0,0,0,0,0,0,0,0,0,0,0,0,0,0,0,0,0,0,0,0,0,0,0,0,0,0,0,0,2026-09-02T00:09:27.432694+00:00
Eredivisie 2026/2027,Sparta Rotterdam - FC Utrecht,2026-08-22T16:45:00+00:00,finished,3,3-3,FC Utrecht,,,0,,0,0,0,,,0,0,0,0,0,0,0,0,0,0,0,0,0,0,0,0,0,0,0,0,0,0,0,0,0,0,0,0,0,0,2026-09-02T00:09:27.432710+00:00
Eredivisie 2026/2027,Sparta Rotterdam - FC Utrecht,2026-08-22T16:45:00+00:00,finished,3,3-3,Sparta Rotterdam,,,62,6.4,14,0,0,,0.0003461,0,0,0,7,4,0,0,0,0,1,0,4,7,1,3,0,0,0,0,1,0,1,6,3,2,0,0,0,2,0,2026-09-02T00:09:27.432789+00:00
Eredivisie 2026/2027,Sparta Rotterdam - FC Utrecht,2026-08-22T16:45:00+00:00,finished,3,3-3,FC Utrecht,Adrian Blake,F,17,8.0,13,1,0,0.0397,0.00106904,1,1,0,5,3,0,0,0,0,3,3,5,2,0,0,0,0,1,0,3,0,1,3,2,1,0,0,0,1,0,2026-09-02T00:09:27.432621+00:00
Eredivisie 2026/2027,Sparta Rotterdam - FC Utrecht,2026-08-22T16:45:00+00:00,finished,3,3-3,Sparta Rotterdam,Alwande Roaldsoy,M,0,,0,0,0,,,0,0,0,0,0,0,0,0,0,0,0,0,0,0,0,0,0,0,0,0,0,0,0,0,0,0,0,0,0,0,2026-09-02T00:09:27.432916+00:00
Eredivisie 2026/2027,Sparta Rotterdam - FC Utrecht,2026-08-22T16:45:00+00:00,finished,3,3-3,FC Utrecht,Artem Stepanov,F,73,7.1,32,1,0,0.9712,0.137506,2,1,2,21,18,0,0,0,0,0,0,2,5,0,1,1,1,0,0,2,1,1,7,1,3,0,0,0,2,0,2026-09-02T00:09:27.432528+00:00
Eredivisie 2026/2027,Sparta Rotterdam - FC Utrecht,2026-08-22T16:45:00+00:00,finished,3,3-3,FC Utrecht,Arthur Zagre,D,90,6.3,65,0,0,0.0265,0.0575101,1,0,2,43,33,7,2,2,0,1,1,5,5,0,3,3,2,0,3,5,1,2,16,1,0,0,0,0,3,0,2026-09-02T00:09:27.432472+00:00
Eredivisie 2026/2027,Sparta Rotterdam - FC Utrecht,2026-08-22T16:45:00+00:00,finished,3,3-3,Sparta Rotterdam,Ayoni Santos,M,90,7.2,56,0,0,0.1283,0.0770206,2,0,0,33,29,4,2,6,2,3,1,6,4,1,2,2,1,0,0,4,1,0,11,2,0,0,0,0,3,0,2026-09-02T00:09:27.432719+00:00
Eredivisie 2026/2027,Sparta Rotterdam - FC Utrecht,2026-08-22T16:45:00+00:00,finished,3,3-3,Sparta Rotterdam,Bas Kuipers,D,90,7.7,65,0,1,,0.483364,0,0,1,50,46,5,3,1,0,1,1,5,0,1,0,1,1,1,0,2,0,0,6,2,0,0,0,0,3,0,2026-09-02T00:09:27.432752+00:00
Eredivisie 2026/2027,Sparta Rotterdam - FC Utrecht,2026-08-22T16:45:00+00:00,finished,3,3-3,Sparta Rotterdam,Boyd Reith,D,0,,0,0,0,,,0,0,0,0,0,0,0,0,0,0,0,0,0,0,0,0,0,0,0,0,0,0,0,0,0,0,0,0,0,0,2026-09-02T00:09:27.432892+00:00
Eredivisie 2026/2027,Sparta Rotterdam - FC Utrecht,2026-08-22T16:45:00+00:00,finished,3,3-3,Sparta Rotterdam,Bruno Martins Indi,D,62,6.5,68,0,0,0.0457,0.0130244,1,0,0,58,50,8,2,0,0,0,0,3,0,0,0,1,0,0,1,4,0,0,8,2,0,0,0,0,2,0,2026-09-02T00:09:27.432817+00:00
Eredivisie 2026/2027,Sparta Rotterdam - FC Utrecht,2026-08-22T16:45:00+00:00,finished,3,3-3,Sparta Rotterdam,Casper Terho,F,12,6.4,5,0,0,0.1347,1.788e-05,2,1,0,3,1,0,0,0,0,0,0,1,2,1,0,0,0,0,0,1,1,0,2,0,1,0,0,0,0,0,2026-09-02T00:09:27.432846+00:00
Eredivisie 2026/2027,Sparta Rotterdam - FC Utrecht,2026-08-22T16:45:00+00:00,finished,3,3-3,FC Utrecht,Dani De Wit,M,90,6.3,37,0,0,,0.073811,0,0,1,26,23,1,0,1,1,0,0,2,7,0,3,1,1,4,1,3,0,0,3,1,2,0,0,0,3,0,2026-09-02T00:09:27.432493+00:00
Eredivisie 2026/2027,Sparta Rotterdam - FC Utrecht,2026-08-22T16:45:00+00:00,finished,3,3-3,FC Utrecht,Davy van den Berg,M,90,6.6,59,0,0,0.145,0.15217,2,1,2,43,36,3,0,4,2,0,0,2,3,1,1,1,0,2,0,3,0,2,11,0,0,0,0,0,3,0,2026-09-02T00:09:27.432397+00:00
Eredivisie 2026/2027,Sparta Rotterdam - FC Utrecht,2026-08-22T16:45:00+00:00,finished,3,3-3,Sparta Rotterdam,Filip Bednarek,G,90,5.8,44,0,0,,0.00113384,0,0,0,39,32,13,7,0,0,0,0,0,0,0,0,0,0,0,0,8,0,0,7,0,0,0,0,1,3,0,2026-09-02T00:09:27.432760+00:00
Eredivisie 2026/2027,Sparta Rotterdam - FC Utrecht,2026-08-22T16:45:00+00:00,finished,3,3-3,Sparta Rotterdam,Giannino Vianello,D,0,,0,0,0,,,0,0,0,0,0,0,0,0,0,0,0,0,0,0,0,0,0,0,0,0,0,0,0,0,0,0,0,0,0,0,2026-09-02T00:09:27.432901+00:00
Eredivisie 2026/2027,Sparta Rotterdam - FC Utrecht,2026-08-22T16:45:00+00:00,finished,3,3-3,FC Utrecht,Guus Offerhaus,D,13,6.4,5,0,0,,0.00155871,0,0,0,2,2,0,0,0,0,0,0,1,0,0,0,1,1,1,0,0,0,0,0,0,0,0,0,0,1,0,2026-09-02T00:09:27.432630+00:00
Eredivisie 2026/2027,Sparta Rotterdam - FC Utrecht,2026-08-22T16:45:00+00:00,finished,3,3-3,Sparta Rotterdam,Jens Toornstra,M,0,,0,0,0,,,0,0,0,0,0,0,0,0,0,0,0,0,0,0,0,0,0,0,0,0,0,0,0,0,0,0,0,0,0,0,2026-09-02T00:09:27.432909+00:00
Eredivisie 2026/2027,Sparta Rotterdam - FC Utrecht,2026-08-22T16:45:00+00:00,finished,3,3-3,Sparta Rotterdam,Joel Ideho,M,11,7.4,13,0,1,,0.360027,0,0,3,6,5,0,0,3,2,0,0,1,1,0,0,1,1,0,1,1,0,0,4,0,1,0,0,0,0,0,2026-09-02T00:09:27.432854+00:00
Eredivisie 2026/2027,Sparta Rotterdam - FC Utrecht,2026-08-22T16:45:00+00:00,finished,3,3-3,Sparta Rotterdam,Julian Baas,M,86,7.0,67,0,0,,0.0688423,0,0,1,52,50,6,5,5,2,0,0,3,3,2,0,1,1,2,1,5,0,2,8,0,1,0,0,0,3,0,2026-09-02T00:09:27.432767+00:00
Eredivisie 2026/2027,Sparta Rotterdam - FC Utrecht,2026-08-22T16:45:00+00:00,finished,3,3-3,FC Utrecht,Kevin Gadellaa,G,0,,0,0,0,,,0,0,0,0,0,0,0,0,0,0,0,0,0,0,0,0,0,0,0,0,0,0,0,0,0,0,0,0,0,0,2026-09-02T00:09:27.432684+00:00
Eredivisie 2026/2027,Sparta Rotterdam - FC Utrecht,2026-08-22T16:45:00+00:00,finished,3,3-3,FC Utrecht,Kevin Paredes,M,27,6.4,11,0,0,0.0402,0.0250909,1,0,0,7,7,0,0,0,0,0,0,1,2,0,0,0,0,0,0,0,1,1,1,1,1,0,0,0,1,0,2026-09-02T00:09:27.432553+00:00
Eredivisie 2026/2027,Sparta Rotterdam - FC Utrecht,2026-08-22T16:45:00+00:00,finished,3,3-3,Sparta Rotterdam,Lushendry Edward Martes,D,90,6.4,72,0,0,,0.196406,0,0,3,48,38,6,3,1,0,0,0,5,6,4,0,0,0,0,1,1,0,2,19,1,2,0,0,0,3,0,2026-09-02T00:09:27.432735+00:00
Eredivisie 2026/2027,Sparta Rotterdam - FC Utrecht,2026-08-22T16:45:00+00:00,finished,3,3-3,Sparta Rotterdam,Marvin Young,D,79,7.3,52,1,0,0.1417,0.0122032,1,1,0,45,39,7,4,0,0,0,0,3,2,0,0,2,1,2,0,0,0,0,6,1,2,0,0,0,3,0,2026-09-02T00:09:27.432775+00:00
Eredivisie 2026/2027,Sparta Rotterdam - FC Utrecht,2026-08-22T16:45:00+00:00,finished,3,3-3,FC Utrecht,Matisse Didden,D,90,7.7,65,1,0,0.2173,0.00344945,1,1,0,46,36,8,2,0,0,0,0,5,3,2,1,1,0,9,0,2,0,0,10,2,2,0,0,0,3,0,2026-09-02T00:09:27.432454+00:00
Eredivisie 2026/2027,Sparta Rotterdam - FC Utrecht,2026-08-22T16:45:00+00:00,finished,3,3-3,FC Utrecht,Michael Brouwer,G,0,,0,0,0,,,0,0,0,0,0,0,0,0,0,0,0,0,0,0,0,0,0,0,0,0,0,0,0,0,0,0,0,0,0,0,2026-09-02T00:09:27.432703+00:00
Eredivisie 2026/2027,Sparta Rotterdam - FC Utrecht,2026-08-22T16:45:00+00:00,finished,3,3-3,Sparta Rotterdam,Milan Zonneveld,F,28,7.7,10,1,0,0.9014,0.0796355,2,2,1,6,2,0,0,0,0,0,0,2,0,2,0,0,0,0,0,0,0,0,5,0,0,0,0,0,1,0,2026-09-02T00:09:27.432829+00:00
Eredivisie 2026/2027,Sparta Rotterdam - FC Utrecht,2026-08-22T16:45:00+00:00,finished,3,3-3,Sparta Rotterdam,Mitchell Van Bergen,M,28,6.9,25,0,0,,0.0638381,0,0,0,19,16,2,1,3,0,0,0,1,0,0,0,1,0,0,1,2,0,0,6,0,0,0,0,0,1,0,2026-09-02T00:09:27.432838+00:00
Eredivisie 2026/2027,Sparta Rotterdam - FC Utrecht,2026-08-22T16:45:00+00:00,finished,3,3-3,FC Utrecht,Neville Nwankwo,D,72,5.7,47,0,0,,0.00073156,0,0,0,37,28,4,1,0,0,0,0,1,3,0,1,1,1,2,0,4,0,1,10,0,1,0,0,0,2,0,2026-09-02T00:09:27.432536+00:00
Eredivisie 2026/2027,Sparta Rotterdam - FC Utrecht,2026-08-22T16:45:00+00:00,finished,3,3-3,Sparta Rotterdam,Nick Verschuren,D,90,7.4,88,1,0,0.2434,0.00835281,2,1,1,68,62,6,2,0,0,0,0,7,0,3,0,2,1,7,1,0,0,0,8,2,0,0,0,0,3,0,2026-09-02T00:09:27.432727+00:00
Eredivisie 2026/2027,Sparta Rotterdam - FC Utrecht,2026-08-22T16:45:00+00:00,finished,3,3-3,FC Utrecht,Niklas Vesterlund,D,90,7.3,49,0,1,,0.373094,0,0,1,33,25,6,3,2,0,0,0,3,3,2,1,1,1,1,0,2,0,1,14,0,1,0,0,0,3,0,2026-09-02T00:09:27.432502+00:00
Eredivisie 2026/2027,Sparta Rotterdam - FC Utrecht,2026-08-22T16:45:00+00:00,finished,3,3-3,Sparta Rotterdam,Pascal Kuiper,G,0,,0,0,0,,,0,0,0,0,0,0,0,0,0,0,0,0,0,0,0,0,0,0,0,0,0,0,0,0,0,0,0,0,0,0,2026-09-02T00:09:27.432878+00:00
Eredivisie 2026/2027,Sparta Rotterdam - FC Utrecht,2026-08-22T16:45:00+00:00,finished,3,3-3,Sparta Rotterdam,Rik Suur,G,0,,0,0,0,,,0,0,0,0,0,0,0,0,0,0,0,0,0,0,0,0,0,0,0,0,0,0,0,0,0,0,0,0,0,0,2026-09-02T00:09:27.432885+00:00
Eredivisie 2026/2027,Sparta Rotterdam - FC Utrecht,2026-08-22T16:45:00+00:00,finished,3,3-3,Sparta Rotterdam,Robin van Cruijsen,M,79,6.7,42,0,0,0.1321,0.142096,4,0,1,23,19,2,1,2,1,1,0,3,5,1,0,2,0,2,0,1,1,1,8,0,1,0,0,0,3,0,2026-09-02T00:09:27.432782+00:00
Eredivisie 2026/2027,Sparta Rotterdam - FC Utrecht,2026-08-22T16:45:00+00:00,finished,3,3-3,Sparta Rotterdam,Shunsuke Mito,M,90,6.4,31,0,1,,0.276525,0,0,2,19,14,0,0,2,1,1,0,2,3,0,1,2,1,1,2,2,0,1,10,0,0,0,0,0,3,0,2026-09-02T00:09:27.432743+00:00
Eredivisie 2026/2027,Sparta Rotterdam - FC Utrecht,2026-08-22T16:45:00+00:00,finished,3,3-3,FC Utrecht,Siebe Horemans,D,77,6.2,38,0,0,0.2512,0.0145749,2,0,0,26,22,3,2,2,1,0,0,3,0,1,0,1,1,2,0,2,0,0,6,1,0,0,0,0,2,0,2026-09-02T00:09:27.432511+00:00
Eredivisie 2026/2027,Sparta Rotterdam - FC Utrecht,2026-08-22T16:45:00+00:00,finished,3,3-3,Sparta Rotterdam,Teo Quintero,D,11,6.6,10,0,0,,0.00308666,0,0,0,9,8,1,0,0,0,0,0,0,1,0,1,0,0,1,0,0,0,0,1,0,0,0,0,0,0,0,2026-09-02T00:09:27.432861+00:00
Eredivisie 2026/2027,Sparta Rotterdam - FC Utrecht,2026-08-22T16:45:00+00:00,finished,3,3-3,FC Utrecht,Vasilis Barkas,G,90,5.7,47,0,0,,0.00036644,0,0,0,45,31,23,9,0,0,0,0,0,0,0,0,0,0,0,0,6,0,0,14,0,0,0,0,2,3,0,2026-09-02T00:09:27.432484+00:00
Eredivisie 2026/2027,Sparta Rotterdam - FC Utrecht,2026-08-22T16:45:00+00:00,finished,3,3-3,FC Utrecht,Yoann Cathline,M,73,6.7,33,0,1,0.0146,0.129593,1,0,2,19,15,0,0,7,3,2,0,1,4,0,1,0,0,0,1,1,0,0,10,1,1,0,0,0,2,0,2026-09-02T00:09:27.432519+00:00
Eredivisie 2026/2027,Sparta Rotterdam - FC Utrecht,2026-08-22T16:45:00+00:00,finished,3,3-3,Sparta Rotterdam,Younes Jaber el Maftahi,M,0,,0,0,0,,,0,0,0,0,0,0,0,0,0,0,0,0,0,0,0,0,0,0,0,0,0,0,0,0,0,0,0,0,0,0,2026-09-02T00:09:27.432870+00:00
Eredivisie 2026/2027,Sparta Rotterdam - FC Utrecht,2026-08-22T16:45:00+00:00,finished,3,3-3,FC Utrecht,Zidane Iqbal,M,0,,0,0,0,,,0,0,0,0,0,0,0,0,0,0,0,0,0,0,0,0,0,0,0,0,0,0,0,0,0,0,0,0,0,0,2026-09-02T00:09:27.432666+00:00
Eredivisie 2026/2027,Sparta Rotterdam - FC Utrecht,2026-08-22T16:45:00+00:00,finished,3,3-3,FC Utrecht,Ángel Alarcón,M,62,6.5,29,0,0,0.2145,0.346384,5,0,2,15,12,1,0,4,0,0,0,0,4,0,1,0,0,0,0,2,4,3,12,0,0,0,0,0,1,0,2026-09-02T00:09:27.432545+00:00
Eredivisie 2026/2027,SC Heerenveen - PEC Zwolle,2026-08-22T19:00:00+00:00,finished,3,0-2,SC Heerenveen,,,0,,0,0,0,,,0,0,0,0,0,0,0,0,0,0,0,0,0,0,0,0,0,0,0,0,0,0,0,0,0,0,0,0,0,0,2026-09-02T00:09:27.540750+00:00
Eredivisie 2026/2027,SC Heerenveen - PEC Zwolle,2026-08-22T19:00:00+00:00,finished,3,0-2,SC Heerenveen,Andries Noppert,G,0,,0,0,0,,,0,0,0,0,0,0,0,0,0,0,0,0,0,0,0,0,0,0,0,0,0,0,0,0,0,0,0,0,0,0,2026-09-02T00:09:27.540743+00:00
Eredivisie 2026/2027,SC Heerenveen - PEC Zwolle,2026-08-22T19:00:00+00:00,finished,3,0-2,SC Heerenveen,Bernt Klaverboer,G,90,6.4,72,0,0,,0.00252993,0,0,0,62,47,24,10,0,0,0,0,0,0,0,0,0,0,1,0,11,0,0,15,0,0,0,0,5,2,0,2026-09-02T00:09:27.540671+00:00
Eredivisie 2026/2027,SC Heerenveen - PEC Zwolle,2026-08-22T19:00:00+00:00,finished,3,0-2,PEC Zwolle,Damian van der Haar,D,90,7.4,43,0,0,,0.0892626,0,0,2,24,14,6,3,3,2,1,1,5,0,1,0,2,2,3,2,2,0,0,12,1,0,0,0,0,0,0,2026-09-02T00:09:27.540907+00:00
Eredivisie 2026/2027,SC Heerenveen - PEC Zwolle,2026-08-22T19:00:00+00:00,finished,3,0-2,SC Heerenveen,Darling Bladi,D,0,,0,0,0,,,0,0,0,0,0,0,0,0,0,0,0,0,0,0,0,0,0,0,0,0,0,0,0,0,0,0,0,0,0,0,2026-09-02T00:09:27.540783+00:00
Eredivisie 2026/2027,SC Heerenveen - PEC Zwolle,2026-08-22T19:00:00+00:00,finished,3,0-2,SC Heerenveen,Dirk Wanner Proper,M,65,6.6,48,0,0,0.0406,0.0297675,1,0,0,41,38,0,0,1,1,1,1,3,1,2,0,0,0,2,0,2,1,1,4,0,0,0,0,0,2,0,2026-09-02T00:09:27.540702+00:00
Eredivisie 2026/2027,SC Heerenveen - PEC Zwolle,2026-08-22T19:00:00+00:00,finished,3,0-2,PEC Zwolle,Duke Verduin,G,0,,0,0,0,,,0,0,0,0,0,0,0,0,0,0,0,0,0,0,0,0,0,0,0,0,0,0,0,0,0,0,0,0,0,0,2026-09-02T00:09:27.541042+00:00
Eredivisie 2026/2027,SC Heerenveen - PEC Zwolle,2026-08-22T19:00:00+00:00,finished,3,0-2,PEC Zwolle,Dylan Mbayo,M,77,7.2,32,0,2,0.083,0.326392,2,0,3,19,19,0,0,1,0,3,2,4,7,0,1,0,0,1,0,0,2,1,6,2,4,0,0,0,0,0,2026-09-02T00:09:27.540968+00:00
Eredivisie 2026/2027,SC Heerenveen - PEC Zwolle,2026-08-22T19:00:00+00:00,finished,3,0-2,PEC Zwolle,Dylan Ruward,D,0,,0,0,0,,,0,0,0,0,0,0,0,0,0,0,0,0,0,0,0,0,0,0,0,0,0,0,0,0,0,0,0,0,0,0,2026-09-02T00:09:27.541051+00:00
Eredivisie 2026/2027,SC Heerenveen - PEC Zwolle,2026-08-22T19:00:00+00:00,finished,3,0-2,SC Heerenveen,Dylan Vente,F,90,6.7,32,0,0,0.1294,0.199973,3,2,1,18,12,0,0,0,0,2,0,3,6,1,3,0,0,1,0,2,0,1,11,2,0,0,0,0,2,0,2026-09-02T00:09:27.540547+00:00
Eredivisie 2026/2027,SC Heerenveen - PEC Zwolle,2026-08-22T19:00:00+00:00,finished,3,0-2,PEC Zwolle,Elias Sørensen,M,73,6.3,31,0,0,0.0435,0.0264925,1,0,0,16,11,2,1,1,0,2,0,0,7,0,1,0,0,2,2,7,0,2,14,0,0,0,0,0,0,0,2026-09-02T00:09:27.540976+00:00
Eredivisie 2026/2027,SC Heerenveen - PEC Zwolle,2026-08-22T19:00:00+00:00,finished,3,0-2,PEC Zwolle,Gabriel Reiziger,M,13,6.7,9,0,0,0.1092,0.00170033,1,1,0,4,3,0,0,1,0,1,1,2,0,0,0,1,1,0,0,1,0,0,3,0,0,0,0,0,0,0,2026-09-02T00:09:27.541014+00:00
Eredivisie 2026/2027,SC Heerenveen - PEC Zwolle,2026-08-22T19:00:00+00:00,finished,3,0-2,PEC Zwolle,Gilles van der Wal,M,0,,0,0,0,,,0,0,0,0,0,0,0,0,0,0,0,0,0,0,0,0,0,0,0,0,0,0,0,0,0,0,0,0,0,0,2026-09-02T00:09:27.541036+00:00
Eredivisie 2026/2027,SC Heerenveen - PEC Zwolle,2026-08-22T19:00:00+00:00,finished,3,0-2,PEC Zwolle,Givaro Rahajaän,M,0,,0,0,0,,,0,0,0,0,0,0,0,0,0,0,0,0,0,0,0,0,0,0,0,0,0,0,0,0,0,0,0,0,0,0,2026-09-02T00:09:27.541073+00:00
Eredivisie 2026/2027,SC Heerenveen - PEC Zwolle,2026-08-22T19:00:00+00:00,finished,3,0-2,SC Heerenveen,Hristiyan Petrov,D,24,7.0,34,0,0,,0.0278343,0,0,1,28,22,3,0,0,0,0,0,5,1,2,0,2,1,2,0,1,0,0,7,1,0,0,0,0,0,0,2026-09-02T00:09:27.540715+00:00
Eredivisie 2026/2027,SC Heerenveen - PEC Zwolle,2026-08-22T19:00:00+00:00,finished,3,0-2,PEC Zwolle,Ibrahim Cissoko,M,17,6.8,17,0,0,0.1209,0.0219572,2,1,1,6,5,0,0,1,0,6,3,5,4,1,1,0,0,0,0,5,0,0,6,1,0,0,0,0,0,0,2026-09-02T00:09:27.540995+00:00
Eredivisie 2026/2027,SC Heerenveen - PEC Zwolle,2026-08-22T19:00:00+00:00,finished,3,0-2,SC Heerenveen,Jacob Trenskow,M,90,6.9,58,0,0,0.1289,0.143146,3,0,2,41,36,3,2,4,1,0,0,1,2,0,0,1,0,0,0,3,2,2,11,0,0,0,0,0,2,0,2026-09-02T00:09:27.540678+00:00
Eredivisie 2026/2027,SC Heerenveen - PEC Zwolle,2026-08-22T19:00:00+00:00,finished,3,0-2,PEC Zwolle,Jadiel Pereira da Gama,M,0,,0,0,0,,,0,0,0,0,0,0,0,0,0,0,0,0,0,0,0,0,0,0,0,0,0,0,0,0,0,0,0,0,0,0,2026-09-02T00:09:27.541086+00:00
Eredivisie 2026/2027,SC Heerenveen - PEC Zwolle,2026-08-22T19:00:00+00:00,finished,3,0-2,PEC Zwolle,Jasper Schendelaar,G,90,8.8,45,0,0,,0.0017536,0,0,0,30,19,15,4,0,0,0,0,0,0,0,0,0,0,1,0,14,0,0,12,0,0,0,0,5,0,1,2026-09-02T00:09:27.540841+00:00
Eredivisie 2026/2027,SC Heerenveen - PEC Zwolle,2026-08-22T19:00:00+00:00,finished,3,0-2,SC Heerenveen,Jimte Scholten,D,0,,0,0,0,,,0,0,0,0,0,0,0,0,0,0,0,0,0,0,0,0,0,0,0,0,0,0,0,0,0,0,0,0,0,0,2026-09-02T00:09:27.540763+00:00
Eredivisie 2026/2027,SC Heerenveen - PEC Zwolle,2026-08-22T19:00:00+00:00,finished,3,0-2,PEC Zwolle,Koen Kostons,F,87,7.3,27,1,0,0.2019,0.0433052,2,2,2,17,16,0,0,0,0,1,1,2,7,1,4,0,0,1,0,4,0,2,6,0,1,1,0,0,0,0,2026-09-02T00:09:27.540935+00:00
Eredivisie 2026/2027,SC Heerenveen - PEC Zwolle,2026-08-22T19:00:00+00:00,finished,3,0-2,SC Heerenveen,Lanroy Machine,F,24,6.5,11,0,0,0.0146,0.035934,1,0,0,7,5,0,0,1,0,1,0,1,3,1,2,0,0,0,0,0,1,0,5,0,0,0,0,0,0,0,2026-09-02T00:09:27.540722+00:00
Eredivisie 2026/2027,SC Heerenveen - PEC Zwolle,2026-08-22T19:00:00+00:00,finished,3,0-2,SC Heerenveen,Levi Smans,M,25,6.9,17,0,0,0.0294,0.176165,1,0,1,12,7,1,0,2,1,1,1,1,2,0,1,0,0,0,0,0,0,0,6,0,0,0,0,0,0,0,2026-09-02T00:09:27.540708+00:00
Eredivisie 2026/2027,SC Heerenveen - PEC Zwolle,2026-08-22T19:00:00+00:00,finished,3,0-2,SC Heerenveen,Luca Oyen,M,0,,0,0,0,,,0,0,0,0,0,0,0,0,0,0,0,0,0,0,0,0,0,0,0,0,0,0,0,0,0,0,0,0,0,0,2026-09-02T00:09:27.540812+00:00
Eredivisie 2026/2027,SC Heerenveen - PEC Zwolle,2026-08-22T19:00:00+00:00,finished,3,0-2,SC Heerenveen,Luuk Brouwers,M,10,6.7,7,0,0,,0.00506151,0,0,0,5,4,0,0,0,0,0,0,1,0,1,0,0,0,0,0,0,0,0,2,0,0,0,0,0,0,0,2026-09-02T00:09:27.540728+00:00
Eredivisie 2026/2027,SC Heerenveen - PEC Zwolle,2026-08-22T19:00:00+00:00,finished,3,0-2,SC Heerenveen,Maas Willemsen,D,90,7.2,114,0,0,0.0228,0.0225753,1,1,0,100,90,13,8,0,0,0,0,7,2,1,0,4,3,1,1,13,0,1,12,2,0,0,0,0,2,0,2026-09-02T00:09:27.540619+00:00
Eredivisie 2026/2027,SC Heerenveen - PEC Zwolle,2026-08-22T19:00:00+00:00,finished,3,0-2,SC Heerenveen,Marcus Linday,M,90,7.2,83,0,0,,0.14323,0,0,1,66,61,4,2,2,1,1,1,4,4,1,2,1,1,1,4,3,0,0,8,1,1,1,0,0,2,0,2026-09-02T00:09:27.540659+00:00
Eredivisie 2026/2027,SC Heerenveen - PEC Zwolle,2026-08-22T19:00:00+00:00,finished,3,0-2,SC Heerenveen,Maxence Rivera,M,66,6.8,48,0,0,0.4215,0.0412669,5,2,0,30,26,3,2,1,0,1,0,3,2,0,0,1,0,1,1,3,1,0,9,2,0,0,0,0,2,0,2026-09-02T00:09:27.540696+00:00
Eredivisie 2026/2027,SC Heerenveen - PEC Zwolle,2026-08-22T19:00:00+00:00,finished,3,0-2,PEC Zwolle,Milan Westerhuis,D,0,,0,0,0,,,0,0,0,0,0,0,0,0,0,0,0,0,0,0,0,0,0,0,0,0,0,0,0,0,0,0,0,0,0,0,2026-09-02T00:09:27.541058+00:00
Eredivisie 2026/2027,SC Heerenveen - PEC Zwolle,2026-08-22T19:00:00+00:00,finished,3,0-2,PEC Zwolle,Nick Fichtinger,M,0,,0,0,0,,,0,0,0,0,0,0,0,0,0,0,0,0,0,0,0,0,0,0,0,0,0,0,0,0,0,0,0,0,0,0,2026-09-02T00:09:27.541065+00:00
Eredivisie 2026/2027,SC Heerenveen - PEC Zwolle,2026-08-22T19:00:00+00:00,finished,3,0-2,PEC Zwolle,Nick Viergever,D,90,8.1,49,1,0,0.4606,0.0019028,2,1,0,39,29,10,3,0,0,0,0,1,1,0,1,1,1,4,1,1,1,0,10,0,0,0,0,0,0,0,2026-09-02T00:09:27.540891+00:00
Eredivisie 2026/2027,SC Heerenveen - PEC Zwolle,2026-08-22T19:00:00+00:00,finished,3,0-2,SC Heerenveen,Nolhan Courtens,M,0,,0,0,0,,,0,0,0,0,0,0,0,0,0,0,0,0,0,0,0,0,0,0,0,0,0,0,0,0,0,0,0,0,0,0,2026-09-02T00:09:27.540825+00:00
Eredivisie 2026/2027,SC Heerenveen - PEC Zwolle,2026-08-22T19:00:00+00:00,finished,3,0-2,PEC Zwolle,Odysseus Velanas,M,8,6.4,4,0,0,0.1336,0.0154715,1,1,0,1,1,0,0,0,0,0,0,0,2,0,1,0,0,0,0,1,0,1,1,0,0,0,0,0,0,0,2026-09-02T00:09:27.541029+00:00
Eredivisie 2026/2027,SC Heerenveen - PEC Zwolle,2026-08-22T19:00:00+00:00,finished,3,0-2,SC Heerenveen,Oliver Braude,D,66,6.5,74,0,0,,0.107308,0,0,4,52,40,13,8,2,0,0,0,5,7,1,3,3,2,2,0,2,0,0,16,1,2,0,0,0,2,0,2026-09-02T00:09:27.540690+00:00
Eredivisie 2026/2027,SC Heerenveen - PEC Zwolle,2026-08-22T19:00:00+00:00,finished,3,0-2,PEC Zwolle,Olivier Aertssen,D,90,6.9,54,0,0,0.0495,0.0224137,2,0,1,33,26,4,1,2,0,0,0,1,2,0,0,1,1,4,0,2,1,0,13,0,2,0,0,0,0,0,2026-09-02T00:09:27.540859+00:00
Eredivisie 2026/2027,SC Heerenveen - PEC Zwolle,2026-08-22T19:00:00+00:00,finished,3,0-2,SC Heerenveen,Ringo Meerveld,M,80,6.8,38,0,0,0.0302,0.0953046,1,0,3,27,24,2,2,0,0,3,1,3,3,0,0,0,0,2,0,1,0,0,6,2,1,0,0,0,2,0,2026-09-02T00:09:27.540684+00:00
Eredivisie 2026/2027,SC Heerenveen - PEC Zwolle,2026-08-22T19:00:00+00:00,finished,3,0-2,PEC Zwolle,Ryan Thomas,M,90,7.8,60,0,0,0.0243,0.0906211,1,0,1,44,34,5,1,0,0,0,0,8,1,2,1,6,3,4,2,9,0,0,10,0,1,1,0,0,0,0,2026-09-02T00:09:27.540833+00:00
Eredivisie 2026/2027,SC Heerenveen - PEC Zwolle,2026-08-22T19:00:00+00:00,finished,3,0-2,SC Heerenveen,Sam Kersten,D,90,6.3,89,0,0,0.0306,0.0225802,2,0,0,79,69,10,6,1,1,0,0,0,3,0,0,0,0,4,0,6,0,0,10,0,1,0,0,0,2,0,2026-09-02T00:09:27.540598+00:00
Eredivisie 2026/2027,SC Heerenveen - PEC Zwolle,2026-08-22T19:00:00+00:00,finished,3,0-2,PEC Zwolle,Simon Graves,D,90,7.4,53,0,0,,0.0047215,0,0,1,36,32,3,2,0,0,0,0,6,4,5,1,1,0,10,1,4,0,0,5,0,3,0,0,0,0,0,2026-09-02T00:09:27.540880+00:00
Eredivisie 2026/2027,SC Heerenveen - PEC Zwolle,2026-08-22T19:00:00+00:00,finished,3,0-2,PEC Zwolle,Thijs Oosting,M,87,6.7,37,0,0,0.1397,0.0460257,4,1,2,24,23,1,1,2,0,0,0,1,2,0,1,0,0,2,0,2,0,0,7,1,1,0,0,0,0,0,2026-09-02T00:09:27.540954+00:00
Eredivisie 2026/2027,SC Heerenveen - PEC Zwolle,2026-08-22T19:00:00+00:00,finished,3,0-2,PEC Zwolle,Tijs Velthuis,D,8,6.3,0,0,0,,,0,0,0,0,0,0,0,0,0,0,0,0,1,0,0,0,0,0,0,0,0,0,0,0,0,0,0,0,0,0,2026-09-02T00:09:27.541023+00:00
Eredivisie 2026/2027,SC Heerenveen - PEC Zwolle,2026-08-22T19:00:00+00:00,finished,3,0-2,SC Heerenveen,Timo Schreuder,G,0,,0,0,0,,,0,0,0,0,0,0,0,0,0,0,0,0,0,0,0,0,0,0,0,0,0,0,0,0,0,0,0,0,0,0,2026-09-02T00:09:27.540735+00:00
Eredivisie 2026/2027,SC Heerenveen - PEC Zwolle,2026-08-22T19:00:00+00:00,finished,3,0-2,PEC Zwolle,Tobias Sommer,M,90,6.9,56,0,0,0.0435,0.240911,2,0,1,44,29,4,0,0,0,2,1,5,3,3,0,0,0,1,1,8,1,0,19,1,1,0,0,0,0,0,2026-09-02T00:09:27.540920+00:00
Eredivisie 2026/2027,SC Heerenveen - PEC Zwolle,2026-08-22T19:00:00+00:00,finished,3,0-2,PEC Zwolle,Tom de Graaff,G,0,,0,0,0,,,0,0,0,0,0,0,0,0,0,0,0,0,0,0,0,0,0,0,0,0,0,0,0,0,0,0,0,0,0,0,2026-09-02T00:09:27.541047+00:00
Eredivisie 2026/2027,SC Heerenveen - PEC Zwolle,2026-08-22T19:00:00+00:00,finished,3,0-2,SC Heerenveen,Vasilios Zagaritis,D,90,6.4,65,0,0,,0.0462589,0,0,2,42,38,3,3,7,2,0,0,4,5,2,3,1,1,1,1,1,0,0,11,1,1,0,0,0,2,0,2026-09-02T00:09:27.540639+00:00
Eredivisie 2026/2027,Go Ahead Eagles - ADO Den Haag,2026-08-23T10:15:00+00:00,finished,3,3-1,Go Ahead Eagles,Alfons Sampsted,D,90,6.9,75,0,1,,0.0705061,0,0,1,48,40,4,0,2,1,2,2,6,3,1,0,2,2,4,2,9,0,1,16,1,0,0,0,0,1,0,2026-09-02T00:09:27.624047+00:00
Eredivisie 2026/2027,Go Ahead Eagles - ADO Den Haag,2026-08-23T10:15:00+00:00,finished,3,3-1,ADO Den Haag,Caleb Kramer,G,0,,0,0,0,,,0,0,0,0,0,0,0,0,0,0,0,0,0,0,0,0,0,0,0,0,0,0,0,0,0,0,0,0,0,0,2026-09-02T00:09:27.624842+00:00
Eredivisie 2026/2027,Go Ahead Eagles - ADO Den Haag,2026-08-23T10:15:00+00:00,finished,3,3-1,Go Ahead Eagles,Dani Tijman,D,0,,0,0,0,,,0,0,0,0,0,0,0,0,0,0,0,0,0,0,0,0,0,0,0,0,0,0,0,0,0,0,0,0,0,0,2026-09-02T00:09:27.624375+00:00
Eredivisie 2026/2027,Go Ahead Eagles - ADO Den Haag,2026-08-23T10:15:00+00:00,finished,3,3-1,ADO Den Haag,Dani van Loenen,F,0,,0,0,0,,,0,0,0,0,0,0,0,0,0,0,0,0,0,0,0,0,0,0,0,0,0,0,0,0,0,0,0,0,0,0,2026-09-02T00:09:27.624906+00:00
Eredivisie 2026/2027,Go Ahead Eagles - ADO Den Haag,2026-08-23T10:15:00+00:00,finished,3,3-1,ADO Den Haag,Daryl van Mieghem,M,61,6.4,27,0,0,0.2658,0.0331383,2,0,0,18,11,3,0,3,0,0,0,1,1,0,1,1,0,0,0,1,1,0,10,0,0,0,0,0,1,0,2026-09-02T00:09:27.624528+00:00
Eredivisie 2026/2027,Go Ahead Eagles - ADO Den Haag,2026-08-23T10:15:00+00:00,finished,3,3-1,Go Ahead Eagles,Dean James,D,90,7.6,57,0,1,0.0199,0.217722,1,0,2,32,29,1,0,7,4,0,0,3,1,1,0,1,0,1,0,6,0,0,9,1,0,0,0,0,1,0,2026-09-02T00:09:27.624066+00:00
Eredivisie 2026/2027,Go Ahead Eagles - ADO Den Haag,2026-08-23T10:15:00+00:00,finished,3,3-1,Go Ahead Eagles,Erik Flataker,F,67,6.3,16,0,0,0.1464,0.0221314,1,0,0,10,7,0,0,0,0,1,0,1,1,1,0,0,0,0,0,1,1,0,6,0,0,0,0,0,0,0,2026-09-02T00:09:27.624255+00:00
Eredivisie 2026/2027,Go Ahead Eagles - ADO Den Haag,2026-08-23T10:15:00+00:00,finished,3,3-1,Go Ahead Eagles,Eus Waayers,D,0,,0,0,0,,,0,0,0,0,0,0,0,0,0,0,0,0,0,0,0,0,0,0,0,0,0,0,0,0,0,0,0,0,0,0,2026-09-02T00:09:27.624358+00:00
Eredivisie 2026/2027,Go Ahead Eagles - ADO Den Haag,2026-08-23T10:15:00+00:00,finished,3,3-1,ADO Den Haag,Evan Rottier,F,90,7.5,43,1,0,0.2078,0.0563552,2,1,1,29,19,1,0,0,0,0,0,5,7,3,2,0,0,2,0,4,1,2,15,2,3,1,0,0,3,0,2026-09-02T00:09:27.624432+00:00
Eredivisie 2026/2027,Go Ahead Eagles - ADO Den Haag,2026-08-23T10:15:00+00:00,finished,3,3-1,Go Ahead Eagles,Evert Linthorst,M,90,7.0,61,0,0,0.0256,0.0702287,1,1,1,49,41,6,5,2,0,2,0,2,2,0,0,0,0,2,1,3,0,0,13,2,0,0,0,0,1,0,2026-09-02T00:09:27.624075+00:00
Eredivisie 2026/2027,Go Ahead Eagles - ADO Den Haag,2026-08-23T10:15:00+00:00,finished,3,3-1,ADO Den Haag,Finn de Bruin,M,29,6.4,27,0,0,0.2157,0.0392021,3,0,0,21,18,1,0,0,0,0,0,1,1,0,1,1,1,1,0,1,1,0,3,0,0,0,0,0,2,0,2026-09-02T00:09:27.624548+00:00
Eredivisie 2026/2027,Go Ahead Eagles - ADO Den Haag,2026-08-23T10:15:00+00:00,finished,3,3-1,Go Ahead Eagles,Giovanni van Zwam,D,14,6.3,10,0,0,,0.00188054,0,0,0,8,6,2,0,0,0,0,0,1,0,1,0,0,0,2,0,0,0,0,2,0,0,0,0,0,1,0,2026-09-02T00:09:27.624283+00:00
Eredivisie 2026/2027,Go Ahead Eagles - ADO Den Haag,2026-08-23T10:15:00+00:00,finished,3,3-1,ADO Den Haag,Illaijh de Ruijter,D,29,5.9,12,0,0,0.0821,0.0368625,2,0,1,7,5,0,0,0,0,0,0,1,3,0,0,1,1,0,0,0,0,1,4,0,1,0,0,0,2,0,2026-09-02T00:09:27.624538+00:00
Eredivisie 2026/2027,Go Ahead Eagles - ADO Den Haag,2026-08-23T10:15:00+00:00,finished,3,3-1,ADO Den Haag,Jalen Hawkins,M,19,6.4,11,0,0,0.0609,0.0519095,2,0,1,5,4,1,0,1,1,0,0,0,2,0,0,0,0,0,0,1,1,1,4,0,1,0,0,0,1,0,2026-09-02T00:09:27.624827+00:00
Eredivisie 2026/2027,Go Ahead Eagles - ADO Den Haag,2026-08-23T10:15:00+00:00,finished,3,3-1,ADO Den Haag,Jan Žambůrek,M,61,6.6,41,0,0,0.027,0.00299045,1,0,1,25,20,2,1,0,0,0,0,6,5,1,0,2,2,3,1,2,0,1,9,3,2,0,0,0,1,0,2026-09-02T00:09:27.624518+00:00
Eredivisie 2026/2027,Go Ahead Eagles - ADO Den Haag,2026-08-23T10:15:00+00:00,finished,3,3-1,ADO Den Haag,Jesse Bal,F,24,6.4,11,0,0,0.0332,0.0234099,1,1,1,7,6,0,0,0,0,0,0,1,4,0,3,0,0,1,0,1,0,0,1,1,1,0,0,0,1,0,2026-09-02T00:09:27.624568+00:00
Eredivisie 2026/2027,Go Ahead Eagles - ADO Den Haag,2026-08-23T10:15:00+00:00,finished,3,3-1,Go Ahead Eagles,Joris Kramer,D,90,6.9,77,0,0,,0.00774473,0,0,0,65,58,12,7,1,0,0,0,7,6,4,3,0,0,3,2,3,0,0,8,3,2,0,0,0,1,0,2026-09-02T00:09:27.624056+00:00
Eredivisie 2026/2027,Go Ahead Eagles - ADO Den Haag,2026-08-23T10:15:00+00:00,finished,3,3-1,ADO Den Haag,Juho Kilo,M,90,7.3,105,0,0,,0.160602,0,0,3,93,85,8,5,2,0,0,0,1,5,0,0,1,0,5,0,6,0,0,10,0,2,1,0,0,3,0,2026-09-02T00:09:27.624423+00:00
Eredivisie 2026/2027,Go Ahead Eagles - ADO Den Haag,2026-08-23T10:15:00+00:00,finished,3,3-1,Go Ahead Eagles,Julius Dirksen,D,76,7.2,66,0,0,,0.0326778,0,0,0,55,45,10,5,0,0,0,0,3,3,2,1,1,0,6,2,3,0,0,10,0,2,1,0,0,0,0,2026-09-02T00:09:27.624233+00:00
Eredivisie 2026/2027,Go Ahead Eagles - ADO Den Haag,2026-08-23T10:15:00+00:00,finished,3,3-1,ADO Den Haag,Kilian Nikièma,G,90,6.2,63,0,0,,0.0013225,0,0,0,47,35,25,14,0,0,0,0,0,0,0,0,0,0,2,0,16,0,0,12,0,0,0,0,2,3,1,2026-09-02T00:09:27.624384+00:00
Eredivisie 2026/2027,Go Ahead Eagles - ADO Den Haag,2026-08-23T10:15:00+00:00,finished,3,3-1,Go Ahead Eagles,Kjetil Haug,G,90,6.2,45,0,0,,0.00166264,0,0,0,35,17,22,4,0,0,0,0,1,0,1,0,0,0,0,0,10,0,0,19,0,0,0,0,2,1,0,2026-09-02T00:09:27.624036+00:00
Eredivisie 2026/2027,Go Ahead Eagles - ADO Den Haag,2026-08-23T10:15:00+00:00,finished,3,3-1,ADO Den Haag,Lasse Wilhelm,D,0,,0,0,0,,,0,0,0,0,0,0,0,0,0,0,0,0,0,0,0,0,0,0,0,0,0,0,0,0,0,0,0,0,0,0,2026-09-02T00:09:27.624879+00:00
Eredivisie 2026/2027,Go Ahead Eagles - ADO Den Haag,2026-08-23T10:15:00+00:00,finished,3,3-1,ADO Den Haag,Luka Reischl,F,0,,0,0,0,,,0,0,0,0,0,0,0,0,0,0,0,0,0,0,0,0,0,0,0,0,0,0,0,0,0,0,0,0,0,0,2026-09-02T00:09:27.624916+00:00
Eredivisie 2026/2027,Go Ahead Eagles - ADO Den Haag,2026-08-23T10:15:00+00:00,finished,3,3-1,Go Ahead Eagles,Mathis Suray,M,90,7.3,55,0,0,0.0163,0.303307,1,0,3,33,27,2,1,8,3,1,1,6,6,0,1,3,0,0,2,3,0,1,12,2,3,0,0,0,1,0,2026-09-02T00:09:27.623979+00:00
Eredivisie 2026/2027,Go Ahead Eagles - ADO Den Haag,2026-08-23T10:15:00+00:00,finished,3,3-1,ADO Den Haag,Matteo Waem,D,24,6.5,26,0,0,,0.00216817,0,0,0,20,16,0,0,0,0,0,0,3,0,2,0,1,1,4,0,1,0,0,4,0,0,0,0,0,1,0,2026-09-02T00:09:27.624558+00:00
Eredivisie 2026/2027,Go Ahead Eagles - ADO Den Haag,2026-08-23T10:15:00+00:00,finished,3,3-1,Go Ahead Eagles,Melle Meulensteen,M,76,7.0,51,0,0,0.067,0.194898,1,0,0,35,24,5,3,2,0,0,0,4,3,2,2,0,0,1,0,5,1,0,15,2,1,0,0,0,0,0,2026-09-02T00:09:27.624245+00:00
Eredivisie 2026/2027,Go Ahead Eagles - ADO Den Haag,2026-08-23T10:15:00+00:00,finished,3,3-1,ADO Den Haag,Milan Hokke,D,90,7.0,89,0,1,,0.27976,0,0,4,74,63,12,7,3,1,2,1,5,3,2,2,2,1,5,1,7,0,0,15,0,0,0,0,0,3,0,2026-09-02T00:09:27.624413+00:00
Eredivisie 2026/2027,Go Ahead Eagles - ADO Den Haag,2026-08-23T10:15:00+00:00,finished,3,3-1,ADO Den Haag,Mylian Jimenez,M,0,,0,0,0,,,0,0,0,0,0,0,0,0,0,0,0,0,0,0,0,0,0,0,0,0,0,0,0,0,0,0,0,0,0,0,2026-09-02T00:09:27.624896+00:00
Eredivisie 2026/2027,Go Ahead Eagles - ADO Den Haag,2026-08-23T10:15:00+00:00,finished,3,3-1,Go Ahead Eagles,Nando Verdoni,G,0,,0,0,0,,,0,0,0,0,0,0,0,0,0,0,0,0,0,0,0,0,0,0,0,0,0,0,0,0,0,0,0,0,0,0,2026-09-02T00:09:27.624340+00:00
Eredivisie 2026/2027,Go Ahead Eagles - ADO Den Haag,2026-08-23T10:15:00+00:00,finished,3,3-1,Go Ahead Eagles,Nick Marsman,G,0,,0,0,0,,,0,0,0,0,0,0,0,0,0,0,0,0,0,0,0,0,0,0,0,0,0,0,0,0,0,0,0,0,0,0,2026-09-02T00:09:27.624350+00:00
Eredivisie 2026/2027,Go Ahead Eagles - ADO Den Haag,2026-08-23T10:15:00+00:00,finished,3,3-1,ADO Den Haag,Niclas Thiede,G,0,,0,0,0,,,0,0,0,0,0,0,0,0,0,0,0,0,0,0,0,0,0,0,0,0,0,0,0,0,0,0,0,0,0,0,2026-09-02T00:09:27.624851+00:00
Eredivisie 2026/2027,Go Ahead Eagles - ADO Den Haag,2026-08-23T10:15:00+00:00,finished,3,3-1,ADO Den Haag,Nigel Thomas,F,71,6.2,40,0,0,0.0454,0.00436903,2,1,0,22,19,1,0,4,0,3,2,3,5,0,1,1,0,3,0,5,1,0,12,0,1,0,0,0,2,0,2026-09-02T00:09:27.624441+00:00
Eredivisie 2026/2027,Go Ahead Eagles - ADO Den Haag,2026-08-23T10:15:00+00:00,finished,3,3-1,Go Ahead Eagles,Ofosu Boakye,F,0,,0,0,0,,,0,0,0,0,0,0,0,0,0,0,0,0,0,0,0,0,0,0,0,0,0,0,0,0,0,0,0,0,0,0,2026-09-02T00:09:27.624367+00:00
Eredivisie 2026/2027,Go Ahead Eagles - ADO Den Haag,2026-08-23T10:15:00+00:00,finished,3,3-1,Go Ahead Eagles,Oskar Siira Sivertsen,F,23,6.4,12,0,0,,0.00027038,0,0,0,2,2,0,0,1,0,1,0,2,4,0,1,1,0,0,0,2,0,2,7,1,0,0,0,0,1,0,2026-09-02T00:09:27.624264+00:00
Eredivisie 2026/2027,Go Ahead Eagles - ADO Den Haag,2026-08-23T10:15:00+00:00,finished,3,3-1,ADO Den Haag,Othniël Raterink,D,90,6.5,60,0,0,0.0521,0.0117555,1,0,1,33,26,3,1,1,0,2,2,7,2,0,0,4,3,8,0,1,0,0,8,1,1,0,0,0,3,0,2026-09-02T00:09:27.624394+00:00
Eredivisie 2026/2027,Go Ahead Eagles - ADO Den Haag,2026-08-23T10:15:00+00:00,finished,3,3-1,ADO Den Haag,Pascal Mulder,D,90,6.0,74,0,0,,0.00354769,0,0,0,55,48,5,1,0,0,0,0,4,4,2,3,2,1,6,5,3,0,1,9,0,0,0,0,0,3,0,2026-09-02T00:09:27.624403+00:00
Eredivisie 2026/2027,Go Ahead Eagles - ADO Den Haag,2026-08-23T10:15:00+00:00,finished,3,3-1,Go Ahead Eagles,Richonell Margaret,F,0,,0,0,0,,,0,0,0,0,0,0,0,0,0,0,0,0,0,0,0,0,0,0,0,0,0,0,0,0,0,0,0,0,0,0,2026-09-02T00:09:27.624328+00:00
Eredivisie 2026/2027,Go Ahead Eagles - ADO Den Haag,2026-08-23T10:15:00+00:00,finished,3,3-1,ADO Den Haag,Sanyika Bergtop,D,0,,0,0,0,,,0,0,0,0,0,0,0,0,0,0,0,0,0,0,0,0,0,0,0,0,0,0,0,0,0,0,0,0,0,0,2026-09-02T00:09:27.624859+00:00
Eredivisie 2026/2027,Go Ahead Eagles - ADO Den Haag,2026-08-23T10:15:00+00:00,finished,3,3-1,ADO Den Haag,Sekou Sylla,D,66,6.1,55,0,0,,0.0437226,0,0,1,34,29,1,0,3,1,0,0,2,3,0,0,0,0,2,0,2,0,2,15,2,0,0,0,0,2,0,2026-09-02T00:09:27.624509+00:00
Eredivisie 2026/2027,Go Ahead Eagles - ADO Den Haag,2026-08-23T10:15:00+00:00,finished,3,3-1,Go Ahead Eagles,Stefán Ingi Sigurðarson,F,14,7.9,12,1,0,0.2275,0.00210392,2,1,0,4,4,0,0,0,0,1,0,4,2,3,1,1,1,1,0,1,1,0,3,0,0,0,0,0,1,0,2026-09-02T00:09:27.624274+00:00
Eredivisie 2026/2027,Go Ahead Eagles - ADO Den Haag,2026-08-23T10:15:00+00:00,finished,3,3-1,Go Ahead Eagles,Søren Tengstedt,M,89,8.1,47,1,1,0.3071,0.110362,3,2,1,27,24,3,2,2,0,6,4,5,5,0,0,0,0,1,0,4,0,2,11,1,0,0,0,0,1,0,2026-09-02T00:09:27.624086+00:00
Eredivisie 2026/2027,Go Ahead Eagles - ADO Den Haag,2026-08-23T10:15:00+00:00,finished,3,3-1,Go Ahead Eagles,Thibo Baeten,F,1,,3,0,0,,,0,0,0,0,0,0,0,1,0,0,0,0,1,0,0,0,0,0,0,0,0,1,3,0,0,0,0,0,0,0,2026-09-02T00:09:27.624308+00:00
Eredivisie 2026/2027,Go Ahead Eagles - ADO Den Haag,2026-08-23T10:15:00+00:00,finished,3,3-1,Go Ahead Eagles,Victor Edvardsen,F,76,8.1,33,1,0,0.2025,0.118785,1,1,1,24,20,3,2,0,0,4,3,3,5,0,2,0,0,0,0,3,0,0,6,0,2,0,0,0,0,0,2026-09-02T00:09:27.624213+00:00
Eredivisie 2026/2027,Go Ahead Eagles - ADO Den Haag,2026-08-23T10:15:00+00:00,finished,3,3-1,ADO Den Haag,Yannick Eduardo,F,66,6.6,14,0,0,,0.00709116,0,0,0,7,6,0,0,0,0,1,1,3,5,1,4,0,0,0,0,2,0,0,2,1,1,0,0,0,2,0,2026-09-02T00:09:27.624494+00:00
Eredivisie 2026/2027,Go Ahead Eagles - ADO Den Haag,2026-08-23T10:15:00+00:00,finished,3,3-1,Go Ahead Eagles,Yassir Rahmouni,M,14,6.4,4,0,0,,0.00254269,0,0,0,2,2,1,1,0,0,0,0,0,2,0,0,0,0,0,0,0,0,2,2,0,0,0,0,0,1,0,2026-09-02T00:09:27.624293+00:00
Eredivisie 2026/2027,PSV Eindhoven - FC Groningen,2026-08-23T12:30:00+00:00,finished,3,5-1,PSV Eindhoven,,,22,6.4,25,0,0,,0.0143877,0,0,1,19,16,0,0,1,0,3,1,1,3,0,0,0,0,0,0,2,0,1,7,0,0,0,0,0,0,0,2026-09-02T00:09:27.714659+00:00
Eredivisie 2026/2027,PSV Eindhoven - FC Groningen,2026-08-23T12:30:00+00:00,finished,3,5-1,PSV Eindhoven,,,0,,0,0,0,,,0,0,0,0,0,0,0,0,0,0,0,0,0,0,0,0,0,0,0,0,0,0,0,0,0,0,0,0,0,0,2026-09-02T00:09:27.714699+00:00
Eredivisie 2026/2027,PSV Eindhoven - FC Groningen,2026-08-23T12:30:00+00:00,finished,3,5-1,FC Groningen,Alvin Nordin,M,0,,0,0,0,,,0,0,0,0,0,0,0,0,0,0,0,0,0,0,0,0,0,0,0,0,0,0,0,0,0,0,0,0,0,0,2026-09-02T00:09:27.714898+00:00
Eredivisie 2026/2027,PSV Eindhoven - FC Groningen,2026-08-23T12:30:00+00:00,finished,3,5-1,PSV Eindhoven,Armando Obispo,D,85,7.4,72,0,0,,0.0221477,0,0,1,64,61,5,4,0,0,0,0,1,0,0,0,1,0,3,2,3,0,0,3,0,0,0,0,0,1,0,2026-09-02T00:09:27.714613+00:00
Eredivisie 2026/2027,PSV Eindhoven - FC Groningen,2026-08-23T12:30:00+00:00,finished,3,5-1,FC Groningen,Brynjólfur Darri Willumsson,F,67,7.2,19,1,0,0.3373,0.164961,2,2,1,13,10,0,0,0,0,1,0,0,3,0,0,0,0,0,0,1,0,0,5,0,2,0,0,0,5,0,2026-09-02T00:09:27.714825+00:00
Eredivisie 2026/2027,PSV Eindhoven - FC Groningen,2026-08-23T12:30:00+00:00,finished,3,5-1,FC Groningen,David van der Werff,M,67,6.3,27,0,0,0.3231,0.0914121,2,1,1,13,10,0,0,5,0,3,1,2,3,0,1,0,0,1,0,1,1,0,11,1,0,0,0,0,5,0,2026-09-02T00:09:27.714834+00:00
Eredivisie 2026/2027,PSV Eindhoven - FC Groningen,2026-08-23T12:30:00+00:00,finished,3,5-1,PSV Eindhoven,Dennis Man,M,14,6.6,19,0,0,0.1069,0.0249717,1,1,0,11,10,0,0,2,0,3,2,2,5,0,0,0,0,0,1,2,0,0,5,0,2,0,0,0,0,0,2026-09-02T00:09:27.714676+00:00
Eredivisie 2026/2027,PSV Eindhoven - FC Groningen,2026-08-23T12:30:00+00:00,finished,3,5-1,FC Groningen,Elvis Van der Laan,D,23,6.8,14,0,0,,0.00158921,0,0,0,11,11,0,0,0,0,0,0,1,1,0,1,1,1,1,0,1,0,0,1,0,0,0,0,0,0,0,2026-09-02T00:09:27.714867+00:00
Eredivisie 2026/2027,PSV Eindhoven - FC Groningen,2026-08-23T12:30:00+00:00,finished,3,5-1,PSV Eindhoven,Esmir Bajraktarević,F,0,,0,0,0,,,0,0,0,0,0,0,0,0,0,0,0,0,0,0,0,0,0,0,0,0,0,0,0,0,0,0,0,0,0,0,2026-09-02T00:09:27.714729+00:00
Eredivisie 2026/2027,PSV Eindhoven - FC Groningen,2026-08-23T12:30:00+00:00,finished,3,5-1,FC Groningen,Etienne Vaessen,G,90,9.0,76,0,0,,0.0119967,0,0,0,58,34,30,11,0,0,0,0,2,1,0,0,1,0,2,0,17,0,0,24,1,0,0,0,7,5,1,2026-09-02T00:09:27.714745+00:00
Eredivisie 2026/2027,PSV Eindhoven - FC Groningen,2026-08-23T12:30:00+00:00,finished,3,5-1,PSV Eindhoven,Filip Kostić,M,15,7.3,19,0,0,,0.249242,0,0,3,13,13,1,1,3,3,0,0,0,0,0,0,0,0,1,0,2,0,0,1,0,0,0,0,0,0,0,2026-09-02T00:09:27.714668+00:00
Eredivisie 2026/2027,PSV Eindhoven - FC Groningen,2026-08-23T12:30:00+00:00,finished,3,5-1,PSV Eindhoven,Guus Til,M,90,7.8,51,0,0,0.684,0.0858193,4,3,1,37,31,0,0,2,0,0,0,5,0,2,0,0,0,2,1,2,1,0,9,3,1,0,0,0,1,0,2026-09-02T00:09:27.714605+00:00
Eredivisie 2026/2027,PSV Eindhoven - FC Groningen,2026-08-23T12:30:00+00:00,finished,3,5-1,PSV Eindhoven,Ivan Perišić,M,76,9.7,69,2,0,0.7907,0.11611,5,2,1,42,37,4,2,8,2,1,1,7,3,2,0,4,2,1,1,6,1,0,13,0,2,0,0,0,1,0,2026-09-02T00:09:27.714621+00:00
Eredivisie 2026/2027,PSV Eindhoven - FC Groningen,2026-08-23T12:30:00+00:00,finished,3,5-1,FC Groningen,Jacob Ondrejka,F,23,6.4,8,0,0,,0.00108307,0,0,0,6,5,0,0,0,0,0,0,0,1,0,0,0,0,1,0,0,0,0,2,0,0,0,0,0,0,0,2026-09-02T00:09:27.714859+00:00
Eredivisie 2026/2027,PSV Eindhoven - FC Groningen,2026-08-23T12:30:00+00:00,finished,3,5-1,FC Groningen,Jahelille Hall,M,0,,0,0,0,,,0,0,0,0,0,0,0,0,0,0,0,0,0,0,0,0,0,0,0,0,0,0,0,0,0,0,0,0,0,0,2026-09-02T00:09:27.714890+00:00
Eredivisie 2026/2027,PSV Eindhoven - FC Groningen,2026-08-23T12:30:00+00:00,finished,3,5-1,FC Groningen,Jesper Mosselaar,D,0,,0,0,0,,,0,0,0,0,0,0,0,0,0,0,0,0,0,0,0,0,0,0,0,0,0,0,0,0,0,0,0,0,0,0,2026-09-02T00:09:27.714912+00:00
Eredivisie 2026/2027,PSV Eindhoven - FC Groningen,2026-08-23T12:30:00+00:00,finished,3,5-1,FC Groningen,Jismerai Dillema,M,0,,0,0,0,,,0,0,0,0,0,0,0,0,0,0,0,0,0,0,0,0,0,0,0,0,0,0,0,0,0,0,0,0,0,0,2026-09-02T00:09:27.714905+00:00
Eredivisie 2026/2027,PSV Eindhoven - FC Groningen,2026-08-23T12:30:00+00:00,finished,3,5-1,FC Groningen,Jorg Schreuders,M,45,5.7,20,0,0,,0.00345919,0,0,0,14,10,2,1,0,0,0,0,1,2,0,0,1,1,2,0,1,0,0,4,0,0,0,0,0,3,0,2026-09-02T00:09:27.714843+00:00
Eredivisie 2026/2027,PSV Eindhoven - FC Groningen,2026-08-23T12:30:00+00:00,finished,3,5-1,PSV Eindhoven,Kiliann Sildillia,D,0,,0,0,0,,,0,0,0,0,0,0,0,0,0,0,0,0,0,0,0,0,0,0,0,0,0,0,0,0,0,0,0,0,0,0,2026-09-02T00:09:27.714713+00:00
Eredivisie 2026/2027,PSV Eindhoven - FC Groningen,2026-08-23T12:30:00+00:00,finished,3,5-1,PSV Eindhoven,Kodai Sano,M,90,7.4,70,0,0,0.0469,0.371183,1,0,3,58,54,1,0,3,2,1,0,2,4,1,0,1,1,0,1,4,0,1,7,0,1,0,0,0,1,0,2026-09-02T00:09:27.714525+00:00
Eredivisie 2026/2027,PSV Eindhoven - FC Groningen,2026-08-23T12:30:00+00:00,finished,3,5-1,FC Groningen,Lovro Štubljar,G,0,,0,0,0,,,0,0,0,0,0,0,0,0,0,0,0,0,0,0,0,0,0,0,0,0,0,0,0,0,0,0,0,0,0,0,2026-09-02T00:09:27.714934+00:00
Eredivisie 2026/2027,PSV Eindhoven - FC Groningen,2026-08-23T12:30:00+00:00,finished,3,5-1,PSV Eindhoven,Lutsharel Geertruida,D,9,6.8,10,0,0,0.023,0.0169665,1,0,0,9,9,0,0,0,0,0,0,0,1,0,0,0,0,0,0,0,0,0,0,0,1,0,0,0,0,0,2026-09-02T00:09:27.714684+00:00
Eredivisie 2026/2027,PSV Eindhoven - FC Groningen,2026-08-23T12:30:00+00:00,finished,3,5-1,FC Groningen,Marco Rente,D,9,6.3,3,0,0,,0.0002519,0,0,0,2,2,0,0,0,0,0,0,0,0,0,0,0,0,0,0,0,0,0,0,0,0,0,0,0,1,0,2026-09-02T00:09:27.714883+00:00
Eredivisie 2026/2027,PSV Eindhoven - FC Groningen,2026-08-23T12:30:00+00:00,finished,3,5-1,PSV Eindhoven,Matěj Kovář,G,90,7.2,32,0,0,,0.00180728,0,0,0,26,24,7,5,0,0,0,0,0,0,0,0,0,0,1,0,6,0,0,2,0,0,0,0,2,1,0,2026-09-02T00:09:27.714580+00:00
Eredivisie 2026/2027,PSV Eindhoven - FC Groningen,2026-08-23T12:30:00+00:00,finished,3,5-1,PSV Eindhoven,Mauro Júnior,D,75,7.3,86,0,1,,0.196905,0,0,1,73,67,5,3,0,0,1,0,2,2,1,1,1,1,0,2,6,0,0,8,0,0,0,0,0,1,0,2026-09-02T00:09:27.714629+00:00
Eredivisie 2026/2027,PSV Eindhoven - FC Groningen,2026-08-23T12:30:00+00:00,finished,3,5-1,FC Groningen,Márk Csinger,D,90,5.5,50,0,0,,0.00492229,0,0,0,34,30,3,1,0,0,0,0,4,7,1,4,1,1,6,0,1,0,0,4,2,2,1,0,0,5,0,2026-09-02T00:09:27.714762+00:00
Eredivisie 2026/2027,PSV Eindhoven - FC Groningen,2026-08-23T12:30:00+00:00,finished,3,5-1,PSV Eindhoven,Nick Olij,G,0,,0,0,0,,,0,0,0,0,0,0,0,0,0,0,0,0,0,0,0,0,0,0,0,0,0,0,0,0,0,0,0,0,0,0,2026-09-02T00:09:27.714706+00:00
Eredivisie 2026/2027,PSV Eindhoven - FC Groningen,2026-08-23T12:30:00+00:00,finished,3,5-1,FC Groningen,Nikolas Brandis,D,36,6.4,25,0,0,,0.00116469,0,0,0,15,10,0,0,0,0,2,2,2,1,0,0,0,0,0,0,0,0,0,6,0,0,0,0,0,1,0,2026-09-02T00:09:27.714851+00:00
Eredivisie 2026/2027,PSV Eindhoven - FC Groningen,2026-08-23T12:30:00+00:00,finished,3,5-1,PSV Eindhoven,Noah Fernandez,M,68,6.9,53,0,0,0.1933,0.306443,2,2,2,33,31,2,1,1,1,6,3,4,7,0,1,1,1,0,1,2,0,0,9,0,2,0,0,0,1,0,2026-09-02T00:09:27.714644+00:00
Eredivisie 2026/2027,PSV Eindhoven - FC Groningen,2026-08-23T12:30:00+00:00,finished,3,5-1,FC Groningen,Oskar Zawada,F,0,,0,0,0,,,0,0,0,0,0,0,0,0,0,0,0,0,0,0,0,0,0,0,0,0,0,0,0,0,0,0,0,0,0,0,2026-09-02T00:09:27.714926+00:00
Eredivisie 2026/2027,PSV Eindhoven - FC Groningen,2026-08-23T12:30:00+00:00,finished,3,5-1,PSV Eindhoven,Paul Wanner,M,22,6.5,8,0,0,,0.00188286,0,0,0,8,8,0,0,0,0,0,0,0,1,0,1,0,0,0,0,0,0,0,0,0,0,0,0,0,0,0,2026-09-02T00:09:27.714651+00:00
Eredivisie 2026/2027,PSV Eindhoven - FC Groningen,2026-08-23T12:30:00+00:00,finished,3,5-1,FC Groningen,Pelle Clement,M,90,7.0,52,0,0,0.1692,0.0275528,1,1,0,32,27,3,2,0,0,3,1,5,7,2,1,2,1,2,0,2,0,3,10,0,0,0,0,0,5,0,2026-09-02T00:09:27.714786+00:00
Eredivisie 2026/2027,PSV Eindhoven - FC Groningen,2026-08-23T12:30:00+00:00,finished,3,5-1,PSV Eindhoven,Ricardo Pepi,F,90,6.8,23,1,0,1.6843,0.052008,5,2,2,10,10,0,0,0,0,1,0,0,2,0,0,0,0,0,0,1,1,1,5,0,0,0,0,0,1,0,2026-09-02T00:09:27.714569+00:00
Eredivisie 2026/2027,PSV Eindhoven - FC Groningen,2026-08-23T12:30:00+00:00,finished,3,5-1,FC Groningen,Rijk Janse,G,0,,0,0,0,,,0,0,0,0,0,0,0,0,0,0,0,0,0,0,0,0,0,0,0,0,0,0,0,0,0,0,0,0,0,0,2026-09-02T00:09:27.714919+00:00
Eredivisie 2026/2027,PSV Eindhoven - FC Groningen,2026-08-23T12:30:00+00:00,finished,3,5-1,PSV Eindhoven,Ruben van Bommel,F,68,8.6,57,0,1,0.3889,0.568117,2,0,2,46,39,0,0,1,1,2,2,5,1,1,0,2,1,0,0,2,0,0,10,0,1,1,0,0,1,0,2026-09-02T00:09:27.714637+00:00
Eredivisie 2026/2027,PSV Eindhoven - FC Groningen,2026-08-23T12:30:00+00:00,finished,3,5-1,PSV Eindhoven,Ryan Flamingo,D,90,7.1,72,0,0,0.1328,0.0350043,2,1,0,61,57,6,5,0,0,0,0,6,2,4,1,2,1,1,3,5,0,1,6,0,0,0,0,0,1,0,2026-09-02T00:09:27.714597+00:00
Eredivisie 2026/2027,PSV Eindhoven - FC Groningen,2026-08-23T12:30:00+00:00,finished,3,5-1,PSV Eindhoven,Sergiño Dest,D,90,8.1,76,1,0,0.4444,0.106213,1,1,0,58,55,1,1,4,0,2,1,4,2,0,0,2,1,0,1,3,0,0,9,1,0,0,0,0,1,0,2026-09-02T00:09:27.714589+00:00
Eredivisie 2026/2027,PSV Eindhoven - FC Groningen,2026-08-23T12:30:00+00:00,finished,3,5-1,PSV Eindhoven,Sven Mijnans,M,0,,0,0,0,,,0,0,0,0,0,0,0,0,0,0,0,0,0,0,0,0,0,0,0,0,0,0,0,0,0,0,0,0,0,0,2026-09-02T00:09:27.714721+00:00
Eredivisie 2026/2027,PSV Eindhoven - FC Groningen,2026-08-23T12:30:00+00:00,finished,3,5-1,FC Groningen,Thijmen Blokzijl,D,90,5.3,56,0,0,,0.00524446,0,0,0,45,41,3,1,0,0,0,0,1,0,0,0,1,0,6,1,4,0,0,4,0,0,0,0,0,5,0,2026-09-02T00:09:27.714753+00:00
Eredivisie 2026/2027,PSV Eindhoven - FC Groningen,2026-08-23T12:30:00+00:00,finished,3,5-1,FC Groningen,Thom van Bergen,F,90,6.5,34,0,1,0.1119,0.0638957,1,0,2,23,20,2,2,0,0,4,2,3,3,0,0,0,0,0,0,0,1,0,9,1,0,0,0,0,5,0,2026-09-02T00:09:27.714778+00:00
Eredivisie 2026/2027,PSV Eindhoven - FC Groningen,2026-08-23T12:30:00+00:00,finished,3,5-1,FC Groningen,Tika de Jonge,M,85,7.4,44,0,0,,0.0820418,0,0,1,30,24,8,6,1,0,0,0,6,1,1,0,4,2,3,1,2,0,1,9,1,0,0,0,0,5,0,2026-09-02T00:09:27.714810+00:00
Eredivisie 2026/2027,PSV Eindhoven - FC Groningen,2026-08-23T12:30:00+00:00,finished,3,5-1,FC Groningen,Travis Hernes,M,9,6.4,4,0,0,,3.825e-05,0,0,0,4,3,0,0,0,0,0,0,0,2,0,1,0,0,0,0,0,0,0,1,0,0,0,0,0,0,0,2026-09-02T00:09:27.714874+00:00
Eredivisie 2026/2027,PSV Eindhoven - FC Groningen,2026-08-23T12:30:00+00:00,finished,3,5-1,FC Groningen,Tygo Land,M,90,6.0,48,0,0,0.1468,0.0125299,1,0,1,39,36,0,0,0,0,1,0,2,3,0,1,1,1,0,0,1,0,1,6,1,0,0,0,0,5,0,2026-09-02T00:09:27.714737+00:00
Eredivisie 2026/2027,PSV Eindhoven - FC Groningen,2026-08-23T12:30:00+00:00,finished,3,5-1,FC Groningen,Wouter Prins,D,90,5.2,28,0,0,,0.00901373,0,0,0,16,14,1,0,0,0,2,1,4,4,0,2,2,2,1,1,1,0,0,5,1,0,0,0,0,5,0,2026-09-02T00:09:27.714770+00:00
Eredivisie 2026/2027,PSV Eindhoven - FC Groningen,2026-08-23T12:30:00+00:00,finished,3,5-1,PSV Eindhoven,Yarek Gasiorowski,D,0,,0,0,0,,,0,0,0,0,0,0,0,0,0,0,0,0,0,0,0,0,0,0,0,0,0,0,0,0,0,0,0,0,0,0,2026-09-02T00:09:27.714691+00:00
Eredivisie 2026/2027,SC Cambuur - Feyenoord,2026-08-23T14:45:00+00:00,finished,3,2-5,Feyenoord,,,67,7.3,21,1,0,0.8419,0.00841387,2,1,0,8,6,1,1,0,0,1,0,3,3,1,2,0,0,1,0,0,0,0,6,2,0,0,0,0,0,0,2026-09-02T00:09:27.852572+00:00
Eredivisie 2026/2027,SC Cambuur - Feyenoord,2026-08-23T14:45:00+00:00,finished,3,2-5,Feyenoord,,,0,,0,0,0,,,0,0,0,0,0,0,0,0,0,0,0,0,0,0,0,0,0,0,0,0,0,0,0,0,0,0,0,0,0,0,2026-09-02T00:09:27.852636+00:00
Eredivisie 2026/2027,SC Cambuur - Feyenoord,2026-08-23T14:45:00+00:00,finished,3,2-5,Feyenoord,Anis Hadj Moussa,M,84,7.2,39,0,0,0.1711,0.255748,2,1,2,24,18,3,1,1,0,4,3,7,4,1,0,0,0,0,1,3,1,0,11,3,1,1,0,0,2,0,2026-09-02T00:09:27.852542+00:00
Eredivisie 2026/2027,SC Cambuur - Feyenoord,2026-08-23T14:45:00+00:00,finished,3,2-5,SC Cambuur,Buddy Vogelzang,D,0,,0,0,0,,,0,0,0,0,0,0,0,0,0,0,0,0,0,0,0,0,0,0,0,0,0,0,0,0,0,0,0,0,0,0,2026-09-02T00:09:27.852881+00:00
Eredivisie 2026/2027,SC Cambuur - Feyenoord,2026-08-23T14:45:00+00:00,finished,3,2-5,Feyenoord,Charles Vanhoutte,M,90,7.1,80,0,0,,0.0905752,0,0,3,66,59,2,0,4,1,0,0,4,4,0,2,4,3,0,1,7,0,1,11,0,1,0,0,0,2,0,2026-09-02T00:09:27.852522+00:00
Eredivisie 2026/2027,SC Cambuur - Feyenoord,2026-08-23T14:45:00+00:00,finished,3,2-5,SC Cambuur,Damian Westerhof,M,0,,0,0,0,,,0,0,0,0,0,0,0,0,0,0,0,0,0,0,0,0,0,0,0,0,0,0,0,0,0,0,0,0,0,0,2026-09-02T00:09:27.852912+00:00
Eredivisie 2026/2027,SC Cambuur - Feyenoord,2026-08-23T14:45:00+00:00,finished,3,2-5,SC Cambuur,Devid Bouah,M,9,6.6,6,0,0,,0.00063104,0,0,0,4,4,0,0,0,0,0,0,0,0,0,0,0,0,0,0,0,0,0,0,0,0,0,0,0,0,0,2026-09-02T00:09:27.852872+00:00
Eredivisie 2026/2027,SC Cambuur - Feyenoord,2026-08-23T14:45:00+00:00,finished,3,2-5,SC Cambuur,Ethan Apkakou,M,45,6.6,34,0,0,0.0999,0.00767349,2,0,1,27,24,0,0,0,0,0,0,1,1,0,0,1,0,1,1,0,1,0,3,0,1,0,0,0,1,0,2026-09-02T00:09:27.852848+00:00
Eredivisie 2026/2027,SC Cambuur - Feyenoord,2026-08-23T14:45:00+00:00,finished,3,2-5,SC Cambuur,Fabian Kvam,M,28,6.3,10,0,0,0.0507,9e-05,1,1,0,5,1,0,0,1,0,1,0,2,4,0,0,0,0,0,0,1,0,0,6,2,2,0,0,0,1,0,2026-09-02T00:09:27.852864+00:00
Eredivisie 2026/2027,SC Cambuur - Feyenoord,2026-08-23T14:45:00+00:00,finished,3,2-5,Feyenoord,Gaoussou Diarra,M,67,7.2,37,0,1,0.0407,0.250631,2,0,2,17,17,0,0,0,0,5,2,8,7,1,1,4,3,0,1,1,1,1,7,1,0,0,0,0,0,0,2026-09-02T00:09:27.852562+00:00
Eredivisie 2026/2027,SC Cambuur - Feyenoord,2026-08-23T14:45:00+00:00,finished,3,2-5,Feyenoord,Givairo Read,D,81,7.1,58,0,0,0.1562,0.203379,1,1,0,43,37,2,1,2,1,0,0,5,3,0,1,3,3,0,2,5,0,0,8,2,0,0,0,0,2,0,2026-09-02T00:09:27.852551+00:00
Eredivisie 2026/2027,SC Cambuur - Feyenoord,2026-08-23T14:45:00+00:00,finished,3,2-5,Feyenoord,Gjivai Zechiël,M,90,8.4,42,2,0,0.3838,0.107948,2,2,1,33,30,0,0,0,0,0,0,4,3,0,1,2,2,0,0,4,0,0,5,2,3,0,0,0,2,0,2026-09-02T00:09:27.852511+00:00
Eredivisie 2026/2027,SC Cambuur - Feyenoord,2026-08-23T14:45:00+00:00,finished,3,2-5,SC Cambuur,Ilyes Hamache,M,45,6.5,12,0,0,,0.0304129,0,0,1,3,2,0,0,1,1,2,0,2,5,0,2,1,0,0,0,3,0,1,5,1,0,0,0,0,4,0,2026-09-02T00:09:27.852831+00:00
Eredivisie 2026/2027,SC Cambuur - Feyenoord,2026-08-23T14:45:00+00:00,finished,3,2-5,SC Cambuur,Ismaël Baouf,D,90,6.3,70,0,0,,0.0058665,0,0,0,60,56,4,2,0,0,0,0,3,2,2,1,1,1,3,3,4,0,0,4,0,1,0,0,0,5,0,2026-09-02T00:09:27.852740+00:00
Eredivisie 2026/2027,SC Cambuur - Feyenoord,2026-08-23T14:45:00+00:00,finished,3,2-5,SC Cambuur,Iwan Henstra,F,84,7.0,49,0,0,0.0173,0.271526,1,0,3,23,19,1,0,4,2,7,4,5,8,0,0,1,1,2,0,2,1,2,15,0,1,0,0,0,5,0,2026-09-02T00:09:27.852768+00:00
Eredivisie 2026/2027,SC Cambuur - Feyenoord,2026-08-23T14:45:00+00:00,finished,3,2-5,SC Cambuur,Jamal Amofa,D,90,5.8,76,0,0,,0.0419423,0,0,1,67,59,10,5,0,0,2,2,3,6,0,0,0,0,0,2,7,0,1,9,1,5,0,0,0,5,0,2026-09-02T00:09:27.852729+00:00
Eredivisie 2026/2027,SC Cambuur - Feyenoord,2026-08-23T14:45:00+00:00,finished,3,2-5,SC Cambuur,Jasper Meijster,G,0,,0,0,0,,,0,0,0,0,0,0,0,0,0,0,0,0,0,0,0,0,0,0,0,0,0,0,0,0,0,0,0,0,0,0,2026-09-02T00:09:27.852920+00:00
Eredivisie 2026/2027,SC Cambuur - Feyenoord,2026-08-23T14:45:00+00:00,finished,3,2-5,Feyenoord,Javi López,D,23,6.5,22,0,0,,0.176735,0,0,1,14,13,0,0,1,1,0,0,1,0,0,0,1,1,1,0,1,0,0,1,0,0,0,0,0,2,0,2026-09-02T00:09:27.852602+00:00
Eredivisie 2026/2027,SC Cambuur - Feyenoord,2026-08-23T14:45:00+00:00,finished,3,2-5,Feyenoord,Jeremiah St Juste,D,90,5.9,65,0,0,,0.0070857,0,0,0,56,53,1,1,0,0,0,0,3,6,2,5,0,0,4,1,1,0,0,3,1,0,0,0,0,2,0,2026-09-02T00:09:27.852488+00:00
Eredivisie 2026/2027,SC Cambuur - Feyenoord,2026-08-23T14:45:00+00:00,finished,3,2-5,Feyenoord,Jivayno Zinhagel,F,0,,0,0,0,,,0,0,0,0,0,0,0,0,0,0,0,0,0,0,0,0,0,0,0,0,0,0,0,0,0,0,0,0,0,0,2026-09-02T00:09:27.852688+00:00
Eredivisie 2026/2027,SC Cambuur - Feyenoord,2026-08-23T14:45:00+00:00,finished,3,2-5,Feyenoord,Jordan Lotomba,D,9,7.0,8,0,1,,0.38866,0,0,1,5,5,0,0,0,0,0,0,0,0,0,0,0,0,2,0,0,0,0,0,0,0,0,0,0,0,0,2026-09-02T00:09:27.852619+00:00
Eredivisie 2026/2027,SC Cambuur - Feyenoord,2026-08-23T14:45:00+00:00,finished,3,2-5,SC Cambuur,Jorn Berkhout,D,0,,0,0,0,,,0,0,0,0,0,0,0,0,0,0,0,0,0,0,0,0,0,0,0,0,0,0,0,0,0,0,0,0,0,0,2026-09-02T00:09:27.852897+00:00
Eredivisie 2026/2027,SC Cambuur - Feyenoord,2026-08-23T14:45:00+00:00,finished,3,2-5,Feyenoord,Liam Bossin,G,0,,0,0,0,,,0,0,0,0,0,0,0,0,0,0,0,0,0,0,0,0,0,0,0,0,0,0,0,0,0,0,0,0,0,0,2026-09-02T00:09:27.852646+00:00
Eredivisie 2026/2027,SC Cambuur - Feyenoord,2026-08-23T14:45:00+00:00,finished,3,2-5,SC Cambuur,Lucas Jetten,D,62,5.8,35,0,0,,0.0103669,0,0,0,25,21,4,1,0,0,1,1,2,1,0,0,0,0,2,0,2,0,0,7,1,0,0,0,0,4,0,2026-09-02T00:09:27.852777+00:00
Eredivisie 2026/2027,SC Cambuur - Feyenoord,2026-08-23T14:45:00+00:00,finished,3,2-5,Feyenoord,Luciano Valente,M,90,8.1,50,1,0,0.206,0.22217,1,1,0,42,34,1,1,0,0,1,1,4,1,0,0,1,0,0,0,6,0,0,10,2,1,0,0,0,2,0,2026-09-02T00:09:27.852532+00:00
Eredivisie 2026/2027,SC Cambuur - Feyenoord,2026-08-23T14:45:00+00:00,finished,3,2-5,Feyenoord,Mats Deijl,D,0,,0,0,0,,,0,0,0,0,0,0,0,0,0,0,0,0,0,0,0,0,0,0,0,0,0,0,0,0,0,0,0,0,0,0,2026-09-02T00:09:27.852654+00:00
Eredivisie 2026/2027,SC Cambuur - Feyenoord,2026-08-23T14:45:00+00:00,finished,3,2-5,SC Cambuur,Matthijs Kalisvaart,G,0,,0,0,0,,,0,0,0,0,0,0,0,0,0,0,0,0,0,0,0,0,0,0,0,0,0,0,0,0,0,0,0,0,0,0,2026-09-02T00:09:27.852889+00:00
Eredivisie 2026/2027,SC Cambuur - Feyenoord,2026-08-23T14:45:00+00:00,finished,3,2-5,Feyenoord,Mika Mármol,D,90,6.4,73,0,0,0.0814,0.0454506,1,0,0,56,50,2,2,1,0,2,1,3,5,0,1,1,0,2,2,7,0,0,12,1,2,0,0,0,2,0,2026-09-02T00:09:27.852500+00:00
Eredivisie 2026/2027,SC Cambuur - Feyenoord,2026-08-23T14:45:00+00:00,finished,3,2-5,SC Cambuur,Morgan Costarelli,D,45,6.3,24,0,0,0.0256,0.0304209,1,0,1,17,15,1,0,0,0,1,0,2,2,1,0,1,1,0,1,0,1,0,3,0,0,0,0,0,1,0,2026-09-02T00:09:27.852839+00:00
Eredivisie 2026/2027,SC Cambuur - Feyenoord,2026-08-23T14:45:00+00:00,finished,3,2-5,Feyenoord,Nacho Ferri,F,23,6.1,14,0,0,0.5936,0.00695359,2,0,0,8,6,1,0,0,0,1,1,2,2,0,0,1,1,0,0,1,1,1,4,0,1,0,0,0,2,0,2026-09-02T00:09:27.852592+00:00
Eredivisie 2026/2027,SC Cambuur - Feyenoord,2026-08-23T14:45:00+00:00,finished,3,2-5,SC Cambuur,Nicky Souren,M,90,6.3,31,0,0,,0.0394718,0,0,0,24,19,1,0,0,0,0,0,2,0,1,0,0,0,1,1,2,0,0,7,1,0,0,0,0,5,0,2026-09-02T00:09:27.852759+00:00
Eredivisie 2026/2027,SC Cambuur - Feyenoord,2026-08-23T14:45:00+00:00,finished,3,2-5,SC Cambuur,Nicolas Binder,F,28,7.8,13,0,1,0.1177,0.145739,1,0,2,10,8,0,0,0,0,0,0,3,1,2,1,0,0,0,1,1,0,0,2,1,0,0,0,0,1,0,2026-09-02T00:09:27.852856+00:00
Eredivisie 2026/2027,SC Cambuur - Feyenoord,2026-08-23T14:45:00+00:00,finished,3,2-5,Feyenoord,Oussama Targhalline,M,23,6.4,28,0,0,,0.0607644,0,0,1,24,21,1,0,1,1,1,0,0,3,0,0,0,0,0,1,2,0,0,5,0,0,0,0,0,2,0,2026-09-02T00:09:27.852611+00:00
Eredivisie 2026/2027,SC Cambuur - Feyenoord,2026-08-23T14:45:00+00:00,finished,3,2-5,SC Cambuur,Rafik El Arguioui,M,90,8.3,38,2,0,0.6328,0.0266675,3,2,0,15,12,0,0,3,1,3,3,9,5,3,1,1,1,3,0,3,0,3,10,2,1,0,0,0,5,0,2026-09-02T00:09:27.852750+00:00
Eredivisie 2026/2027,SC Cambuur - Feyenoord,2026-08-23T14:45:00+00:00,finished,3,2-5,SC Cambuur,Rik Mulders,D,0,,0,0,0,,,0,0,0,0,0,0,0,0,0,0,0,0,0,0,0,0,0,0,0,0,0,0,0,0,0,0,0,0,0,0,2026-09-02T00:09:27.852905+00:00
Eredivisie 2026/2027,SC Cambuur - Feyenoord,2026-08-23T14:45:00+00:00,finished,3,2-5,SC Cambuur,Sami Bouhoudane,F,62,6.6,12,0,0,,0.00552714,0,0,0,11,8,0,0,0,0,0,0,2,1,1,1,0,0,0,0,3,0,0,3,1,0,0,0,0,4,0,2026-09-02T00:09:27.852786+00:00
Eredivisie 2026/2027,SC Cambuur - Feyenoord,2026-08-23T14:45:00+00:00,finished,3,2-5,Feyenoord,Sem Steijn,M,0,,0,0,0,,,0,0,0,0,0,0,0,0,0,0,0,0,0,0,0,0,0,0,0,0,0,0,0,0,0,0,0,0,0,0,2026-09-02T00:09:27.852680+00:00
Eredivisie 2026/2027,SC Cambuur - Feyenoord,2026-08-23T14:45:00+00:00,finished,3,2-5,Feyenoord,Shaqueel van Persie,F,9,6.6,8,0,0,,0.00063897,0,0,0,5,3,1,0,0,0,0,0,1,1,0,0,1,1,1,0,2,0,0,3,0,1,0,0,0,0,0,2026-09-02T00:09:27.852628+00:00
Eredivisie 2026/2027,SC Cambuur - Feyenoord,2026-08-23T14:45:00+00:00,finished,3,2-5,SC Cambuur,Skye Vink,F,45,6.4,16,0,0,0.0691,0.00037149,1,0,0,9,9,1,1,0,0,1,1,3,2,1,1,1,1,1,0,2,1,0,3,0,1,0,0,0,4,0,2026-09-02T00:09:27.852816+00:00
Eredivisie 2026/2027,SC Cambuur - Feyenoord,2026-08-23T14:45:00+00:00,finished,3,2-5,SC Cambuur,Thijs Jansen,G,90,6.9,64,0,0,,0.00566074,0,0,0,55,37,28,10,0,0,0,0,2,1,1,0,1,0,1,0,4,0,0,18,1,0,0,0,3,5,0,2026-09-02T00:09:27.852697+00:00
Eredivisie 2026/2027,SC Cambuur - Feyenoord,2026-08-23T14:45:00+00:00,finished,3,2-5,Feyenoord,Thijs Kraaijeveld,M,0,,0,0,0,,,0,0,0,0,0,0,0,0,0,0,0,0,0,0,0,0,0,0,0,0,0,0,0,0,0,0,0,0,0,0,2026-09-02T00:09:27.852671+00:00
Eredivisie 2026/2027,SC Cambuur - Feyenoord,2026-08-23T14:45:00+00:00,finished,3,2-5,Feyenoord,Tjark Ernst,G,90,6.1,39,0,0,,0.00131896,0,0,0,30,21,13,5,0,0,0,0,1,0,1,0,0,0,2,0,11,0,0,9,0,0,0,0,2,2,1,2026-09-02T00:09:27.852426+00:00
Eredivisie 2026/2027,SC Cambuur - Feyenoord,2026-08-23T14:45:00+00:00,finished,3,2-5,Feyenoord,Tobias van den Elshout,M,0,,0,0,0,,,0,0,0,0,0,0,0,0,0,0,0,0,0,0,0,0,0,0,0,0,0,0,0,0,0,0,0,0,0,0,2026-09-02T00:09:27.852664+00:00
Eredivisie 2026/2027,SC Cambuur - Feyenoord,2026-08-23T14:45:00+00:00,finished,3,2-5,Feyenoord,Tsuyoshi Watanabe,D,67,7.1,54,0,0,0.0956,0.00430554,1,1,0,51,42,6,2,1,0,0,0,3,3,2,0,1,1,0,0,1,0,0,10,0,3,0,0,0,0,0,2026-09-02T00:09:27.852582+00:00
Eredivisie 2026/2027,SC Cambuur - Feyenoord,2026-08-23T14:45:00+00:00,finished,3,2-5,SC Cambuur,Wessel van der Goot,M,0,,0,0,0,,,0,0,0,0,0,0,0,0,0,0,0,0,0,0,0,0,0,0,0,0,0,0,0,0,0,0,0,0,0,0,2026-09-02T00:09:27.852933+00:00
Eredivisie 2026/2027,SC Cambuur - Feyenoord,2026-08-23T14:45:00+00:00,finished,3,2-5,SC Cambuur,Wiebe Kooistra,F,90,5.1,72,0,0,0.0541,0.179788,1,1,0,44,41,1,1,1,0,4,1,4,10,1,1,2,1,4,2,6,0,2,12,0,2,0,0,0,5,0,2026-09-02T00:09:27.852712+00:00
Eredivisie 2026/2027,FC Groningen - Fortuna Sittard,2026-08-28T18:00:00+00:00,finished,4,2-3,Fortuna Sittard,Alhaji Bah,M,0,,0,0,0,,,0,0,0,0,0,0,0,0,0,0,0,0,0,0,0,0,0,0,0,0,0,0,0,0,0,0,0,0,0,0,2026-09-02T00:09:28.004687+00:00
Eredivisie 2026/2027,FC Groningen - Fortuna Sittard,2026-08-28T18:00:00+00:00,finished,4,2-3,FC Groningen,Alvin Nordin,M,8,6.5,9,0,0,0.05,0.0009672,1,0,0,5,2,1,0,1,0,0,0,0,1,0,0,0,0,0,0,1,0,1,6,0,0,0,0,0,0,0,2026-09-02T00:09:28.004783+00:00
Eredivisie 2026/2027,FC Groningen - Fortuna Sittard,2026-08-28T18:00:00+00:00,finished,4,2-3,Fortuna Sittard,Anthony Descotte,F,89,7.6,34,1,0,0.1764,0.0515569,3,2,1,21,16,2,0,0,0,0,0,3,4,2,2,1,0,0,0,4,0,0,13,0,2,0,0,0,2,0,2026-09-02T00:09:28.004603+00:00
Eredivisie 2026/2027,FC Groningen - Fortuna Sittard,2026-08-28T18:00:00+00:00,finished,4,2-3,FC Groningen,Brynjólfur Darri Willumsson,F,64,6.6,20,0,0,0.1784,0.0135726,3,0,1,14,7,0,0,0,0,0,0,5,1,5,1,0,0,2,0,0,1,0,7,0,0,0,0,0,2,0,2026-09-02T00:09:28.004760+00:00
Eredivisie 2026/2027,FC Groningen - Fortuna Sittard,2026-08-28T18:00:00+00:00,finished,4,2-3,FC Groningen,Daan Erdman,G,0,,0,0,0,,,0,0,0,0,0,0,0,0,0,0,0,0,0,0,0,0,0,0,0,0,0,0,0,0,0,0,0,0,0,0,2026-09-02T00:09:28.004954+00:00
Eredivisie 2026/2027,FC Groningen - Fortuna Sittard,2026-08-28T18:00:00+00:00,finished,4,2-3,Fortuna Sittard,David Stockbrink,F,0,,0,0,0,,,0,0,0,0,0,0,0,0,0,0,0,0,0,0,0,0,0,0,0,0,0,0,0,0,0,0,0,0,0,0,2026-09-02T00:09:28.004651+00:00
Eredivisie 2026/2027,FC Groningen - Fortuna Sittard,2026-08-28T18:00:00+00:00,finished,4,2-3,FC Groningen,David van der Werff,M,82,8.0,70,1,0,0.2068,0.479794,2,1,5,42,38,2,2,16,4,2,1,3,3,0,2,2,1,1,0,2,0,0,19,0,0,0,0,0,3,0,2026-09-02T00:09:28.004742+00:00
Eredivisie 2026/2027,FC Groningen - Fortuna Sittard,2026-08-28T18:00:00+00:00,finished,4,2-3,FC Groningen,Elvis Van der Laan,D,0,,0,0,0,,,0,0,0,0,0,0,0,0,0,0,0,0,0,0,0,0,0,0,0,0,0,0,0,0,0,0,0,0,0,0,2026-09-02T00:09:28.004962+00:00
Eredivisie 2026/2027,FC Groningen - Fortuna Sittard,2026-08-28T18:00:00+00:00,finished,4,2-3,FC Groningen,Etienne Vaessen,G,90,5.9,37,0,0,,0.0160448,0,0,0,30,24,18,12,0,0,0,0,0,0,0,0,0,0,0,0,15,0,0,6,0,0,1,0,2,3,0,2026-09-02T00:09:28.004705+00:00
Eredivisie 2026/2027,FC Groningen - Fortuna Sittard,2026-08-28T18:00:00+00:00,finished,4,2-3,Fortuna Sittard,Ganni Buyukhan,M,0,,0,0,0,,,0,0,0,0,0,0,0,0,0,0,0,0,0,0,0,0,0,0,0,0,0,0,0,0,0,0,0,0,0,0,2026-09-02T00:09:28.004681+00:00
Eredivisie 2026/2027,FC Groningen - Fortuna Sittard,2026-08-28T18:00:00+00:00,finished,4,2-3,Fortuna Sittard,Ivo Pinto,D,90,6.2,30,0,0,,0.00346042,0,0,0,16,12,5,3,1,0,0,0,1,3,0,0,1,1,5,1,1,0,0,7,0,1,0,0,0,2,0,2026-09-02T00:09:28.004597+00:00
Eredivisie 2026/2027,FC Groningen - Fortuna Sittard,2026-08-28T18:00:00+00:00,finished,4,2-3,FC Groningen,Jacob Ondrejka,F,26,6.7,18,0,0,0.0467,0.00686087,2,0,0,9,8,0,0,2,0,2,2,3,2,0,1,0,0,0,0,0,2,0,4,1,1,1,0,0,1,0,2026-09-02T00:09:28.004771+00:00
Eredivisie 2026/2027,FC Groningen - Fortuna Sittard,2026-08-28T18:00:00+00:00,finished,4,2-3,FC Groningen,Jahelille Hall,M,0,,0,0,0,,,0,0,0,0,0,0,0,0,0,0,0,0,0,0,0,0,0,0,0,0,0,0,0,0,0,0,0,0,0,0,2026-09-02T00:09:28.004923+00:00
Eredivisie 2026/2027,FC Groningen - Fortuna Sittard,2026-08-28T18:00:00+00:00,finished,4,2-3,Fortuna Sittard,Jasper Dahlhaus,D,90,6.0,25,0,0,,0.003263,0,0,0,13,9,6,3,0,0,0,0,1,4,0,2,1,0,2,1,4,0,2,7,0,0,0,0,0,2,0,2026-09-02T00:09:28.004566+00:00
Eredivisie 2026/2027,FC Groningen - Fortuna Sittard,2026-08-28T18:00:00+00:00,finished,4,2-3,FC Groningen,Jesper Mosselaar,D,0,,0,0,0,,,0,0,0,0,0,0,0,0,0,0,0,0,0,0,0,0,0,0,0,0,0,0,0,0,0,0,0,0,0,0,2026-09-02T00:09:28.004974+00:00
Eredivisie 2026/2027,FC Groningen - Fortuna Sittard,2026-08-28T18:00:00+00:00,finished,4,2-3,FC Groningen,Jismerai Dillema,M,0,,0,0,0,,,0,0,0,0,0,0,0,0,0,0,0,0,0,0,0,0,0,0,0,0,0,0,0,0,0,0,0,0,0,0,2026-09-02T00:09:28.004980+00:00
Eredivisie 2026/2027,FC Groningen - Fortuna Sittard,2026-08-28T18:00:00+00:00,finished,4,2-3,FC Groningen,Jorg Schreuders,M,90,6.3,96,0,1,0.0142,0.322391,1,0,3,76,73,3,3,8,1,3,1,1,5,0,1,0,0,0,0,3,1,1,14,0,1,0,0,0,3,0,2026-09-02T00:09:28.004711+00:00
Eredivisie 2026/2027,FC Groningen - Fortuna Sittard,2026-08-28T18:00:00+00:00,finished,4,2-3,Fortuna Sittard,Justin Hubner,D,90,5.6,52,0,0,,0.00205686,0,0,0,36,33,5,3,1,0,0,0,2,5,2,4,0,0,9,1,4,0,0,4,0,1,1,0,0,2,0,2026-09-02T00:09:28.004537+00:00
Eredivisie 2026/2027,FC Groningen - Fortuna Sittard,2026-08-28T18:00:00+00:00,finished,4,2-3,Fortuna Sittard,Kaylen Reitmaier,G,0,,0,0,0,,,0,0,0,0,0,0,0,0,0,0,0,0,0,0,0,0,0,0,0,0,0,0,0,0,0,0,0,0,0,0,2026-09-02T00:09:28.004693+00:00
Eredivisie 2026/2027,FC Groningen - Fortuna Sittard,2026-08-28T18:00:00+00:00,finished,4,2-3,Fortuna Sittard,Lequincio Zeefuik,F,90,7.9,30,1,1,0.3002,0.0591095,1,1,2,12,7,1,0,0,0,1,1,6,6,2,4,1,1,0,0,1,0,1,15,2,1,0,0,0,2,0,2026-09-02T00:09:28.004471+00:00
Eredivisie 2026/2027,FC Groningen - Fortuna Sittard,2026-08-28T18:00:00+00:00,finished,4,2-3,FC Groningen,Lovro Štubljar,G,0,,0,0,0,,,0,0,0,0,0,0,0,0,0,0,0,0,0,0,0,0,0,0,0,0,0,0,0,0,0,0,0,0,0,0,2026-09-02T00:09:28.004939+00:00
Eredivisie 2026/2027,FC Groningen - Fortuna Sittard,2026-08-28T18:00:00+00:00,finished,4,2-3,Fortuna Sittard,Luuk Koopmans,G,0,,0,0,0,,,0,0,0,0,0,0,0,0,0,0,0,0,0,0,0,0,0,0,0,0,0,0,0,0,0,0,0,0,0,0,2026-09-02T00:09:28.004667+00:00
Eredivisie 2026/2027,FC Groningen - Fortuna Sittard,2026-08-28T18:00:00+00:00,finished,4,2-3,Fortuna Sittard,Mattijs Branderhorst,G,90,6.2,49,0,0,,0.00578452,0,0,0,45,18,36,9,0,0,0,0,0,0,0,0,0,0,0,0,8,0,0,27,0,0,0,0,1,2,0,2026-09-02T00:09:28.004549+00:00
Eredivisie 2026/2027,FC Groningen - Fortuna Sittard,2026-08-28T18:00:00+00:00,finished,4,2-3,Fortuna Sittard,Mohamed Ihattaren,M,68,8.0,32,1,0,0.2406,0.279596,2,1,2,22,22,3,3,3,0,1,1,3,1,1,0,1,1,1,0,1,1,1,5,0,0,0,0,0,1,0,2026-09-02T00:09:28.004622+00:00
Eredivisie 2026/2027,FC Groningen - Fortuna Sittard,2026-08-28T18:00:00+00:00,finished,4,2-3,Fortuna Sittard,Moussa Gbemou,M,1,,2,0,0,,2.72e-06,0,0,0,1,1,0,0,0,0,0,0,1,0,0,0,0,0,0,0,1,0,0,0,1,0,0,0,0,0,0,2026-09-02T00:09:28.004646+00:00
Eredivisie 2026/2027,FC Groningen - Fortuna Sittard,2026-08-28T18:00:00+00:00,finished,4,2-3,FC Groningen,Márk Csinger,D,82,6.3,45,0,0,,0.0178327,0,0,1,36,34,3,3,0,0,0,0,6,3,5,2,1,1,4,0,3,0,0,2,0,1,0,0,0,3,0,2026-09-02T00:09:28.004737+00:00
Eredivisie 2026/2027,FC Groningen - Fortuna Sittard,2026-08-28T18:00:00+00:00,finished,4,2-3,Fortuna Sittard,Nick de Groot,D,22,6.4,6,0,0,,,0,0,0,1,0,1,0,0,0,0,0,3,2,1,1,1,0,2,0,0,0,0,1,1,0,0,0,0,1,0,2026-09-02T00:09:28.004628+00:00
Eredivisie 2026/2027,FC Groningen - Fortuna Sittard,2026-08-28T18:00:00+00:00,finished,4,2-3,FC Groningen,Nikolas Brandis,D,0,,0,0,0,,,0,0,0,0,0,0,0,0,0,0,0,0,0,0,0,0,0,0,0,0,0,0,0,0,0,0,0,0,0,0,2026-09-02T00:09:28.004968+00:00
Eredivisie 2026/2027,FC Groningen - Fortuna Sittard,2026-08-28T18:00:00+00:00,finished,4,2-3,FC Groningen,Nils Eggens,F,8,6.4,2,0,0,0.1782,,1,0,0,1,0,0,0,0,0,0,0,0,0,0,0,0,0,0,0,0,0,0,1,0,0,0,0,0,0,0,2026-09-02T00:09:28.004895+00:00
Eredivisie 2026/2027,FC Groningen - Fortuna Sittard,2026-08-28T18:00:00+00:00,finished,4,2-3,FC Groningen,Oskar Zawada,F,26,6.6,7,0,0,0.0502,0.00496712,1,0,1,5,1,0,0,0,0,0,0,3,1,3,1,0,0,0,0,0,0,0,4,0,0,0,0,0,1,0,2026-09-02T00:09:28.004765+00:00
Eredivisie 2026/2027,FC Groningen - Fortuna Sittard,2026-08-28T18:00:00+00:00,finished,4,2-3,FC Groningen,Pelle Clement,M,90,6.5,72,0,0,,0.04637,0,0,0,61,50,4,0,3,0,2,0,5,3,4,0,0,0,0,0,4,0,0,18,1,0,0,0,0,3,0,2026-09-02T00:09:28.004730+00:00
Eredivisie 2026/2027,FC Groningen - Fortuna Sittard,2026-08-28T18:00:00+00:00,finished,4,2-3,Fortuna Sittard,Philip Brittijn,M,90,6.4,41,0,0,,0.00612681,0,0,0,19,16,2,1,1,0,0,0,5,6,4,5,1,1,13,2,0,0,0,4,0,0,0,0,0,2,0,2026-09-02T00:09:28.004590+00:00
Eredivisie 2026/2027,FC Groningen - Fortuna Sittard,2026-08-28T18:00:00+00:00,finished,4,2-3,Fortuna Sittard,Rodrigo Guth,D,81,6.9,46,0,0,,0.00290851,0,0,0,27,21,13,7,0,0,0,0,3,5,3,4,0,0,13,3,2,0,0,6,0,1,1,0,0,1,0,2026-09-02T00:09:28.004609+00:00
Eredivisie 2026/2027,FC Groningen - Fortuna Sittard,2026-08-28T18:00:00+00:00,finished,4,2-3,Fortuna Sittard,Shiloh 't Zand,M,80,6.4,32,0,0,0.0425,0.0119998,2,1,0,25,21,1,0,0,0,1,0,2,2,0,0,1,1,2,0,4,1,0,5,1,0,0,0,0,1,0,2026-09-02T00:09:28.004616+00:00
Eredivisie 2026/2027,FC Groningen - Fortuna Sittard,2026-08-28T18:00:00+00:00,finished,4,2-3,Fortuna Sittard,Syb Van Ottele,D,9,6.3,14,0,0,,0.0002765,0,0,0,3,1,3,1,0,0,0,0,0,1,0,1,0,0,8,0,0,0,0,2,0,0,0,0,0,1,0,2026-09-02T00:09:28.004640+00:00
Eredivisie 2026/2027,FC Groningen - Fortuna Sittard,2026-08-28T18:00:00+00:00,finished,4,2-3,FC Groningen,Thijmen Blokzijl,D,90,6.4,99,0,0,0.0978,0.0423289,1,0,2,83,75,6,3,0,0,0,0,1,7,1,4,0,0,7,1,4,0,0,8,0,2,0,0,0,3,0,2026-09-02T00:09:28.004698+00:00
Eredivisie 2026/2027,FC Groningen - Fortuna Sittard,2026-08-28T18:00:00+00:00,finished,4,2-3,FC Groningen,Thom van Bergen,F,90,6.8,33,0,0,0.5507,0.0684443,7,1,1,15,10,0,0,0,0,1,1,7,7,3,5,0,0,2,0,5,1,2,10,3,0,0,0,0,3,0,2026-09-02T00:09:28.004723+00:00
Eredivisie 2026/2027,FC Groningen - Fortuna Sittard,2026-08-28T18:00:00+00:00,finished,4,2-3,FC Groningen,Tika de Jonge,M,90,7.6,109,0,0,0.0581,0.338499,2,0,6,85,75,7,4,8,2,0,0,4,0,0,0,2,1,1,0,3,0,0,18,2,0,0,0,0,3,0,2026-09-02T00:09:28.004717+00:00
Eredivisie 2026/2027,FC Groningen - Fortuna Sittard,2026-08-28T18:00:00+00:00,finished,4,2-3,FC Groningen,Travis Hernes,M,9,6.7,15,0,0,,0.0739603,0,0,0,8,6,0,0,2,0,0,0,1,2,1,1,0,0,1,0,1,0,0,6,0,1,1,0,0,0,0,2026-09-02T00:09:28.004778+00:00
Eredivisie 2026/2027,FC Groningen - Fortuna Sittard,2026-08-28T18:00:00+00:00,finished,4,2-3,FC Groningen,Tygo Land,M,64,6.7,60,0,0,0.0407,0.0372613,1,0,0,52,51,0,0,1,0,1,0,1,2,0,0,0,0,1,0,3,0,0,5,1,1,0,0,0,2,0,2026-09-02T00:09:28.004753+00:00
Eredivisie 2026/2027,FC Groningen - Fortuna Sittard,2026-08-28T18:00:00+00:00,finished,4,2-3,FC Groningen,Wouter Prins,D,81,5.8,54,0,0,,0.075508,0,0,0,28,23,2,0,2,1,1,0,2,4,2,1,0,0,4,0,3,0,1,18,0,1,0,0,0,3,0,2026-09-02T00:09:28.004748+00:00
Eredivisie 2026/2027,FC Groningen - Fortuna Sittard,2026-08-28T18:00:00+00:00,finished,4,2-3,Fortuna Sittard,Yassin Oukili,M,10,6.6,10,0,0,,,0,0,0,3,0,2,0,0,0,0,0,4,1,1,0,3,1,2,0,1,0,0,3,0,1,0,0,0,1,0,2026-09-02T00:09:28.004634+00:00
Eredivisie 2026/2027,FC Groningen - Fortuna Sittard,2026-08-28T18:00:00+00:00,finished,4,2-3,Fortuna Sittard,Édouard Michut,M,90,7.6,47,0,2,0.116,0.154339,1,0,3,35,29,3,2,0,0,0,0,6,1,1,0,2,2,2,2,3,1,0,6,3,1,1,0,0,2,0,2026-09-02T00:09:28.004581+00:00
Eredivisie 2026/2027,Excelsior - Sparta Rotterdam,2026-08-29T14:30:00+00:00,finished,4,2-1,Excelsior,,,31,6.8,24,0,0,,0.0152192,0,0,0,18,14,2,2,1,0,0,0,1,0,0,0,1,1,0,0,2,0,0,7,0,0,0,0,0,0,0,2026-09-02T00:09:28.120852+00:00
Eredivisie 2026/2027,Excelsior - Sparta Rotterdam,2026-08-29T14:30:00+00:00,finished,4,2-1,Excelsior,Alireza Jahanbakhsh,F,31,6.7,18,0,0,0.0633,0.0160029,1,1,0,9,8,0,0,4,0,1,1,1,0,0,0,0,0,0,0,1,0,0,6,0,0,0,0,0,0,0,2026-09-02T00:09:28.120861+00:00
Eredivisie 2026/2027,Excelsior - Sparta Rotterdam,2026-08-29T14:30:00+00:00,finished,4,2-1,Sparta Rotterdam,Alwande Roaldsoy,M,10,6.4,3,0,0,0.0513,0.00834623,1,1,0,1,1,0,0,0,0,1,0,0,1,0,0,0,0,0,0,1,0,0,1,0,0,0,0,0,1,0,2026-09-02T00:09:28.121036+00:00
Eredivisie 2026/2027,Excelsior - Sparta Rotterdam,2026-08-29T14:30:00+00:00,finished,4,2-1,Sparta Rotterdam,Andrej Kostić,F,0,,0,0,0,,,0,0,0,0,0,0,0,0,0,0,0,0,0,0,0,0,0,0,0,0,0,0,0,0,0,0,0,0,0,0,2026-09-02T00:09:28.121089+00:00
Eredivisie 2026/2027,Excelsior - Sparta Rotterdam,2026-08-29T14:30:00+00:00,finished,4,2-1,Excelsior,Aymen Sliti,F,59,7.7,30,1,0,0.1216,0.0148254,3,2,0,21,17,1,1,2,0,1,1,3,1,1,1,0,0,0,0,3,0,0,6,1,0,0,0,0,1,0,2026-09-02T00:09:28.120844+00:00
Eredivisie 2026/2027,Excelsior - Sparta Rotterdam,2026-08-29T14:30:00+00:00,finished,4,2-1,Sparta Rotterdam,Bas Kuipers,D,90,6.5,63,0,0,,0.0670237,0,0,1,45,35,5,2,2,0,1,0,5,5,3,2,1,0,2,2,4,0,0,14,1,1,0,0,0,2,0,2026-09-02T00:09:28.120975+00:00
Eredivisie 2026/2027,Excelsior - Sparta Rotterdam,2026-08-29T14:30:00+00:00,finished,4,2-1,Sparta Rotterdam,Boyd Reith,D,0,,0,0,0,,,0,0,0,0,0,0,0,0,0,0,0,0,0,0,0,0,0,0,0,0,0,0,0,0,0,0,0,0,0,0,2026-09-02T00:09:28.121059+00:00
Eredivisie 2026/2027,Excelsior - Sparta Rotterdam,2026-08-29T14:30:00+00:00,finished,4,2-1,Sparta Rotterdam,Bruno Martins Indi,D,90,7.4,91,0,0,,0.0415415,0,0,1,78,71,6,2,0,0,0,0,6,5,5,3,0,0,9,1,3,0,0,7,1,1,0,0,0,2,0,2026-09-02T00:09:28.120967+00:00
Eredivisie 2026/2027,Excelsior - Sparta Rotterdam,2026-08-29T14:30:00+00:00,finished,4,2-1,Sparta Rotterdam,Casper Terho,F,51,6.3,35,0,0,0.1128,0.0171283,2,0,0,22,18,1,1,4,0,1,0,2,4,0,0,1,0,1,0,2,2,1,11,1,1,0,0,0,1,0,2026-09-02T00:09:28.121014+00:00
Eredivisie 2026/2027,Excelsior - Sparta Rotterdam,2026-08-29T14:30:00+00:00,finished,4,2-1,Excelsior,Casper Widell,D,90,6.6,49,0,0,0.0161,0.00900824,1,0,2,33,25,6,2,0,0,0,0,3,5,2,3,0,0,6,5,5,1,0,8,1,2,0,0,0,1,0,2026-09-02T00:09:28.120703+00:00
Eredivisie 2026/2027,Excelsior - Sparta Rotterdam,2026-08-29T14:30:00+00:00,finished,4,2-1,Excelsior,Daniel van Vianen,M,59,6.9,20,0,0,,0.00576661,0,0,0,14,10,1,0,0,0,0,0,6,1,4,1,1,1,2,0,2,0,0,5,1,0,0,0,0,1,0,2026-09-02T00:09:28.120830+00:00
Eredivisie 2026/2027,Excelsior - Sparta Rotterdam,2026-08-29T14:30:00+00:00,finished,4,2-1,Excelsior,David Garden,F,67,6.4,16,0,0,0.2478,0.0138322,2,0,1,8,6,0,0,0,0,0,0,2,8,2,6,0,0,2,0,1,2,0,3,0,1,0,0,0,1,0,2026-09-02T00:09:28.120736+00:00
Eredivisie 2026/2027,Excelsior - Sparta Rotterdam,2026-08-29T14:30:00+00:00,finished,4,2-1,Sparta Rotterdam,Filip Bednarek,G,90,6.6,57,0,0,,0.00082465,0,0,0,41,28,21,8,0,0,0,0,1,0,1,0,0,0,2,0,15,0,0,14,0,0,0,0,2,2,0,2026-09-02T00:09:28.120943+00:00
Eredivisie 2026/2027,Excelsior - Sparta Rotterdam,2026-08-29T14:30:00+00:00,finished,4,2-1,Sparta Rotterdam,Giannino Vianello,D,0,,0,0,0,,,0,0,0,0,0,0,0,0,0,0,0,0,0,0,0,0,0,0,0,0,0,0,0,0,0,0,0,0,0,0,2026-09-02T00:09:28.121066+00:00
Eredivisie 2026/2027,Excelsior - Sparta Rotterdam,2026-08-29T14:30:00+00:00,finished,4,2-1,Excelsior,Giuliano Cairo,D,0,,0,0,0,,,0,0,0,0,0,0,0,0,0,0,0,0,0,0,0,0,0,0,0,0,0,0,0,0,0,0,0,0,0,0,2026-09-02T00:09:28.120899+00:00
Eredivisie 2026/2027,Excelsior - Sparta Rotterdam,2026-08-29T14:30:00+00:00,finished,4,2-1,Excelsior,Ilano Silva Timas,M,23,7.1,15,0,1,,0.38613,0,0,1,9,7,0,0,1,0,1,0,0,3,0,0,0,0,1,0,1,0,1,7,0,1,0,0,0,0,0,2026-09-02T00:09:28.120868+00:00
Eredivisie 2026/2027,Excelsior - Sparta Rotterdam,2026-08-29T14:30:00+00:00,finished,4,2-1,Excelsior,Irakli Yegoian,M,90,8.0,66,0,0,0.0787,0.466547,3,1,5,36,29,3,3,8,5,9,6,7,9,0,2,1,1,1,1,6,1,2,16,0,1,0,0,0,1,0,2026-09-02T00:09:28.120458+00:00
Eredivisie 2026/2027,Excelsior - Sparta Rotterdam,2026-08-29T14:30:00+00:00,finished,4,2-1,Excelsior,Jan Plug,D,90,7.6,67,0,0,0.0637,0.00885131,1,0,0,48,42,7,4,0,0,0,0,6,6,4,6,2,1,7,2,5,0,0,6,0,1,0,0,0,1,0,2026-09-02T00:09:28.120712+00:00
Eredivisie 2026/2027,Excelsior - Sparta Rotterdam,2026-08-29T14:30:00+00:00,finished,4,2-1,Sparta Rotterdam,Jens Toornstra,M,83,7.5,71,0,0,0.0306,0.480805,1,0,1,50,41,8,3,2,1,4,3,6,7,0,4,2,1,5,0,9,0,1,12,1,1,1,0,0,1,0,2026-09-02T00:09:28.121007+00:00
Eredivisie 2026/2027,Excelsior - Sparta Rotterdam,2026-08-29T14:30:00+00:00,finished,4,2-1,Sparta Rotterdam,Joel Ideho,M,10,6.6,5,0,0,,0.00389892,0,0,0,4,4,2,2,1,0,0,0,0,0,0,0,0,0,0,0,2,0,0,1,0,0,0,0,0,1,0,2026-09-02T00:09:28.121029+00:00
Eredivisie 2026/2027,Excelsior - Sparta Rotterdam,2026-08-29T14:30:00+00:00,finished,4,2-1,Sparta Rotterdam,Julian Baas,M,89,6.5,56,0,0,,0.0298313,0,0,0,45,39,2,1,6,0,0,0,3,2,2,0,0,0,2,0,1,0,0,13,1,2,0,0,0,1,0,2026-09-02T00:09:28.120991+00:00
Eredivisie 2026/2027,Excelsior - Sparta Rotterdam,2026-08-29T14:30:00+00:00,finished,4,2-1,Excelsior,Kasey Bos,D,8,6.7,5,0,0,,0.0856652,0,0,1,2,2,0,0,1,1,0,0,1,0,0,0,1,1,1,0,0,0,0,0,0,0,0,0,0,0,0,2026-09-02T00:09:28.120884+00:00
Eredivisie 2026/2027,Excelsior - Sparta Rotterdam,2026-08-29T14:30:00+00:00,finished,4,2-1,Excelsior,Lennard Hartjes,M,90,6.5,48,0,0,,0.0903302,0,0,1,38,30,8,2,0,0,1,0,1,5,0,0,0,0,5,0,0,0,1,10,1,2,0,0,0,1,0,2026-09-02T00:09:28.120720+00:00
Eredivisie 2026/2027,Excelsior - Sparta Rotterdam,2026-08-29T14:30:00+00:00,finished,4,2-1,Sparta Rotterdam,Lushendry Edward Martes,D,90,7.2,59,0,0,0.0208,0.124511,1,0,0,41,32,3,1,1,0,0,0,6,1,2,0,3,2,2,1,4,0,0,11,1,0,0,0,0,2,0,2026-09-02T00:09:28.120951+00:00
Eredivisie 2026/2027,Excelsior - Sparta Rotterdam,2026-08-29T14:30:00+00:00,finished,4,2-1,Sparta Rotterdam,Marvin Young,D,90,7.3,81,0,0,0.1298,0.0331801,1,0,0,65,61,5,3,0,0,0,0,8,1,3,0,3,2,3,2,8,0,0,7,2,0,0,0,0,2,0,2026-09-02T00:09:28.120959+00:00
Eredivisie 2026/2027,Excelsior - Sparta Rotterdam,2026-08-29T14:30:00+00:00,finished,4,2-1,Sparta Rotterdam,Milan Zonneveld,F,90,8.2,34,1,0,0.5757,0.0969654,3,1,2,17,8,1,1,0,0,1,0,12,7,10,4,0,0,6,0,1,1,0,13,3,1,0,0,0,2,0,2026-09-02T00:09:28.120935+00:00
Eredivisie 2026/2027,Excelsior - Sparta Rotterdam,2026-08-29T14:30:00+00:00,finished,4,2-1,Sparta Rotterdam,Mitchell Van Bergen,M,83,7.0,57,0,1,0.0458,0.167321,1,0,2,37,32,2,2,7,1,5,3,5,4,0,1,0,0,0,1,1,1,0,15,2,0,0,0,0,1,0,2026-09-02T00:09:28.120999+00:00
Eredivisie 2026/2027,Excelsior - Sparta Rotterdam,2026-08-29T14:30:00+00:00,finished,4,2-1,Excelsior,Nesto Groen,F,23,7.6,12,1,0,0.541,0.00338909,2,1,1,4,4,0,0,0,0,2,2,4,3,1,1,1,0,0,0,2,0,1,2,0,1,0,0,0,0,0,2026-09-02T00:09:28.120876+00:00
Eredivisie 2026/2027,Excelsior - Sparta Rotterdam,2026-08-29T14:30:00+00:00,finished,4,2-1,Sparta Rotterdam,Nick Verschuren,D,1,,1,0,0,,6.83e-06,0,0,0,1,1,0,0,0,0,0,0,0,0,0,0,0,0,0,0,0,0,0,0,0,0,0,0,0,1,0,2026-09-02T00:09:28.121044+00:00
Eredivisie 2026/2027,Excelsior - Sparta Rotterdam,2026-08-29T14:30:00+00:00,finished,4,2-1,Excelsior,Osman Turay,D,0,,0,0,0,,,0,0,0,0,0,0,0,0,0,0,0,0,0,0,0,0,0,0,0,0,0,0,0,0,0,0,0,0,0,0,2026-09-02T00:09:28.120907+00:00
Eredivisie 2026/2027,Excelsior - Sparta Rotterdam,2026-08-29T14:30:00+00:00,finished,4,2-1,Sparta Rotterdam,Pascal Kuiper,G,0,,0,0,0,,,0,0,0,0,0,0,0,0,0,0,0,0,0,0,0,0,0,0,0,0,0,0,0,0,0,0,0,0,0,0,2026-09-02T00:09:28.121081+00:00
Eredivisie 2026/2027,Excelsior - Sparta Rotterdam,2026-08-29T14:30:00+00:00,finished,4,2-1,Excelsior,Rick Meissen,D,90,7.0,50,0,0,,0.02886,0,0,0,35,27,3,3,1,0,0,0,2,7,0,3,2,2,2,1,3,0,0,14,0,0,0,0,0,1,0,2026-09-02T00:09:28.120694+00:00
Eredivisie 2026/2027,Excelsior - Sparta Rotterdam,2026-08-29T14:30:00+00:00,finished,4,2-1,Sparta Rotterdam,Rik Suur,G,0,,0,0,0,,,0,0,0,0,0,0,0,0,0,0,0,0,0,0,0,0,0,0,0,0,0,0,0,0,0,0,0,0,0,0,2026-09-02T00:09:28.121051+00:00
Eredivisie 2026/2027,Excelsior - Sparta Rotterdam,2026-08-29T14:30:00+00:00,finished,4,2-1,Sparta Rotterdam,Robin van Cruijsen,M,39,6.4,9,0,0,,0.00335994,0,0,0,7,7,0,0,0,0,0,0,1,3,0,1,1,0,0,0,1,0,1,1,0,0,0,0,0,1,0,2026-09-02T00:09:28.121022+00:00
Eredivisie 2026/2027,Excelsior - Sparta Rotterdam,2026-08-29T14:30:00+00:00,finished,4,2-1,Sparta Rotterdam,Shunsuke Mito,M,90,6.5,44,0,0,,0.0575315,0,0,1,32,28,1,1,0,0,1,1,2,2,0,0,1,1,1,0,2,0,1,9,0,0,0,0,0,2,0,2026-09-02T00:09:28.120983+00:00
Eredivisie 2026/2027,Excelsior - Sparta Rotterdam,2026-08-29T14:30:00+00:00,finished,4,2-1,Excelsior,Simon Janssen,D,85,6.3,53,0,0,0.1051,0.0144696,2,0,0,34,28,4,2,7,0,0,0,2,1,1,0,1,1,2,0,3,1,0,17,0,1,1,0,0,1,0,2026-09-02T00:09:28.120728+00:00
Eredivisie 2026/2027,Excelsior - Sparta Rotterdam,2026-08-29T14:30:00+00:00,finished,4,2-1,Excelsior,Stan Henderikx,D,0,,0,0,0,,,0,0,0,0,0,0,0,0,0,0,0,0,0,0,0,0,0,0,0,0,0,0,0,0,0,0,0,0,0,0,2026-09-02T00:09:28.120914+00:00
Eredivisie 2026/2027,Excelsior - Sparta Rotterdam,2026-08-29T14:30:00+00:00,finished,4,2-1,Excelsior,Stijn van Gassel,G,90,6.4,48,0,0,,0.00074442,0,0,0,41,26,22,7,0,0,0,0,0,0,0,0,0,0,1,0,14,0,0,16,0,0,0,0,1,1,0,2026-09-02T00:09:28.120676+00:00
Eredivisie 2026/2027,Excelsior - Sparta Rotterdam,2026-08-29T14:30:00+00:00,finished,4,2-1,Sparta Rotterdam,Teo Quintero,D,0,,0,0,0,,,0,0,0,0,0,0,0,0,0,0,0,0,0,0,0,0,0,0,0,0,0,0,0,0,0,0,0,0,0,0,2026-09-02T00:09:28.121074+00:00
Eredivisie 2026/2027,Excelsior - Sparta Rotterdam,2026-08-29T14:30:00+00:00,finished,4,2-1,Excelsior,Tijmen Holla,G,0,,0,0,0,,,0,0,0,0,0,0,0,0,0,0,0,0,0,0,0,0,0,0,0,0,0,0,0,0,0,0,0,0,0,0,2026-09-02T00:09:28.120928+00:00
Eredivisie 2026/2027,Excelsior - Sparta Rotterdam,2026-08-29T14:30:00+00:00,finished,4,2-1,Excelsior,Valentin Sulzbacher,M,0,,0,0,0,,,0,0,0,0,0,0,0,0,0,0,0,0,0,0,0,0,0,0,0,0,0,0,0,0,0,0,0,0,0,0,2026-09-02T00:09:28.120921+00:00
Eredivisie 2026/2027,Excelsior - Sparta Rotterdam,2026-08-29T14:30:00+00:00,finished,4,2-1,Excelsior,Yaqub Finey,F,0,,0,0,0,,,0,0,0,0,0,0,0,0,0,0,0,0,0,0,0,0,0,0,0,0,0,0,0,0,0,0,0,0,0,0,2026-09-02T00:09:28.120891+00:00
Eredivisie 2026/2027,Excelsior - Sparta Rotterdam,2026-08-29T14:30:00+00:00,finished,4,2-1,Excelsior,Ágúst Orri Thorsteinsson,M,67,6.5,25,0,0,,0.0276443,0,0,1,15,12,1,1,1,0,0,0,3,7,0,2,1,0,2,0,0,0,2,7,2,3,1,0,0,1,0,2026-09-02T00:09:28.120743+00:00
Eredivisie 2026/2027,AZ Alkmaar - Go Ahead Eagles,2026-08-29T16:45:00+00:00,finished,4,5-2,Go Ahead Eagles,,,0,,0,0,0,,,0,0,0,0,0,0,0,0,0,0,0,0,0,0,0,0,0,0,0,0,0,0,0,0,0,0,0,0,0,0,2026-09-02T00:09:28.187376+00:00
Eredivisie 2026/2027,AZ Alkmaar - Go Ahead Eagles,2026-08-29T16:45:00+00:00,finished,4,5-2,Go Ahead Eagles,Alfons Sampsted,D,59,6.4,43,0,0,,0.00233518,0,0,0,22,18,2,0,1,0,0,0,5,1,0,1,4,3,4,1,1,0,0,6,1,0,0,0,0,3,0,2026-09-02T00:09:28.187321+00:00
Eredivisie 2026/2027,AZ Alkmaar - Go Ahead Eagles,2026-08-29T16:45:00+00:00,finished,4,5-2,AZ Alkmaar,Andrea Natali,D,0,,0,0,0,,,0,0,0,0,0,0,0,0,0,0,0,0,0,0,0,0,0,0,0,0,0,0,0,0,0,0,0,0,0,0,2026-09-02T00:09:28.187532+00:00
Eredivisie 2026/2027,AZ Alkmaar - Go Ahead Eagles,2026-08-29T16:45:00+00:00,finished,4,5-2,AZ Alkmaar,Ayoub Oufkir,M,13,6.6,10,0,0,,0.0101185,0,0,0,4,4,0,0,0,0,0,0,1,1,0,0,1,0,1,0,1,0,0,2,0,1,0,0,0,1,0,2026-09-02T00:09:28.187517+00:00
Eredivisie 2026/2027,AZ Alkmaar - Go Ahead Eagles,2026-08-29T16:45:00+00:00,finished,4,5-2,AZ Alkmaar,Bendegúz Kovács,F,0,,0,0,0,,,0,0,0,0,0,0,0,0,0,0,0,0,0,0,0,0,0,0,0,0,0,0,0,0,0,0,0,0,0,0,2026-09-02T00:09:28.187552+00:00
Eredivisie 2026/2027,AZ Alkmaar - Go Ahead Eagles,2026-08-29T16:45:00+00:00,finished,4,5-2,AZ Alkmaar,Calvin Stengs,M,26,7.0,18,0,1,,0.014749,0,0,1,11,9,1,1,1,0,1,1,1,1,0,0,0,0,0,0,1,0,0,6,0,1,0,0,0,1,0,2026-09-02T00:09:28.187496+00:00
Eredivisie 2026/2027,AZ Alkmaar - Go Ahead Eagles,2026-08-29T16:45:00+00:00,finished,4,5-2,Go Ahead Eagles,Dani Tijman,D,0,,0,0,0,,,0,0,0,0,0,0,0,0,0,0,0,0,0,0,0,0,0,0,0,0,0,0,0,0,0,0,0,0,0,0,2026-09-02T00:09:28.187370+00:00
Eredivisie 2026/2027,AZ Alkmaar - Go Ahead Eagles,2026-08-29T16:45:00+00:00,finished,4,5-2,AZ Alkmaar,Dave Kwakman,M,64,8.3,49,1,1,0.3107,0.0642372,4,1,1,39,36,2,0,0,0,1,1,3,1,0,0,1,1,0,0,4,1,0,3,1,0,0,0,0,1,0,2026-09-02T00:09:28.187489+00:00
Eredivisie 2026/2027,AZ Alkmaar - Go Ahead Eagles,2026-08-29T16:45:00+00:00,finished,4,5-2,Go Ahead Eagles,Dean James,D,77,5.9,52,0,0,,0.0126166,0,0,0,35,31,5,4,2,0,2,2,4,3,1,2,0,0,2,1,3,0,0,9,1,1,0,0,0,4,0,2026-09-02T00:09:28.187298+00:00
Eredivisie 2026/2027,AZ Alkmaar - Go Ahead Eagles,2026-08-29T16:45:00+00:00,finished,4,5-2,AZ Alkmaar,Elijah Dijkstra,D,77,6.7,45,0,0,,0.0440007,0,0,1,31,31,1,1,0,0,0,0,1,1,0,1,0,0,2,2,8,0,0,2,1,0,0,0,0,1,0,2026-09-02T00:09:28.187468+00:00
Eredivisie 2026/2027,AZ Alkmaar - Go Ahead Eagles,2026-08-29T16:45:00+00:00,finished,4,5-2,Go Ahead Eagles,Erik Flataker,F,45,6.4,6,0,0,,4.481e-05,0,0,0,4,3,0,0,0,0,0,0,0,1,0,1,0,0,0,0,1,0,0,3,0,0,0,0,0,2,0,2026-09-02T00:09:28.187328+00:00
Eredivisie 2026/2027,AZ Alkmaar - Go Ahead Eagles,2026-08-29T16:45:00+00:00,finished,4,5-2,Go Ahead Eagles,Eus Waayers,D,31,6.0,23,0,0,,0.00351179,0,0,0,18,15,1,1,0,0,0,0,0,2,0,0,0,0,0,1,0,0,0,4,0,1,0,0,0,2,0,2026-09-02T00:09:28.187342+00:00
Eredivisie 2026/2027,AZ Alkmaar - Go Ahead Eagles,2026-08-29T16:45:00+00:00,finished,4,5-2,Go Ahead Eagles,Evert Linthorst,M,90,6.4,73,0,0,,0.109831,0,0,0,54,47,7,2,1,0,3,1,2,4,0,0,1,1,3,2,8,0,0,11,0,1,0,0,0,5,0,2026-09-02T00:09:28.187290+00:00
Eredivisie 2026/2027,AZ Alkmaar - Go Ahead Eagles,2026-08-29T16:45:00+00:00,finished,4,5-2,AZ Alkmaar,Hessel de Wit,M,0,,0,0,0,,,0,0,0,0,0,0,0,0,0,0,0,0,0,0,0,0,0,0,0,0,0,0,0,0,0,0,0,0,0,0,2026-09-02T00:09:28.187559+00:00
Eredivisie 2026/2027,AZ Alkmaar - Go Ahead Eagles,2026-08-29T16:45:00+00:00,finished,4,5-2,AZ Alkmaar,Ismail Ka,G,0,,0,0,0,,,0,0,0,0,0,0,0,0,0,0,0,0,0,0,0,0,0,0,0,0,0,0,0,0,0,0,0,0,0,0,2026-09-02T00:09:28.187573+00:00
Eredivisie 2026/2027,AZ Alkmaar - Go Ahead Eagles,2026-08-29T16:45:00+00:00,finished,4,5-2,AZ Alkmaar,Jari De Busser,G,90,6.4,56,0,0,,0.00336859,0,0,0,47,37,22,13,0,0,0,0,0,0,0,0,0,0,0,0,10,0,0,12,0,0,0,0,2,2,0,2026-09-02T00:09:28.187432+00:00
Eredivisie 2026/2027,AZ Alkmaar - Go Ahead Eagles,2026-08-29T16:45:00+00:00,finished,4,5-2,AZ Alkmaar,Jizz Hornkamp,F,0,,0,0,0,,,0,0,0,0,0,0,0,0,0,0,0,0,0,0,0,0,0,0,0,0,0,0,0,0,0,0,0,0,0,0,2026-09-02T00:09:28.187538+00:00
Eredivisie 2026/2027,AZ Alkmaar - Go Ahead Eagles,2026-08-29T16:45:00+00:00,finished,4,5-2,AZ Alkmaar,Jordy Clasie,M,26,6.4,17,0,0,,0.00179323,0,0,0,14,12,0,0,0,0,0,0,0,1,0,0,0,0,1,0,2,0,0,3,0,0,0,0,0,1,0,2026-09-02T00:09:28.187503+00:00
Eredivisie 2026/2027,AZ Alkmaar - Go Ahead Eagles,2026-08-29T16:45:00+00:00,finished,4,5-2,Go Ahead Eagles,Joris Kramer,D,90,5.1,78,0,0,,0.0060163,0,0,0,69,64,4,2,0,0,0,0,2,5,1,4,0,0,3,2,2,0,0,6,1,1,0,0,0,5,0,2026-09-02T00:09:28.187266+00:00
Eredivisie 2026/2027,AZ Alkmaar - Go Ahead Eagles,2026-08-29T16:45:00+00:00,finished,4,5-2,Go Ahead Eagles,Julius Dirksen,D,90,6.0,86,0,0,0.0161,0.0100201,1,1,0,65,55,18,8,0,0,1,1,4,3,1,1,1,0,5,6,3,0,0,12,1,0,0,0,0,5,0,2026-09-02T00:09:28.187205+00:00
Eredivisie 2026/2027,AZ Alkmaar - Go Ahead Eagles,2026-08-29T16:45:00+00:00,finished,4,5-2,AZ Alkmaar,Kees Smit,M,77,6.7,48,0,0,0.1023,0.119263,2,0,3,34,26,1,1,0,0,2,0,3,4,1,1,2,1,0,0,2,1,1,13,0,0,0,0,0,1,0,2026-09-02T00:09:28.187475+00:00
Eredivisie 2026/2027,AZ Alkmaar - Go Ahead Eagles,2026-08-29T16:45:00+00:00,finished,4,5-2,Go Ahead Eagles,Kjetil Haug,G,90,5.8,51,0,0,,0.000684,0,0,0,41,27,17,3,0,0,1,1,1,0,0,0,0,0,2,0,10,0,0,15,0,0,0,0,3,5,1,2026-09-02T00:09:28.187275+00:00
Eredivisie 2026/2027,AZ Alkmaar - Go Ahead Eagles,2026-08-29T16:45:00+00:00,finished,4,5-2,AZ Alkmaar,Lewis Schouten,D,90,7.7,66,1,0,0.2568,0.00920172,1,1,0,54,50,2,1,1,0,0,0,3,0,1,0,2,1,3,0,6,0,0,6,0,0,0,0,0,2,0,2026-09-02T00:09:28.187439+00:00
Eredivisie 2026/2027,AZ Alkmaar - Go Ahead Eagles,2026-08-29T16:45:00+00:00,finished,4,5-2,AZ Alkmaar,Mateo Chávez,D,83,8.5,60,1,1,0.1425,0.562395,2,2,2,38,31,0,0,3,1,1,0,4,4,1,0,3,1,0,2,2,0,2,16,0,1,0,0,0,1,0,2026-09-02T00:09:28.187461+00:00
Eredivisie 2026/2027,AZ Alkmaar - Go Ahead Eagles,2026-08-29T16:45:00+00:00,finished,4,5-2,Go Ahead Eagles,Mathis Suray,M,90,7.4,44,1,0,0.9342,0.124851,1,1,1,33,25,1,1,3,1,1,1,2,1,0,0,1,0,1,0,3,0,1,12,0,0,0,0,0,5,0,2026-09-02T00:09:28.187253+00:00
Eredivisie 2026/2027,AZ Alkmaar - Go Ahead Eagles,2026-08-29T16:45:00+00:00,finished,4,5-2,AZ Alkmaar,Mees De Wit,D,10,6.2,5,0,0,,0.00027112,0,0,0,4,4,0,0,0,0,0,0,0,1,0,0,0,0,1,0,0,0,0,0,0,0,0,0,0,1,0,2026-09-02T00:09:28.187524+00:00
Eredivisie 2026/2027,AZ Alkmaar - Go Ahead Eagles,2026-08-29T16:45:00+00:00,finished,4,5-2,Go Ahead Eagles,Melle Meulensteen,M,90,5.7,59,0,0,0.1571,0.0171253,2,1,0,46,42,2,2,0,0,0,0,0,3,0,2,0,0,2,1,3,1,0,6,0,0,0,0,0,5,0,2026-09-02T00:09:28.187282+00:00
Eredivisie 2026/2027,AZ Alkmaar - Go Ahead Eagles,2026-08-29T16:45:00+00:00,finished,4,5-2,AZ Alkmaar,Mexx Meerdink,F,90,6.4,29,0,0,1.0843,0.0246249,3,0,0,20,13,0,0,0,0,0,0,6,2,4,1,0,0,0,0,2,0,1,10,2,0,0,0,0,2,0,2026-09-02T00:09:28.187453+00:00
Eredivisie 2026/2027,AZ Alkmaar - Go Ahead Eagles,2026-08-29T16:45:00+00:00,finished,4,5-2,Go Ahead Eagles,Nando Verdoni,G,0,,0,0,0,,,0,0,0,0,0,0,0,0,0,0,0,0,0,0,0,0,0,0,0,0,0,0,0,0,0,0,0,0,0,0,2026-09-02T00:09:28.187384+00:00
Eredivisie 2026/2027,AZ Alkmaar - Go Ahead Eagles,2026-08-29T16:45:00+00:00,finished,4,5-2,Go Ahead Eagles,Ofosu Boakye,F,0,,0,0,0,,,0,0,0,0,0,0,0,0,0,0,0,0,0,0,0,0,0,0,0,0,0,0,0,0,0,0,0,0,0,0,2026-09-02T00:09:28.187404+00:00
Eredivisie 2026/2027,AZ Alkmaar - Go Ahead Eagles,2026-08-29T16:45:00+00:00,finished,4,5-2,Go Ahead Eagles,Oskar Siira Sivertsen,F,13,6.7,11,0,0,,0.254839,0,0,3,4,3,0,0,6,2,0,0,0,0,0,0,0,0,0,0,0,0,0,6,0,0,0,0,0,1,0,2026-09-02T00:09:28.187363+00:00
Eredivisie 2026/2027,AZ Alkmaar - Go Ahead Eagles,2026-08-29T16:45:00+00:00,finished,4,5-2,AZ Alkmaar,Peer Koopmeiners,M,90,7.0,81,0,0,,0.144362,0,0,3,63,49,9,5,4,2,0,0,4,3,2,0,1,1,2,2,8,0,0,17,1,2,0,0,0,2,0,2026-09-02T00:09:28.187425+00:00
Eredivisie 2026/2027,AZ Alkmaar - Go Ahead Eagles,2026-08-29T16:45:00+00:00,finished,4,5-2,Go Ahead Eagles,Richonell Margaret,F,31,6.4,14,0,0,,0.00126187,0,0,0,7,5,0,0,0,0,2,1,1,2,0,1,0,0,1,1,1,0,0,6,0,0,0,0,0,2,0,2026-09-02T00:09:28.187349+00:00
Eredivisie 2026/2027,AZ Alkmaar - Go Ahead Eagles,2026-08-29T16:45:00+00:00,finished,4,5-2,AZ Alkmaar,Rion Ichihara,D,0,,0,0,0,,,0,0,0,0,0,0,0,0,0,0,0,0,0,0,0,0,0,0,0,0,0,0,0,0,0,0,0,0,0,0,2026-09-02T00:09:28.187545+00:00
Eredivisie 2026/2027,AZ Alkmaar - Go Ahead Eagles,2026-08-29T16:45:00+00:00,finished,4,5-2,AZ Alkmaar,Ro-Zangelo Daal,M,90,10.0,68,2,0,0.2856,0.272688,5,4,2,44,35,2,1,3,0,5,5,5,3,0,0,0,0,0,0,5,1,2,19,0,1,0,0,0,2,0,2026-09-02T00:09:28.187417+00:00
Eredivisie 2026/2027,AZ Alkmaar - Go Ahead Eagles,2026-08-29T16:45:00+00:00,finished,4,5-2,AZ Alkmaar,Rome Jayden Owusu-Oduro,G,0,,0,0,0,,,0,0,0,0,0,0,0,0,0,0,0,0,0,0,0,0,0,0,0,0,0,0,0,0,0,0,0,0,0,0,2026-09-02T00:09:28.187566+00:00
Eredivisie 2026/2027,AZ Alkmaar - Go Ahead Eagles,2026-08-29T16:45:00+00:00,finished,4,5-2,AZ Alkmaar,Seiya Maikuma,D,13,6.3,8,0,0,,4.22e-05,0,0,0,4,2,1,0,0,0,0,0,1,0,1,0,0,0,2,0,0,0,0,3,0,0,0,0,0,1,0,2026-09-02T00:09:28.187510+00:00
Eredivisie 2026/2027,AZ Alkmaar - Go Ahead Eagles,2026-08-29T16:45:00+00:00,finished,4,5-2,Go Ahead Eagles,Stefán Ingi Sigurðarson,F,45,6.5,14,0,0,0.257,0.0143204,3,0,0,7,6,0,0,0,0,2,1,1,2,0,1,0,0,0,0,0,0,0,2,0,0,0,0,0,3,0,2026-09-02T00:09:28.187335+00:00
Eredivisie 2026/2027,AZ Alkmaar - Go Ahead Eagles,2026-08-29T16:45:00+00:00,finished,4,5-2,Go Ahead Eagles,Søren Tengstedt,M,69,6.0,28,0,0,0.0077,0.00581502,1,0,0,16,15,0,0,1,0,1,0,2,7,0,1,1,1,0,0,3,0,3,8,1,0,0,0,0,4,0,2026-09-02T00:09:28.187306+00:00
Eredivisie 2026/2027,AZ Alkmaar - Go Ahead Eagles,2026-08-29T16:45:00+00:00,finished,4,5-2,Go Ahead Eagles,Thibo Baeten,F,21,6.9,21,0,0,0.0799,0.00089652,1,0,0,3,1,1,1,2,0,2,1,4,2,0,0,0,0,1,0,1,1,1,9,3,0,0,0,0,1,0,2026-09-02T00:09:28.187356+00:00
Eredivisie 2026/2027,AZ Alkmaar - Go Ahead Eagles,2026-08-29T16:45:00+00:00,finished,4,5-2,Go Ahead Eagles,Thomas Hulleman,G,0,,0,0,0,,,0,0,0,0,0,0,0,0,0,0,0,0,0,0,0,0,0,0,0,0,0,0,0,0,0,0,0,0,0,0,2026-09-02T00:09:28.187390+00:00
Eredivisie 2026/2027,AZ Alkmaar - Go Ahead Eagles,2026-08-29T16:45:00+00:00,finished,4,5-2,Go Ahead Eagles,Tino Jukić,D,0,,0,0,0,,,0,0,0,0,0,0,0,0,0,0,0,0,0,0,0,0,0,0,0,0,0,0,0,0,0,0,0,0,0,0,2026-09-02T00:09:28.187411+00:00
Eredivisie 2026/2027,AZ Alkmaar - Go Ahead Eagles,2026-08-29T16:45:00+00:00,finished,4,5-2,Go Ahead Eagles,Victor Edvardsen,F,59,6.5,28,1,0,0.5054,0.00608598,1,1,1,21,13,0,0,0,0,1,0,1,3,0,0,1,1,1,0,3,0,0,10,0,2,0,0,0,3,0,2026-09-02T00:09:28.187313+00:00
Eredivisie 2026/2027,AZ Alkmaar - Go Ahead Eagles,2026-08-29T16:45:00+00:00,finished,4,5-2,AZ Alkmaar,Weslley Patati,F,64,7.4,28,0,0,0.1969,0.744165,2,0,2,20,14,0,0,0,0,1,1,3,4,2,0,0,0,0,1,2,2,0,9,0,1,0,0,0,1,0,2026-09-02T00:09:28.187482+00:00
Eredivisie 2026/2027,AZ Alkmaar - Go Ahead Eagles,2026-08-29T16:45:00+00:00,finished,4,5-2,AZ Alkmaar,Wouter Goes,D,90,6.3,69,0,0,0.0105,0.013994,1,0,0,57,51,3,3,0,0,0,0,4,3,2,0,2,1,4,3,1,0,0,7,0,2,0,0,0,2,0,2026-09-02T00:09:28.187446+00:00
Eredivisie 2026/2027,AZ Alkmaar - Go Ahead Eagles,2026-08-29T16:45:00+00:00,finished,4,5-2,Go Ahead Eagles,Yassir Rahmouni,M,0,,0,0,0,,,0,0,0,0,0,0,0,0,0,0,0,0,0,0,0,0,0,0,0,0,0,0,0,0,0,0,0,0,0,0,2026-09-02T00:09:28.187397+00:00
Eredivisie 2026/2027,PEC Zwolle - NEC Nijmegen,2026-08-29T19:00:00+00:00,finished,4,1-3,NEC Nijmegen,,,10,6.8,10,0,0,,0.00381543,0,0,0,6,3,0,0,0,0,1,1,1,0,0,0,0,0,2,0,2,0,0,3,0,0,0,0,0,0,0,2026-09-02T00:09:28.293921+00:00
Eredivisie 2026/2027,PEC Zwolle - NEC Nijmegen,2026-08-29T19:00:00+00:00,finished,4,1-3,NEC Nijmegen,Adam Tahaui,M,67,6.3,29,0,0,0.0943,0.00830425,1,0,0,14,9,0,0,0,0,1,0,4,6,1,3,2,1,1,2,9,0,1,8,1,1,0,0,0,1,0,2026-09-02T00:09:28.293814+00:00
Eredivisie 2026/2027,PEC Zwolle - NEC Nijmegen,2026-08-29T19:00:00+00:00,finished,4,1-3,NEC Nijmegen,Almugera Kabar,D,45,7.3,33,0,0,,0.00523988,0,0,0,17,16,2,2,0,0,0,0,7,2,1,0,2,2,3,1,3,0,0,1,4,2,1,0,0,0,0,2026-09-02T00:09:28.293854+00:00
Eredivisie 2026/2027,PEC Zwolle - NEC Nijmegen,2026-08-29T19:00:00+00:00,finished,4,1-3,NEC Nijmegen,Bram Nuytinck,D,80,6.7,43,0,0,,0.00249168,0,0,0,28,15,4,0,0,0,0,0,7,2,5,2,0,0,6,3,2,0,0,14,2,0,0,0,0,1,0,2026-09-02T00:09:28.293770+00:00
Eredivisie 2026/2027,PEC Zwolle - NEC Nijmegen,2026-08-29T19:00:00+00:00,finished,4,1-3,NEC Nijmegen,Bryan Linssen,F,80,6.6,14,0,0,,0.182061,0,0,0,9,5,1,0,0,0,0,0,3,3,1,2,1,0,0,0,2,0,0,5,1,1,0,0,0,1,0,2026-09-02T00:09:28.293786+00:00
Eredivisie 2026/2027,PEC Zwolle - NEC Nijmegen,2026-08-29T19:00:00+00:00,finished,4,1-3,NEC Nijmegen,Clement Bischoff,F,67,6.1,25,0,0,,0.367116,0,0,1,13,9,0,0,1,0,2,0,1,8,0,3,0,0,1,0,3,0,2,11,1,0,0,0,0,1,0,2026-09-02T00:09:28.293832+00:00
Eredivisie 2026/2027,PEC Zwolle - NEC Nijmegen,2026-08-29T19:00:00+00:00,finished,4,1-3,PEC Zwolle,Damian van der Haar,D,0,,0,0,0,,,0,0,0,0,0,0,0,0,0,0,0,0,0,0,0,0,0,0,0,0,0,0,0,0,0,0,0,0,0,0,2026-09-02T00:09:28.294288+00:00
Eredivisie 2026/2027,PEC Zwolle - NEC Nijmegen,2026-08-29T19:00:00+00:00,finished,4,1-3,NEC Nijmegen,Deveron Fonville,D,45,5.7,28,0,0,,0.0128309,0,0,0,20,16,1,1,0,0,0,0,1,2,0,0,0,0,0,1,3,0,0,6,1,2,0,0,0,1,0,2026-09-02T00:09:28.293873+00:00
Eredivisie 2026/2027,PEC Zwolle - NEC Nijmegen,2026-08-29T19:00:00+00:00,finished,4,1-3,PEC Zwolle,Duke Verduin,G,0,,0,0,0,,,0,0,0,0,0,0,0,0,0,0,0,0,0,0,0,0,0,0,0,0,0,0,0,0,0,0,0,0,0,0,2026-09-02T00:09:28.294270+00:00
Eredivisie 2026/2027,PEC Zwolle - NEC Nijmegen,2026-08-29T19:00:00+00:00,finished,4,1-3,NEC Nijmegen,Dušan Tadić,F,90,6.4,41,0,1,,0.12362,0,0,2,28,18,2,0,2,2,1,0,2,5,2,2,0,0,3,0,2,0,1,15,0,1,1,0,0,1,0,2026-09-02T00:09:28.293701+00:00
Eredivisie 2026/2027,PEC Zwolle - NEC Nijmegen,2026-08-29T19:00:00+00:00,finished,4,1-3,PEC Zwolle,Dylan Mbayo,M,90,6.8,30,0,0,0.1672,0.0876587,2,1,0,15,9,0,0,3,0,2,1,4,6,0,1,0,0,0,0,5,1,2,15,3,1,0,0,0,3,0,2026-09-02T00:09:28.294091+00:00
Eredivisie 2026/2027,PEC Zwolle - NEC Nijmegen,2026-08-29T19:00:00+00:00,finished,4,1-3,PEC Zwolle,Elias Sørensen,M,64,6.6,32,0,0,,0.0131207,0,0,0,20,15,4,4,4,0,1,0,5,4,1,1,2,1,0,0,5,0,0,12,2,0,0,0,0,2,0,2026-09-02T00:09:28.294213+00:00
Eredivisie 2026/2027,PEC Zwolle - NEC Nijmegen,2026-08-29T19:00:00+00:00,finished,4,1-3,NEC Nijmegen,Emre Mor,M,23,6.5,12,0,0,,0.00313602,0,0,0,4,3,0,0,1,0,1,0,2,2,0,1,0,0,0,0,0,0,0,3,2,0,0,0,0,0,0,2026-09-02T00:09:28.293891+00:00
Eredivisie 2026/2027,PEC Zwolle - NEC Nijmegen,2026-08-29T19:00:00+00:00,finished,4,1-3,NEC Nijmegen,Freek Entius,G,0,,0,0,0,,,0,0,0,0,0,0,0,0,0,0,0,0,0,0,0,0,0,0,0,0,0,0,0,0,0,0,0,0,0,0,2026-09-02T00:09:28.293982+00:00
Eredivisie 2026/2027,PEC Zwolle - NEC Nijmegen,2026-08-29T19:00:00+00:00,finished,4,1-3,NEC Nijmegen,Gabriel Brás,D,0,,0,0,0,,,0,0,0,0,0,0,0,0,0,0,0,0,0,0,0,0,0,0,0,0,0,0,0,0,0,0,0,0,0,0,2026-09-02T00:09:28.294048+00:00
Eredivisie 2026/2027,PEC Zwolle - NEC Nijmegen,2026-08-29T19:00:00+00:00,finished,4,1-3,PEC Zwolle,Gabriel Reiziger,M,26,6.4,8,0,0,,0.00134347,0,0,0,6,5,0,0,0,0,0,0,1,2,0,1,1,0,0,0,2,0,0,1,0,1,0,0,0,1,0,2026-09-02T00:09:28.294239+00:00
Eredivisie 2026/2027,PEC Zwolle - NEC Nijmegen,2026-08-29T19:00:00+00:00,finished,4,1-3,PEC Zwolle,Gilles van der Wal,M,0,,0,0,0,,,0,0,0,0,0,0,0,0,0,0,0,0,0,0,0,0,0,0,0,0,0,0,0,0,0,0,0,0,0,0,2026-09-02T00:09:28.294310+00:00
Eredivisie 2026/2027,PEC Zwolle - NEC Nijmegen,2026-08-29T19:00:00+00:00,finished,4,1-3,NEC Nijmegen,Gonzalo Crettaz,G,90,6.2,54,0,0,,0.00214426,0,0,0,46,16,39,9,0,0,0,0,0,0,0,0,0,0,1,0,10,0,0,31,0,0,0,0,1,1,1,2026-09-02T00:09:28.293756+00:00
Eredivisie 2026/2027,PEC Zwolle - NEC Nijmegen,2026-08-29T19:00:00+00:00,finished,4,1-3,PEC Zwolle,Ibrahim Cissoko,M,26,7.1,14,0,0,,0.018502,0,0,0,7,5,1,1,0,0,1,0,3,2,0,1,2,1,0,0,2,0,0,5,1,0,0,0,0,1,0,2026-09-02T00:09:28.294231+00:00
Eredivisie 2026/2027,PEC Zwolle - NEC Nijmegen,2026-08-29T19:00:00+00:00,finished,4,1-3,NEC Nijmegen,Isak Hansen Aarøen,M,0,,0,0,0,,,0,0,0,0,0,0,0,0,0,0,0,0,0,0,0,0,0,0,0,0,0,0,0,0,0,0,0,0,0,0,2026-09-02T00:09:28.294002+00:00
Eredivisie 2026/2027,PEC Zwolle - NEC Nijmegen,2026-08-29T19:00:00+00:00,finished,4,1-3,PEC Zwolle,Jadiel Pereira da Gama,M,0,,0,0,0,,,0,0,0,0,0,0,0,0,0,0,0,0,0,0,0,0,0,0,0,0,0,0,0,0,0,0,0,0,0,0,2026-09-02T00:09:28.294318+00:00
Eredivisie 2026/2027,PEC Zwolle - NEC Nijmegen,2026-08-29T19:00:00+00:00,finished,4,1-3,NEC Nijmegen,Jamiro Monteiro,M,90,6.2,54,0,0,,0.0148695,0,0,1,38,31,1,1,0,0,1,0,9,8,4,3,4,2,1,0,7,0,1,11,2,1,0,0,0,1,0,2026-09-02T00:09:28.293740+00:00
Eredivisie 2026/2027,PEC Zwolle - NEC Nijmegen,2026-08-29T19:00:00+00:00,finished,4,1-3,PEC Zwolle,Jasper Schendelaar,G,90,5.3,58,0,0,,0.025506,0,0,0,55,34,30,9,0,0,0,0,0,2,0,1,0,0,0,0,8,0,0,21,0,1,0,0,1,3,0,2026-09-02T00:09:28.294173+00:00
Eredivisie 2026/2027,PEC Zwolle - NEC Nijmegen,2026-08-29T19:00:00+00:00,finished,4,1-3,NEC Nijmegen,Kaj Sierhuis,F,0,,0,0,0,,,0,0,0,0,0,0,0,0,0,0,0,0,0,0,0,0,0,0,0,0,0,0,0,0,0,0,0,0,0,0,2026-09-02T00:09:28.294034+00:00
Eredivisie 2026/2027,PEC Zwolle - NEC Nijmegen,2026-08-29T19:00:00+00:00,finished,4,1-3,NEC Nijmegen,Kevin Kers,F,0,,0,0,0,,,0,0,0,0,0,0,0,0,0,0,0,0,0,0,0,0,0,0,0,0,0,0,0,0,0,0,0,0,0,0,2026-09-02T00:09:28.293950+00:00
Eredivisie 2026/2027,PEC Zwolle - NEC Nijmegen,2026-08-29T19:00:00+00:00,finished,4,1-3,PEC Zwolle,Koen Kostons,F,90,5.8,32,1,0,1.6315,0.107212,4,1,1,18,7,0,0,0,0,0,0,0,8,0,6,0,0,0,0,3,0,2,17,0,0,0,0,0,3,0,2026-09-02T00:09:28.294191+00:00
Eredivisie 2026/2027,PEC Zwolle - NEC Nijmegen,2026-08-29T19:00:00+00:00,finished,4,1-3,PEC Zwolle,Nick Fichtinger,M,0,,0,0,0,,,0,0,0,0,0,0,0,0,0,0,0,0,0,0,0,0,0,0,0,0,0,0,0,0,0,0,0,0,0,0,2026-09-02T00:09:28.294326+00:00
Eredivisie 2026/2027,PEC Zwolle - NEC Nijmegen,2026-08-29T19:00:00+00:00,finished,4,1-3,PEC Zwolle,Nick Viergever,D,90,5.9,66,0,0,,0.00483066,0,0,0,57,46,7,1,0,0,1,0,2,2,1,1,1,0,2,0,1,0,0,12,0,0,0,0,0,3,0,2026-09-02T00:09:28.294150+00:00
Eredivisie 2026/2027,PEC Zwolle - NEC Nijmegen,2026-08-29T19:00:00+00:00,finished,4,1-3,NEC Nijmegen,Nikolas Polster,G,0,,0,0,0,,,0,0,0,0,0,0,0,0,0,0,0,0,0,0,0,0,0,0,0,0,0,0,0,0,0,0,0,0,0,0,2026-09-02T00:09:28.293962+00:00
Eredivisie 2026/2027,PEC Zwolle - NEC Nijmegen,2026-08-29T19:00:00+00:00,finished,4,1-3,NEC Nijmegen,Noé Lebreton,F,90,6.6,54,0,0,0.1171,0.0917996,2,0,1,35,27,3,1,0,0,1,1,5,1,3,0,1,1,3,4,8,1,1,12,0,0,0,0,0,1,0,2026-09-02T00:09:28.293722+00:00
Eredivisie 2026/2027,PEC Zwolle - NEC Nijmegen,2026-08-29T19:00:00+00:00,finished,4,1-3,PEC Zwolle,Odysseus Velanas,M,9,6.7,7,0,0,,0.0198199,0,0,0,4,2,0,0,0,0,1,1,1,0,0,0,0,0,0,1,1,0,0,2,0,0,0,0,0,0,0,2026-09-02T00:09:28.294250+00:00
Eredivisie 2026/2027,PEC Zwolle - NEC Nijmegen,2026-08-29T19:00:00+00:00,finished,4,1-3,PEC Zwolle,Olivier Aertssen,D,90,6.6,52,0,0,0.0532,0.01672,1,0,1,21,16,4,2,0,0,0,0,5,3,1,2,4,3,4,1,0,1,0,12,0,1,1,0,0,3,0,2026-09-02T00:09:28.294075+00:00
Eredivisie 2026/2027,PEC Zwolle - NEC Nijmegen,2026-08-29T19:00:00+00:00,finished,4,1-3,NEC Nijmegen,Perr Schuurs,D,10,7.7,7,1,0,0.0973,0.00025543,1,1,0,4,2,0,0,0,0,0,0,1,0,1,0,0,0,0,1,0,0,0,2,0,0,0,0,0,0,0,2026-09-02T00:09:28.293936+00:00
Eredivisie 2026/2027,PEC Zwolle - NEC Nijmegen,2026-08-29T19:00:00+00:00,finished,4,1-3,PEC Zwolle,Ryan Thomas,M,90,6.4,49,0,0,0.0902,0.0306201,1,0,0,33,25,5,2,1,0,2,1,7,10,5,2,0,0,4,3,7,0,0,11,1,6,0,0,0,3,0,2026-09-02T00:09:28.294125+00:00
Eredivisie 2026/2027,PEC Zwolle - NEC Nijmegen,2026-08-29T19:00:00+00:00,finished,4,1-3,PEC Zwolle,Sherel Constancio Floranus,D,90,5.9,72,0,0,,0.0244794,0,0,0,42,24,6,2,2,0,0,0,9,5,3,2,4,3,2,4,4,0,0,26,2,3,0,0,0,3,0,2026-09-02T00:09:28.294141+00:00
Eredivisie 2026/2027,PEC Zwolle - NEC Nijmegen,2026-08-29T19:00:00+00:00,finished,4,1-3,PEC Zwolle,Simon Graves,D,90,7.0,55,0,0,,0.0290457,0,0,1,44,36,4,3,0,0,0,0,7,2,3,1,2,1,4,0,5,0,0,10,2,1,0,0,0,3,0,2026-09-02T00:09:28.294158+00:00
Eredivisie 2026/2027,PEC Zwolle - NEC Nijmegen,2026-08-29T19:00:00+00:00,finished,4,1-3,PEC Zwolle,Thijs Oosting,M,64,6.0,18,0,0,,0.0104411,0,0,0,12,8,0,0,0,0,0,0,0,6,0,3,0,0,1,0,0,0,1,8,0,2,0,0,0,2,0,2026-09-02T00:09:28.294222+00:00
Eredivisie 2026/2027,PEC Zwolle - NEC Nijmegen,2026-08-29T19:00:00+00:00,finished,4,1-3,PEC Zwolle,Tijs Velthuis,D,0,,0,0,0,,,0,0,0,0,0,0,0,0,0,0,0,0,0,0,0,0,0,0,0,0,0,0,0,0,0,0,0,0,0,0,2026-09-02T00:09:28.294302+00:00
Eredivisie 2026/2027,PEC Zwolle - NEC Nijmegen,2026-08-29T19:00:00+00:00,finished,4,1-3,NEC Nijmegen,Tjaronn Chery,F,90,8.4,53,2,0,1.6259,0.170114,4,3,1,34,27,1,0,7,3,3,2,4,2,0,0,0,0,0,0,5,1,1,15,2,0,0,0,0,1,0,2026-09-02T00:09:28.293679+00:00
Eredivisie 2026/2027,PEC Zwolle - NEC Nijmegen,2026-08-29T19:00:00+00:00,finished,4,1-3,PEC Zwolle,Tobias Sommer,M,86,6.5,62,0,0,0.041,0.0961325,1,0,1,41,27,3,0,6,2,0,0,6,5,3,1,2,0,0,2,5,0,2,23,1,1,0,0,0,3,0,2026-09-02T00:09:28.294205+00:00
Eredivisie 2026/2027,PEC Zwolle - NEC Nijmegen,2026-08-29T19:00:00+00:00,finished,4,1-3,NEC Nijmegen,Tobias Storm,D,90,6.3,59,0,0,0.0725,0.0211716,1,0,0,32,21,5,2,2,1,3,1,7,8,4,1,2,2,2,3,3,0,1,21,0,4,1,0,0,1,0,2026-09-02T00:09:28.293615+00:00
Eredivisie 2026/2027,PEC Zwolle - NEC Nijmegen,2026-08-29T19:00:00+00:00,finished,4,1-3,PEC Zwolle,Tom de Graaff,G,0,,0,0,0,,,0,0,0,0,0,0,0,0,0,0,0,0,0,0,0,0,0,0,0,0,0,0,0,0,0,0,0,0,0,0,2026-09-02T00:09:28.294339+00:00
Eredivisie 2026/2027,PEC Zwolle - NEC Nijmegen,2026-08-29T19:00:00+00:00,finished,4,1-3,NEC Nijmegen,Vito van Crooij,M,0,,0,0,0,,,0,0,0,0,0,0,0,0,0,0,0,0,0,0,0,0,0,0,0,0,0,0,0,0,0,0,0,0,0,0,2026-09-02T00:09:28.294019+00:00
Eredivisie 2026/2027,PEC Zwolle - NEC Nijmegen,2026-08-29T19:00:00+00:00,finished,4,1-3,NEC Nijmegen,Willum Thor Willumsson,M,23,6.8,18,0,0,,0.0466126,0,0,1,12,8,0,0,0,0,2,2,3,1,1,0,0,0,0,2,1,0,1,5,0,0,0,0,0,0,0,2026-09-02T00:09:28.293906+00:00
Eredivisie 2026/2027,FC Utrecht - PSV Eindhoven,2026-08-30T10:15:00+00:00,finished,4,1-6,PSV Eindhoven,,,12,7.3,21,0,2,,0.387789,0,0,4,15,14,0,0,0,0,1,1,3,3,0,1,1,1,0,0,1,0,2,4,1,0,0,0,0,0,0,2026-09-02T00:09:28.399940+00:00
Eredivisie 2026/2027,FC Utrecht - PSV Eindhoven,2026-08-30T10:15:00+00:00,finished,4,1-6,PSV Eindhoven,,,0,,0,0,0,,,0,0,0,0,0,0,0,0,0,0,0,0,0,0,0,0,0,0,0,0,0,0,0,0,0,0,0,0,0,0,2026-09-02T00:09:28.399963+00:00
Eredivisie 2026/2027,FC Utrecht - PSV Eindhoven,2026-08-30T10:15:00+00:00,finished,4,1-6,FC Utrecht,,,34,5.5,20,0,0,,0.00015015,0,0,0,15,11,1,0,0,0,0,0,1,1,0,0,1,1,2,1,0,0,0,4,0,1,0,0,0,4,0,2026-09-02T00:09:28.400067+00:00
Eredivisie 2026/2027,FC Utrecht - PSV Eindhoven,2026-08-30T10:15:00+00:00,finished,4,1-6,FC Utrecht,,,10,6.5,3,0,0,,0.00011165,0,0,0,2,2,0,0,1,0,0,0,0,1,0,1,0,0,0,0,0,0,0,1,0,0,0,0,0,3,0,2026-09-02T00:09:28.400088+00:00
Eredivisie 2026/2027,FC Utrecht - PSV Eindhoven,2026-08-30T10:15:00+00:00,finished,4,1-6,FC Utrecht,,,10,6.5,6,0,0,,0.00046287,0,0,0,3,2,1,0,0,0,0,0,1,1,0,0,1,1,0,0,0,0,0,3,0,0,0,0,0,3,0,2026-09-02T00:09:28.400094+00:00
Eredivisie 2026/2027,FC Utrecht - PSV Eindhoven,2026-08-30T10:15:00+00:00,finished,4,1-6,FC Utrecht,,,0,,0,0,0,,,0,0,0,0,0,0,0,0,0,0,0,0,0,0,0,0,0,0,0,0,0,0,0,0,0,0,0,0,0,0,2026-09-02T00:09:28.400127+00:00
Eredivisie 2026/2027,FC Utrecht - PSV Eindhoven,2026-08-30T10:15:00+00:00,finished,4,1-6,FC Utrecht,,,0,,0,0,0,,,0,0,0,0,0,0,0,0,0,0,0,0,0,0,0,0,0,0,0,0,0,0,0,0,0,0,0,0,0,0,2026-09-02T00:09:28.400141+00:00
Eredivisie 2026/2027,FC Utrecht - PSV Eindhoven,2026-08-30T10:15:00+00:00,finished,4,1-6,FC Utrecht,,,0,,0,0,0,,,0,0,0,0,0,0,0,0,0,0,0,0,0,0,0,0,0,0,0,0,0,0,0,0,0,0,0,0,0,0,2026-09-02T00:09:28.400149+00:00
Eredivisie 2026/2027,FC Utrecht - PSV Eindhoven,2026-08-30T10:15:00+00:00,finished,4,1-6,FC Utrecht,,,0,,0,0,0,,,0,0,0,0,0,0,0,0,0,0,0,0,0,0,0,0,0,0,0,0,0,0,0,0,0,0,0,0,0,0,2026-09-02T00:09:28.400163+00:00
Eredivisie 2026/2027,FC Utrecht - PSV Eindhoven,2026-08-30T10:15:00+00:00,finished,4,1-6,FC Utrecht,Adrian Blake,F,29,6.2,13,0,0,,0.0033213,0,0,0,10,7,1,1,0,0,0,0,1,3,0,0,1,0,0,0,1,0,0,4,0,2,0,0,0,4,0,2026-09-02T00:09:28.400080+00:00
Eredivisie 2026/2027,FC Utrecht - PSV Eindhoven,2026-08-30T10:15:00+00:00,finished,4,1-6,PSV Eindhoven,Armando Obispo,D,84,6.6,64,0,0,0.0313,0.148662,1,0,1,59,55,3,2,1,1,1,0,1,3,1,1,0,0,0,0,3,0,0,5,0,1,1,0,0,1,0,2026-09-02T00:09:28.399881+00:00
Eredivisie 2026/2027,FC Utrecht - PSV Eindhoven,2026-08-30T10:15:00+00:00,finished,4,1-6,FC Utrecht,Artem Stepanov,F,90,7.2,24,1,0,0.299,0.00175384,1,1,0,17,12,0,0,0,0,1,0,2,4,2,1,0,0,0,0,4,0,1,11,0,1,0,0,0,6,0,2026-09-02T00:09:28.400007+00:00
Eredivisie 2026/2027,FC Utrecht - PSV Eindhoven,2026-08-30T10:15:00+00:00,finished,4,1-6,FC Utrecht,Arthur Zagre,D,84,6.7,53,0,0,,0.00842717,0,0,0,27,20,4,0,1,0,2,1,5,3,0,1,4,2,2,2,4,0,0,9,0,1,1,0,0,3,0,2026-09-02T00:09:28.400038+00:00
Eredivisie 2026/2027,FC Utrecht - PSV Eindhoven,2026-08-30T10:15:00+00:00,finished,4,1-6,FC Utrecht,Dani De Wit,M,90,6.2,28,0,0,,0.00573577,0,0,0,19,14,3,1,0,0,0,0,7,7,2,1,3,3,1,0,2,0,0,5,2,4,1,0,0,6,0,2026-09-02T00:09:28.400015+00:00
Eredivisie 2026/2027,FC Utrecht - PSV Eindhoven,2026-08-30T10:15:00+00:00,finished,4,1-6,FC Utrecht,Davy van den Berg,M,61,6.1,40,0,0,,0.00340875,0,0,0,29,21,3,1,1,0,1,0,2,7,0,1,2,2,2,0,2,0,0,11,0,3,0,0,0,2,0,2026-09-02T00:09:28.400046+00:00
Eredivisie 2026/2027,FC Utrecht - PSV Eindhoven,2026-08-30T10:15:00+00:00,finished,4,1-6,PSV Eindhoven,Esmir Bajraktarević,F,25,6.5,18,0,0,0.121,0.0301516,2,1,1,12,11,0,0,0,0,2,0,1,3,1,0,0,0,0,0,0,1,1,4,0,0,0,0,0,0,0,2026-09-02T00:09:28.399925+00:00
Eredivisie 2026/2027,FC Utrecht - PSV Eindhoven,2026-08-30T10:15:00+00:00,finished,4,1-6,PSV Eindhoven,Filip Kostić,M,0,,0,0,0,,,0,0,0,0,0,0,0,0,0,0,0,0,0,0,0,0,0,0,0,0,0,0,0,0,0,0,0,0,0,0,2026-09-02T00:09:28.399977+00:00
Eredivisie 2026/2027,FC Utrecht - PSV Eindhoven,2026-08-30T10:15:00+00:00,finished,4,1-6,FC Utrecht,Guus Offerhaus,D,90,5.5,47,0,0,,0.00268951,0,0,1,32,22,6,2,0,0,0,0,2,2,0,1,1,1,7,3,3,0,0,11,1,1,1,0,0,6,0,2026-09-02T00:09:28.399985+00:00
Eredivisie 2026/2027,FC Utrecht - PSV Eindhoven,2026-08-30T10:15:00+00:00,finished,4,1-6,PSV Eindhoven,Guus Til,M,90,8.5,36,2,0,0.8958,0.0308706,3,2,0,29,26,0,0,0,0,0,0,1,0,1,0,0,0,1,0,3,0,0,3,0,0,0,0,0,1,0,2026-09-02T00:09:28.399837+00:00
Eredivisie 2026/2027,FC Utrecht - PSV Eindhoven,2026-08-30T10:15:00+00:00,finished,4,1-6,PSV Eindhoven,Ivan Perišić,M,65,7.0,60,0,0,0.1257,0.297019,3,0,2,32,25,3,2,12,2,0,0,3,2,1,0,2,1,0,2,2,1,2,21,0,0,0,0,0,1,0,2026-09-02T00:09:28.399903+00:00
Eredivisie 2026/2027,FC Utrecht - PSV Eindhoven,2026-08-30T10:15:00+00:00,finished,4,1-6,FC Utrecht,Kevin Gadellaa,G,0,,0,0,0,,,0,0,0,0,0,0,0,0,0,0,0,0,0,0,0,0,0,0,0,0,0,0,0,0,0,0,0,0,0,0,2026-09-02T00:09:28.400156+00:00
Eredivisie 2026/2027,FC Utrecht - PSV Eindhoven,2026-08-30T10:15:00+00:00,finished,4,1-6,PSV Eindhoven,Kodai Sano,M,90,7.1,79,0,0,0.1327,0.173085,3,1,2,51,48,3,3,6,0,4,2,7,6,0,1,2,2,0,2,2,0,1,15,3,2,0,0,0,1,0,2026-09-02T00:09:28.399849+00:00
Eredivisie 2026/2027,FC Utrecht - PSV Eindhoven,2026-08-30T10:15:00+00:00,finished,4,1-6,PSV Eindhoven,Lutsharel Geertruida,D,0,,0,0,0,,,0,0,0,0,0,0,0,0,0,0,0,0,0,0,0,0,0,0,0,0,0,0,0,0,0,0,0,0,0,0,2026-09-02T00:09:28.399970+00:00
Eredivisie 2026/2027,FC Utrecht - PSV Eindhoven,2026-08-30T10:15:00+00:00,finished,4,1-6,PSV Eindhoven,Matěj Kovář,G,90,6.4,30,0,0,,0.00060853,0,0,0,26,22,10,6,0,0,0,0,0,0,0,0,0,0,0,0,4,0,0,4,0,0,0,0,0,1,0,2026-09-02T00:09:28.399873+00:00
Eredivisie 2026/2027,FC Utrecht - PSV Eindhoven,2026-08-30T10:15:00+00:00,finished,4,1-6,PSV Eindhoven,Mauro Júnior,D,90,7.9,107,1,0,0.0675,0.0633663,2,2,0,79,74,4,4,4,0,2,1,5,3,0,1,1,0,1,0,8,0,0,15,3,1,0,0,0,1,0,2026-09-02T00:09:28.399858+00:00
Eredivisie 2026/2027,FC Utrecht - PSV Eindhoven,2026-08-30T10:15:00+00:00,finished,4,1-6,FC Utrecht,Neville Nwankwo,D,90,6.1,48,0,0,,0.00047493,0,0,0,32,29,3,2,0,0,0,0,3,1,1,0,1,1,6,3,3,0,0,4,1,0,0,0,0,6,0,2026-09-02T00:09:28.400023+00:00
Eredivisie 2026/2027,FC Utrecht - PSV Eindhoven,2026-08-30T10:15:00+00:00,finished,4,1-6,PSV Eindhoven,Nick Olij,G,0,,0,0,0,,,0,0,0,0,0,0,0,0,0,0,0,0,0,0,0,0,0,0,0,0,0,0,0,0,0,0,0,0,0,0,2026-09-02T00:09:28.399956+00:00
Eredivisie 2026/2027,FC Utrecht - PSV Eindhoven,2026-08-30T10:15:00+00:00,finished,4,1-6,FC Utrecht,Niklas Vesterlund,D,56,7.1,12,0,1,,0.176118,0,0,1,7,6,1,0,0,0,0,0,1,1,0,1,1,1,0,0,2,0,0,2,0,1,0,0,0,2,0,2026-09-02T00:09:28.400060+00:00
Eredivisie 2026/2027,FC Utrecht - PSV Eindhoven,2026-08-30T10:15:00+00:00,finished,4,1-6,PSV Eindhoven,Noah Fernandez,M,65,6.7,54,0,0,0.0483,0.0538259,1,0,2,40,36,2,0,0,0,2,2,5,3,0,0,2,2,0,0,8,1,3,11,1,0,0,0,0,1,0,2026-09-02T00:09:28.399910+00:00
Eredivisie 2026/2027,FC Utrecht - PSV Eindhoven,2026-08-30T10:15:00+00:00,finished,4,1-6,PSV Eindhoven,Paul Wanner,M,25,7.3,18,0,1,0.043,0.0402553,2,1,3,13,12,0,0,0,0,0,0,2,1,0,0,0,0,0,0,0,1,1,2,2,0,0,0,0,0,0,2026-09-02T00:09:28.399918+00:00
Eredivisie 2026/2027,FC Utrecht - PSV Eindhoven,2026-08-30T10:15:00+00:00,finished,4,1-6,PSV Eindhoven,Ricardo Pepi,F,78,6.4,16,0,0,0.0158,0.0135892,1,0,1,11,11,0,0,0,0,1,0,2,2,1,0,0,0,0,1,1,0,0,2,1,0,0,0,0,1,0,2026-09-02T00:09:28.399888+00:00
Eredivisie 2026/2027,FC Utrecht - PSV Eindhoven,2026-08-30T10:15:00+00:00,finished,4,1-6,PSV Eindhoven,Ruben van Bommel,F,78,7.1,59,1,0,0.5583,0.109071,6,3,2,40,37,0,0,3,1,2,0,4,8,3,1,1,1,0,1,1,1,1,10,1,3,0,0,0,1,0,2026-09-02T00:09:28.399895+00:00
Eredivisie 2026/2027,FC Utrecht - PSV Eindhoven,2026-08-30T10:15:00+00:00,finished,4,1-6,PSV Eindhoven,Ryan Flamingo,D,90,6.8,85,0,0,,0.0259825,0,0,0,75,66,8,5,0,0,0,0,3,4,1,2,1,0,2,2,4,0,1,11,1,1,0,0,0,1,0,2026-09-02T00:09:28.399866+00:00
Eredivisie 2026/2027,FC Utrecht - PSV Eindhoven,2026-08-30T10:15:00+00:00,finished,4,1-6,PSV Eindhoven,Sergiño Dest,D,90,8.4,98,1,1,0.7063,0.0918846,4,3,1,65,57,1,1,6,1,2,1,9,2,1,0,0,0,0,0,3,0,0,18,7,0,0,0,0,1,0,2026-09-02T00:09:28.399784+00:00
Eredivisie 2026/2027,FC Utrecht - PSV Eindhoven,2026-08-30T10:15:00+00:00,finished,4,1-6,FC Utrecht,Siebe Horemans,D,90,5.4,46,0,0,,0.00432931,0,0,0,30,27,2,2,0,0,2,2,7,5,2,2,3,1,4,1,3,0,0,4,0,3,1,0,0,6,0,2026-09-02T00:09:28.400000+00:00
Eredivisie 2026/2027,FC Utrecht - PSV Eindhoven,2026-08-30T10:15:00+00:00,finished,4,1-6,PSV Eindhoven,Sven Mijnans,M,12,7.1,14,1,0,0.8388,0.00937825,2,1,1,10,9,0,0,2,0,0,0,0,0,0,0,0,0,0,0,0,0,0,3,0,0,0,0,0,0,0,2026-09-02T00:09:28.399932+00:00
Eredivisie 2026/2027,FC Utrecht - PSV Eindhoven,2026-08-30T10:15:00+00:00,finished,4,1-6,FC Utrecht,Vasilis Barkas,G,90,5.0,57,0,0,,0.00088963,0,0,0,43,24,26,8,0,0,0,0,0,1,0,0,0,0,3,1,6,0,0,19,0,1,1,0,7,6,2,2026-09-02T00:09:28.399992+00:00
Eredivisie 2026/2027,FC Utrecht - PSV Eindhoven,2026-08-30T10:15:00+00:00,finished,4,1-6,PSV Eindhoven,Yarek Gasiorowski,D,10,6.7,5,0,0,,0.0001693,0,0,0,5,5,0,0,0,0,0,0,0,0,0,0,0,0,0,0,2,0,0,0,0,0,0,0,0,0,0,2026-09-02T00:09:28.399948+00:00
Eredivisie 2026/2027,FC Utrecht - PSV Eindhoven,2026-08-30T10:15:00+00:00,finished,4,1-6,FC Utrecht,Yoann Cathline,M,84,6.6,42,0,0,,0.0111544,0,0,0,16,12,1,0,2,0,2,0,4,6,0,1,1,1,1,1,4,0,2,15,3,2,0,0,0,3,0,2026-09-02T00:09:28.400031+00:00
Eredivisie 2026/2027,FC Utrecht - PSV Eindhoven,2026-08-30T10:15:00+00:00,finished,4,1-6,FC Utrecht,Zidane Iqbal,M,29,6.4,12,0,0,,0.00124935,0,0,0,8,8,0,0,0,0,0,0,2,2,0,0,1,1,1,0,0,0,1,1,1,1,0,0,0,4,0,2026-09-02T00:09:28.400074+00:00
Eredivisie 2026/2027,FC Utrecht - PSV Eindhoven,2026-08-30T10:15:00+00:00,finished,4,1-6,FC Utrecht,Ángel Alarcón,M,61,6.5,13,0,0,,0.00421681,0,0,0,7,5,1,1,2,0,0,0,2,1,0,0,2,2,0,0,0,0,1,5,0,0,0,0,0,2,0,2026-09-02T00:09:28.400053+00:00
Eredivisie 2026/2027,Feyenoord - ADO Den Haag,2026-08-30T12:30:00+00:00,finished,4,2-2,Feyenoord,,,80,7.3,32,1,0,1.064,0.243421,6,3,3,9,9,0,0,2,0,0,0,3,6,2,2,0,0,1,1,1,1,3,8,1,1,0,0,0,2,0,2026-09-02T00:09:28.634628+00:00
Eredivisie 2026/2027,Feyenoord - ADO Den Haag,2026-08-30T12:30:00+00:00,finished,4,2-2,Feyenoord,,,0,,0,0,0,,,0,0,0,0,0,0,0,0,0,0,0,0,0,0,0,0,0,0,0,0,0,0,0,0,0,0,0,0,0,0,2026-09-02T00:09:28.634745+00:00
Eredivisie 2026/2027,Feyenoord - ADO Den Haag,2026-08-30T12:30:00+00:00,finished,4,2-2,ADO Den Haag,,,0,,0,0,0,,,0,0,0,0,0,0,0,0,0,0,0,0,0,0,0,0,0,0,0,0,0,0,0,0,0,0,0,0,0,0,2026-09-02T00:09:28.638259+00:00
Eredivisie 2026/2027,Feyenoord - ADO Den Haag,2026-08-30T12:30:00+00:00,finished,4,2-2,Feyenoord,Anis Hadj Moussa,M,94,8.0,62,1,0,0.5888,0.18545,4,2,5,35,28,3,2,8,2,9,3,4,8,0,0,0,0,0,0,2,1,0,22,1,0,0,0,0,2,0,2026-09-02T00:09:28.634602+00:00
Eredivisie 2026/2027,Feyenoord - ADO Den Haag,2026-08-30T12:30:00+00:00,finished,4,2-2,Feyenoord,Charles Vanhoutte,M,5,,12,0,0,,0.0235167,0,0,0,8,7,1,0,1,0,0,0,2,0,0,0,0,0,0,0,0,0,0,2,2,0,0,0,0,0,0,2026-09-02T00:09:28.634688+00:00
Eredivisie 2026/2027,Feyenoord - ADO Den Haag,2026-08-30T12:30:00+00:00,finished,4,2-2,ADO Den Haag,Daryl van Mieghem,M,62,6.2,15,0,0,0.0125,4.101e-05,1,0,0,10,4,0,0,0,0,0,0,1,2,1,0,0,0,1,0,2,1,0,6,0,0,0,0,0,1,0,2026-09-02T00:09:28.635047+00:00
Eredivisie 2026/2027,Feyenoord - ADO Den Haag,2026-08-30T12:30:00+00:00,finished,4,2-2,ADO Den Haag,Evan Rottier,F,94,6.8,23,0,1,0.0354,0.0257056,1,1,3,18,16,4,3,2,1,0,0,1,2,1,1,0,0,1,1,4,0,0,3,0,1,1,0,0,2,0,2026-09-02T00:09:28.634845+00:00
Eredivisie 2026/2027,Feyenoord - ADO Den Haag,2026-08-30T12:30:00+00:00,finished,4,2-2,ADO Den Haag,Finn de Bruin,M,0,,0,0,0,,,0,0,0,0,0,0,0,0,0,0,0,0,0,0,0,0,0,0,0,0,0,0,0,0,0,0,0,0,0,0,2026-09-02T00:09:28.638269+00:00
Eredivisie 2026/2027,Feyenoord - ADO Den Haag,2026-08-30T12:30:00+00:00,finished,4,2-2,Feyenoord,Gaoussou Diarra,M,45,6.6,28,0,0,0.0782,0.0399055,3,1,0,17,15,0,0,2,0,2,2,2,1,0,1,0,0,0,0,1,1,0,6,0,0,0,0,0,1,0,2026-09-02T00:09:28.634654+00:00
Eredivisie 2026/2027,Feyenoord - ADO Den Haag,2026-08-30T12:30:00+00:00,finished,4,2-2,Feyenoord,Givairo Read,D,94,6.4,97,0,0,0.0162,0.0757816,1,0,2,70,66,0,0,4,1,5,3,5,5,0,0,2,1,2,1,4,0,2,16,0,1,0,0,0,2,0,2026-09-02T00:09:28.634495+00:00
Eredivisie 2026/2027,Feyenoord - ADO Den Haag,2026-08-30T12:30:00+00:00,finished,4,2-2,Feyenoord,Gjivai Zechiël,M,94,6.4,65,0,0,0.0775,0.0796798,3,3,3,48,44,1,1,3,0,2,0,1,4,0,0,1,0,1,0,2,0,1,12,0,1,0,0,0,2,0,2026-09-02T00:09:28.634593+00:00
Eredivisie 2026/2027,Feyenoord - ADO Den Haag,2026-08-30T12:30:00+00:00,finished,4,2-2,Feyenoord,Gonçalo Borges,M,0,,0,0,0,,,0,0,0,0,0,0,0,0,0,0,0,0,0,0,0,0,0,0,0,0,0,0,0,0,0,0,0,0,0,0,2026-09-02T00:09:28.634708+00:00
Eredivisie 2026/2027,Feyenoord - ADO Den Haag,2026-08-30T12:30:00+00:00,finished,4,2-2,ADO Den Haag,Illaijh de Ruijter,D,32,6.2,11,0,0,,0.00111427,0,0,0,7,4,1,0,0,0,0,0,1,0,0,0,1,0,0,0,2,0,0,6,0,0,0,0,0,2,0,2026-09-02T00:09:28.635056+00:00
Eredivisie 2026/2027,Feyenoord - ADO Den Haag,2026-08-30T12:30:00+00:00,finished,4,2-2,ADO Den Haag,Jalen Hawkins,M,32,6.5,13,0,0,,0.00071016,0,0,1,3,2,0,0,3,0,0,0,1,1,0,0,0,0,2,0,2,0,1,7,1,0,0,0,0,2,0,2026-09-02T00:09:28.635066+00:00
Eredivisie 2026/2027,Feyenoord - ADO Den Haag,2026-08-30T12:30:00+00:00,finished,4,2-2,ADO Den Haag,Jan Žambůrek,M,26,6.5,14,0,0,,0.00286822,0,0,0,8,7,1,0,0,0,0,0,3,2,0,0,3,1,1,0,0,0,0,2,0,1,0,0,0,1,0,2026-09-02T00:09:28.635075+00:00
Eredivisie 2026/2027,Feyenoord - ADO Den Haag,2026-08-30T12:30:00+00:00,finished,4,2-2,Feyenoord,Javi López,D,80,6.4,61,0,0,0.1426,0.0457246,3,0,0,42,40,2,2,2,0,1,0,1,2,0,0,0,0,3,0,3,3,0,6,1,1,0,0,0,2,0,2026-09-02T00:09:28.634620+00:00
Eredivisie 2026/2027,Feyenoord - ADO Den Haag,2026-08-30T12:30:00+00:00,finished,4,2-2,ADO Den Haag,Jesse Bal,F,26,6.6,16,0,0,,0.058739,0,0,0,12,8,1,0,0,0,0,0,2,4,1,1,0,0,0,0,1,0,1,6,1,2,0,0,0,1,0,2026-09-02T00:09:28.635085+00:00
Eredivisie 2026/2027,Feyenoord - ADO Den Haag,2026-08-30T12:30:00+00:00,finished,4,2-2,Feyenoord,Jivayno Zinhagel,F,0,,0,0,0,,,0,0,0,0,0,0,0,0,0,0,0,0,0,0,0,0,0,0,0,0,0,0,0,0,0,0,0,0,0,0,2026-09-02T00:09:28.634718+00:00
Eredivisie 2026/2027,Feyenoord - ADO Den Haag,2026-08-30T12:30:00+00:00,finished,4,2-2,Feyenoord,Jordan Lotomba,D,0,,0,0,0,,,0,0,0,0,0,0,0,0,0,0,0,0,0,0,0,0,0,0,0,0,0,0,0,0,0,0,0,0,0,0,2026-09-02T00:09:28.634755+00:00
Eredivisie 2026/2027,Feyenoord - ADO Den Haag,2026-08-30T12:30:00+00:00,finished,4,2-2,ADO Den Haag,Juho Kilo,M,94,7.2,44,0,0,0.0121,0.129749,1,0,0,37,33,4,2,2,1,0,0,3,0,2,0,1,1,2,0,6,1,0,5,0,0,0,0,0,2,0,2026-09-02T00:09:28.634765+00:00
Eredivisie 2026/2027,Feyenoord - ADO Den Haag,2026-08-30T12:30:00+00:00,finished,4,2-2,ADO Den Haag,Kilian Nikièma,G,94,8.5,58,0,0,,0.00149039,0,0,0,40,28,18,6,0,0,0,0,0,0,0,0,0,0,1,0,11,0,0,14,0,0,0,0,10,2,1,2026-09-02T00:09:28.634775+00:00
Eredivisie 2026/2027,Feyenoord - ADO Den Haag,2026-08-30T12:30:00+00:00,finished,4,2-2,ADO Den Haag,Lasse Wilhelm,D,0,,0,0,0,,,0,0,0,0,0,0,0,0,0,0,0,0,0,0,0,0,0,0,0,0,0,0,0,0,0,0,0,0,0,0,2026-09-02T00:09:28.638250+00:00
Eredivisie 2026/2027,Feyenoord - ADO Den Haag,2026-08-30T12:30:00+00:00,finished,4,2-2,Feyenoord,Liam Bossin,G,0,,0,0,0,,,0,0,0,0,0,0,0,0,0,0,0,0,0,0,0,0,0,0,0,0,0,0,0,0,0,0,0,0,0,0,2026-09-02T00:09:28.634737+00:00
Eredivisie 2026/2027,Feyenoord - ADO Den Haag,2026-08-30T12:30:00+00:00,finished,4,2-2,Feyenoord,Luciano Valente,M,89,7.4,72,0,0,0.0211,0.258873,1,0,4,57,52,3,2,3,2,3,1,2,3,0,0,1,0,0,1,6,0,0,10,0,1,0,0,0,2,0,2026-09-02T00:09:28.634610+00:00
Eredivisie 2026/2027,Feyenoord - ADO Den Haag,2026-08-30T12:30:00+00:00,finished,4,2-2,ADO Den Haag,Luka Reischl,F,0,,0,0,0,,,0,0,0,0,0,0,0,0,0,0,0,0,0,0,0,0,0,0,0,0,0,0,0,0,0,0,0,0,0,0,2026-09-02T00:09:28.638278+00:00
Eredivisie 2026/2027,Feyenoord - ADO Den Haag,2026-08-30T12:30:00+00:00,finished,4,2-2,Feyenoord,Mats Deijl,D,0,,0,0,0,,,0,0,0,0,0,0,0,0,0,0,0,0,0,0,0,0,0,0,0,0,0,0,0,0,0,0,0,0,0,0,2026-09-02T00:09:28.634727+00:00
Eredivisie 2026/2027,Feyenoord - ADO Den Haag,2026-08-30T12:30:00+00:00,finished,4,2-2,ADO Den Haag,Matteo Waem,D,14,6.8,8,0,0,,0.00081661,0,0,0,5,5,1,1,0,0,0,0,0,0,0,0,0,0,3,0,0,0,0,0,0,0,0,0,0,0,0,2026-09-02T00:09:28.635094+00:00
Eredivisie 2026/2027,Feyenoord - ADO Den Haag,2026-08-30T12:30:00+00:00,finished,4,2-2,Feyenoord,Mika Mármol,D,94,7.0,135,0,0,0.0482,0.230808,2,0,0,111,101,3,2,0,0,0,0,3,6,1,4,2,2,3,4,2,0,1,16,0,0,0,0,0,2,0,2026-09-02T00:09:28.634562+00:00
Eredivisie 2026/2027,Feyenoord - ADO Den Haag,2026-08-30T12:30:00+00:00,finished,4,2-2,ADO Den Haag,Milan Hokke,D,94,6.6,51,0,0,,0.0207046,0,0,0,34,29,4,1,1,0,1,1,4,3,0,1,3,3,5,2,3,0,1,7,0,0,0,0,0,2,0,2026-09-02T00:09:28.634835+00:00
Eredivisie 2026/2027,Feyenoord - ADO Den Haag,2026-08-30T12:30:00+00:00,finished,4,2-2,ADO Den Haag,Mylian Jimenez,M,68,6.9,49,0,0,,0.0250746,0,0,2,23,20,3,1,2,1,0,0,4,4,0,0,3,1,10,4,0,0,0,6,1,2,1,0,0,1,0,2026-09-02T00:09:28.635015+00:00
Eredivisie 2026/2027,Feyenoord - ADO Den Haag,2026-08-30T12:30:00+00:00,finished,4,2-2,Feyenoord,Nacho Ferri,F,14,6.6,2,0,0,,0.0253747,0,0,0,1,1,0,0,0,0,0,0,0,0,0,0,0,0,0,1,0,0,0,0,0,0,0,0,0,0,0,2026-09-02T00:09:28.634670+00:00
Eredivisie 2026/2027,Feyenoord - ADO Den Haag,2026-08-30T12:30:00+00:00,finished,4,2-2,ADO Den Haag,Niclas Thiede,G,0,,0,0,0,,,0,0,0,0,0,0,0,0,0,0,0,0,0,0,0,0,0,0,0,0,0,0,0,0,0,0,0,0,0,0,2026-09-02T00:09:28.638228+00:00
Eredivisie 2026/2027,Feyenoord - ADO Den Haag,2026-08-30T12:30:00+00:00,finished,4,2-2,ADO Den Haag,Nigel Thomas,F,62,7.9,19,1,1,0.1075,0.0101855,3,1,1,10,7,2,0,0,0,2,1,2,2,0,0,1,1,2,0,1,1,0,4,0,0,0,0,0,1,0,2026-09-02T00:09:28.635038+00:00
Eredivisie 2026/2027,Feyenoord - ADO Den Haag,2026-08-30T12:30:00+00:00,finished,4,2-2,ADO Den Haag,Othniël Raterink,D,94,6.8,33,0,0,,0.0213972,0,0,0,12,9,2,1,1,1,0,0,5,1,2,1,3,3,6,0,1,0,0,6,0,0,0,0,0,2,0,2026-09-02T00:09:28.634802+00:00
Eredivisie 2026/2027,Feyenoord - ADO Den Haag,2026-08-30T12:30:00+00:00,finished,4,2-2,Feyenoord,Oussama Targhalline,M,65,7.5,63,0,1,0.064,0.708804,3,0,3,56,52,1,0,0,0,2,0,0,2,0,0,0,0,0,1,5,2,0,6,0,0,0,0,0,2,0,2026-09-02T00:09:28.634638+00:00
Eredivisie 2026/2027,Feyenoord - ADO Den Haag,2026-08-30T12:30:00+00:00,finished,4,2-2,ADO Den Haag,Pascal Mulder,D,94,7.1,55,0,0,0.0395,0.0156526,1,0,0,37,28,10,4,0,0,0,0,4,2,1,1,3,3,8,1,2,0,0,9,0,1,1,0,0,2,0,2026-09-02T00:09:28.634823+00:00
Eredivisie 2026/2027,Feyenoord - ADO Den Haag,2026-08-30T12:30:00+00:00,finished,4,2-2,ADO Den Haag,Sanyika Bergtop,D,0,,0,0,0,,,0,0,0,0,0,0,0,0,0,0,0,0,0,0,0,0,0,0,0,0,0,0,0,0,0,0,0,0,0,0,2026-09-02T00:09:28.638240+00:00
Eredivisie 2026/2027,Feyenoord - ADO Den Haag,2026-08-30T12:30:00+00:00,finished,4,2-2,ADO Den Haag,Sekou Sylla,D,80,7.8,32,1,0,0.0419,0.00256323,1,1,0,13,9,1,0,0,0,0,0,8,3,0,0,6,3,7,0,5,0,0,5,2,1,0,0,0,2,0,2026-09-02T00:09:28.634855+00:00
Eredivisie 2026/2027,Feyenoord - ADO Den Haag,2026-08-30T12:30:00+00:00,finished,4,2-2,ADO Den Haag,Sem Eekhout,G,0,,0,0,0,,,0,0,0,0,0,0,0,0,0,0,0,0,0,0,0,0,0,0,0,0,0,0,0,0,0,0,0,0,0,0,2026-09-02T00:09:28.638187+00:00
Eredivisie 2026/2027,Feyenoord - ADO Den Haag,2026-08-30T12:30:00+00:00,finished,4,2-2,Feyenoord,Sem Steijn,M,49,6.7,28,0,1,0.2337,0.0221414,5,3,1,14,13,0,0,3,0,2,0,1,2,0,0,0,0,1,0,0,1,0,7,1,0,0,0,0,1,0,2026-09-02T00:09:28.634646+00:00
Eredivisie 2026/2027,Feyenoord - ADO Den Haag,2026-08-30T12:30:00+00:00,finished,4,2-2,Feyenoord,Shaqueel van Persie,F,29,6.5,8,0,0,0.0393,0.00915092,1,0,0,4,4,0,0,0,0,0,0,1,0,0,0,0,0,0,0,0,0,0,1,1,0,0,0,0,0,0,2026-09-02T00:09:28.634662+00:00
Eredivisie 2026/2027,Feyenoord - ADO Den Haag,2026-08-30T12:30:00+00:00,finished,4,2-2,Feyenoord,Thijs Kraaijeveld,M,14,7.0,21,0,0,,0.0507989,0,0,1,20,18,1,0,0,0,0,0,2,1,1,1,0,0,0,0,1,0,0,2,1,0,0,0,0,0,0,2026-09-02T00:09:28.634679+00:00
Eredivisie 2026/2027,Feyenoord - ADO Den Haag,2026-08-30T12:30:00+00:00,finished,4,2-2,Feyenoord,Tjark Ernst,G,94,5.8,31,0,0,,0.00030371,0,0,0,20,18,3,1,0,0,0,0,0,0,0,0,0,0,1,0,12,0,0,2,0,0,0,0,1,2,1,2026-09-02T00:09:28.634578+00:00
Eredivisie 2026/2027,Feyenoord - ADO Den Haag,2026-08-30T12:30:00+00:00,finished,4,2-2,Feyenoord,Tobias van den Elshout,M,0,,0,0,0,,,0,0,0,0,0,0,0,0,0,0,0,0,0,0,0,0,0,0,0,0,0,0,0,0,0,0,0,0,0,0,2026-09-02T00:09:28.634698+00:00
Eredivisie 2026/2027,Feyenoord - ADO Den Haag,2026-08-30T12:30:00+00:00,finished,4,2-2,Feyenoord,Tsuyoshi Watanabe,D,94,7.0,112,0,0,0.0254,0.106123,1,0,4,106,105,1,1,0,0,0,0,3,2,2,2,0,0,2,0,3,1,0,1,1,0,0,0,0,2,0,2026-09-02T00:09:28.634548+00:00
Eredivisie 2026/2027,Feyenoord - ADO Den Haag,2026-08-30T12:30:00+00:00,finished,4,2-2,ADO Den Haag,Yannick Eduardo,F,68,6.6,18,0,0,,0.00108845,0,0,0,6,3,0,0,0,0,2,1,4,4,2,1,1,1,1,0,2,0,1,7,0,1,0,0,0,1,0,2026-09-02T00:09:28.635029+00:00
Eredivisie 2026/2027,Willem II Tilburg - SC Heerenveen,2026-08-30T12:30:00+00:00,finished,4,2-2,SC Heerenveen,,,0,,0,0,0,,,0,0,0,0,0,0,0,0,0,0,0,0,0,0,0,0,0,0,0,0,0,0,0,0,0,0,0,0,0,0,2026-09-02T00:09:28.529565+00:00
Eredivisie 2026/2027,Willem II Tilburg - SC Heerenveen,2026-08-30T12:30:00+00:00,finished,4,2-2,Willem II Tilburg,,,90,6.4,41,0,0,,0.0215806,0,0,0,37,32,6,3,0,0,0,0,1,3,1,1,0,0,3,0,3,0,0,5,0,1,0,0,0,2,0,2026-09-02T00:09:28.529861+00:00
Eredivisie 2026/2027,Willem II Tilburg - SC Heerenveen,2026-08-30T12:30:00+00:00,finished,4,2-2,Willem II Tilburg,,,85,7.4,64,0,1,,0.474636,0,0,5,48,38,13,7,2,1,0,0,4,3,0,1,2,2,1,3,6,0,0,14,2,0,0,0,0,2,0,2026-09-02T00:09:28.529933+00:00
Eredivisie 2026/2027,Willem II Tilburg - SC Heerenveen,2026-08-30T12:30:00+00:00,finished,4,2-2,Willem II Tilburg,,,0,,0,0,0,,,0,0,0,0,0,0,0,0,0,0,0,0,0,0,0,0,0,0,0,0,0,0,0,0,0,0,0,0,0,0,2026-09-02T00:09:28.530016+00:00
Eredivisie 2026/2027,Willem II Tilburg - SC Heerenveen,2026-08-30T12:30:00+00:00,finished,4,2-2,Willem II Tilburg,,,0,,0,0,0,,,0,0,0,0,0,0,0,0,0,0,0,0,0,0,0,0,0,0,0,0,0,0,0,0,0,0,0,0,0,0,2026-09-02T00:09:28.530025+00:00
Eredivisie 2026/2027,Willem II Tilburg - SC Heerenveen,2026-08-30T12:30:00+00:00,finished,4,2-2,Willem II Tilburg,,,0,,0,0,0,,,0,0,0,0,0,0,0,0,0,0,0,0,0,0,0,0,0,0,0,0,0,0,0,0,0,0,0,0,0,0,2026-09-02T00:09:28.530033+00:00
Eredivisie 2026/2027,Willem II Tilburg - SC Heerenveen,2026-08-30T12:30:00+00:00,finished,4,2-2,Willem II Tilburg,Alessandro Ciranni,D,9,6.6,4,0,0,,0.0100668,0,0,0,3,2,0,0,1,0,0,0,0,1,0,0,0,0,0,0,0,0,0,2,0,0,0,0,0,0,0,2026-09-02T00:09:28.529977+00:00
Eredivisie 2026/2027,Willem II Tilburg - SC Heerenveen,2026-08-30T12:30:00+00:00,finished,4,2-2,Willem II Tilburg,Amine Et-Taibi,D,9,6.6,4,0,0,,0.00925537,0,0,0,3,3,0,0,0,0,1,0,0,1,0,0,0,0,0,0,0,0,0,1,0,0,0,0,0,0,0,2026-09-02T00:09:28.529985+00:00
Eredivisie 2026/2027,Willem II Tilburg - SC Heerenveen,2026-08-30T12:30:00+00:00,finished,4,2-2,SC Heerenveen,Andries Noppert,G,0,,0,0,0,,,0,0,0,0,0,0,0,0,0,0,0,0,0,0,0,0,0,0,0,0,0,0,0,0,0,0,0,0,0,0,2026-09-02T00:09:28.529573+00:00
Eredivisie 2026/2027,Willem II Tilburg - SC Heerenveen,2026-08-30T12:30:00+00:00,finished,4,2-2,SC Heerenveen,Bernt Klaverboer,G,90,7.7,52,0,0,,0.00073759,0,0,0,43,36,13,6,0,0,0,0,1,0,0,0,1,0,2,0,7,0,0,7,0,0,0,0,2,2,1,2026-09-02T00:09:28.529467+00:00
Eredivisie 2026/2027,Willem II Tilburg - SC Heerenveen,2026-08-30T12:30:00+00:00,finished,4,2-2,SC Heerenveen,Darling Bladi,D,0,,0,0,0,,,0,0,0,0,0,0,0,0,0,0,0,0,0,0,0,0,0,0,0,0,0,0,0,0,0,0,0,0,0,0,2026-09-02T00:09:28.529581+00:00
Eredivisie 2026/2027,Willem II Tilburg - SC Heerenveen,2026-08-30T12:30:00+00:00,finished,4,2-2,Willem II Tilburg,Devin Haen,F,90,7.9,24,1,0,0.7377,0.0131777,2,2,1,16,11,1,0,0,0,1,1,3,3,1,1,1,0,0,0,1,0,0,7,0,1,0,0,0,2,0,2026-09-02T00:09:28.529881+00:00
Eredivisie 2026/2027,Willem II Tilburg - SC Heerenveen,2026-08-30T12:30:00+00:00,finished,4,2-2,SC Heerenveen,Dirk Wanner Proper,M,90,6.7,63,0,0,,0.191892,0,0,1,50,47,3,2,2,1,1,1,3,4,0,0,1,1,2,0,5,0,1,8,1,1,0,0,0,2,0,2026-09-02T00:09:28.529457+00:00
Eredivisie 2026/2027,Willem II Tilburg - SC Heerenveen,2026-08-30T12:30:00+00:00,finished,4,2-2,SC Heerenveen,Dylan Vente,F,90,6.2,23,0,1,0.1973,0.0177084,1,0,3,17,12,1,0,0,0,1,0,2,4,2,2,0,0,0,0,0,1,1,7,0,0,0,0,0,2,0,2026-09-02T00:09:28.529444+00:00
Eredivisie 2026/2027,Willem II Tilburg - SC Heerenveen,2026-08-30T12:30:00+00:00,finished,4,2-2,Willem II Tilburg,Eser Gürbüz,M,62,6.3,32,0,0,0.1159,0.0123281,2,0,0,16,13,1,0,1,0,2,1,4,7,0,2,2,1,0,1,2,1,0,10,1,4,0,0,0,0,0,2026-09-02T00:09:28.529942+00:00
Eredivisie 2026/2027,Willem II Tilburg - SC Heerenveen,2026-08-30T12:30:00+00:00,finished,4,2-2,Willem II Tilburg,Hidde ter Avest,D,90,6.8,52,0,0,0.0397,0.0213595,1,0,0,29,23,6,3,2,0,0,0,5,2,1,2,4,3,5,0,2,0,0,8,0,0,0,0,0,2,0,2026-09-02T00:09:28.529870+00:00
Eredivisie 2026/2027,Willem II Tilburg - SC Heerenveen,2026-08-30T12:30:00+00:00,finished,4,2-2,SC Heerenveen,Hristiyan Petrov,D,0,,0,0,0,,,0,0,0,0,0,0,0,0,0,0,0,0,0,0,0,0,0,0,0,0,0,0,0,0,0,0,0,0,0,0,2026-09-02T00:09:28.529852+00:00
Eredivisie 2026/2027,Willem II Tilburg - SC Heerenveen,2026-08-30T12:30:00+00:00,finished,4,2-2,SC Heerenveen,Jacob Trenskow,M,90,8.4,56,1,0,0.2572,1.00114,3,2,4,36,32,1,1,7,6,3,1,3,3,0,1,2,0,1,0,1,1,0,10,0,0,0,0,0,2,0,2026-09-02T00:09:28.529383+00:00
Eredivisie 2026/2027,Willem II Tilburg - SC Heerenveen,2026-08-30T12:30:00+00:00,finished,4,2-2,Willem II Tilburg,Jaden Slory,M,90,6.5,37,0,0,0.4371,0.0381084,3,2,1,14,12,1,1,9,1,3,1,4,4,0,1,2,0,1,0,3,0,0,13,1,0,0,0,0,2,0,2026-09-02T00:09:28.529890+00:00
Eredivisie 2026/2027,Willem II Tilburg - SC Heerenveen,2026-08-30T12:30:00+00:00,finished,4,2-2,Willem II Tilburg,Jens Mathijsen,D,0,,0,0,0,,,0,0,0,0,0,0,0,0,0,0,0,0,0,0,0,0,0,0,0,0,0,0,0,0,0,0,0,0,0,0,2026-09-02T00:09:28.530001+00:00
Eredivisie 2026/2027,Willem II Tilburg - SC Heerenveen,2026-08-30T12:30:00+00:00,finished,4,2-2,SC Heerenveen,Jimte Scholten,D,0,,0,0,0,,,0,0,0,0,0,0,0,0,0,0,0,0,0,0,0,0,0,0,0,0,0,0,0,0,0,0,0,0,0,0,2026-09-02T00:09:28.529597+00:00
Eredivisie 2026/2027,Willem II Tilburg - SC Heerenveen,2026-08-30T12:30:00+00:00,finished,4,2-2,Willem II Tilburg,Justin Hoogma,D,45,6.7,40,0,0,,0.00341325,0,0,0,36,30,6,3,0,0,0,0,1,4,1,2,0,0,2,0,2,0,0,6,0,1,0,0,0,0,0,2026-09-02T00:09:28.529959+00:00
Eredivisie 2026/2027,Willem II Tilburg - SC Heerenveen,2026-08-30T12:30:00+00:00,finished,4,2-2,Willem II Tilburg,Karst de Leeuw,G,90,6.6,45,0,0,,0.0023212,0,0,0,38,19,26,7,0,0,0,0,0,0,0,0,0,0,1,0,6,0,0,19,0,0,0,0,3,2,0,2026-09-02T00:09:28.529909+00:00
Eredivisie 2026/2027,Willem II Tilburg - SC Heerenveen,2026-08-30T12:30:00+00:00,finished,4,2-2,Willem II Tilburg,Kasper Boogaard,M,87,6.7,31,0,0,0.0275,0.00644405,1,0,0,24,19,4,2,0,0,1,0,3,2,0,0,3,0,1,0,5,0,0,6,0,1,0,0,0,2,0,2026-09-02T00:09:28.529917+00:00
Eredivisie 2026/2027,Willem II Tilburg - SC Heerenveen,2026-08-30T12:30:00+00:00,finished,4,2-2,SC Heerenveen,Kirayno Schaken,F,0,,0,0,0,,,0,0,0,0,0,0,0,0,0,0,0,0,0,0,0,0,0,0,0,0,0,0,0,0,0,0,0,0,0,0,2026-09-02T00:09:28.529834+00:00
Eredivisie 2026/2027,Willem II Tilburg - SC Heerenveen,2026-08-30T12:30:00+00:00,finished,4,2-2,SC Heerenveen,Lanroy Machine,F,0,,0,0,0,,,0,0,0,0,0,0,0,0,0,0,0,0,0,0,0,0,0,0,0,0,0,0,0,0,0,0,0,0,0,0,2026-09-02T00:09:28.529605+00:00
Eredivisie 2026/2027,Willem II Tilburg - SC Heerenveen,2026-08-30T12:30:00+00:00,finished,4,2-2,SC Heerenveen,Levi Smans,M,21,6.8,7,0,1,,0.0699149,0,0,1,4,4,0,0,1,1,0,0,1,0,0,0,1,0,0,0,0,0,0,0,0,0,0,0,0,1,0,2026-09-02T00:09:28.529549+00:00
Eredivisie 2026/2027,Willem II Tilburg - SC Heerenveen,2026-08-30T12:30:00+00:00,finished,4,2-2,SC Heerenveen,Luca Oyen,M,9,6.6,9,0,0,,0.00536652,0,0,0,6,6,0,0,1,0,1,1,1,1,0,1,0,0,0,0,0,0,0,1,0,0,0,0,0,0,0,2026-09-02T00:09:28.529557+00:00
Eredivisie 2026/2027,Willem II Tilburg - SC Heerenveen,2026-08-30T12:30:00+00:00,finished,4,2-2,SC Heerenveen,Luuk Brouwers,M,21,6.5,14,0,0,0.2681,0.0106925,2,0,0,11,11,0,0,0,0,1,1,2,0,1,0,0,0,0,0,4,0,0,0,0,0,0,0,0,1,0,2026-09-02T00:09:28.529541+00:00
Eredivisie 2026/2027,Willem II Tilburg - SC Heerenveen,2026-08-30T12:30:00+00:00,finished,4,2-2,SC Heerenveen,Maas Willemsen,D,90,6.9,108,0,0,,0.0817166,0,0,1,95,88,12,8,0,0,1,0,0,4,0,2,0,0,4,1,3,0,0,10,0,1,0,0,0,2,0,2026-09-02T00:09:28.529495+00:00
Eredivisie 2026/2027,Willem II Tilburg - SC Heerenveen,2026-08-30T12:30:00+00:00,finished,4,2-2,Willem II Tilburg,Mats Lemmens,D,45,6.6,18,0,0,,0.00060105,0,0,0,11,9,2,0,0,0,0,0,2,0,1,0,1,1,5,0,1,0,0,2,0,0,0,0,0,2,0,2026-09-02T00:09:28.529950+00:00
Eredivisie 2026/2027,Willem II Tilburg - SC Heerenveen,2026-08-30T12:30:00+00:00,finished,4,2-2,SC Heerenveen,Maxence Rivera,M,85,5.9,42,0,0,0.0692,0.020089,2,1,0,21,15,1,0,5,0,4,2,4,6,0,1,0,0,1,0,3,0,3,19,2,0,0,0,0,2,0,2026-09-02T00:09:28.529513+00:00
Eredivisie 2026/2027,Willem II Tilburg - SC Heerenveen,2026-08-30T12:30:00+00:00,finished,4,2-2,Willem II Tilburg,Nathan Tjoe-A-On,D,85,7.2,50,0,1,,0.216855,0,0,1,24,17,7,3,5,1,2,0,4,2,1,0,3,1,3,3,6,0,0,14,0,0,0,0,0,2,0,2026-09-02T00:09:28.529926+00:00
Eredivisie 2026/2027,Willem II Tilburg - SC Heerenveen,2026-08-30T12:30:00+00:00,finished,4,2-2,SC Heerenveen,Nolhan Courtens,M,69,6.2,34,0,0,0.1738,0.0531736,1,0,1,23,21,0,0,0,0,2,1,3,5,0,0,0,0,0,0,4,0,3,7,2,1,0,0,0,1,0,2026-09-02T00:09:28.529522+00:00
Eredivisie 2026/2027,Willem II Tilburg - SC Heerenveen,2026-08-30T12:30:00+00:00,finished,4,2-2,SC Heerenveen,Oliver Braude,D,90,8.1,94,1,0,0.3894,0.377376,4,2,1,63,52,10,5,3,1,0,0,3,3,2,0,1,1,3,0,2,1,2,18,0,0,0,0,0,2,0,2026-09-02T00:09:28.529476+00:00
Eredivisie 2026/2027,Willem II Tilburg - SC Heerenveen,2026-08-30T12:30:00+00:00,finished,4,2-2,Willem II Tilburg,Per van Loon,D,28,6.4,11,0,0,,0.00583814,0,0,0,7,5,1,0,2,0,1,1,1,1,0,0,0,0,1,0,3,0,0,4,0,0,0,0,0,2,0,2026-09-02T00:09:28.529967+00:00
Eredivisie 2026/2027,Willem II Tilburg - SC Heerenveen,2026-08-30T12:30:00+00:00,finished,4,2-2,SC Heerenveen,Ringo Meerveld,M,69,6.7,24,0,0,,0.036329,0,0,0,16,12,2,1,0,0,1,0,3,2,0,0,1,0,0,0,3,0,0,7,2,0,0,0,0,1,0,2026-09-02T00:09:28.529532+00:00
Eredivisie 2026/2027,Willem II Tilburg - SC Heerenveen,2026-08-30T12:30:00+00:00,finished,4,2-2,SC Heerenveen,Sam Kersten,D,90,6.4,81,0,0,,0.020671,0,0,0,71,65,7,3,0,0,0,0,2,1,1,0,1,1,4,0,6,0,0,9,0,1,0,0,0,2,0,2026-09-02T00:09:28.529486+00:00
Eredivisie 2026/2027,Willem II Tilburg - SC Heerenveen,2026-08-30T12:30:00+00:00,finished,4,2-2,Willem II Tilburg,Thomas Verheydt,F,3,,2,0,0,,0.00066886,0,0,0,1,1,0,0,0,0,0,0,1,0,1,0,0,0,0,0,0,0,0,1,0,0,0,0,0,0,0,2026-09-02T00:09:28.529993+00:00
Eredivisie 2026/2027,Willem II Tilburg - SC Heerenveen,2026-08-30T12:30:00+00:00,finished,4,2-2,SC Heerenveen,Timo Schreuder,G,0,,0,0,0,,,0,0,0,0,0,0,0,0,0,0,0,0,0,0,0,0,0,0,0,0,0,0,0,0,0,0,0,0,0,0,2026-09-02T00:09:28.529589+00:00
Eredivisie 2026/2027,Willem II Tilburg - SC Heerenveen,2026-08-30T12:30:00+00:00,finished,4,2-2,Willem II Tilburg,Uriel van Aalst,M,90,7.5,26,1,0,0.3412,0.0072531,3,1,0,13,11,1,1,0,0,2,1,3,2,0,0,1,0,1,0,2,1,0,6,1,1,0,0,0,2,0,2026-09-02T00:09:28.529899+00:00
Eredivisie 2026/2027,Willem II Tilburg - SC Heerenveen,2026-08-30T12:30:00+00:00,finished,4,2-2,SC Heerenveen,Vasilios Zagaritis,D,90,6.4,78,0,0,,0.0333195,0,0,0,61,52,5,2,4,0,0,0,6,3,4,0,0,0,5,0,6,0,1,15,2,1,0,0,0,2,0,2026-09-02T00:09:28.529504+00:00
Eredivisie 2026/2027,Willem II Tilburg - SC Heerenveen,2026-08-30T12:30:00+00:00,finished,4,2-2,Willem II Tilburg,Wouter Van der Steen,G,0,,0,0,0,,,0,0,0,0,0,0,0,0,0,0,0,0,0,0,0,0,0,0,0,0,0,0,0,0,0,0,0,0,0,0,2026-09-02T00:09:28.530008+00:00
Eredivisie 2026/2027,SC Telstar - AFC Ajax,2026-08-30T14:45:00+00:00,finished,4,0-4,AFC Ajax,Aaron Bouwman,D,90,7.4,100,0,0,,0.0570034,0,0,1,91,90,2,1,0,0,1,1,1,0,0,0,0,0,3,2,12,0,0,2,0,0,0,0,0,0,0,2026-09-02T00:09:28.814250+00:00
Eredivisie 2026/2027,SC Telstar - AFC Ajax,2026-08-30T14:45:00+00:00,finished,4,0-4,AFC Ajax,Abdellah Ouazane,M,25,6.6,24,0,0,0.04,0.200698,1,1,0,13,11,0,0,4,1,2,0,2,5,1,0,1,1,0,0,0,0,2,10,0,1,0,0,0,0,0,2026-09-02T00:09:28.814340+00:00
Eredivisie 2026/2027,SC Telstar - AFC Ajax,2026-08-30T14:45:00+00:00,finished,4,0-4,SC Telstar,Abdelnour Soualhia,D,90,6.4,72,0,0,0.1488,0.22131,1,0,1,48,44,3,0,0,0,0,0,6,6,3,3,2,0,11,2,3,1,0,5,1,0,0,0,0,4,0,2026-09-02T00:09:28.814512+00:00
Eredivisie 2026/2027,SC Telstar - AFC Ajax,2026-08-30T14:45:00+00:00,finished,4,0-4,AFC Ajax,Anton Gaaei,D,90,6.5,69,0,0,0.0198,0.0457956,1,0,0,46,36,1,0,7,0,0,0,4,6,0,1,2,1,1,2,5,1,0,18,2,5,0,0,0,0,0,2026-09-02T00:09:28.814266+00:00
Eredivisie 2026/2027,SC Telstar - AFC Ajax,2026-08-30T14:45:00+00:00,finished,4,0-4,AFC Ajax,Caio Henrique,D,82,7.4,67,0,0,,0.601372,0,0,1,56,50,2,0,3,1,0,0,4,0,0,0,3,1,0,0,4,0,0,8,1,0,0,0,0,0,0,2026-09-02T00:09:28.814279+00:00
Eredivisie 2026/2027,SC Telstar - AFC Ajax,2026-08-30T14:45:00+00:00,finished,4,0-4,SC Telstar,Daan Reiziger,G,0,,0,0,0,,,0,0,0,0,0,0,0,0,0,0,0,0,0,0,0,0,0,0,0,0,0,0,0,0,0,0,0,0,0,0,2026-09-02T00:09:28.814627+00:00
Eredivisie 2026/2027,SC Telstar - AFC Ajax,2026-08-30T14:45:00+00:00,finished,4,0-4,AFC Ajax,Davy Klaassen,M,65,7.7,25,1,0,0.3497,0.0174675,2,1,0,18,17,0,0,0,0,0,0,1,0,0,0,1,1,1,1,1,0,0,3,0,0,0,0,0,0,0,2026-09-02T00:09:28.814327+00:00
Eredivisie 2026/2027,SC Telstar - AFC Ajax,2026-08-30T14:45:00+00:00,finished,4,0-4,AFC Ajax,Dies Janse,D,90,7.9,90,0,0,0.0273,0.057011,1,0,0,81,76,4,4,1,1,0,0,4,1,2,0,1,0,4,1,0,0,0,5,1,1,0,0,0,0,0,2026-09-02T00:09:28.810759+00:00
Eredivisie 2026/2027,SC Telstar - AFC Ajax,2026-08-30T14:45:00+00:00,finished,4,0-4,SC Telstar,Emirhan Demircan,M,13,6.6,4,0,0,0.2864,1.599e-05,1,0,0,1,1,0,0,0,0,0,0,1,1,0,0,0,0,0,0,0,0,0,1,1,0,0,0,0,1,0,2026-09-02T00:09:28.814602+00:00
Eredivisie 2026/2027,SC Telstar - AFC Ajax,2026-08-30T14:45:00+00:00,finished,4,0-4,SC Telstar,Fabiano Rust,M,25,6.5,2,0,0,,0.00053022,0,0,0,1,1,0,0,0,0,0,0,0,0,0,0,0,0,0,0,0,0,0,1,0,0,0,0,0,1,0,2026-09-02T00:09:28.814587+00:00
Eredivisie 2026/2027,SC Telstar - AFC Ajax,2026-08-30T14:45:00+00:00,finished,4,0-4,SC Telstar,Finn Mulder,G,0,,0,0,0,,,0,0,0,0,0,0,0,0,0,0,0,0,0,0,0,0,0,0,0,0,0,0,0,0,0,0,0,0,0,0,2026-09-02T00:09:28.814634+00:00
Eredivisie 2026/2027,SC Telstar - AFC Ajax,2026-08-30T14:45:00+00:00,finished,4,0-4,SC Telstar,Fofin Turay,F,25,6.3,14,0,0,,0.00452203,0,0,0,10,9,0,0,0,0,1,0,0,3,0,0,0,0,0,0,3,0,2,4,0,0,0,0,0,1,0,2026-09-02T00:09:28.814579+00:00
Eredivisie 2026/2027,SC Telstar - AFC Ajax,2026-08-30T14:45:00+00:00,finished,4,0-4,SC Telstar,Gabi Caschili,D,16,6.7,17,0,0,,0.00653824,0,0,0,10,10,0,0,0,0,0,0,4,1,0,0,3,2,0,0,0,0,1,1,1,0,0,0,0,1,0,2026-09-02T00:09:28.814594+00:00
Eredivisie 2026/2027,SC Telstar - AFC Ajax,2026-08-30T14:45:00+00:00,finished,4,0-4,SC Telstar,Gerald Alders,D,74,6.4,48,0,0,0.0301,0.0369347,1,1,1,30,24,1,0,2,0,0,0,1,4,0,1,1,1,2,0,7,0,0,13,0,2,0,0,0,3,0,2026-09-02T00:09:28.814536+00:00
Eredivisie 2026/2027,SC Telstar - AFC Ajax,2026-08-30T14:45:00+00:00,finished,4,0-4,SC Telstar,Harrie Kuster,M,0,,0,0,0,,,0,0,0,0,0,0,0,0,0,0,0,0,0,0,0,0,0,0,0,0,0,0,0,0,0,0,0,0,0,0,2026-09-02T00:09:28.814658+00:00
Eredivisie 2026/2027,SC Telstar - AFC Ajax,2026-08-30T14:45:00+00:00,finished,4,0-4,SC Telstar,Isaiah Ahmed,M,0,,0,0,0,,,0,0,0,0,0,0,0,0,0,0,0,0,0,0,0,0,0,0,0,0,0,0,0,0,0,0,0,0,0,0,2026-09-02T00:09:28.814642+00:00
Eredivisie 2026/2027,SC Telstar - AFC Ajax,2026-08-30T14:45:00+00:00,finished,4,0-4,SC Telstar,Jeff Hardeveld,M,65,6.3,28,0,0,,0.0352607,0,0,1,17,13,2,1,4,1,0,0,1,3,0,0,0,0,1,0,2,0,1,9,1,2,0,0,0,3,0,2026-09-02T00:09:28.814546+00:00
Eredivisie 2026/2027,SC Telstar - AFC Ajax,2026-08-30T14:45:00+00:00,finished,4,0-4,SC Telstar,Jelani Seedorf,F,65,6.4,17,0,0,,0.0148494,0,0,0,9,8,0,0,1,0,0,0,1,6,0,3,0,0,0,0,3,0,2,6,1,1,0,0,0,3,0,2026-09-02T00:09:28.814563+00:00
Eredivisie 2026/2027,SC Telstar - AFC Ajax,2026-08-30T14:45:00+00:00,finished,4,0-4,AFC Ajax,Joeri Heerkens,G,0,,0,0,0,,,0,0,0,0,0,0,0,0,0,0,0,0,0,0,0,0,0,0,0,0,0,0,0,0,0,0,0,0,0,0,2026-09-02T00:09:28.814395+00:00
Eredivisie 2026/2027,SC Telstar - AFC Ajax,2026-08-30T14:45:00+00:00,finished,4,0-4,AFC Ajax,Jofre Torrents ,D,8,6.8,10,0,0,,0.00754009,0,0,0,9,9,0,0,0,0,0,0,1,0,0,0,1,1,0,0,1,0,0,0,0,0,0,0,0,0,0,2026-09-02T00:09:28.814384+00:00
Eredivisie 2026/2027,SC Telstar - AFC Ajax,2026-08-30T14:45:00+00:00,finished,4,0-4,AFC Ajax,Jorthy Mokio,M,90,6.3,52,0,0,,0.0617302,0,0,1,41,38,0,0,0,0,1,0,3,7,0,2,3,2,1,1,4,0,1,7,0,2,0,0,0,0,0,2026-09-02T00:09:28.814207+00:00
Eredivisie 2026/2027,SC Telstar - AFC Ajax,2026-08-30T14:45:00+00:00,finished,4,0-4,AFC Ajax,Julian Brandt,F,66,6.3,46,0,0,,0.0555525,0,0,1,36,27,2,1,4,0,2,1,1,1,0,0,0,0,0,1,3,0,0,15,0,0,0,0,0,0,0,2026-09-02T00:09:28.814315+00:00
Eredivisie 2026/2027,SC Telstar - AFC Ajax,2026-08-30T14:45:00+00:00,finished,4,0-4,AFC Ajax,Kasper Dolberg,F,0,,0,0,0,,,0,0,0,0,0,0,0,0,0,0,0,0,0,0,0,0,0,0,0,0,0,0,0,0,0,0,0,0,0,0,2026-09-02T00:09:28.814440+00:00
Eredivisie 2026/2027,SC Telstar - AFC Ajax,2026-08-30T14:45:00+00:00,finished,4,0-4,AFC Ajax,Maarten Paes,G,0,,0,0,0,,,0,0,0,0,0,0,0,0,0,0,0,0,0,0,0,0,0,0,0,0,0,0,0,0,0,0,0,0,0,0,2026-09-02T00:09:28.814407+00:00
Eredivisie 2026/2027,SC Telstar - AFC Ajax,2026-08-30T14:45:00+00:00,finished,4,0-4,AFC Ajax,Marc-André Ter Stegen,G,90,8.6,56,0,0,,0.00075717,0,0,0,43,32,19,8,0,0,0,0,1,0,1,0,0,0,2,0,14,0,0,11,0,0,0,0,5,0,2,2026-09-02T00:09:28.810820+00:00
Eredivisie 2026/2027,SC Telstar - AFC Ajax,2026-08-30T14:45:00+00:00,finished,4,0-4,AFC Ajax,Marcos Leonardo,F,17,6.9,6,1,0,0.7627,0.00453165,2,2,0,4,2,0,0,0,0,0,0,0,0,0,0,0,0,0,0,1,0,0,2,0,1,0,0,0,0,0,2026-09-02T00:09:28.814373+00:00
Eredivisie 2026/2027,SC Telstar - AFC Ajax,2026-08-30T14:45:00+00:00,finished,4,0-4,SC Telstar,Marvin Peersman,D,77,5.9,39,0,0,0.0662,0.0180906,1,1,0,29,23,2,1,1,1,0,0,0,2,0,1,0,0,1,1,1,0,0,8,0,1,0,0,0,3,0,2026-09-02T00:09:28.814527+00:00
Eredivisie 2026/2027,SC Telstar - AFC Ajax,2026-08-30T14:45:00+00:00,finished,4,0-4,AFC Ajax,Mohamed Abdalla,M,0,,0,0,0,,,0,0,0,0,0,0,0,0,0,0,0,0,0,0,0,0,0,0,0,0,0,0,0,0,0,0,0,0,0,0,2026-09-02T00:09:28.814419+00:00
Eredivisie 2026/2027,SC Telstar - AFC Ajax,2026-08-30T14:45:00+00:00,finished,4,0-4,SC Telstar,Nigel Ogidi Nwankwo,D,0,,0,0,0,,,0,0,0,0,0,0,0,0,0,0,0,0,0,0,0,0,0,0,0,0,0,0,0,0,0,0,0,0,0,0,2026-09-02T00:09:28.814610+00:00
Eredivisie 2026/2027,SC Telstar - AFC Ajax,2026-08-30T14:45:00+00:00,finished,4,0-4,SC Telstar,Nils Rossen,M,90,6.7,52,0,0,,0.0247678,0,0,2,47,44,2,1,0,0,0,0,2,2,0,0,0,0,1,0,4,0,0,3,2,0,0,0,0,4,0,2026-09-02T00:09:28.814450+00:00
Eredivisie 2026/2027,SC Telstar - AFC Ajax,2026-08-30T14:45:00+00:00,finished,4,0-4,SC Telstar,Noach Shenkman,M,0,,0,0,0,,,0,0,0,0,0,0,0,0,0,0,0,0,0,0,0,0,0,0,0,0,0,0,0,0,0,0,0,0,0,0,2026-09-02T00:09:28.814650+00:00
Eredivisie 2026/2027,SC Telstar - AFC Ajax,2026-08-30T14:45:00+00:00,finished,4,0-4,AFC Ajax,Oliver Valaker Edvardsen,F,17,6.5,11,0,0,,0.0138402,0,0,1,5,4,0,0,1,1,0,0,0,1,0,0,0,0,0,0,1,0,0,4,0,1,0,0,0,0,0,2026-09-02T00:09:28.814363+00:00
Eredivisie 2026/2027,SC Telstar - AFC Ajax,2026-08-30T14:45:00+00:00,finished,4,0-4,AFC Ajax,Oscar Gloukh,M,73,7.0,51,0,1,0.0501,0.109863,1,1,1,38,34,0,0,1,0,1,1,4,2,0,0,0,0,0,1,1,0,1,10,3,1,0,0,0,0,0,2026-09-02T00:09:28.814304+00:00
Eredivisie 2026/2027,SC Telstar - AFC Ajax,2026-08-30T14:45:00+00:00,finished,4,0-4,AFC Ajax,Owen Wijndal,D,0,,0,0,0,,,0,0,0,0,0,0,0,0,0,0,0,0,0,0,0,0,0,0,0,0,0,0,0,0,0,0,0,0,0,0,2026-09-02T00:09:28.814429+00:00
Eredivisie 2026/2027,SC Telstar - AFC Ajax,2026-08-30T14:45:00+00:00,finished,4,0-4,SC Telstar,Patrick Brouwer,F,90,7.2,44,0,0,0.1957,0.388111,1,0,2,32,24,0,0,3,1,0,0,2,2,2,0,0,0,4,0,1,0,0,11,0,2,0,0,0,4,0,2026-09-02T00:09:28.814462+00:00
Eredivisie 2026/2027,SC Telstar - AFC Ajax,2026-08-30T14:45:00+00:00,finished,4,0-4,SC Telstar,Prince Aning,D,25,6.4,15,0,0,,0.00081134,0,0,0,6,4,1,1,2,0,1,0,2,3,0,0,0,0,0,0,1,0,1,7,2,1,0,0,0,1,0,2026-09-02T00:09:28.814571+00:00
Eredivisie 2026/2027,SC Telstar - AFC Ajax,2026-08-30T14:45:00+00:00,finished,4,0-4,SC Telstar,Rojendro Oudsten,M,0,,0,0,0,,,0,0,0,0,0,0,0,0,0,0,0,0,0,0,0,0,0,0,0,0,0,0,0,0,0,0,0,0,0,0,2026-09-02T00:09:28.814618+00:00
Eredivisie 2026/2027,SC Telstar - AFC Ajax,2026-08-30T14:45:00+00:00,finished,4,0-4,SC Telstar,Ronald Koeman Jr,G,90,5.6,59,0,0,,0.00345036,0,0,0,45,23,28,8,0,0,0,0,0,0,0,0,0,0,0,0,12,0,0,22,0,0,0,0,5,4,0,2026-09-02T00:09:28.814473+00:00
Eredivisie 2026/2027,SC Telstar - AFC Ajax,2026-08-30T14:45:00+00:00,finished,4,0-4,SC Telstar,Rui Mendes,F,65,6.7,23,0,0,0.3681,0.0273345,4,2,1,9,8,0,0,0,0,2,1,2,1,0,0,0,0,0,0,5,0,0,4,1,0,0,0,0,3,0,2026-09-02T00:09:28.814554+00:00
Eredivisie 2026/2027,SC Telstar - AFC Ajax,2026-08-30T14:45:00+00:00,finished,4,0-4,SC Telstar,Sem Valk,D,90,6.0,62,0,0,0.0203,0.0131876,1,0,0,54,48,3,2,0,0,0,0,4,1,3,0,1,1,4,0,3,1,0,7,0,1,0,0,0,4,0,2026-09-02T00:09:28.814484+00:00
Eredivisie 2026/2027,SC Telstar - AFC Ajax,2026-08-30T14:45:00+00:00,finished,4,0-4,AFC Ajax,Steven Berghuis,F,73,9.2,45,1,2,0.6198,0.307044,2,2,2,27,24,1,0,9,1,0,0,4,2,1,0,1,1,0,0,5,0,0,12,2,1,0,0,0,0,0,2026-09-02T00:09:28.814291+00:00
Eredivisie 2026/2027,SC Telstar - AFC Ajax,2026-08-30T14:45:00+00:00,finished,4,0-4,AFC Ajax,Tolu Arokodare,F,90,8.5,30,1,0,0.2947,0.00699461,2,2,0,11,10,0,0,0,0,5,4,8,7,3,5,0,0,1,0,2,0,1,7,1,0,0,0,0,0,0,2026-09-02T00:09:28.814231+00:00
Eredivisie 2026/2027,SC Telstar - AFC Ajax,2026-08-30T14:45:00+00:00,finished,4,0-4,SC Telstar,Tyrone Owusu,M,90,6.8,64,0,0,0.0154,0.0380899,1,0,1,48,43,2,1,0,0,3,1,6,4,0,0,3,1,1,0,7,0,1,9,2,1,0,0,0,4,0,2026-09-02T00:09:28.814496+00:00
Eredivisie 2026/2027,SC Telstar - AFC Ajax,2026-08-30T14:45:00+00:00,finished,4,0-4,AFC Ajax,Youri Baas,D,24,6.9,20,0,0,,0.02039,0,0,1,17,17,0,0,0,0,0,0,1,0,0,0,0,0,0,0,2,0,0,0,1,0,0,0,0,0,0,2026-09-02T00:09:28.814351+00:00
Eredivisie 2026/2027,SC Cambuur - FC Twente,2026-08-30T18:00:00+00:00,finished,4,1-4,SC Cambuur,,,90,7.5,80,0,0,,0.0546547,0,0,3,60,53,11,6,1,1,0,0,5,1,1,1,4,3,5,2,4,0,0,7,0,0,0,0,0,4,0,2026-09-01T10:31:01.203304+00:00
Eredivisie 2026/2027,SC Cambuur - FC Twente,2026-08-30T18:00:00+00:00,finished,4,1-4,FC Twente,Aske Adelgaard,D,85,7.3,61,0,0,,0.133533,0,0,1,46,43,3,1,1,1,1,0,6,4,0,1,6,4,1,2,4,0,0,5,0,2,0,0,0,0,0,2026-09-01T10:31:01.203132+00:00
Eredivisie 2026/2027,SC Cambuur - FC Twente,2026-08-30T18:00:00+00:00,finished,4,1-4,FC Twente,Bart van Rooij,D,85,7.4,96,0,1,,0.657264,0,0,3,80,76,5,4,3,0,1,0,1,3,1,1,0,0,2,2,1,0,0,10,0,1,0,0,0,0,0,2026-09-01T10:31:01.203146+00:00
Eredivisie 2026/2027,SC Cambuur - FC Twente,2026-08-30T18:00:00+00:00,finished,4,1-4,FC Twente,Benjamin Nagel,M,0,,0,0,0,,,0,0,0,0,0,0,0,0,0,0,0,0,0,0,0,0,0,0,0,0,0,0,0,0,0,0,0,0,0,0,2026-09-01T10:31:01.203223+00:00
Eredivisie 2026/2027,SC Cambuur - FC Twente,2026-08-30T18:00:00+00:00,finished,4,1-4,FC Twente,Daan Rots,M,0,,0,0,0,,,0,0,0,0,0,0,0,0,0,0,0,0,0,0,0,0,0,0,0,0,0,0,0,0,0,0,0,0,0,0,2026-09-01T10:31:01.203247+00:00
Eredivisie 2026/2027,SC Cambuur - FC Twente,2026-08-30T18:00:00+00:00,finished,4,1-4,SC Cambuur,Damian Westerhof,M,0,,0,0,0,,,0,0,0,0,0,0,0,0,0,0,0,0,0,0,0,0,0,0,0,0,0,0,0,0,0,0,0,0,0,0,2026-09-01T10:31:01.203403+00:00
Eredivisie 2026/2027,SC Cambuur - FC Twente,2026-08-30T18:00:00+00:00,finished,4,1-4,FC Twente,Daouda Weidmann,M,60,7.1,57,0,0,0.0499,0.211,1,0,1,33,33,1,1,4,1,7,4,6,8,0,1,2,1,1,0,3,0,3,9,0,1,0,0,0,0,0,2026-09-01T10:31:01.203170+00:00
Eredivisie 2026/2027,SC Cambuur - FC Twente,2026-08-30T18:00:00+00:00,finished,4,1-4,SC Cambuur,Devid Bouah,M,25,6.6,18,0,0,,0.00163885,0,0,1,9,9,0,0,0,0,2,1,2,1,0,0,1,1,2,0,2,0,0,2,0,0,0,0,0,1,0,2026-09-01T10:31:01.203374+00:00
Eredivisie 2026/2027,SC Cambuur - FC Twente,2026-08-30T18:00:00+00:00,finished,4,1-4,SC Cambuur,Ethan Apkakou,M,0,,0,0,0,,,0,0,0,0,0,0,0,0,0,0,0,0,0,0,0,0,0,0,0,0,0,0,0,0,0,0,0,0,0,0,2026-09-01T10:31:01.203431+00:00
Eredivisie 2026/2027,SC Cambuur - FC Twente,2026-08-30T18:00:00+00:00,finished,4,1-4,SC Cambuur,Fabian Kvam,M,45,6.8,12,0,0,0.0194,0.0213192,1,1,1,6,5,0,0,0,0,1,1,2,2,0,0,0,0,0,1,2,0,0,3,1,0,0,0,0,2,0,2026-09-01T10:31:01.203343+00:00
Eredivisie 2026/2027,SC Cambuur - FC Twente,2026-08-30T18:00:00+00:00,finished,4,1-4,FC Twente,Filip Thorvaldsen,M,30,6.9,19,0,0,0.1846,0.0857723,2,0,0,14,9,0,0,1,0,1,1,1,0,0,0,0,0,0,0,1,1,0,7,0,0,0,0,0,1,0,2026-09-01T10:31:01.203185+00:00
Eredivisie 2026/2027,SC Cambuur - FC Twente,2026-08-30T18:00:00+00:00,finished,4,1-4,FC Twente,Guilherme Peixoto,D,8,6.3,7,0,0,,0.00017927,0,0,0,4,3,0,0,0,0,0,0,1,1,0,0,0,0,0,0,1,0,0,1,1,1,0,0,0,1,0,2026-09-01T10:31:01.203200+00:00
Eredivisie 2026/2027,SC Cambuur - FC Twente,2026-08-30T18:00:00+00:00,finished,4,1-4,SC Cambuur,Ilyes Hamache,M,8,7.6,7,1,0,0.0674,0.021939,1,1,1,6,5,0,0,0,0,0,0,0,1,0,0,0,0,0,0,3,0,0,1,0,0,0,0,0,0,0,2026-09-01T10:31:01.203388+00:00
Eredivisie 2026/2027,SC Cambuur - FC Twente,2026-08-30T18:00:00+00:00,finished,4,1-4,SC Cambuur,Ismaël Baouf,D,90,6.4,72,0,0,,0.0119231,0,0,0,51,48,5,3,0,0,0,0,7,0,3,0,2,2,8,3,2,0,0,5,3,0,0,0,0,4,0,2026-09-01T10:31:01.203296+00:00
Eredivisie 2026/2027,SC Cambuur - FC Twente,2026-08-30T18:00:00+00:00,finished,4,1-4,SC Cambuur,Iwan Henstra,F,85,6.2,26,0,0,0.0359,0.0132822,2,0,0,9,6,1,0,1,0,3,0,4,5,0,0,3,2,2,0,1,0,1,11,1,1,0,0,0,4,0,2026-09-01T10:31:01.203321+00:00
Eredivisie 2026/2027,SC Cambuur - FC Twente,2026-08-30T18:00:00+00:00,finished,4,1-4,SC Cambuur,Jamal Amofa,D,65,5.8,39,0,0,,0.0190834,0,0,0,29,26,4,4,0,0,2,1,2,6,0,1,0,0,2,1,5,0,1,6,1,1,0,0,0,3,0,2026-09-01T10:31:01.203336+00:00
Eredivisie 2026/2027,SC Cambuur - FC Twente,2026-08-30T18:00:00+00:00,finished,4,1-4,SC Cambuur,Jasper Meijster,G,0,,0,0,0,,,0,0,0,0,0,0,0,0,0,0,0,0,0,0,0,0,0,0,0,0,0,0,0,0,0,0,0,0,0,0,2026-09-01T10:31:01.203417+00:00
Eredivisie 2026/2027,SC Cambuur - FC Twente,2026-08-30T18:00:00+00:00,finished,4,1-4,SC Cambuur,Jorn Berkhout,D,77,6.5,25,0,0,,0.00521112,0,0,0,20,14,3,1,0,0,1,0,3,2,1,1,1,1,2,0,1,0,0,7,1,0,0,0,0,3,0,2026-09-01T10:31:01.203329+00:00
Eredivisie 2026/2027,SC Cambuur - FC Twente,2026-08-30T18:00:00+00:00,finished,4,1-4,FC Twente,Joël Drommel,G,90,6.8,38,0,1,,0.00375443,0,0,1,33,25,14,6,0,0,0,0,0,0,0,0,0,0,0,0,9,0,0,8,0,0,0,0,2,1,0,2026-09-01T10:31:01.203072+00:00
Eredivisie 2026/2027,SC Cambuur - FC Twente,2026-08-30T18:00:00+00:00,finished,4,1-4,FC Twente,Krzysztof Kurowski,D,13,5.9,10,0,0,0.03,0.00349797,1,1,0,7,6,0,0,0,0,2,0,0,2,0,0,0,0,0,0,0,0,0,3,0,0,0,0,0,1,0,2026-09-01T10:31:01.203192+00:00
Eredivisie 2026/2027,SC Cambuur - FC Twente,2026-08-30T18:00:00+00:00,finished,4,1-4,FC Twente,Lars Unnerstall,G,0,,0,0,0,,,0,0,0,0,0,0,0,0,0,0,0,0,0,0,0,0,0,0,0,0,0,0,0,0,0,0,0,0,0,0,2026-09-01T10:31:01.203262+00:00
Eredivisie 2026/2027,SC Cambuur - FC Twente,2026-08-30T18:00:00+00:00,finished,4,1-4,SC Cambuur,Lucas Jetten,D,90,6.1,42,0,0,0.0934,0.0722293,1,0,0,25,22,3,2,1,0,0,0,4,4,1,1,2,2,2,0,5,0,1,6,2,0,0,0,0,4,0,2026-09-01T10:31:01.203288+00:00
Eredivisie 2026/2027,SC Cambuur - FC Twente,2026-08-30T18:00:00+00:00,finished,4,1-4,FC Twente,Lucas Vennegoor of Hesselink,F,0,,0,0,0,,,0,0,0,0,0,0,0,0,0,0,0,0,0,0,0,0,0,0,0,0,0,0,0,0,0,0,0,0,0,0,2026-09-01T10:31:01.203214+00:00
Eredivisie 2026/2027,SC Cambuur - FC Twente,2026-08-30T18:00:00+00:00,finished,4,1-4,FC Twente,Marko Pjaca,F,77,7.5,47,1,0,0.2886,0.200845,2,1,1,36,33,1,1,0,0,1,0,2,3,0,1,1,1,0,0,5,0,1,7,1,1,0,0,0,0,0,2026-09-01T10:31:01.203155+00:00
Eredivisie 2026/2027,SC Cambuur - FC Twente,2026-08-30T18:00:00+00:00,finished,4,1-4,SC Cambuur,Mathieu Maertens,F,0,,0,0,0,,,0,0,0,0,0,0,0,0,0,0,0,0,0,0,0,0,0,0,0,0,0,0,0,0,0,0,0,0,0,0,2026-09-01T10:31:01.203437+00:00
Eredivisie 2026/2027,SC Cambuur - FC Twente,2026-08-30T18:00:00+00:00,finished,4,1-4,SC Cambuur,Matthijs Kalisvaart,G,0,,0,0,0,,,0,0,0,0,0,0,0,0,0,0,0,0,0,0,0,0,0,0,0,0,0,0,0,0,0,0,0,0,0,0,2026-09-01T10:31:01.203424+00:00
Eredivisie 2026/2027,SC Cambuur - FC Twente,2026-08-30T18:00:00+00:00,finished,4,1-4,FC Twente,Max Bruns,D,8,6.3,10,0,0,,0.00019002,0,0,0,6,3,1,0,0,0,0,0,1,1,1,0,0,0,1,0,1,0,0,3,0,0,0,0,0,1,0,2026-09-01T10:31:01.203207+00:00
Eredivisie 2026/2027,SC Cambuur - FC Twente,2026-08-30T18:00:00+00:00,finished,4,1-4,SC Cambuur,Morgan Costarelli,D,45,6.3,15,0,0,,0.00572435,0,0,0,8,5,2,0,0,0,0,0,3,1,1,1,0,0,2,0,0,0,0,4,2,0,0,0,0,2,0,2026-09-01T10:31:01.203350+00:00
Eredivisie 2026/2027,SC Cambuur - FC Twente,2026-08-30T18:00:00+00:00,finished,4,1-4,SC Cambuur,Nicky Souren,M,90,6.5,42,0,0,0.0155,0.0152439,1,0,0,33,30,3,3,0,0,0,0,2,2,0,0,2,0,3,0,4,0,0,5,0,1,1,0,0,4,0,2026-09-01T10:31:01.203271+00:00
Eredivisie 2026/2027,SC Cambuur - FC Twente,2026-08-30T18:00:00+00:00,finished,4,1-4,SC Cambuur,Nicolas Binder,F,45,6.3,24,0,0,,0.0035858,0,0,0,10,5,0,0,0,0,1,0,6,8,1,5,2,2,0,0,1,0,1,11,3,1,0,0,0,2,0,2026-09-01T10:31:01.203358+00:00
Eredivisie 2026/2027,SC Cambuur - FC Twente,2026-08-30T18:00:00+00:00,finished,4,1-4,SC Cambuur,Rafik El Arguioui,M,90,6.4,32,0,0,0.1917,0.064502,3,0,2,13,11,1,0,1,0,2,1,4,4,0,0,3,2,1,0,4,0,1,11,0,2,0,0,0,4,0,2026-09-01T10:31:01.203312+00:00
Eredivisie 2026/2027,SC Cambuur - FC Twente,2026-08-30T18:00:00+00:00,finished,4,1-4,FC Twente,Ramiz Zerrouki,M,90,6.9,90,0,0,0.0773,0.121161,2,0,3,78,72,6,4,1,0,2,0,3,5,1,0,2,2,0,1,4,0,1,11,0,1,0,0,0,1,0,2026-09-01T10:31:01.203096+00:00
Eredivisie 2026/2027,SC Cambuur - FC Twente,2026-08-30T18:00:00+00:00,finished,4,1-4,FC Twente,Remko Pasveer,G,0,,0,0,0,,,0,0,0,0,0,0,0,0,0,0,0,0,0,0,0,0,0,0,0,0,0,0,0,0,0,0,0,0,0,0,2026-09-01T10:31:01.203230+00:00
Eredivisie 2026/2027,SC Cambuur - FC Twente,2026-08-30T18:00:00+00:00,finished,4,1-4,SC Cambuur,Rik Mulders,D,0,,0,0,0,,,0,0,0,0,0,0,0,0,0,0,0,0,0,0,0,0,0,0,0,0,0,0,0,0,0,0,0,0,0,0,2026-09-01T10:31:01.203410+00:00
Eredivisie 2026/2027,SC Cambuur - FC Twente,2026-08-30T18:00:00+00:00,finished,4,1-4,FC Twente,Robin Pröpper,D,90,6.5,88,0,0,0.3409,0.0162947,2,1,0,75,66,6,3,0,0,0,0,7,2,5,0,0,0,3,1,7,1,0,10,2,2,0,0,0,1,0,2026-09-01T10:31:01.203087+00:00
Eredivisie 2026/2027,SC Cambuur - FC Twente,2026-08-30T18:00:00+00:00,finished,4,1-4,FC Twente,Ruud Nijstad,D,90,7.8,71,1,0,0.0309,0.0685902,1,1,0,65,61,2,0,0,0,0,0,2,1,2,1,0,0,2,0,5,0,0,4,0,0,0,0,0,1,0,2026-09-01T10:31:01.203080+00:00
Eredivisie 2026/2027,SC Cambuur - FC Twente,2026-08-30T18:00:00+00:00,finished,4,1-4,SC Cambuur,Sami Bouhoudane,F,45,6.6,14,0,0,0.0495,0.00253772,1,1,0,7,3,0,0,0,0,0,0,2,3,2,2,0,0,1,0,2,0,1,7,0,0,0,0,0,2,0,2026-09-01T10:31:01.203366+00:00
Eredivisie 2026/2027,SC Cambuur - FC Twente,2026-08-30T18:00:00+00:00,finished,4,1-4,SC Cambuur,Skye Vink,F,13,6.5,5,0,0,,0.00010446,0,0,0,5,3,1,0,0,0,0,0,0,0,0,0,0,0,0,0,0,0,0,2,0,0,0,0,0,1,0,2026-09-01T10:31:01.203381+00:00
Eredivisie 2026/2027,SC Cambuur - FC Twente,2026-08-30T18:00:00+00:00,finished,4,1-4,FC Twente,Sondre Ørjasæter,M,60,6.9,32,0,1,0.036,0.315072,1,0,3,22,21,0,0,1,1,3,1,2,4,0,1,0,0,0,0,1,0,0,4,1,1,1,0,0,0,0,2026-09-01T10:31:01.203163+00:00
Eredivisie 2026/2027,SC Cambuur - FC Twente,2026-08-30T18:00:00+00:00,finished,4,1-4,SC Cambuur,Thijs Jansen,G,90,6.4,63,0,0,,0.00325421,0,0,0,47,30,22,6,0,0,1,1,2,0,1,0,0,0,5,1,9,0,0,17,0,0,0,0,6,4,2,2026-09-01T10:31:01.203280+00:00
Eredivisie 2026/2027,SC Cambuur - FC Twente,2026-08-30T18:00:00+00:00,finished,4,1-4,FC Twente,Thomas Van den Belt,M,30,6.3,28,0,0,0.1558,0.003774,1,1,1,18,13,0,0,0,0,2,1,4,3,1,0,2,1,0,0,3,0,0,9,0,1,0,0,0,1,0,2026-09-01T10:31:01.203178+00:00
Eredivisie 2026/2027,SC Cambuur - FC Twente,2026-08-30T18:00:00+00:00,finished,4,1-4,SC Cambuur,Wiebe Kooistra,F,0,,0,0,0,,,0,0,0,0,0,0,0,0,0,0,0,0,0,0,0,0,0,0,0,0,0,0,0,0,0,0,0,0,0,0,2026-09-01T10:31:01.203395+00:00
Eredivisie 2026/2027,SC Cambuur - FC Twente,2026-08-30T18:00:00+00:00,finished,4,1-4,FC Twente,Wout Weghorst,F,90,7.4,36,1,0,0.2256,0.0792159,4,4,3,26,21,0,0,0,0,1,1,1,7,0,4,0,0,0,0,1,0,1,9,0,3,0,0,0,1,0,2026-09-01T10:31:01.203062+00:00
Eredivisie 2026/2027,SC Cambuur - FC Twente,2026-08-30T18:00:00+00:00,finished,4,1-4,FC Twente,Younes Taha,M,90,7.3,79,1,0,0.342,0.0965056,6,1,3,56,49,2,1,5,0,2,1,4,4,1,1,2,1,0,0,8,2,0,16,0,0,0,0,0,1,0,2026-09-01T10:31:01.203021+00:00
Eredivisie 2026/2027,Sparta Rotterdam - PEC Zwolle,2026-09-04T18:00:00+00:00,finished,5,2-2,Sparta Rotterdam,,,22,7.3,13,1,0,0.2177,0.00055136,1,1,0,8,5,2,1,0,0,0,0,0,1,0,1,0,0,0,0,2,0,0,7,0,0,0,0,0,1,0,2026-09-05T05:01:36.864283+00:00
Eredivisie 2026/2027,Sparta Rotterdam - PEC Zwolle,2026-09-04T18:00:00+00:00,finished,5,2-2,PEC Zwolle,,,15,6.5,6,0,0,0.0263,0.00054983,1,0,0,2,1,0,0,0,0,0,0,2,3,0,2,1,1,0,0,1,0,1,2,1,0,0,0,0,0,0,2026-09-05T05:01:36.864531+00:00
Eredivisie 2026/2027,Sparta Rotterdam - PEC Zwolle,2026-09-04T18:00:00+00:00,finished,5,2-2,Sparta Rotterdam,Alwande Roaldsoy,M,11,6.4,15,0,0,,0.00053537,0,0,0,13,8,1,0,0,0,0,0,2,1,2,1,0,0,0,0,1,0,0,6,0,0,0,0,0,1,0,2026-09-05T05:01:36.864298+00:00
Eredivisie 2026/2027,Sparta Rotterdam - PEC Zwolle,2026-09-04T18:00:00+00:00,finished,5,2-2,Sparta Rotterdam,Andrej Kostić,F,4,,3,0,0,0.1263,4.888e-05,1,0,0,2,1,0,0,0,0,0,0,0,1,0,1,0,0,0,0,0,1,0,1,0,0,0,0,0,0,0,2026-09-05T05:01:36.864306+00:00
Eredivisie 2026/2027,Sparta Rotterdam - PEC Zwolle,2026-09-04T18:00:00+00:00,finished,5,2-2,Sparta Rotterdam,Bas Kuipers,D,90,5.9,49,0,0,,0.0131717,0,0,0,31,29,0,0,2,0,0,0,1,4,0,0,1,1,1,0,1,0,0,8,0,4,0,0,0,2,0,2026-09-05T05:01:36.864166+00:00
Eredivisie 2026/2027,Sparta Rotterdam - PEC Zwolle,2026-09-04T18:00:00+00:00,finished,5,2-2,Sparta Rotterdam,Boyd Reith,D,0,,0,0,0,,,0,0,0,0,0,0,0,0,0,0,0,0,0,0,0,0,0,0,0,0,0,0,0,0,0,0,0,0,0,0,2026-09-05T05:01:36.864355+00:00
Eredivisie 2026/2027,Sparta Rotterdam - PEC Zwolle,2026-09-04T18:00:00+00:00,finished,5,2-2,Sparta Rotterdam,Bruno Martins Indi,D,86,6.6,68,0,0,,0.0164401,0,0,1,58,55,4,3,1,0,0,0,1,3,0,1,1,0,6,1,6,0,0,5,0,2,0,0,0,2,0,2026-09-05T05:01:36.864255+00:00
Eredivisie 2026/2027,Sparta Rotterdam - PEC Zwolle,2026-09-04T18:00:00+00:00,finished,5,2-2,Sparta Rotterdam,Casper Terho,F,68,6.6,32,0,0,0.1709,0.253649,3,0,1,10,8,2,1,7,3,3,1,3,7,0,1,0,0,0,1,3,1,2,11,2,0,0,0,0,1,0,2026-09-05T05:01:36.864276+00:00
Eredivisie 2026/2027,Sparta Rotterdam - PEC Zwolle,2026-09-04T18:00:00+00:00,finished,5,2-2,Sparta Rotterdam,Cedric Hatenboer,M,79,7.9,53,0,0,,0.671148,0,0,4,43,37,7,4,0,0,1,0,5,2,0,0,5,4,1,0,3,0,1,9,0,1,0,0,0,1,0,2026-09-05T05:01:36.864263+00:00
Eredivisie 2026/2027,Sparta Rotterdam - PEC Zwolle,2026-09-04T18:00:00+00:00,finished,5,2-2,PEC Zwolle,Damian van der Haar,D,15,6.7,7,0,0,0.0293,0.00121496,1,0,0,3,3,1,1,0,0,0,0,0,0,0,0,0,0,0,0,0,0,0,2,0,0,0,0,0,0,0,2026-09-05T05:01:36.864523+00:00
Eredivisie 2026/2027,Sparta Rotterdam - PEC Zwolle,2026-09-04T18:00:00+00:00,finished,5,2-2,PEC Zwolle,Duke Verduin,G,0,,0,0,0,,,0,0,0,0,0,0,0,0,0,0,0,0,0,0,0,0,0,0,0,0,0,0,0,0,0,0,0,0,0,0,2026-09-05T05:01:36.864569+00:00
Eredivisie 2026/2027,Sparta Rotterdam - PEC Zwolle,2026-09-04T18:00:00+00:00,finished,5,2-2,PEC Zwolle,Dylan Mbayo,M,90,7.6,38,0,1,0.2464,0.139894,3,1,2,18,15,0,0,5,1,1,1,7,1,0,0,1,1,0,1,3,1,1,9,5,0,0,0,0,2,0,2026-09-05T05:01:36.864435+00:00
Eredivisie 2026/2027,Sparta Rotterdam - PEC Zwolle,2026-09-04T18:00:00+00:00,finished,5,2-2,PEC Zwolle,Elias Sørensen,M,2,,7,0,0,,,0,0,0,5,0,1,0,1,0,0,0,0,1,0,1,0,0,0,0,2,0,0,6,0,0,0,0,0,0,0,2026-09-05T05:01:36.864540+00:00
Eredivisie 2026/2027,Sparta Rotterdam - PEC Zwolle,2026-09-04T18:00:00+00:00,finished,5,2-2,Sparta Rotterdam,Filip Bednarek,G,0,,0,0,0,,,0,0,0,0,0,0,0,0,0,0,0,0,0,0,0,0,0,0,0,0,0,0,0,0,0,0,0,0,0,0,2026-09-05T05:01:36.864370+00:00
Eredivisie 2026/2027,Sparta Rotterdam - PEC Zwolle,2026-09-04T18:00:00+00:00,finished,5,2-2,PEC Zwolle,Gabriel Reiziger,M,0,,0,0,0,,,0,0,0,0,0,0,0,0,0,0,0,0,0,0,0,0,0,0,0,0,0,0,0,0,0,0,0,0,0,0,2026-09-05T05:01:36.864583+00:00
Eredivisie 2026/2027,Sparta Rotterdam - PEC Zwolle,2026-09-04T18:00:00+00:00,finished,5,2-2,Sparta Rotterdam,Giannino Vianello,D,0,,0,0,0,,,0,0,0,0,0,0,0,0,0,0,0,0,0,0,0,0,0,0,0,0,0,0,0,0,0,0,0,0,0,0,2026-09-05T05:01:36.864379+00:00
Eredivisie 2026/2027,Sparta Rotterdam - PEC Zwolle,2026-09-04T18:00:00+00:00,finished,5,2-2,PEC Zwolle,Gilles van der Wal,M,0,,0,0,0,,,0,0,0,0,0,0,0,0,0,0,0,0,0,0,0,0,0,0,0,0,0,0,0,0,0,0,0,0,0,0,2026-09-05T05:01:36.864554+00:00
Eredivisie 2026/2027,Sparta Rotterdam - PEC Zwolle,2026-09-04T18:00:00+00:00,finished,5,2-2,PEC Zwolle,Givaro Rahajaän,M,0,,0,0,0,,,0,0,0,0,0,0,0,0,0,0,0,0,0,0,0,0,0,0,0,0,0,0,0,0,0,0,0,0,0,0,2026-09-05T05:01:36.864590+00:00
Eredivisie 2026/2027,Sparta Rotterdam - PEC Zwolle,2026-09-04T18:00:00+00:00,finished,5,2-2,PEC Zwolle,Ibrahim Cissoko,M,75,6.8,41,1,0,0.1303,0.02479,2,1,2,24,19,0,0,2,0,7,1,3,10,1,0,0,0,0,0,3,0,0,15,1,4,0,0,0,2,0,2026-09-05T05:01:36.864474+00:00
Eredivisie 2026/2027,Sparta Rotterdam - PEC Zwolle,2026-09-04T18:00:00+00:00,finished,5,2-2,PEC Zwolle,Jadiel Pereira da Gama,M,0,,0,0,0,,,0,0,0,0,0,0,0,0,0,0,0,0,0,0,0,0,0,0,0,0,0,0,0,0,0,0,0,0,0,0,2026-09-05T05:01:36.864598+00:00
Eredivisie 2026/2027,Sparta Rotterdam - PEC Zwolle,2026-09-04T18:00:00+00:00,finished,5,2-2,PEC Zwolle,Jasper Schendelaar,G,90,7.2,47,0,0,,5.471e-05,0,0,0,33,26,9,2,0,0,0,0,1,0,1,0,0,0,3,0,7,0,0,7,0,0,0,0,6,2,2,2026-09-05T05:01:36.864394+00:00
Eredivisie 2026/2027,Sparta Rotterdam - PEC Zwolle,2026-09-04T18:00:00+00:00,finished,5,2-2,Sparta Rotterdam,Jens Toornstra,M,11,6.4,10,0,0,,1.915e-05,0,0,0,5,2,1,0,2,0,0,0,1,1,0,0,0,0,0,0,1,0,0,5,1,1,0,0,0,1,0,2026-09-05T05:01:36.864291+00:00
Eredivisie 2026/2027,Sparta Rotterdam - PEC Zwolle,2026-09-04T18:00:00+00:00,finished,5,2-2,Sparta Rotterdam,Joel Ideho,M,0,,0,0,0,,,0,0,0,0,0,0,0,0,0,0,0,0,0,0,0,0,0,0,0,0,0,0,0,0,0,0,0,0,0,0,2026-09-05T05:01:36.864362+00:00
Eredivisie 2026/2027,Sparta Rotterdam - PEC Zwolle,2026-09-04T18:00:00+00:00,finished,5,2-2,Sparta Rotterdam,Julian Baas,M,79,7.2,63,0,1,,0.157675,0,0,2,47,46,5,5,8,1,1,0,3,4,2,2,0,0,3,0,0,0,0,9,1,1,0,0,0,1,0,2026-09-05T05:01:36.864270+00:00
Eredivisie 2026/2027,Sparta Rotterdam - PEC Zwolle,2026-09-04T18:00:00+00:00,finished,5,2-2,PEC Zwolle,Koen Kostons,F,90,7.3,35,1,0,0.0656,0.0222492,2,1,1,20,15,2,0,1,1,2,0,1,4,1,1,0,0,0,0,3,0,1,11,0,0,0,0,0,2,0,2026-09-05T05:01:36.864443+00:00
Eredivisie 2026/2027,Sparta Rotterdam - PEC Zwolle,2026-09-04T18:00:00+00:00,finished,5,2-2,Sparta Rotterdam,Lushendry Edward Martes,D,90,6.4,61,0,0,0.2424,0.278069,1,1,1,44,38,3,1,0,0,0,0,4,3,0,1,3,2,1,0,5,0,0,6,1,1,0,0,0,2,0,2026-09-05T05:01:36.864206+00:00
Eredivisie 2026/2027,Sparta Rotterdam - PEC Zwolle,2026-09-04T18:00:00+00:00,finished,5,2-2,Sparta Rotterdam,Marvin Young,D,90,7.3,95,0,0,0.2572,0.0155961,1,0,0,81,74,12,7,0,0,0,0,3,1,1,1,2,1,8,1,4,0,0,7,0,0,0,0,0,2,0,2026-09-05T05:01:36.864216+00:00
Eredivisie 2026/2027,Sparta Rotterdam - PEC Zwolle,2026-09-04T18:00:00+00:00,finished,5,2-2,Sparta Rotterdam,Michael Brouwer,G,90,6.4,49,0,0,,0.00068279,0,0,0,39,24,20,5,0,0,0,0,0,0,0,0,0,0,1,0,6,0,0,15,0,0,0,0,4,2,0,2026-09-05T05:01:36.864240+00:00
Eredivisie 2026/2027,Sparta Rotterdam - PEC Zwolle,2026-09-04T18:00:00+00:00,finished,5,2-2,Sparta Rotterdam,Milan Zonneveld,F,86,7.9,39,1,1,0.8183,0.140038,5,3,2,23,14,1,1,0,0,1,0,7,9,6,6,0,0,2,0,4,1,1,16,1,1,0,0,0,2,0,2026-09-05T05:01:36.864247+00:00
Eredivisie 2026/2027,Sparta Rotterdam - PEC Zwolle,2026-09-04T18:00:00+00:00,finished,5,2-2,Sparta Rotterdam,Mitchell Van Bergen,M,90,8.1,51,0,0,0.1133,0.994619,4,3,4,29,23,1,0,8,0,2,2,3,2,0,0,0,0,1,0,2,1,2,17,1,0,0,0,0,2,0,2026-09-05T05:01:36.864225+00:00
Eredivisie 2026/2027,Sparta Rotterdam - PEC Zwolle,2026-09-04T18:00:00+00:00,finished,5,2-2,PEC Zwolle,Nick Fichtinger,M,0,,0,0,0,,,0,0,0,0,0,0,0,0,0,0,0,0,0,0,0,0,0,0,0,0,0,0,0,0,0,0,0,0,0,0,2026-09-05T05:01:36.864562+00:00
Eredivisie 2026/2027,Sparta Rotterdam - PEC Zwolle,2026-09-04T18:00:00+00:00,finished,5,2-2,Sparta Rotterdam,Nick Verschuren,D,4,,5,0,0,,7.22e-06,0,0,0,3,3,0,0,0,0,0,0,1,1,1,1,0,0,2,0,0,0,0,0,0,0,0,0,0,0,0,2026-09-05T05:01:36.864314+00:00
Eredivisie 2026/2027,Sparta Rotterdam - PEC Zwolle,2026-09-04T18:00:00+00:00,finished,5,2-2,PEC Zwolle,Nick Viergever,D,90,7.4,56,0,0,0.0819,0.00353359,1,0,0,40,35,4,2,1,0,0,0,3,4,2,3,1,1,5,0,0,0,0,7,0,1,0,0,0,2,0,2026-09-05T05:01:36.864420+00:00
Eredivisie 2026/2027,Sparta Rotterdam - PEC Zwolle,2026-09-04T18:00:00+00:00,finished,5,2-2,PEC Zwolle,Odysseus Velanas,M,27,6.6,10,0,0,,0.00821162,0,0,0,7,6,0,0,0,0,0,0,1,1,1,1,0,0,1,0,1,0,0,2,0,0,0,0,0,1,0,2026-09-05T05:01:36.864514+00:00
Eredivisie 2026/2027,Sparta Rotterdam - PEC Zwolle,2026-09-04T18:00:00+00:00,finished,5,2-2,PEC Zwolle,Olivier Aertssen,D,90,6.9,64,0,0,,0.018246,0,0,0,38,27,4,0,1,1,0,0,6,3,2,0,2,2,8,1,4,0,1,16,2,0,0,0,0,2,0,2026-09-05T05:01:36.864402+00:00
Eredivisie 2026/2027,Sparta Rotterdam - PEC Zwolle,2026-09-04T18:00:00+00:00,finished,5,2-2,Sparta Rotterdam,Pascal Kuiper,G,0,,0,0,0,,,0,0,0,0,0,0,0,0,0,0,0,0,0,0,0,0,0,0,0,0,0,0,0,0,0,0,0,0,0,0,2026-09-05T05:01:36.864332+00:00
Eredivisie 2026/2027,Sparta Rotterdam - PEC Zwolle,2026-09-04T18:00:00+00:00,finished,5,2-2,PEC Zwolle,Ryan Thomas,M,90,6.6,69,0,0,0.0331,0.0473249,1,1,1,51,40,4,1,3,0,1,1,6,1,4,1,1,0,4,3,3,0,0,14,0,0,0,0,0,2,0,2026-09-05T05:01:36.864386+00:00
Eredivisie 2026/2027,Sparta Rotterdam - PEC Zwolle,2026-09-04T18:00:00+00:00,finished,5,2-2,PEC Zwolle,Sherel Constancio Floranus,D,75,6.4,46,0,0,,0.00919937,0,0,0,33,27,5,3,0,0,0,0,4,3,1,1,3,2,3,0,0,0,0,10,0,2,1,0,0,2,0,2026-09-05T05:01:36.864488+00:00
Eredivisie 2026/2027,Sparta Rotterdam - PEC Zwolle,2026-09-04T18:00:00+00:00,finished,5,2-2,Sparta Rotterdam,Shunsuke Mito,M,90,6.7,42,0,0,0.2863,0.139684,5,0,2,27,24,0,0,0,0,1,1,5,6,0,3,1,0,1,0,3,4,1,6,3,1,0,0,0,2,0,2026-09-05T05:01:36.864232+00:00
Eredivisie 2026/2027,Sparta Rotterdam - PEC Zwolle,2026-09-04T18:00:00+00:00,finished,5,2-2,PEC Zwolle,Simon Graves,D,90,7.4,67,0,0,0.1591,0.0176477,2,0,0,45,38,7,2,0,0,0,0,7,1,5,1,2,1,9,0,6,1,0,7,0,0,0,0,0,2,0,2026-09-05T05:01:36.864410+00:00
Eredivisie 2026/2027,Sparta Rotterdam - PEC Zwolle,2026-09-04T18:00:00+00:00,finished,5,2-2,Sparta Rotterdam,Teo Quintero,D,0,,0,0,0,,,0,0,0,0,0,0,0,0,0,0,0,0,0,0,0,0,0,0,0,0,0,0,0,0,0,0,0,0,0,0,2026-09-05T05:01:36.864347+00:00
Eredivisie 2026/2027,Sparta Rotterdam - PEC Zwolle,2026-09-04T18:00:00+00:00,finished,5,2-2,PEC Zwolle,Thijs Oosting,M,63,6.5,20,0,0,0.0231,0.00587475,1,1,0,13,12,1,1,1,0,0,0,1,3,0,0,0,0,1,2,2,0,0,2,1,2,0,0,0,1,0,2026-09-05T05:01:36.864503+00:00
Eredivisie 2026/2027,Sparta Rotterdam - PEC Zwolle,2026-09-04T18:00:00+00:00,finished,5,2-2,PEC Zwolle,Tijs Velthuis,D,0,,0,0,0,,,0,0,0,0,0,0,0,0,0,0,0,0,0,0,0,0,0,0,0,0,0,0,0,0,0,0,0,0,0,0,2026-09-05T05:01:36.864577+00:00
Eredivisie 2026/2027,Sparta Rotterdam - PEC Zwolle,2026-09-04T18:00:00+00:00,finished,5,2-2,PEC Zwolle,Tobias Sommer,M,88,7.2,58,0,1,0.2782,0.230389,1,1,4,35,27,2,1,8,5,2,1,4,4,1,1,1,0,2,1,3,0,0,14,1,2,1,0,0,2,0,2026-09-05T05:01:36.864456+00:00
Eredivisie 2026/2027,Sparta Rotterdam - PEC Zwolle,2026-09-04T18:00:00+00:00,finished,5,2-2,PEC Zwolle,Tom de Graaff,G,0,,0,0,0,,,0,0,0,0,0,0,0,0,0,0,0,0,0,0,0,0,0,0,0,0,0,0,0,0,0,0,0,0,0,0,2026-09-05T05:01:36.864547+00:00
Eredivisie 2026/2027,NEC Nijmegen - Feyenoord,2026-09-05T14:30:00+00:00,finished,5,1-3,Feyenoord,,,31,7.6,12,1,0,0.0622,0.0159597,2,2,0,6,3,0,0,0,0,0,0,0,0,0,0,0,0,1,0,1,0,0,5,0,0,0,0,0,0,0,2026-09-06T05:01:30.804763+00:00
Eredivisie 2026/2027,NEC Nijmegen - Feyenoord,2026-09-05T14:30:00+00:00,finished,5,1-3,NEC Nijmegen,Adam Tahaui,M,10,6.4,15,0,0,0.0088,0.0393914,1,0,0,9,8,0,0,2,0,3,0,0,3,0,0,0,0,0,0,2,0,0,6,0,0,0,0,0,0,0,2026-09-06T05:01:30.804948+00:00
Eredivisie 2026/2027,NEC Nijmegen - Feyenoord,2026-09-05T14:30:00+00:00,finished,5,1-3,NEC Nijmegen,Almugera Kabar,D,72,5.6,71,0,0,,0.0140057,0,0,0,45,36,4,0,1,0,0,0,4,1,0,0,3,3,3,4,4,0,1,16,1,0,0,0,0,3,0,2026-09-06T05:01:30.804908+00:00
Eredivisie 2026/2027,NEC Nijmegen - Feyenoord,2026-09-05T14:30:00+00:00,finished,5,1-3,NEC Nijmegen,Ayodele Thomas,M,18,7.1,25,0,0,0.0699,0.468326,1,0,4,17,15,0,0,3,2,1,0,0,2,0,0,0,0,0,0,2,0,1,6,0,0,0,0,0,0,0,2026-09-06T05:01:30.804928+00:00
Eredivisie 2026/2027,NEC Nijmegen - Feyenoord,2026-09-05T14:30:00+00:00,finished,5,1-3,NEC Nijmegen,Bram Nuytinck,D,80,5.6,61,0,0,,0.00452103,0,0,0,51,43,5,0,0,0,0,0,2,6,1,3,0,0,5,3,1,0,0,8,1,2,0,0,0,3,0,2026-09-06T05:01:30.804901+00:00
Eredivisie 2026/2027,NEC Nijmegen - Feyenoord,2026-09-05T14:30:00+00:00,finished,5,1-3,NEC Nijmegen,Bryan Linssen,F,90,6.5,30,0,0,,0.0407939,0,0,1,17,15,0,0,2,0,2,1,4,6,0,3,1,0,0,1,1,0,0,9,2,3,0,0,0,3,0,2026-09-06T05:01:30.804848+00:00
Eredivisie 2026/2027,NEC Nijmegen - Feyenoord,2026-09-05T14:30:00+00:00,finished,5,1-3,Feyenoord,Charles Vanhoutte,M,90,6.7,47,0,0,,0.0949162,0,0,1,33,26,3,1,3,1,1,0,4,3,1,0,2,0,3,1,4,0,0,11,1,1,0,0,0,1,0,2026-09-06T05:01:30.804692+00:00
Eredivisie 2026/2027,NEC Nijmegen - Feyenoord,2026-09-05T14:30:00+00:00,finished,5,1-3,NEC Nijmegen,Clement Bischoff,F,72,6.3,34,0,0,,0.015383,0,0,0,16,10,4,1,4,0,0,0,4,6,1,0,1,0,0,1,5,0,5,17,2,0,0,0,0,3,0,2026-09-06T05:01:30.804922+00:00
Eredivisie 2026/2027,NEC Nijmegen - Feyenoord,2026-09-05T14:30:00+00:00,finished,5,1-3,NEC Nijmegen,Darko Nejašmić,M,90,9.0,77,1,0,0.054,0.150425,2,1,0,62,51,5,0,1,0,0,0,5,3,2,0,2,1,1,1,6,0,1,16,1,0,0,0,0,3,0,2026-09-06T05:01:30.804872+00:00
Eredivisie 2026/2027,NEC Nijmegen - Feyenoord,2026-09-05T14:30:00+00:00,finished,5,1-3,NEC Nijmegen,Dennis Geiger,M,18,6.6,22,0,0,0.0712,0.181401,1,0,0,20,17,0,0,0,0,0,0,0,1,0,1,0,0,0,0,0,0,0,3,0,0,0,0,0,0,0,2026-09-06T05:01:30.804941+00:00
Eredivisie 2026/2027,NEC Nijmegen - Feyenoord,2026-09-05T14:30:00+00:00,finished,5,1-3,NEC Nijmegen,Dušan Tadić,F,80,6.5,31,0,0,,0.0347406,0,0,0,19,17,2,1,6,0,2,1,2,2,0,1,0,0,1,1,4,0,0,9,1,0,0,0,0,3,0,2026-09-06T05:01:30.804889+00:00
Eredivisie 2026/2027,NEC Nijmegen - Feyenoord,2026-09-05T14:30:00+00:00,finished,5,1-3,Feyenoord,Florian Kastenmeier,G,0,,0,0,0,,,0,0,0,0,0,0,0,0,0,0,0,0,0,0,0,0,0,0,0,0,0,0,0,0,0,0,0,0,0,0,2026-09-06T05:01:30.804802+00:00
Eredivisie 2026/2027,NEC Nijmegen - Feyenoord,2026-09-05T14:30:00+00:00,finished,5,1-3,NEC Nijmegen,Gabriel Brás,D,18,7.2,38,0,0,,0.0277146,0,0,0,29,27,1,1,1,0,0,0,3,0,0,0,2,2,0,0,1,0,0,5,1,0,0,0,0,0,0,2026-09-06T05:01:30.804934+00:00
Eredivisie 2026/2027,NEC Nijmegen - Feyenoord,2026-09-05T14:30:00+00:00,finished,5,1-3,Feyenoord,Gaoussou Diarra,M,59,6.3,30,0,0,0.1404,0.0728186,3,0,0,15,12,2,1,1,0,2,0,2,8,1,1,1,1,0,0,2,1,2,9,0,2,0,0,0,1,0,2026-09-06T05:01:30.804743+00:00
Eredivisie 2026/2027,NEC Nijmegen - Feyenoord,2026-09-05T14:30:00+00:00,finished,5,1-3,Feyenoord,Givairo Read,D,80,6.7,45,0,0,,0.0180832,0,0,0,23,18,0,0,0,0,3,2,7,2,0,0,4,2,4,0,3,0,0,12,1,1,0,0,0,1,0,2026-09-06T05:01:30.804730+00:00
Eredivisie 2026/2027,NEC Nijmegen - Feyenoord,2026-09-05T14:30:00+00:00,finished,5,1-3,Feyenoord,Gjivai Zechiël,M,80,8.4,59,1,2,0.165,0.169825,2,1,4,40,32,3,1,1,0,5,3,5,3,0,0,1,1,0,0,6,1,0,17,1,1,1,0,0,1,0,2026-09-06T05:01:30.804736+00:00
Eredivisie 2026/2027,NEC Nijmegen - Feyenoord,2026-09-05T14:30:00+00:00,finished,5,1-3,NEC Nijmegen,Gonzalo Crettaz,G,90,6.4,58,0,0,,0.00791045,0,0,0,50,39,18,7,0,0,0,0,1,0,0,0,1,1,1,0,8,0,0,11,0,0,0,0,2,3,0,2026-09-06T05:01:30.804834+00:00
Eredivisie 2026/2027,NEC Nijmegen - Feyenoord,2026-09-05T14:30:00+00:00,finished,5,1-3,Feyenoord,Gonçalo Borges,M,0,,0,0,0,,,0,0,0,0,0,0,0,0,0,0,0,0,0,0,0,0,0,0,0,0,0,0,0,0,0,0,0,0,0,0,2026-09-06T05:01:30.804821+00:00
Eredivisie 2026/2027,NEC Nijmegen - Feyenoord,2026-09-05T14:30:00+00:00,finished,5,1-3,NEC Nijmegen,Isak Hansen Aarøen,M,0,,0,0,0,,,0,0,0,0,0,0,0,0,0,0,0,0,0,0,0,0,0,0,0,0,0,0,0,0,0,0,0,0,0,0,2026-09-06T05:01:30.804973+00:00
Eredivisie 2026/2027,NEC Nijmegen - Feyenoord,2026-09-05T14:30:00+00:00,finished,5,1-3,NEC Nijmegen,Jamiro Monteiro,M,0,,0,0,0,,,0,0,0,0,0,0,0,0,0,0,0,0,0,0,0,0,0,0,0,0,0,0,0,0,0,0,0,0,0,0,2026-09-06T05:01:30.804967+00:00
Eredivisie 2026/2027,NEC Nijmegen - Feyenoord,2026-09-05T14:30:00+00:00,finished,5,1-3,Feyenoord,Javi López,D,0,,0,0,0,,,0,0,0,0,0,0,0,0,0,0,0,0,0,0,0,0,0,0,0,0,0,0,0,0,0,0,0,0,0,0,2026-09-06T05:01:30.804796+00:00
Eredivisie 2026/2027,NEC Nijmegen - Feyenoord,2026-09-05T14:30:00+00:00,finished,5,1-3,Feyenoord,Jeremiah St Juste,D,90,7.3,44,0,0,,0.00624471,0,0,0,25,21,4,0,0,0,0,0,7,3,4,1,1,1,9,1,2,0,0,5,2,2,0,0,0,1,0,2026-09-06T05:01:30.804640+00:00
Eredivisie 2026/2027,NEC Nijmegen - Feyenoord,2026-09-05T14:30:00+00:00,finished,5,1-3,Feyenoord,Jivayno Zinhagel,F,0,,0,0,0,,,0,0,0,0,0,0,0,0,0,0,0,0,0,0,0,0,0,0,0,0,0,0,0,0,0,0,0,0,0,0,2026-09-06T05:01:30.804789+00:00
Eredivisie 2026/2027,NEC Nijmegen - Feyenoord,2026-09-05T14:30:00+00:00,finished,5,1-3,NEC Nijmegen,Joep Geneste,G,0,,0,0,0,,,0,0,0,0,0,0,0,0,0,0,0,0,0,0,0,0,0,0,0,0,0,0,0,0,0,0,0,0,0,0,2026-09-06T05:01:30.804991+00:00
Eredivisie 2026/2027,NEC Nijmegen - Feyenoord,2026-09-05T14:30:00+00:00,finished,5,1-3,NEC Nijmegen,Kaj Sierhuis,F,72,6.6,25,0,0,0.0836,0.0840357,3,1,1,12,7,1,1,0,0,0,0,5,6,2,3,1,1,1,0,5,1,2,10,2,1,0,0,0,3,0,2026-09-06T05:01:30.804914+00:00
Eredivisie 2026/2027,NEC Nijmegen - Feyenoord,2026-09-05T14:30:00+00:00,finished,5,1-3,NEC Nijmegen,Kevin Kers,F,0,,0,0,0,,,0,0,0,0,0,0,0,0,0,0,0,0,0,0,0,0,0,0,0,0,0,0,0,0,0,0,0,0,0,0,2026-09-06T05:01:30.804985+00:00
Eredivisie 2026/2027,NEC Nijmegen - Feyenoord,2026-09-05T14:30:00+00:00,finished,5,1-3,Feyenoord,Liam Bossin,G,0,,0,0,0,,,0,0,0,0,0,0,0,0,0,0,0,0,0,0,0,0,0,0,0,0,0,0,0,0,0,0,0,0,0,0,2026-09-06T05:01:30.804808+00:00
Eredivisie 2026/2027,NEC Nijmegen - Feyenoord,2026-09-05T14:30:00+00:00,finished,5,1-3,Feyenoord,Luciano Valente,M,90,8.2,49,1,0,0.5885,0.380368,2,2,1,34,27,0,0,1,0,2,1,2,2,0,1,0,0,0,1,4,0,0,13,1,0,0,0,0,1,0,2026-09-06T05:01:30.804716+00:00
Eredivisie 2026/2027,NEC Nijmegen - Feyenoord,2026-09-05T14:30:00+00:00,finished,5,1-3,Feyenoord,Mats Deijl,D,10,6.7,1,0,0,,,0,0,0,0,0,0,0,0,0,0,0,0,0,0,0,0,0,1,0,0,0,0,0,0,0,0,0,0,0,0,2026-09-06T05:01:30.804770+00:00
Eredivisie 2026/2027,NEC Nijmegen - Feyenoord,2026-09-05T14:30:00+00:00,finished,5,1-3,Feyenoord,Mika Mármol,D,90,7.0,66,0,0,0.102,0.0195996,1,0,0,32,25,5,3,2,0,2,1,4,5,0,0,3,1,4,2,6,0,1,20,0,2,0,0,0,1,0,2026-09-06T05:01:30.804707+00:00
Eredivisie 2026/2027,NEC Nijmegen - Feyenoord,2026-09-05T14:30:00+00:00,finished,5,1-3,Feyenoord,Nacho Ferri,F,59,7.3,36,0,1,0.0547,0.662068,1,1,2,18,13,0,0,0,0,1,0,6,2,2,1,2,2,3,0,1,0,0,11,2,0,0,0,0,1,0,2026-09-06T05:01:30.804750+00:00
Eredivisie 2026/2027,NEC Nijmegen - Feyenoord,2026-09-05T14:30:00+00:00,finished,5,1-3,NEC Nijmegen,Nikolas Polster,G,0,,0,0,0,,,0,0,0,0,0,0,0,0,0,0,0,0,0,0,0,0,0,0,0,0,0,0,0,0,0,0,0,0,0,0,2026-09-06T05:01:30.804961+00:00
Eredivisie 2026/2027,NEC Nijmegen - Feyenoord,2026-09-05T14:30:00+00:00,finished,5,1-3,NEC Nijmegen,Noé Lebreton,F,90,6.6,58,0,0,0.1251,0.0111378,2,0,1,34,29,2,1,2,0,1,1,7,6,1,1,1,0,1,2,4,0,1,12,4,1,1,0,0,3,0,2026-09-06T05:01:30.804860+00:00
Eredivisie 2026/2027,NEC Nijmegen - Feyenoord,2026-09-05T14:30:00+00:00,finished,5,1-3,Feyenoord,Oussama Targhalline,M,85,6.8,54,0,0,,0.0507662,0,0,0,35,28,2,1,0,0,2,1,6,7,1,3,4,1,3,2,5,0,1,12,0,1,1,0,0,1,0,2026-09-06T05:01:30.804723+00:00
Eredivisie 2026/2027,NEC Nijmegen - Feyenoord,2026-09-05T14:30:00+00:00,finished,5,1-3,NEC Nijmegen,Perr Schuurs,D,10,6.8,20,0,0,,0.014722,0,0,0,19,18,0,0,0,0,0,0,0,0,0,0,0,0,0,0,0,0,0,1,0,0,0,0,0,0,0,2026-09-06T05:01:30.804955+00:00
Eredivisie 2026/2027,NEC Nijmegen - Feyenoord,2026-09-05T14:30:00+00:00,finished,5,1-3,Feyenoord,Sem Steijn,M,0,,0,0,0,,,0,0,0,0,0,0,0,0,0,0,0,0,0,0,0,0,0,0,0,0,0,0,0,0,0,0,0,0,0,0,2026-09-06T05:01:30.804827+00:00
Eredivisie 2026/2027,NEC Nijmegen - Feyenoord,2026-09-05T14:30:00+00:00,finished,5,1-3,Feyenoord,Shaqueel van Persie,F,31,6.6,6,0,0,,0.00101253,0,0,2,4,4,0,0,0,0,0,0,2,2,2,1,0,0,1,0,1,0,0,0,0,1,0,0,0,0,0,2026-09-06T05:01:30.804757+00:00
Eredivisie 2026/2027,NEC Nijmegen - Feyenoord,2026-09-05T14:30:00+00:00,finished,5,1-3,Feyenoord,Thijs Kraaijeveld,M,9,6.6,1,0,0,,,0,0,0,0,0,0,0,0,0,0,0,0,0,0,0,0,0,1,0,0,0,0,0,0,0,0,0,0,0,0,2026-09-06T05:01:30.804783+00:00
Eredivisie 2026/2027,NEC Nijmegen - Feyenoord,2026-09-05T14:30:00+00:00,finished,5,1-3,Feyenoord,Tijme Wessels,D,0,,0,0,0,,,0,0,0,0,0,0,0,0,0,0,0,0,0,0,0,0,0,0,0,0,0,0,0,0,0,0,0,0,0,0,2026-09-06T05:01:30.804814+00:00
Eredivisie 2026/2027,NEC Nijmegen - Feyenoord,2026-09-05T14:30:00+00:00,finished,5,1-3,Feyenoord,Tjark Ernst,G,90,6.7,54,0,0,,0.00234794,0,0,0,34,17,27,10,0,0,0,0,3,0,2,0,1,0,4,0,15,0,0,21,0,0,0,0,1,1,3,2026-09-06T05:01:30.804673+00:00
Eredivisie 2026/2027,NEC Nijmegen - Feyenoord,2026-09-05T14:30:00+00:00,finished,5,1-3,NEC Nijmegen,Tjaronn Chery,F,90,6.5,50,0,0,0.3232,0.0772507,2,0,0,39,30,4,2,2,0,1,1,1,5,0,0,0,0,1,0,4,2,3,15,0,1,0,0,0,3,0,2026-09-06T05:01:30.804854+00:00
Eredivisie 2026/2027,NEC Nijmegen - Feyenoord,2026-09-05T14:30:00+00:00,finished,5,1-3,NEC Nijmegen,Tobias Storm,D,90,6.6,102,0,0,,0.0321703,0,0,0,85,71,7,1,2,1,0,0,6,2,3,1,3,3,2,2,5,0,0,15,0,1,0,0,0,3,0,2026-09-06T05:01:30.804841+00:00
Eredivisie 2026/2027,NEC Nijmegen - Feyenoord,2026-09-05T14:30:00+00:00,finished,5,1-3,Feyenoord,Tobias van den Elshout,M,10,6.3,4,0,0,,0.00029692,0,0,0,2,2,0,0,0,0,0,0,1,5,0,1,1,1,0,0,0,0,0,0,0,4,0,0,0,0,0,2026-09-06T05:01:30.804777+00:00
Eredivisie 2026/2027,NEC Nijmegen - Feyenoord,2026-09-05T14:30:00+00:00,finished,5,1-3,Feyenoord,Tsuyoshi Watanabe,D,90,6.6,33,0,0,,0.00258787,0,0,0,20,17,4,2,0,0,0,0,1,0,1,0,0,0,8,2,0,0,0,3,0,0,0,0,0,1,0,2026-09-06T05:01:30.804682+00:00
Eredivisie 2026/2027,NEC Nijmegen - Feyenoord,2026-09-05T14:30:00+00:00,finished,5,1-3,NEC Nijmegen,Willum Thor Willumsson,M,0,,0,0,0,,,0,0,0,0,0,0,0,0,0,0,0,0,0,0,0,0,0,0,0,0,0,0,0,0,0,0,0,0,0,0,2026-09-06T05:01:30.804979+00:00
Eredivisie 2026/2027,AFC Ajax - PSV Eindhoven,2026-09-05T18:00:00+00:00,finished,5,1-3,PSV Eindhoven,,,0,,0,0,0,,,0,0,0,0,0,0,0,0,0,0,0,0,0,0,0,0,0,0,0,0,0,0,0,0,0,0,0,0,0,0,2026-09-06T05:01:30.925377+00:00
Eredivisie 2026/2027,AFC Ajax - PSV Eindhoven,2026-09-05T18:00:00+00:00,finished,5,1-3,PSV Eindhoven,,,0,,0,0,0,,,0,0,0,0,0,0,0,0,0,0,0,0,0,0,0,0,0,0,0,0,0,0,0,0,0,0,0,0,0,0,2026-09-06T05:01:30.925381+00:00
Eredivisie 2026/2027,AFC Ajax - PSV Eindhoven,2026-09-05T18:00:00+00:00,finished,5,1-3,PSV Eindhoven,,,0,,0,0,0,,,0,0,0,0,0,0,0,0,0,0,0,0,0,0,0,0,0,0,0,0,0,0,0,0,0,0,0,0,0,0,2026-09-06T05:01:30.925385+00:00
Eredivisie 2026/2027,AFC Ajax - PSV Eindhoven,2026-09-05T18:00:00+00:00,finished,5,1-3,AFC Ajax,,,14,6.3,16,0,0,,0.00510598,0,0,0,16,15,0,0,0,0,0,0,0,1,0,1,0,0,0,0,1,0,0,1,0,0,0,0,0,1,0,2026-09-06T05:01:30.925458+00:00
Eredivisie 2026/2027,AFC Ajax - PSV Eindhoven,2026-09-05T18:00:00+00:00,finished,5,1-3,AFC Ajax,Aaron Bouwman,D,84,6.9,62,0,0,,0.124472,0,0,1,54,49,2,0,1,1,1,1,4,1,1,0,1,1,3,1,6,0,0,5,1,0,0,0,0,2,0,2026-09-06T05:01:30.925412+00:00
Eredivisie 2026/2027,AFC Ajax - PSV Eindhoven,2026-09-05T18:00:00+00:00,finished,5,1-3,AFC Ajax,Abdellah Ouazane,M,17,6.7,12,0,0,0.2197,0.0461934,3,1,0,7,6,0,0,0,0,0,0,1,1,0,0,1,1,0,0,2,1,1,2,0,0,0,0,0,1,0,2026-09-06T05:01:30.925454+00:00
Eredivisie 2026/2027,AFC Ajax - PSV Eindhoven,2026-09-05T18:00:00+00:00,finished,5,1-3,AFC Ajax,Anton Gaaei,D,90,6.3,59,0,0,0.139,0.0551579,1,0,0,30,24,1,0,3,1,2,2,11,7,4,5,5,5,0,1,3,1,0,11,0,2,1,0,0,3,0,2026-09-06T05:01:30.925399+00:00
Eredivisie 2026/2027,AFC Ajax - PSV Eindhoven,2026-09-05T18:00:00+00:00,finished,5,1-3,PSV Eindhoven,Armando Obispo,D,88,7.5,40,0,0,,0.0198836,0,0,0,30,29,3,3,0,0,1,1,9,3,3,1,5,2,2,1,2,0,0,1,0,2,0,0,0,1,0,2026-09-06T05:01:30.925319+00:00
Eredivisie 2026/2027,AFC Ajax - PSV Eindhoven,2026-09-05T18:00:00+00:00,finished,5,1-3,AFC Ajax,Caio Henrique,D,90,6.1,67,0,0,0.0453,0.0736368,1,0,0,47,39,6,4,2,1,0,0,3,5,1,0,2,1,0,3,8,0,2,12,0,0,0,0,0,3,0,2026-09-06T05:01:30.925403+00:00
Eredivisie 2026/2027,AFC Ajax - PSV Eindhoven,2026-09-05T18:00:00+00:00,finished,5,1-3,AFC Ajax,Davy Klaassen,M,54,6.2,27,0,0,0.2875,0.0859327,1,0,1,17,11,0,0,0,0,2,0,3,4,1,0,1,0,1,1,0,0,2,10,1,0,1,0,0,2,0,2026-09-06T05:01:30.925433+00:00
Eredivisie 2026/2027,AFC Ajax - PSV Eindhoven,2026-09-05T18:00:00+00:00,finished,5,1-3,AFC Ajax,Dies Janse,D,0,,0,0,0,,,0,0,0,0,0,0,0,0,0,0,0,0,0,0,0,0,0,0,0,0,0,0,0,0,0,0,0,0,0,0,2026-09-06T05:01:30.925462+00:00
Eredivisie 2026/2027,AFC Ajax - PSV Eindhoven,2026-09-05T18:00:00+00:00,finished,5,1-3,PSV Eindhoven,Esmir Bajraktarević,F,27,7.2,19,1,0,0.125,0.0324356,1,1,0,10,8,2,1,0,0,3,1,1,5,0,1,0,0,0,0,1,0,1,6,0,0,0,0,0,0,0,2026-09-06T05:01:30.925350+00:00
Eredivisie 2026/2027,AFC Ajax - PSV Eindhoven,2026-09-05T18:00:00+00:00,finished,5,1-3,PSV Eindhoven,Filip Kostić,M,17,6.3,10,0,0,,0.00107293,0,0,0,5,4,1,0,0,0,0,0,0,2,0,0,0,0,0,0,2,0,1,4,0,1,1,0,0,0,0,2026-09-06T05:01:30.925359+00:00
Eredivisie 2026/2027,AFC Ajax - PSV Eindhoven,2026-09-05T18:00:00+00:00,finished,5,1-3,PSV Eindhoven,Guus Til,M,90,6.7,39,0,0,0.0344,0.684589,1,0,3,24,20,1,0,3,1,3,1,4,4,0,1,2,1,0,0,3,0,0,11,1,1,0,0,0,1,0,2026-09-06T05:01:30.925270+00:00
Eredivisie 2026/2027,AFC Ajax - PSV Eindhoven,2026-09-05T18:00:00+00:00,finished,5,1-3,PSV Eindhoven,Ivan Perišić,M,63,7.0,50,0,0,0.0958,0.0373581,1,0,0,38,32,4,2,1,0,1,1,3,2,0,1,2,0,1,0,5,0,0,8,0,0,1,0,0,1,0,2026-09-06T05:01:30.925338+00:00
Eredivisie 2026/2027,AFC Ajax - PSV Eindhoven,2026-09-05T18:00:00+00:00,finished,5,1-3,AFC Ajax,Jofre Torrents ,D,0,,0,0,0,,,0,0,0,0,0,0,0,0,0,0,0,0,0,0,0,0,0,0,0,0,0,0,0,0,0,0,0,0,0,0,2026-09-06T05:01:30.925470+00:00
Eredivisie 2026/2027,AFC Ajax - PSV Eindhoven,2026-09-05T18:00:00+00:00,finished,5,1-3,AFC Ajax,Jorthy Mokio,M,73,7.2,43,0,0,0.0275,0.203271,1,1,2,28,25,1,1,0,0,1,1,6,5,1,0,3,2,1,3,4,0,1,6,1,1,0,0,0,2,0,2026-09-06T05:01:30.925416+00:00
Eredivisie 2026/2027,AFC Ajax - PSV Eindhoven,2026-09-05T18:00:00+00:00,finished,5,1-3,AFC Ajax,Julian Brandt,F,90,7.1,67,0,0,0.2129,0.11112,4,1,3,50,42,3,2,2,0,2,1,3,5,0,0,0,0,1,0,4,2,2,13,2,1,0,0,0,3,0,2026-09-06T05:01:30.925408+00:00
Eredivisie 2026/2027,AFC Ajax - PSV Eindhoven,2026-09-05T18:00:00+00:00,finished,5,1-3,AFC Ajax,Kasper Dolberg,F,29,6.7,10,0,0,,0.00105889,0,0,1,5,3,0,0,0,0,1,0,3,2,1,0,2,2,0,0,1,0,1,5,0,0,0,0,0,1,0,2026-09-06T05:01:30.925445+00:00
Eredivisie 2026/2027,AFC Ajax - PSV Eindhoven,2026-09-05T18:00:00+00:00,finished,5,1-3,PSV Eindhoven,Kodai Sano,M,90,6.3,65,0,0,0.6732,0.142151,1,1,1,46,43,4,3,1,0,6,4,5,8,0,1,1,1,1,3,5,0,3,10,0,2,1,0,0,1,0,2026-09-06T05:01:30.925315+00:00
Eredivisie 2026/2027,AFC Ajax - PSV Eindhoven,2026-09-05T18:00:00+00:00,finished,5,1-3,AFC Ajax,Lucas Rosa,D,0,,0,0,0,,,0,0,0,0,0,0,0,0,0,0,0,0,0,0,0,0,0,0,0,0,0,0,0,0,0,0,0,0,0,0,2026-09-06T05:01:30.925474+00:00
Eredivisie 2026/2027,AFC Ajax - PSV Eindhoven,2026-09-05T18:00:00+00:00,finished,5,1-3,PSV Eindhoven,Lutsharel Geertruida,D,73,7.9,80,1,0,0.0416,0.0117966,1,1,0,73,70,5,3,0,0,0,0,3,0,0,0,2,2,0,2,6,0,0,3,1,0,1,0,0,1,0,2026-09-06T05:01:30.925329+00:00
Eredivisie 2026/2027,AFC Ajax - PSV Eindhoven,2026-09-05T18:00:00+00:00,finished,5,1-3,AFC Ajax,Maarten Paes,G,0,,0,0,0,,,0,0,0,0,0,0,0,0,0,0,0,0,0,0,0,0,0,0,0,0,0,0,0,0,0,0,0,0,0,0,2026-09-06T05:01:30.925478+00:00
Eredivisie 2026/2027,AFC Ajax - PSV Eindhoven,2026-09-05T18:00:00+00:00,finished,5,1-3,AFC Ajax,Marc-André Ter Stegen,G,90,7.2,63,0,0,,0.00717821,0,0,0,57,40,36,20,0,0,0,0,0,0,0,0,0,0,0,0,10,0,0,17,0,0,0,0,2,3,0,2026-09-06T05:01:30.925395+00:00
Eredivisie 2026/2027,AFC Ajax - PSV Eindhoven,2026-09-05T18:00:00+00:00,finished,5,1-3,AFC Ajax,Marcos Leonardo,F,36,6.3,15,0,0,,0.00257414,0,0,0,7,6,0,0,0,0,0,0,2,3,0,1,0,0,0,1,1,0,1,5,2,0,0,0,0,1,0,2026-09-06T05:01:30.925437+00:00
Eredivisie 2026/2027,AFC Ajax - PSV Eindhoven,2026-09-05T18:00:00+00:00,finished,5,1-3,PSV Eindhoven,Matěj Kovář,G,90,7.5,65,0,0,,0.00202353,0,0,0,43,25,27,10,0,0,0,0,0,0,0,0,0,0,2,0,16,0,0,18,0,0,0,0,5,1,0,2026-09-06T05:01:30.925306+00:00
Eredivisie 2026/2027,AFC Ajax - PSV Eindhoven,2026-09-05T18:00:00+00:00,finished,5,1-3,PSV Eindhoven,Mauro Júnior,D,73,6.9,55,0,0,,0.0494051,0,0,1,42,39,2,2,4,1,0,0,5,1,1,0,3,2,0,0,7,0,1,8,1,0,0,0,0,1,0,2026-09-06T05:01:30.925324+00:00
Eredivisie 2026/2027,AFC Ajax - PSV Eindhoven,2026-09-05T18:00:00+00:00,finished,5,1-3,PSV Eindhoven,Nick Olij,G,0,,0,0,0,,,0,0,0,0,0,0,0,0,0,0,0,0,0,0,0,0,0,0,0,0,0,0,0,0,0,0,0,0,0,0,2026-09-06T05:01:30.925372+00:00
Eredivisie 2026/2027,AFC Ajax - PSV Eindhoven,2026-09-05T18:00:00+00:00,finished,5,1-3,PSV Eindhoven,Noah Fernandez,M,45,6.2,26,0,0,0.2679,0.0126328,2,0,0,18,15,1,0,0,0,0,0,0,2,0,0,0,0,0,1,2,1,1,7,0,1,1,0,0,1,0,2026-09-06T05:01:30.925342+00:00
Eredivisie 2026/2027,AFC Ajax - PSV Eindhoven,2026-09-05T18:00:00+00:00,finished,5,1-3,AFC Ajax,Oliver Valaker Edvardsen,F,0,,0,0,0,,,0,0,0,0,0,0,0,0,0,0,0,0,0,0,0,0,0,0,0,0,0,0,0,0,0,0,0,0,0,0,2026-09-06T05:01:30.925498+00:00
Eredivisie 2026/2027,AFC Ajax - PSV Eindhoven,2026-09-05T18:00:00+00:00,finished,5,1-3,AFC Ajax,Oscar Gloukh,M,54,7.0,37,0,0,0.401,0.0216233,3,0,0,22,19,1,1,0,0,0,0,4,3,0,0,3,3,0,0,3,2,2,10,1,0,0,0,0,2,0,2026-09-06T05:01:30.925429+00:00
Eredivisie 2026/2027,AFC Ajax - PSV Eindhoven,2026-09-05T18:00:00+00:00,finished,5,1-3,AFC Ajax,Owen Wijndal,D,0,,0,0,0,,,0,0,0,0,0,0,0,0,0,0,0,0,0,0,0,0,0,0,0,0,0,0,0,0,0,0,0,0,0,0,2026-09-06T05:01:30.925466+00:00
Eredivisie 2026/2027,AFC Ajax - PSV Eindhoven,2026-09-05T18:00:00+00:00,finished,5,1-3,PSV Eindhoven,Paul Wanner,M,45,7.0,28,0,0,,0.0570743,0,0,0,18,14,1,1,0,0,0,0,7,2,1,0,5,3,0,1,4,0,1,5,1,0,0,0,0,0,0,2026-09-06T05:01:30.925346+00:00
Eredivisie 2026/2027,AFC Ajax - PSV Eindhoven,2026-09-05T18:00:00+00:00,finished,5,1-3,PSV Eindhoven,Ricardo Pepi,F,63,6.8,21,1,0,0.874,0.00396169,2,1,0,9,8,0,0,0,0,2,0,1,3,0,1,1,0,0,1,2,0,0,5,0,0,0,0,0,1,0,2026-09-06T05:01:30.925333+00:00
Eredivisie 2026/2027,AFC Ajax - PSV Eindhoven,2026-09-05T18:00:00+00:00,finished,5,1-3,PSV Eindhoven,Ruben van Bommel,F,90,7.3,43,0,1,0.1303,0.747877,1,0,1,22,15,0,0,1,1,2,1,7,12,4,4,0,0,2,2,3,0,2,13,2,2,1,0,0,1,0,2026-09-06T05:01:30.925299+00:00
Eredivisie 2026/2027,AFC Ajax - PSV Eindhoven,2026-09-05T18:00:00+00:00,finished,5,1-3,PSV Eindhoven,Ryan Flamingo,D,17,6.8,12,0,0,,0.0102789,0,0,0,5,4,1,1,0,0,0,0,1,1,1,0,0,0,2,3,2,0,0,2,0,1,0,0,0,0,0,2026-09-06T05:01:30.925363+00:00
Eredivisie 2026/2027,AFC Ajax - PSV Eindhoven,2026-09-05T18:00:00+00:00,finished,5,1-3,PSV Eindhoven,Sergiño Dest,D,90,7.3,85,0,0,0.0328,0.0777281,1,0,3,51,46,2,2,1,0,2,2,5,7,0,0,3,2,1,0,6,1,5,17,0,2,0,0,0,1,0,2026-09-06T05:01:30.925310+00:00
Eredivisie 2026/2027,AFC Ajax - PSV Eindhoven,2026-09-05T18:00:00+00:00,finished,5,1-3,AFC Ajax,Sofyan Amrabat,M,36,6.8,45,0,0,,0.0155111,0,0,0,37,32,2,1,0,0,1,1,3,1,1,0,1,1,0,1,8,0,1,6,0,0,0,0,0,1,0,2026-09-06T05:01:30.925441+00:00
Eredivisie 2026/2027,AFC Ajax - PSV Eindhoven,2026-09-05T18:00:00+00:00,finished,5,1-3,AFC Ajax,Steven Berghuis,F,61,6.8,43,0,0,0.4499,0.0288691,2,1,2,29,24,2,2,2,0,1,0,3,6,0,1,2,1,1,0,5,0,2,11,1,1,0,0,0,2,0,2026-09-06T05:01:30.925425+00:00
Eredivisie 2026/2027,AFC Ajax - PSV Eindhoven,2026-09-05T18:00:00+00:00,finished,5,1-3,PSV Eindhoven,Sven Mijnans,M,27,6.9,18,0,1,0.2744,0.0355991,2,1,1,6,6,0,0,2,0,1,0,4,3,1,1,3,2,1,0,2,0,0,4,0,1,0,0,0,0,0,2026-09-06T05:01:30.925355+00:00
Eredivisie 2026/2027,AFC Ajax - PSV Eindhoven,2026-09-05T18:00:00+00:00,finished,5,1-3,AFC Ajax,Tolu Arokodare,F,61,7.3,38,1,0,0.1393,0.0178463,1,1,1,24,18,1,1,0,0,1,1,4,7,0,3,1,1,1,1,1,0,3,11,2,1,0,0,0,2,0,2026-09-06T05:01:30.925420+00:00
Eredivisie 2026/2027,AFC Ajax - PSV Eindhoven,2026-09-05T18:00:00+00:00,finished,5,1-3,AFC Ajax,Viktor Tsygankov,M,29,6.6,27,0,0,0.0539,0.0695417,1,1,1,19,15,0,0,1,1,0,0,1,3,0,0,1,0,0,0,0,0,3,7,0,0,0,0,0,1,0,2026-09-06T05:01:30.925450+00:00
Eredivisie 2026/2027,AFC Ajax - PSV Eindhoven,2026-09-05T18:00:00+00:00,finished,5,1-3,PSV Eindhoven,Yarek Gasiorowski,D,10,6.8,5,0,0,,0.00128722,0,0,0,4,4,0,0,0,0,0,0,1,0,0,0,1,1,0,0,2,0,0,0,0,0,0,0,0,0,0,2026-09-06T05:01:30.925368+00:00
Eredivisie 2026/2027,AFC Ajax - PSV Eindhoven,2026-09-05T18:00:00+00:00,finished,5,1-3,AFC Ajax,Youri Baas,D,90,6.8,76,0,0,0.0528,0.0295395,1,0,0,64,59,2,0,0,0,1,0,4,2,1,0,2,0,1,3,6,0,1,7,1,0,1,0,0,3,0,2026-09-06T05:01:30.925390+00:00
Eredivisie 2026/2027,Willem II Tilburg - Excelsior,2026-09-05T19:00:00+00:00,finished,5,0-3,Excelsior,,,65,6.5,37,0,0,0.0543,0.00881558,1,0,1,17,10,2,1,1,0,4,0,2,5,0,0,1,1,2,1,4,0,0,14,1,1,0,0,0,0,0,2026-09-06T05:01:31.032872+00:00
Eredivisie 2026/2027,Willem II Tilburg - Excelsior,2026-09-05T19:00:00+00:00,finished,5,0-3,Willem II Tilburg,,,90,7.2,97,0,0,0.0368,0.0960669,2,0,1,67,56,8,5,7,2,2,2,6,2,1,0,0,0,5,1,6,1,1,20,3,1,0,0,0,3,0,2026-09-06T05:01:31.032984+00:00
Eredivisie 2026/2027,Willem II Tilburg - Excelsior,2026-09-05T19:00:00+00:00,finished,5,0-3,Willem II Tilburg,,,90,6.5,88,0,0,,0.0211973,0,0,0,78,68,9,5,0,0,2,1,4,4,2,2,0,0,5,0,6,0,0,11,1,0,0,0,0,3,0,2026-09-06T05:01:31.033000+00:00
Eredivisie 2026/2027,Willem II Tilburg - Excelsior,2026-09-05T19:00:00+00:00,finished,5,0-3,Willem II Tilburg,,,45,6.5,46,0,0,,0.0382372,0,0,1,41,39,2,1,2,0,0,0,0,0,0,0,0,0,1,0,3,0,0,4,0,0,0,0,0,1,0,2026-09-06T05:01:31.033040+00:00
Eredivisie 2026/2027,Willem II Tilburg - Excelsior,2026-09-05T19:00:00+00:00,finished,5,0-3,Willem II Tilburg,,,8,6.5,2,0,0,,,0,0,0,0,0,0,0,0,0,0,0,0,0,0,0,0,0,0,0,0,0,0,1,0,0,0,0,0,1,0,2026-09-06T05:01:31.033070+00:00
Eredivisie 2026/2027,Willem II Tilburg - Excelsior,2026-09-05T19:00:00+00:00,finished,5,0-3,Willem II Tilburg,Alessandro Ciranni,D,0,,0,0,0,,,0,0,0,0,0,0,0,0,0,0,0,0,0,0,0,0,0,0,0,0,0,0,0,0,0,0,0,0,0,0,2026-09-06T05:01:31.033078+00:00
Eredivisie 2026/2027,Willem II Tilburg - Excelsior,2026-09-05T19:00:00+00:00,finished,5,0-3,Willem II Tilburg,Amine Et-Taibi,D,0,,0,0,0,,,0,0,0,0,0,0,0,0,0,0,0,0,0,0,0,0,0,0,0,0,0,0,0,0,0,0,0,0,0,0,2026-09-06T05:01:31.033139+00:00
Eredivisie 2026/2027,Willem II Tilburg - Excelsior,2026-09-05T19:00:00+00:00,finished,5,0-3,Excelsior,Aymen Sliti,F,64,6.3,24,0,0,0.0237,0.0148235,1,0,1,11,6,1,1,0,0,4,1,2,5,0,1,1,1,0,1,2,1,0,10,0,0,0,0,0,0,0,2026-09-06T05:01:31.032879+00:00
Eredivisie 2026/2027,Willem II Tilburg - Excelsior,2026-09-05T19:00:00+00:00,finished,5,0-3,Excelsior,Casper Widell,D,90,8.6,77,0,0,,0.0121454,0,0,0,53,41,11,7,0,0,0,0,14,2,14,1,0,0,18,0,2,0,0,13,0,1,0,0,0,0,0,2026-09-06T05:01:31.032841+00:00
Eredivisie 2026/2027,Willem II Tilburg - Excelsior,2026-09-05T19:00:00+00:00,finished,5,0-3,Excelsior,Daniel van Vianen,M,25,7.0,15,0,0,,0.00463734,0,0,1,7,4,0,0,0,0,1,1,3,0,0,0,0,0,2,0,1,0,0,4,2,0,0,0,0,0,0,2026-09-06T05:01:31.032895+00:00
Eredivisie 2026/2027,Willem II Tilburg - Excelsior,2026-09-05T19:00:00+00:00,finished,5,0-3,Excelsior,David Garden,F,82,7.2,25,1,0,0.8812,0.0174094,2,1,0,14,8,0,0,0,0,1,0,3,8,2,6,0,0,1,0,1,0,0,9,1,1,0,0,0,0,0,2026-09-06T05:01:31.032857+00:00
Eredivisie 2026/2027,Willem II Tilburg - Excelsior,2026-09-05T19:00:00+00:00,finished,5,0-3,Willem II Tilburg,Devin Haen,F,90,5.8,24,0,0,0.1296,0.00557445,4,0,0,13,8,0,0,1,0,0,0,1,12,1,11,0,0,4,0,1,2,0,7,0,1,0,0,0,3,0,2026-09-06T05:01:31.032969+00:00
Eredivisie 2026/2027,Willem II Tilburg - Excelsior,2026-09-05T19:00:00+00:00,finished,5,0-3,Willem II Tilburg,Eser Gürbüz,M,45,6.9,23,0,0,,0.133263,0,0,2,12,10,1,1,1,0,3,2,3,2,0,1,0,0,0,0,1,0,0,5,1,0,0,0,0,2,0,2026-09-06T05:01:31.033055+00:00
Eredivisie 2026/2027,Willem II Tilburg - Excelsior,2026-09-05T19:00:00+00:00,finished,5,0-3,Excelsior,Giuliano Cairo,D,8,6.6,3,0,0,,0.00076892,0,0,0,1,1,0,0,0,0,0,0,0,0,0,0,0,0,2,0,0,0,0,0,0,0,0,0,0,0,0,2026-09-06T05:01:31.032910+00:00
Eredivisie 2026/2027,Willem II Tilburg - Excelsior,2026-09-05T19:00:00+00:00,finished,5,0-3,Willem II Tilburg,Hidde ter Avest,D,90,6.7,84,0,0,,0.0664073,0,0,0,62,48,7,1,1,0,0,0,10,5,7,1,2,2,8,2,2,0,1,17,1,3,0,0,0,3,0,2026-09-06T05:01:31.032962+00:00
Eredivisie 2026/2027,Willem II Tilburg - Excelsior,2026-09-05T19:00:00+00:00,finished,5,0-3,Excelsior,Ilano Silva Timas,M,26,6.5,7,0,0,,0.00351974,0,0,0,4,3,0,0,0,0,0,0,1,0,0,0,1,1,0,0,1,0,0,3,0,0,0,0,0,0,0,2026-09-06T05:01:31.032887+00:00
Eredivisie 2026/2027,Willem II Tilburg - Excelsior,2026-09-05T19:00:00+00:00,finished,5,0-3,Excelsior,Irakli Yegoian,M,90,9.6,54,1,1,0.1908,0.553819,4,3,1,32,29,4,4,7,3,1,0,3,5,1,2,1,1,2,1,3,0,0,10,1,1,0,0,0,0,0,2026-09-06T05:01:31.032816+00:00
Eredivisie 2026/2027,Willem II Tilburg - Excelsior,2026-09-05T19:00:00+00:00,finished,5,0-3,Willem II Tilburg,Jaden Slory,M,82,7.3,56,0,0,0.1265,0.138434,2,1,1,22,20,0,0,11,1,2,0,6,5,0,0,3,2,3,1,1,1,0,18,3,2,1,0,0,2,0,2026-09-06T05:01:31.033015+00:00
Eredivisie 2026/2027,Willem II Tilburg - Excelsior,2026-09-05T19:00:00+00:00,finished,5,0-3,Excelsior,Jan Plug,D,90,7.8,67,0,0,0.0447,0.0135434,1,0,0,55,49,12,7,0,0,0,0,2,2,0,2,2,1,7,0,3,1,0,6,0,0,0,0,0,0,0,2026-09-06T05:01:31.032834+00:00
Eredivisie 2026/2027,Willem II Tilburg - Excelsior,2026-09-05T19:00:00+00:00,finished,5,0-3,Willem II Tilburg,Jens Mathijsen,D,0,,0,0,0,,,0,0,0,0,0,0,0,0,0,0,0,0,0,0,0,0,0,0,0,0,0,0,0,0,0,0,0,0,0,0,2026-09-06T05:01:31.033123+00:00
Eredivisie 2026/2027,Willem II Tilburg - Excelsior,2026-09-05T19:00:00+00:00,finished,5,0-3,Willem II Tilburg,Karst de Leeuw,G,0,,0,0,0,,,0,0,0,0,0,0,0,0,0,0,0,0,0,0,0,0,0,0,0,0,0,0,0,0,0,0,0,0,0,0,2026-09-06T05:01:31.033086+00:00
Eredivisie 2026/2027,Willem II Tilburg - Excelsior,2026-09-05T19:00:00+00:00,finished,5,0-3,Excelsior,Kasey Bos,D,0,,0,0,0,,,0,0,0,0,0,0,0,0,0,0,0,0,0,0,0,0,0,0,0,0,0,0,0,0,0,0,0,0,0,0,2026-09-06T05:01:31.032933+00:00
Eredivisie 2026/2027,Willem II Tilburg - Excelsior,2026-09-05T19:00:00+00:00,finished,5,0-3,Willem II Tilburg,Kasper Boogaard,M,63,6.7,34,0,0,0.0413,0.0233048,1,0,0,29,26,3,0,0,0,0,0,3,1,1,0,2,1,0,0,2,1,0,3,0,1,1,0,0,2,0,2026-09-06T05:01:31.033024+00:00
Eredivisie 2026/2027,Willem II Tilburg - Excelsior,2026-09-05T19:00:00+00:00,finished,5,0-3,Excelsior,Lennard Hartjes,M,90,7.0,49,0,0,0.1515,0.0283278,3,1,0,32,29,5,4,1,0,1,1,2,9,0,2,0,0,5,0,4,2,2,7,1,4,0,0,0,0,0,2026-09-06T05:01:31.032805+00:00
Eredivisie 2026/2027,Willem II Tilburg - Excelsior,2026-09-05T19:00:00+00:00,finished,5,0-3,Excelsior,Mario Domínguez,F,0,,0,0,0,,,0,0,0,0,0,0,0,0,0,0,0,0,0,0,0,0,0,0,0,0,0,0,0,0,0,0,0,0,0,0,2026-09-06T05:01:31.032918+00:00
Eredivisie 2026/2027,Willem II Tilburg - Excelsior,2026-09-05T19:00:00+00:00,finished,5,0-3,Willem II Tilburg,Mats Lemmens,D,45,6.4,44,0,0,,0.00284709,0,0,0,39,32,2,0,0,0,0,0,3,1,2,0,1,1,1,1,2,0,0,7,0,1,0,0,0,2,0,2026-09-06T05:01:31.033047+00:00
Eredivisie 2026/2027,Willem II Tilburg - Excelsior,2026-09-05T19:00:00+00:00,finished,5,0-3,Willem II Tilburg,Maxime Delanghe,G,90,6.6,45,0,0,,0.00055728,0,0,0,34,22,16,4,0,0,0,0,0,0,0,0,0,0,2,0,7,0,0,12,0,0,0,0,3,3,1,2026-09-06T05:01:31.033007+00:00
Eredivisie 2026/2027,Willem II Tilburg - Excelsior,2026-09-05T19:00:00+00:00,finished,5,0-3,Willem II Tilburg,Nathan Tjoe-A-On,D,90,7.3,87,0,0,0.0828,0.236652,2,1,3,41,36,4,2,14,5,4,3,8,1,1,0,3,1,6,2,6,1,0,18,1,0,0,0,0,3,0,2026-09-06T05:01:31.032993+00:00
Eredivisie 2026/2027,Willem II Tilburg - Excelsior,2026-09-05T19:00:00+00:00,finished,5,0-3,Excelsior,Nesto Groen,F,19,6.4,7,0,0,,,0,0,0,1,0,0,0,0,0,0,0,0,2,0,1,0,0,2,0,0,0,0,2,0,2,1,0,0,0,0,2026-09-06T05:01:31.032902+00:00
Eredivisie 2026/2027,Willem II Tilburg - Excelsior,2026-09-05T19:00:00+00:00,finished,5,0-3,Excelsior,Osman Turay,D,0,,0,0,0,,,0,0,0,0,0,0,0,0,0,0,0,0,0,0,0,0,0,0,0,0,0,0,0,0,0,0,0,0,0,0,2026-09-06T05:01:31.032940+00:00
Eredivisie 2026/2027,Willem II Tilburg - Excelsior,2026-09-05T19:00:00+00:00,finished,5,0-3,Willem II Tilburg,Per van Loon,D,0,,0,0,0,,,0,0,0,0,0,0,0,0,0,0,0,0,0,0,0,0,0,0,0,0,0,0,0,0,0,0,0,0,0,0,2026-09-06T05:01:31.033093+00:00
Eredivisie 2026/2027,Willem II Tilburg - Excelsior,2026-09-05T19:00:00+00:00,finished,5,0-3,Excelsior,Rick Meissen,D,90,8.7,58,1,0,0.2491,0.0849373,1,1,0,37,33,7,6,0,0,0,0,5,3,4,0,0,0,9,2,2,0,0,6,1,1,0,0,0,0,0,2026-09-06T05:01:31.032849+00:00
Eredivisie 2026/2027,Willem II Tilburg - Excelsior,2026-09-05T19:00:00+00:00,finished,5,0-3,Excelsior,Simon Janssen,D,90,7.3,62,0,1,,0.287487,0,0,2,41,34,9,5,4,1,1,0,2,5,1,0,0,0,3,0,6,0,0,15,1,3,0,0,0,0,0,2026-09-06T05:01:31.032825+00:00
Eredivisie 2026/2027,Willem II Tilburg - Excelsior,2026-09-05T19:00:00+00:00,finished,5,0-3,Excelsior,Stijn van Gassel,G,90,8.2,51,0,1,,0.00674983,0,0,1,39,20,30,11,0,0,0,0,1,0,1,0,0,0,3,0,15,0,0,19,0,0,0,0,2,0,3,2026-09-06T05:01:31.032769+00:00
Eredivisie 2026/2027,Willem II Tilburg - Excelsior,2026-09-05T19:00:00+00:00,finished,5,0-3,Willem II Tilburg,Thomas Verheydt,F,27,6.1,10,0,0,0.156,0.00264445,2,0,0,7,3,0,0,0,0,0,0,3,7,3,6,0,0,0,0,1,1,0,4,0,0,0,0,0,1,0,2026-09-06T05:01:31.033062+00:00
Eredivisie 2026/2027,Willem II Tilburg - Excelsior,2026-09-05T19:00:00+00:00,finished,5,0-3,Excelsior,Tijmen Holla,G,0,,0,0,0,,,0,0,0,0,0,0,0,0,0,0,0,0,0,0,0,0,0,0,0,0,0,0,0,0,0,0,0,0,0,0,2026-09-06T05:01:31.032926+00:00
Eredivisie 2026/2027,Willem II Tilburg - Excelsior,2026-09-05T19:00:00+00:00,finished,5,0-3,Willem II Tilburg,Tonny Vilhena,F,45,7.1,45,0,0,0.0705,0.238437,1,0,2,29,25,3,2,5,2,0,0,4,3,1,1,1,0,0,1,1,0,1,8,2,1,0,0,0,1,0,2026-09-06T05:01:31.033032+00:00
Eredivisie 2026/2027,Willem II Tilburg - Excelsior,2026-09-05T19:00:00+00:00,finished,5,0-3,Willem II Tilburg,Uriel van Aalst,M,90,6.4,48,0,0,0.0983,0.0355036,2,0,0,30,25,2,1,0,0,2,2,3,2,0,2,0,0,1,1,3,0,0,9,1,0,0,0,0,3,0,2026-09-06T05:01:31.032977+00:00
Eredivisie 2026/2027,Willem II Tilburg - Excelsior,2026-09-05T19:00:00+00:00,finished,5,0-3,Excelsior,Valentin Sulzbacher,M,0,,0,0,0,,,0,0,0,0,0,0,0,0,0,0,0,0,0,0,0,0,0,0,0,0,0,0,0,0,0,0,0,0,0,0,2026-09-06T05:01:31.032947+00:00
Eredivisie 2026/2027,Willem II Tilburg - Excelsior,2026-09-05T19:00:00+00:00,finished,5,0-3,Willem II Tilburg,Wouter Van der Steen,G,0,,0,0,0,,,0,0,0,0,0,0,0,0,0,0,0,0,0,0,0,0,0,0,0,0,0,0,0,0,0,0,0,0,0,0,2026-09-06T05:01:31.033148+00:00
Eredivisie 2026/2027,Willem II Tilburg - Excelsior,2026-09-05T19:00:00+00:00,finished,5,0-3,Excelsior,Yaqub Finey,F,0,,0,0,0,,,0,0,0,0,0,0,0,0,0,0,0,0,0,0,0,0,0,0,0,0,0,0,0,0,0,0,0,0,0,0,2026-09-06T05:01:31.032954+00:00
Eredivisie 2026/2027,Willem II Tilburg - Excelsior,2026-09-05T19:00:00+00:00,finished,5,0-3,Excelsior,Ágúst Orri Thorsteinsson,M,71,5.9,34,0,0,,0.00586892,0,0,0,23,17,0,0,0,0,0,0,5,6,1,4,2,2,2,0,5,0,0,7,2,0,0,0,0,0,0,2026-09-06T05:01:31.032864+00:00
Eredivisie 2026/2027,FC Groningen - FC Twente,2026-09-06T10:15:00+00:00,finished,5,2-2,FC Twente,,,0,,0,0,0,,,0,0,0,0,0,0,0,0,0,0,0,0,0,0,0,0,0,0,0,0,0,0,0,0,0,0,0,0,0,0,2026-09-07T05:01:48.567236+00:00
Eredivisie 2026/2027,FC Groningen - FC Twente,2026-09-06T10:15:00+00:00,finished,5,2-2,FC Twente,,,0,,0,0,0,,,0,0,0,0,0,0,0,0,0,0,0,0,0,0,0,0,0,0,0,0,0,0,0,0,0,0,0,0,0,0,2026-09-07T05:01:48.567318+00:00
Eredivisie 2026/2027,FC Groningen - FC Twente,2026-09-06T10:15:00+00:00,finished,5,2-2,FC Groningen,,,0,,0,0,0,,,0,0,0,0,0,0,0,0,0,0,0,0,0,0,0,0,0,0,0,0,0,0,0,0,0,0,0,0,0,0,2026-09-07T05:01:48.567650+00:00
Eredivisie 2026/2027,FC Groningen - FC Twente,2026-09-06T10:15:00+00:00,finished,5,2-2,FC Groningen,Alvin Nordin,M,0,,0,0,0,,,0,0,0,0,0,0,0,0,0,0,0,0,0,0,0,0,0,0,0,0,0,0,0,0,0,0,0,0,0,0,2026-09-07T05:01:48.567721+00:00
Eredivisie 2026/2027,FC Groningen - FC Twente,2026-09-06T10:15:00+00:00,finished,5,2-2,FC Twente,Aske Adelgaard,D,0,,0,0,0,,,0,0,0,0,0,0,0,0,0,0,0,0,0,0,0,0,0,0,0,0,0,0,0,0,0,0,0,0,0,0,2026-09-07T05:01:48.567327+00:00
Eredivisie 2026/2027,FC Groningen - FC Twente,2026-09-06T10:15:00+00:00,finished,5,2-2,FC Twente,Bart van Rooij,D,90,7.1,93,0,0,,0.649337,0,0,4,63,59,4,3,3,0,0,0,4,5,1,1,3,2,4,2,4,0,0,11,0,1,0,0,0,2,0,2026-09-07T05:01:48.566997+00:00
Eredivisie 2026/2027,FC Groningen - FC Twente,2026-09-06T10:15:00+00:00,finished,5,2-2,FC Groningen,Brynjólfur Darri Willumsson,F,60,7.1,25,0,0,0.0516,0.0493725,1,1,2,13,9,2,1,0,0,1,1,8,5,4,1,1,0,0,1,2,0,3,9,2,2,0,0,0,2,0,2026-09-07T05:01:48.567524+00:00
Eredivisie 2026/2027,FC Groningen - FC Twente,2026-09-06T10:15:00+00:00,finished,5,2-2,FC Twente,Daan Rots,M,29,6.9,16,0,0,0.3025,0.0647604,2,0,0,11,8,2,2,0,0,0,0,2,2,0,1,1,1,0,0,1,0,0,4,1,0,0,0,0,0,0,2026-09-07T05:01:48.567169+00:00
Eredivisie 2026/2027,FC Groningen - FC Twente,2026-09-06T10:15:00+00:00,finished,5,2-2,FC Twente,Daouda Weidmann,M,75,6.9,50,0,0,0.0317,0.265467,1,0,2,29,28,3,3,1,1,4,0,3,7,1,2,2,1,1,1,3,0,0,9,0,1,0,0,0,2,0,2026-09-07T05:01:48.567131+00:00
Eredivisie 2026/2027,FC Groningen - FC Twente,2026-09-06T10:15:00+00:00,finished,5,2-2,FC Groningen,David van der Werff,M,90,7.3,55,0,1,0.1943,0.14185,4,0,4,31,25,4,3,7,2,1,1,2,1,0,0,1,1,2,0,5,2,1,15,0,0,0,0,0,2,0,2026-09-07T05:01:48.567429+00:00
Eredivisie 2026/2027,FC Groningen - FC Twente,2026-09-06T10:15:00+00:00,finished,5,2-2,FC Groningen,Elvis Van der Laan,D,30,6.8,18,0,0,,0.00208882,0,0,0,15,13,1,0,0,0,0,0,2,1,1,1,1,1,2,0,2,0,0,2,0,0,0,0,0,0,0,2026-09-07T05:01:48.567543+00:00
Eredivisie 2026/2027,FC Groningen - FC Twente,2026-09-06T10:15:00+00:00,finished,5,2-2,FC Groningen,Etienne Vaessen,G,90,6.7,51,0,0,,0.00313552,0,0,0,42,27,27,13,0,0,0,0,1,0,0,0,0,0,1,0,8,0,0,15,1,0,0,0,3,2,0,2026-09-07T05:01:48.567365+00:00
Eredivisie 2026/2027,FC Groningen - FC Twente,2026-09-06T10:15:00+00:00,finished,5,2-2,FC Twente,Filip Thorvaldsen,M,15,6.4,7,0,0,,0.0247547,0,0,1,5,5,0,0,0,0,1,0,0,2,0,0,0,0,0,0,1,0,1,2,0,0,0,0,0,0,0,2026-09-07T05:01:48.567206+00:00
Eredivisie 2026/2027,FC Groningen - FC Twente,2026-09-06T10:15:00+00:00,finished,5,2-2,FC Groningen,Jacob Ondrejka,F,30,6.7,13,0,0,0.0569,0.00019804,2,0,0,2,1,1,0,0,0,4,1,4,4,2,1,0,0,2,0,1,1,0,5,1,0,0,0,0,0,0,2026-09-07T05:01:48.567561+00:00
Eredivisie 2026/2027,FC Groningen - FC Twente,2026-09-06T10:15:00+00:00,finished,5,2-2,FC Groningen,Jahelille Hall,M,0,,0,0,0,,,0,0,0,0,0,0,0,0,0,0,0,0,0,0,0,0,0,0,0,0,0,0,0,0,0,0,0,0,0,0,2026-09-07T05:01:48.567704+00:00
Eredivisie 2026/2027,FC Groningen - FC Twente,2026-09-06T10:15:00+00:00,finished,5,2-2,FC Groningen,Jesper Mosselaar,D,0,,0,0,0,,,0,0,0,0,0,0,0,0,0,0,0,0,0,0,0,0,0,0,0,0,0,0,0,0,0,0,0,0,0,0,2026-09-07T05:01:48.567686+00:00
Eredivisie 2026/2027,FC Groningen - FC Twente,2026-09-06T10:15:00+00:00,finished,5,2-2,FC Groningen,Jismerai Dillema,M,0,,0,0,0,,,0,0,0,0,0,0,0,0,0,0,0,0,0,0,0,0,0,0,0,0,0,0,0,0,0,0,0,0,0,0,2026-09-07T05:01:48.567631+00:00
Eredivisie 2026/2027,FC Groningen - FC Twente,2026-09-06T10:15:00+00:00,finished,5,2-2,FC Groningen,Jorg Schreuders,M,90,7.3,66,0,0,0.0607,0.00631448,2,0,0,40,33,3,2,4,0,1,1,12,3,2,1,8,6,1,0,7,2,0,13,1,1,0,0,0,2,0,2026-09-07T05:01:48.567381+00:00
Eredivisie 2026/2027,FC Groningen - FC Twente,2026-09-06T10:15:00+00:00,finished,5,2-2,FC Twente,Joël Drommel,G,0,,0,0,0,,,0,0,0,0,0,0,0,0,0,0,0,0,0,0,0,0,0,0,0,0,0,0,0,0,0,0,0,0,0,0,2026-09-07T05:01:48.567289+00:00
Eredivisie 2026/2027,FC Groningen - FC Twente,2026-09-06T10:15:00+00:00,finished,5,2-2,FC Twente,Krzysztof Kurowski,D,0,,0,0,0,,,0,0,0,0,0,0,0,0,0,0,0,0,0,0,0,0,0,0,0,0,0,0,0,0,0,0,0,0,0,0,2026-09-07T05:01:48.567254+00:00
Eredivisie 2026/2027,FC Groningen - FC Twente,2026-09-06T10:15:00+00:00,finished,5,2-2,FC Twente,Lars Unnerstall,G,90,5.8,34,0,0,,0.0008276,0,0,0,23,13,13,3,0,0,0,0,0,0,0,0,0,0,0,0,12,0,0,10,0,0,0,0,2,2,0,2026-09-07T05:01:48.566980+00:00
Eredivisie 2026/2027,FC Groningen - FC Twente,2026-09-06T10:15:00+00:00,finished,5,2-2,FC Groningen,Lovro Štubljar,G,0,,0,0,0,,,0,0,0,0,0,0,0,0,0,0,0,0,0,0,0,0,0,0,0,0,0,0,0,0,0,0,0,0,0,0,2026-09-07T05:01:48.567668+00:00
Eredivisie 2026/2027,FC Groningen - FC Twente,2026-09-06T10:15:00+00:00,finished,5,2-2,FC Twente,Lucas Vennegoor of Hesselink,F,2,,0,0,0,,,0,0,0,0,0,0,0,0,0,0,0,0,0,0,0,0,0,0,0,0,0,0,0,0,0,0,0,0,0,0,2026-09-07T05:01:48.567223+00:00
Eredivisie 2026/2027,FC Groningen - FC Twente,2026-09-06T10:15:00+00:00,finished,5,2-2,FC Twente,Marko Pjaca,F,61,7.3,35,1,0,0.1524,0.0960274,1,1,0,30,24,0,0,2,1,0,0,2,2,2,0,0,0,0,1,0,0,0,8,0,1,0,0,0,2,0,2026-09-07T05:01:48.567150+00:00
Eredivisie 2026/2027,FC Groningen - FC Twente,2026-09-06T10:15:00+00:00,finished,5,2-2,FC Twente,Max Bruns,D,90,7.2,70,0,0,0.1426,0.00787016,1,0,0,51,48,3,2,0,0,0,0,2,3,2,1,0,0,7,1,4,0,0,5,0,0,0,0,0,2,0,2026-09-07T05:01:48.567016+00:00
Eredivisie 2026/2027,FC Groningen - FC Twente,2026-09-06T10:15:00+00:00,finished,5,2-2,FC Groningen,Márk Csinger,D,60,6.5,35,0,0,,0.00600697,0,0,0,25,22,0,0,0,0,0,0,7,3,3,2,4,3,5,0,1,0,0,4,0,1,1,0,0,2,0,2026-09-07T05:01:48.567487+00:00
Eredivisie 2026/2027,FC Groningen - FC Twente,2026-09-06T10:15:00+00:00,finished,5,2-2,FC Twente,Naci Ünüvar,F,0,,0,0,0,,,0,0,0,0,0,0,0,0,0,0,0,0,0,0,0,0,0,0,0,0,0,0,0,0,0,0,0,0,0,0,2026-09-07T05:01:48.567307+00:00
Eredivisie 2026/2027,FC Groningen - FC Twente,2026-09-06T10:15:00+00:00,finished,5,2-2,FC Groningen,Nikolas Brandis,D,9,6.8,6,0,0,,0.00084752,0,0,0,3,2,0,0,0,0,1,1,2,0,1,0,0,0,0,0,0,0,0,1,0,0,0,0,0,0,0,2026-09-07T05:01:48.567615+00:00
Eredivisie 2026/2027,FC Groningen - FC Twente,2026-09-06T10:15:00+00:00,finished,5,2-2,FC Groningen,Nils Eggens,F,0,,0,0,0,,,0,0,0,0,0,0,0,0,0,0,0,0,0,0,0,0,0,0,0,0,0,0,0,0,0,0,0,0,0,0,2026-09-07T05:01:48.567749+00:00
Eredivisie 2026/2027,FC Groningen - FC Twente,2026-09-06T10:15:00+00:00,finished,5,2-2,FC Groningen,Oskar Zawada,F,30,6.3,10,0,0,0.3721,0.00206203,1,0,0,7,3,1,0,0,0,0,0,2,3,2,3,0,0,0,0,0,0,0,5,0,0,0,0,0,0,0,2026-09-07T05:01:48.567578+00:00
Eredivisie 2026/2027,FC Groningen - FC Twente,2026-09-06T10:15:00+00:00,finished,5,2-2,FC Groningen,Pelle Clement,M,60,6.4,19,0,0,,0.00814438,0,0,0,13,8,0,0,2,0,0,0,1,2,0,2,1,1,1,0,1,0,0,8,0,0,0,0,0,2,0,2026-09-07T05:01:48.567505+00:00
Eredivisie 2026/2027,FC Groningen - FC Twente,2026-09-06T10:15:00+00:00,finished,5,2-2,FC Twente,Ramiz Zerrouki,M,90,6.7,72,0,0,0.0467,0.029102,2,0,0,59,47,9,7,0,0,1,0,3,10,1,6,1,1,0,1,8,0,0,13,1,0,1,0,0,2,0,2026-09-07T05:01:48.566919+00:00
Eredivisie 2026/2027,FC Groningen - FC Twente,2026-09-06T10:15:00+00:00,finished,5,2-2,FC Twente,Remko Pasveer,G,0,,0,0,0,,,0,0,0,0,0,0,0,0,0,0,0,0,0,0,0,0,0,0,0,0,0,0,0,0,0,0,0,0,0,0,2026-09-07T05:01:48.567272+00:00
Eredivisie 2026/2027,FC Groningen - FC Twente,2026-09-06T10:15:00+00:00,finished,5,2-2,FC Twente,Robin Pröpper,D,90,6.9,81,0,0,0.1758,0.0314124,1,0,1,63,53,10,3,0,0,1,0,8,9,6,4,2,0,7,0,4,0,0,11,1,3,0,0,0,2,0,2026-09-07T05:01:48.567034+00:00
Eredivisie 2026/2027,FC Groningen - FC Twente,2026-09-06T10:15:00+00:00,finished,5,2-2,FC Twente,Ruud Nijstad,D,90,6.2,50,0,0,,0.0119822,0,0,0,33,26,5,1,0,0,1,1,3,2,1,1,1,1,3,1,5,0,0,8,0,1,0,0,0,2,0,2026-09-07T05:01:48.567054+00:00
Eredivisie 2026/2027,FC Groningen - FC Twente,2026-09-06T10:15:00+00:00,finished,5,2-2,FC Twente,Sondre Ørjasæter,M,75,6.5,45,0,0,0.0491,0.320778,1,0,2,28,26,0,0,2,1,4,0,2,5,2,0,0,0,0,2,4,1,1,11,0,0,0,0,0,2,0,2026-09-07T05:01:48.567092+00:00
Eredivisie 2026/2027,FC Groningen - FC Twente,2026-09-06T10:15:00+00:00,finished,5,2-2,FC Groningen,Thijmen Blokzijl,D,90,6.5,63,0,1,,0.00738527,0,0,1,51,44,7,2,0,0,0,0,2,1,2,0,0,0,8,2,5,0,0,7,0,1,0,0,0,2,0,2026-09-07T05:01:48.567345+00:00
Eredivisie 2026/2027,FC Groningen - FC Twente,2026-09-06T10:15:00+00:00,finished,5,2-2,FC Groningen,Thom van Bergen,F,90,7.9,49,1,0,0.4882,0.0885821,5,1,1,27,21,1,0,1,0,4,2,7,6,2,4,1,1,0,0,10,4,0,15,2,0,0,0,0,2,0,2026-09-07T05:01:48.567415+00:00
Eredivisie 2026/2027,FC Groningen - FC Twente,2026-09-06T10:15:00+00:00,finished,5,2-2,FC Twente,Thomas Van den Belt,M,15,6.7,7,0,0,,0.014094,0,0,0,6,6,1,1,0,0,0,0,0,1,0,0,0,0,0,0,1,0,1,1,0,0,0,0,0,0,0,2026-09-07T05:01:48.567188+00:00
Eredivisie 2026/2027,FC Groningen - FC Twente,2026-09-06T10:15:00+00:00,finished,5,2-2,FC Groningen,Tika de Jonge,M,90,7.8,65,0,0,0.1481,0.505503,4,1,3,45,37,6,4,1,0,5,4,7,2,1,1,2,1,1,5,3,3,0,11,0,0,0,0,0,2,0,2026-09-07T05:01:48.567397+00:00
Eredivisie 2026/2027,FC Groningen - FC Twente,2026-09-06T10:15:00+00:00,finished,5,2-2,FC Groningen,Travis Hernes,M,10,6.7,7,0,0,,0.00862884,0,0,0,6,5,1,1,0,0,0,0,1,0,1,0,0,0,0,0,0,0,0,2,0,0,0,0,0,0,0,2026-09-07T05:01:48.567597+00:00
Eredivisie 2026/2027,FC Groningen - FC Twente,2026-09-06T10:15:00+00:00,finished,5,2-2,FC Groningen,Tygo Land,M,80,8.1,45,1,0,0.0495,0.0445112,1,1,2,41,38,4,3,0,0,1,1,2,0,0,0,1,1,0,0,1,0,0,3,0,0,0,0,0,2,0,2026-09-07T05:01:48.567467+00:00
Eredivisie 2026/2027,FC Groningen - FC Twente,2026-09-06T10:15:00+00:00,finished,5,2-2,FC Twente,Wout Weghorst,F,90,6.7,44,1,1,0.9006,0.0351749,4,2,1,26,18,1,0,0,0,0,0,5,9,2,5,0,0,1,0,4,0,2,14,3,1,0,0,0,2,0,2026-09-07T05:01:48.566961+00:00
Eredivisie 2026/2027,FC Groningen - FC Twente,2026-09-06T10:15:00+00:00,finished,5,2-2,FC Groningen,Wouter Prins,D,83,6.5,51,0,0,0.0155,0.29467,1,0,2,22,15,4,2,3,1,3,1,3,6,1,3,0,0,5,2,5,0,0,16,1,1,0,0,0,2,0,2026-09-07T05:01:48.567448+00:00
Eredivisie 2026/2027,FC Groningen - FC Twente,2026-09-06T10:15:00+00:00,finished,5,2-2,FC Twente,Younes Taha,M,88,7.5,56,0,1,0.5127,0.479501,3,2,2,31,27,2,2,5,4,3,0,2,6,0,1,2,2,1,1,7,0,1,12,0,0,0,0,0,2,0,2026-09-07T05:01:48.567072+00:00
Eredivisie 2026/2027,SC Heerenveen - AZ Alkmaar,2026-09-06T12:30:00+00:00,finished,5,2-3,SC Heerenveen,,,22,7.2,15,0,0,0.2665,0.0363154,2,1,2,10,7,0,0,0,0,0,0,6,2,6,1,0,0,0,0,1,0,1,4,0,0,0,0,0,2,0,2026-09-07T05:01:48.763196+00:00
Eredivisie 2026/2027,SC Heerenveen - AZ Alkmaar,2026-09-06T12:30:00+00:00,finished,5,2-3,SC Heerenveen,,,0,,0,0,0,,,0,0,0,0,0,0,0,0,0,0,0,0,0,0,0,0,0,0,0,0,0,0,0,0,0,0,0,0,0,0,2026-09-07T05:01:48.763234+00:00
Eredivisie 2026/2027,SC Heerenveen - AZ Alkmaar,2026-09-06T12:30:00+00:00,finished,5,2-3,AZ Alkmaar,Andrea Natali,D,0,,0,0,0,,,0,0,0,0,0,0,0,0,0,0,0,0,0,0,0,0,0,0,0,0,0,0,0,0,0,0,0,0,0,0,2026-09-07T05:01:48.763373+00:00
Eredivisie 2026/2027,SC Heerenveen - AZ Alkmaar,2026-09-06T12:30:00+00:00,finished,5,2-3,SC Heerenveen,Andries Noppert,G,0,,0,0,0,,,0,0,0,0,0,0,0,0,0,0,0,0,0,0,0,0,0,0,0,0,0,0,0,0,0,0,0,0,0,0,2026-09-07T05:01:48.763225+00:00
Eredivisie 2026/2027,SC Heerenveen - AZ Alkmaar,2026-09-06T12:30:00+00:00,finished,5,2-3,AZ Alkmaar,Ayoub Oufkir,M,8,7.6,5,1,0,0.5313,4.344e-05,1,1,0,2,2,0,0,0,0,0,0,1,2,0,1,0,0,0,0,2,0,0,1,1,1,1,0,0,0,0,2026-09-07T05:01:48.763364+00:00
Eredivisie 2026/2027,SC Heerenveen - AZ Alkmaar,2026-09-06T12:30:00+00:00,finished,5,2-3,AZ Alkmaar,Bendegúz Kovács,F,0,,0,0,0,,,0,0,0,0,0,0,0,0,0,0,0,0,0,0,0,0,0,0,0,0,0,0,0,0,0,0,0,0,0,0,2026-09-07T05:01:48.763369+00:00
Eredivisie 2026/2027,SC Heerenveen - AZ Alkmaar,2026-09-06T12:30:00+00:00,finished,5,2-3,SC Heerenveen,Bernt Klaverboer,G,90,8.2,66,0,0,,0.00862447,0,0,0,60,43,32,15,0,0,0,0,0,0,0,0,0,0,0,0,10,0,0,17,0,0,0,0,5,3,0,2026-09-07T05:01:48.763168+00:00
Eredivisie 2026/2027,SC Heerenveen - AZ Alkmaar,2026-09-06T12:30:00+00:00,finished,5,2-3,AZ Alkmaar,Calvin Stengs,M,45,7.0,30,0,0,0.0672,0.139666,2,1,1,19,15,1,1,1,0,2,2,4,1,0,0,2,2,0,0,4,1,0,8,0,0,0,0,0,0,0,2026-09-07T05:01:48.763340+00:00
Eredivisie 2026/2027,SC Heerenveen - AZ Alkmaar,2026-09-06T12:30:00+00:00,finished,5,2-3,SC Heerenveen,Darling Bladi,D,0,,0,0,0,,,0,0,0,0,0,0,0,0,0,0,0,0,0,0,0,0,0,0,0,0,0,0,0,0,0,0,0,0,0,0,2026-09-07T05:01:48.763230+00:00
Eredivisie 2026/2027,SC Heerenveen - AZ Alkmaar,2026-09-06T12:30:00+00:00,finished,5,2-3,AZ Alkmaar,Dave Kwakman,M,90,6.6,41,0,0,0.0449,0.0628654,2,1,0,30,30,1,1,0,0,0,0,5,3,3,1,1,0,2,0,3,1,0,4,1,1,0,0,0,2,0,2026-09-07T05:01:48.763256+00:00
Eredivisie 2026/2027,SC Heerenveen - AZ Alkmaar,2026-09-06T12:30:00+00:00,finished,5,2-3,SC Heerenveen,Dirk Wanner Proper,M,74,7.0,44,0,1,,0.0178933,0,0,1,33,29,5,2,0,0,0,0,4,3,0,1,3,2,5,0,4,0,1,5,1,2,0,0,0,2,0,2026-09-07T05:01:48.763182+00:00
Eredivisie 2026/2027,SC Heerenveen - AZ Alkmaar,2026-09-06T12:30:00+00:00,finished,5,2-3,SC Heerenveen,Dylan Vente,F,68,7.2,20,0,1,0.1791,0.112775,2,1,1,14,11,0,0,1,1,0,0,3,7,3,5,0,0,1,0,1,0,0,4,0,1,0,0,0,1,0,2026-09-07T05:01:48.763187+00:00
Eredivisie 2026/2027,SC Heerenveen - AZ Alkmaar,2026-09-06T12:30:00+00:00,finished,5,2-3,AZ Alkmaar,Elijah Dijkstra,D,68,5.9,47,0,0,,0.0404498,0,0,1,36,32,1,0,1,0,1,0,1,2,0,0,1,1,3,0,3,0,0,6,0,0,0,0,0,2,0,2026-09-07T05:01:48.763324+00:00
Eredivisie 2026/2027,SC Heerenveen - AZ Alkmaar,2026-09-06T12:30:00+00:00,finished,5,2-3,AZ Alkmaar,Hessel de Wit,M,0,,0,0,0,,,0,0,0,0,0,0,0,0,0,0,0,0,0,0,0,0,0,0,0,0,0,0,0,0,0,0,0,0,0,0,2026-09-07T05:01:48.763392+00:00
Eredivisie 2026/2027,SC Heerenveen - AZ Alkmaar,2026-09-06T12:30:00+00:00,finished,5,2-3,SC Heerenveen,Hristiyan Petrov,D,2,,8,0,0,,0.00013391,0,0,0,7,6,1,0,0,0,0,0,0,0,0,0,0,0,1,0,0,0,0,1,0,0,0,0,0,0,0,2026-09-07T05:01:48.763210+00:00
Eredivisie 2026/2027,SC Heerenveen - AZ Alkmaar,2026-09-06T12:30:00+00:00,finished,5,2-3,AZ Alkmaar,Ismail Ka,G,0,,0,0,0,,,0,0,0,0,0,0,0,0,0,0,0,0,0,0,0,0,0,0,0,0,0,0,0,0,0,0,0,0,0,0,2026-09-07T05:01:48.763382+00:00
Eredivisie 2026/2027,SC Heerenveen - AZ Alkmaar,2026-09-06T12:30:00+00:00,finished,5,2-3,SC Heerenveen,Jacob Trenskow,M,90,6.4,36,0,0,0.0431,0.138309,1,0,2,18,17,0,0,4,2,3,1,2,4,0,0,0,0,0,1,1,1,1,9,1,0,0,0,0,3,0,2026-09-07T05:01:48.763162+00:00
Eredivisie 2026/2027,SC Heerenveen - AZ Alkmaar,2026-09-06T12:30:00+00:00,finished,5,2-3,AZ Alkmaar,Jari De Busser,G,90,8.3,42,0,0,,0.0142296,0,0,0,32,21,19,8,0,0,0,0,0,1,0,1,0,0,2,0,12,0,0,12,0,0,0,0,3,2,0,2026-09-07T05:01:48.763309+00:00
Eredivisie 2026/2027,SC Heerenveen - AZ Alkmaar,2026-09-06T12:30:00+00:00,finished,5,2-3,SC Heerenveen,Jimte Scholten,D,0,,0,0,0,,,0,0,0,0,0,0,0,0,0,0,0,0,0,0,0,0,0,0,0,0,0,0,0,0,0,0,0,0,0,0,2026-09-07T05:01:48.763221+00:00
Eredivisie 2026/2027,SC Heerenveen - AZ Alkmaar,2026-09-06T12:30:00+00:00,finished,5,2-3,AZ Alkmaar,Jizz Hornkamp,F,0,,0,0,0,,,0,0,0,0,0,0,0,0,0,0,0,0,0,0,0,0,0,0,0,0,0,0,0,0,0,0,0,0,0,0,2026-09-07T05:01:48.763396+00:00
Eredivisie 2026/2027,SC Heerenveen - AZ Alkmaar,2026-09-06T12:30:00+00:00,finished,5,2-3,AZ Alkmaar,Jordy Clasie,M,64,6.6,49,0,0,0.2189,0.144128,1,0,2,40,36,1,0,2,0,1,1,4,2,2,1,1,1,0,1,1,1,0,7,0,1,0,0,0,2,0,2026-09-07T05:01:48.763330+00:00
Eredivisie 2026/2027,SC Heerenveen - AZ Alkmaar,2026-09-06T12:30:00+00:00,finished,5,2-3,SC Heerenveen,Lanroy Machine,F,0,,0,0,0,,,0,0,0,0,0,0,0,0,0,0,0,0,0,0,0,0,0,0,0,0,0,0,0,0,0,0,0,0,0,0,2026-09-07T05:01:48.763243+00:00
Eredivisie 2026/2027,SC Heerenveen - AZ Alkmaar,2026-09-06T12:30:00+00:00,finished,5,2-3,SC Heerenveen,Levi Smans,M,16,6.8,17,0,0,,0.0698572,0,0,2,13,12,0,0,2,1,1,1,3,0,1,0,0,0,0,0,0,0,0,2,1,0,0,0,0,1,0,2026-09-07T05:01:48.763206+00:00
Eredivisie 2026/2027,SC Heerenveen - AZ Alkmaar,2026-09-06T12:30:00+00:00,finished,5,2-3,AZ Alkmaar,Lewis Schouten,D,90,7.4,97,0,0,0.0116,0.0242437,1,0,0,71,64,2,0,0,0,1,1,10,8,3,6,5,3,7,2,6,0,1,8,1,0,0,0,0,2,0,2026-09-07T05:01:48.763295+00:00
Eredivisie 2026/2027,SC Heerenveen - AZ Alkmaar,2026-09-06T12:30:00+00:00,finished,5,2-3,SC Heerenveen,Luca Oyen,M,22,6.5,12,0,0,,0.0132429,0,0,1,5,4,0,0,0,0,1,0,2,3,1,1,1,1,0,0,0,0,1,6,0,0,0,0,0,2,0,2026-09-07T05:01:48.763201+00:00
Eredivisie 2026/2027,SC Heerenveen - AZ Alkmaar,2026-09-06T12:30:00+00:00,finished,5,2-3,SC Heerenveen,Maas Willemsen,D,90,6.2,82,0,0,0.2524,0.0180864,3,0,0,69,58,9,4,0,0,1,1,4,6,0,4,1,0,3,0,3,2,0,11,2,1,0,0,0,3,0,2026-09-07T05:01:48.763150+00:00
Eredivisie 2026/2027,SC Heerenveen - AZ Alkmaar,2026-09-06T12:30:00+00:00,finished,5,2-3,SC Heerenveen,Marko Farji,M,0,,0,0,0,,,0,0,0,0,0,0,0,0,0,0,0,0,0,0,0,0,0,0,0,0,0,0,0,0,0,0,0,0,0,0,2026-09-07T05:01:48.763238+00:00
Eredivisie 2026/2027,SC Heerenveen - AZ Alkmaar,2026-09-06T12:30:00+00:00,finished,5,2-3,AZ Alkmaar,Mateo Chávez,D,45,6.2,44,0,0,0.0823,0.0470442,1,0,1,26,19,3,1,0,0,1,0,2,3,0,0,2,1,1,0,5,0,2,11,0,0,0,0,0,2,0,2026-09-07T05:01:48.763335+00:00
Eredivisie 2026/2027,SC Heerenveen - AZ Alkmaar,2026-09-06T12:30:00+00:00,finished,5,2-3,SC Heerenveen,Maxence Rivera,M,68,6.3,33,0,0,0.014,0.0221533,1,0,0,16,13,2,1,2,0,7,1,2,6,0,0,0,0,1,0,2,1,0,13,1,0,0,0,0,1,0,2026-09-07T05:01:48.763191+00:00
Eredivisie 2026/2027,SC Heerenveen - AZ Alkmaar,2026-09-06T12:30:00+00:00,finished,5,2-3,AZ Alkmaar,Mees De Wit,D,45,6.6,27,0,0,,0.00711789,0,0,0,15,10,1,0,0,0,1,0,2,4,0,1,2,2,3,0,2,0,1,7,0,1,0,0,0,0,0,2026-09-07T05:01:48.763345+00:00
Eredivisie 2026/2027,SC Heerenveen - AZ Alkmaar,2026-09-06T12:30:00+00:00,finished,5,2-3,AZ Alkmaar,Mexx Meerdink,F,90,7.2,37,1,1,0.1642,0.116322,3,2,1,28,24,2,2,0,0,1,0,1,7,0,2,0,0,1,0,2,0,0,7,1,4,0,0,0,2,0,2026-09-07T05:01:48.763315+00:00
Eredivisie 2026/2027,SC Heerenveen - AZ Alkmaar,2026-09-06T12:30:00+00:00,finished,5,2-3,SC Heerenveen,Nolhan Courtens,M,88,7.7,36,1,0,0.4403,0.0112013,1,1,1,26,22,2,1,0,0,2,1,3,4,0,0,1,0,0,0,4,0,1,8,1,1,1,0,0,3,0,2026-09-07T05:01:48.763178+00:00
Eredivisie 2026/2027,SC Heerenveen - AZ Alkmaar,2026-09-06T12:30:00+00:00,finished,5,2-3,SC Heerenveen,Oliver Braude,D,90,6.8,62,0,0,0.0142,0.156876,1,0,1,38,28,5,1,2,1,2,0,8,7,4,0,3,2,3,0,9,1,2,16,1,2,0,0,0,3,0,2026-09-07T05:01:48.763173+00:00
Eredivisie 2026/2027,SC Heerenveen - AZ Alkmaar,2026-09-06T12:30:00+00:00,finished,5,2-3,AZ Alkmaar,Peer Koopmeiners,M,90,8.1,77,0,0,0.2249,0.15892,2,2,1,64,62,3,2,3,2,0,0,5,1,2,1,3,1,1,0,3,0,0,3,0,0,0,0,0,2,0,2026-09-07T05:01:48.763249+00:00
Eredivisie 2026/2027,SC Heerenveen - AZ Alkmaar,2026-09-06T12:30:00+00:00,finished,5,2-3,SC Heerenveen,Ringo Meerveld,M,90,7.8,46,1,0,0.1108,0.00998535,1,1,0,33,26,2,1,0,0,3,3,3,4,0,0,0,0,1,0,9,0,2,10,0,1,0,0,0,3,0,2026-09-07T05:01:48.763081+00:00
Eredivisie 2026/2027,SC Heerenveen - AZ Alkmaar,2026-09-06T12:30:00+00:00,finished,5,2-3,AZ Alkmaar,Rion Ichihara,D,0,,0,0,0,,,0,0,0,0,0,0,0,0,0,0,0,0,0,0,0,0,0,0,0,0,0,0,0,0,0,0,0,0,0,0,2026-09-07T05:01:48.763378+00:00
Eredivisie 2026/2027,SC Heerenveen - AZ Alkmaar,2026-09-06T12:30:00+00:00,finished,5,2-3,AZ Alkmaar,Ro-Zangelo Daal,M,82,7.3,55,1,0,0.045,0.123907,1,1,1,36,29,1,1,2,0,5,1,5,10,0,1,2,1,0,1,3,0,2,15,2,2,1,0,0,2,0,2026-09-07T05:01:48.763320+00:00
Eredivisie 2026/2027,SC Heerenveen - AZ Alkmaar,2026-09-06T12:30:00+00:00,finished,5,2-3,AZ Alkmaar,Rome Jayden Owusu-Oduro,G,0,,0,0,0,,,0,0,0,0,0,0,0,0,0,0,0,0,0,0,0,0,0,0,0,0,0,0,0,0,0,0,0,0,0,0,2026-09-07T05:01:48.763387+00:00
Eredivisie 2026/2027,SC Heerenveen - AZ Alkmaar,2026-09-06T12:30:00+00:00,finished,5,2-3,SC Heerenveen,Sam Kersten,D,90,6.9,62,0,0,,0.00788041,0,0,0,49,43,5,3,0,0,1,1,9,0,2,0,4,3,4,0,3,0,0,6,2,0,0,0,0,3,0,2026-09-07T05:01:48.763140+00:00
Eredivisie 2026/2027,SC Heerenveen - AZ Alkmaar,2026-09-06T12:30:00+00:00,finished,5,2-3,AZ Alkmaar,Seiya Maikuma,D,22,7.0,15,0,0,,0.054405,0,0,1,10,8,0,0,1,1,0,0,3,0,1,0,1,0,1,0,2,0,0,2,1,0,0,0,0,0,0,2026-09-07T05:01:48.763359+00:00
Eredivisie 2026/2027,SC Heerenveen - AZ Alkmaar,2026-09-06T12:30:00+00:00,finished,5,2-3,SC Heerenveen,Timo Schreuder,G,0,,0,0,0,,,0,0,0,0,0,0,0,0,0,0,0,0,0,0,0,0,0,0,0,0,0,0,0,0,0,0,0,0,0,0,2026-09-07T05:01:48.763216+00:00
Eredivisie 2026/2027,SC Heerenveen - AZ Alkmaar,2026-09-06T12:30:00+00:00,finished,5,2-3,AZ Alkmaar,Valdemar Byskov,M,26,6.8,13,0,1,,0.153383,0,0,1,10,9,1,1,0,0,0,0,1,2,0,0,1,1,0,0,2,0,1,3,0,0,0,0,0,0,0,2026-09-07T05:01:48.763354+00:00
Eredivisie 2026/2027,SC Heerenveen - AZ Alkmaar,2026-09-06T12:30:00+00:00,finished,5,2-3,SC Heerenveen,Vasilios Zagaritis,D,90,6.2,47,0,0,0.2155,0.110472,2,1,1,24,21,1,1,3,1,2,0,2,5,1,1,0,0,1,0,0,1,0,10,1,1,0,0,0,3,0,2026-09-07T05:01:48.763156+00:00
Eredivisie 2026/2027,SC Heerenveen - AZ Alkmaar,2026-09-06T12:30:00+00:00,finished,5,2-3,AZ Alkmaar,Weslley Patati,F,45,6.5,31,0,0,0.1224,0.0664967,1,0,1,22,18,1,0,0,0,1,1,4,2,0,1,2,2,1,0,1,1,0,6,1,1,0,0,0,2,0,2026-09-07T05:01:48.763350+00:00
Eredivisie 2026/2027,SC Heerenveen - AZ Alkmaar,2026-09-06T12:30:00+00:00,finished,5,2-3,AZ Alkmaar,Wouter Goes,D,90,7.3,80,0,1,,0.0848557,0,0,1,67,65,5,4,0,0,0,0,3,4,2,2,1,1,6,2,5,0,0,3,0,1,0,0,0,2,0,2026-09-07T05:01:48.763276+00:00
Eredivisie 2026/2027,SC Telstar - SC Cambuur,2026-09-06T12:30:00+00:00,finished,5,2-2,SC Telstar,,,0,,0,0,0,,,0,0,0,0,0,0,0,0,0,0,0,0,0,0,0,0,0,0,0,0,0,0,0,0,0,0,0,0,0,0,2026-09-07T05:01:48.668615+00:00
Eredivisie 2026/2027,SC Telstar - SC Cambuur,2026-09-06T12:30:00+00:00,finished,5,2-2,SC Cambuur,,,90,6.4,79,0,0,0.0701,0.0557599,1,0,0,67,61,8,4,0,0,0,0,5,4,0,1,4,4,4,1,2,0,0,6,1,2,0,0,0,2,0,2026-09-07T05:01:48.668649+00:00
Eredivisie 2026/2027,SC Telstar - SC Cambuur,2026-09-06T12:30:00+00:00,finished,5,2-2,SC Cambuur,,,22,6.0,11,0,0,,0.00367528,0,0,0,5,4,1,0,0,0,0,0,2,7,0,0,0,0,1,0,0,0,3,4,2,3,0,0,0,1,0,2026-09-07T05:01:48.668705+00:00
Eredivisie 2026/2027,SC Telstar - SC Cambuur,2026-09-06T12:30:00+00:00,finished,5,2-2,SC Cambuur,,,0,,0,0,0,,,0,0,0,0,0,0,0,0,0,0,0,0,0,0,0,0,0,0,0,0,0,0,0,0,0,0,0,0,0,0,2026-09-07T05:01:48.668737+00:00
Eredivisie 2026/2027,SC Telstar - SC Cambuur,2026-09-06T12:30:00+00:00,finished,5,2-2,SC Telstar,Abdelnour Soualhia,D,90,6.4,64,0,0,0.1024,0.00784526,1,0,0,48,41,6,4,0,0,1,1,5,5,3,3,0,0,3,2,6,0,0,10,1,2,1,0,0,2,0,2026-09-07T05:01:48.668524+00:00
Eredivisie 2026/2027,SC Telstar - SC Cambuur,2026-09-06T12:30:00+00:00,finished,5,2-2,SC Telstar,Daan Reiziger,G,0,,0,0,0,,,0,0,0,0,0,0,0,0,0,0,0,0,0,0,0,0,0,0,0,0,0,0,0,0,0,0,0,0,0,0,2026-09-07T05:01:48.668611+00:00
Eredivisie 2026/2027,SC Telstar - SC Cambuur,2026-09-06T12:30:00+00:00,finished,5,2-2,SC Cambuur,Devid Bouah,M,72,6.8,61,0,0,0.0404,0.0297288,1,0,0,42,34,2,0,4,1,1,1,9,2,7,0,0,0,4,0,5,0,1,14,1,1,0,0,0,1,0,2026-09-07T05:01:48.668670+00:00
Eredivisie 2026/2027,SC Telstar - SC Cambuur,2026-09-06T12:30:00+00:00,finished,5,2-2,SC Telstar,Emirhan Demircan,M,0,,0,0,0,,,0,0,0,0,0,0,0,0,0,0,0,0,0,0,0,0,0,0,0,0,0,0,0,0,0,0,0,0,0,0,2026-09-07T05:01:48.668621+00:00
Eredivisie 2026/2027,SC Telstar - SC Cambuur,2026-09-06T12:30:00+00:00,finished,5,2-2,SC Cambuur,Ethan Apkakou,M,0,,0,0,0,,,0,0,0,0,0,0,0,0,0,0,0,0,0,0,0,0,0,0,0,0,0,0,0,0,0,0,0,0,0,0,2026-09-07T05:01:48.668750+00:00
Eredivisie 2026/2027,SC Telstar - SC Cambuur,2026-09-06T12:30:00+00:00,finished,5,2-2,SC Cambuur,Fabian Kvam,M,68,6.8,35,0,0,0.0615,0.169271,1,0,0,21,18,2,2,2,1,2,1,3,4,0,2,2,2,1,2,6,0,0,7,0,1,0,0,0,1,0,2026-09-07T05:01:48.668679+00:00
Eredivisie 2026/2027,SC Telstar - SC Cambuur,2026-09-06T12:30:00+00:00,finished,5,2-2,SC Telstar,Finn Mulder,G,0,,0,0,0,,,0,0,0,0,0,0,0,0,0,0,0,0,0,0,0,0,0,0,0,0,0,0,0,0,0,0,0,0,0,0,2026-09-07T05:01:48.668605+00:00
Eredivisie 2026/2027,SC Telstar - SC Cambuur,2026-09-06T12:30:00+00:00,finished,5,2-2,SC Telstar,Fofin Turay,F,0,,0,0,0,,,0,0,0,0,0,0,0,0,0,0,0,0,0,0,0,0,0,0,0,0,0,0,0,0,0,0,0,0,0,0,2026-09-07T05:01:48.668630+00:00
Eredivisie 2026/2027,SC Telstar - SC Cambuur,2026-09-06T12:30:00+00:00,finished,5,2-2,SC Telstar,Gerald Alders,D,87,7.1,41,0,0,,0.341629,0,0,1,21,20,3,2,1,0,1,0,3,6,0,2,2,2,2,1,0,0,1,8,1,1,0,0,0,2,0,2026-09-07T05:01:48.668553+00:00
Eredivisie 2026/2027,SC Telstar - SC Cambuur,2026-09-06T12:30:00+00:00,finished,5,2-2,SC Telstar,Harrie Kuster,M,24,6.7,11,0,0,0.063,0.00773462,1,0,1,4,3,0,0,0,0,1,1,3,2,0,0,0,0,0,0,1,1,2,4,2,0,0,0,0,0,0,2026-09-07T05:01:48.668579+00:00
Eredivisie 2026/2027,SC Telstar - SC Cambuur,2026-09-06T12:30:00+00:00,finished,5,2-2,SC Cambuur,Ilyes Hamache,M,90,6.2,54,0,1,,0.254796,0,0,2,37,33,1,0,1,0,6,1,2,9,0,1,1,1,0,0,6,0,1,16,0,0,0,0,0,2,0,2026-09-07T05:01:48.668665+00:00
Eredivisie 2026/2027,SC Telstar - SC Cambuur,2026-09-06T12:30:00+00:00,finished,5,2-2,SC Telstar,Isaiah Ahmed,M,0,,0,0,0,,,0,0,0,0,0,0,0,0,0,0,0,0,0,0,0,0,0,0,0,0,0,0,0,0,0,0,0,0,0,0,2026-09-07T05:01:48.668634+00:00
Eredivisie 2026/2027,SC Telstar - SC Cambuur,2026-09-06T12:30:00+00:00,finished,5,2-2,SC Cambuur,Ismaël Baouf,D,42,7.1,33,0,0,,0.00810343,0,0,0,28,27,2,1,0,0,0,0,1,3,0,0,1,1,1,0,1,0,0,2,0,2,1,0,0,0,0,2026-09-07T05:01:48.668695+00:00
Eredivisie 2026/2027,SC Telstar - SC Cambuur,2026-09-06T12:30:00+00:00,finished,5,2-2,SC Cambuur,Iwan Henstra,F,0,,0,0,0,,,0,0,0,0,0,0,0,0,0,0,0,0,0,0,0,0,0,0,0,0,0,0,0,0,0,0,0,0,0,0,2026-09-07T05:01:48.668724+00:00
Eredivisie 2026/2027,SC Telstar - SC Cambuur,2026-09-06T12:30:00+00:00,finished,5,2-2,SC Cambuur,Jamal Amofa,D,90,7.3,66,0,0,,0.0422106,0,0,0,57,49,8,5,0,0,1,1,4,0,0,0,3,2,1,4,3,0,0,8,0,0,0,0,0,2,0,2026-09-07T05:01:48.668639+00:00
Eredivisie 2026/2027,SC Telstar - SC Cambuur,2026-09-06T12:30:00+00:00,finished,5,2-2,SC Telstar,Jeff Hardeveld,M,66,6.6,42,0,0,,0.114391,0,0,0,28,21,5,2,3,2,0,0,3,7,1,4,1,0,0,0,2,0,0,12,1,1,0,0,0,2,0,2026-09-07T05:01:48.668563+00:00
Eredivisie 2026/2027,SC Telstar - SC Cambuur,2026-09-06T12:30:00+00:00,finished,5,2-2,SC Telstar,Jelani Seedorf,F,30,7.1,14,0,0,0.0632,0.142809,1,0,0,8,4,0,0,0,0,0,0,2,0,1,0,1,1,0,0,2,1,0,7,0,0,0,0,0,1,0,2026-09-07T05:01:48.668574+00:00
Eredivisie 2026/2027,SC Telstar - SC Cambuur,2026-09-06T12:30:00+00:00,finished,5,2-2,SC Cambuur,Jorn Berkhout,D,0,,0,0,0,,,0,0,0,0,0,0,0,0,0,0,0,0,0,0,0,0,0,0,0,0,0,0,0,0,0,0,0,0,0,0,2026-09-07T05:01:48.668756+00:00
Eredivisie 2026/2027,SC Telstar - SC Cambuur,2026-09-06T12:30:00+00:00,finished,5,2-2,SC Cambuur,Lucas Jetten,D,18,6.4,11,0,0,,0.00142278,0,0,0,7,6,0,0,0,0,0,0,1,0,0,0,1,1,1,0,1,0,0,2,0,0,0,0,0,1,0,2026-09-07T05:01:48.668714+00:00
Eredivisie 2026/2027,SC Telstar - SC Cambuur,2026-09-06T12:30:00+00:00,finished,5,2-2,SC Telstar,Marvin Peersman,D,90,7.0,62,0,0,0.0993,0.00992441,2,0,0,36,27,6,3,0,0,3,1,13,6,6,2,2,1,2,1,6,2,0,14,4,1,0,0,0,2,0,2026-09-07T05:01:48.668531+00:00
Eredivisie 2026/2027,SC Telstar - SC Cambuur,2026-09-06T12:30:00+00:00,finished,5,2-2,SC Cambuur,Mathieu Maertens,F,22,6.5,14,0,0,,0.167324,0,0,1,7,6,0,0,2,1,0,0,0,3,0,0,0,0,1,1,1,0,1,3,0,2,0,0,0,1,0,2026-09-07T05:01:48.668700+00:00
Eredivisie 2026/2027,SC Telstar - SC Cambuur,2026-09-06T12:30:00+00:00,finished,5,2-2,SC Cambuur,Matthijs Kalisvaart,G,0,,0,0,0,,,0,0,0,0,0,0,0,0,0,0,0,0,0,0,0,0,0,0,0,0,0,0,0,0,0,0,0,0,0,0,2026-09-07T05:01:48.668719+00:00
Eredivisie 2026/2027,SC Telstar - SC Cambuur,2026-09-06T12:30:00+00:00,finished,5,2-2,SC Cambuur,Morgan Costarelli,D,72,6.8,60,0,0,,0.10663,0,0,0,44,42,1,1,1,0,0,0,6,3,2,1,2,0,3,1,3,0,1,5,2,1,0,0,0,1,0,2026-09-07T05:01:48.668675+00:00
Eredivisie 2026/2027,SC Telstar - SC Cambuur,2026-09-06T12:30:00+00:00,finished,5,2-2,SC Cambuur,Nicky Souren,M,90,7.1,53,0,0,,0.101029,0,0,2,40,36,5,2,1,0,0,0,0,6,0,3,0,0,6,2,4,0,0,6,0,1,0,0,0,2,0,2026-09-07T05:01:48.668654+00:00
Eredivisie 2026/2027,SC Telstar - SC Cambuur,2026-09-06T12:30:00+00:00,finished,5,2-2,SC Cambuur,Nicolas Binder,F,68,8.1,19,1,1,0.5184,0.221873,1,1,1,10,4,2,1,0,0,1,0,4,3,3,0,0,0,4,0,2,0,0,8,1,2,0,0,0,1,0,2026-09-07T05:01:48.668684+00:00
Eredivisie 2026/2027,SC Telstar - SC Cambuur,2026-09-06T12:30:00+00:00,finished,5,2-2,SC Telstar,Nigel Ogidi Nwankwo,D,0,,0,0,0,,,0,0,0,0,0,0,0,0,0,0,0,0,0,0,0,0,0,0,0,0,0,0,0,0,0,0,0,0,0,0,2026-09-07T05:01:48.668625+00:00
Eredivisie 2026/2027,SC Telstar - SC Cambuur,2026-09-06T12:30:00+00:00,finished,5,2-2,SC Telstar,Nils Rossen,M,66,6.5,23,0,0,,0.00485775,0,0,0,19,16,2,1,0,0,2,2,2,0,0,0,0,0,0,0,3,0,0,3,0,0,0,0,0,2,0,2026-09-07T05:01:48.668558+00:00
Eredivisie 2026/2027,SC Telstar - SC Cambuur,2026-09-06T12:30:00+00:00,finished,5,2-2,SC Telstar,Noach Shenkman,M,15,6.7,5,0,0,,5.361e-05,0,0,0,4,1,0,0,0,0,0,0,3,1,2,1,0,0,0,0,0,0,0,3,1,0,0,0,0,0,0,2026-09-07T05:01:48.668601+00:00
Eredivisie 2026/2027,SC Telstar - SC Cambuur,2026-09-06T12:30:00+00:00,finished,5,2-2,SC Telstar,Nökkvi Þórisson,F,22,3.6,12,0,0,,0.00656804,0,0,0,8,5,0,0,0,0,1,0,1,2,1,0,0,0,0,0,1,0,0,6,0,1,0,1,0,2,0,2026-09-07T05:01:48.668590+00:00
Eredivisie 2026/2027,SC Telstar - SC Cambuur,2026-09-06T12:30:00+00:00,finished,5,2-2,SC Telstar,Patrick Brouwer,F,90,7.5,43,0,0,0.1313,0.349145,2,0,3,20,14,1,0,5,1,2,1,6,6,0,1,1,0,0,0,1,0,3,16,4,0,0,0,0,2,0,2026-09-07T05:01:48.668542+00:00
Eredivisie 2026/2027,SC Telstar - SC Cambuur,2026-09-06T12:30:00+00:00,finished,5,2-2,SC Telstar,Prince Aning,D,24,7.0,12,0,0,,0.00577384,0,0,0,5,3,0,0,1,0,0,0,5,0,0,0,2,1,0,0,1,0,0,3,3,0,0,0,0,0,0,2026-09-07T05:01:48.668584+00:00
Eredivisie 2026/2027,SC Telstar - SC Cambuur,2026-09-06T12:30:00+00:00,finished,5,2-2,SC Cambuur,Rafik El Arguioui,M,90,7.1,38,1,0,0.1394,0.0995478,3,2,2,18,14,2,2,5,3,2,1,1,8,0,1,0,0,2,0,3,1,3,14,0,3,1,0,0,2,0,2026-09-07T05:01:48.668659+00:00
Eredivisie 2026/2027,SC Telstar - SC Cambuur,2026-09-06T12:30:00+00:00,finished,5,2-2,SC Cambuur,Rik Mulders,D,18,6.0,12,0,0,,0.00086602,0,0,0,7,4,2,0,0,0,0,0,1,4,0,3,1,1,0,0,0,0,0,4,0,1,1,0,0,1,0,2026-09-07T05:01:48.668709+00:00
Eredivisie 2026/2027,SC Telstar - SC Cambuur,2026-09-06T12:30:00+00:00,finished,5,2-2,SC Telstar,Rojendro Oudsten,M,15,6.7,1,0,0,,0.0009908,0,0,0,1,1,0,0,0,0,0,0,0,0,0,0,0,0,0,0,0,0,0,0,0,0,0,0,0,0,0,2026-09-07T05:01:48.668595+00:00
Eredivisie 2026/2027,SC Telstar - SC Cambuur,2026-09-06T12:30:00+00:00,finished,5,2-2,SC Telstar,Ronald Koeman Jr,G,90,7.9,60,2,0,1.5768,0.0245557,2,2,0,50,28,38,16,0,0,0,0,0,0,0,0,0,0,0,0,13,0,0,22,0,0,1,0,1,2,0,2026-09-07T05:01:48.668537+00:00
Eredivisie 2026/2027,SC Telstar - SC Cambuur,2026-09-06T12:30:00+00:00,finished,5,2-2,SC Telstar,Rui Mendes,F,60,6.0,18,0,0,0.1202,0.00058713,2,0,0,8,3,1,1,0,0,1,0,1,4,1,0,0,0,0,0,0,0,2,12,0,1,1,0,0,2,0,2026-09-07T05:01:48.668568+00:00
Eredivisie 2026/2027,SC Telstar - SC Cambuur,2026-09-06T12:30:00+00:00,finished,5,2-2,SC Cambuur,Sami Bouhoudane,F,48,5.3,21,0,0,0.1496,0.192069,1,0,0,10,6,0,0,0,0,1,0,1,12,1,8,0,0,0,0,3,1,2,11,0,1,1,0,0,2,0,2026-09-07T05:01:48.668689+00:00
Eredivisie 2026/2027,SC Telstar - SC Cambuur,2026-09-06T12:30:00+00:00,finished,5,2-2,SC Telstar,Sem Valk,D,90,7.7,44,0,0,0.0204,0.12622,1,0,1,27,20,1,0,1,1,0,0,11,1,3,1,7,4,3,1,4,0,0,8,1,0,0,0,0,2,0,2026-09-07T05:01:48.668493+00:00
Eredivisie 2026/2027,SC Telstar - SC Cambuur,2026-09-06T12:30:00+00:00,finished,5,2-2,SC Cambuur,Skye Vink,F,0,,0,0,0,,,0,0,0,0,0,0,0,0,0,0,0,0,0,0,0,0,0,0,0,0,0,0,0,0,0,0,0,0,0,0,2026-09-07T05:01:48.668766+00:00
Eredivisie 2026/2027,SC Telstar - SC Cambuur,2026-09-06T12:30:00+00:00,finished,5,2-2,SC Cambuur,Thijs Jansen,G,90,7.0,54,0,0,,0.00510433,0,0,0,41,26,23,8,0,0,0,0,1,0,0,0,1,1,3,0,12,0,0,15,0,0,0,0,0,2,1,2026-09-07T05:01:48.668644+00:00
Eredivisie 2026/2027,SC Telstar - SC Cambuur,2026-09-06T12:30:00+00:00,finished,5,2-2,SC Telstar,Tyrone Owusu,M,87,7.1,57,0,0,,0.0326219,0,0,0,39,29,7,4,1,0,3,2,7,2,0,0,4,2,3,0,7,0,1,16,1,0,0,0,0,2,0,2026-09-07T05:01:48.668547+00:00
Eredivisie 2026/2027,SC Telstar - SC Cambuur,2026-09-06T12:30:00+00:00,finished,5,2-2,SC Cambuur,Wiebe Kooistra,F,0,,0,0,0,,,0,0,0,0,0,0,0,0,0,0,0,0,0,0,0,0,0,0,0,0,0,0,0,0,0,0,0,0,0,0,2026-09-07T05:01:48.668761+00:00
Eredivisie 2026/2027,ADO Den Haag - Fortuna Sittard,2026-09-06T14:45:00+00:00,finished,5,2-3,Fortuna Sittard,,,0,,0,0,0,,,0,0,0,0,0,0,0,0,0,0,0,0,0,0,0,0,0,0,0,0,0,0,0,0,0,0,0,0,0,0,2026-09-07T05:01:48.848917+00:00
Eredivisie 2026/2027,ADO Den Haag - Fortuna Sittard,2026-09-06T14:45:00+00:00,finished,5,2-3,ADO Den Haag,,,45,6.3,36,0,0,,0.00657226,0,0,0,29,24,5,2,0,0,0,0,3,4,2,3,0,0,3,0,4,0,0,8,1,1,0,0,0,1,0,2026-09-07T05:01:48.848965+00:00
Eredivisie 2026/2027,ADO Den Haag - Fortuna Sittard,2026-09-06T14:45:00+00:00,finished,5,2-3,Fortuna Sittard,Anthony Descotte,F,64,6.2,22,0,0,,0.00115574,0,0,0,10,8,0,0,1,0,1,1,4,3,0,0,0,0,0,0,1,0,2,9,3,1,0,0,0,1,0,2026-09-07T05:01:48.848875+00:00
Eredivisie 2026/2027,ADO Den Haag - Fortuna Sittard,2026-09-06T14:45:00+00:00,finished,5,2-3,ADO Den Haag,Caleb Kramer,G,0,,0,0,0,,,0,0,0,0,0,0,0,0,0,0,0,0,0,0,0,0,0,0,0,0,0,0,0,0,0,0,0,0,0,0,2026-09-07T05:01:48.848998+00:00
Eredivisie 2026/2027,ADO Den Haag - Fortuna Sittard,2026-09-06T14:45:00+00:00,finished,5,2-3,ADO Den Haag,Daryl van Mieghem,M,45,6.2,25,0,0,0.0165,0.0335982,1,1,0,15,10,2,1,4,0,0,0,1,3,0,0,0,0,0,0,0,0,0,10,1,2,0,0,0,2,0,2026-09-07T05:01:48.848979+00:00
Eredivisie 2026/2027,ADO Den Haag - Fortuna Sittard,2026-09-06T14:45:00+00:00,finished,5,2-3,Fortuna Sittard,David Stockbrink,F,0,,0,0,0,,,0,0,0,0,0,0,0,0,0,0,0,0,0,0,0,0,0,0,0,0,0,0,0,0,0,0,0,0,0,0,2026-09-07T05:01:48.848894+00:00
Eredivisie 2026/2027,ADO Den Haag - Fortuna Sittard,2026-09-06T14:45:00+00:00,finished,5,2-3,ADO Den Haag,Evan Rottier,F,90,7.1,27,0,1,,0.28582,0,0,2,19,16,1,1,3,2,0,0,5,1,0,1,2,1,0,0,1,0,0,4,3,0,0,0,0,3,0,2026-09-07T05:01:48.848923+00:00
Eredivisie 2026/2027,ADO Den Haag - Fortuna Sittard,2026-09-06T14:45:00+00:00,finished,5,2-3,ADO Den Haag,Finn de Bruin,M,0,,0,0,0,,,0,0,0,0,0,0,0,0,0,0,0,0,0,0,0,0,0,0,0,0,0,0,0,0,0,0,0,0,0,0,2026-09-07T05:01:48.849025+00:00
Eredivisie 2026/2027,ADO Den Haag - Fortuna Sittard,2026-09-06T14:45:00+00:00,finished,5,2-3,Fortuna Sittard,Ganni Buyukhan,M,0,,0,0,0,,,0,0,0,0,0,0,0,0,0,0,0,0,0,0,0,0,0,0,0,0,0,0,0,0,0,0,0,0,0,0,2026-09-07T05:01:48.848903+00:00
Eredivisie 2026/2027,ADO Den Haag - Fortuna Sittard,2026-09-06T14:45:00+00:00,finished,5,2-3,ADO Den Haag,Illaijh de Ruijter,D,18,6.8,10,0,0,0.1046,0.0168028,1,0,0,7,6,1,1,1,0,0,0,1,1,1,1,0,0,0,0,0,0,0,3,0,0,0,0,0,0,0,2026-09-07T05:01:48.848994+00:00
Eredivisie 2026/2027,ADO Den Haag - Fortuna Sittard,2026-09-06T14:45:00+00:00,finished,5,2-3,Fortuna Sittard,Ivo Pinto,D,90,6.3,49,0,0,,0.0180748,0,0,1,19,14,3,1,2,1,0,0,4,3,1,2,1,0,6,1,6,0,1,11,2,0,0,0,0,2,0,2026-09-07T05:01:48.848810+00:00
Eredivisie 2026/2027,ADO Den Haag - Fortuna Sittard,2026-09-06T14:45:00+00:00,finished,5,2-3,ADO Den Haag,Jalen Hawkins,M,45,6.5,29,0,0,,0.0312219,0,0,0,19,15,1,0,6,1,1,1,1,1,0,0,0,0,0,0,2,0,0,11,0,1,0,0,0,1,0,2026-09-07T05:01:48.848969+00:00
Eredivisie 2026/2027,ADO Den Haag - Fortuna Sittard,2026-09-06T14:45:00+00:00,finished,5,2-3,ADO Den Haag,Jan Žambůrek,M,0,,0,0,0,,,0,0,0,0,0,0,0,0,0,0,0,0,0,0,0,0,0,0,0,0,0,0,0,0,0,0,0,0,0,0,2026-09-07T05:01:48.849021+00:00
Eredivisie 2026/2027,ADO Den Haag - Fortuna Sittard,2026-09-06T14:45:00+00:00,finished,5,2-3,Fortuna Sittard,Jasper Dahlhaus,D,90,5.6,39,0,0,,0.00565463,0,0,0,23,15,2,1,0,0,2,0,0,7,0,1,0,0,3,0,1,0,0,16,0,2,1,0,0,2,0,2026-09-07T05:01:48.848828+00:00
Eredivisie 2026/2027,ADO Den Haag - Fortuna Sittard,2026-09-06T14:45:00+00:00,finished,5,2-3,ADO Den Haag,Jesse Bal,F,37,7.5,12,1,0,0.2025,0.00722369,2,1,1,5,3,0,0,0,0,0,0,3,2,2,1,0,0,0,0,1,0,0,3,1,1,0,0,0,1,0,2026-09-07T05:01:48.848984+00:00
Eredivisie 2026/2027,ADO Den Haag - Fortuna Sittard,2026-09-06T14:45:00+00:00,finished,5,2-3,ADO Den Haag,Juho Kilo,M,90,8.5,120,0,1,,0.166517,0,0,1,100,92,12,7,5,2,1,1,10,2,2,0,5,3,0,1,6,0,0,12,2,2,0,0,0,3,0,2026-09-07T05:01:48.848946+00:00
Eredivisie 2026/2027,ADO Den Haag - Fortuna Sittard,2026-09-06T14:45:00+00:00,finished,5,2-3,Fortuna Sittard,Justin Hubner,D,90,6.4,70,0,0,,0.00391938,0,0,0,56,50,7,2,0,0,2,1,3,2,1,0,0,0,7,1,2,0,0,7,1,1,1,0,0,2,0,2026-09-07T05:01:48.848787+00:00
Eredivisie 2026/2027,ADO Den Haag - Fortuna Sittard,2026-09-06T14:45:00+00:00,finished,5,2-3,Fortuna Sittard,Kaylen Reitmaier,G,0,,0,0,0,,,0,0,0,0,0,0,0,0,0,0,0,0,0,0,0,0,0,0,0,0,0,0,0,0,0,0,0,0,0,0,2026-09-07T05:01:48.848908+00:00
Eredivisie 2026/2027,ADO Den Haag - Fortuna Sittard,2026-09-06T14:45:00+00:00,finished,5,2-3,ADO Den Haag,Kilian Nikièma,G,90,6.0,31,0,0,,0.00222727,0,0,0,22,18,12,8,0,0,0,0,0,0,0,0,0,0,1,0,14,0,0,5,0,0,0,0,2,3,0,2026-09-07T05:01:48.848928+00:00
Eredivisie 2026/2027,ADO Den Haag - Fortuna Sittard,2026-09-06T14:45:00+00:00,finished,5,2-3,ADO Den Haag,Lasse Wilhelm,D,0,,0,0,0,,,0,0,0,0,0,0,0,0,0,0,0,0,0,0,0,0,0,0,0,0,0,0,0,0,0,0,0,0,0,0,2026-09-07T05:01:48.849016+00:00
Eredivisie 2026/2027,ADO Den Haag - Fortuna Sittard,2026-09-06T14:45:00+00:00,finished,5,2-3,Fortuna Sittard,Lequincio Zeefuik,F,90,7.6,34,1,0,0.2341,0.18513,2,1,1,17,10,0,0,0,0,5,0,10,14,7,6,1,1,1,0,2,1,2,16,2,1,0,0,0,2,0,2026-09-07T05:01:48.848747+00:00
Eredivisie 2026/2027,ADO Den Haag - Fortuna Sittard,2026-09-06T14:45:00+00:00,finished,5,2-3,ADO Den Haag,Luka Reischl,F,26,6.7,6,0,0,,0.00071696,0,0,1,2,1,0,0,0,0,0,0,3,0,1,0,1,1,0,0,1,0,0,2,1,0,0,0,0,0,0,2026-09-07T05:01:48.848989+00:00
Eredivisie 2026/2027,ADO Den Haag - Fortuna Sittard,2026-09-06T14:45:00+00:00,finished,5,2-3,Fortuna Sittard,Luuk Koopmans,G,0,,0,0,0,,,0,0,0,0,0,0,0,0,0,0,0,0,0,0,0,0,0,0,0,0,0,0,0,0,0,0,0,0,0,0,2026-09-07T05:01:48.848913+00:00
Eredivisie 2026/2027,ADO Den Haag - Fortuna Sittard,2026-09-06T14:45:00+00:00,finished,5,2-3,ADO Den Haag,Matteo Waem,D,0,,0,0,0,,,0,0,0,0,0,0,0,0,0,0,0,0,0,0,0,0,0,0,0,0,0,0,0,0,0,0,0,0,0,0,2026-09-07T05:01:48.849007+00:00
Eredivisie 2026/2027,ADO Den Haag - Fortuna Sittard,2026-09-06T14:45:00+00:00,finished,5,2-3,Fortuna Sittard,Mattijs Branderhorst,G,90,6.5,39,0,0,,0.00748909,0,0,0,30,19,21,10,0,0,0,0,1,0,1,0,0,0,0,0,10,0,0,13,0,0,0,0,1,2,0,2026-09-07T05:01:48.848816+00:00
Eredivisie 2026/2027,ADO Den Haag - Fortuna Sittard,2026-09-06T14:45:00+00:00,finished,5,2-3,ADO Den Haag,Milan Hokke,D,90,5.9,99,0,0,0.0222,0.0416082,1,0,1,77,70,5,1,4,1,0,0,5,3,0,2,3,2,1,3,9,1,0,15,2,0,0,0,0,3,0,2026-09-07T05:01:48.848942+00:00
Eredivisie 2026/2027,ADO Den Haag - Fortuna Sittard,2026-09-06T14:45:00+00:00,finished,5,2-3,Fortuna Sittard,Mohamed Ihattaren,M,74,9.2,49,2,1,0.0877,0.107125,3,3,1,38,30,3,0,3,1,0,0,2,4,0,0,0,0,1,0,3,0,1,11,2,2,0,0,0,1,0,2026-09-07T05:01:48.848869+00:00
Eredivisie 2026/2027,ADO Den Haag - Fortuna Sittard,2026-09-06T14:45:00+00:00,finished,5,2-3,Fortuna Sittard,Moussa Gbemou,M,0,,0,0,0,,,0,0,0,0,0,0,0,0,0,0,0,0,0,0,0,0,0,0,0,0,0,0,0,0,0,0,0,0,0,0,2026-09-07T05:01:48.848898+00:00
Eredivisie 2026/2027,ADO Den Haag - Fortuna Sittard,2026-09-06T14:45:00+00:00,finished,5,2-3,ADO Den Haag,Mylian Jimenez,M,53,6.6,36,0,0,,0.0158444,0,0,0,30,24,2,0,0,0,0,0,3,1,0,0,3,2,0,1,2,0,0,6,0,1,0,0,0,2,0,2026-09-07T05:01:48.848961+00:00
Eredivisie 2026/2027,ADO Den Haag - Fortuna Sittard,2026-09-06T14:45:00+00:00,finished,5,2-3,Fortuna Sittard,Nick de Groot,D,15,6.1,5,0,0,,,0,0,1,1,0,1,0,0,0,0,0,0,3,0,1,0,0,1,0,1,0,1,2,0,1,0,0,0,1,0,2026-09-07T05:01:48.848889+00:00
Eredivisie 2026/2027,ADO Den Haag - Fortuna Sittard,2026-09-06T14:45:00+00:00,finished,5,2-3,ADO Den Haag,Niclas Thiede,G,0,,0,0,0,,,0,0,0,0,0,0,0,0,0,0,0,0,0,0,0,0,0,0,0,0,0,0,0,0,0,0,0,0,0,0,2026-09-07T05:01:48.849002+00:00
Eredivisie 2026/2027,ADO Den Haag - Fortuna Sittard,2026-09-06T14:45:00+00:00,finished,5,2-3,ADO Den Haag,Nigel Thomas,F,72,6.5,32,0,0,0.0532,0.0606609,3,0,0,20,17,1,1,2,0,2,0,3,4,0,0,1,0,0,0,2,1,0,9,2,2,0,0,0,3,0,2026-09-07T05:01:48.848951+00:00
Eredivisie 2026/2027,ADO Den Haag - Fortuna Sittard,2026-09-06T14:45:00+00:00,finished,5,2-3,ADO Den Haag,Othniël Raterink,D,90,6.2,59,0,0,,0.0358295,0,0,1,37,32,1,1,5,1,0,0,6,5,2,2,4,2,1,0,3,0,0,12,0,2,0,0,0,3,0,2026-09-07T05:01:48.848933+00:00
Eredivisie 2026/2027,ADO Den Haag - Fortuna Sittard,2026-09-06T14:45:00+00:00,finished,5,2-3,ADO Den Haag,Pascal Mulder,D,90,7.3,91,0,0,0.0982,0.0331321,2,0,0,68,63,7,5,1,0,2,1,11,5,7,3,2,1,5,2,3,0,0,9,1,1,0,0,0,3,0,2026-09-07T05:01:48.848938+00:00
Eredivisie 2026/2027,ADO Den Haag - Fortuna Sittard,2026-09-06T14:45:00+00:00,finished,5,2-3,Fortuna Sittard,Philip Brittijn,M,90,5.7,38,0,0,,0.00404416,0,0,0,33,28,3,0,0,0,0,0,1,5,0,2,1,1,1,1,1,0,1,6,0,2,1,0,0,2,0,2026-09-07T05:01:48.848804+00:00
Eredivisie 2026/2027,ADO Den Haag - Fortuna Sittard,2026-09-06T14:45:00+00:00,finished,5,2-3,Fortuna Sittard,Rodrigo Guth,D,90,6.9,69,0,0,,0.0431199,0,0,0,53,47,10,6,0,0,0,0,7,5,6,4,0,0,8,1,2,0,0,6,1,1,0,0,0,2,0,2026-09-07T05:01:48.848797+00:00
Eredivisie 2026/2027,ADO Den Haag - Fortuna Sittard,2026-09-06T14:45:00+00:00,finished,5,2-3,ADO Den Haag,Sanyika Bergtop,D,0,,0,0,0,,,0,0,0,0,0,0,0,0,0,0,0,0,0,0,0,0,0,0,0,0,0,0,0,0,0,0,0,0,0,0,2026-09-07T05:01:48.849011+00:00
Eredivisie 2026/2027,ADO Den Haag - Fortuna Sittard,2026-09-06T14:45:00+00:00,finished,5,2-3,ADO Den Haag,Sekou Sylla,D,45,6.1,34,0,0,,0.00375476,0,0,0,19,17,0,0,2,0,0,0,3,3,0,1,2,1,2,0,1,0,0,9,1,2,0,0,0,2,0,2026-09-07T05:01:48.848974+00:00
Eredivisie 2026/2027,ADO Den Haag - Fortuna Sittard,2026-09-06T14:45:00+00:00,finished,5,2-3,Fortuna Sittard,Shiloh 't Zand,M,90,6.3,32,0,0,0.1537,0.280993,2,1,1,21,20,1,1,0,0,1,0,2,6,0,1,0,0,0,0,4,1,1,5,2,3,1,0,0,2,0,2026-09-07T05:01:48.848862+00:00
Eredivisie 2026/2027,ADO Den Haag - Fortuna Sittard,2026-09-06T14:45:00+00:00,finished,5,2-3,Fortuna Sittard,Syb Van Ottele,D,16,6.7,8,0,0,,0.143555,0,0,0,5,2,3,2,0,0,0,0,1,0,1,0,0,0,1,0,0,0,0,3,0,0,0,0,0,1,0,2026-09-07T05:01:48.848884+00:00
Eredivisie 2026/2027,ADO Den Haag - Fortuna Sittard,2026-09-06T14:45:00+00:00,finished,5,2-3,ADO Den Haag,Yannick Eduardo,F,64,7.4,10,1,0,0.0783,0.00971962,1,1,0,6,5,0,0,0,0,0,0,3,6,2,4,0,0,0,0,0,0,0,1,1,2,0,0,0,3,0,2026-09-07T05:01:48.848956+00:00
Eredivisie 2026/2027,ADO Den Haag - Fortuna Sittard,2026-09-06T14:45:00+00:00,finished,5,2-3,Fortuna Sittard,Yassin Oukili,M,19,6.6,12,0,0,0.0729,0.00407585,1,0,0,5,3,0,0,0,0,1,1,1,3,0,0,0,0,1,0,2,1,2,5,0,1,0,0,0,0,0,2026-09-07T05:01:48.848879+00:00
Eredivisie 2026/2027,ADO Den Haag - Fortuna Sittard,2026-09-06T14:45:00+00:00,finished,5,2-3,Fortuna Sittard,Édouard Michut,M,90,6.6,61,0,0,,0.0127323,0,0,0,45,41,1,0,0,0,2,0,6,6,1,2,1,0,1,0,5,0,1,8,4,1,0,0,0,2,0,2026-09-07T05:01:48.848844+00:00
Eredivisie 2026/2027,FC Utrecht - Go Ahead Eagles,2026-09-08T12:00:00+00:00,finished,5,3-3,FC Utrecht,,,90,6.3,68,0,0,,0.0446624,0,0,0,62,55,6,3,0,0,0,0,4,3,2,0,1,1,2,0,3,0,0,7,1,2,0,0,0,3,0,2026-09-09T05:01:18.615921+00:00
Eredivisie 2026/2027,FC Utrecht - Go Ahead Eagles,2026-09-08T12:00:00+00:00,finished,5,3-3,FC Utrecht,,,29,6.4,13,0,0,,0.00359735,0,0,0,6,3,0,0,0,0,0,0,1,3,0,1,1,1,1,0,0,0,0,5,0,1,0,0,0,0,0,2026-09-09T05:01:18.616051+00:00
Eredivisie 2026/2027,FC Utrecht - Go Ahead Eagles,2026-09-08T12:00:00+00:00,finished,5,3-3,FC Utrecht,,,0,,0,0,0,,,0,0,0,0,0,0,0,0,0,0,0,0,0,0,0,0,0,0,0,0,0,0,0,0,0,0,0,0,0,0,2026-09-09T05:01:18.616086+00:00
Eredivisie 2026/2027,FC Utrecht - Go Ahead Eagles,2026-09-08T12:00:00+00:00,finished,5,3-3,FC Utrecht,,,0,,0,0,0,,,0,0,0,0,0,0,0,0,0,0,0,0,0,0,0,0,0,0,0,0,0,0,0,0,0,0,0,0,0,0,2026-09-09T05:01:18.616119+00:00
Eredivisie 2026/2027,FC Utrecht - Go Ahead Eagles,2026-09-08T12:00:00+00:00,finished,5,3-3,FC Utrecht,,,0,,0,0,0,,,0,0,0,0,0,0,0,0,0,0,0,0,0,0,0,0,0,0,0,0,0,0,0,0,0,0,0,0,0,0,2026-09-09T05:01:18.616153+00:00
Eredivisie 2026/2027,FC Utrecht - Go Ahead Eagles,2026-09-08T12:00:00+00:00,finished,5,3-3,FC Utrecht,,,0,,0,0,0,,,0,0,0,0,0,0,0,0,0,0,0,0,0,0,0,0,0,0,0,0,0,0,0,0,0,0,0,0,0,0,2026-09-09T05:01:18.616161+00:00
Eredivisie 2026/2027,FC Utrecht - Go Ahead Eagles,2026-09-08T12:00:00+00:00,finished,5,3-3,FC Utrecht,Adrian Blake,F,45,7.2,31,0,0,0.3075,0.128124,3,1,0,16,14,1,1,1,0,5,2,4,5,0,1,0,0,0,1,2,0,0,8,2,0,0,0,0,2,0,2026-09-09T05:01:18.616030+00:00
Eredivisie 2026/2027,FC Utrecht - Go Ahead Eagles,2026-09-08T12:00:00+00:00,finished,5,3-3,Go Ahead Eagles,Alfons Sampsted,D,90,5.6,55,0,0,,0.0220203,0,0,1,33,28,2,0,2,0,2,0,4,7,2,2,2,1,2,0,4,0,0,10,0,2,0,0,0,3,0,2026-09-09T05:01:18.615744+00:00
Eredivisie 2026/2027,FC Utrecht - Go Ahead Eagles,2026-09-08T12:00:00+00:00,finished,5,3-3,FC Utrecht,Artem Stepanov,F,90,7.1,36,1,0,0.9563,0.0595481,4,1,1,18,16,1,1,0,0,5,2,4,9,1,3,1,1,0,0,5,2,3,11,0,0,1,0,0,3,0,2026-09-09T05:01:18.615990+00:00
Eredivisie 2026/2027,FC Utrecht - Go Ahead Eagles,2026-09-08T12:00:00+00:00,finished,5,3-3,FC Utrecht,Arthur Zagre,D,61,6.6,49,0,0,0.0893,0.0494672,1,0,1,32,28,2,2,3,0,1,1,2,3,0,2,0,0,1,1,2,1,1,9,1,0,0,0,0,3,0,2026-09-09T05:01:18.616020+00:00
Eredivisie 2026/2027,FC Utrecht - Go Ahead Eagles,2026-09-08T12:00:00+00:00,finished,5,3-3,FC Utrecht,Dani De Wit,M,90,8.9,45,1,0,0.3608,0.0800394,4,3,1,34,25,3,1,0,0,0,0,13,8,11,6,0,0,0,1,2,1,0,9,2,2,0,0,0,3,0,2026-09-09T05:01:18.615982+00:00
Eredivisie 2026/2027,FC Utrecht - Go Ahead Eagles,2026-09-08T12:00:00+00:00,finished,5,3-3,FC Utrecht,Davy van den Berg,M,90,7.0,71,0,1,0.3524,0.262619,2,0,5,55,49,2,1,5,4,1,1,5,2,1,0,3,1,2,0,4,1,0,8,0,1,1,0,0,3,0,2026-09-09T05:01:18.615965+00:00
Eredivisie 2026/2027,FC Utrecht - Go Ahead Eagles,2026-09-08T12:00:00+00:00,finished,5,3-3,Go Ahead Eagles,Dean James,D,90,7.2,58,0,0,,0.572051,0,0,2,27,20,4,0,5,3,3,2,7,3,1,1,2,1,3,0,2,0,1,12,2,0,0,0,0,3,0,2026-09-09T05:01:18.615785+00:00
Eredivisie 2026/2027,FC Utrecht - Go Ahead Eagles,2026-09-08T12:00:00+00:00,finished,5,3-3,Go Ahead Eagles,Erik Flataker,F,0,,0,0,0,,,0,0,0,0,0,0,0,0,0,0,0,0,0,0,0,0,0,0,0,0,0,0,0,0,0,0,0,0,0,0,2026-09-09T05:01:18.615883+00:00
Eredivisie 2026/2027,FC Utrecht - Go Ahead Eagles,2026-09-08T12:00:00+00:00,finished,5,3-3,Go Ahead Eagles,Eus Waayers,D,0,,0,0,0,,,0,0,0,0,0,0,0,0,0,0,0,0,0,0,0,0,0,0,0,0,0,0,0,0,0,0,0,0,0,0,2026-09-09T05:01:18.615847+00:00
Eredivisie 2026/2027,FC Utrecht - Go Ahead Eagles,2026-09-08T12:00:00+00:00,finished,5,3-3,Go Ahead Eagles,Evert Linthorst,M,90,6.9,67,0,0,,0.0318607,0,0,0,53,37,12,1,0,0,0,0,3,2,1,2,1,1,3,4,4,0,0,17,1,0,0,0,0,3,0,2026-09-09T05:01:18.615647+00:00
Eredivisie 2026/2027,FC Utrecht - Go Ahead Eagles,2026-09-08T12:00:00+00:00,finished,5,3-3,FC Utrecht,Guus Offerhaus,D,61,6.1,29,0,0,,0.0190815,0,0,0,25,22,0,0,0,0,1,1,2,4,0,1,1,1,0,0,3,0,0,3,0,2,0,0,0,3,0,2026-09-09T05:01:18.615998+00:00
Eredivisie 2026/2027,FC Utrecht - Go Ahead Eagles,2026-09-08T12:00:00+00:00,finished,5,3-3,FC Utrecht,Jakov Medić,D,29,7.0,23,0,0,,0.00266488,0,0,0,17,16,1,1,0,0,0,0,2,1,2,1,0,0,4,0,0,0,0,2,0,0,0,0,0,0,0,2026-09-09T05:01:18.616072+00:00
Eredivisie 2026/2027,FC Utrecht - Go Ahead Eagles,2026-09-08T12:00:00+00:00,finished,5,3-3,Go Ahead Eagles,Joris Kramer,D,90,6.2,73,0,0,0.0826,0.0112773,1,1,0,57,50,6,3,0,0,0,0,5,8,4,5,1,0,12,0,3,0,1,9,0,1,1,0,0,3,0,2026-09-09T05:01:18.615770+00:00
Eredivisie 2026/2027,FC Utrecht - Go Ahead Eagles,2026-09-08T12:00:00+00:00,finished,5,3-3,Go Ahead Eagles,Julius Dirksen,D,90,6.4,63,0,0,,0.0073795,0,0,0,46,37,8,1,0,0,0,0,3,7,0,2,3,2,5,3,1,0,0,10,0,1,0,0,0,3,0,2026-09-09T05:01:18.615755+00:00
Eredivisie 2026/2027,FC Utrecht - Go Ahead Eagles,2026-09-08T12:00:00+00:00,finished,5,3-3,FC Utrecht,Kevin Gadellaa,G,0,,0,0,0,,,0,0,0,0,0,0,0,0,0,0,0,0,0,0,0,0,0,0,0,0,0,0,0,0,0,0,0,0,0,0,2026-09-09T05:01:18.616136+00:00
Eredivisie 2026/2027,FC Utrecht - Go Ahead Eagles,2026-09-08T12:00:00+00:00,finished,5,3-3,Go Ahead Eagles,Kjetil Haug,G,90,6.4,53,0,0,,0.013253,0,0,0,44,33,20,9,0,0,0,0,0,0,0,0,0,0,0,0,11,0,0,11,0,0,0,0,4,3,0,2026-09-09T05:01:18.615734+00:00
Eredivisie 2026/2027,FC Utrecht - Go Ahead Eagles,2026-09-08T12:00:00+00:00,finished,5,3-3,FC Utrecht,Marius Broholm,M,29,7.0,25,0,0,,0.0218692,0,0,0,19,16,0,0,0,0,1,1,4,1,1,0,1,1,0,0,2,0,0,3,1,0,0,0,0,0,0,2026-09-09T05:01:18.616062+00:00
Eredivisie 2026/2027,FC Utrecht - Go Ahead Eagles,2026-09-08T12:00:00+00:00,finished,5,3-3,Go Ahead Eagles,Mathis Suray,M,90,7.6,58,1,0,0.1535,0.428683,3,3,2,36,30,3,2,4,1,1,0,4,6,0,0,1,1,2,2,8,0,2,12,3,0,0,0,0,3,0,2026-09-09T05:01:18.615723+00:00
Eredivisie 2026/2027,FC Utrecht - Go Ahead Eagles,2026-09-08T12:00:00+00:00,finished,5,3-3,FC Utrecht,Matisse Didden,D,90,6.9,74,1,0,0.0492,0.0971157,1,1,1,54,43,7,3,0,0,0,0,4,7,3,4,1,1,7,0,6,0,0,11,0,3,0,0,0,3,0,2026-09-09T05:01:18.615975+00:00
Eredivisie 2026/2027,FC Utrecht - Go Ahead Eagles,2026-09-08T12:00:00+00:00,finished,5,3-3,Go Ahead Eagles,Melle Meulensteen,M,90,7.6,78,0,0,0.1772,0.229735,2,0,0,54,49,9,6,3,0,5,4,15,6,7,2,2,1,3,2,6,2,0,11,2,2,0,0,0,3,0,2026-09-09T05:01:18.615794+00:00
Eredivisie 2026/2027,FC Utrecht - Go Ahead Eagles,2026-09-08T12:00:00+00:00,finished,5,3-3,Go Ahead Eagles,Nando Verdoni,G,0,,0,0,0,,,0,0,0,0,0,0,0,0,0,0,0,0,0,0,0,0,0,0,0,0,0,0,0,0,0,0,0,0,0,0,2026-09-09T05:01:18.615874+00:00
Eredivisie 2026/2027,FC Utrecht - Go Ahead Eagles,2026-09-08T12:00:00+00:00,finished,5,3-3,FC Utrecht,Neville Nwankwo,D,0,,0,0,0,,,0,0,0,0,0,0,0,0,0,0,0,0,0,0,0,0,0,0,0,0,0,0,0,0,0,0,0,0,0,0,2026-09-09T05:01:18.616169+00:00
Eredivisie 2026/2027,FC Utrecht - Go Ahead Eagles,2026-09-08T12:00:00+00:00,finished,5,3-3,FC Utrecht,Nordin Amrabat,M,0,,0,0,0,,,0,0,0,0,0,0,0,0,0,0,0,0,0,0,0,0,0,0,0,0,0,0,0,0,0,0,0,0,0,0,2026-09-09T05:01:18.616145+00:00
Eredivisie 2026/2027,FC Utrecht - Go Ahead Eagles,2026-09-08T12:00:00+00:00,finished,5,3-3,Go Ahead Eagles,Oskar Siira Sivertsen,F,0,,0,0,0,,,0,0,0,0,0,0,0,0,0,0,0,0,0,0,0,0,0,0,0,0,0,0,0,0,0,0,0,0,0,0,2026-09-09T05:01:18.615894+00:00
Eredivisie 2026/2027,FC Utrecht - Go Ahead Eagles,2026-09-08T12:00:00+00:00,finished,5,3-3,Go Ahead Eagles,Richonell Margaret,F,0,,0,0,0,,,0,0,0,0,0,0,0,0,0,0,0,0,0,0,0,0,0,0,0,0,0,0,0,0,0,0,0,0,0,0,2026-09-09T05:01:18.615818+00:00
Eredivisie 2026/2027,FC Utrecht - Go Ahead Eagles,2026-09-08T12:00:00+00:00,finished,5,3-3,Go Ahead Eagles,Robbin Weijenberg,M,0,,0,0,0,,,0,0,0,0,0,0,0,0,0,0,0,0,0,0,0,0,0,0,0,0,0,0,0,0,0,0,0,0,0,0,2026-09-09T05:01:18.615833+00:00
Eredivisie 2026/2027,FC Utrecht - Go Ahead Eagles,2026-09-08T12:00:00+00:00,finished,5,3-3,FC Utrecht,Siebe Horemans,D,61,6.4,37,0,0,0.0411,0.122438,2,0,1,19,15,5,4,5,2,0,0,2,1,1,0,1,1,4,2,0,1,0,7,0,0,0,0,0,3,0,2026-09-09T05:01:18.616009+00:00
Eredivisie 2026/2027,FC Utrecht - Go Ahead Eagles,2026-09-08T12:00:00+00:00,finished,5,3-3,Go Ahead Eagles,Stefán Ingi Sigurðarson,F,85,5.8,32,0,0,0.2584,0.0197732,2,0,2,18,10,0,0,0,0,0,0,8,5,5,5,1,1,0,0,1,0,0,12,2,0,0,0,0,2,0,2026-09-09T05:01:18.615803+00:00
Eredivisie 2026/2027,FC Utrecht - Go Ahead Eagles,2026-09-08T12:00:00+00:00,finished,5,3-3,Go Ahead Eagles,Søren Tengstedt,M,90,7.4,38,1,1,0.4723,0.191888,1,1,1,21,18,0,0,0,0,4,2,7,4,0,1,1,1,0,0,4,0,0,9,4,1,0,0,0,3,0,2026-09-09T05:01:18.615697+00:00
Eredivisie 2026/2027,FC Utrecht - Go Ahead Eagles,2026-09-08T12:00:00+00:00,finished,5,3-3,Go Ahead Eagles,Thibo Baeten,F,8,6.5,3,0,0,,,0,0,0,2,0,0,0,0,0,1,1,1,0,0,0,0,0,0,0,0,0,0,2,0,0,0,0,0,1,0,2026-09-09T05:01:18.615811+00:00
Eredivisie 2026/2027,FC Utrecht - Go Ahead Eagles,2026-09-08T12:00:00+00:00,finished,5,3-3,Go Ahead Eagles,Thomas Hulleman,G,0,,0,0,0,,,0,0,0,0,0,0,0,0,0,0,0,0,0,0,0,0,0,0,0,0,0,0,0,0,0,0,0,0,0,0,2026-09-09T05:01:18.615858+00:00
Eredivisie 2026/2027,FC Utrecht - Go Ahead Eagles,2026-09-08T12:00:00+00:00,finished,5,3-3,Go Ahead Eagles,Tino Jukić,D,0,,0,0,0,,,0,0,0,0,0,0,0,0,0,0,0,0,0,0,0,0,0,0,0,0,0,0,0,0,0,0,0,0,0,0,2026-09-09T05:01:18.615840+00:00
Eredivisie 2026/2027,FC Utrecht - Go Ahead Eagles,2026-09-08T12:00:00+00:00,finished,5,3-3,FC Utrecht,Vasilis Barkas,G,90,6.4,45,0,0,,0.00531915,0,0,0,37,19,29,11,0,0,0,0,0,1,0,1,0,0,1,0,11,0,0,18,0,0,0,0,4,3,0,2026-09-09T05:01:18.615955+00:00
Eredivisie 2026/2027,FC Utrecht - Go Ahead Eagles,2026-09-08T12:00:00+00:00,finished,5,3-3,Go Ahead Eagles,Victor Edvardsen,F,90,7.4,41,1,1,0.7954,0.0644396,4,2,1,30,24,5,4,0,0,3,1,1,5,0,2,0,0,0,0,1,2,0,8,0,1,0,0,0,3,0,2026-09-09T05:01:18.615711+00:00
Eredivisie 2026/2027,FC Utrecht - Go Ahead Eagles,2026-09-08T12:00:00+00:00,finished,5,3-3,Go Ahead Eagles,Yassir Rahmouni,M,0,,0,0,0,,,0,0,0,0,0,0,0,0,0,0,0,0,0,0,0,0,0,0,0,0,0,0,0,0,0,0,0,0,0,0,2026-09-09T05:01:18.615826+00:00
Eredivisie 2026/2027,FC Utrecht - Go Ahead Eagles,2026-09-08T12:00:00+00:00,finished,5,3-3,FC Utrecht,Yoann Cathline,M,45,7.2,42,0,0,0.2718,0.45306,1,0,2,27,21,3,2,4,3,2,2,3,3,0,0,1,0,0,0,2,1,1,12,0,1,0,0,0,1,0,2026-09-09T05:01:18.616040+00:00
Eredivisie 2026/2027,FC Utrecht - Go Ahead Eagles,2026-09-08T12:00:00+00:00,finished,5,3-3,FC Utrecht,Ángel Alarcón,M,90,6.6,51,0,0,0.0391,0.371841,1,0,3,30,24,2,2,6,1,2,0,4,7,1,0,2,1,0,0,2,1,1,18,1,4,0,0,0,3,0,2026-09-09T05:01:18.615937+00:00
Eredivisie 2026/2027,NEC Nijmegen - Excelsior,2026-09-08T16:45:00+00:00,finished,3,2-2,Excelsior,,,71,6.9,36,0,0,,0.0133783,0,0,1,19,12,4,1,3,0,1,1,6,1,0,1,4,2,0,2,6,0,0,11,1,0,0,0,0,1,0,2026-09-09T05:01:18.712350+00:00
Eredivisie 2026/2027,NEC Nijmegen - Excelsior,2026-09-08T16:45:00+00:00,finished,3,2-2,NEC Nijmegen,Adam Tahaui,M,95,8.4,57,1,0,0.0675,0.681628,1,1,1,39,31,4,2,2,1,3,2,7,5,2,1,1,1,1,1,3,0,2,13,2,0,0,0,0,2,0,2026-09-09T05:01:18.712077+00:00
Eredivisie 2026/2027,NEC Nijmegen - Excelsior,2026-09-08T16:45:00+00:00,finished,3,2-2,Excelsior,Alireza Jahanbakhsh,F,14,6.7,4,0,0,,0.0132528,0,0,0,1,1,0,0,0,0,0,0,1,1,0,0,1,1,2,0,1,0,0,0,0,1,0,0,0,1,0,2026-09-09T05:01:18.716085+00:00
Eredivisie 2026/2027,NEC Nijmegen - Excelsior,2026-09-08T16:45:00+00:00,finished,3,2-2,NEC Nijmegen,Almugera Kabar,D,0,,0,0,0,,,0,0,0,0,0,0,0,0,0,0,0,0,0,0,0,0,0,0,0,0,0,0,0,0,0,0,0,0,0,0,2026-09-09T05:01:18.712272+00:00
Eredivisie 2026/2027,NEC Nijmegen - Excelsior,2026-09-08T16:45:00+00:00,finished,3,2-2,Excelsior,Aymen Sliti,F,28,6.6,8,0,1,0.0264,0.0514277,1,0,1,3,2,1,0,0,0,0,0,1,0,0,0,1,1,0,0,2,1,0,4,0,0,0,0,0,1,0,2026-09-09T05:01:18.716067+00:00
Eredivisie 2026/2027,NEC Nijmegen - Excelsior,2026-09-08T16:45:00+00:00,finished,3,2-2,NEC Nijmegen,Ayodele Thomas,M,95,6.2,70,0,0,0.1487,0.275061,3,0,0,39,33,2,2,5,1,7,3,6,8,0,0,2,1,0,1,3,1,1,24,1,1,0,0,0,2,0,2026-09-09T05:01:18.712088+00:00
Eredivisie 2026/2027,NEC Nijmegen - Excelsior,2026-09-08T16:45:00+00:00,finished,3,2-2,NEC Nijmegen,Bram Nuytinck,D,45,6.4,43,0,0,,0.00939989,0,0,0,35,32,2,0,0,0,0,0,1,3,0,3,1,1,3,3,5,0,0,3,0,0,0,0,0,1,0,2026-09-09T05:01:18.712190+00:00
Eredivisie 2026/2027,NEC Nijmegen - Excelsior,2026-09-08T16:45:00+00:00,finished,3,2-2,Excelsior,Casper Widell,D,95,6.2,62,0,0,,0.00370356,0,0,1,48,38,5,2,0,0,0,0,5,4,3,1,2,1,6,1,5,0,1,11,0,2,0,0,0,2,0,2026-09-09T05:01:18.712312+00:00
Eredivisie 2026/2027,NEC Nijmegen - Excelsior,2026-09-08T16:45:00+00:00,finished,3,2-2,Excelsior,Celton Biai,G,0,,0,0,0,,,0,0,0,0,0,0,0,0,0,0,0,0,0,0,0,0,0,0,0,0,0,0,0,0,0,0,0,0,0,0,2026-09-09T05:01:18.716093+00:00
Eredivisie 2026/2027,NEC Nijmegen - Excelsior,2026-09-08T16:45:00+00:00,finished,3,2-2,NEC Nijmegen,Clement Bischoff,F,8,6.8,13,0,0,,0.226801,0,0,1,9,6,0,0,1,1,0,0,0,0,0,0,0,0,0,0,0,0,0,3,0,0,0,0,0,0,0,2026-09-09T05:01:18.712225+00:00
Eredivisie 2026/2027,NEC Nijmegen - Excelsior,2026-09-08T16:45:00+00:00,finished,3,2-2,Excelsior,Daniel van Vianen,M,0,,0,0,0,,,0,0,0,0,0,0,0,0,0,0,0,0,0,0,0,0,0,0,0,0,0,0,0,0,0,0,0,0,0,0,2026-09-09T05:01:18.716156+00:00
Eredivisie 2026/2027,NEC Nijmegen - Excelsior,2026-09-08T16:45:00+00:00,finished,3,2-2,Excelsior,David Garden,F,67,7.6,20,1,0,0.7263,0.0310091,2,1,1,11,7,0,0,2,0,0,0,4,2,4,1,0,0,1,0,2,0,0,10,0,2,0,0,0,1,0,2026-09-09T05:01:18.712371+00:00
Eredivisie 2026/2027,NEC Nijmegen - Excelsior,2026-09-08T16:45:00+00:00,finished,3,2-2,NEC Nijmegen,Dennis Geiger,M,63,7.0,54,0,0,,0.168964,0,0,0,43,37,2,1,0,0,0,0,4,5,2,2,2,2,0,1,2,0,1,11,0,0,0,0,0,1,0,2026-09-09T05:01:18.712149+00:00
Eredivisie 2026/2027,NEC Nijmegen - Excelsior,2026-09-08T16:45:00+00:00,finished,3,2-2,NEC Nijmegen,Dušan Tadić,F,95,6.8,39,0,0,0.3682,0.398564,1,0,0,26,23,1,0,6,2,0,0,3,2,1,2,0,0,0,0,1,0,0,10,2,0,0,0,0,2,0,2026-09-09T05:01:18.711991+00:00
Eredivisie 2026/2027,NEC Nijmegen - Excelsior,2026-09-08T16:45:00+00:00,finished,3,2-2,NEC Nijmegen,Gabriel Brás,D,87,6.9,117,0,0,0.0188,0.245804,1,0,0,101,88,9,1,0,0,0,0,2,4,0,1,1,0,3,0,1,1,0,16,1,0,0,0,0,2,0,2026-09-09T05:01:18.712135+00:00
Eredivisie 2026/2027,NEC Nijmegen - Excelsior,2026-09-08T16:45:00+00:00,finished,3,2-2,Excelsior,Giuliano Cairo,D,0,,0,0,0,,,0,0,0,0,0,0,0,0,0,0,0,0,0,0,0,0,0,0,0,0,0,0,0,0,0,0,0,0,0,0,2026-09-09T05:01:18.716122+00:00
Eredivisie 2026/2027,NEC Nijmegen - Excelsior,2026-09-08T16:45:00+00:00,finished,3,2-2,NEC Nijmegen,Gonzalo Crettaz,G,0,,0,0,0,,,0,0,0,0,0,0,0,0,0,0,0,0,0,0,0,0,0,0,0,0,0,0,0,0,0,0,0,0,0,0,2026-09-09T05:01:18.712245+00:00
Eredivisie 2026/2027,NEC Nijmegen - Excelsior,2026-09-08T16:45:00+00:00,finished,3,2-2,Excelsior,Ilano Silva Timas,M,81,7.1,29,0,0,,0.296286,0,0,3,16,13,2,1,1,1,3,0,3,5,0,0,3,1,0,0,7,0,1,9,0,0,0,0,0,1,0,2026-09-09T05:01:18.712340+00:00
Eredivisie 2026/2027,NEC Nijmegen - Excelsior,2026-09-08T16:45:00+00:00,finished,3,2-2,Excelsior,Irakli Yegoian,M,95,6.7,58,0,1,0.1685,0.103146,5,1,2,28,20,2,1,1,0,7,3,10,13,2,1,2,2,1,1,7,1,5,22,3,0,0,0,0,2,0,2026-09-09T05:01:18.712282+00:00
Eredivisie 2026/2027,NEC Nijmegen - Excelsior,2026-09-08T16:45:00+00:00,finished,3,2-2,NEC Nijmegen,Isak Hansen Aarøen,M,63,6.4,47,0,0,,0.0707703,0,0,2,30,23,2,1,0,0,7,2,3,13,0,5,1,1,2,0,5,0,2,15,0,1,0,0,0,1,0,2026-09-09T05:01:18.712160+00:00
Eredivisie 2026/2027,NEC Nijmegen - Excelsior,2026-09-08T16:45:00+00:00,finished,3,2-2,NEC Nijmegen,Jamiro Monteiro,M,45,6.7,41,0,0,,0.0201981,0,0,0,32,30,1,1,0,0,0,0,3,3,0,1,2,2,0,3,2,0,0,3,1,2,1,0,0,1,0,2026-09-09T05:01:18.712199+00:00
Eredivisie 2026/2027,NEC Nijmegen - Excelsior,2026-09-08T16:45:00+00:00,finished,3,2-2,Excelsior,Jan Plug,D,95,6.4,42,0,0,,0.00281347,0,0,0,29,26,4,2,0,0,0,0,5,3,0,2,5,3,2,3,4,0,0,3,0,1,0,0,0,2,0,2026-09-09T05:01:18.712322+00:00
Eredivisie 2026/2027,NEC Nijmegen - Excelsior,2026-09-08T16:45:00+00:00,finished,3,2-2,NEC Nijmegen,Joep Geneste,G,0,,0,0,0,,,0,0,0,0,0,0,0,0,0,0,0,0,0,0,0,0,0,0,0,0,0,0,0,0,0,0,0,0,0,0,2026-09-09T05:01:18.712254+00:00
Eredivisie 2026/2027,NEC Nijmegen - Excelsior,2026-09-08T16:45:00+00:00,finished,3,2-2,NEC Nijmegen,Kaj Sierhuis,F,0,,0,0,0,,,0,0,0,0,0,0,0,0,0,0,0,0,0,0,0,0,0,0,0,0,0,0,0,0,0,0,0,0,0,0,2026-09-09T05:01:18.712234+00:00
Eredivisie 2026/2027,NEC Nijmegen - Excelsior,2026-09-08T16:45:00+00:00,finished,3,2-2,Excelsior,Kasey Bos,D,50,6.7,25,0,0,,0.00089901,0,0,0,7,6,0,0,3,0,1,0,3,3,1,0,2,2,4,1,2,0,0,6,0,0,0,0,0,1,0,2026-09-09T05:01:18.712380+00:00
Eredivisie 2026/2027,NEC Nijmegen - Excelsior,2026-09-08T16:45:00+00:00,finished,3,2-2,NEC Nijmegen,Kevin Kers,F,32,6.9,18,0,0,,0.0138405,0,0,2,9,9,0,0,0,0,2,1,4,2,1,0,0,0,1,0,4,0,1,3,2,0,0,0,0,1,0,2026-09-09T05:01:18.712208+00:00
Eredivisie 2026/2027,NEC Nijmegen - Excelsior,2026-09-08T16:45:00+00:00,finished,3,2-2,Excelsior,Lennard Hartjes,M,95,6.0,32,0,0,,0.0111153,0,0,1,22,14,5,2,0,0,0,0,2,7,2,1,0,0,2,2,4,0,1,10,0,3,1,0,0,2,0,2026-09-09T05:01:18.712331+00:00
Eredivisie 2026/2027,NEC Nijmegen - Excelsior,2026-09-08T16:45:00+00:00,finished,3,2-2,Excelsior,Mario Domínguez,F,0,,0,0,0,,,0,0,0,0,0,0,0,0,0,0,0,0,0,0,0,0,0,0,0,0,0,0,0,0,0,0,0,0,0,0,2026-09-09T05:01:18.716165+00:00
Eredivisie 2026/2027,NEC Nijmegen - Excelsior,2026-09-08T16:45:00+00:00,finished,3,2-2,Excelsior,Nesto Groen,F,28,6.8,9,0,0,0.1288,0.00040836,1,1,0,3,3,0,0,0,0,1,1,2,1,0,1,1,1,0,0,1,0,0,0,0,0,0,0,0,1,0,2026-09-09T05:01:18.716054+00:00
Eredivisie 2026/2027,NEC Nijmegen - Excelsior,2026-09-08T16:45:00+00:00,finished,3,2-2,NEC Nijmegen,Nikolas Polster,G,95,6.7,72,0,0,,0.00154321,0,0,0,65,47,24,7,0,0,0,0,0,0,0,0,0,0,0,0,13,0,0,19,0,0,0,0,3,2,0,2026-09-09T05:01:18.712052+00:00
Eredivisie 2026/2027,NEC Nijmegen - Excelsior,2026-09-08T16:45:00+00:00,finished,3,2-2,NEC Nijmegen,Noé Lebreton,F,32,7.3,28,1,0,0.0905,0.0593731,1,1,1,18,16,0,0,0,0,1,0,3,2,0,0,1,1,0,0,6,0,1,6,2,0,0,0,0,1,0,2026-09-09T05:01:18.712216+00:00
Eredivisie 2026/2027,NEC Nijmegen - Excelsior,2026-09-08T16:45:00+00:00,finished,3,2-2,Excelsior,Osman Turay,D,0,,0,0,0,,,0,0,0,0,0,0,0,0,0,0,0,0,0,0,0,0,0,0,0,0,0,0,0,0,0,0,0,0,0,0,2026-09-09T05:01:18.716138+00:00
Eredivisie 2026/2027,NEC Nijmegen - Excelsior,2026-09-08T16:45:00+00:00,finished,3,2-2,NEC Nijmegen,Perr Schuurs,D,50,7.1,58,0,1,0.5347,0.0468891,2,1,1,46,40,4,0,0,0,1,1,3,0,0,0,2,1,1,0,2,0,0,9,0,0,0,0,0,1,0,2026-09-09T05:01:18.712171+00:00
Eredivisie 2026/2027,NEC Nijmegen - Excelsior,2026-09-08T16:45:00+00:00,finished,3,2-2,NEC Nijmegen,Philippe Sandler,D,50,7.0,63,0,0,,0.0809917,0,0,0,57,52,1,0,0,0,0,0,4,1,3,0,1,1,3,0,3,0,1,6,0,0,0,0,0,1,0,2026-09-09T05:01:18.712181+00:00
Eredivisie 2026/2027,NEC Nijmegen - Excelsior,2026-09-08T16:45:00+00:00,finished,3,2-2,Excelsior,Rick Meissen,D,95,6.2,44,0,0,0.3851,0.0122278,2,1,0,32,21,7,4,0,0,0,0,6,5,3,1,3,2,1,1,2,0,0,16,0,3,1,0,0,2,0,2026-09-09T05:01:18.712303+00:00
Eredivisie 2026/2027,NEC Nijmegen - Excelsior,2026-09-08T16:45:00+00:00,finished,3,2-2,Excelsior,Simon Janssen,D,45,6.7,13,0,0,,0.00066287,0,0,0,7,6,0,0,0,0,0,0,1,4,0,1,1,1,0,1,1,0,0,2,0,2,0,0,0,1,0,2026-09-09T05:01:18.715974+00:00
Eredivisie 2026/2027,NEC Nijmegen - Excelsior,2026-09-08T16:45:00+00:00,finished,3,2-2,Excelsior,Stijn van Gassel,G,95,6.4,65,0,0,,0.00663108,0,0,1,59,35,41,17,0,0,0,0,0,0,0,0,0,0,1,0,11,0,0,24,0,0,0,0,1,2,0,2026-09-09T05:01:18.712293+00:00
Eredivisie 2026/2027,NEC Nijmegen - Excelsior,2026-09-08T16:45:00+00:00,finished,3,2-2,NEC Nijmegen,Tjaronn Chery,F,0,,0,0,0,,,0,0,0,0,0,0,0,0,0,0,0,0,0,0,0,0,0,0,0,0,0,0,0,0,0,0,0,0,0,0,2026-09-09T05:01:18.712264+00:00
Eredivisie 2026/2027,NEC Nijmegen - Excelsior,2026-09-08T16:45:00+00:00,finished,3,2-2,NEC Nijmegen,Tobias Storm,D,95,7.0,96,0,0,,0.0491227,0,0,1,77,71,4,0,0,0,0,0,6,1,1,0,3,3,2,0,6,0,0,8,2,1,0,0,0,2,0,2026-09-09T05:01:18.712066+00:00
Eredivisie 2026/2027,NEC Nijmegen - Excelsior,2026-09-08T16:45:00+00:00,finished,3,2-2,Excelsior,Valentin Sulzbacher,M,24,7.1,4,1,0,0.1797,,1,1,0,2,0,0,0,0,0,0,0,0,2,0,0,0,0,0,1,0,0,0,2,0,2,1,0,0,1,0,2026-09-09T05:01:18.716076+00:00
Eredivisie 2026/2027,NEC Nijmegen - Excelsior,2026-09-08T16:45:00+00:00,finished,3,2-2,NEC Nijmegen,Willum Thor Willumsson,M,95,6.7,67,0,1,0.1277,0.0365899,2,0,1,49,41,0,0,0,0,1,1,6,5,2,0,1,0,1,1,3,1,5,14,2,0,0,0,0,2,0,2026-09-09T05:01:18.712097+00:00
Eredivisie 2026/2027,NEC Nijmegen - Excelsior,2026-09-08T16:45:00+00:00,finished,3,2-2,Excelsior,Yaqub Finey,F,0,,0,0,0,,,0,0,0,0,0,0,0,0,0,0,0,0,0,0,0,0,0,0,0,0,0,0,0,0,0,0,0,0,0,0,2026-09-09T05:01:18.716147+00:00
Eredivisie 2026/2027,NEC Nijmegen - Excelsior,2026-09-08T16:45:00+00:00,finished,3,2-2,Excelsior,Ágúst Orri Thorsteinsson,M,67,7.1,22,0,0,0.1975,0.186878,2,0,1,11,9,0,0,0,0,3,2,3,2,0,0,0,0,0,0,4,2,1,7,1,0,0,0,0,1,0,2026-09-09T05:01:18.712361+00:00
Eredivisie 2026/2027,FC Twente - SC Telstar,2026-09-09T16:45:00+00:00,finished,3,1-0,FC Twente,,,0,,0,0,0,,,0,0,0,0,0,0,0,0,0,0,0,0,0,0,0,0,0,0,0,0,0,0,0,0,0,0,0,0,0,0,2026-09-10T05:01:25.802062+00:00
Eredivisie 2026/2027,FC Twente - SC Telstar,2026-09-09T16:45:00+00:00,finished,3,1-0,FC Twente,,,0,,0,0,0,,,0,0,0,0,0,0,0,0,0,0,0,0,0,0,0,0,0,0,0,0,0,0,0,0,0,0,0,0,0,0,2026-09-10T05:01:25.803555+00:00
Eredivisie 2026/2027,FC Twente - SC Telstar,2026-09-09T16:45:00+00:00,finished,3,1-0,SC Telstar,,,8,6.7,1,0,0,,0.00127955,0,0,0,1,1,0,0,0,0,0,0,0,0,0,0,0,0,0,0,0,0,0,0,0,0,0,0,0,0,0,2026-09-10T05:01:25.803857+00:00
Eredivisie 2026/2027,FC Twente - SC Telstar,2026-09-09T16:45:00+00:00,finished,3,1-0,SC Telstar,Abdelnour Soualhia,D,90,7.2,60,0,0,,0.0123735,0,0,0,43,37,6,2,0,0,3,2,8,4,3,1,0,0,7,2,4,0,0,7,3,2,0,0,0,1,0,2026-09-10T05:01:25.803653+00:00
Eredivisie 2026/2027,FC Twente - SC Telstar,2026-09-09T16:45:00+00:00,finished,3,1-0,FC Twente,Aske Adelgaard,D,73,6.7,58,0,0,0.0931,0.0470931,1,0,0,48,44,3,0,1,0,0,0,0,1,0,1,0,0,1,1,3,0,0,5,0,0,0,0,0,0,0,2026-09-10T05:01:25.801921+00:00
Eredivisie 2026/2027,FC Twente - SC Telstar,2026-09-09T16:45:00+00:00,finished,3,1-0,FC Twente,Bart van Rooij,D,90,8.0,112,0,0,,0.317245,0,0,3,89,77,7,4,3,1,0,0,2,0,0,0,1,1,2,0,3,0,0,16,1,0,0,0,0,0,0,2026-09-10T05:01:25.801767+00:00
Eredivisie 2026/2027,FC Twente - SC Telstar,2026-09-09T16:45:00+00:00,finished,3,1-0,SC Telstar,Daan Reiziger,G,0,,0,0,0,,,0,0,0,0,0,0,0,0,0,0,0,0,0,0,0,0,0,0,0,0,0,0,0,0,0,0,0,0,0,0,2026-09-10T05:01:25.803883+00:00
Eredivisie 2026/2027,FC Twente - SC Telstar,2026-09-09T16:45:00+00:00,finished,3,1-0,FC Twente,Daan Rots,M,62,7.6,45,0,0,,0.487232,0,0,2,31,27,1,1,2,1,0,0,3,4,1,0,1,0,1,1,2,0,1,9,1,2,0,0,0,0,0,2026-09-10T05:01:25.801969+00:00
Eredivisie 2026/2027,FC Twente - SC Telstar,2026-09-09T16:45:00+00:00,finished,3,1-0,FC Twente,Daouda Weidmann,M,90,7.2,77,0,0,0.4197,0.0872805,4,2,1,58,50,2,1,4,1,1,0,2,4,0,0,0,0,0,1,8,1,1,16,2,0,0,0,0,0,0,2026-09-10T05:01:25.801889+00:00
Eredivisie 2026/2027,FC Twente - SC Telstar,2026-09-09T16:45:00+00:00,finished,3,1-0,SC Telstar,Emirhan Demircan,M,0,,0,0,0,,,0,0,0,0,0,0,0,0,0,0,0,0,0,0,0,0,0,0,0,0,0,0,0,0,0,0,0,0,0,0,2026-09-10T05:01:25.803874+00:00
Eredivisie 2026/2027,FC Twente - SC Telstar,2026-09-09T16:45:00+00:00,finished,3,1-0,FC Twente,Filip Thorvaldsen,M,28,7.3,27,0,0,0.1374,0.057388,3,1,2,18,16,0,0,2,0,3,3,3,1,0,0,0,0,1,0,4,2,0,4,0,0,0,0,0,0,0,2026-09-10T05:01:25.801988+00:00
Eredivisie 2026/2027,FC Twente - SC Telstar,2026-09-09T16:45:00+00:00,finished,3,1-0,SC Telstar,Finn Mulder,G,0,,0,0,0,,,0,0,0,0,0,0,0,0,0,0,0,0,0,0,0,0,0,0,0,0,0,0,0,0,0,0,0,0,0,0,2026-09-10T05:01:25.803905+00:00
Eredivisie 2026/2027,FC Twente - SC Telstar,2026-09-09T16:45:00+00:00,finished,3,1-0,SC Telstar,Fofin Turay,F,0,,0,0,0,,,0,0,0,0,0,0,0,0,0,0,0,0,0,0,0,0,0,0,0,0,0,0,0,0,0,0,0,0,0,0,2026-09-10T05:01:25.803892+00:00
Eredivisie 2026/2027,FC Twente - SC Telstar,2026-09-09T16:45:00+00:00,finished,3,1-0,SC Telstar,Gerald Alders,D,62,7.0,28,0,0,,0.146498,0,0,0,15,13,0,0,1,0,1,1,3,1,0,0,1,1,3,1,5,0,0,5,1,1,0,0,0,0,0,2026-09-10T05:01:25.803735+00:00
Eredivisie 2026/2027,FC Twente - SC Telstar,2026-09-09T16:45:00+00:00,finished,3,1-0,SC Telstar,Harrie Kuster,M,16,6.6,4,0,0,,0.00192692,0,0,0,2,2,0,0,0,0,0,0,0,0,0,0,0,0,0,0,0,0,0,1,0,1,0,0,0,0,0,2026-09-10T05:01:25.803837+00:00
Eredivisie 2026/2027,FC Twente - SC Telstar,2026-09-09T16:45:00+00:00,finished,3,1-0,SC Telstar,Isaiah Ahmed,M,0,,0,0,0,,,0,0,0,0,0,0,0,0,0,0,0,0,0,0,0,0,0,0,0,0,0,0,0,0,0,0,0,0,0,0,2026-09-10T05:01:25.803974+00:00
Eredivisie 2026/2027,FC Twente - SC Telstar,2026-09-09T16:45:00+00:00,finished,3,1-0,SC Telstar,Jeff Hardeveld,M,74,6.6,32,0,0,,0.00734823,0,0,0,18,15,3,3,2,0,0,0,1,2,0,0,0,0,2,0,0,0,0,9,1,1,0,0,0,1,0,2026-09-10T05:01:25.803725+00:00
Eredivisie 2026/2027,FC Twente - SC Telstar,2026-09-09T16:45:00+00:00,finished,3,1-0,SC Telstar,Jelani Seedorf,F,29,6.2,10,0,0,,0.00022543,0,0,0,4,2,0,0,0,0,1,0,1,4,1,2,0,0,0,0,1,0,1,6,0,0,0,0,0,1,0,2026-09-10T05:01:25.803789+00:00
Eredivisie 2026/2027,FC Twente - SC Telstar,2026-09-09T16:45:00+00:00,finished,3,1-0,FC Twente,Joël Drommel,G,0,,0,0,0,,,0,0,0,0,0,0,0,0,0,0,0,0,0,0,0,0,0,0,0,0,0,0,0,0,0,0,0,0,0,0,2026-09-10T05:01:25.803517+00:00
Eredivisie 2026/2027,FC Twente - SC Telstar,2026-09-09T16:45:00+00:00,finished,3,1-0,FC Twente,Krzysztof Kurowski,D,0,,0,0,0,,,0,0,0,0,0,0,0,0,0,0,0,0,0,0,0,0,0,0,0,0,0,0,0,0,0,0,0,0,0,0,2026-09-10T05:01:25.803536+00:00
Eredivisie 2026/2027,FC Twente - SC Telstar,2026-09-09T16:45:00+00:00,finished,3,1-0,FC Twente,Lars Unnerstall,G,90,7.2,29,0,0,,0.00048345,0,0,0,20,14,9,3,0,0,0,0,0,0,0,0,0,0,1,0,9,0,0,6,0,0,0,0,2,0,0,2026-09-10T05:01:25.801851+00:00
Eredivisie 2026/2027,FC Twente - SC Telstar,2026-09-09T16:45:00+00:00,finished,3,1-0,FC Twente,Lucas Vennegoor of Hesselink,F,0,,0,0,0,,,0,0,0,0,0,0,0,0,0,0,0,0,0,0,0,0,0,0,0,0,0,0,0,0,0,0,0,0,0,0,2026-09-10T05:01:25.803574+00:00
Eredivisie 2026/2027,FC Twente - SC Telstar,2026-09-09T16:45:00+00:00,finished,3,1-0,FC Twente,Marko Pjaca,F,11,6.6,7,0,0,,0.0301485,0,0,0,7,5,1,0,0,0,0,0,0,0,0,0,0,0,0,0,0,0,0,2,0,0,0,0,0,0,0,2026-09-10T05:01:25.802044+00:00
Eredivisie 2026/2027,FC Twente - SC Telstar,2026-09-09T16:45:00+00:00,finished,3,1-0,SC Telstar,Marvin Peersman,D,90,7.5,72,0,0,,0.078076,0,0,2,42,36,4,1,2,1,2,2,10,2,3,0,2,1,6,1,4,0,1,13,3,1,1,0,0,1,0,2026-09-10T05:01:25.803672+00:00
Eredivisie 2026/2027,FC Twente - SC Telstar,2026-09-09T16:45:00+00:00,finished,3,1-0,FC Twente,Max Bruns,D,90,7.8,77,0,0,,0.0355297,0,0,0,70,62,5,2,0,0,0,0,6,1,4,0,1,1,1,0,6,0,0,8,1,0,0,0,0,0,0,2026-09-10T05:01:25.801814+00:00
Eredivisie 2026/2027,FC Twente - SC Telstar,2026-09-09T16:45:00+00:00,finished,3,1-0,FC Twente,Naci Ünüvar,F,0,,0,0,0,,,0,0,0,0,0,0,0,0,0,0,0,0,0,0,0,0,0,0,0,0,0,0,0,0,0,0,0,0,0,0,2026-09-10T05:01:25.802082+00:00
Eredivisie 2026/2027,FC Twente - SC Telstar,2026-09-09T16:45:00+00:00,finished,3,1-0,SC Telstar,Nigel Ogidi Nwankwo,D,0,,0,0,0,,,0,0,0,0,0,0,0,0,0,0,0,0,0,0,0,0,0,0,0,0,0,0,0,0,0,0,0,0,0,0,2026-09-10T05:01:25.803957+00:00
Eredivisie 2026/2027,FC Twente - SC Telstar,2026-09-09T16:45:00+00:00,finished,3,1-0,SC Telstar,Nils Rossen,M,90,7.1,52,0,0,,0.0348682,0,0,0,42,37,3,1,0,0,2,1,1,2,0,1,0,0,2,2,4,0,0,6,0,0,0,0,0,1,0,2026-09-10T05:01:25.803593+00:00
Eredivisie 2026/2027,FC Twente - SC Telstar,2026-09-09T16:45:00+00:00,finished,3,1-0,SC Telstar,Noach Shenkman,M,29,6.5,21,0,0,,0.00144613,0,0,0,14,14,0,0,0,0,0,0,0,0,0,0,0,0,1,1,0,0,0,1,0,0,0,0,0,1,0,2026-09-10T05:01:25.803800+00:00
Eredivisie 2026/2027,FC Twente - SC Telstar,2026-09-09T16:45:00+00:00,finished,3,1-0,SC Telstar,Nökkvi Þórisson,F,61,6.1,16,0,0,,0.0162963,0,0,0,14,8,0,0,0,0,0,0,0,3,0,2,0,0,0,0,3,0,0,6,0,1,1,0,0,0,0,2026-09-10T05:01:25.803769+00:00
Eredivisie 2026/2027,FC Twente - SC Telstar,2026-09-09T16:45:00+00:00,finished,3,1-0,SC Telstar,Patrick Brouwer,F,90,6.4,35,0,0,,0.0175098,0,0,0,21,14,2,1,1,0,2,1,3,8,0,3,1,1,1,1,3,0,1,12,1,0,0,0,0,1,0,2026-09-10T05:01:25.803692+00:00
Eredivisie 2026/2027,FC Twente - SC Telstar,2026-09-09T16:45:00+00:00,finished,3,1-0,SC Telstar,Prince Aning,D,0,,0,0,0,,,0,0,0,0,0,0,0,0,0,0,0,0,0,0,0,0,0,0,0,0,0,0,0,0,0,0,0,0,0,0,2026-09-10T05:01:25.803925+00:00
Eredivisie 2026/2027,FC Twente - SC Telstar,2026-09-09T16:45:00+00:00,finished,3,1-0,FC Twente,Ramiz Zerrouki,M,90,7.6,92,0,0,0.1062,0.0777593,2,0,3,76,65,12,8,1,0,1,0,7,4,3,2,4,4,2,3,3,0,0,14,0,1,0,0,0,0,0,2026-09-10T05:01:25.801870+00:00
Eredivisie 2026/2027,FC Twente - SC Telstar,2026-09-09T16:45:00+00:00,finished,3,1-0,FC Twente,Remko Pasveer,G,0,,0,0,0,,,0,0,0,0,0,0,0,0,0,0,0,0,0,0,0,0,0,0,0,0,0,0,0,0,0,0,0,0,0,0,2026-09-10T05:01:25.803475+00:00
Eredivisie 2026/2027,FC Twente - SC Telstar,2026-09-09T16:45:00+00:00,finished,3,1-0,FC Twente,Robin Pröpper,D,17,6.7,14,0,0,0.0593,0.00159937,1,0,0,12,10,3,1,0,0,0,0,1,1,1,1,0,0,0,1,1,0,0,2,0,0,0,0,0,0,0,2026-09-10T05:01:25.802025+00:00
Eredivisie 2026/2027,FC Twente - SC Telstar,2026-09-09T16:45:00+00:00,finished,3,1-0,SC Telstar,Rojendro Oudsten,M,28,6.3,11,0,0,,0.00030989,0,0,0,5,4,1,1,1,0,2,1,1,1,0,0,0,0,0,0,1,0,0,4,0,0,0,0,0,1,0,2026-09-10T05:01:25.803818+00:00
Eredivisie 2026/2027,FC Twente - SC Telstar,2026-09-09T16:45:00+00:00,finished,3,1-0,SC Telstar,Ronald Koeman Jr,G,90,8.3,64,0,0,,0.00449293,0,0,0,54,32,35,15,0,0,0,0,0,0,0,0,0,0,0,0,11,0,0,23,0,0,0,0,7,1,0,2026-09-10T05:01:25.803613+00:00
Eredivisie 2026/2027,FC Twente - SC Telstar,2026-09-09T16:45:00+00:00,finished,3,1-0,SC Telstar,Rui Mendes,F,82,6.3,23,0,0,0.1494,0.0168099,1,1,0,15,10,1,0,0,0,1,0,1,3,1,0,0,0,1,0,1,0,2,10,0,0,0,0,0,1,0,2026-09-10T05:01:25.803712+00:00
Eredivisie 2026/2027,FC Twente - SC Telstar,2026-09-09T16:45:00+00:00,finished,3,1-0,FC Twente,Ruud Nijstad,D,90,7.0,84,0,0,0.0541,0.0327597,1,0,0,74,69,4,1,1,0,0,0,1,2,0,1,1,1,1,0,2,0,0,8,0,1,0,0,0,0,0,2026-09-10T05:01:25.801834+00:00
Eredivisie 2026/2027,FC Twente - SC Telstar,2026-09-09T16:45:00+00:00,finished,3,1-0,SC Telstar,Sem Valk,D,90,5.7,48,0,0,0.0222,0.00536,1,1,0,39,32,4,0,1,0,0,0,2,4,1,1,0,0,6,0,3,0,0,8,1,3,1,0,0,1,0,2026-09-10T05:01:25.803634+00:00
Eredivisie 2026/2027,FC Twente - SC Telstar,2026-09-09T16:45:00+00:00,finished,3,1-0,FC Twente,Sondre Ørjasæter,M,79,8.1,41,1,0,0.5118,0.0874682,5,3,1,32,29,3,2,3,1,0,0,0,0,0,0,0,0,0,0,1,1,0,5,0,0,0,0,0,0,0,2026-09-10T05:01:25.801913+00:00
Eredivisie 2026/2027,FC Twente - SC Telstar,2026-09-09T16:45:00+00:00,finished,3,1-0,FC Twente,Thomas Van den Belt,M,17,6.7,11,0,0,,0.0174204,0,0,0,10,8,2,1,0,0,0,0,1,1,0,0,1,1,0,0,2,0,0,2,0,0,0,0,0,0,0,2026-09-10T05:01:25.802006+00:00
Eredivisie 2026/2027,FC Twente - SC Telstar,2026-09-09T16:45:00+00:00,finished,3,1-0,SC Telstar,Tyrone Owusu,M,61,6.5,45,0,0,0.0296,0.037301,1,0,0,37,30,0,0,0,0,1,1,2,3,0,0,1,0,0,1,4,0,2,11,0,1,0,0,0,0,0,2026-09-10T05:01:25.803749+00:00
Eredivisie 2026/2027,FC Twente - SC Telstar,2026-09-09T16:45:00+00:00,finished,3,1-0,FC Twente,Wout Weghorst,F,90,6.6,45,0,0,1.063,0.0513751,2,2,1,27,21,1,0,0,0,1,1,9,7,1,4,3,2,0,0,4,0,0,11,4,2,0,0,0,0,0,2026-09-10T05:01:25.801903+00:00
Eredivisie 2026/2027,FC Twente - SC Telstar,2026-09-09T16:45:00+00:00,finished,3,1-0,FC Twente,Younes Taha,M,73,7.1,67,0,1,0.1647,0.293587,3,0,3,38,35,3,2,11,3,1,1,2,7,0,0,1,1,1,2,5,1,1,18,0,4,1,0,0,0,0,2026-09-10T05:01:25.801950+00:00
Eredivisie 2026/2027,AZ Alkmaar - Willem II Tilburg,2026-09-11T18:00:00+00:00,finished,6,1-1,Willem II Tilburg,,,90,6.2,47,0,0,,0.00442856,0,0,0,33,25,4,0,0,0,0,0,3,5,1,4,0,0,6,4,3,0,0,9,2,1,0,0,0,1,0,2026-09-12T05:01:28.847781+00:00
Eredivisie 2026/2027,AZ Alkmaar - Willem II Tilburg,2026-09-11T18:00:00+00:00,finished,6,1-1,Willem II Tilburg,,,90,6.7,64,0,0,,0.0324052,0,0,0,49,42,6,3,5,0,1,0,1,4,1,2,0,0,4,3,5,0,0,14,0,1,0,0,0,1,0,2026-09-12T05:01:28.847797+00:00
Eredivisie 2026/2027,AZ Alkmaar - Willem II Tilburg,2026-09-11T18:00:00+00:00,finished,6,1-1,Willem II Tilburg,,,89,7.1,59,0,0,,0.00829401,0,0,0,49,45,6,3,0,0,1,1,2,3,1,2,0,0,4,1,0,0,0,5,0,1,0,0,0,1,0,2026-09-12T05:01:28.847813+00:00
Eredivisie 2026/2027,AZ Alkmaar - Willem II Tilburg,2026-09-11T18:00:00+00:00,finished,6,1-1,Willem II Tilburg,,,0,,0,0,0,,,0,0,0,0,0,0,0,0,0,0,0,0,0,0,0,0,0,0,0,0,0,0,0,0,0,0,0,0,0,0,2026-09-12T05:01:28.847876+00:00
Eredivisie 2026/2027,AZ Alkmaar - Willem II Tilburg,2026-09-11T18:00:00+00:00,finished,6,1-1,Willem II Tilburg,Alessandro Ciranni,D,20,6.6,7,0,0,,0.00689772,0,0,0,2,2,0,0,0,0,0,0,1,2,0,1,1,0,0,0,0,0,0,1,0,1,0,0,0,0,0,2026-09-12T05:01:28.847845+00:00
Eredivisie 2026/2027,AZ Alkmaar - Willem II Tilburg,2026-09-11T18:00:00+00:00,finished,6,1-1,Willem II Tilburg,Amine Et-Taibi,D,0,,0,0,0,,,0,0,0,0,0,0,0,0,0,0,0,0,0,0,0,0,0,0,0,0,0,0,0,0,0,0,0,0,0,0,2026-09-12T05:01:28.847914+00:00
Eredivisie 2026/2027,AZ Alkmaar - Willem II Tilburg,2026-09-11T18:00:00+00:00,finished,6,1-1,AZ Alkmaar,Ayoub Oufkir,M,8,6.5,6,0,0,,0.00492269,0,0,0,5,5,0,0,1,0,0,0,0,0,0,0,0,0,0,0,0,0,0,1,0,0,0,0,0,0,0,2026-09-12T05:01:28.847679+00:00
Eredivisie 2026/2027,AZ Alkmaar - Willem II Tilburg,2026-09-11T18:00:00+00:00,finished,6,1-1,AZ Alkmaar,Bendegúz Kovács,F,8,6.4,0,0,0,,,0,0,0,0,0,0,0,0,0,0,0,0,0,0,0,0,0,0,0,0,0,0,0,0,0,0,0,0,0,0,2026-09-12T05:01:28.847672+00:00
Eredivisie 2026/2027,AZ Alkmaar - Willem II Tilburg,2026-09-11T18:00:00+00:00,finished,6,1-1,AZ Alkmaar,Calvin Stengs,M,64,7.1,53,0,0,0.2171,0.293255,1,0,4,43,35,2,1,1,0,2,2,3,1,0,0,0,0,1,0,1,0,0,11,1,1,0,0,0,0,0,2026-09-12T05:01:28.847633+00:00
Eredivisie 2026/2027,AZ Alkmaar - Willem II Tilburg,2026-09-11T18:00:00+00:00,finished,6,1-1,AZ Alkmaar,Dave Kwakman,M,87,6.2,46,0,0,0.0452,0.0550694,2,0,0,37,32,0,0,1,0,0,0,2,6,0,2,0,0,1,0,1,0,1,7,2,1,0,0,0,1,0,2026-09-12T05:01:28.847618+00:00
Eredivisie 2026/2027,AZ Alkmaar - Willem II Tilburg,2026-09-11T18:00:00+00:00,finished,6,1-1,Willem II Tilburg,Devin Haen,F,90,7.1,28,1,0,0.5181,0.0122635,4,1,0,14,7,0,0,0,0,1,0,5,8,5,5,0,0,1,0,3,2,1,12,0,1,0,0,0,1,0,2026-09-12T05:01:28.847757+00:00
Eredivisie 2026/2027,AZ Alkmaar - Willem II Tilburg,2026-09-11T18:00:00+00:00,finished,6,1-1,AZ Alkmaar,Elijah Dijkstra,D,90,6.5,89,0,0,0.0621,0.0921717,1,0,1,65,61,2,1,2,0,4,1,5,8,2,2,1,1,1,1,12,0,1,11,1,0,0,0,0,1,0,2026-09-12T05:01:28.847577+00:00
Eredivisie 2026/2027,AZ Alkmaar - Willem II Tilburg,2026-09-11T18:00:00+00:00,finished,6,1-1,Willem II Tilburg,Eser Gürbüz,M,0,,0,0,0,,,0,0,0,0,0,0,0,0,0,0,0,0,0,0,0,0,0,0,0,0,0,0,0,0,0,0,0,0,0,0,2026-09-12T05:01:28.847907+00:00
Eredivisie 2026/2027,AZ Alkmaar - Willem II Tilburg,2026-09-11T18:00:00+00:00,finished,6,1-1,Willem II Tilburg,Hidde ter Avest,D,90,6.3,42,0,0,,0.010438,0,0,0,26,22,2,0,1,0,1,0,2,3,0,1,2,1,1,0,0,0,0,7,0,0,0,0,0,1,0,2026-09-12T05:01:28.847773+00:00
Eredivisie 2026/2027,AZ Alkmaar - Willem II Tilburg,2026-09-11T18:00:00+00:00,finished,6,1-1,AZ Alkmaar,Hobie Verhulst,G,0,,0,0,0,,,0,0,0,0,0,0,0,0,0,0,0,0,0,0,0,0,0,0,0,0,0,0,0,0,0,0,0,0,0,0,2026-09-12T05:01:28.847715+00:00
Eredivisie 2026/2027,AZ Alkmaar - Willem II Tilburg,2026-09-11T18:00:00+00:00,finished,6,1-1,Willem II Tilburg,Jaden Slory,M,88,6.6,36,0,0,,0.0939424,0,0,0,16,13,1,0,3,2,1,0,5,6,2,1,2,0,3,0,7,0,1,12,1,1,0,0,0,1,0,2026-09-12T05:01:28.847821+00:00
Eredivisie 2026/2027,AZ Alkmaar - Willem II Tilburg,2026-09-11T18:00:00+00:00,finished,6,1-1,AZ Alkmaar,Jari De Busser,G,90,6.5,36,0,0,,0.00197207,0,0,0,28,25,8,5,0,0,0,0,1,0,0,0,0,0,0,0,10,0,0,3,1,0,0,0,1,1,0,2026-09-12T05:01:28.847525+00:00
Eredivisie 2026/2027,AZ Alkmaar - Willem II Tilburg,2026-09-11T18:00:00+00:00,finished,6,1-1,Willem II Tilburg,Jens Mathijsen,D,0,,0,0,0,,,0,0,0,0,0,0,0,0,0,0,0,0,0,0,0,0,0,0,0,0,0,0,0,0,0,0,0,0,0,0,2026-09-12T05:01:28.847899+00:00
Eredivisie 2026/2027,AZ Alkmaar - Willem II Tilburg,2026-09-11T18:00:00+00:00,finished,6,1-1,AZ Alkmaar,Jizz Hornkamp,F,12,6.3,7,0,0,0.1381,4.221e-05,1,1,0,2,1,0,0,0,0,0,0,0,2,0,1,0,0,0,0,0,0,1,4,0,0,0,0,0,1,0,2026-09-12T05:01:28.847663+00:00
Eredivisie 2026/2027,AZ Alkmaar - Willem II Tilburg,2026-09-11T18:00:00+00:00,finished,6,1-1,AZ Alkmaar,Jordy Clasie,M,64,7.7,62,1,0,0.12,0.0981479,2,1,0,55,50,3,2,0,0,0,0,0,2,0,1,0,0,1,2,2,0,0,6,0,0,0,0,0,0,0,2026-09-12T05:01:28.847640+00:00
Eredivisie 2026/2027,AZ Alkmaar - Willem II Tilburg,2026-09-11T18:00:00+00:00,finished,6,1-1,Willem II Tilburg,Karst de Leeuw,G,0,,0,0,0,,,0,0,0,0,0,0,0,0,0,0,0,0,0,0,0,0,0,0,0,0,0,0,0,0,0,0,0,0,0,0,2026-09-12T05:01:28.847891+00:00
Eredivisie 2026/2027,AZ Alkmaar - Willem II Tilburg,2026-09-11T18:00:00+00:00,finished,6,1-1,Willem II Tilburg,Kasper Boogaard,M,20,6.7,6,0,0,,0.00666174,0,0,0,4,3,0,0,0,0,0,0,1,1,0,0,1,0,0,1,1,0,0,1,0,0,0,0,0,0,0,2026-09-12T05:01:28.847853+00:00
Eredivisie 2026/2027,AZ Alkmaar - Willem II Tilburg,2026-09-11T18:00:00+00:00,finished,6,1-1,AZ Alkmaar,Lewis Schouten,D,90,7.1,86,0,0,0.0602,0.0416,1,0,0,80,71,2,1,0,0,0,0,5,2,3,2,1,0,2,0,5,0,0,9,1,0,0,0,0,1,0,2026-09-12T05:01:28.847602+00:00
Eredivisie 2026/2027,AZ Alkmaar - Willem II Tilburg,2026-09-11T18:00:00+00:00,finished,6,1-1,AZ Alkmaar,Mateo Chávez,D,90,7.5,79,0,0,0.1071,0.378036,1,0,3,51,44,2,1,6,3,0,0,7,4,1,1,6,5,2,2,6,0,2,14,0,2,0,0,0,1,0,2026-09-12T05:01:28.847566+00:00
Eredivisie 2026/2027,AZ Alkmaar - Willem II Tilburg,2026-09-11T18:00:00+00:00,finished,6,1-1,Willem II Tilburg,Mats Lemmens,D,1,,2,0,0,,,0,0,0,0,0,0,0,0,0,0,0,1,0,1,0,0,0,1,0,0,0,0,1,0,0,0,0,0,0,0,2026-09-12T05:01:28.847868+00:00
Eredivisie 2026/2027,AZ Alkmaar - Willem II Tilburg,2026-09-11T18:00:00+00:00,finished,6,1-1,Willem II Tilburg,Maxime Delanghe,G,90,6.5,51,0,0,,0.0011739,0,0,0,46,23,33,10,0,0,0,0,0,0,0,0,0,0,0,0,10,0,0,23,0,0,0,0,4,1,0,2026-09-12T05:01:28.847765+00:00
Eredivisie 2026/2027,AZ Alkmaar - Willem II Tilburg,2026-09-11T18:00:00+00:00,finished,6,1-1,AZ Alkmaar,Mees De Wit,D,0,,0,0,0,,,0,0,0,0,0,0,0,0,0,0,0,0,0,0,0,0,0,0,0,0,0,0,0,0,0,0,0,0,0,0,2026-09-12T05:01:28.847742+00:00
Eredivisie 2026/2027,AZ Alkmaar - Willem II Tilburg,2026-09-11T18:00:00+00:00,finished,6,1-1,AZ Alkmaar,Mexx Meerdink,F,78,6.3,27,0,1,0.8864,0.085796,5,0,1,18,11,0,0,0,0,0,0,7,4,6,2,0,0,0,0,0,1,0,8,1,2,0,0,0,0,0,2026-09-12T05:01:28.847625+00:00
Eredivisie 2026/2027,AZ Alkmaar - Willem II Tilburg,2026-09-11T18:00:00+00:00,finished,6,1-1,Willem II Tilburg,Nathan Tjoe-A-On,D,90,6.7,64,0,0,,0.0139647,0,0,1,40,30,5,1,3,2,0,0,5,2,1,0,4,3,3,1,2,0,0,16,0,1,0,0,0,1,0,2026-09-12T05:01:28.847790+00:00
Eredivisie 2026/2027,AZ Alkmaar - Willem II Tilburg,2026-09-11T18:00:00+00:00,finished,6,1-1,AZ Alkmaar,Peer Koopmeiners,M,90,8.8,137,0,0,0.0148,0.773251,1,0,4,112,106,6,6,6,3,1,1,3,2,2,1,0,0,4,1,4,1,1,13,0,0,0,0,0,1,0,2026-09-12T05:01:28.847585+00:00
Eredivisie 2026/2027,AZ Alkmaar - Willem II Tilburg,2026-09-11T18:00:00+00:00,finished,6,1-1,Willem II Tilburg,Per van Loon,D,70,6.4,22,0,0,0.0191,0.00660231,1,0,0,11,10,0,0,0,0,3,2,5,8,0,1,2,0,0,0,0,0,2,4,1,0,0,0,0,1,0,2026-09-12T05:01:28.847837+00:00
Eredivisie 2026/2027,AZ Alkmaar - Willem II Tilburg,2026-09-11T18:00:00+00:00,finished,6,1-1,AZ Alkmaar,Rion Ichihara,D,0,,0,0,0,,,0,0,0,0,0,0,0,0,0,0,0,0,0,0,0,0,0,0,0,0,0,0,0,0,0,0,0,0,0,0,2026-09-12T05:01:28.847726+00:00
Eredivisie 2026/2027,AZ Alkmaar - Willem II Tilburg,2026-09-11T18:00:00+00:00,finished,6,1-1,AZ Alkmaar,Ro-Zangelo Daal,M,87,9.4,83,0,0,0.0561,1.34124,2,2,8,61,54,0,0,9,5,6,5,6,3,0,0,0,0,0,1,4,0,1,14,1,0,0,0,0,1,0,2026-09-12T05:01:28.847610+00:00
Eredivisie 2026/2027,AZ Alkmaar - Willem II Tilburg,2026-09-11T18:00:00+00:00,finished,6,1-1,AZ Alkmaar,Rome Jayden Owusu-Oduro,G,0,,0,0,0,,,0,0,0,0,0,0,0,0,0,0,0,0,0,0,0,0,0,0,0,0,0,0,0,0,0,0,0,0,0,0,2026-09-12T05:01:28.847687+00:00
Eredivisie 2026/2027,AZ Alkmaar - Willem II Tilburg,2026-09-11T18:00:00+00:00,finished,6,1-1,AZ Alkmaar,Seiya Maikuma,D,0,,0,0,0,,,0,0,0,0,0,0,0,0,0,0,0,0,0,0,0,0,0,0,0,0,0,0,0,0,0,0,0,0,0,0,2026-09-12T05:01:28.847734+00:00
Eredivisie 2026/2027,AZ Alkmaar - Willem II Tilburg,2026-09-11T18:00:00+00:00,finished,6,1-1,Willem II Tilburg,Thomas Verheydt,F,2,,3,0,0,,,0,0,0,1,0,0,0,0,0,0,0,1,0,0,0,1,0,0,0,0,0,0,2,0,0,0,0,0,0,0,2026-09-12T05:01:28.847861+00:00
Eredivisie 2026/2027,AZ Alkmaar - Willem II Tilburg,2026-09-11T18:00:00+00:00,finished,6,1-1,Willem II Tilburg,Tonny Vilhena,F,70,7.1,39,0,0,0.0516,0.263453,1,0,2,24,21,0,0,4,2,2,1,4,2,1,0,0,0,3,0,1,0,0,8,2,1,1,0,0,1,0,2026-09-12T05:01:28.847829+00:00
Eredivisie 2026/2027,AZ Alkmaar - Willem II Tilburg,2026-09-11T18:00:00+00:00,finished,6,1-1,Willem II Tilburg,Uriel van Aalst,M,90,7.0,39,0,1,0.3396,0.364747,2,1,2,22,16,1,1,0,0,3,2,5,4,1,1,2,0,2,3,4,1,0,8,0,0,0,0,0,1,0,2026-09-12T05:01:28.847805+00:00
Eredivisie 2026/2027,AZ Alkmaar - Willem II Tilburg,2026-09-11T18:00:00+00:00,finished,6,1-1,AZ Alkmaar,Valdemar Byskov,M,26,6.4,23,0,0,0.221,0.00860543,3,0,0,12,10,0,0,3,0,1,1,2,0,1,0,0,0,0,0,2,0,0,8,0,0,0,0,0,1,0,2026-09-12T05:01:28.847647+00:00
Eredivisie 2026/2027,AZ Alkmaar - Willem II Tilburg,2026-09-11T18:00:00+00:00,finished,6,1-1,AZ Alkmaar,Wesley Hoedt,D,0,,0,0,0,,,0,0,0,0,0,0,0,0,0,0,0,0,0,0,0,0,0,0,0,0,0,0,0,0,0,0,0,0,0,0,2026-09-12T05:01:28.847750+00:00
Eredivisie 2026/2027,AZ Alkmaar - Willem II Tilburg,2026-09-11T18:00:00+00:00,finished,6,1-1,AZ Alkmaar,Weslley Patati,F,26,6.2,23,0,0,0.5559,0.021878,2,1,1,11,9,0,0,4,1,2,0,2,4,0,2,2,0,0,0,1,0,0,8,0,0,0,0,0,1,0,2026-09-12T05:01:28.847655+00:00
Eredivisie 2026/2027,AZ Alkmaar - Willem II Tilburg,2026-09-11T18:00:00+00:00,finished,6,1-1,AZ Alkmaar,Wouter Goes,D,90,7.4,111,0,0,,0.063791,0,0,0,99,93,8,7,0,0,2,1,6,2,3,0,2,1,4,0,5,0,0,8,0,1,0,0,0,1,0,2026-09-12T05:01:28.847594+00:00
Eredivisie 2026/2027,AZ Alkmaar - Willem II Tilburg,2026-09-11T18:00:00+00:00,finished,6,1-1,Willem II Tilburg,Wouter Van der Steen,G,0,,0,0,0,,,0,0,0,0,0,0,0,0,0,0,0,0,0,0,0,0,0,0,0,0,0,0,0,0,0,0,0,0,0,0,2026-09-12T05:01:28.847883+00:00
Eredivisie 2026/2027,FC Twente - ADO Den Haag,2026-09-12T14:30:00+00:00,finished,6,2-0,FC Twente,,,14,6.7,17,0,0,0.1149,0.0065487,2,0,0,12,10,1,0,0,0,1,1,2,0,0,0,0,0,0,0,2,1,0,3,1,0,0,0,0,0,0,2026-09-13T05:01:48.884648+00:00
Eredivisie 2026/2027,FC Twente - ADO Den Haag,2026-09-12T14:30:00+00:00,finished,6,2-0,FC Twente,,,0,,0,0,0,,,0,0,0,0,0,0,0,0,0,0,0,0,0,0,0,0,0,0,0,0,0,0,0,0,0,0,0,0,0,0,2026-09-13T05:01:48.884691+00:00
Eredivisie 2026/2027,FC Twente - ADO Den Haag,2026-09-12T14:30:00+00:00,finished,6,2-0,ADO Den Haag,,,90,6.4,39,0,0,,0.169411,0,0,1,28,22,2,0,0,0,0,0,1,1,0,1,0,0,2,0,0,0,0,8,1,0,0,0,0,2,0,2026-09-13T05:01:48.884713+00:00
Eredivisie 2026/2027,FC Twente - ADO Den Haag,2026-09-12T14:30:00+00:00,finished,6,2-0,FC Twente,Aske Adelgaard,D,0,,0,0,0,,,0,0,0,0,0,0,0,0,0,0,0,0,0,0,0,0,0,0,0,0,0,0,0,0,0,0,0,0,0,0,2026-09-13T05:01:48.884678+00:00
Eredivisie 2026/2027,FC Twente - ADO Den Haag,2026-09-12T14:30:00+00:00,finished,6,2-0,FC Twente,Bart van Rooij,D,90,8.5,90,0,0,0.0484,0.413348,1,0,2,63,58,6,4,2,1,1,1,4,3,0,0,2,1,0,3,2,1,1,8,1,2,0,0,0,0,0,2026-09-13T05:01:48.884542+00:00
Eredivisie 2026/2027,FC Twente - ADO Den Haag,2026-09-12T14:30:00+00:00,finished,6,2-0,FC Twente,Daan Rots,M,21,6.4,16,0,0,,0.010728,0,0,1,10,7,0,0,1,0,0,0,1,4,0,0,0,0,0,0,1,0,2,7,1,2,0,0,0,0,0,2026-09-13T05:01:48.884633+00:00
Eredivisie 2026/2027,FC Twente - ADO Den Haag,2026-09-12T14:30:00+00:00,finished,6,2-0,FC Twente,Daouda Weidmann,M,76,9.1,66,0,1,0.1689,0.306531,3,0,2,43,37,2,2,5,2,2,2,9,0,0,0,3,3,2,0,1,1,0,11,4,0,0,0,0,0,0,2026-09-13T05:01:48.884588+00:00
Eredivisie 2026/2027,FC Twente - ADO Den Haag,2026-09-12T14:30:00+00:00,finished,6,2-0,ADO Den Haag,Daryl van Mieghem,M,23,6.6,11,0,0,0.0253,0.00863467,1,0,0,7,6,2,2,1,0,1,0,1,1,0,0,0,0,0,0,1,1,0,3,1,0,0,0,0,1,0,2026-09-13T05:01:48.884804+00:00
Eredivisie 2026/2027,FC Twente - ADO Den Haag,2026-09-12T14:30:00+00:00,finished,6,2-0,ADO Den Haag,Donát Bárány,F,23,6.4,11,0,0,,0.00277319,0,0,0,4,3,0,0,0,0,0,0,1,3,0,1,1,1,0,0,2,0,2,4,0,0,0,0,0,1,0,2026-09-13T05:01:48.884819+00:00
Eredivisie 2026/2027,FC Twente - ADO Den Haag,2026-09-12T14:30:00+00:00,finished,6,2-0,ADO Den Haag,Evan Rottier,F,90,6.5,21,0,0,0.0574,0.0334275,1,1,2,12,11,0,0,0,0,0,0,2,3,0,1,0,0,1,0,3,0,2,5,2,0,0,0,0,2,0,2026-09-13T05:01:48.884743+00:00
Eredivisie 2026/2027,FC Twente - ADO Den Haag,2026-09-12T14:30:00+00:00,finished,6,2-0,FC Twente,Filip Thorvaldsen,M,36,6.6,22,0,0,0.5071,0.204978,6,3,1,11,11,0,0,0,0,2,1,1,4,0,0,0,0,0,0,4,2,1,4,0,1,0,0,0,0,0,2026-09-13T05:01:48.884625+00:00
Eredivisie 2026/2027,FC Twente - ADO Den Haag,2026-09-12T14:30:00+00:00,finished,6,2-0,ADO Den Haag,Finn de Bruin,M,45,6.4,24,0,0,0.0216,0.00868747,1,0,0,15,14,0,0,0,0,0,0,0,2,0,1,0,0,1,1,3,0,0,6,0,0,1,0,0,0,0,2026-09-13T05:01:48.884779+00:00
Eredivisie 2026/2027,FC Twente - ADO Den Haag,2026-09-12T14:30:00+00:00,finished,6,2-0,ADO Den Haag,Illaijh de Ruijter,D,0,,0,0,0,,,0,0,0,0,0,0,0,0,0,0,0,0,0,0,0,0,0,0,0,0,0,0,0,0,0,0,0,0,0,0,2026-09-13T05:01:48.884850+00:00
Eredivisie 2026/2027,FC Twente - ADO Den Haag,2026-09-12T14:30:00+00:00,finished,6,2-0,ADO Den Haag,Jalen Hawkins,M,61,6.4,29,0,0,0.2044,0.009223,2,0,0,11,5,1,0,5,0,1,0,3,5,0,0,0,0,0,0,2,1,2,16,3,1,1,0,0,1,0,2026-09-13T05:01:48.884772+00:00
Eredivisie 2026/2027,FC Twente - ADO Den Haag,2026-09-12T14:30:00+00:00,finished,6,2-0,ADO Den Haag,Jan Žambůrek,M,0,,0,0,0,,,0,0,0,0,0,0,0,0,0,0,0,0,0,0,0,0,0,0,0,0,0,0,0,0,0,0,0,0,0,0,2026-09-13T05:01:48.884865+00:00
Eredivisie 2026/2027,FC Twente - ADO Den Haag,2026-09-12T14:30:00+00:00,finished,6,2-0,ADO Den Haag,Jesse Bal,F,29,6.6,9,0,0,0.0756,2.209e-05,1,1,0,3,1,0,0,0,0,1,1,2,2,1,1,0,0,0,0,1,0,1,5,0,0,0,0,0,2,0,2026-09-13T05:01:48.884795+00:00
Eredivisie 2026/2027,FC Twente - ADO Den Haag,2026-09-12T14:30:00+00:00,finished,6,2-0,FC Twente,Joël Drommel,G,0,,0,0,0,,,0,0,0,0,0,0,0,0,0,0,0,0,0,0,0,0,0,0,0,0,0,0,0,0,0,0,0,0,0,0,2026-09-13T05:01:48.884671+00:00
Eredivisie 2026/2027,FC Twente - ADO Den Haag,2026-09-12T14:30:00+00:00,finished,6,2-0,ADO Den Haag,Juho Kilo,M,90,7.7,77,0,0,0.0677,0.0982813,2,2,2,60,52,8,5,0,0,1,0,6,2,1,0,5,5,2,0,5,0,0,10,0,1,0,0,0,2,0,2026-09-13T05:01:48.884736+00:00
Eredivisie 2026/2027,FC Twente - ADO Den Haag,2026-09-12T14:30:00+00:00,finished,6,2-0,ADO Den Haag,Kilian Nikièma,G,90,9.5,76,0,0,,0.00145625,0,0,0,50,35,23,8,0,0,0,0,0,0,0,0,0,0,3,0,22,0,0,15,0,0,0,0,10,2,0,2026-09-13T05:01:48.884706+00:00
Eredivisie 2026/2027,FC Twente - ADO Den Haag,2026-09-12T14:30:00+00:00,finished,6,2-0,FC Twente,Krzysztof Kurowski,D,0,,0,0,0,,,0,0,0,0,0,0,0,0,0,0,0,0,0,0,0,0,0,0,0,0,0,0,0,0,0,0,0,0,0,0,2026-09-13T05:01:48.884685+00:00
Eredivisie 2026/2027,FC Twente - ADO Den Haag,2026-09-12T14:30:00+00:00,finished,6,2-0,FC Twente,Lars Unnerstall,G,90,8.9,39,0,0,,0.00497685,0,0,1,24,20,13,9,0,0,0,0,1,0,1,0,0,0,0,0,12,0,0,4,0,0,0,0,5,0,0,2026-09-13T05:01:48.884500+00:00
Eredivisie 2026/2027,FC Twente - ADO Den Haag,2026-09-12T14:30:00+00:00,finished,6,2-0,ADO Den Haag,Lasse Wilhelm,D,0,,0,0,0,,,0,0,0,0,0,0,0,0,0,0,0,0,0,0,0,0,0,0,0,0,0,0,0,0,0,0,0,0,0,0,2026-09-13T05:01:48.884857+00:00
Eredivisie 2026/2027,FC Twente - ADO Den Haag,2026-09-12T14:30:00+00:00,finished,6,2-0,FC Twente,Lucas Vennegoor of Hesselink,F,14,6.5,9,0,0,0.0584,0.0214124,1,1,2,7,6,1,0,0,0,0,0,0,1,0,0,0,0,0,0,1,0,1,2,0,0,0,0,0,0,0,2026-09-13T05:01:48.884656+00:00
Eredivisie 2026/2027,FC Twente - ADO Den Haag,2026-09-12T14:30:00+00:00,finished,6,2-0,ADO Den Haag,Luka Reischl,F,0,,0,0,0,,,0,0,0,0,0,0,0,0,0,0,0,0,0,0,0,0,0,0,0,0,0,0,0,0,0,0,0,0,0,0,2026-09-13T05:01:48.884886+00:00
Eredivisie 2026/2027,FC Twente - ADO Den Haag,2026-09-12T14:30:00+00:00,finished,6,2-0,FC Twente,Marko Pjaca,F,54,6.8,35,0,0,,0.0199919,0,0,1,21,17,0,0,1,0,2,1,5,4,1,2,3,2,0,1,2,0,1,12,0,0,0,0,0,0,0,2026-09-13T05:01:48.884618+00:00
Eredivisie 2026/2027,FC Twente - ADO Den Haag,2026-09-12T14:30:00+00:00,finished,6,2-0,ADO Den Haag,Matteo Waem,D,90,7.0,82,0,0,,0.0100105,0,0,0,67,58,13,9,0,0,1,1,5,5,3,1,1,0,10,0,4,0,0,9,0,2,0,0,0,2,0,2026-09-13T05:01:48.884728+00:00
Eredivisie 2026/2027,FC Twente - ADO Den Haag,2026-09-12T14:30:00+00:00,finished,6,2-0,ADO Den Haag,Matěj Šín,M,45,6.5,20,0,0,,0.0249742,0,0,1,8,8,0,0,2,0,0,0,2,4,0,2,2,1,1,3,3,0,0,2,0,1,0,0,0,2,0,2026-09-13T05:01:48.884787+00:00
Eredivisie 2026/2027,FC Twente - ADO Den Haag,2026-09-12T14:30:00+00:00,finished,6,2-0,FC Twente,Max Bruns,D,90,7.8,86,0,0,,0.0272858,0,0,0,76,73,2,2,0,0,0,0,5,2,4,1,1,1,5,1,4,0,0,3,0,1,1,0,0,0,0,2026-09-13T05:01:48.884553+00:00
Eredivisie 2026/2027,FC Twente - ADO Den Haag,2026-09-12T14:30:00+00:00,finished,6,2-0,ADO Den Haag,Milan Hokke,D,74,6.6,54,0,0,,0.0209003,0,0,1,33,25,4,2,1,0,0,0,4,2,1,1,3,2,4,1,2,0,0,11,0,0,0,0,0,2,0,2026-09-13T05:01:48.884751+00:00
Eredivisie 2026/2027,FC Twente - ADO Den Haag,2026-09-12T14:30:00+00:00,finished,6,2-0,FC Twente,Naci Ünüvar,F,0,,0,0,0,,,0,0,0,0,0,0,0,0,0,0,0,0,0,0,0,0,0,0,0,0,0,0,0,0,0,0,0,0,0,0,2026-09-13T05:01:48.884698+00:00
Eredivisie 2026/2027,FC Twente - ADO Den Haag,2026-09-12T14:30:00+00:00,finished,6,2-0,ADO Den Haag,Niclas Thiede,G,0,,0,0,0,,,0,0,0,0,0,0,0,0,0,0,0,0,0,0,0,0,0,0,0,0,0,0,0,0,0,0,0,0,0,0,2026-09-13T05:01:48.884842+00:00
Eredivisie 2026/2027,FC Twente - ADO Den Haag,2026-09-12T14:30:00+00:00,finished,6,2-0,ADO Den Haag,Nigel Thomas,F,0,,0,0,0,,,0,0,0,0,0,0,0,0,0,0,0,0,0,0,0,0,0,0,0,0,0,0,0,0,0,0,0,0,0,0,2026-09-13T05:01:48.884872+00:00
Eredivisie 2026/2027,FC Twente - ADO Den Haag,2026-09-12T14:30:00+00:00,finished,6,2-0,ADO Den Haag,Othniël Raterink,D,67,6.2,19,0,0,0.0273,0.00502906,1,0,0,5,4,0,0,1,0,0,0,2,2,0,1,2,1,4,0,3,1,0,5,0,1,0,0,0,1,0,2026-09-13T05:01:48.884765+00:00
Eredivisie 2026/2027,FC Twente - ADO Den Haag,2026-09-12T14:30:00+00:00,finished,6,2-0,ADO Den Haag,Pascal Mulder,D,90,7.0,56,0,0,0.0593,0.0101515,1,1,0,41,33,3,1,0,0,1,1,4,7,0,2,3,2,5,1,3,0,1,10,0,2,0,0,0,2,0,2026-09-13T05:01:48.884721+00:00
Eredivisie 2026/2027,FC Twente - ADO Den Haag,2026-09-12T14:30:00+00:00,finished,6,2-0,FC Twente,Ramiz Zerrouki,M,90,7.9,103,0,0,0.0221,0.229257,1,0,5,85,76,9,7,4,1,0,0,3,1,2,0,0,0,2,2,10,0,0,13,1,1,0,0,0,0,0,2026-09-13T05:01:48.884579+00:00
Eredivisie 2026/2027,FC Twente - ADO Den Haag,2026-09-12T14:30:00+00:00,finished,6,2-0,FC Twente,Remko Pasveer,G,0,,0,0,0,,,0,0,0,0,0,0,0,0,0,0,0,0,0,0,0,0,0,0,0,0,0,0,0,0,0,0,0,0,0,0,2026-09-13T05:01:48.884663+00:00
Eredivisie 2026/2027,FC Twente - ADO Den Haag,2026-09-12T14:30:00+00:00,finished,6,2-0,FC Twente,Robin Pröpper,D,90,8.3,72,1,0,0.2074,0.0370922,2,1,0,62,58,5,3,0,0,0,0,5,2,4,1,1,1,5,1,3,0,0,4,0,1,0,0,0,0,0,2026-09-13T05:01:48.884562+00:00
Eredivisie 2026/2027,FC Twente - ADO Den Haag,2026-09-12T14:30:00+00:00,finished,6,2-0,FC Twente,Ruud Nijstad,D,90,6.8,50,0,0,,0.116641,0,0,0,37,32,5,3,2,0,0,0,0,1,0,0,0,0,2,0,4,0,0,8,0,1,0,0,0,0,0,2026-09-13T05:01:48.884571+00:00
Eredivisie 2026/2027,FC Twente - ADO Den Haag,2026-09-12T14:30:00+00:00,finished,6,2-0,ADO Den Haag,Sanyika Bergtop,D,0,,0,0,0,,,0,0,0,0,0,0,0,0,0,0,0,0,0,0,0,0,0,0,0,0,0,0,0,0,0,0,0,0,0,0,2026-09-13T05:01:48.884879+00:00
Eredivisie 2026/2027,FC Twente - ADO Den Haag,2026-09-12T14:30:00+00:00,finished,6,2-0,ADO Den Haag,Sekou Sylla,D,16,6.8,7,0,0,,0.00268253,0,0,0,5,4,0,0,0,0,0,0,2,1,0,0,0,0,0,0,2,0,0,1,2,1,1,0,0,1,0,2026-09-13T05:01:48.884833+00:00
Eredivisie 2026/2027,FC Twente - ADO Den Haag,2026-09-12T14:30:00+00:00,finished,6,2-0,FC Twente,Sondre Ørjasæter,M,69,6.6,39,0,0,0.1704,0.108942,2,1,1,25,21,2,1,5,0,2,0,0,3,0,0,0,0,0,0,2,0,1,15,0,0,0,0,0,0,0,2026-09-13T05:01:48.884611+00:00
Eredivisie 2026/2027,FC Twente - ADO Den Haag,2026-09-12T14:30:00+00:00,finished,6,2-0,FC Twente,Thomas Van den Belt,M,21,7.0,19,0,0,0.2058,0.0985537,1,1,2,15,14,0,0,0,0,1,0,1,2,1,1,0,0,0,1,5,0,0,3,0,0,0,0,0,0,0,2026-09-13T05:01:48.884640+00:00
Eredivisie 2026/2027,FC Twente - ADO Den Haag,2026-09-12T14:30:00+00:00,finished,6,2-0,FC Twente,Wout Weghorst,F,76,7.7,37,1,0,1.3518,0.275843,4,4,0,22,17,2,1,0,0,1,1,6,3,3,1,1,1,1,1,4,0,2,9,1,0,0,0,0,0,0,2026-09-13T05:01:48.884596+00:00
Eredivisie 2026/2027,FC Twente - ADO Den Haag,2026-09-12T14:30:00+00:00,finished,6,2-0,ADO Den Haag,Yannick Eduardo,F,67,5.9,9,0,0,,0.00371655,0,0,0,4,2,0,0,0,0,1,0,0,8,0,5,0,0,0,0,1,0,0,6,0,2,0,0,0,1,0,2026-09-13T05:01:48.884758+00:00
Eredivisie 2026/2027,FC Twente - ADO Den Haag,2026-09-12T14:30:00+00:00,finished,6,2-0,FC Twente,Younes Taha,M,69,6.6,50,0,0,0.0238,0.0789585,1,1,3,35,26,2,1,4,0,3,1,4,6,1,1,0,0,0,0,1,0,1,18,2,1,0,0,0,0,0,2026-09-13T05:01:48.884603+00:00
Eredivisie 2026/2027,Go Ahead Eagles - FC Groningen,2026-09-12T16:45:00+00:00,finished,6,1-1,FC Groningen,,,0,,0,0,0,,,0,0,0,0,0,0,0,0,0,0,0,0,0,0,0,0,0,0,0,0,0,0,0,0,0,0,0,0,0,0,2026-09-13T05:01:49.011529+00:00
Eredivisie 2026/2027,Go Ahead Eagles - FC Groningen,2026-09-12T16:45:00+00:00,finished,6,1-1,Go Ahead Eagles,Alfons Sampsted,D,60,6.4,58,0,0,,0.0108675,0,0,0,40,33,2,0,4,0,0,0,3,1,1,1,0,0,2,0,1,0,0,12,2,0,0,0,0,1,0,2026-09-13T05:01:49.011294+00:00
Eredivisie 2026/2027,Go Ahead Eagles - FC Groningen,2026-09-12T16:45:00+00:00,finished,6,1-1,FC Groningen,Alvin Nordin,M,0,,0,0,0,,,0,0,0,0,0,0,0,0,0,0,0,0,0,0,0,0,0,0,0,0,0,0,0,0,0,0,0,0,0,0,2026-09-13T05:01:49.011560+00:00
Eredivisie 2026/2027,Go Ahead Eagles - FC Groningen,2026-09-12T16:45:00+00:00,finished,6,1-1,FC Groningen,Brynjólfur Darri Willumsson,F,78,7.5,24,1,0,0.135,0.0419275,3,1,0,14,8,0,0,0,0,0,0,5,4,5,2,0,0,1,0,0,0,0,10,0,1,0,0,0,0,0,2026-09-13T05:01:49.011450+00:00
Eredivisie 2026/2027,Go Ahead Eagles - FC Groningen,2026-09-12T16:45:00+00:00,finished,6,1-1,FC Groningen,David van der Werff,M,64,6.8,33,0,0,0.0269,0.00261693,1,1,0,17,13,1,0,0,0,1,0,4,2,0,0,4,2,3,2,5,0,0,6,0,1,0,0,0,0,0,2026-09-13T05:01:49.011474+00:00
Eredivisie 2026/2027,Go Ahead Eagles - FC Groningen,2026-09-12T16:45:00+00:00,finished,6,1-1,Go Ahead Eagles,Dean James,D,78,6.2,54,0,0,,0.0461118,0,0,2,30,28,1,1,9,2,3,0,0,5,0,0,0,0,1,2,2,0,1,13,0,1,0,0,0,1,0,2026-09-13T05:01:49.011278+00:00
Eredivisie 2026/2027,Go Ahead Eagles - FC Groningen,2026-09-12T16:45:00+00:00,finished,6,1-1,FC Groningen,Elvis Van der Laan,D,0,,0,0,0,,,0,0,0,0,0,0,0,0,0,0,0,0,0,0,0,0,0,0,0,0,0,0,0,0,0,0,0,0,0,0,2026-09-13T05:01:49.011538+00:00
Eredivisie 2026/2027,Go Ahead Eagles - FC Groningen,2026-09-12T16:45:00+00:00,finished,6,1-1,Go Ahead Eagles,Erik Flataker,F,12,6.4,4,0,0,0.0968,0.00705573,1,0,0,3,2,0,0,0,0,0,0,0,1,0,1,0,0,0,0,0,0,0,1,0,0,0,0,0,0,0,2026-09-13T05:01:49.011316+00:00
Eredivisie 2026/2027,Go Ahead Eagles - FC Groningen,2026-09-12T16:45:00+00:00,finished,6,1-1,FC Groningen,Etienne Vaessen,G,90,7.9,78,0,0,,0.00749632,0,0,0,61,28,41,11,0,0,1,1,2,0,0,0,1,1,0,0,18,0,0,33,0,0,0,0,5,1,0,2026-09-13T05:01:49.011401+00:00
Eredivisie 2026/2027,Go Ahead Eagles - FC Groningen,2026-09-12T16:45:00+00:00,finished,6,1-1,Go Ahead Eagles,Eus Waayers,D,0,,0,0,0,,,0,0,0,0,0,0,0,0,0,0,0,0,0,0,0,0,0,0,0,0,0,0,0,0,0,0,0,0,0,0,2026-09-13T05:01:49.011356+00:00
Eredivisie 2026/2027,Go Ahead Eagles - FC Groningen,2026-09-12T16:45:00+00:00,finished,6,1-1,Go Ahead Eagles,Evert Linthorst,M,67,6.5,55,0,0,,0.052065,0,0,1,51,43,5,4,3,0,1,0,0,3,0,1,0,0,0,0,3,0,0,12,0,0,0,0,0,1,0,2026-09-13T05:01:49.011286+00:00
Eredivisie 2026/2027,Go Ahead Eagles - FC Groningen,2026-09-12T16:45:00+00:00,finished,6,1-1,Go Ahead Eagles,Giovanni van Zwam,D,11,6.8,11,0,0,,0.00183343,0,0,0,9,7,4,3,0,0,0,0,0,0,0,0,0,0,0,2,0,0,0,2,0,0,0,0,0,0,0,2026-09-13T05:01:49.011332+00:00
Eredivisie 2026/2027,Go Ahead Eagles - FC Groningen,2026-09-12T16:45:00+00:00,finished,6,1-1,FC Groningen,Jacob Ondrejka,F,26,6.5,9,0,0,,0.0025092,0,0,0,8,5,0,0,0,0,0,0,0,0,0,0,0,0,1,0,1,0,0,3,0,0,0,0,0,1,0,2026-09-13T05:01:49.011482+00:00
Eredivisie 2026/2027,Go Ahead Eagles - FC Groningen,2026-09-12T16:45:00+00:00,finished,6,1-1,FC Groningen,Jahelille Hall,M,0,,0,0,0,,,0,0,0,0,0,0,0,0,0,0,0,0,0,0,0,0,0,0,0,0,0,0,0,0,0,0,0,0,0,0,2026-09-13T05:01:49.011552+00:00
Eredivisie 2026/2027,Go Ahead Eagles - FC Groningen,2026-09-12T16:45:00+00:00,finished,6,1-1,FC Groningen,Jesper Mosselaar,D,0,,0,0,0,,,0,0,0,0,0,0,0,0,0,0,0,0,0,0,0,0,0,0,0,0,0,0,0,0,0,0,0,0,0,0,2026-09-13T05:01:49.011545+00:00
Eredivisie 2026/2027,Go Ahead Eagles - FC Groningen,2026-09-12T16:45:00+00:00,finished,6,1-1,FC Groningen,Jismerai Dillema,M,0,,0,0,0,,,0,0,0,0,0,0,0,0,0,0,0,0,0,0,0,0,0,0,0,0,0,0,0,0,0,0,0,0,0,0,2026-09-13T05:01:49.011512+00:00
Eredivisie 2026/2027,Go Ahead Eagles - FC Groningen,2026-09-12T16:45:00+00:00,finished,6,1-1,FC Groningen,Jorg Schreuders,M,90,6.9,67,0,0,,0.0203351,0,0,0,38,31,5,3,0,0,0,0,5,1,0,0,5,3,5,2,8,0,0,9,0,1,0,0,0,1,0,2026-09-13T05:01:49.011409+00:00
Eredivisie 2026/2027,Go Ahead Eagles - FC Groningen,2026-09-12T16:45:00+00:00,finished,6,1-1,Go Ahead Eagles,Joris Kramer,D,90,6.7,113,0,0,0.0359,0.0234241,1,0,0,98,84,11,3,1,0,0,0,8,8,6,5,1,1,2,0,7,1,1,18,1,2,0,0,0,1,0,2026-09-13T05:01:49.011224+00:00
Eredivisie 2026/2027,Go Ahead Eagles - FC Groningen,2026-09-12T16:45:00+00:00,finished,6,1-1,Go Ahead Eagles,Julius Dirksen,D,78,6.6,76,0,0,0.0117,0.0142067,1,0,1,67,60,5,2,0,0,0,0,2,2,0,2,1,1,2,1,2,0,0,8,1,0,0,0,0,1,0,2026-09-13T05:01:49.011269+00:00
Eredivisie 2026/2027,Go Ahead Eagles - FC Groningen,2026-09-12T16:45:00+00:00,finished,6,1-1,Go Ahead Eagles,Kjetil Haug,G,90,6.0,45,0,0,,0.00103767,0,0,0,40,28,18,6,0,0,0,0,0,0,0,0,0,0,0,0,8,0,0,12,0,0,0,0,1,1,0,2026-09-13T05:01:49.011213+00:00
Eredivisie 2026/2027,Go Ahead Eagles - FC Groningen,2026-09-12T16:45:00+00:00,finished,6,1-1,FC Groningen,Lovro Štubljar,G,0,,0,0,0,,,0,0,0,0,0,0,0,0,0,0,0,0,0,0,0,0,0,0,0,0,0,0,0,0,0,0,0,0,0,0,2026-09-13T05:01:49.011521+00:00
Eredivisie 2026/2027,Go Ahead Eagles - FC Groningen,2026-09-12T16:45:00+00:00,finished,6,1-1,FC Groningen,Marco Rente,D,20,6.7,14,0,0,,0.00055724,0,0,0,6,6,2,2,0,0,0,0,3,1,1,0,2,2,2,1,1,0,0,1,0,1,0,0,0,1,0,2026-09-13T05:01:49.011490+00:00
Eredivisie 2026/2027,Go Ahead Eagles - FC Groningen,2026-09-12T16:45:00+00:00,finished,6,1-1,Go Ahead Eagles,Mathis Suray,M,79,6.8,60,0,0,0.0626,0.360901,3,0,4,39,29,4,3,7,1,2,0,2,3,0,0,1,1,1,0,1,1,0,21,1,1,0,0,0,1,0,2026-09-13T05:01:49.011261+00:00
Eredivisie 2026/2027,Go Ahead Eagles - FC Groningen,2026-09-12T16:45:00+00:00,finished,6,1-1,Go Ahead Eagles,Melle Meulensteen,M,90,7.3,92,0,0,0.102,0.205488,1,0,2,77,73,5,4,2,1,2,1,4,3,1,1,1,0,0,3,10,0,0,9,1,1,0,0,0,1,0,2026-09-13T05:01:49.011233+00:00
Eredivisie 2026/2027,Go Ahead Eagles - FC Groningen,2026-09-12T16:45:00+00:00,finished,6,1-1,FC Groningen,Márk Csinger,D,90,6.9,60,0,0,,0.00259871,0,0,0,43,34,4,0,0,0,0,0,3,3,3,1,0,0,5,5,1,0,0,9,0,2,0,0,0,1,0,2026-09-13T05:01:49.011417+00:00
Eredivisie 2026/2027,Go Ahead Eagles - FC Groningen,2026-09-12T16:45:00+00:00,finished,6,1-1,Go Ahead Eagles,Nando Verdoni,G,0,,0,0,0,,,0,0,0,0,0,0,0,0,0,0,0,0,0,0,0,0,0,0,0,0,0,0,0,0,0,0,0,0,0,0,2026-09-13T05:01:49.011371+00:00
Eredivisie 2026/2027,Go Ahead Eagles - FC Groningen,2026-09-12T16:45:00+00:00,finished,6,1-1,FC Groningen,Nils Eggens,F,13,6.4,3,0,0,,0.00057039,0,0,0,1,1,0,0,0,0,0,0,0,1,0,0,0,0,0,0,0,0,1,2,0,0,0,0,0,1,0,2026-09-13T05:01:49.011498+00:00
Eredivisie 2026/2027,Go Ahead Eagles - FC Groningen,2026-09-12T16:45:00+00:00,finished,6,1-1,Go Ahead Eagles,Oskar Siira Sivertsen,F,12,6.6,6,0,0,0.0778,,1,0,0,2,0,0,0,1,0,1,0,1,1,0,0,0,0,0,0,1,0,0,4,1,0,0,0,0,0,0,2026-09-13T05:01:49.011324+00:00
Eredivisie 2026/2027,Go Ahead Eagles - FC Groningen,2026-09-12T16:45:00+00:00,finished,6,1-1,FC Groningen,Oskar Zawada,F,12,6.4,10,0,0,,0.00027088,0,0,0,6,3,0,0,0,0,0,0,1,1,1,1,0,0,0,0,0,0,0,5,0,0,0,0,0,1,0,2026-09-13T05:01:49.011505+00:00
Eredivisie 2026/2027,Go Ahead Eagles - FC Groningen,2026-09-12T16:45:00+00:00,finished,6,1-1,FC Groningen,Pelle Clement,M,77,6.8,47,0,1,,0.0454225,0,0,1,36,33,1,1,0,0,1,0,2,5,0,2,1,1,3,0,5,0,0,6,1,1,0,0,0,0,0,2026-09-13T05:01:49.011458+00:00
Eredivisie 2026/2027,Go Ahead Eagles - FC Groningen,2026-09-12T16:45:00+00:00,finished,6,1-1,Go Ahead Eagles,Richonell Margaret,F,0,,0,0,0,,,0,0,0,0,0,0,0,0,0,0,0,0,0,0,0,0,0,0,0,0,0,0,0,0,0,0,0,0,0,0,2026-09-13T05:01:49.011385+00:00
Eredivisie 2026/2027,Go Ahead Eagles - FC Groningen,2026-09-12T16:45:00+00:00,finished,6,1-1,Go Ahead Eagles,Robbin Weijenberg,M,0,,0,0,0,,,0,0,0,0,0,0,0,0,0,0,0,0,0,0,0,0,0,0,0,0,0,0,0,0,0,0,0,0,0,0,2026-09-13T05:01:49.011378+00:00
Eredivisie 2026/2027,Go Ahead Eagles - FC Groningen,2026-09-12T16:45:00+00:00,finished,6,1-1,Go Ahead Eagles,Stefán Ingi Sigurðarson,F,90,6.6,32,0,1,1.1042,0.135789,6,1,2,18,13,1,0,0,0,0,0,4,9,1,8,1,0,0,0,2,1,0,7,2,0,0,0,0,1,0,2026-09-13T05:01:49.011170+00:00
Eredivisie 2026/2027,Go Ahead Eagles - FC Groningen,2026-09-12T16:45:00+00:00,finished,6,1-1,Go Ahead Eagles,Søren Tengstedt,M,90,8.3,55,1,0,0.5976,0.107491,7,4,0,36,34,2,1,0,0,5,3,5,2,1,0,0,0,0,0,8,2,0,7,1,0,0,0,0,1,0,2026-09-13T05:01:49.011242+00:00
Eredivisie 2026/2027,Go Ahead Eagles - FC Groningen,2026-09-12T16:45:00+00:00,finished,6,1-1,Go Ahead Eagles,Thibo Baeten,F,30,6.6,27,0,0,0.0511,0.0214458,1,0,0,12,12,1,1,4,1,1,1,1,3,0,0,0,0,0,0,3,1,2,8,0,1,0,0,0,0,0,2026-09-13T05:01:49.011301+00:00
Eredivisie 2026/2027,Go Ahead Eagles - FC Groningen,2026-09-12T16:45:00+00:00,finished,6,1-1,FC Groningen,Thijmen Blokzijl,D,90,7.0,54,0,0,,0.00768917,0,0,0,43,38,4,3,0,0,0,0,4,3,4,3,0,0,9,1,1,0,0,5,0,0,0,0,0,1,0,2026-09-13T05:01:49.011425+00:00
Eredivisie 2026/2027,Go Ahead Eagles - FC Groningen,2026-09-12T16:45:00+00:00,finished,6,1-1,FC Groningen,Thom van Bergen,F,90,6.9,47,0,0,,0.0410682,0,0,1,25,20,1,1,1,0,0,0,8,5,3,3,1,1,5,2,5,0,2,14,4,0,0,0,0,1,0,2026-09-13T05:01:49.011433+00:00
Eredivisie 2026/2027,Go Ahead Eagles - FC Groningen,2026-09-12T16:45:00+00:00,finished,6,1-1,Go Ahead Eagles,Thomas Hulleman,G,0,,0,0,0,,,0,0,0,0,0,0,0,0,0,0,0,0,0,0,0,0,0,0,0,0,0,0,0,0,0,0,0,0,0,0,2026-09-13T05:01:49.011339+00:00
Eredivisie 2026/2027,Go Ahead Eagles - FC Groningen,2026-09-12T16:45:00+00:00,finished,6,1-1,FC Groningen,Tika de Jonge,M,90,6.5,43,0,0,,0.100239,0,0,0,29,26,1,1,0,0,0,0,1,3,0,1,0,0,1,3,3,0,0,8,1,1,0,0,0,1,0,2026-09-13T05:01:49.011441+00:00
Eredivisie 2026/2027,Go Ahead Eagles - FC Groningen,2026-09-12T16:45:00+00:00,finished,6,1-1,Go Ahead Eagles,Tino Jukić,D,0,,0,0,0,,,0,0,0,0,0,0,0,0,0,0,0,0,0,0,0,0,0,0,0,0,0,0,0,0,0,0,0,0,0,0,2026-09-13T05:01:49.011364+00:00
Eredivisie 2026/2027,Go Ahead Eagles - FC Groningen,2026-09-12T16:45:00+00:00,finished,6,1-1,Go Ahead Eagles,Tomas Galvez,D,0,,0,0,0,,,0,0,0,0,0,0,0,0,0,0,0,0,0,0,0,0,0,0,0,0,0,0,0,0,0,0,0,0,0,0,2026-09-13T05:01:49.011347+00:00
Eredivisie 2026/2027,Go Ahead Eagles - FC Groningen,2026-09-12T16:45:00+00:00,finished,6,1-1,FC Groningen,Tygo Land,M,90,7.0,65,0,0,,0.0418819,0,0,0,51,46,6,2,0,0,1,1,4,2,0,0,1,0,1,2,4,0,1,9,2,0,0,0,0,1,0,2026-09-13T05:01:49.011394+00:00
Eredivisie 2026/2027,Go Ahead Eagles - FC Groningen,2026-09-12T16:45:00+00:00,finished,6,1-1,Go Ahead Eagles,Victor Edvardsen,F,90,7.6,54,0,0,0.0927,0.725257,2,1,7,44,33,3,2,4,1,3,1,2,2,1,0,0,0,0,0,4,0,0,17,0,0,0,0,0,1,0,2026-09-13T05:01:49.011252+00:00
Eredivisie 2026/2027,Go Ahead Eagles - FC Groningen,2026-09-12T16:45:00+00:00,finished,6,1-1,FC Groningen,Wouter Prins,D,70,6.7,31,0,0,,0.0942621,0,0,1,15,11,4,1,1,1,0,0,2,4,1,0,1,1,4,1,3,0,0,8,0,2,0,0,0,0,0,2026-09-13T05:01:49.011466+00:00
Eredivisie 2026/2027,Go Ahead Eagles - FC Groningen,2026-09-12T16:45:00+00:00,finished,6,1-1,Go Ahead Eagles,Yassir Rahmouni,M,23,6.8,17,0,0,,0.253114,0,0,1,14,12,0,0,0,0,0,0,2,3,1,1,1,0,0,0,2,0,0,2,0,2,1,0,0,0,0,2026-09-13T05:01:49.011309+00:00
Eredivisie 2026/2027,Fortuna Sittard - AFC Ajax,2026-09-12T18:00:00+00:00,finished,6,1-5,AFC Ajax,,,90,8.4,77,1,1,0.3317,0.327023,2,2,1,61,56,2,1,1,0,0,0,7,3,3,2,2,0,5,0,2,0,0,8,2,1,0,0,0,1,0,2026-09-13T05:01:49.114551+00:00
Eredivisie 2026/2027,Fortuna Sittard - AFC Ajax,2026-09-12T18:00:00+00:00,finished,6,1-5,Fortuna Sittard,,,8,6.7,8,0,0,,0.00056898,0,0,0,3,2,1,0,0,0,1,1,3,1,0,0,2,2,2,0,2,0,0,1,0,0,0,0,0,1,0,2026-09-13T05:01:49.114852+00:00
Eredivisie 2026/2027,Fortuna Sittard - AFC Ajax,2026-09-12T18:00:00+00:00,finished,6,1-5,AFC Ajax,Abdellah Ouazane,M,33,7.1,28,0,0,0.0485,0.38148,1,0,2,16,16,0,0,3,1,3,1,1,5,0,0,0,0,0,2,1,0,1,6,0,1,1,0,0,0,0,2026-09-13T05:01:49.114627+00:00
Eredivisie 2026/2027,Fortuna Sittard - AFC Ajax,2026-09-12T18:00:00+00:00,finished,6,1-5,Fortuna Sittard,Anthony Descotte,F,45,7.7,17,1,0,0.3983,0.00143377,2,2,0,10,7,0,0,0,0,1,1,4,2,1,2,0,0,0,0,0,0,0,4,2,0,0,0,0,4,0,2026-09-13T05:01:49.114829+00:00
Eredivisie 2026/2027,Fortuna Sittard - AFC Ajax,2026-09-12T18:00:00+00:00,finished,6,1-5,AFC Ajax,Anton Gaaei,D,90,7.3,92,0,0,0.0578,0.253166,2,1,3,68,57,8,4,6,3,1,1,3,3,0,2,2,0,2,0,4,0,0,16,0,1,0,0,0,1,0,2026-09-13T05:01:49.114558+00:00
Eredivisie 2026/2027,Fortuna Sittard - AFC Ajax,2026-09-12T18:00:00+00:00,finished,6,1-5,AFC Ajax,Caio Henrique,D,90,6.8,92,0,0,,0.354902,0,0,1,71,65,6,5,2,0,1,0,2,2,1,0,0,0,3,0,5,0,0,13,1,1,1,0,0,1,0,2026-09-13T05:01:49.114537+00:00
Eredivisie 2026/2027,Fortuna Sittard - AFC Ajax,2026-09-12T18:00:00+00:00,finished,6,1-5,Fortuna Sittard,David Stockbrink,F,0,,0,0,0,,,0,0,0,0,0,0,0,0,0,0,0,0,0,0,0,0,0,0,0,0,0,0,0,0,0,0,0,0,0,0,2026-09-13T05:01:49.114873+00:00
Eredivisie 2026/2027,Fortuna Sittard - AFC Ajax,2026-09-12T18:00:00+00:00,finished,6,1-5,AFC Ajax,Davy Klaassen,M,32,7.1,17,1,0,0.5554,0.00111806,2,1,0,13,10,0,0,0,0,0,0,0,0,0,0,0,0,0,0,2,0,0,4,0,0,0,0,0,0,0,2026-09-13T05:01:49.114642+00:00
Eredivisie 2026/2027,Fortuna Sittard - AFC Ajax,2026-09-12T18:00:00+00:00,finished,6,1-5,AFC Ajax,Dies Janse,D,0,,0,0,0,,,0,0,0,0,0,0,0,0,0,0,0,0,0,0,0,0,0,0,0,0,0,0,0,0,0,0,0,0,0,0,2026-09-13T05:01:49.114723+00:00
Eredivisie 2026/2027,Fortuna Sittard - AFC Ajax,2026-09-12T18:00:00+00:00,finished,6,1-5,Fortuna Sittard,Ganni Buyukhan,M,0,,0,0,0,,,0,0,0,0,0,0,0,0,0,0,0,0,0,0,0,0,0,0,0,0,0,0,0,0,0,0,0,0,0,0,2026-09-13T05:01:49.114868+00:00
Eredivisie 2026/2027,Fortuna Sittard - AFC Ajax,2026-09-12T18:00:00+00:00,finished,6,1-5,Fortuna Sittard,Ivo Pinto,D,90,5.9,49,0,0,,0.0500564,0,0,0,32,26,6,2,1,0,0,0,5,0,0,0,5,1,2,1,2,0,0,7,0,0,0,0,0,5,0,2026-09-13T05:01:49.114804+00:00
Eredivisie 2026/2027,Fortuna Sittard - AFC Ajax,2026-09-12T18:00:00+00:00,finished,6,1-5,Fortuna Sittard,Jasper Dahlhaus,D,76,6.0,34,0,0,0.0059,0.00284075,1,0,0,11,9,1,0,2,0,0,0,4,3,0,1,3,2,3,1,2,1,1,9,1,0,0,0,0,3,0,2026-09-13T05:01:49.114819+00:00
Eredivisie 2026/2027,Fortuna Sittard - AFC Ajax,2026-09-12T18:00:00+00:00,finished,6,1-5,AFC Ajax,Joeri Heerkens,G,0,,0,0,0,,,0,0,0,0,0,0,0,0,0,0,0,0,0,0,0,0,0,0,0,0,0,0,0,0,0,0,0,0,0,0,2026-09-13T05:01:49.114692+00:00
Eredivisie 2026/2027,Fortuna Sittard - AFC Ajax,2026-09-12T18:00:00+00:00,finished,6,1-5,AFC Ajax,Jofre Torrents ,D,0,,0,0,0,,,0,0,0,0,0,0,0,0,0,0,0,0,0,0,0,0,0,0,0,0,0,0,0,0,0,0,0,0,0,0,2026-09-13T05:01:49.114739+00:00
Eredivisie 2026/2027,Fortuna Sittard - AFC Ajax,2026-09-12T18:00:00+00:00,finished,6,1-5,AFC Ajax,Jorthy Mokio,M,58,6.3,37,0,0,0.2972,0.252612,1,0,1,25,21,0,0,0,0,1,1,3,4,1,0,1,1,1,0,4,0,1,8,0,3,1,0,0,1,0,2026-09-13T05:01:49.114613+00:00
Eredivisie 2026/2027,Fortuna Sittard - AFC Ajax,2026-09-12T18:00:00+00:00,finished,6,1-5,AFC Ajax,Julian Brandt,F,74,7.2,71,1,0,0.6776,0.0878337,4,4,0,60,53,2,2,2,0,0,0,0,2,0,1,0,0,0,0,2,0,1,13,0,0,0,0,0,1,0,2026-09-13T05:01:49.114585+00:00
Eredivisie 2026/2027,Fortuna Sittard - AFC Ajax,2026-09-12T18:00:00+00:00,finished,6,1-5,Fortuna Sittard,Justin Hubner,D,90,5.5,45,0,0,0.0349,0.0398002,1,1,1,33,31,4,2,2,1,0,0,0,3,0,2,0,0,5,0,3,0,0,3,0,0,0,0,0,5,0,2026-09-13T05:01:49.114785+00:00
Eredivisie 2026/2027,Fortuna Sittard - AFC Ajax,2026-09-12T18:00:00+00:00,finished,6,1-5,AFC Ajax,Kasper Dolberg,F,16,6.8,10,1,0,0.9122,0.00103255,2,1,0,5,3,0,0,0,0,0,0,0,1,0,0,0,0,1,0,1,0,1,4,0,0,0,0,0,0,0,2026-09-13T05:01:49.114674+00:00
Eredivisie 2026/2027,Fortuna Sittard - AFC Ajax,2026-09-12T18:00:00+00:00,finished,6,1-5,Fortuna Sittard,Kaylen Reitmaier,G,0,,0,0,0,,,0,0,0,0,0,0,0,0,0,0,0,0,0,0,0,0,0,0,0,0,0,0,0,0,0,0,0,0,0,0,2026-09-13T05:01:49.114858+00:00
Eredivisie 2026/2027,Fortuna Sittard - AFC Ajax,2026-09-12T18:00:00+00:00,finished,6,1-5,Fortuna Sittard,Lequincio Zeefuik,F,45,6.6,16,0,0,,0.00458011,0,0,0,3,1,0,0,0,0,1,0,3,3,2,0,0,0,2,0,0,0,0,11,1,2,1,0,0,1,0,2026-09-13T05:01:49.114833+00:00
Eredivisie 2026/2027,Fortuna Sittard - AFC Ajax,2026-09-12T18:00:00+00:00,finished,6,1-5,AFC Ajax,Lucas Rosa,D,0,,0,0,0,,,0,0,0,0,0,0,0,0,0,0,0,0,0,0,0,0,0,0,0,0,0,0,0,0,0,0,0,0,0,0,2026-09-13T05:01:49.114728+00:00
Eredivisie 2026/2027,Fortuna Sittard - AFC Ajax,2026-09-12T18:00:00+00:00,finished,6,1-5,Fortuna Sittard,Luuk Koopmans,G,0,,0,0,0,,,0,0,0,0,0,0,0,0,0,0,0,0,0,0,0,0,0,0,0,0,0,0,0,0,0,0,0,0,0,0,2026-09-13T05:01:49.114863+00:00
Eredivisie 2026/2027,Fortuna Sittard - AFC Ajax,2026-09-12T18:00:00+00:00,finished,6,1-5,AFC Ajax,Maarten Paes,G,0,,0,0,0,,,0,0,0,0,0,0,0,0,0,0,0,0,0,0,0,0,0,0,0,0,0,0,0,0,0,0,0,0,0,0,2026-09-13T05:01:49.114711+00:00
Eredivisie 2026/2027,Fortuna Sittard - AFC Ajax,2026-09-12T18:00:00+00:00,finished,6,1-5,AFC Ajax,Marc-André Ter Stegen,G,90,7.5,32,0,0,,0.0005508,0,0,0,23,21,7,5,0,0,0,0,1,0,1,0,0,0,1,0,10,0,0,2,0,0,0,0,3,1,1,2026-09-13T05:01:49.114480+00:00
Eredivisie 2026/2027,Fortuna Sittard - AFC Ajax,2026-09-12T18:00:00+00:00,finished,6,1-5,AFC Ajax,Marcos Leonardo,F,0,,0,0,0,,,0,0,0,0,0,0,0,0,0,0,0,0,0,0,0,0,0,0,0,0,0,0,0,0,0,0,0,0,0,0,2026-09-13T05:01:49.114680+00:00
Eredivisie 2026/2027,Fortuna Sittard - AFC Ajax,2026-09-12T18:00:00+00:00,finished,6,1-5,Fortuna Sittard,Mattijs Branderhorst,G,90,7.3,35,0,0,,0.00405659,0,0,0,23,17,13,7,0,0,0,0,0,0,0,0,0,0,0,0,7,0,0,6,0,0,0,0,6,5,0,2026-09-13T05:01:49.114752+00:00
Eredivisie 2026/2027,Fortuna Sittard - AFC Ajax,2026-09-12T18:00:00+00:00,finished,6,1-5,Fortuna Sittard,Mohamed Ihattaren,M,76,6.3,32,0,0,,0.0303621,0,0,0,19,12,2,1,6,0,0,0,1,2,0,0,1,0,0,1,2,0,0,16,0,2,0,0,0,3,0,2026-09-13T05:01:49.114824+00:00
Eredivisie 2026/2027,Fortuna Sittard - AFC Ajax,2026-09-12T18:00:00+00:00,finished,6,1-5,Fortuna Sittard,Moussa Gbemou,M,11,6.5,4,0,0,,0.0011074,0,0,0,3,1,0,0,0,0,0,0,1,0,0,0,0,0,0,0,1,0,0,2,1,0,0,0,0,1,0,2026-09-13T05:01:49.114848+00:00
Eredivisie 2026/2027,Fortuna Sittard - AFC Ajax,2026-09-12T18:00:00+00:00,finished,6,1-5,Fortuna Sittard,Nick de Groot,D,14,6.0,3,0,0,,0.00245594,0,0,0,2,2,0,0,0,0,0,0,0,0,0,0,0,0,1,0,0,0,0,0,0,0,0,0,0,2,0,2026-09-13T05:01:49.114843+00:00
Eredivisie 2026/2027,Fortuna Sittard - AFC Ajax,2026-09-12T18:00:00+00:00,finished,6,1-5,Fortuna Sittard,Ole Romeny,F,89,6.7,24,0,0,0.1673,0.00772407,3,1,1,13,9,2,1,0,0,0,0,3,5,2,1,0,0,1,1,4,1,3,7,1,1,0,0,0,4,0,2026-09-13T05:01:49.114809+00:00
Eredivisie 2026/2027,Fortuna Sittard - AFC Ajax,2026-09-12T18:00:00+00:00,finished,6,1-5,AFC Ajax,Oliver Valaker Edvardsen,F,57,6.2,38,0,0,0.036,0.056601,1,0,2,24,22,0,0,1,0,2,0,2,5,1,1,0,0,2,0,3,0,1,9,1,1,0,0,0,1,0,2026-09-13T05:01:49.114620+00:00
Eredivisie 2026/2027,Fortuna Sittard - AFC Ajax,2026-09-12T18:00:00+00:00,finished,6,1-5,AFC Ajax,Oscar Gloukh,M,16,6.5,15,0,1,0.3206,0.0543456,1,0,1,11,11,0,0,0,0,1,1,1,2,0,0,0,0,0,0,1,0,0,2,0,0,0,0,0,0,0,2026-09-13T05:01:49.114667+00:00
Eredivisie 2026/2027,Fortuna Sittard - AFC Ajax,2026-09-12T18:00:00+00:00,finished,6,1-5,AFC Ajax,Owen Wijndal,D,0,,0,0,0,,,0,0,0,0,0,0,0,0,0,0,0,0,0,0,0,0,0,0,0,0,0,0,0,0,0,0,0,0,0,0,2026-09-13T05:01:49.114732+00:00
Eredivisie 2026/2027,Fortuna Sittard - AFC Ajax,2026-09-12T18:00:00+00:00,finished,6,1-5,Fortuna Sittard,Philip Brittijn,M,90,5.1,46,0,0,,0.00945785,0,0,0,37,28,2,0,0,0,0,0,0,3,0,1,0,0,4,0,4,0,0,10,0,0,0,0,0,5,0,2026-09-13T05:01:49.114745+00:00
Eredivisie 2026/2027,Fortuna Sittard - AFC Ajax,2026-09-12T18:00:00+00:00,finished,6,1-5,Fortuna Sittard,Rodrigo Guth,D,90,6.1,70,0,0,,0.00522578,0,0,0,50,43,6,2,0,0,1,1,5,4,3,4,1,1,11,1,4,0,0,8,0,0,0,0,0,5,0,2026-09-13T05:01:49.114798+00:00
Eredivisie 2026/2027,Fortuna Sittard - AFC Ajax,2026-09-12T18:00:00+00:00,finished,6,1-5,Fortuna Sittard,Shiloh 't Zand,M,90,6.5,46,0,0,,0.0412766,0,0,2,32,28,1,0,3,0,2,1,4,3,0,1,1,1,0,1,7,0,0,11,2,0,0,0,0,5,0,2026-09-13T05:01:49.114766+00:00
Eredivisie 2026/2027,Fortuna Sittard - AFC Ajax,2026-09-12T18:00:00+00:00,finished,6,1-5,AFC Ajax,Sofyan Amrabat,M,90,7.0,109,0,0,0.0176,0.0959255,1,0,0,99,92,5,4,0,0,1,0,2,3,0,0,1,1,0,1,7,1,0,10,1,1,0,0,0,1,0,2026-09-13T05:01:49.114525+00:00
Eredivisie 2026/2027,Fortuna Sittard - AFC Ajax,2026-09-12T18:00:00+00:00,finished,6,1-5,AFC Ajax,Steven Berghuis,F,68,7.0,69,0,0,0.1198,0.536319,1,1,7,50,45,2,0,10,5,3,1,2,6,1,0,0,0,0,0,3,0,1,13,0,2,1,0,0,1,0,2026-09-13T05:01:49.114602+00:00
Eredivisie 2026/2027,Fortuna Sittard - AFC Ajax,2026-09-12T18:00:00+00:00,finished,6,1-5,Fortuna Sittard,Syb Van Ottele,D,14,6.2,10,0,0,,0.00632392,0,0,0,7,6,3,2,0,0,0,0,1,0,0,0,1,1,0,0,1,0,0,2,0,0,0,0,0,2,0,2026-09-13T05:01:49.114839+00:00
Eredivisie 2026/2027,Fortuna Sittard - AFC Ajax,2026-09-12T18:00:00+00:00,finished,6,1-5,AFC Ajax,Tolu Arokodare,F,74,6.4,26,0,0,0.5524,0.391859,7,0,2,12,10,0,0,0,0,1,1,5,1,4,1,0,0,0,1,1,2,0,4,0,0,0,0,0,1,0,2026-09-13T05:01:49.114568+00:00
Eredivisie 2026/2027,Fortuna Sittard - AFC Ajax,2026-09-12T18:00:00+00:00,finished,6,1-5,AFC Ajax,Viktor Tsygankov,M,22,7.0,19,0,1,0.0827,0.153413,1,0,3,13,12,2,2,3,3,0,0,0,2,0,0,0,0,0,0,1,1,1,3,0,0,0,0,0,0,0,2026-09-13T05:01:49.114658+00:00
Eredivisie 2026/2027,Fortuna Sittard - AFC Ajax,2026-09-12T18:00:00+00:00,finished,6,1-5,AFC Ajax,Youri Baas,D,90,7.5,76,1,0,0.1671,0.0323156,1,1,0,71,70,1,1,0,0,0,0,0,2,0,1,0,0,0,1,5,0,0,1,0,1,1,0,0,1,0,2026-09-13T05:01:49.114544+00:00
Eredivisie 2026/2027,Fortuna Sittard - AFC Ajax,2026-09-12T18:00:00+00:00,finished,6,1-5,Fortuna Sittard,Édouard Michut,M,86,7.3,62,0,0,0.1058,0.125259,1,0,1,42,37,3,1,1,1,1,1,6,0,0,0,1,1,4,2,6,0,0,7,4,0,0,0,0,4,0,2026-09-13T05:01:49.114814+00:00
Eredivisie 2026/2027,SC Cambuur - NEC Nijmegen,2026-09-12T19:00:00+00:00,finished,6,3-0,SC Cambuur,,,90,7.7,51,0,1,,0.657811,0,0,2,39,28,11,4,0,0,0,0,3,3,0,2,1,0,4,0,7,0,1,14,2,0,0,0,0,0,0,2026-09-13T05:01:49.225567+00:00
Eredivisie 2026/2027,SC Cambuur - NEC Nijmegen,2026-09-12T19:00:00+00:00,finished,6,3-0,SC Cambuur,,,0,,0,0,0,,,0,0,0,0,0,0,0,0,0,0,0,0,0,0,0,0,0,0,0,0,0,0,0,0,0,0,0,0,0,0,2026-09-13T05:01:49.225684+00:00
Eredivisie 2026/2027,SC Cambuur - NEC Nijmegen,2026-09-12T19:00:00+00:00,finished,6,3-0,SC Cambuur,,,0,,0,0,0,,,0,0,0,0,0,0,0,0,0,0,0,0,0,0,0,0,0,0,0,0,0,0,0,0,0,0,0,0,0,0,2026-09-13T05:01:49.225692+00:00
Eredivisie 2026/2027,SC Cambuur - NEC Nijmegen,2026-09-12T19:00:00+00:00,finished,6,3-0,NEC Nijmegen,Adam Tahaui,M,58,5.9,23,0,0,,0.0203955,0,0,1,16,11,2,1,2,0,1,0,1,1,1,0,0,0,0,0,3,0,0,11,0,0,0,0,0,2,0,2026-09-13T05:01:49.225469+00:00
Eredivisie 2026/2027,SC Cambuur - NEC Nijmegen,2026-09-12T19:00:00+00:00,finished,6,3-0,NEC Nijmegen,Almugera Kabar,D,90,5.9,63,0,0,0.0606,0.0842013,1,0,1,38,33,1,1,2,1,2,0,6,8,3,2,1,0,3,1,2,0,0,13,2,2,1,0,0,3,0,2026-09-13T05:01:49.225417+00:00
Eredivisie 2026/2027,SC Cambuur - NEC Nijmegen,2026-09-12T19:00:00+00:00,finished,6,3-0,NEC Nijmegen,Ayodele Thomas,M,0,,0,0,0,,,0,0,0,0,0,0,0,0,0,0,0,0,0,0,0,0,0,0,0,0,0,0,0,0,0,0,0,0,0,0,2026-09-13T05:01:49.225525+00:00
Eredivisie 2026/2027,SC Cambuur - NEC Nijmegen,2026-09-12T19:00:00+00:00,finished,6,3-0,NEC Nijmegen,Bram Nuytinck,D,0,,0,0,0,,,0,0,0,0,0,0,0,0,0,0,0,0,0,0,0,0,0,0,0,0,0,0,0,0,0,0,0,0,0,0,2026-09-13T05:01:49.225553+00:00
Eredivisie 2026/2027,SC Cambuur - NEC Nijmegen,2026-09-12T19:00:00+00:00,finished,6,3-0,NEC Nijmegen,Bryan Linssen,F,32,6.4,3,0,0,0.0449,0.005611,1,0,0,1,1,0,0,1,0,0,0,0,1,0,0,0,0,0,0,0,1,0,1,0,1,0,0,0,1,0,2026-09-13T05:01:49.225491+00:00
Eredivisie 2026/2027,SC Cambuur - NEC Nijmegen,2026-09-12T19:00:00+00:00,finished,6,3-0,NEC Nijmegen,Clement Bischoff,F,90,6.7,66,0,0,0.1207,0.108684,1,0,0,38,27,2,0,5,0,4,1,6,5,0,1,1,1,2,0,8,0,1,21,4,0,0,0,0,3,0,2026-09-13T05:01:49.225432+00:00
Eredivisie 2026/2027,SC Cambuur - NEC Nijmegen,2026-09-12T19:00:00+00:00,finished,6,3-0,NEC Nijmegen,Darko Nejašmić,M,90,6.7,71,0,0,,0.0429564,0,0,0,52,43,3,0,0,0,2,0,6,9,2,6,2,2,3,2,4,0,0,12,2,1,0,0,0,3,0,2026-09-13T05:01:49.225406+00:00
Eredivisie 2026/2027,SC Cambuur - NEC Nijmegen,2026-09-12T19:00:00+00:00,finished,6,3-0,NEC Nijmegen,Dennis Geiger,M,58,5.9,41,0,0,,0.107227,0,0,1,32,24,3,1,0,0,1,0,2,8,0,0,1,0,1,1,2,0,1,10,1,4,0,0,0,2,0,2026-09-13T05:01:49.225455+00:00
Eredivisie 2026/2027,SC Cambuur - NEC Nijmegen,2026-09-12T19:00:00+00:00,finished,6,3-0,SC Cambuur,Devid Bouah,M,84,6.7,38,0,0,0.695,0.00091099,3,1,0,12,6,3,0,1,0,1,0,7,6,4,0,2,0,4,2,3,0,0,12,1,4,1,0,0,0,0,2026-09-13T05:01:49.225614+00:00
Eredivisie 2026/2027,SC Cambuur - NEC Nijmegen,2026-09-12T19:00:00+00:00,finished,6,3-0,NEC Nijmegen,Dušan Tadić,F,0,,0,0,0,,,0,0,0,0,0,0,0,0,0,0,0,0,0,0,0,0,0,0,0,0,0,0,0,0,0,0,0,0,0,0,2026-09-13T05:01:49.225560+00:00
Eredivisie 2026/2027,SC Cambuur - NEC Nijmegen,2026-09-12T19:00:00+00:00,finished,6,3-0,NEC Nijmegen,Emre Mor,M,15,6.4,13,0,0,,0.00410174,0,0,0,8,5,2,0,0,0,2,1,1,2,0,0,0,0,0,1,2,0,0,5,0,1,0,0,0,0,0,2026-09-13T05:01:49.225511+00:00
Eredivisie 2026/2027,SC Cambuur - NEC Nijmegen,2026-09-12T19:00:00+00:00,finished,6,3-0,SC Cambuur,Ethan Apkakou,M,0,,0,0,0,,,0,0,0,0,0,0,0,0,0,0,0,0,0,0,0,0,0,0,0,0,0,0,0,0,0,0,0,0,0,0,2026-09-13T05:01:49.225726+00:00
Eredivisie 2026/2027,SC Cambuur - NEC Nijmegen,2026-09-12T19:00:00+00:00,finished,6,3-0,SC Cambuur,Fabian Kvam,M,72,7.1,28,0,0,0.0331,0.0694401,1,0,1,14,9,1,0,1,0,2,2,5,6,0,3,2,1,0,0,2,0,2,8,1,1,0,0,0,0,0,2026-09-13T05:01:49.225628+00:00
Eredivisie 2026/2027,SC Cambuur - NEC Nijmegen,2026-09-12T19:00:00+00:00,finished,6,3-0,NEC Nijmegen,Gabriel Brás,D,0,,0,0,0,,,0,0,0,0,0,0,0,0,0,0,0,0,0,0,0,0,0,0,0,0,0,0,0,0,0,0,0,0,0,0,2026-09-13T05:01:49.225538+00:00
Eredivisie 2026/2027,SC Cambuur - NEC Nijmegen,2026-09-12T19:00:00+00:00,finished,6,3-0,NEC Nijmegen,Gonzalo Crettaz,G,45,6.2,34,0,0,,0.00012448,0,0,0,24,18,6,0,0,0,0,0,0,0,0,0,0,0,1,0,8,0,0,7,0,0,0,0,3,1,0,2026-09-13T05:01:49.225484+00:00
Eredivisie 2026/2027,SC Cambuur - NEC Nijmegen,2026-09-12T19:00:00+00:00,finished,6,3-0,SC Cambuur,Ilyes Hamache,M,84,9.2,43,2,0,1.6752,0.029918,5,3,0,24,19,1,1,1,0,4,3,7,3,2,2,1,1,1,2,4,2,0,8,1,0,0,0,0,0,0,2026-09-13T05:01:49.225621+00:00
Eredivisie 2026/2027,SC Cambuur - NEC Nijmegen,2026-09-12T19:00:00+00:00,finished,6,3-0,NEC Nijmegen,Isak Hansen Aarøen,M,0,,0,0,0,,,0,0,0,0,0,0,0,0,0,0,0,0,0,0,0,0,0,0,0,0,0,0,0,0,0,0,0,0,0,0,2026-09-13T05:01:49.225532+00:00
Eredivisie 2026/2027,SC Cambuur - NEC Nijmegen,2026-09-12T19:00:00+00:00,finished,6,3-0,SC Cambuur,Ismaël Baouf,D,90,7.2,41,0,0,,0.0859457,0,0,0,29,25,3,1,1,1,1,0,3,2,2,1,1,1,2,4,4,0,0,5,0,0,0,0,0,0,0,2026-09-13T05:01:49.225584+00:00
Eredivisie 2026/2027,SC Cambuur - NEC Nijmegen,2026-09-12T19:00:00+00:00,finished,6,3-0,SC Cambuur,Iwan Henstra,F,18,7.4,9,1,0,0.4685,0.00349962,2,2,0,4,3,0,0,0,0,0,0,1,2,0,1,1,0,0,0,0,0,0,1,0,1,1,0,0,0,0,2026-09-13T05:01:49.225664+00:00
Eredivisie 2026/2027,SC Cambuur - NEC Nijmegen,2026-09-12T19:00:00+00:00,finished,6,3-0,SC Cambuur,Jamal Amofa,D,26,7.1,13,0,1,,0.0281208,0,0,1,9,7,0,0,0,0,0,0,2,0,1,0,1,1,0,0,3,0,0,4,0,0,0,0,0,0,0,2026-09-13T05:01:49.225650+00:00
Eredivisie 2026/2027,SC Cambuur - NEC Nijmegen,2026-09-12T19:00:00+00:00,finished,6,3-0,NEC Nijmegen,Jamiro Monteiro,M,32,6.7,23,0,0,,0.00633232,0,0,0,14,13,0,0,0,0,0,0,4,3,0,0,2,1,1,0,0,0,1,4,2,1,0,0,0,1,0,2026-09-13T05:01:49.225498+00:00
Eredivisie 2026/2027,SC Cambuur - NEC Nijmegen,2026-09-12T19:00:00+00:00,finished,6,3-0,SC Cambuur,Jasper Meijster,G,0,,0,0,0,,,0,0,0,0,0,0,0,0,0,0,0,0,0,0,0,0,0,0,0,0,0,0,0,0,0,0,0,0,0,0,2026-09-13T05:01:49.225719+00:00
Eredivisie 2026/2027,SC Cambuur - NEC Nijmegen,2026-09-12T19:00:00+00:00,finished,6,3-0,SC Cambuur,Jorn Berkhout,D,0,,0,0,0,,,0,0,0,0,0,0,0,0,0,0,0,0,0,0,0,0,0,0,0,0,0,0,0,0,0,0,0,0,0,0,2026-09-13T05:01:49.225706+00:00
Eredivisie 2026/2027,SC Cambuur - NEC Nijmegen,2026-09-12T19:00:00+00:00,finished,6,3-0,NEC Nijmegen,Kaj Sierhuis,F,90,6.3,23,0,0,0.6235,0.0726211,3,0,2,14,6,0,0,1,0,0,0,6,5,4,5,1,1,0,0,1,0,0,12,1,0,0,0,0,3,0,2026-09-13T05:01:49.225361+00:00
Eredivisie 2026/2027,SC Cambuur - NEC Nijmegen,2026-09-12T19:00:00+00:00,finished,6,3-0,NEC Nijmegen,Kevin Kers,F,17,6.5,16,0,0,,0.00338973,0,0,0,9,6,1,0,1,0,1,1,3,2,2,0,0,0,1,0,2,0,1,7,0,0,0,0,0,1,0,2026-09-13T05:01:49.225504+00:00
Eredivisie 2026/2027,SC Cambuur - NEC Nijmegen,2026-09-12T19:00:00+00:00,finished,6,3-0,SC Cambuur,Lucas Jetten,D,0,,0,0,0,,,0,0,0,0,0,0,0,0,0,0,0,0,0,0,0,0,0,0,0,0,0,0,0,0,0,0,0,0,0,0,2026-09-13T05:01:49.225699+00:00
Eredivisie 2026/2027,SC Cambuur - NEC Nijmegen,2026-09-12T19:00:00+00:00,finished,6,3-0,SC Cambuur,Mathieu Maertens,F,64,7.4,29,0,0,0.0064,0.00191039,1,1,0,12,10,2,0,0,0,1,1,9,2,0,0,3,1,3,1,6,0,0,3,5,1,0,0,0,0,0,2026-09-13T05:01:49.225643+00:00
Eredivisie 2026/2027,SC Cambuur - NEC Nijmegen,2026-09-12T19:00:00+00:00,finished,6,3-0,SC Cambuur,Morgan Costarelli,D,90,6.7,46,0,0,0.0283,0.00937529,1,1,1,18,13,1,0,1,0,0,0,2,3,1,3,1,1,4,3,2,0,0,7,0,0,0,0,0,0,0,2026-09-13T05:01:49.225576+00:00
Eredivisie 2026/2027,SC Cambuur - NEC Nijmegen,2026-09-12T19:00:00+00:00,finished,6,3-0,SC Cambuur,Nicky Souren,M,90,7.3,35,0,0,,0.052403,0,0,1,19,15,2,2,0,0,0,0,6,4,1,1,3,2,1,2,0,0,0,4,2,3,0,0,0,0,0,2026-09-13T05:01:49.225607+00:00
Eredivisie 2026/2027,SC Cambuur - NEC Nijmegen,2026-09-12T19:00:00+00:00,finished,6,3-0,SC Cambuur,Nicolas Binder,F,71,6.7,21,0,0,0.2477,0.00224738,1,0,0,7,4,0,0,0,0,0,0,7,7,3,4,2,1,1,0,2,0,1,6,3,2,0,0,0,0,0,2026-09-13T05:01:49.225635+00:00
Eredivisie 2026/2027,SC Cambuur - NEC Nijmegen,2026-09-12T19:00:00+00:00,finished,6,3-0,NEC Nijmegen,Nikolas Polster,G,45,7.1,32,0,0,,0.00359925,0,0,0,23,17,10,4,0,0,0,0,0,0,0,0,0,0,0,0,6,0,0,6,0,0,0,0,2,2,0,2026-09-13T05:01:49.225477+00:00
Eredivisie 2026/2027,SC Cambuur - NEC Nijmegen,2026-09-12T19:00:00+00:00,finished,6,3-0,NEC Nijmegen,Noé Lebreton,F,90,5.8,45,0,0,,0.0493515,0,0,0,35,24,2,0,1,1,1,0,2,4,1,1,0,0,1,1,5,0,1,15,1,1,1,0,0,3,0,2026-09-13T05:01:49.225448+00:00
Eredivisie 2026/2027,SC Cambuur - NEC Nijmegen,2026-09-12T19:00:00+00:00,finished,6,3-0,NEC Nijmegen,Philippe Sandler,D,58,6.5,42,0,0,,0.00841691,0,0,0,33,30,4,3,0,0,0,0,5,3,3,1,1,0,3,1,4,0,0,5,1,3,1,0,0,2,0,2026-09-13T05:01:49.225462+00:00
Eredivisie 2026/2027,SC Cambuur - NEC Nijmegen,2026-09-12T19:00:00+00:00,finished,6,3-0,SC Cambuur,Rafik El Arguioui,M,90,7.1,42,0,0,0.0517,0.462463,2,0,3,13,7,2,0,7,3,3,1,7,8,3,2,1,0,3,0,3,1,1,18,2,3,0,0,0,0,0,2026-09-13T05:01:49.225592+00:00
Eredivisie 2026/2027,SC Cambuur - NEC Nijmegen,2026-09-12T19:00:00+00:00,finished,6,3-0,SC Cambuur,Rik Mulders,D,0,,0,0,0,,,0,0,0,0,0,0,0,0,0,0,0,0,0,0,0,0,0,0,0,0,0,0,0,0,0,0,0,0,0,0,2026-09-13T05:01:49.225712+00:00
Eredivisie 2026/2027,SC Cambuur - NEC Nijmegen,2026-09-12T19:00:00+00:00,finished,6,3-0,SC Cambuur,Sami Bouhoudane,F,19,6.8,12,0,0,,0.00135978,0,0,1,5,4,1,1,0,0,1,0,5,3,3,1,1,1,0,0,0,0,0,5,1,0,0,0,0,0,0,2026-09-13T05:01:49.225657+00:00
Eredivisie 2026/2027,SC Cambuur - NEC Nijmegen,2026-09-12T19:00:00+00:00,finished,6,3-0,SC Cambuur,Skye Vink,F,12,7.1,5,0,0,,0.166026,0,0,0,3,3,0,0,0,0,0,0,0,0,0,0,0,0,1,0,1,0,0,0,0,0,0,0,0,0,0,2026-09-13T05:01:49.225678+00:00
Eredivisie 2026/2027,SC Cambuur - NEC Nijmegen,2026-09-12T19:00:00+00:00,finished,6,3-0,SC Cambuur,Thijs Jansen,G,90,6.8,53,0,0,,0.00518769,0,0,0,47,18,43,14,0,0,0,0,0,0,0,0,0,0,1,0,11,0,0,29,0,0,0,0,1,0,0,2026-09-13T05:01:49.225600+00:00
Eredivisie 2026/2027,SC Cambuur - NEC Nijmegen,2026-09-12T19:00:00+00:00,finished,6,3-0,NEC Nijmegen,Tjaronn Chery,F,90,6.7,57,0,0,0.0656,0.547976,3,1,4,32,29,1,1,9,6,2,0,3,6,1,0,1,1,0,0,2,1,2,12,1,2,0,0,0,3,0,2026-09-13T05:01:49.225440+00:00
Eredivisie 2026/2027,SC Cambuur - NEC Nijmegen,2026-09-12T19:00:00+00:00,finished,6,3-0,NEC Nijmegen,Tobias Storm,D,90,6.0,80,0,0,0.0169,0.0407417,1,0,0,59,49,7,2,1,0,0,0,5,7,3,4,1,1,4,1,1,0,0,11,1,2,1,0,0,3,0,2026-09-13T05:01:49.225425+00:00
Eredivisie 2026/2027,SC Cambuur - NEC Nijmegen,2026-09-12T19:00:00+00:00,finished,6,3-0,SC Cambuur,Wiebe Kooistra,F,12,6.4,6,0,0,,6.59e-06,0,0,0,2,1,0,0,0,0,0,0,0,1,0,0,0,0,1,0,0,0,0,3,0,1,0,0,0,0,0,2026-09-13T05:01:49.225671+00:00
Eredivisie 2026/2027,SC Cambuur - NEC Nijmegen,2026-09-12T19:00:00+00:00,finished,6,3-0,NEC Nijmegen,Willum Thor Willumsson,M,0,,0,0,0,,,0,0,0,0,0,0,0,0,0,0,0,0,0,0,0,0,0,0,0,0,0,0,0,0,0,0,0,0,0,0,2026-09-13T05:01:49.225518+00:00
Eredivisie 2026/2027,SC Cambuur - NEC Nijmegen,2026-09-12T19:00:00+00:00,finished,6,3-0,NEC Nijmegen,Yassin Moslih,D,0,,0,0,0,,,0,0,0,0,0,0,0,0,0,0,0,0,0,0,0,0,0,0,0,0,0,0,0,0,0,0,0,0,0,0,2026-09-13T05:01:49.225546+00:00
Eredivisie 2026/2027,Excelsior - FC Utrecht,2026-09-13T10:15:00+00:00,finished,6,1-2,FC Utrecht,,,90,6.6,66,0,0,,0.0108534,0,0,0,58,48,13,5,0,0,0,0,2,4,2,2,0,0,3,0,3,0,0,10,2,2,0,0,0,1,0,2026-09-14T05:01:18.060007+00:00
Eredivisie 2026/2027,Excelsior - FC Utrecht,2026-09-13T10:15:00+00:00,finished,6,1-2,FC Utrecht,,,28,6.5,7,0,0,,0.00058367,0,0,0,4,4,0,0,0,0,1,0,1,3,1,1,0,0,0,0,1,0,0,3,0,1,0,0,0,1,0,2026-09-14T05:01:18.060082+00:00
Eredivisie 2026/2027,Excelsior - FC Utrecht,2026-09-13T10:15:00+00:00,finished,6,1-2,FC Utrecht,,,0,,0,0,0,,,0,0,0,0,0,0,0,0,0,0,0,0,0,0,0,0,0,0,0,0,0,0,0,0,0,0,0,0,0,0,2026-09-14T05:01:18.060169+00:00
Eredivisie 2026/2027,Excelsior - FC Utrecht,2026-09-13T10:15:00+00:00,finished,6,1-2,FC Utrecht,,,0,,0,0,0,,,0,0,0,0,0,0,0,0,0,0,0,0,0,0,0,0,0,0,0,0,0,0,0,0,0,0,0,0,0,0,2026-09-14T05:01:18.060192+00:00
Eredivisie 2026/2027,Excelsior - FC Utrecht,2026-09-13T10:15:00+00:00,finished,6,1-2,Excelsior,,,70,6.6,55,0,0,,0.0150352,0,0,1,39,32,4,1,2,0,0,0,3,2,0,0,1,0,1,2,7,0,0,11,2,1,0,0,0,1,0,2026-09-14T05:01:18.060296+00:00
Eredivisie 2026/2027,Excelsior - FC Utrecht,2026-09-13T10:15:00+00:00,finished,6,1-2,FC Utrecht,Adrian Blake,F,62,6.9,38,0,0,0.1639,0.00374044,4,2,0,23,18,0,0,0,0,3,2,5,2,0,0,1,1,0,0,2,1,0,8,2,1,0,0,0,0,0,2026-09-14T05:01:18.060059+00:00
Eredivisie 2026/2027,Excelsior - FC Utrecht,2026-09-13T10:15:00+00:00,finished,6,1-2,Excelsior,Alireza Jahanbakhsh,F,10,6.6,10,0,0,0.041,0.0598896,1,0,0,7,6,2,1,1,0,0,0,1,1,1,1,0,0,0,0,0,0,0,2,0,0,0,0,0,1,0,2026-09-14T05:01:18.060351+00:00
Eredivisie 2026/2027,Excelsior - FC Utrecht,2026-09-13T10:15:00+00:00,finished,6,1-2,FC Utrecht,Artem Stepanov,F,62,7.4,26,1,0,0.6823,0.00241609,1,1,0,15,11,0,0,0,0,4,1,2,4,0,0,0,0,0,0,2,0,0,7,1,1,0,0,0,0,0,2026-09-14T05:01:18.060051+00:00
Eredivisie 2026/2027,Excelsior - FC Utrecht,2026-09-13T10:15:00+00:00,finished,6,1-2,FC Utrecht,Arthur Zagre,D,89,6.6,68,0,0,0.0627,0.01678,1,1,2,43,37,1,1,0,0,3,1,2,4,0,0,1,1,2,0,3,0,1,12,0,1,0,0,0,1,0,2026-09-14T05:01:18.060034+00:00
Eredivisie 2026/2027,Excelsior - FC Utrecht,2026-09-13T10:15:00+00:00,finished,6,1-2,Excelsior,Aymen Sliti,F,90,7.6,50,1,0,0.2843,0.0638985,5,2,1,28,21,1,0,5,1,0,0,2,1,1,0,1,0,2,0,1,2,1,14,0,0,0,0,0,2,0,2026-09-14T05:01:18.060224+00:00
Eredivisie 2026/2027,Excelsior - FC Utrecht,2026-09-13T10:15:00+00:00,finished,6,1-2,Excelsior,Casper Widell,D,90,6.8,93,0,0,0.0373,0.187362,1,0,1,77,66,6,1,0,0,0,0,8,1,4,0,2,1,4,1,6,0,0,12,2,1,0,0,0,2,0,2026-09-14T05:01:18.060200+00:00
Eredivisie 2026/2027,Excelsior - FC Utrecht,2026-09-13T10:15:00+00:00,finished,6,1-2,Excelsior,Celton Biai,G,0,,0,0,0,,,0,0,0,0,0,0,0,0,0,0,0,0,0,0,0,0,0,0,0,0,0,0,0,0,0,0,0,0,0,0,2026-09-14T05:01:18.060359+00:00
Eredivisie 2026/2027,Excelsior - FC Utrecht,2026-09-13T10:15:00+00:00,finished,6,1-2,FC Utrecht,Dani De Wit,M,90,7.5,35,1,0,0.1661,0.0170202,2,1,2,30,22,0,0,0,0,0,0,2,4,1,3,1,0,1,0,1,1,0,8,0,1,0,0,0,1,0,2026-09-14T05:01:18.059996+00:00
Eredivisie 2026/2027,Excelsior - FC Utrecht,2026-09-13T10:15:00+00:00,finished,6,1-2,Excelsior,Daniel van Vianen,M,0,,0,0,0,,,0,0,0,0,0,0,0,0,0,0,0,0,0,0,0,0,0,0,0,0,0,0,0,0,0,0,0,0,0,0,2026-09-14T05:01:18.060367+00:00
Eredivisie 2026/2027,Excelsior - FC Utrecht,2026-09-13T10:15:00+00:00,finished,6,1-2,Excelsior,David Garden,F,70,6.2,7,0,0,,0.00123484,0,0,0,3,1,1,0,0,0,0,0,1,6,0,6,0,0,1,0,0,0,0,4,1,2,0,0,0,1,0,2026-09-14T05:01:18.060305+00:00
Eredivisie 2026/2027,Excelsior - FC Utrecht,2026-09-13T10:15:00+00:00,finished,6,1-2,FC Utrecht,Davy van den Berg,M,90,7.0,59,0,0,0.0313,0.0210419,1,0,2,47,41,8,6,3,0,0,0,3,3,0,2,2,1,2,1,5,0,0,10,1,0,0,0,0,1,0,2026-09-14T05:01:18.059979+00:00
Eredivisie 2026/2027,Excelsior - FC Utrecht,2026-09-13T10:15:00+00:00,finished,6,1-2,Excelsior,Giuliano Cairo,D,12,6.5,8,0,0,,0.00137717,0,0,0,7,6,0,0,0,0,0,0,1,0,0,0,1,0,0,0,0,0,0,1,0,0,0,0,0,1,0,2026-09-14T05:01:18.060344+00:00
Eredivisie 2026/2027,Excelsior - FC Utrecht,2026-09-13T10:15:00+00:00,finished,6,1-2,FC Utrecht,Guus Offerhaus,D,0,,0,0,0,,,0,0,0,0,0,0,0,0,0,0,0,0,0,0,0,0,0,0,0,0,0,0,0,0,0,0,0,0,0,0,2026-09-14T05:01:18.060178+00:00
Eredivisie 2026/2027,Excelsior - FC Utrecht,2026-09-13T10:15:00+00:00,finished,6,1-2,Excelsior,Ilano Silva Timas,M,0,,0,0,0,,,0,0,0,0,0,0,0,0,0,0,0,0,0,0,0,0,0,0,0,0,0,0,0,0,0,0,0,0,0,0,2026-09-14T05:01:18.060374+00:00
Eredivisie 2026/2027,Excelsior - FC Utrecht,2026-09-13T10:15:00+00:00,finished,6,1-2,Excelsior,Irakli Yegoian,M,90,6.5,71,0,0,,0.125036,0,0,1,53,44,4,0,7,1,1,0,2,5,1,0,0,0,1,0,3,0,1,21,1,1,0,0,0,2,0,2026-09-14T05:01:18.060215+00:00
Eredivisie 2026/2027,Excelsior - FC Utrecht,2026-09-13T10:15:00+00:00,finished,6,1-2,FC Utrecht,Jakov Medić,D,1,,1,0,0,,,0,0,0,0,0,0,0,0,0,0,0,0,0,0,0,0,0,1,0,0,0,0,0,0,0,0,0,0,0,0,2026-09-14T05:01:18.060142+00:00
Eredivisie 2026/2027,Excelsior - FC Utrecht,2026-09-13T10:15:00+00:00,finished,6,1-2,Excelsior,Jan Plug,D,90,7.4,99,0,0,0.015,0.0289668,1,1,0,85,79,12,7,0,0,0,0,6,2,3,1,2,0,2,3,6,0,0,6,1,0,0,0,0,2,0,2026-09-14T05:01:18.060239+00:00
Eredivisie 2026/2027,Excelsior - FC Utrecht,2026-09-13T10:15:00+00:00,finished,6,1-2,FC Utrecht,Joris van Overeem,M,9,6.4,10,0,0,,0.0002199,0,0,0,8,2,1,0,0,0,0,0,0,1,0,1,0,0,0,0,1,0,0,7,0,0,0,0,0,0,0,2026-09-14T05:01:18.060123+00:00
Eredivisie 2026/2027,Excelsior - FC Utrecht,2026-09-13T10:15:00+00:00,finished,6,1-2,Excelsior,Kasey Bos,D,70,6.4,53,0,0,,0.0238947,0,0,1,34,29,3,1,5,0,0,0,5,5,3,1,2,0,1,0,7,0,2,14,0,0,0,0,0,1,0,2026-09-14T05:01:18.060313+00:00
Eredivisie 2026/2027,Excelsior - FC Utrecht,2026-09-13T10:15:00+00:00,finished,6,1-2,FC Utrecht,Kevin Gadellaa,G,0,,0,0,0,,,0,0,0,0,0,0,0,0,0,0,0,0,0,0,0,0,0,0,0,0,0,0,0,0,0,0,0,0,0,0,2026-09-14T05:01:18.060161+00:00
Eredivisie 2026/2027,Excelsior - FC Utrecht,2026-09-13T10:15:00+00:00,finished,6,1-2,Excelsior,Lennard Hartjes,M,85,6.4,52,0,0,,0.0819021,0,0,0,46,39,1,1,0,0,2,2,4,3,0,1,2,1,0,0,3,0,0,8,0,0,0,0,0,1,0,2026-09-14T05:01:18.060246+00:00
Eredivisie 2026/2027,Excelsior - FC Utrecht,2026-09-13T10:15:00+00:00,finished,6,1-2,Excelsior,Mario Domínguez,F,20,6.3,5,0,0,,0.00093817,0,0,0,4,3,0,0,0,0,0,0,0,3,0,2,0,0,0,0,1,0,0,2,0,1,1,0,0,1,0,2026-09-14T05:01:18.060328+00:00
Eredivisie 2026/2027,Excelsior - FC Utrecht,2026-09-13T10:15:00+00:00,finished,6,1-2,FC Utrecht,Marius Broholm,M,28,6.6,20,0,0,,0.00227625,0,0,0,16,13,0,0,0,0,1,1,2,2,0,2,0,0,2,0,2,0,0,3,1,0,0,0,0,1,0,2026-09-14T05:01:18.060091+00:00
Eredivisie 2026/2027,Excelsior - FC Utrecht,2026-09-13T10:15:00+00:00,finished,6,1-2,FC Utrecht,Matisse Didden,D,90,7.5,79,0,0,,0.0146324,0,0,0,59,50,13,6,0,0,0,0,5,1,5,1,0,0,17,0,9,0,0,10,0,0,0,0,0,1,0,2026-09-14T05:01:18.060017+00:00
Eredivisie 2026/2027,Excelsior - FC Utrecht,2026-09-13T10:15:00+00:00,finished,6,1-2,Excelsior,Nesto Groen,F,0,,0,0,0,,,0,0,0,0,0,0,0,0,0,0,0,0,0,0,0,0,0,0,0,0,0,0,0,0,0,0,0,0,0,0,2026-09-14T05:01:18.060390+00:00
Eredivisie 2026/2027,Excelsior - FC Utrecht,2026-09-13T10:15:00+00:00,finished,6,1-2,FC Utrecht,Neville Nwankwo,D,0,,0,0,0,,,0,0,0,0,0,0,0,0,0,0,0,0,0,0,0,0,0,0,0,0,0,0,0,0,0,0,0,0,0,0,2026-09-14T05:01:18.060186+00:00
Eredivisie 2026/2027,Excelsior - FC Utrecht,2026-09-13T10:15:00+00:00,finished,6,1-2,FC Utrecht,Niklas Vesterlund,D,81,6.3,39,0,0,,0.00320706,0,0,0,29,25,0,0,0,0,0,0,2,4,1,3,0,0,1,0,2,0,0,7,1,0,0,0,0,1,0,2026-09-14T05:01:18.060043+00:00
Eredivisie 2026/2027,Excelsior - FC Utrecht,2026-09-13T10:15:00+00:00,finished,6,1-2,FC Utrecht,Nordin Amrabat,M,0,,0,0,0,,,0,0,0,0,0,0,0,0,0,0,0,0,0,0,0,0,0,0,0,0,0,0,0,0,0,0,0,0,0,0,2026-09-14T05:01:18.060152+00:00
Eredivisie 2026/2027,Excelsior - FC Utrecht,2026-09-13T10:15:00+00:00,finished,6,1-2,Excelsior,Osman Turay,D,0,,0,0,0,,,0,0,0,0,0,0,0,0,0,0,0,0,0,0,0,0,0,0,0,0,0,0,0,0,0,0,0,0,0,0,2026-09-14T05:01:18.060397+00:00
Eredivisie 2026/2027,Excelsior - FC Utrecht,2026-09-13T10:15:00+00:00,finished,6,1-2,Excelsior,Rick Meissen,D,90,7.1,89,0,0,,0.046071,0,0,1,67,57,3,1,1,0,0,0,6,4,3,0,2,0,4,3,6,0,1,14,1,1,0,0,0,2,0,2026-09-14T05:01:18.060232+00:00
Eredivisie 2026/2027,Excelsior - FC Utrecht,2026-09-13T10:15:00+00:00,finished,6,1-2,FC Utrecht,Siebe Horemans,D,90,6.8,50,0,0,,0.00898311,0,0,0,41,32,7,5,1,0,0,0,4,2,3,1,1,1,3,0,4,0,0,10,0,0,0,0,0,1,0,2026-09-14T05:01:18.060026+00:00
Eredivisie 2026/2027,Excelsior - FC Utrecht,2026-09-13T10:15:00+00:00,finished,6,1-2,Excelsior,Simon Janssen,D,20,6.4,12,0,0,,0.00298159,0,0,0,7,5,1,0,2,0,0,0,2,0,2,0,0,0,1,0,1,0,0,6,0,0,0,0,0,1,0,2026-09-14T05:01:18.060321+00:00
Eredivisie 2026/2027,Excelsior - FC Utrecht,2026-09-13T10:15:00+00:00,finished,6,1-2,Excelsior,Stijn van Gassel,G,90,6.6,47,0,0,,0.00495349,0,0,0,40,24,23,7,0,0,0,0,0,0,0,0,0,0,1,0,8,0,0,16,0,0,0,0,4,2,0,2026-09-14T05:01:18.060208+00:00
Eredivisie 2026/2027,Excelsior - FC Utrecht,2026-09-13T10:15:00+00:00,finished,6,1-2,Excelsior,Valentin Sulzbacher,M,20,6.3,19,0,0,,0.00823212,0,0,0,13,9,0,0,0,0,0,0,1,1,1,0,0,0,1,0,1,0,0,6,0,1,1,0,0,1,0,2026-09-14T05:01:18.060336+00:00
Eredivisie 2026/2027,Excelsior - FC Utrecht,2026-09-13T10:15:00+00:00,finished,6,1-2,FC Utrecht,Vasilis Barkas,G,90,6.2,45,0,0,,0.00231302,0,0,0,38,18,30,10,0,0,0,0,0,0,0,0,0,0,1,0,9,0,0,20,0,0,0,0,3,1,1,2026-09-14T05:01:18.059928+00:00
Eredivisie 2026/2027,Excelsior - FC Utrecht,2026-09-13T10:15:00+00:00,finished,6,1-2,Excelsior,Yaqub Finey,F,0,,0,0,0,,,0,0,0,0,0,0,0,0,0,0,0,0,0,0,0,0,0,0,0,0,0,0,0,0,0,0,0,0,0,0,2026-09-14T05:01:18.060382+00:00
Eredivisie 2026/2027,Excelsior - FC Utrecht,2026-09-13T10:15:00+00:00,finished,6,1-2,FC Utrecht,Yoann Cathline,M,28,6.9,22,0,0,0.0527,0.00405876,1,0,0,9,5,2,2,2,0,4,3,4,2,0,0,0,0,0,1,2,0,0,10,1,1,0,0,0,1,0,2026-09-14T05:01:18.060075+00:00
Eredivisie 2026/2027,Excelsior - FC Utrecht,2026-09-13T10:15:00+00:00,finished,6,1-2,Excelsior,Ágúst Orri Thorsteinsson,M,80,6.9,33,0,1,0.2324,0.104984,2,1,1,22,18,1,1,1,0,1,1,2,2,1,1,0,0,0,0,1,1,0,9,0,1,0,0,0,1,0,2026-09-14T05:01:18.060278+00:00
Eredivisie 2026/2027,Excelsior - FC Utrecht,2026-09-13T10:15:00+00:00,finished,6,1-2,FC Utrecht,Ángel Alarcón,M,62,6.5,35,0,0,0.2649,0.0101619,2,1,1,16,13,1,0,3,0,5,3,3,5,0,2,0,0,0,0,5,0,1,12,0,0,0,0,0,0,0,2026-09-14T05:01:18.060067+00:00
Eredivisie 2026/2027,SC Heerenveen - SC Telstar,2026-09-13T12:30:00+00:00,finished,6,0-0,SC Heerenveen,,,29,6.6,10,0,0,,0.00025346,0,0,0,6,2,0,0,0,0,0,0,4,3,4,2,0,0,1,1,0,0,0,5,0,1,0,0,0,0,0,2026-09-14T05:01:18.199747+00:00
Eredivisie 2026/2027,SC Heerenveen - SC Telstar,2026-09-13T12:30:00+00:00,finished,6,0-0,SC Heerenveen,,,0,,0,0,0,,,0,0,0,0,0,0,0,0,0,0,0,0,0,0,0,0,0,0,0,0,0,0,0,0,0,0,0,0,0,0,2026-09-14T05:01:18.199791+00:00
Eredivisie 2026/2027,SC Heerenveen - SC Telstar,2026-09-13T12:30:00+00:00,finished,6,0-0,SC Telstar,,,0,,0,0,0,,,0,0,0,0,0,0,0,0,0,0,0,0,0,0,0,0,0,0,0,0,0,0,0,0,0,0,0,0,0,0,2026-09-14T05:01:18.199962+00:00
Eredivisie 2026/2027,SC Heerenveen - SC Telstar,2026-09-13T12:30:00+00:00,finished,6,0-0,SC Telstar,Abdelnour Soualhia,D,90,7.4,44,0,0,,0.00540179,0,0,0,24,22,1,0,0,0,0,0,7,8,4,7,1,0,14,0,3,0,0,2,2,1,0,0,0,0,0,2026-09-14T05:01:18.199874+00:00
Eredivisie 2026/2027,SC Heerenveen - SC Telstar,2026-09-13T12:30:00+00:00,finished,6,0-0,SC Heerenveen,Andries Noppert,G,0,,0,0,0,,,0,0,0,0,0,0,0,0,0,0,0,0,0,0,0,0,0,0,0,0,0,0,0,0,0,0,0,0,0,0,2026-09-14T05:01:18.199810+00:00
Eredivisie 2026/2027,SC Heerenveen - SC Telstar,2026-09-13T12:30:00+00:00,finished,6,0-0,SC Heerenveen,Bernt Klaverboer,G,90,7.6,53,0,0,,0.0420112,0,0,0,48,43,13,8,0,0,0,0,2,0,1,0,0,0,0,0,10,0,0,5,1,0,0,0,2,0,0,2026-09-14T05:01:18.199679+00:00
Eredivisie 2026/2027,SC Heerenveen - SC Telstar,2026-09-13T12:30:00+00:00,finished,6,0-0,SC Telstar,Daan Reiziger,G,0,,0,0,0,,,0,0,0,0,0,0,0,0,0,0,0,0,0,0,0,0,0,0,0,0,0,0,0,0,0,0,0,0,0,0,2026-09-14T05:01:18.199954+00:00
Eredivisie 2026/2027,SC Heerenveen - SC Telstar,2026-09-13T12:30:00+00:00,finished,6,0-0,SC Heerenveen,Darling Bladi,D,0,,0,0,0,,,0,0,0,0,0,0,0,0,0,0,0,0,0,0,0,0,0,0,0,0,0,0,0,0,0,0,0,0,0,0,2026-09-14T05:01:18.199821+00:00
Eredivisie 2026/2027,SC Heerenveen - SC Telstar,2026-09-13T12:30:00+00:00,finished,6,0-0,SC Heerenveen,Dylan Vente,F,90,6.7,25,0,0,0.665,0.0164742,5,2,2,12,12,0,0,0,0,0,0,5,7,4,4,0,0,2,1,1,0,0,1,1,3,0,0,0,0,0,2026-09-14T05:01:18.199626+00:00
Eredivisie 2026/2027,SC Heerenveen - SC Telstar,2026-09-13T12:30:00+00:00,finished,6,0-0,SC Telstar,Emirhan Demircan,M,0,,0,0,0,,,0,0,0,0,0,0,0,0,0,0,0,0,0,0,0,0,0,0,0,0,0,0,0,0,0,0,0,0,0,0,2026-09-14T05:01:18.199940+00:00
Eredivisie 2026/2027,SC Heerenveen - SC Telstar,2026-09-13T12:30:00+00:00,finished,6,0-0,SC Telstar,Finn Mulder,G,0,,0,0,0,,,0,0,0,0,0,0,0,0,0,0,0,0,0,0,0,0,0,0,0,0,0,0,0,0,0,0,0,0,0,0,2026-09-14T05:01:18.199949+00:00
Eredivisie 2026/2027,SC Heerenveen - SC Telstar,2026-09-13T12:30:00+00:00,finished,6,0-0,SC Telstar,Fofin Turay,F,0,,0,0,0,,,0,0,0,0,0,0,0,0,0,0,0,0,0,0,0,0,0,0,0,0,0,0,0,0,0,0,0,0,0,0,2026-09-14T05:01:18.199944+00:00
Eredivisie 2026/2027,SC Heerenveen - SC Telstar,2026-09-13T12:30:00+00:00,finished,6,0-0,SC Telstar,Gerald Alders,D,90,7.3,56,0,0,0.1218,0.0175216,2,1,0,24,19,5,4,2,1,1,0,6,3,2,2,1,1,4,4,6,1,0,12,4,0,0,0,0,0,0,2026-09-14T05:01:18.199885+00:00
Eredivisie 2026/2027,SC Heerenveen - SC Telstar,2026-09-13T12:30:00+00:00,finished,6,0-0,SC Telstar,Harrie Kuster,M,15,6.3,6,0,0,,,0,0,0,3,0,0,0,0,0,1,0,1,5,0,1,0,0,0,0,1,0,0,4,1,0,0,0,0,0,0,2026-09-14T05:01:18.199917+00:00
Eredivisie 2026/2027,SC Heerenveen - SC Telstar,2026-09-13T12:30:00+00:00,finished,6,0-0,SC Heerenveen,Hristiyan Petrov,D,37,7.1,54,0,0,,0.0167254,0,0,0,41,37,4,2,0,0,2,1,5,3,2,2,2,1,6,2,6,0,0,6,0,0,0,0,0,0,0,2026-09-14T05:01:18.199731+00:00
Eredivisie 2026/2027,SC Heerenveen - SC Telstar,2026-09-13T12:30:00+00:00,finished,6,0-0,SC Telstar,Isaiah Ahmed,M,3,,3,0,0,,,0,0,0,1,0,0,0,0,0,0,0,1,0,0,0,1,0,1,0,0,0,0,1,0,0,0,0,0,0,0,2026-09-14T05:01:18.199922+00:00
Eredivisie 2026/2027,SC Heerenveen - SC Telstar,2026-09-13T12:30:00+00:00,finished,6,0-0,SC Heerenveen,Jacob Trenskow,M,82,6.6,49,0,0,0.1758,0.204349,3,1,3,31,23,2,0,8,2,2,2,4,5,0,4,1,0,0,0,3,1,0,16,1,0,0,0,0,0,0,2026-09-14T05:01:18.199707+00:00
Eredivisie 2026/2027,SC Heerenveen - SC Telstar,2026-09-13T12:30:00+00:00,finished,6,0-0,SC Telstar,Jeff Hardeveld,M,90,6.5,45,0,0,0.3031,0.0954053,2,0,1,26,14,8,3,8,0,0,0,3,2,2,1,0,0,1,3,2,0,0,21,1,1,0,0,0,0,0,2026-09-14T05:01:18.199890+00:00
Eredivisie 2026/2027,SC Heerenveen - SC Telstar,2026-09-13T12:30:00+00:00,finished,6,0-0,SC Telstar,Jelani Seedorf,F,21,6.7,10,0,0,,0.00641808,0,0,1,5,3,0,0,0,0,0,0,4,3,2,1,2,0,1,0,0,0,1,3,0,1,0,0,0,0,0,2026-09-14T05:01:18.199912+00:00
Eredivisie 2026/2027,SC Heerenveen - SC Telstar,2026-09-13T12:30:00+00:00,finished,6,0-0,SC Heerenveen,Jimte Scholten,D,0,,0,0,0,,,0,0,0,0,0,0,0,0,0,0,0,0,0,0,0,0,0,0,0,0,0,0,0,0,0,0,0,0,0,0,2026-09-14T05:01:18.199803+00:00
Eredivisie 2026/2027,SC Heerenveen - SC Telstar,2026-09-13T12:30:00+00:00,finished,6,0-0,SC Heerenveen,Lanroy Machine,F,0,,0,0,0,,,0,0,0,0,0,0,0,0,0,0,0,0,0,0,0,0,0,0,0,0,0,0,0,0,0,0,0,0,0,0,2026-09-14T05:01:18.199797+00:00
Eredivisie 2026/2027,SC Heerenveen - SC Telstar,2026-09-13T12:30:00+00:00,finished,6,0-0,SC Heerenveen,Levi Smans,M,61,7.2,42,0,0,0.0365,0.500998,1,0,3,31,21,4,4,1,0,2,1,2,5,0,1,1,0,0,0,5,0,1,13,0,2,0,0,0,0,0,2026-09-14T05:01:18.199712+00:00
Eredivisie 2026/2027,SC Heerenveen - SC Telstar,2026-09-13T12:30:00+00:00,finished,6,0-0,SC Heerenveen,Luca Oyen,M,29,6.3,27,0,0,0.0767,0.0441541,1,1,1,15,12,0,0,8,0,0,0,0,2,0,0,0,0,0,0,3,0,1,13,0,1,0,0,0,0,0,2026-09-14T05:01:18.199766+00:00
Eredivisie 2026/2027,SC Heerenveen - SC Telstar,2026-09-13T12:30:00+00:00,finished,6,0-0,SC Heerenveen,Maas Willemsen,D,90,7.4,109,0,0,0.0121,0.0930022,1,0,1,94,87,7,4,0,0,0,0,1,5,0,3,1,1,4,1,4,1,0,10,0,1,0,0,0,0,0,2026-09-14T05:01:18.199686+00:00
Eredivisie 2026/2027,SC Heerenveen - SC Telstar,2026-09-13T12:30:00+00:00,finished,6,0-0,SC Heerenveen,Marko Farji,M,8,6.7,10,0,0,0.0376,5.76e-06,1,0,0,1,0,0,0,4,0,1,1,1,1,0,0,0,0,1,0,0,1,0,5,0,1,1,0,0,0,0,2026-09-14T05:01:18.199778+00:00
Eredivisie 2026/2027,SC Heerenveen - SC Telstar,2026-09-13T12:30:00+00:00,finished,6,0-0,SC Telstar,Marvin Peersman,D,90,7.3,40,0,0,0.0633,0.0339652,1,0,1,26,19,3,1,1,0,0,0,6,5,4,2,1,1,4,0,4,1,1,11,1,1,0,0,0,0,0,2026-09-14T05:01:18.199880+00:00
Eredivisie 2026/2027,SC Heerenveen - SC Telstar,2026-09-13T12:30:00+00:00,finished,6,0-0,SC Heerenveen,Maxence Rivera,M,61,6.7,42,0,0,0.1607,0.0196025,4,2,0,23,17,1,0,3,0,1,0,1,3,0,1,1,0,0,1,3,2,1,14,0,0,0,0,0,0,0,2026-09-14T05:01:18.199717+00:00
Eredivisie 2026/2027,SC Heerenveen - SC Telstar,2026-09-13T12:30:00+00:00,finished,6,0-0,SC Telstar,Nigel Ogidi Nwankwo,D,0,,0,0,0,,,0,0,0,0,0,0,0,0,0,0,0,0,0,0,0,0,0,0,0,0,0,0,0,0,0,0,0,0,0,0,2026-09-14T05:01:18.199926+00:00
Eredivisie 2026/2027,SC Heerenveen - SC Telstar,2026-09-13T12:30:00+00:00,finished,6,0-0,SC Telstar,Nils Rossen,M,90,7.6,48,0,0,0.0239,0.532457,1,0,1,34,32,2,2,2,2,0,0,3,4,1,1,1,1,2,2,3,0,1,3,1,0,0,0,0,0,0,2026-09-14T05:01:18.199840+00:00
Eredivisie 2026/2027,SC Heerenveen - SC Telstar,2026-09-13T12:30:00+00:00,finished,6,0-0,SC Telstar,Noach Shenkman,M,0,,0,0,0,,,0,0,0,0,0,0,0,0,0,0,0,0,0,0,0,0,0,0,0,0,0,0,0,0,0,0,0,0,0,0,2026-09-14T05:01:18.199930+00:00
Eredivisie 2026/2027,SC Heerenveen - SC Telstar,2026-09-13T12:30:00+00:00,finished,6,0-0,SC Heerenveen,Nolhan Courtens,M,90,7.3,67,0,0,0.0717,0.0580978,2,0,2,50,44,1,1,0,0,1,1,8,2,2,1,4,2,1,0,9,1,1,9,1,0,0,0,0,0,0,2026-09-14T05:01:18.199696+00:00
Eredivisie 2026/2027,SC Heerenveen - SC Telstar,2026-09-13T12:30:00+00:00,finished,6,0-0,SC Telstar,Nökkvi Þórisson,F,69,6.3,38,0,0,0.0968,0.0445222,2,1,1,20,14,2,1,2,1,2,0,4,8,3,2,1,1,0,0,3,0,1,16,0,3,0,0,0,0,0,2026-09-14T05:01:18.199908+00:00
Eredivisie 2026/2027,SC Heerenveen - SC Telstar,2026-09-13T12:30:00+00:00,finished,6,0-0,SC Heerenveen,Oliver Braude,D,90,7.3,87,0,0,0.0378,0.0934312,1,0,2,63,50,6,1,1,1,1,0,6,5,3,2,2,0,5,1,5,1,0,16,1,2,0,0,0,0,0,2026-09-14T05:01:18.199670+00:00
Eredivisie 2026/2027,SC Heerenveen - SC Telstar,2026-09-13T12:30:00+00:00,finished,6,0-0,SC Telstar,Patrick Brouwer,F,90,6.4,32,0,0,,0.113121,0,0,2,20,12,1,1,4,1,1,1,3,3,1,0,1,1,0,1,2,0,1,15,0,0,0,0,0,0,0,2026-09-14T05:01:18.199894+00:00
Eredivisie 2026/2027,SC Heerenveen - SC Telstar,2026-09-13T12:30:00+00:00,finished,6,0-0,SC Telstar,Prince Aning,D,0,,0,0,0,,,0,0,0,0,0,0,0,0,0,0,0,0,0,0,0,0,0,0,0,0,0,0,0,0,0,0,0,0,0,0,2026-09-14T05:01:18.199958+00:00
Eredivisie 2026/2027,SC Heerenveen - SC Telstar,2026-09-13T12:30:00+00:00,finished,6,0-0,SC Heerenveen,Ringo Meerveld,M,90,7.4,54,0,0,0.221,0.119617,3,0,3,38,35,1,1,0,0,2,2,3,2,0,0,1,1,1,0,4,1,2,6,0,0,0,0,0,0,0,2026-09-14T05:01:18.199702+00:00
Eredivisie 2026/2027,SC Heerenveen - SC Telstar,2026-09-13T12:30:00+00:00,finished,6,0-0,SC Telstar,Rojendro Oudsten,M,0,,0,0,0,,,0,0,0,0,0,0,0,0,0,0,0,0,0,0,0,0,0,0,0,0,0,0,0,0,0,0,0,0,0,0,2026-09-14T05:01:18.199935+00:00
Eredivisie 2026/2027,SC Heerenveen - SC Telstar,2026-09-13T12:30:00+00:00,finished,6,0-0,SC Telstar,Ronald Koeman Jr,G,90,9.4,61,0,0,,0.0063039,0,0,0,48,27,38,17,0,0,0,0,2,0,1,0,0,0,1,0,13,0,0,21,1,0,0,0,6,0,1,2026-09-14T05:01:18.199859+00:00
Eredivisie 2026/2027,SC Heerenveen - SC Telstar,2026-09-13T12:30:00+00:00,finished,6,0-0,SC Telstar,Rui Mendes,F,75,6.6,21,0,0,,0.0443838,0,0,1,16,14,0,0,0,0,1,0,1,2,1,0,0,0,0,0,2,0,0,6,0,0,0,0,0,0,0,2026-09-14T05:01:18.199903+00:00
Eredivisie 2026/2027,SC Heerenveen - SC Telstar,2026-09-13T12:30:00+00:00,finished,6,0-0,SC Heerenveen,Sam Kersten,D,53,7.4,48,0,0,,0.0111034,0,0,0,36,35,0,0,0,0,0,0,4,1,1,0,1,0,4,1,2,0,1,2,2,0,0,0,0,0,0,2026-09-14T05:01:18.199724+00:00
Eredivisie 2026/2027,SC Heerenveen - SC Telstar,2026-09-13T12:30:00+00:00,finished,6,0-0,SC Telstar,Sem Valk,D,90,7.3,42,0,0,0.0489,0.00479834,1,0,0,26,22,7,3,0,0,1,0,4,3,1,2,1,0,5,1,2,0,0,5,2,1,0,0,0,0,0,2026-09-14T05:01:18.199868+00:00
Eredivisie 2026/2027,SC Heerenveen - SC Telstar,2026-09-13T12:30:00+00:00,finished,6,0-0,SC Heerenveen,Timo Schreuder,G,0,,0,0,0,,,0,0,0,0,0,0,0,0,0,0,0,0,0,0,0,0,0,0,0,0,0,0,0,0,0,0,0,0,0,0,2026-09-14T05:01:18.199785+00:00
Eredivisie 2026/2027,SC Heerenveen - SC Telstar,2026-09-13T12:30:00+00:00,finished,6,0-0,SC Telstar,Tyrone Owusu,M,87,7.2,57,0,0,0.0512,0.096339,3,0,0,39,31,3,1,1,1,2,1,3,4,1,0,1,0,2,1,9,3,2,12,0,0,0,0,0,0,0,2026-09-14T05:01:18.199899+00:00
Eredivisie 2026/2027,SC Heerenveen - SC Telstar,2026-09-13T12:30:00+00:00,finished,6,0-0,SC Heerenveen,Vasilios Zagaritis,D,90,7.5,81,0,0,0.0493,0.339379,1,0,3,60,54,3,1,7,3,1,1,4,4,2,3,0,0,1,0,3,1,0,11,1,2,1,0,0,0,0,2026-09-14T05:01:18.199691+00:00
Eredivisie 2026/2027,PEC Zwolle - Feyenoord,2026-09-13T14:45:00+00:00,finished,6,0-7,Feyenoord,,,0,,0,0,0,,,0,0,0,0,0,0,0,0,0,0,0,0,0,0,0,0,0,0,0,0,0,0,0,0,0,0,0,0,0,0,2026-09-14T05:01:18.297157+00:00
Eredivisie 2026/2027,PEC Zwolle - Feyenoord,2026-09-13T14:45:00+00:00,finished,6,0-7,PEC Zwolle,,,45,6.4,19,0,0,,0.00969836,0,0,1,16,14,2,2,0,0,0,0,1,3,0,2,1,0,0,0,0,0,0,2,0,1,0,0,0,4,0,2026-09-14T05:01:18.297204+00:00
Eredivisie 2026/2027,PEC Zwolle - Feyenoord,2026-09-13T14:45:00+00:00,finished,6,0-7,Feyenoord,Anis Hadj Moussa,M,90,9.5,76,2,0,0.4051,0.808996,4,2,3,51,43,2,2,4,3,7,3,4,5,0,0,0,0,0,0,0,1,1,19,1,0,0,0,0,0,0,2026-09-14T05:01:18.296951+00:00
Eredivisie 2026/2027,PEC Zwolle - Feyenoord,2026-09-13T14:45:00+00:00,finished,6,0-7,Feyenoord,Charles Vanhoutte,M,64,7.2,62,0,0,,0.104637,0,0,1,48,43,2,1,1,0,1,1,6,4,1,2,2,2,1,0,8,0,1,9,2,0,0,0,0,0,0,2026-09-14T05:01:18.297017+00:00
Eredivisie 2026/2027,PEC Zwolle - Feyenoord,2026-09-13T14:45:00+00:00,finished,6,0-7,PEC Zwolle,Damian van der Haar,D,90,5.1,45,0,0,,0.00529977,0,0,0,30,23,3,2,0,0,0,0,4,2,0,0,4,1,4,2,3,0,0,9,0,1,0,0,0,7,0,2026-09-14T05:01:18.297163+00:00
Eredivisie 2026/2027,PEC Zwolle - Feyenoord,2026-09-13T14:45:00+00:00,finished,6,0-7,PEC Zwolle,Duke Verduin,G,0,,0,0,0,,,0,0,0,0,0,0,0,0,0,0,0,0,0,0,0,0,0,0,0,0,0,0,0,0,0,0,0,0,0,0,2026-09-14T05:01:18.297283+00:00
Eredivisie 2026/2027,PEC Zwolle - Feyenoord,2026-09-13T14:45:00+00:00,finished,6,0-7,PEC Zwolle,Dylan Mbayo,M,90,6.7,45,0,0,0.0465,0.0697405,2,1,0,25,21,1,1,3,0,6,2,8,5,0,0,2,1,2,0,7,0,0,11,4,1,0,0,0,7,0,2026-09-14T05:01:18.297179+00:00
Eredivisie 2026/2027,PEC Zwolle - Feyenoord,2026-09-13T14:45:00+00:00,finished,6,0-7,PEC Zwolle,Dylan Ruward,D,0,,0,0,0,,,0,0,0,0,0,0,0,0,0,0,0,0,0,0,0,0,0,0,0,0,0,0,0,0,0,0,0,0,0,0,2026-09-14T05:01:18.297294+00:00
Eredivisie 2026/2027,PEC Zwolle - Feyenoord,2026-09-13T14:45:00+00:00,finished,6,0-7,PEC Zwolle,Elias Sørensen,M,45,6.9,28,0,0,,0.0237057,0,0,0,18,14,1,1,1,0,0,0,4,1,1,0,2,1,0,1,3,0,1,7,1,0,0,0,0,4,0,2026-09-14T05:01:18.297230+00:00
Eredivisie 2026/2027,PEC Zwolle - Feyenoord,2026-09-13T14:45:00+00:00,finished,6,0-7,Feyenoord,Florian Kastenmeier,G,0,,0,0,0,,,0,0,0,0,0,0,0,0,0,0,0,0,0,0,0,0,0,0,0,0,0,0,0,0,0,0,0,0,0,0,2026-09-14T05:01:18.297095+00:00
Eredivisie 2026/2027,PEC Zwolle - Feyenoord,2026-09-13T14:45:00+00:00,finished,6,0-7,PEC Zwolle,Gabriel Reiziger,M,0,,0,0,0,,,0,0,0,0,0,0,0,0,0,0,0,0,0,0,0,0,0,0,0,0,0,0,0,0,0,0,0,0,0,0,2026-09-14T05:01:18.297299+00:00
Eredivisie 2026/2027,PEC Zwolle - Feyenoord,2026-09-13T14:45:00+00:00,finished,6,0-7,Feyenoord,Gaoussou Diarra,M,0,,0,0,0,,,0,0,0,0,0,0,0,0,0,0,0,0,0,0,0,0,0,0,0,0,0,0,0,0,0,0,0,0,0,0,2026-09-14T05:01:18.297151+00:00
Eredivisie 2026/2027,PEC Zwolle - Feyenoord,2026-09-13T14:45:00+00:00,finished,6,0-7,PEC Zwolle,Gilles van der Wal,M,0,,0,0,0,,,0,0,0,0,0,0,0,0,0,0,0,0,0,0,0,0,0,0,0,0,0,0,0,0,0,0,0,0,0,0,2026-09-14T05:01:18.297289+00:00
Eredivisie 2026/2027,PEC Zwolle - Feyenoord,2026-09-13T14:45:00+00:00,finished,6,0-7,Feyenoord,Givairo Read,D,75,7.7,66,0,3,0.2768,0.956154,3,0,3,45,44,0,0,2,1,5,1,2,6,0,0,1,1,0,0,3,0,1,8,0,0,0,0,0,0,0,2026-09-14T05:01:18.297001+00:00
Eredivisie 2026/2027,PEC Zwolle - Feyenoord,2026-09-13T14:45:00+00:00,finished,6,0-7,Feyenoord,Gjivai Zechiël,M,90,7.8,96,1,0,0.2934,0.579031,3,2,2,85,76,4,2,0,0,2,0,1,2,0,0,1,1,0,1,7,0,0,13,0,0,0,0,0,0,0,2026-09-14T05:01:18.296914+00:00
Eredivisie 2026/2027,PEC Zwolle - Feyenoord,2026-09-13T14:45:00+00:00,finished,6,0-7,PEC Zwolle,Ibrahim Cissoko,M,45,6.5,19,0,0,,1.113e-05,0,0,0,9,6,1,0,0,0,1,0,2,2,0,0,2,2,3,0,5,0,0,5,0,0,0,0,0,3,0,2026-09-14T05:01:18.297218+00:00
Eredivisie 2026/2027,PEC Zwolle - Feyenoord,2026-09-13T14:45:00+00:00,finished,6,0-7,PEC Zwolle,Jadiel Pereira da Gama,M,0,,0,0,0,,,0,0,0,0,0,0,0,0,0,0,0,0,0,0,0,0,0,0,0,0,0,0,0,0,0,0,0,0,0,0,2026-09-14T05:01:18.297305+00:00
Eredivisie 2026/2027,PEC Zwolle - Feyenoord,2026-09-13T14:45:00+00:00,finished,6,0-7,PEC Zwolle,Jan Bürger,D,11,6.7,12,0,0,0.0247,0.00102389,1,0,0,5,5,0,0,0,0,0,0,0,0,0,0,0,0,0,0,1,0,0,1,0,0,0,0,0,0,0,2026-09-14T05:01:18.297272+00:00
Eredivisie 2026/2027,PEC Zwolle - Feyenoord,2026-09-13T14:45:00+00:00,finished,6,0-7,PEC Zwolle,Jasper Schendelaar,G,90,6.6,46,0,0,,0.00045302,0,0,0,38,24,21,7,0,0,0,0,0,0,0,0,0,0,0,0,3,0,0,14,0,0,0,0,4,7,0,2026-09-14T05:01:18.297174+00:00
Eredivisie 2026/2027,PEC Zwolle - Feyenoord,2026-09-13T14:45:00+00:00,finished,6,0-7,Feyenoord,Javi López,D,0,,0,0,0,,,0,0,0,0,0,0,0,0,0,0,0,0,0,0,0,0,0,0,0,0,0,0,0,0,0,0,0,0,0,0,2026-09-14T05:01:18.297080+00:00
Eredivisie 2026/2027,PEC Zwolle - Feyenoord,2026-09-13T14:45:00+00:00,finished,6,0-7,Feyenoord,Jeremiah St Juste,D,79,7.1,82,0,0,,0.0120985,0,0,0,68,62,2,1,0,0,1,0,5,4,3,3,1,1,4,2,2,0,0,8,1,0,0,0,0,0,0,2026-09-14T05:01:18.296986+00:00
Eredivisie 2026/2027,PEC Zwolle - Feyenoord,2026-09-13T14:45:00+00:00,finished,6,0-7,Feyenoord,Jivayno Zinhagel,F,25,7.4,13,1,0,0.168,0.00411551,2,1,0,7,6,0,0,0,0,0,0,0,1,0,1,0,0,0,0,0,1,0,2,0,0,0,0,0,0,0,2026-09-14T05:01:18.297043+00:00
Eredivisie 2026/2027,PEC Zwolle - Feyenoord,2026-09-13T14:45:00+00:00,finished,6,0-7,PEC Zwolle,Koen Kostons,F,70,6.6,38,0,0,,0.0981604,0,0,1,27,18,2,1,2,0,1,1,5,8,4,4,0,0,1,0,0,0,3,14,0,0,0,0,0,6,0,2026-09-14T05:01:18.297199+00:00
Eredivisie 2026/2027,PEC Zwolle - Feyenoord,2026-09-13T14:45:00+00:00,finished,6,0-7,Feyenoord,Liam Bossin,G,0,,0,0,0,,,0,0,0,0,0,0,0,0,0,0,0,0,0,0,0,0,0,0,0,0,0,0,0,0,0,0,0,0,0,0,2026-09-14T05:01:18.297091+00:00
Eredivisie 2026/2027,PEC Zwolle - Feyenoord,2026-09-13T14:45:00+00:00,finished,6,0-7,Feyenoord,Luciano Valente,M,65,6.9,69,0,1,0.0742,0.546329,2,0,2,56,51,0,0,0,0,3,1,1,3,0,0,0,0,0,1,4,1,0,12,0,1,0,0,0,0,0,2026-09-14T05:01:18.297009+00:00
Eredivisie 2026/2027,PEC Zwolle - Feyenoord,2026-09-13T14:45:00+00:00,finished,6,0-7,Feyenoord,Mats Deijl,D,15,6.6,12,0,0,,0.00221213,0,0,0,4,4,0,0,0,0,0,0,0,2,0,0,0,0,1,0,0,0,1,2,0,1,0,0,0,0,0,2026-09-14T05:01:18.297060+00:00
Eredivisie 2026/2027,PEC Zwolle - Feyenoord,2026-09-13T14:45:00+00:00,finished,6,0-7,Feyenoord,Mika Mármol,D,90,7.2,88,0,0,0.0702,0.400297,1,0,5,59,50,7,4,3,1,1,0,3,7,0,0,3,2,2,3,4,1,0,19,0,5,0,0,0,0,0,2026-09-14T05:01:18.296933+00:00
Eredivisie 2026/2027,PEC Zwolle - Feyenoord,2026-09-13T14:45:00+00:00,finished,6,0-7,Feyenoord,Nacho Ferri,F,64,8.7,31,2,0,1.1645,0.0370024,6,4,0,14,8,0,0,0,0,0,0,6,3,1,1,1,0,1,0,2,0,1,9,4,1,0,0,0,0,0,2026-09-14T05:01:18.297023+00:00
Eredivisie 2026/2027,PEC Zwolle - Feyenoord,2026-09-13T14:45:00+00:00,finished,6,0-7,PEC Zwolle,Nick Fichtinger,M,45,6.2,14,0,0,,0.007252,0,0,0,8,5,2,0,0,0,0,0,2,5,0,4,2,1,2,1,0,0,0,3,0,1,0,0,0,3,0,2026-09-14T05:01:18.297209+00:00
Eredivisie 2026/2027,PEC Zwolle - Feyenoord,2026-09-13T14:45:00+00:00,finished,6,0-7,PEC Zwolle,Nick Viergever,D,90,5.5,52,0,0,,0.00762577,0,0,0,42,37,2,0,0,0,0,0,2,1,0,1,2,1,5,1,2,0,0,5,0,0,0,0,0,7,0,2026-09-14T05:01:18.297184+00:00
Eredivisie 2026/2027,PEC Zwolle - Feyenoord,2026-09-13T14:45:00+00:00,finished,6,0-7,PEC Zwolle,Odysseus Velanas,M,45,6.3,10,0,0,,0.00359699,0,0,0,8,3,1,1,0,0,0,0,2,2,2,1,0,0,1,0,2,0,0,5,0,0,0,0,0,3,0,2026-09-14T05:01:18.297214+00:00
Eredivisie 2026/2027,PEC Zwolle - Feyenoord,2026-09-13T14:45:00+00:00,finished,6,0-7,PEC Zwolle,Olivier Aertssen,D,79,5.4,53,0,0,,0.00828162,0,0,0,29,20,6,1,1,0,0,0,5,1,0,0,4,3,3,1,4,0,1,13,1,0,0,0,0,7,0,2026-09-14T05:01:18.297194+00:00
Eredivisie 2026/2027,PEC Zwolle - Feyenoord,2026-09-13T14:45:00+00:00,finished,6,0-7,Feyenoord,Oussama Targhalline,M,90,7.2,83,0,0,,0.658228,0,0,2,69,62,1,1,0,0,1,1,6,4,2,1,2,0,0,0,5,0,3,12,1,0,0,0,0,0,0,2026-09-14T05:01:18.296904+00:00
Eredivisie 2026/2027,PEC Zwolle - Feyenoord,2026-09-13T14:45:00+00:00,finished,6,0-7,Feyenoord,Sem Steijn,M,26,6.6,15,0,0,0.2908,0.0955311,1,1,1,14,14,0,0,0,0,0,0,0,0,0,0,0,0,0,0,0,0,0,0,0,0,0,0,0,0,0,2026-09-14T05:01:18.297036+00:00
Eredivisie 2026/2027,PEC Zwolle - Feyenoord,2026-09-13T14:45:00+00:00,finished,6,0-7,Feyenoord,Shaqueel van Persie,F,26,7.1,15,0,0,0.6348,0.00710699,3,1,1,8,6,3,3,0,0,1,1,2,0,1,0,0,0,0,0,1,1,0,3,0,0,0,0,0,0,0,2026-09-14T05:01:18.297029+00:00
Eredivisie 2026/2027,PEC Zwolle - Feyenoord,2026-09-13T14:45:00+00:00,finished,6,0-7,PEC Zwolle,Simon Graves,D,90,5.5,67,0,0,,0.0119097,0,0,1,54,45,1,0,0,0,0,0,3,4,1,0,1,1,3,2,3,0,0,9,1,3,0,0,0,7,0,2026-09-14T05:01:18.297189+00:00
Eredivisie 2026/2027,PEC Zwolle - Feyenoord,2026-09-13T14:45:00+00:00,finished,6,0-7,Feyenoord,Thijs Kraaijeveld,M,11,6.6,13,0,0,,0.00086476,0,0,0,13,12,0,0,0,0,0,0,0,0,0,0,0,0,0,0,1,0,0,1,0,0,0,0,0,0,0,2026-09-14T05:01:18.297073+00:00
Eredivisie 2026/2027,PEC Zwolle - Feyenoord,2026-09-13T14:45:00+00:00,finished,6,0-7,PEC Zwolle,Thijs Oosting,M,20,6.7,20,0,0,0.0585,0.0190658,1,1,0,18,14,2,1,0,0,0,0,0,1,0,0,0,0,0,0,2,0,0,5,0,0,0,0,0,1,0,2026-09-14T05:01:18.297241+00:00
Eredivisie 2026/2027,PEC Zwolle - Feyenoord,2026-09-13T14:45:00+00:00,finished,6,0-7,Feyenoord,Tijme Wessels,D,0,,0,0,0,,,0,0,0,0,0,0,0,0,0,0,0,0,0,0,0,0,0,0,0,0,0,0,0,0,0,0,0,0,0,0,2026-09-14T05:01:18.297086+00:00
Eredivisie 2026/2027,PEC Zwolle - Feyenoord,2026-09-13T14:45:00+00:00,finished,6,0-7,PEC Zwolle,Tijs Velthuis,D,45,5.4,13,0,0,,0.00529612,0,0,0,12,11,0,0,0,0,0,0,0,3,0,1,0,0,0,0,1,0,0,1,0,1,0,0,0,4,0,2026-09-14T05:01:18.297223+00:00
Eredivisie 2026/2027,PEC Zwolle - Feyenoord,2026-09-13T14:45:00+00:00,finished,6,0-7,Feyenoord,Tjark Ernst,G,90,8.3,36,0,0,,0.00103939,0,0,1,29,28,8,7,0,0,0,0,1,0,1,0,0,0,1,0,6,0,0,1,0,0,0,0,3,0,1,2026-09-14T05:01:18.296867+00:00
Eredivisie 2026/2027,PEC Zwolle - Feyenoord,2026-09-13T14:45:00+00:00,finished,6,0-7,PEC Zwolle,Tobias Sommer,M,90,6.1,62,0,0,0.0585,0.0257065,2,1,0,44,35,3,1,6,1,1,1,4,5,1,2,2,1,2,0,4,0,1,16,0,1,0,0,0,7,0,2026-09-14T05:01:18.297169+00:00
Eredivisie 2026/2027,PEC Zwolle - Feyenoord,2026-09-13T14:45:00+00:00,finished,6,0-7,Feyenoord,Tobias van den Elshout,M,0,,0,0,0,,,0,0,0,0,0,0,0,0,0,0,0,0,0,0,0,0,0,0,0,0,0,0,0,0,0,0,0,0,0,0,2026-09-14T05:01:18.297139+00:00
Eredivisie 2026/2027,PEC Zwolle - Feyenoord,2026-09-13T14:45:00+00:00,finished,6,0-7,PEC Zwolle,Tom de Graaff,G,0,,0,0,0,,,0,0,0,0,0,0,0,0,0,0,0,0,0,0,0,0,0,0,0,0,0,0,0,0,0,0,0,0,0,0,2026-09-14T05:01:18.297311+00:00
Eredivisie 2026/2027,PEC Zwolle - Feyenoord,2026-09-13T14:45:00+00:00,finished,6,0-7,Feyenoord,Tsuyoshi Watanabe,D,90,7.6,81,0,0,0.0386,0.0477528,1,0,1,74,69,4,3,0,0,0,0,6,1,6,1,0,0,2,2,6,0,0,6,0,0,0,0,0,0,0,2026-09-14T05:01:18.296967+00:00
Eredivisie 2026/2027,PSV Eindhoven - Sparta Rotterdam,2026-09-13T18:00:00+00:00,finished,6,4-1,PSV Eindhoven,,,60,6.4,61,0,0,0.1315,0.0475821,4,1,1,36,29,1,0,3,0,9,3,6,10,1,2,2,2,0,0,3,2,0,18,0,1,0,0,0,1,0,2026-09-14T05:01:18.408177+00:00
Eredivisie 2026/2027,PSV Eindhoven - Sparta Rotterdam,2026-09-13T18:00:00+00:00,finished,6,4-1,Sparta Rotterdam,Alwande Roaldsoy,M,0,,0,0,0,,,0,0,0,0,0,0,0,0,0,0,0,0,0,0,0,0,0,0,0,0,0,0,0,0,0,0,0,0,0,0,2026-09-14T05:01:18.408370+00:00
Eredivisie 2026/2027,PSV Eindhoven - Sparta Rotterdam,2026-09-13T18:00:00+00:00,finished,6,4-1,Sparta Rotterdam,Andrej Kostić,F,13,6.5,7,0,0,,3.72e-05,0,0,0,1,1,0,0,0,0,2,0,1,2,0,0,0,0,0,0,1,0,0,3,1,0,0,0,0,1,0,2026-09-14T05:01:18.408340+00:00
Eredivisie 2026/2027,PSV Eindhoven - Sparta Rotterdam,2026-09-13T18:00:00+00:00,finished,6,4-1,PSV Eindhoven,Armando Obispo,D,90,7.1,115,0,0,0.0784,0.0589514,1,0,1,109,98,9,6,0,0,0,0,4,3,3,1,1,0,1,0,4,1,0,11,0,2,1,0,0,1,0,2026-09-14T05:01:18.408087+00:00
Eredivisie 2026/2027,PSV Eindhoven - Sparta Rotterdam,2026-09-13T18:00:00+00:00,finished,6,4-1,PSV Eindhoven,Ayoni Santos,M,1,,1,0,0,,0.00020111,0,0,0,1,1,0,0,0,0,0,0,0,0,0,0,0,0,0,0,0,0,0,0,0,0,0,0,0,0,0,2026-09-14T05:01:18.408217+00:00
Eredivisie 2026/2027,PSV Eindhoven - Sparta Rotterdam,2026-09-13T18:00:00+00:00,finished,6,4-1,Sparta Rotterdam,Bas Kuipers,D,90,7.0,34,0,1,,0.193765,0,0,1,14,10,1,1,0,0,0,0,2,1,0,0,2,2,4,0,1,0,1,6,0,0,0,0,0,4,0,2026-09-14T05:01:18.408291+00:00
Eredivisie 2026/2027,PSV Eindhoven - Sparta Rotterdam,2026-09-13T18:00:00+00:00,finished,6,4-1,Sparta Rotterdam,Boyd Reith,D,0,,0,0,0,,,0,0,0,0,0,0,0,0,0,0,0,0,0,0,0,0,0,0,0,0,0,0,0,0,0,0,0,0,0,0,2026-09-14T05:01:18.408362+00:00
Eredivisie 2026/2027,PSV Eindhoven - Sparta Rotterdam,2026-09-13T18:00:00+00:00,finished,6,4-1,Sparta Rotterdam,Bruno Martins Indi,D,82,6.1,35,0,0,0.4194,0.00322428,2,2,0,23,19,3,1,0,0,0,0,2,1,1,0,1,1,7,1,1,0,0,4,0,1,1,0,0,3,0,2026-09-14T05:01:18.408304+00:00
Eredivisie 2026/2027,PSV Eindhoven - Sparta Rotterdam,2026-09-13T18:00:00+00:00,finished,6,4-1,Sparta Rotterdam,Casper Terho,F,63,7.1,19,0,0,,0.321515,0,0,2,8,6,3,1,2,1,1,1,3,0,0,0,2,1,0,0,1,0,0,5,0,0,0,0,0,2,0,2026-09-14T05:01:18.408323+00:00
Eredivisie 2026/2027,PSV Eindhoven - Sparta Rotterdam,2026-09-13T18:00:00+00:00,finished,6,4-1,Sparta Rotterdam,Cedric Hatenboer,M,90,6.5,43,0,0,,0.00959037,0,0,0,29,26,3,3,0,0,3,0,3,5,0,0,3,1,3,1,5,0,0,8,0,0,0,0,0,4,0,2026-09-14T05:01:18.408267+00:00
Eredivisie 2026/2027,PSV Eindhoven - Sparta Rotterdam,2026-09-13T18:00:00+00:00,finished,6,4-1,PSV Eindhoven,Dennis Man,M,0,,0,0,0,,,0,0,0,0,0,0,0,0,0,0,0,0,0,0,0,0,0,0,0,0,0,0,0,0,0,0,0,0,0,0,2026-09-14T05:01:18.408245+00:00
Eredivisie 2026/2027,PSV Eindhoven - Sparta Rotterdam,2026-09-13T18:00:00+00:00,finished,6,4-1,PSV Eindhoven,Esmir Bajraktarević,F,60,8.1,39,0,2,0.0727,0.601171,2,0,4,30,30,0,0,5,2,0,0,1,1,0,0,1,1,0,0,1,2,1,4,0,0,0,0,0,1,0,2026-09-14T05:01:18.408161+00:00
Eredivisie 2026/2027,PSV Eindhoven - Sparta Rotterdam,2026-09-13T18:00:00+00:00,finished,6,4-1,PSV Eindhoven,Fabian Merién,D,0,,0,0,0,,,0,0,0,0,0,0,0,0,0,0,0,0,0,0,0,0,0,0,0,0,0,0,0,0,0,0,0,0,0,0,2026-09-14T05:01:18.408232+00:00
Eredivisie 2026/2027,PSV Eindhoven - Sparta Rotterdam,2026-09-13T18:00:00+00:00,finished,6,4-1,Sparta Rotterdam,Filip Bednarek,G,0,,0,0,0,,,0,0,0,0,0,0,0,0,0,0,0,0,0,0,0,0,0,0,0,0,0,0,0,0,0,0,0,0,0,0,2026-09-14T05:01:18.408353+00:00
Eredivisie 2026/2027,PSV Eindhoven - Sparta Rotterdam,2026-09-13T18:00:00+00:00,finished,6,4-1,PSV Eindhoven,Filip Kostić,M,0,,0,0,0,,,0,0,0,0,0,0,0,0,0,0,0,0,0,0,0,0,0,0,0,0,0,0,0,0,0,0,0,0,0,0,2026-09-14T05:01:18.408249+00:00
Eredivisie 2026/2027,PSV Eindhoven - Sparta Rotterdam,2026-09-13T18:00:00+00:00,finished,6,4-1,Sparta Rotterdam,Giannino Vianello,D,0,,0,0,0,,,0,0,0,0,0,0,0,0,0,0,0,0,0,0,0,0,0,0,0,0,0,0,0,0,0,0,0,0,0,0,2026-09-14T05:01:18.408358+00:00
Eredivisie 2026/2027,PSV Eindhoven - Sparta Rotterdam,2026-09-13T18:00:00+00:00,finished,6,4-1,PSV Eindhoven,Guus Til,M,60,5.9,36,0,0,0.9837,0.0246812,3,0,1,27,25,0,0,1,0,0,0,3,2,2,0,0,0,1,0,3,1,1,5,1,1,0,0,0,1,0,2026-09-14T05:01:18.408170+00:00
Eredivisie 2026/2027,PSV Eindhoven - Sparta Rotterdam,2026-09-13T18:00:00+00:00,finished,6,4-1,Sparta Rotterdam,Isaac Babadi,M,27,6.5,14,0,0,,0.00244127,0,0,0,10,10,1,1,0,0,0,0,1,2,0,0,1,1,0,0,1,0,2,2,0,0,0,0,0,2,0,2026-09-14T05:01:18.408331+00:00
Eredivisie 2026/2027,PSV Eindhoven - Sparta Rotterdam,2026-09-13T18:00:00+00:00,finished,6,4-1,PSV Eindhoven,Ivan Perišić,M,30,7.8,34,0,0,0.0707,0.189215,2,0,1,24,23,2,2,4,1,0,0,1,0,0,0,1,1,0,0,1,2,0,5,0,0,0,0,0,0,0,2026-09-14T05:01:18.408191+00:00
Eredivisie 2026/2027,PSV Eindhoven - Sparta Rotterdam,2026-09-13T18:00:00+00:00,finished,6,4-1,Sparta Rotterdam,Jens Toornstra,M,0,,0,0,0,,,0,0,0,0,0,0,0,0,0,0,0,0,0,0,0,0,0,0,0,0,0,0,0,0,0,0,0,0,0,0,2026-09-14T05:01:18.408366+00:00
Eredivisie 2026/2027,PSV Eindhoven - Sparta Rotterdam,2026-09-13T18:00:00+00:00,finished,6,4-1,Sparta Rotterdam,Joel Ideho,M,8,6.5,7,0,0,,0.000812,0,0,0,4,4,1,1,1,0,1,0,0,1,0,0,0,0,0,0,0,0,0,2,0,0,0,0,0,1,0,2026-09-14T05:01:18.408345+00:00
Eredivisie 2026/2027,PSV Eindhoven - Sparta Rotterdam,2026-09-13T18:00:00+00:00,finished,6,4-1,Sparta Rotterdam,Julian Baas,M,63,6.9,24,0,0,,0.0713815,0,0,1,12,10,1,0,2,2,1,0,1,2,0,1,1,1,1,0,2,0,0,3,0,0,0,0,0,2,0,2026-09-14T05:01:18.408318+00:00
Eredivisie 2026/2027,PSV Eindhoven - Sparta Rotterdam,2026-09-13T18:00:00+00:00,finished,6,4-1,PSV Eindhoven,Kodai Sano,M,90,8.6,117,1,0,0.0257,0.204073,1,1,1,98,90,7,5,5,1,3,2,3,6,0,2,1,1,2,1,2,0,1,14,0,1,0,0,0,1,0,2026-09-14T05:01:18.408076+00:00
Eredivisie 2026/2027,PSV Eindhoven - Sparta Rotterdam,2026-09-13T18:00:00+00:00,finished,6,4-1,Sparta Rotterdam,Lushendry Edward Martes,D,90,7.1,51,0,0,,0.00430992,0,0,0,19,17,1,1,0,0,1,0,11,8,0,1,10,6,5,2,3,0,2,8,1,0,0,0,0,4,0,2026-09-14T05:01:18.408295+00:00
Eredivisie 2026/2027,PSV Eindhoven - Sparta Rotterdam,2026-09-13T18:00:00+00:00,finished,6,4-1,PSV Eindhoven,Lutsharel Geertruida,D,90,7.9,117,0,1,0.0397,0.0888527,1,0,1,106,101,5,3,0,0,2,2,4,0,0,0,1,1,1,1,5,1,0,5,1,0,0,0,0,1,0,2026-09-14T05:01:18.408082+00:00
Eredivisie 2026/2027,PSV Eindhoven - Sparta Rotterdam,2026-09-13T18:00:00+00:00,finished,6,4-1,Sparta Rotterdam,Marvin Young,D,90,6.6,39,0,0,,0.010804,0,0,1,27,24,3,3,0,0,0,0,4,4,1,1,2,2,4,1,5,0,0,4,1,0,0,0,0,4,0,2026-09-14T05:01:18.408279+00:00
Eredivisie 2026/2027,PSV Eindhoven - Sparta Rotterdam,2026-09-13T18:00:00+00:00,finished,6,4-1,PSV Eindhoven,Matěj Kovář,G,90,7.6,30,0,0,,0.00012038,0,0,0,17,15,5,3,0,0,0,0,0,0,0,0,0,0,1,0,7,0,0,3,0,0,0,0,4,1,0,2026-09-14T05:01:18.408069+00:00
Eredivisie 2026/2027,PSV Eindhoven - Sparta Rotterdam,2026-09-13T18:00:00+00:00,finished,6,4-1,PSV Eindhoven,Mauro Júnior,D,90,8.1,122,0,0,,0.43827,0,0,4,94,90,8,6,3,3,3,1,3,5,0,1,2,1,2,2,4,0,1,10,0,0,0,0,0,1,0,2026-09-14T05:01:18.408093+00:00
Eredivisie 2026/2027,PSV Eindhoven - Sparta Rotterdam,2026-09-13T18:00:00+00:00,finished,6,4-1,Sparta Rotterdam,Michael Brouwer,G,90,5.7,53,0,0,,0.00093646,0,0,0,40,12,33,5,0,0,0,0,1,0,0,0,0,0,1,0,6,0,0,28,1,0,0,0,6,4,1,2026-09-14T05:01:18.408300+00:00
Eredivisie 2026/2027,PSV Eindhoven - Sparta Rotterdam,2026-09-13T18:00:00+00:00,finished,6,4-1,Sparta Rotterdam,Milan Zonneveld,F,77,8.0,22,1,0,1.504,0.186732,4,3,3,13,8,0,0,0,0,0,0,3,5,3,3,0,0,1,0,2,0,1,7,0,0,0,0,0,3,0,2026-09-14T05:01:18.408309+00:00
Eredivisie 2026/2027,PSV Eindhoven - Sparta Rotterdam,2026-09-13T18:00:00+00:00,finished,6,4-1,Sparta Rotterdam,Mitchell Van Bergen,M,77,7.0,39,0,0,0.1486,0.0325255,3,1,1,12,9,1,0,7,0,5,2,3,6,0,0,0,0,2,0,5,1,3,19,1,0,0,0,0,3,0,2026-09-14T05:01:18.408313+00:00
Eredivisie 2026/2027,PSV Eindhoven - Sparta Rotterdam,2026-09-13T18:00:00+00:00,finished,6,4-1,PSV Eindhoven,Nick Olij,G,0,,0,0,0,,,0,0,0,0,0,0,0,0,0,0,0,0,0,0,0,0,0,0,0,0,0,0,0,0,0,0,0,0,0,0,2026-09-14T05:01:18.408222+00:00
Eredivisie 2026/2027,PSV Eindhoven - Sparta Rotterdam,2026-09-13T18:00:00+00:00,finished,6,4-1,Sparta Rotterdam,Nick Verschuren,D,90,6.2,23,0,0,0.2182,0.00346523,1,0,0,13,11,1,0,0,0,0,0,3,1,1,0,1,0,3,1,2,0,0,2,1,1,0,0,0,4,0,2026-09-14T05:01:18.408285+00:00
Eredivisie 2026/2027,PSV Eindhoven - Sparta Rotterdam,2026-09-13T18:00:00+00:00,finished,6,4-1,PSV Eindhoven,Noah Fernandez,M,13,6.9,19,0,0,,0.00600159,0,0,0,13,13,0,0,0,0,1,0,3,1,1,0,2,0,1,0,3,0,0,1,0,0,0,0,0,0,0,2026-09-14T05:01:18.408213+00:00
Eredivisie 2026/2027,PSV Eindhoven - Sparta Rotterdam,2026-09-13T18:00:00+00:00,finished,6,4-1,Sparta Rotterdam,Pascal Kuiper,G,0,,0,0,0,,,0,0,0,0,0,0,0,0,0,0,0,0,0,0,0,0,0,0,0,0,0,0,0,0,0,0,0,0,0,0,2026-09-14T05:01:18.408349+00:00
Eredivisie 2026/2027,PSV Eindhoven - Sparta Rotterdam,2026-09-13T18:00:00+00:00,finished,6,4-1,PSV Eindhoven,Paul Wanner,M,77,8.2,62,0,0,0.2252,0.581098,3,3,2,46,44,1,1,1,1,3,1,4,3,0,0,3,0,1,0,5,0,1,7,0,0,0,0,0,1,0,2026-09-14T05:01:18.408147+00:00
Eredivisie 2026/2027,PSV Eindhoven - Sparta Rotterdam,2026-09-13T18:00:00+00:00,finished,6,4-1,PSV Eindhoven,Ricardo Pepi,F,30,6.1,16,0,0,0.3618,0.00767457,2,1,1,9,8,1,1,0,0,1,0,1,2,0,0,1,1,0,0,1,0,1,5,0,0,0,0,0,0,0,2026-09-14T05:01:18.408207+00:00
Eredivisie 2026/2027,PSV Eindhoven - Sparta Rotterdam,2026-09-13T18:00:00+00:00,finished,6,4-1,Sparta Rotterdam,Robin van Cruijsen,M,13,6.2,8,0,0,,,0,0,0,2,0,1,0,2,0,0,0,1,3,0,1,1,1,0,1,0,0,1,5,0,1,0,0,0,1,0,2026-09-14T05:01:18.408335+00:00
Eredivisie 2026/2027,PSV Eindhoven - Sparta Rotterdam,2026-09-13T18:00:00+00:00,finished,6,4-1,PSV Eindhoven,Ruben van Bommel,F,30,6.7,35,0,0,0.0245,0.0240581,1,1,1,24,19,0,0,0,0,4,1,3,3,0,0,2,1,1,2,4,0,0,8,0,0,0,0,0,0,0,2026-09-14T05:01:18.408202+00:00
Eredivisie 2026/2027,PSV Eindhoven - Sparta Rotterdam,2026-09-13T18:00:00+00:00,finished,6,4-1,PSV Eindhoven,Ryan Flamingo,D,0,,0,0,0,,,0,0,0,0,0,0,0,0,0,0,0,0,0,0,0,0,0,0,0,0,0,0,0,0,0,0,0,0,0,0,2026-09-14T05:01:18.408240+00:00
Eredivisie 2026/2027,PSV Eindhoven - Sparta Rotterdam,2026-09-13T18:00:00+00:00,finished,6,4-1,PSV Eindhoven,Sergiño Dest,D,90,7.1,107,0,0,,0.22426,0,0,3,88,84,2,2,5,0,1,0,3,1,0,0,3,0,2,0,6,0,0,12,0,0,0,0,0,1,0,2026-09-14T05:01:18.408039+00:00
Eredivisie 2026/2027,PSV Eindhoven - Sparta Rotterdam,2026-09-13T18:00:00+00:00,finished,6,4-1,PSV Eindhoven,Sven Mijnans,M,89,9.5,71,3,0,1.8492,0.119971,8,3,3,48,44,2,2,3,0,3,1,4,6,0,1,2,1,1,1,2,2,2,12,1,1,0,0,0,1,0,2026-09-14T05:01:18.408127+00:00
Eredivisie 2026/2027,PSV Eindhoven - Sparta Rotterdam,2026-09-13T18:00:00+00:00,finished,6,4-1,Sparta Rotterdam,Teo Quintero,D,27,6.2,17,0,0,,0.00062097,0,0,0,9,7,0,0,0,0,1,0,4,2,1,0,3,1,2,0,2,0,0,4,0,0,0,0,0,2,0,2026-09-14T05:01:18.408327+00:00
Eredivisie 2026/2027,PSV Eindhoven - Sparta Rotterdam,2026-09-13T18:00:00+00:00,finished,6,4-1,PSV Eindhoven,Tijn Smolenaars,G,0,,0,0,0,,,0,0,0,0,0,0,0,0,0,0,0,0,0,0,0,0,0,0,0,0,0,0,0,0,0,0,0,0,0,0,2026-09-14T05:01:18.408227+00:00
Eredivisie 2026/2027,PSV Eindhoven - Sparta Rotterdam,2026-09-13T18:00:00+00:00,finished,6,4-1,PSV Eindhoven,Yarek Gasiorowski,D,0,,0,0,0,,,0,0,0,0,0,0,0,0,0,0,0,0,0,0,0,0,0,0,0,0,0,0,0,0,0,0,0,0,0,0,2026-09-14T05:01:18.408236+00:00
Eredivisie 2026/2027,AFC Ajax - Willem II Tilburg,2026-09-15T18:00:00+00:00,finished,3,5-1,AFC Ajax,,,77,7.2,114,0,0,0.0844,0.112724,2,0,0,107,98,2,1,0,0,0,0,3,1,2,0,1,0,2,2,4,1,0,9,0,0,0,0,0,1,0,2026-09-16T05:01:02.240478+00:00
Eredivisie 2026/2027,AFC Ajax - Willem II Tilburg,2026-09-15T18:00:00+00:00,finished,3,5-1,AFC Ajax,,,0,,0,0,0,,,0,0,0,0,0,0,0,0,0,0,0,0,0,0,0,0,0,0,0,0,0,0,0,0,0,0,0,0,0,0,2026-09-16T05:01:02.240608+00:00
Eredivisie 2026/2027,AFC Ajax - Willem II Tilburg,2026-09-15T18:00:00+00:00,finished,3,5-1,Willem II Tilburg,,,90,5.7,55,0,0,0.0564,0.0104651,3,0,0,36,27,6,1,2,1,1,1,3,3,1,1,1,1,4,1,2,1,1,12,0,1,0,0,0,5,0,2026-09-16T05:01:02.240764+00:00
Eredivisie 2026/2027,AFC Ajax - Willem II Tilburg,2026-09-15T18:00:00+00:00,finished,3,5-1,Willem II Tilburg,,,90,6.4,66,0,0,,0.00737577,0,0,0,45,40,6,2,0,0,0,0,3,2,0,0,1,1,9,2,2,0,0,7,2,0,0,0,0,5,0,2026-09-16T05:01:02.240773+00:00
Eredivisie 2026/2027,AFC Ajax - Willem II Tilburg,2026-09-15T18:00:00+00:00,finished,3,5-1,Willem II Tilburg,,,84,5.9,45,0,0,,0.00392186,0,0,0,40,37,1,0,0,0,0,0,1,2,1,2,0,0,1,0,2,0,0,3,0,0,0,0,0,4,0,2026-09-16T05:01:02.240781+00:00
Eredivisie 2026/2027,AFC Ajax - Willem II Tilburg,2026-09-15T18:00:00+00:00,finished,3,5-1,Willem II Tilburg,,,20,6.5,4,0,0,,0.332069,0,0,1,3,2,0,0,0,0,0,0,0,1,0,1,0,0,0,0,0,0,0,2,0,0,0,0,0,2,0,2026-09-16T05:01:02.240884+00:00
Eredivisie 2026/2027,AFC Ajax - Willem II Tilburg,2026-09-15T18:00:00+00:00,finished,3,5-1,AFC Ajax,Abdellah Ouazane,M,23,6.5,28,0,0,0.2814,0.0404133,4,1,0,21,17,1,0,0,0,1,0,1,1,0,0,1,0,0,0,0,2,0,5,0,0,0,0,0,1,0,2026-09-16T05:01:02.240577+00:00
Eredivisie 2026/2027,AFC Ajax - Willem II Tilburg,2026-09-15T18:00:00+00:00,finished,3,5-1,Willem II Tilburg,Alessandro Ciranni,D,45,6.8,18,1,0,0.791,0.0106701,1,1,0,10,8,1,1,0,0,0,0,1,3,0,0,1,0,1,0,1,0,0,3,0,0,0,0,0,3,0,2026-09-16T05:01:02.240866+00:00
Eredivisie 2026/2027,AFC Ajax - Willem II Tilburg,2026-09-15T18:00:00+00:00,finished,3,5-1,Willem II Tilburg,Amine Et-Taibi,D,29,5.5,18,0,0,,0.0008722,0,0,0,10,10,0,0,1,0,0,0,0,1,0,0,0,0,3,1,1,0,0,1,0,0,0,0,0,3,0,2026-09-16T05:01:02.240875+00:00
Eredivisie 2026/2027,AFC Ajax - Willem II Tilburg,2026-09-15T18:00:00+00:00,finished,3,5-1,Willem II Tilburg,Anass Zarrouk,M,0,,0,0,0,,,0,0,0,0,0,0,0,0,0,0,0,0,0,0,0,0,0,0,0,0,0,0,0,0,0,0,0,0,0,0,2026-09-16T05:01:02.240957+00:00
Eredivisie 2026/2027,AFC Ajax - Willem II Tilburg,2026-09-15T18:00:00+00:00,finished,3,5-1,AFC Ajax,Anton Gaaei,D,0,,0,0,0,,,0,0,0,0,0,0,0,0,0,0,0,0,0,0,0,0,0,0,0,0,0,0,0,0,0,0,0,0,0,0,2026-09-16T05:01:02.240642+00:00
Eredivisie 2026/2027,AFC Ajax - Willem II Tilburg,2026-09-15T18:00:00+00:00,finished,3,5-1,AFC Ajax,Caio Henrique,D,23,6.3,13,0,0,,0.00604893,0,0,0,12,11,2,2,0,0,0,0,0,0,0,0,0,0,0,0,0,0,0,1,0,0,0,0,0,1,0,2026-09-16T05:01:02.240567+00:00
Eredivisie 2026/2027,AFC Ajax - Willem II Tilburg,2026-09-15T18:00:00+00:00,finished,3,5-1,AFC Ajax,Davy Klaassen,M,57,7.4,38,1,0,0.296,0.0805449,2,2,0,31,29,0,0,0,0,0,0,1,1,0,1,1,0,0,0,1,0,0,4,0,0,0,0,0,0,0,2026-09-16T05:01:02.240530+00:00
Eredivisie 2026/2027,AFC Ajax - Willem II Tilburg,2026-09-15T18:00:00+00:00,finished,3,5-1,Willem II Tilburg,Devin Haen,F,90,6.8,32,0,0,0.5827,0.0132119,3,2,0,20,14,1,0,0,0,2,1,4,3,3,2,0,0,3,0,2,0,0,7,0,0,0,0,0,5,0,2026-09-16T05:01:02.240725+00:00
Eredivisie 2026/2027,AFC Ajax - Willem II Tilburg,2026-09-15T18:00:00+00:00,finished,3,5-1,AFC Ajax,Dies Janse,D,13,6.9,20,0,0,,0.0125087,0,0,0,20,19,1,1,0,0,0,0,0,0,0,0,0,0,0,0,1,0,0,1,0,0,0,0,0,0,0,2026-09-16T05:01:02.240594+00:00
Eredivisie 2026/2027,AFC Ajax - Willem II Tilburg,2026-09-15T18:00:00+00:00,finished,3,5-1,Willem II Tilburg,Eser Gürbüz,M,8,6.9,6,0,0,,0.00071577,0,0,0,3,3,1,1,0,0,1,1,2,0,0,0,1,1,0,0,0,0,0,1,0,0,0,0,0,1,0,2026-09-16T05:01:02.240898+00:00
Eredivisie 2026/2027,AFC Ajax - Willem II Tilburg,2026-09-15T18:00:00+00:00,finished,3,5-1,Willem II Tilburg,Hidde ter Avest,D,61,6.1,44,0,0,0.0164,0.00236674,1,1,0,27,20,2,0,0,0,0,0,2,4,1,2,1,0,5,1,2,0,0,10,0,0,0,0,0,2,0,2026-09-16T05:01:02.240815+00:00
Eredivisie 2026/2027,AFC Ajax - Willem II Tilburg,2026-09-15T18:00:00+00:00,finished,3,5-1,Willem II Tilburg,Jaden Slory,M,70,6.3,25,0,0,,0.119181,0,0,2,12,10,0,0,2,2,2,0,1,7,0,3,1,1,0,0,3,0,2,9,0,0,0,0,0,3,0,2026-09-16T05:01:02.240789+00:00
Eredivisie 2026/2027,AFC Ajax - Willem II Tilburg,2026-09-15T18:00:00+00:00,finished,3,5-1,Willem II Tilburg,Jari Schuurman,M,0,,0,0,0,,,0,0,0,0,0,0,0,0,0,0,0,0,0,0,0,0,0,0,0,0,0,0,0,0,0,0,0,0,0,0,2026-09-16T05:01:02.240965+00:00
Eredivisie 2026/2027,AFC Ajax - Willem II Tilburg,2026-09-15T18:00:00+00:00,finished,3,5-1,Willem II Tilburg,Jens Mathijsen,D,0,,0,0,0,,,0,0,0,0,0,0,0,0,0,0,0,0,0,0,0,0,0,0,0,0,0,0,0,0,0,0,0,0,0,0,2026-09-16T05:01:02.240949+00:00
Eredivisie 2026/2027,AFC Ajax - Willem II Tilburg,2026-09-15T18:00:00+00:00,finished,3,5-1,AFC Ajax,Jofre Torrents ,D,0,,0,0,0,,,0,0,0,0,0,0,0,0,0,0,0,0,0,0,0,0,0,0,0,0,0,0,0,0,0,0,0,0,0,0,2026-09-16T05:01:02.240661+00:00
Eredivisie 2026/2027,AFC Ajax - Willem II Tilburg,2026-09-15T18:00:00+00:00,finished,3,5-1,AFC Ajax,Jorthy Mokio,M,90,6.4,59,0,0,0.1696,0.0666487,2,1,0,46,43,2,1,0,0,0,0,3,6,2,3,1,0,0,2,8,1,1,8,0,1,0,0,0,1,0,2026-09-16T05:01:02.240326+00:00
Eredivisie 2026/2027,AFC Ajax - Willem II Tilburg,2026-09-15T18:00:00+00:00,finished,3,5-1,AFC Ajax,Julian Brandt,F,67,8.3,67,1,0,0.1436,0.483217,2,1,9,45,41,0,0,8,5,3,2,4,2,1,0,0,0,0,1,1,0,1,12,1,0,0,0,0,0,0,2026-09-16T05:01:02.240492+00:00
Eredivisie 2026/2027,AFC Ajax - Willem II Tilburg,2026-09-15T18:00:00+00:00,finished,3,5-1,Willem II Tilburg,Karst de Leeuw,G,0,,0,0,0,,,0,0,0,0,0,0,0,0,0,0,0,0,0,0,0,0,0,0,0,0,0,0,0,0,0,0,0,0,0,0,2026-09-16T05:01:02.240933+00:00
Eredivisie 2026/2027,AFC Ajax - Willem II Tilburg,2026-09-15T18:00:00+00:00,finished,3,5-1,AFC Ajax,Kasper Dolberg,F,90,8.1,35,1,2,0.9301,0.477527,4,1,2,23,16,0,0,0,0,2,2,4,4,2,0,0,0,0,0,1,0,1,11,0,3,0,0,0,1,0,2026-09-16T05:01:02.240264+00:00
Eredivisie 2026/2027,AFC Ajax - Willem II Tilburg,2026-09-15T18:00:00+00:00,finished,3,5-1,AFC Ajax,Lucas Rosa,D,90,7.3,93,0,1,0.0675,0.155804,1,0,2,76,73,0,0,4,1,1,0,4,3,1,0,1,1,1,2,9,1,2,10,2,0,0,0,0,1,0,2026-09-16T05:01:02.240437+00:00
Eredivisie 2026/2027,AFC Ajax - Willem II Tilburg,2026-09-15T18:00:00+00:00,finished,3,5-1,AFC Ajax,Maarten Paes,G,90,6.9,32,0,0,,0.00041665,0,0,0,22,19,4,1,0,0,0,0,0,0,0,0,0,0,0,0,9,0,0,3,0,0,0,0,3,1,0,2026-09-16T05:01:02.240318+00:00
Eredivisie 2026/2027,AFC Ajax - Willem II Tilburg,2026-09-15T18:00:00+00:00,finished,3,5-1,AFC Ajax,Marc-André Ter Stegen,G,0,,0,0,0,,,0,0,0,0,0,0,0,0,0,0,0,0,0,0,0,0,0,0,0,0,0,0,0,0,0,0,0,0,0,0,2026-09-16T05:01:02.240623+00:00
Eredivisie 2026/2027,AFC Ajax - Willem II Tilburg,2026-09-15T18:00:00+00:00,finished,3,5-1,AFC Ajax,Marcos Leonardo,F,0,,0,0,0,,,0,0,0,0,0,0,0,0,0,0,0,0,0,0,0,0,0,0,0,0,0,0,0,0,0,0,0,0,0,0,2026-09-16T05:01:02.240693+00:00
Eredivisie 2026/2027,AFC Ajax - Willem II Tilburg,2026-09-15T18:00:00+00:00,finished,3,5-1,Willem II Tilburg,Mats Lemmens,D,45,6.0,21,0,0,,0.00280579,0,0,0,15,15,1,1,0,0,0,0,0,1,0,1,0,0,3,0,1,0,0,0,0,0,0,0,0,3,0,2026-09-16T05:01:02.240829+00:00
Eredivisie 2026/2027,AFC Ajax - Willem II Tilburg,2026-09-15T18:00:00+00:00,finished,3,5-1,Willem II Tilburg,Maxime Delanghe,G,90,7.3,48,0,0,,0.0011302,0,0,0,32,18,19,5,0,0,0,0,1,0,1,0,0,0,1,0,7,0,0,14,0,0,0,0,8,5,0,2026-09-16T05:01:02.240745+00:00
Eredivisie 2026/2027,AFC Ajax - Willem II Tilburg,2026-09-15T18:00:00+00:00,finished,3,5-1,Willem II Tilburg,Nathan Tjoe-A-On,D,90,6.0,53,0,0,,0.0649882,0,0,1,30,26,3,2,2,1,1,0,4,4,0,0,3,1,7,0,5,0,1,8,1,2,0,0,0,5,0,2026-09-16T05:01:02.240756+00:00
Eredivisie 2026/2027,AFC Ajax - Willem II Tilburg,2026-09-15T18:00:00+00:00,finished,3,5-1,AFC Ajax,Oliver Valaker Edvardsen,F,0,,0,0,0,,,0,0,0,0,0,0,0,0,0,0,0,0,0,0,0,0,0,0,0,0,0,0,0,0,0,0,0,0,0,0,2026-09-16T05:01:02.240685+00:00
Eredivisie 2026/2027,AFC Ajax - Willem II Tilburg,2026-09-15T18:00:00+00:00,finished,3,5-1,AFC Ajax,Oscar Gloukh,M,90,10.0,114,1,1,1.0196,1.06628,7,4,8,90,83,4,2,5,2,8,6,7,4,0,0,1,0,0,0,1,1,0,12,0,0,0,0,0,1,0,2026-09-16T05:01:02.240307+00:00
Eredivisie 2026/2027,AFC Ajax - Willem II Tilburg,2026-09-15T18:00:00+00:00,finished,3,5-1,AFC Ajax,Owen Wijndal,D,67,6.7,57,0,0,0.0122,0.0942875,1,0,0,47,43,1,1,0,0,0,0,0,1,0,1,0,0,0,1,4,1,0,6,0,0,0,0,0,0,0,2026-09-16T05:01:02.240501+00:00
Eredivisie 2026/2027,AFC Ajax - Willem II Tilburg,2026-09-15T18:00:00+00:00,finished,3,5-1,Willem II Tilburg,Per van Loon,D,45,6.4,11,0,0,0.0427,0.00036768,1,0,0,5,3,1,0,1,0,2,2,2,2,0,0,0,0,1,0,1,1,0,4,0,0,0,0,0,2,0,2026-09-16T05:01:02.240851+00:00
Eredivisie 2026/2027,AFC Ajax - Willem II Tilburg,2026-09-15T18:00:00+00:00,finished,3,5-1,AFC Ajax,Sofyan Amrabat,M,33,6.9,43,0,0,0.0204,0.110522,1,1,0,39,38,3,2,1,1,0,0,1,1,0,0,1,0,0,0,3,0,0,1,0,1,0,0,0,1,0,2026-09-16T05:01:02.240542+00:00
Eredivisie 2026/2027,AFC Ajax - Willem II Tilburg,2026-09-15T18:00:00+00:00,finished,3,5-1,AFC Ajax,Steven Berghuis,F,57,7.8,61,0,0,0.5491,0.235807,4,1,2,34,30,3,2,10,2,1,0,4,2,0,0,4,4,0,1,3,2,0,16,0,0,0,0,0,0,0,2026-09-16T05:01:02.240513+00:00
Eredivisie 2026/2027,AFC Ajax - Willem II Tilburg,2026-09-15T18:00:00+00:00,finished,3,5-1,Willem II Tilburg,Thomas Verheydt,F,0,,0,0,0,,,0,0,0,0,0,0,0,0,0,0,0,0,0,0,0,0,0,0,0,0,0,0,0,0,0,0,0,0,0,0,2026-09-16T05:01:02.240973+00:00
Eredivisie 2026/2027,AFC Ajax - Willem II Tilburg,2026-09-15T18:00:00+00:00,finished,3,5-1,AFC Ajax,Tolu Arokodare,F,0,,0,0,0,,,0,0,0,0,0,0,0,0,0,0,0,0,0,0,0,0,0,0,0,0,0,0,0,0,0,0,0,0,0,0,2026-09-16T05:01:02.240676+00:00
Eredivisie 2026/2027,AFC Ajax - Willem II Tilburg,2026-09-15T18:00:00+00:00,finished,3,5-1,Willem II Tilburg,Tonny Vilhena,F,45,6.6,32,0,0,0.0928,0.00961944,1,0,1,18,15,1,0,1,0,0,0,2,1,0,0,2,1,3,0,3,0,1,8,0,0,0,0,0,2,0,2026-09-16T05:01:02.240838+00:00
Eredivisie 2026/2027,AFC Ajax - Willem II Tilburg,2026-09-15T18:00:00+00:00,finished,3,5-1,Willem II Tilburg,Uriel van Aalst,M,90,6.8,36,0,1,,0.601404,0,0,2,21,18,1,1,0,0,1,0,3,3,0,0,1,1,4,1,2,0,2,8,2,0,0,0,0,5,0,2026-09-16T05:01:02.240706+00:00
Eredivisie 2026/2027,AFC Ajax - Willem II Tilburg,2026-09-15T18:00:00+00:00,finished,3,5-1,AFC Ajax,Viktor Tsygankov,M,33,8.0,31,1,0,0.1524,0.133207,1,1,1,24,23,1,1,2,0,1,0,1,1,0,0,1,1,1,0,1,0,0,4,0,0,0,0,0,1,0,2026-09-16T05:01:02.240558+00:00
Eredivisie 2026/2027,AFC Ajax - Willem II Tilburg,2026-09-15T18:00:00+00:00,finished,3,5-1,Willem II Tilburg,Wouter Van der Steen,G,0,,0,0,0,,,0,0,0,0,0,0,0,0,0,0,0,0,0,0,0,0,0,0,0,0,0,0,0,0,0,0,0,0,0,0,2026-09-16T05:01:02.240913+00:00
Eredivisie 2026/2027,AFC Ajax - Willem II Tilburg,2026-09-15T18:00:00+00:00,finished,3,5-1,AFC Ajax,Youri Baas,D,90,8.0,133,0,0,0.0667,0.397079,2,0,4,116,107,3,1,2,0,0,0,4,3,4,2,0,0,4,1,4,1,0,13,0,1,0,0,0,1,0,2026-09-16T05:01:02.240457+00:00
Eredivisie 2026/2027,FC Groningen - PEC Zwolle,2026-09-18T18:00:00+00:00,finished,7,3-0,PEC Zwolle,,,29,6.4,9,0,0,,0.0219276,0,0,1,7,6,0,0,0,0,0,0,1,1,0,1,0,0,0,0,0,0,0,2,1,0,0,0,0,1,0,2026-09-19T05:01:44.399007+00:00
Eredivisie 2026/2027,FC Groningen - PEC Zwolle,2026-09-18T18:00:00+00:00,finished,7,3-0,FC Groningen,,,24,6.7,25,0,0,,0.00142176,0,0,0,18,17,0,0,0,0,0,0,1,1,1,0,0,0,3,2,0,0,0,2,0,1,0,0,0,0,0,2026-09-19T05:01:44.399248+00:00
Eredivisie 2026/2027,FC Groningen - PEC Zwolle,2026-09-18T18:00:00+00:00,finished,7,3-0,FC Groningen,,,0,,0,0,0,,,0,0,0,0,0,0,0,0,0,0,0,0,0,0,0,0,0,0,0,0,0,0,0,0,0,0,0,0,0,0,2026-09-19T05:01:44.399283+00:00
Eredivisie 2026/2027,FC Groningen - PEC Zwolle,2026-09-18T18:00:00+00:00,finished,7,3-0,FC Groningen,Alvin Nordin,M,8,6.5,6,0,0,,1.758e-05,0,0,0,4,2,0,0,0,0,1,0,1,1,0,0,1,0,0,0,1,0,0,3,0,0,0,0,0,0,0,2026-09-19T05:01:44.399266+00:00
Eredivisie 2026/2027,FC Groningen - PEC Zwolle,2026-09-18T18:00:00+00:00,finished,7,3-0,FC Groningen,Brynjólfur Darri Willumsson,F,85,6.5,30,0,0,0.1092,0.0401921,1,0,0,21,14,1,0,0,0,2,2,8,10,3,5,0,0,0,0,6,0,2,9,3,3,0,0,0,0,0,2026-09-19T05:01:44.399210+00:00
Eredivisie 2026/2027,FC Groningen - PEC Zwolle,2026-09-18T18:00:00+00:00,finished,7,3-0,PEC Zwolle,Damian van der Haar,D,0,,0,0,0,,,0,0,0,0,0,0,0,0,0,0,0,0,0,0,0,0,0,0,0,0,0,0,0,0,0,0,0,0,0,0,2026-09-19T05:01:44.399088+00:00
Eredivisie 2026/2027,FC Groningen - PEC Zwolle,2026-09-18T18:00:00+00:00,finished,7,3-0,FC Groningen,David van der Werff,M,85,7.8,59,0,2,0.3154,0.146351,3,1,4,29,23,2,0,9,0,2,0,4,2,0,0,2,2,2,1,5,2,0,19,2,0,0,0,0,0,0,2026-09-19T05:01:44.399217+00:00
Eredivisie 2026/2027,FC Groningen - PEC Zwolle,2026-09-18T18:00:00+00:00,finished,7,3-0,PEC Zwolle,Duke Verduin,G,0,,0,0,0,,,0,0,0,0,0,0,0,0,0,0,0,0,0,0,0,0,0,0,0,0,0,0,0,0,0,0,0,0,0,0,2026-09-19T05:01:44.399073+00:00
Eredivisie 2026/2027,FC Groningen - PEC Zwolle,2026-09-18T18:00:00+00:00,finished,7,3-0,PEC Zwolle,Dylan Mbayo,M,61,6.5,31,0,0,0.0312,0.125133,1,0,2,16,16,0,0,1,0,2,1,2,4,0,0,0,0,0,0,3,1,3,8,1,0,0,0,0,2,0,2026-09-19T05:01:44.398984+00:00
Eredivisie 2026/2027,FC Groningen - PEC Zwolle,2026-09-18T18:00:00+00:00,finished,7,3-0,PEC Zwolle,Dylan Ruward,D,0,,0,0,0,,,0,0,0,0,0,0,0,0,0,0,0,0,0,0,0,0,0,0,0,0,0,0,0,0,0,0,0,0,0,0,2026-09-19T05:01:44.399119+00:00
Eredivisie 2026/2027,FC Groningen - PEC Zwolle,2026-09-18T18:00:00+00:00,finished,7,3-0,PEC Zwolle,Elias Sørensen,M,62,6.4,45,0,0,,0.122473,0,0,1,29,22,6,3,3,0,2,0,2,4,0,0,1,0,0,0,3,0,1,16,1,1,0,0,0,2,0,2026-09-19T05:01:44.398975+00:00
Eredivisie 2026/2027,FC Groningen - PEC Zwolle,2026-09-18T18:00:00+00:00,finished,7,3-0,FC Groningen,Etienne Vaessen,G,90,7.0,50,0,0,,0.00206085,0,0,0,45,28,25,9,0,0,0,0,0,0,0,0,0,0,2,0,9,0,0,17,0,0,0,0,1,0,1,2026-09-19T05:01:44.399161+00:00
Eredivisie 2026/2027,FC Groningen - PEC Zwolle,2026-09-18T18:00:00+00:00,finished,7,3-0,PEC Zwolle,Gabriel Reiziger,M,29,5.9,23,0,0,0.0702,0.00491401,1,0,0,13,10,0,0,4,0,3,0,0,4,0,1,0,0,0,0,3,0,0,11,0,0,0,0,0,1,0,2026-09-19T05:01:44.398999+00:00
Eredivisie 2026/2027,FC Groningen - PEC Zwolle,2026-09-18T18:00:00+00:00,finished,7,3-0,PEC Zwolle,Gilles van der Wal,M,10,6.7,9,0,0,0.0345,0.00370903,1,0,0,5,5,0,0,1,0,0,0,1,0,0,0,1,0,1,0,0,1,0,1,0,0,0,0,0,0,0,2026-09-19T05:01:44.399055+00:00
Eredivisie 2026/2027,FC Groningen - PEC Zwolle,2026-09-18T18:00:00+00:00,finished,7,3-0,PEC Zwolle,Ibrahim Cissoko,M,28,6.4,13,0,0,,0.00357785,0,0,0,8,4,1,0,0,0,0,0,1,2,0,0,0,0,1,0,1,0,2,6,1,0,0,0,0,1,0,2026-09-19T05:01:44.399016+00:00
Eredivisie 2026/2027,FC Groningen - PEC Zwolle,2026-09-18T18:00:00+00:00,finished,7,3-0,FC Groningen,Jacob Ondrejka,F,66,6.4,23,0,0,,0.0123679,0,0,0,12,11,0,0,0,0,1,0,2,6,0,0,1,0,0,0,2,0,3,6,1,0,0,0,0,0,0,2026-09-19T05:01:44.399225+00:00
Eredivisie 2026/2027,FC Groningen - PEC Zwolle,2026-09-18T18:00:00+00:00,finished,7,3-0,PEC Zwolle,Jadiel Pereira da Gama,M,0,,0,0,0,,,0,0,0,0,0,0,0,0,0,0,0,0,0,0,0,0,0,0,0,0,0,0,0,0,0,0,0,0,0,0,2026-09-19T05:01:44.399145+00:00
Eredivisie 2026/2027,FC Groningen - PEC Zwolle,2026-09-18T18:00:00+00:00,finished,7,3-0,FC Groningen,Jahelille Hall,M,0,,0,0,0,,,0,0,0,0,0,0,0,0,0,0,0,0,0,0,0,0,0,0,0,0,0,0,0,0,0,0,0,0,0,0,2026-09-19T05:01:44.399291+00:00
Eredivisie 2026/2027,FC Groningen - PEC Zwolle,2026-09-18T18:00:00+00:00,finished,7,3-0,PEC Zwolle,Jan Bürger,D,10,7.0,14,0,0,0.0224,0.0271898,1,0,0,9,9,3,3,0,0,0,0,0,0,0,0,0,0,1,0,1,1,0,1,0,0,0,0,0,0,0,2026-09-19T05:01:44.399037+00:00
Eredivisie 2026/2027,FC Groningen - PEC Zwolle,2026-09-18T18:00:00+00:00,finished,7,3-0,PEC Zwolle,Jasper Schendelaar,G,90,6.0,46,0,0,,0.00028986,0,0,0,36,23,17,4,0,0,0,0,0,0,0,0,0,0,0,0,6,0,0,13,0,0,0,0,4,3,0,2026-09-19T05:01:44.398872+00:00
Eredivisie 2026/2027,FC Groningen - PEC Zwolle,2026-09-18T18:00:00+00:00,finished,7,3-0,FC Groningen,Jesper Mosselaar,D,1,,5,0,0,,1.621e-05,0,0,0,2,2,0,0,0,0,0,0,1,0,0,0,1,1,0,0,0,0,0,0,0,0,0,0,0,0,0,2026-09-19T05:01:44.399275+00:00
Eredivisie 2026/2027,FC Groningen - PEC Zwolle,2026-09-18T18:00:00+00:00,finished,7,3-0,FC Groningen,Jismerai Dillema,M,0,,0,0,0,,,0,0,0,0,0,0,0,0,0,0,0,0,0,0,0,0,0,0,0,0,0,0,0,0,0,0,0,0,0,0,2026-09-19T05:01:44.399298+00:00
Eredivisie 2026/2027,FC Groningen - PEC Zwolle,2026-09-18T18:00:00+00:00,finished,7,3-0,FC Groningen,Jorg Schreuders,M,90,8.2,80,1,0,0.0952,0.166955,2,1,0,50,43,4,2,3,1,0,0,6,3,0,0,6,1,4,0,4,1,0,12,0,2,0,0,0,0,0,2026-09-19T05:01:44.399194+00:00
Eredivisie 2026/2027,FC Groningen - PEC Zwolle,2026-09-18T18:00:00+00:00,finished,7,3-0,PEC Zwolle,Koen Kostons,F,80,6.4,35,0,0,0.0638,0.182291,1,1,1,26,19,4,2,0,0,1,1,4,3,3,1,0,0,1,0,5,0,1,11,0,1,1,0,0,3,0,2026-09-19T05:01:44.398968+00:00
Eredivisie 2026/2027,FC Groningen - PEC Zwolle,2026-09-18T18:00:00+00:00,finished,7,3-0,FC Groningen,Lovro Štubljar,G,0,,0,0,0,,,0,0,0,0,0,0,0,0,0,0,0,0,0,0,0,0,0,0,0,0,0,0,0,0,0,0,0,0,0,0,2026-09-19T05:01:44.399314+00:00
Eredivisie 2026/2027,FC Groningen - PEC Zwolle,2026-09-18T18:00:00+00:00,finished,7,3-0,FC Groningen,Marco Rente,D,66,7.4,57,0,0,,0.0155067,0,0,0,49,44,6,5,0,0,0,0,2,2,1,1,1,1,4,0,1,0,0,5,0,0,0,0,0,0,0,2026-09-19T05:01:44.399233+00:00
Eredivisie 2026/2027,FC Groningen - PEC Zwolle,2026-09-18T18:00:00+00:00,finished,7,3-0,FC Groningen,Márk Csinger,D,89,7.4,66,0,0,0.0188,0.0179469,1,0,0,47,41,4,2,0,0,1,0,8,2,2,0,5,3,0,2,3,0,0,10,1,1,0,0,0,0,0,2026-09-19T05:01:44.399202+00:00
Eredivisie 2026/2027,FC Groningen - PEC Zwolle,2026-09-18T18:00:00+00:00,finished,7,3-0,PEC Zwolle,Nick Fichtinger,M,90,6.7,62,0,0,0.0223,0.0314142,1,0,0,46,39,3,0,0,0,0,0,6,5,2,0,4,2,4,3,4,1,0,7,0,4,0,0,0,3,0,2026-09-19T05:01:44.398924+00:00
Eredivisie 2026/2027,FC Groningen - PEC Zwolle,2026-09-18T18:00:00+00:00,finished,7,3-0,PEC Zwolle,Nick Viergever,D,90,6.3,61,0,0,,0.0174385,0,0,0,54,48,5,3,1,0,0,0,1,5,0,2,1,1,1,2,2,0,0,7,0,1,0,0,0,3,0,2026-09-19T05:01:44.398942+00:00
Eredivisie 2026/2027,FC Groningen - PEC Zwolle,2026-09-18T18:00:00+00:00,finished,7,3-0,FC Groningen,Nils Eggens,F,8,6.8,4,0,0,0.0828,0.00093272,1,0,0,3,2,0,0,0,0,0,0,0,0,0,0,0,0,0,0,1,1,0,1,0,0,0,0,0,0,0,2026-09-19T05:01:44.399257+00:00
Eredivisie 2026/2027,FC Groningen - PEC Zwolle,2026-09-18T18:00:00+00:00,finished,7,3-0,PEC Zwolle,Odysseus Velanas,M,0,,0,0,0,,,0,0,0,0,0,0,0,0,0,0,0,0,0,0,0,0,0,0,0,0,0,0,0,0,0,0,0,0,0,0,2026-09-19T05:01:44.399065+00:00
Eredivisie 2026/2027,FC Groningen - PEC Zwolle,2026-09-18T18:00:00+00:00,finished,7,3-0,PEC Zwolle,Olivier Aertssen,D,80,5.9,63,0,0,0.038,0.0163728,1,0,0,33,24,7,3,2,0,5,3,8,9,1,3,3,2,4,3,4,0,1,17,1,1,0,0,0,3,0,2026-09-19T05:01:44.398959+00:00
Eredivisie 2026/2027,FC Groningen - PEC Zwolle,2026-09-18T18:00:00+00:00,finished,7,3-0,FC Groningen,Oskar Zawada,F,0,,0,0,0,,,0,0,0,0,0,0,0,0,0,0,0,0,0,0,0,0,0,0,0,0,0,0,0,0,0,0,0,0,0,0,2026-09-19T05:01:44.399306+00:00
Eredivisie 2026/2027,FC Groningen - PEC Zwolle,2026-09-18T18:00:00+00:00,finished,7,3-0,FC Groningen,Pelle Clement,M,90,7.1,70,0,0,0.1801,0.0782139,1,1,2,56,46,3,1,1,0,0,0,2,3,0,1,1,1,1,1,6,0,1,12,1,0,0,0,0,0,0,2026-09-19T05:01:44.399178+00:00
Eredivisie 2026/2027,FC Groningen - PEC Zwolle,2026-09-18T18:00:00+00:00,finished,7,3-0,PEC Zwolle,Sherel Constancio Floranus,D,90,6.4,65,0,0,,0.0628165,0,0,0,45,40,3,3,1,0,0,0,0,1,0,0,0,0,4,0,4,0,1,9,0,0,1,0,0,3,0,2026-09-19T05:01:44.398935+00:00
Eredivisie 2026/2027,FC Groningen - PEC Zwolle,2026-09-18T18:00:00+00:00,finished,7,3-0,PEC Zwolle,Simon Graves,D,90,6.8,79,0,0,,0.0984644,0,0,0,64,55,5,2,1,0,0,0,8,3,6,1,0,0,8,3,8,0,0,10,2,0,0,0,0,3,0,2026-09-19T05:01:44.398951+00:00
Eredivisie 2026/2027,FC Groningen - PEC Zwolle,2026-09-18T18:00:00+00:00,finished,7,3-0,FC Groningen,Thijmen Blokzijl,D,90,7.3,83,0,0,,0.0333222,0,0,0,75,65,4,1,1,0,0,0,3,2,2,2,1,0,3,0,3,0,0,12,0,0,0,0,0,0,0,2026-09-19T05:01:44.399153+00:00
Eredivisie 2026/2027,FC Groningen - PEC Zwolle,2026-09-18T18:00:00+00:00,finished,7,3-0,PEC Zwolle,Thijs Oosting,M,61,6.3,34,0,0,0.0846,0.138775,1,0,1,22,21,0,0,0,0,1,0,2,4,0,0,2,2,0,0,1,1,1,4,0,2,0,0,0,2,0,2026-09-19T05:01:44.398991+00:00
Eredivisie 2026/2027,FC Groningen - PEC Zwolle,2026-09-18T18:00:00+00:00,finished,7,3-0,FC Groningen,Thom van Bergen,F,90,8.8,48,1,0,0.4041,0.134473,5,3,3,23,20,2,2,0,0,7,5,8,5,0,2,1,0,0,0,6,2,1,11,2,0,0,0,0,0,0,2026-09-19T05:01:44.399170+00:00
Eredivisie 2026/2027,FC Groningen - PEC Zwolle,2026-09-18T18:00:00+00:00,finished,7,3-0,PEC Zwolle,Tijs Velthuis,D,0,,0,0,0,,,0,0,0,0,0,0,0,0,0,0,0,0,0,0,0,0,0,0,0,0,0,0,0,0,0,0,0,0,0,0,2026-09-19T05:01:44.399136+00:00
Eredivisie 2026/2027,FC Groningen - PEC Zwolle,2026-09-18T18:00:00+00:00,finished,7,3-0,FC Groningen,Tika de Jonge,M,90,7.6,65,0,0,0.0979,0.11104,2,0,2,46,38,4,3,2,0,0,0,3,1,1,0,1,1,8,0,6,2,1,12,1,0,0,0,0,0,0,2026-09-19T05:01:44.399186+00:00
Eredivisie 2026/2027,FC Groningen - PEC Zwolle,2026-09-18T18:00:00+00:00,finished,7,3-0,PEC Zwolle,Tobias Sommer,M,90,6.0,68,0,0,0.0603,0.0678988,1,0,2,39,31,2,1,9,1,1,0,2,6,0,1,2,2,2,3,4,1,3,22,0,1,0,0,0,3,0,2026-09-19T05:01:44.398913+00:00
Eredivisie 2026/2027,FC Groningen - PEC Zwolle,2026-09-18T18:00:00+00:00,finished,7,3-0,PEC Zwolle,Tom de Graaff,G,0,,0,0,0,,,0,0,0,0,0,0,0,0,0,0,0,0,0,0,0,0,0,0,0,0,0,0,0,0,0,0,0,0,0,0,2026-09-19T05:01:44.399081+00:00
Eredivisie 2026/2027,FC Groningen - PEC Zwolle,2026-09-18T18:00:00+00:00,finished,7,3-0,FC Groningen,Tygo Land,M,24,8.1,22,1,0,0.0859,0.0758292,1,1,1,16,15,3,2,1,1,0,0,1,0,0,0,1,0,0,0,1,0,0,2,0,0,0,0,0,0,0,2026-09-19T05:01:44.399241+00:00
Eredivisie 2026/2027,ADO Den Haag - SC Cambuur,2026-09-19T14:30:00+00:00,finished,7,1-1,ADO Den Haag,,,69,6.3,50,0,0,0.0633,0.0402322,1,0,2,30,20,4,2,0,0,0,0,1,3,0,2,1,0,2,0,5,0,0,17,0,1,0,0,0,1,0,2026-09-20T05:01:45.436086+00:00
Eredivisie 2026/2027,ADO Den Haag - SC Cambuur,2026-09-19T14:30:00+00:00,finished,7,1-1,SC Cambuur,,,90,6.9,54,0,0,,0.0104994,0,0,2,40,28,10,2,0,0,0,0,3,6,0,1,3,3,3,1,2,0,0,13,0,2,0,0,0,1,0,2026-09-20T05:01:45.436226+00:00
Eredivisie 2026/2027,ADO Den Haag - SC Cambuur,2026-09-19T14:30:00+00:00,finished,7,1-1,SC Cambuur,,,0,,0,0,0,,,0,0,0,0,0,0,0,0,0,0,0,0,0,0,0,0,0,0,0,0,0,0,0,0,0,0,0,0,0,0,2026-09-20T05:01:45.436304+00:00
Eredivisie 2026/2027,ADO Den Haag - SC Cambuur,2026-09-19T14:30:00+00:00,finished,7,1-1,SC Cambuur,,,0,,0,0,0,,,0,0,0,0,0,0,0,0,0,0,0,0,0,0,0,0,0,0,0,0,0,0,0,0,0,0,0,0,0,0,2026-09-20T05:01:45.436327+00:00
Eredivisie 2026/2027,ADO Den Haag - SC Cambuur,2026-09-19T14:30:00+00:00,finished,7,1-1,SC Cambuur,Damian Westerhof,M,0,,0,0,0,,,0,0,0,0,0,0,0,0,0,0,0,0,0,0,0,0,0,0,0,0,0,0,0,0,0,0,0,0,0,0,2026-09-20T05:01:45.436309+00:00
Eredivisie 2026/2027,ADO Den Haag - SC Cambuur,2026-09-19T14:30:00+00:00,finished,7,1-1,ADO Den Haag,Daryl van Mieghem,M,62,7.2,39,0,0,0.0503,0.0287742,1,1,0,21,14,6,4,4,1,0,0,3,0,0,0,0,0,0,2,6,0,0,11,3,0,0,0,0,1,0,2026-09-20T05:01:45.436135+00:00
Eredivisie 2026/2027,ADO Den Haag - SC Cambuur,2026-09-19T14:30:00+00:00,finished,7,1-1,SC Cambuur,Devid Bouah,M,83,7.2,34,0,0,,0.0155936,0,0,0,15,11,4,2,0,0,0,0,5,2,0,0,2,1,3,2,5,0,1,8,3,1,0,0,0,1,0,2026-09-20T05:01:45.436248+00:00
Eredivisie 2026/2027,ADO Den Haag - SC Cambuur,2026-09-19T14:30:00+00:00,finished,7,1-1,ADO Den Haag,Donát Bárány,F,21,7.3,10,1,0,0.267,9.322e-05,2,1,0,4,2,0,0,0,0,0,0,1,3,0,1,0,0,0,0,0,1,1,3,1,1,0,0,0,0,0,2026-09-20T05:01:45.436158+00:00
Eredivisie 2026/2027,ADO Den Haag - SC Cambuur,2026-09-19T14:30:00+00:00,finished,7,1-1,SC Cambuur,Ethan Apkakou,M,11,6.7,7,0,0,,0.00063452,0,0,0,4,4,0,0,0,0,0,0,0,0,0,0,0,0,1,1,1,0,0,0,0,0,0,0,0,0,0,2026-09-20T05:01:45.436293+00:00
Eredivisie 2026/2027,ADO Den Haag - SC Cambuur,2026-09-19T14:30:00+00:00,finished,7,1-1,ADO Den Haag,Evan Rottier,F,90,6.6,29,0,0,0.2633,0.0445652,2,0,0,18,12,3,2,1,0,1,1,2,2,0,0,0,0,0,0,1,1,0,11,1,2,0,0,0,1,0,2026-09-20T05:01:45.436015+00:00
Eredivisie 2026/2027,ADO Den Haag - SC Cambuur,2026-09-19T14:30:00+00:00,finished,7,1-1,SC Cambuur,Fabian Kvam,M,73,7.4,27,1,0,0.0573,0.0177273,1,1,0,13,9,2,1,2,0,2,0,1,4,0,0,0,0,0,1,2,0,1,11,1,0,0,0,0,0,0,2026-09-20T05:01:45.436253+00:00
Eredivisie 2026/2027,ADO Den Haag - SC Cambuur,2026-09-19T14:30:00+00:00,finished,7,1-1,ADO Den Haag,Finn de Bruin,M,0,,0,0,0,,,0,0,0,0,0,0,0,0,0,0,0,0,0,0,0,0,0,0,0,0,0,0,0,0,0,0,0,0,0,0,2026-09-20T05:01:45.436210+00:00
Eredivisie 2026/2027,ADO Den Haag - SC Cambuur,2026-09-19T14:30:00+00:00,finished,7,1-1,ADO Den Haag,Illaijh de Ruijter,D,0,,0,0,0,,,0,0,0,0,0,0,0,0,0,0,0,0,0,0,0,0,0,0,0,0,0,0,0,0,0,0,0,0,0,0,2026-09-20T05:01:45.436192+00:00
Eredivisie 2026/2027,ADO Den Haag - SC Cambuur,2026-09-19T14:30:00+00:00,finished,7,1-1,SC Cambuur,Ilyes Hamache,M,73,6.9,33,0,0,0.0788,0.0538255,1,1,1,23,14,1,1,0,0,2,1,4,4,1,1,0,0,0,0,4,0,2,12,2,0,0,0,0,0,0,2026-09-20T05:01:45.436263+00:00
Eredivisie 2026/2027,ADO Den Haag - SC Cambuur,2026-09-19T14:30:00+00:00,finished,7,1-1,SC Cambuur,Ismaël Baouf,D,90,6.8,38,0,0,,0.00225563,0,0,0,20,17,3,1,0,0,1,1,5,2,2,0,1,1,8,3,2,0,0,4,1,2,0,0,0,1,0,2026-09-20T05:01:45.436221+00:00
Eredivisie 2026/2027,ADO Den Haag - SC Cambuur,2026-09-19T14:30:00+00:00,finished,7,1-1,SC Cambuur,Iwan Henstra,F,17,6.9,10,0,0,0.1218,0.0273768,2,0,1,4,2,0,0,0,0,1,1,3,0,0,0,1,1,0,0,0,2,0,2,1,0,0,0,0,1,0,2026-09-20T05:01:45.436288+00:00
Eredivisie 2026/2027,ADO Den Haag - SC Cambuur,2026-09-19T14:30:00+00:00,finished,7,1-1,ADO Den Haag,Jalen Hawkins,M,69,7.6,20,0,0,,0.604287,0,0,5,11,8,1,0,5,3,1,0,2,2,0,0,1,1,0,0,2,0,0,6,1,0,0,0,0,1,0,2026-09-20T05:01:45.436093+00:00
Eredivisie 2026/2027,ADO Den Haag - SC Cambuur,2026-09-19T14:30:00+00:00,finished,7,1-1,SC Cambuur,Jamal Amofa,D,17,6.4,7,0,0,,0.0177314,0,0,0,2,2,0,0,0,0,0,0,3,1,0,0,0,0,0,0,0,0,0,1,3,1,0,0,0,1,0,2026-09-20T05:01:45.436283+00:00
Eredivisie 2026/2027,ADO Den Haag - SC Cambuur,2026-09-19T14:30:00+00:00,finished,7,1-1,ADO Den Haag,Jan Žambůrek,M,0,,0,0,0,,,0,0,0,0,0,0,0,0,0,0,0,0,0,0,0,0,0,0,0,0,0,0,0,0,0,0,0,0,0,0,2026-09-20T05:01:45.436204+00:00
Eredivisie 2026/2027,ADO Den Haag - SC Cambuur,2026-09-19T14:30:00+00:00,finished,7,1-1,SC Cambuur,Jasper Meijster,G,0,,0,0,0,,,0,0,0,0,0,0,0,0,0,0,0,0,0,0,0,0,0,0,0,0,0,0,0,0,0,0,0,0,0,0,2026-09-20T05:01:45.436299+00:00
Eredivisie 2026/2027,ADO Den Haag - SC Cambuur,2026-09-19T14:30:00+00:00,finished,7,1-1,ADO Den Haag,Jesse Bal,F,21,6.3,13,0,0,0.0975,0.00074166,1,0,0,7,5,0,0,0,0,0,0,0,3,0,0,0,0,0,0,1,1,1,4,0,2,0,0,0,0,0,2026-09-20T05:01:45.436153+00:00
Eredivisie 2026/2027,ADO Den Haag - SC Cambuur,2026-09-19T14:30:00+00:00,finished,7,1-1,SC Cambuur,Jorn Berkhout,D,0,,0,0,0,,,0,0,0,0,0,0,0,0,0,0,0,0,0,0,0,0,0,0,0,0,0,0,0,0,0,0,0,0,0,0,2026-09-20T05:01:45.436318+00:00
Eredivisie 2026/2027,ADO Den Haag - SC Cambuur,2026-09-19T14:30:00+00:00,finished,7,1-1,ADO Den Haag,Juho Kilo,M,90,7.2,76,0,0,,0.357643,0,0,1,60,49,9,5,3,1,0,0,2,6,0,1,2,0,2,1,3,0,1,14,0,4,0,0,0,1,0,2026-09-20T05:01:45.436058+00:00
Eredivisie 2026/2027,ADO Den Haag - SC Cambuur,2026-09-19T14:30:00+00:00,finished,7,1-1,ADO Den Haag,Kilian Nikièma,G,90,6.6,57,0,0,,0.031964,0,0,1,45,30,21,7,0,0,0,0,0,0,0,0,0,0,2,0,11,0,0,15,0,0,0,0,2,1,0,2026-09-20T05:01:45.436064+00:00
Eredivisie 2026/2027,ADO Den Haag - SC Cambuur,2026-09-19T14:30:00+00:00,finished,7,1-1,ADO Den Haag,Lasse Wilhelm,D,0,,0,0,0,,,0,0,0,0,0,0,0,0,0,0,0,0,0,0,0,0,0,0,0,0,0,0,0,0,0,0,0,0,0,0,2026-09-20T05:01:45.436178+00:00
Eredivisie 2026/2027,ADO Den Haag - SC Cambuur,2026-09-19T14:30:00+00:00,finished,7,1-1,SC Cambuur,Lucas Jetten,D,0,,0,0,0,,,0,0,0,0,0,0,0,0,0,0,0,0,0,0,0,0,0,0,0,0,0,0,0,0,0,0,0,0,0,0,2026-09-20T05:01:45.436314+00:00
Eredivisie 2026/2027,ADO Den Haag - SC Cambuur,2026-09-19T14:30:00+00:00,finished,7,1-1,SC Cambuur,Mathieu Maertens,F,73,6.9,38,0,0,,0.00291843,0,0,0,20,14,3,2,0,0,1,0,10,10,2,1,3,2,1,1,6,0,3,10,5,4,1,0,0,0,0,2026-09-20T05:01:45.436259+00:00
Eredivisie 2026/2027,ADO Den Haag - SC Cambuur,2026-09-19T14:30:00+00:00,finished,7,1-1,ADO Den Haag,Matteo Waem,D,90,6.5,81,0,0,,0.00514729,0,0,0,64,57,6,1,0,0,0,0,1,2,0,1,0,0,4,4,6,0,0,9,1,1,1,0,0,1,0,2026-09-20T05:01:45.436052+00:00
Eredivisie 2026/2027,ADO Den Haag - SC Cambuur,2026-09-19T14:30:00+00:00,finished,7,1-1,ADO Den Haag,Matěj Šín,M,69,7.1,38,0,0,0.1124,0.18904,3,2,1,21,14,4,1,1,0,3,3,10,10,2,1,3,3,0,0,3,1,2,11,2,5,0,0,0,1,0,2026-09-20T05:01:45.436125+00:00
Eredivisie 2026/2027,ADO Den Haag - SC Cambuur,2026-09-19T14:30:00+00:00,finished,7,1-1,ADO Den Haag,Milan Hokke,D,81,6.9,66,0,0,0.0097,0.0543584,1,0,0,43,30,10,4,4,0,1,0,6,1,1,0,5,2,1,1,2,0,0,18,0,0,0,0,0,1,0,2026-09-20T05:01:45.436081+00:00
Eredivisie 2026/2027,ADO Den Haag - SC Cambuur,2026-09-19T14:30:00+00:00,finished,7,1-1,SC Cambuur,Morgan Costarelli,D,90,6.3,51,0,0,,0.0104735,0,0,0,34,24,10,4,1,0,0,0,1,2,0,0,1,1,1,1,1,0,0,15,0,2,0,0,0,1,0,2026-09-20T05:01:45.436232+00:00
Eredivisie 2026/2027,ADO Den Haag - SC Cambuur,2026-09-19T14:30:00+00:00,finished,7,1-1,SC Cambuur,Nicky Souren,M,90,6.7,36,0,0,,0.0164561,0,0,0,27,20,2,2,0,0,1,1,4,2,0,2,2,1,0,1,4,0,0,7,1,0,0,0,0,1,0,2026-09-20T05:01:45.436238+00:00
Eredivisie 2026/2027,ADO Den Haag - SC Cambuur,2026-09-19T14:30:00+00:00,finished,7,1-1,ADO Den Haag,Niclas Thiede,G,0,,0,0,0,,,0,0,0,0,0,0,0,0,0,0,0,0,0,0,0,0,0,0,0,0,0,0,0,0,0,0,0,0,0,0,2026-09-20T05:01:45.436174+00:00
Eredivisie 2026/2027,ADO Den Haag - SC Cambuur,2026-09-19T14:30:00+00:00,finished,7,1-1,ADO Den Haag,Nigel Thomas,F,28,6.4,6,0,0,,0.129719,0,0,1,2,2,0,0,1,1,2,0,0,3,0,0,0,0,0,0,1,0,0,2,0,2,1,0,0,0,0,2026-09-20T05:01:45.436141+00:00
Eredivisie 2026/2027,ADO Den Haag - SC Cambuur,2026-09-19T14:30:00+00:00,finished,7,1-1,ADO Den Haag,Othniël Raterink,D,21,6.9,24,0,0,0.0526,0.0135464,1,0,0,17,14,1,0,0,0,0,0,3,0,2,0,1,1,1,0,2,1,0,3,0,0,0,0,0,0,0,2026-09-20T05:01:45.436147+00:00
Eredivisie 2026/2027,ADO Den Haag - SC Cambuur,2026-09-19T14:30:00+00:00,finished,7,1-1,ADO Den Haag,Pascal Mulder,D,90,6.9,89,0,0,,0.0843506,0,0,1,74,68,5,4,0,0,0,0,5,7,3,4,2,1,5,4,3,0,0,7,0,2,0,0,0,1,0,2026-09-20T05:01:45.436075+00:00
Eredivisie 2026/2027,ADO Den Haag - SC Cambuur,2026-09-19T14:30:00+00:00,finished,7,1-1,SC Cambuur,Rafik El Arguioui,M,90,7.0,36,0,0,0.2186,0.0159303,4,1,0,11,5,3,1,4,0,1,1,8,4,4,1,2,1,4,0,0,3,2,16,1,0,0,0,0,1,0,2026-09-20T05:01:45.436243+00:00
Eredivisie 2026/2027,ADO Den Haag - SC Cambuur,2026-09-19T14:30:00+00:00,finished,7,1-1,SC Cambuur,Rik Mulders,D,0,,0,0,0,,,0,0,0,0,0,0,0,0,0,0,0,0,0,0,0,0,0,0,0,0,0,0,0,0,0,0,0,0,0,0,2026-09-20T05:01:45.436323+00:00
Eredivisie 2026/2027,ADO Den Haag - SC Cambuur,2026-09-19T14:30:00+00:00,finished,7,1-1,SC Cambuur,Sami Bouhoudane,F,58,6.3,22,0,1,,0.063421,0,0,1,17,11,0,0,0,0,1,0,1,3,1,1,0,0,0,0,0,0,0,8,0,1,0,0,0,0,0,2026-09-20T05:01:45.436268+00:00
Eredivisie 2026/2027,ADO Den Haag - SC Cambuur,2026-09-19T14:30:00+00:00,finished,7,1-1,ADO Den Haag,Sekou Sylla,D,9,6.5,11,0,0,,0.00199348,0,0,0,8,4,3,0,0,0,0,0,1,1,0,1,0,0,0,0,1,0,0,4,1,0,0,0,0,0,0,2026-09-20T05:01:45.436163+00:00
Eredivisie 2026/2027,ADO Den Haag - SC Cambuur,2026-09-19T14:30:00+00:00,finished,7,1-1,ADO Den Haag,Sem Eekhout,G,0,,0,0,0,,,0,0,0,0,0,0,0,0,0,0,0,0,0,0,0,0,0,0,0,0,0,0,0,0,0,0,0,0,0,0,2026-09-20T05:01:45.436168+00:00
Eredivisie 2026/2027,ADO Den Haag - SC Cambuur,2026-09-19T14:30:00+00:00,finished,7,1-1,SC Cambuur,Skye Vink,F,17,6.5,5,0,0,,0.00171841,0,0,0,4,2,0,0,0,0,0,0,1,1,1,1,0,0,0,0,0,0,0,2,0,0,0,0,0,1,0,2026-09-20T05:01:45.436278+00:00
Eredivisie 2026/2027,ADO Den Haag - SC Cambuur,2026-09-19T14:30:00+00:00,finished,7,1-1,SC Cambuur,Thijs Jansen,G,90,7.5,64,0,0,,0.00257959,0,0,0,40,20,28,8,0,0,1,1,3,0,1,0,0,0,7,0,15,0,0,22,1,0,0,0,5,1,1,2026-09-20T05:01:45.436216+00:00
Eredivisie 2026/2027,ADO Den Haag - SC Cambuur,2026-09-19T14:30:00+00:00,finished,7,1-1,SC Cambuur,Wiebe Kooistra,F,32,6.5,19,0,0,,0.00419455,0,0,0,5,2,1,0,0,0,2,0,3,3,1,1,1,0,1,0,1,0,0,10,1,0,1,0,0,1,0,2026-09-20T05:01:45.436273+00:00
Eredivisie 2026/2027,ADO Den Haag - SC Cambuur,2026-09-19T14:30:00+00:00,finished,7,1-1,ADO Den Haag,Yannick Eduardo,F,90,6.0,41,0,1,1.1581,0.094171,6,2,1,12,9,1,0,1,0,4,2,7,11,1,2,1,1,0,0,5,2,4,13,3,2,0,0,0,1,0,2026-09-20T05:01:45.436069+00:00
Eredivisie 2026/2027,Sparta Rotterdam - SC Heerenveen,2026-09-19T16:45:00+00:00,finished,7,0-4,SC Heerenveen,,,10,6.2,7,0,0,,3.94e-05,0,0,0,2,1,0,0,0,0,0,0,0,3,0,3,0,0,0,1,0,0,0,2,0,0,0,0,0,0,0,2026-09-20T05:01:45.563462+00:00
Eredivisie 2026/2027,Sparta Rotterdam - SC Heerenveen,2026-09-19T16:45:00+00:00,finished,7,0-4,SC Heerenveen,,,9,6.7,4,0,0,,0.00033916,0,0,0,2,2,0,0,0,0,0,0,2,0,0,0,0,0,0,0,0,0,0,0,2,0,0,0,0,0,0,2026-09-20T05:01:45.563472+00:00
Eredivisie 2026/2027,Sparta Rotterdam - SC Heerenveen,2026-09-19T16:45:00+00:00,finished,7,0-4,Sparta Rotterdam,,,62,6.3,33,0,0,,0.0572108,0,0,0,26,19,2,1,0,0,1,1,2,3,1,0,0,0,0,1,4,0,2,9,0,1,0,0,0,3,0,2026-09-20T05:01:45.563647+00:00
Eredivisie 2026/2027,Sparta Rotterdam - SC Heerenveen,2026-09-19T16:45:00+00:00,finished,7,0-4,Sparta Rotterdam,Alwande Roaldsoy,M,0,,0,0,0,,,0,0,0,0,0,0,0,0,0,0,0,0,0,0,0,0,0,0,0,0,0,0,0,0,0,0,0,0,0,0,2026-09-20T05:01:45.563746+00:00
Eredivisie 2026/2027,Sparta Rotterdam - SC Heerenveen,2026-09-19T16:45:00+00:00,finished,7,0-4,Sparta Rotterdam,Andrej Kostić,F,28,6.4,17,0,0,0.0554,0.122573,2,0,0,5,5,0,0,0,0,1,0,1,3,0,0,0,0,0,0,2,0,2,6,1,0,0,0,0,1,0,2026-09-20T05:01:45.563655+00:00
Eredivisie 2026/2027,Sparta Rotterdam - SC Heerenveen,2026-09-19T16:45:00+00:00,finished,7,0-4,SC Heerenveen,Andries Noppert,G,0,,0,0,0,,,0,0,0,0,0,0,0,0,0,0,0,0,0,0,0,0,0,0,0,0,0,0,0,0,0,0,0,0,0,0,2026-09-20T05:01:45.563508+00:00
Eredivisie 2026/2027,Sparta Rotterdam - SC Heerenveen,2026-09-19T16:45:00+00:00,finished,7,0-4,Sparta Rotterdam,Bas Kuipers,D,90,5.6,45,0,0,0.1084,0.054669,2,0,1,29,26,1,1,3,0,1,0,1,2,0,1,1,1,3,0,1,2,0,9,0,0,0,0,0,4,0,2026-09-20T05:01:45.563572+00:00
Eredivisie 2026/2027,Sparta Rotterdam - SC Heerenveen,2026-09-19T16:45:00+00:00,finished,7,0-4,SC Heerenveen,Bernt Klaverboer,G,90,6.5,26,0,0,,0.00026016,0,0,0,20,11,10,2,0,0,0,0,0,0,0,0,0,0,1,0,4,0,0,9,0,0,0,0,0,0,0,2026-09-20T05:01:45.563296+00:00
Eredivisie 2026/2027,Sparta Rotterdam - SC Heerenveen,2026-09-19T16:45:00+00:00,finished,7,0-4,Sparta Rotterdam,Boyd Reith,D,18,6.1,13,0,0,,0.0022607,0,0,0,9,6,0,0,1,0,0,0,0,2,0,0,0,0,2,0,2,0,0,4,0,1,0,0,0,1,0,2026-09-20T05:01:45.563696+00:00
Eredivisie 2026/2027,Sparta Rotterdam - SC Heerenveen,2026-09-19T16:45:00+00:00,finished,7,0-4,Sparta Rotterdam,Bruno Martins Indi,D,62,5.8,45,0,0,,0.00392159,0,0,0,38,32,4,0,0,0,0,0,1,4,1,1,0,0,1,0,4,0,1,8,0,2,0,0,0,3,0,2026-09-20T05:01:45.563633+00:00
Eredivisie 2026/2027,Sparta Rotterdam - SC Heerenveen,2026-09-19T16:45:00+00:00,finished,7,0-4,Sparta Rotterdam,Casper Terho,F,90,6.1,38,0,0,0.3073,0.0394101,2,0,2,19,16,2,2,5,1,2,0,2,7,0,0,1,0,0,1,1,1,1,12,1,0,0,0,0,4,0,2026-09-20T05:01:45.563549+00:00
Eredivisie 2026/2027,Sparta Rotterdam - SC Heerenveen,2026-09-19T16:45:00+00:00,finished,7,0-4,Sparta Rotterdam,Cedric Hatenboer,M,90,7.0,82,0,0,0.042,0.130899,1,0,0,60,46,5,1,1,0,1,0,8,4,1,1,5,4,0,2,6,1,0,20,2,0,0,0,0,4,0,2026-09-20T05:01:45.563578+00:00
Eredivisie 2026/2027,Sparta Rotterdam - SC Heerenveen,2026-09-19T16:45:00+00:00,finished,7,0-4,SC Heerenveen,Darling Bladi,D,0,,0,0,0,,,0,0,0,0,0,0,0,0,0,0,0,0,0,0,0,0,0,0,0,0,0,0,0,0,0,0,0,0,0,0,2026-09-20T05:01:45.563535+00:00
Eredivisie 2026/2027,Sparta Rotterdam - SC Heerenveen,2026-09-19T16:45:00+00:00,finished,7,0-4,SC Heerenveen,Dylan Vente,F,80,6.9,32,0,0,0.3017,0.0691536,3,0,2,23,20,0,0,1,0,0,0,5,1,4,1,0,0,4,0,0,0,0,4,1,0,0,0,0,0,0,2026-09-20T05:01:45.563413+00:00
Eredivisie 2026/2027,Sparta Rotterdam - SC Heerenveen,2026-09-19T16:45:00+00:00,finished,7,0-4,Sparta Rotterdam,Filip Bednarek,G,0,,0,0,0,,,0,0,0,0,0,0,0,0,0,0,0,0,0,0,0,0,0,0,0,0,0,0,0,0,0,0,0,0,0,0,2026-09-20T05:01:45.563711+00:00
Eredivisie 2026/2027,Sparta Rotterdam - SC Heerenveen,2026-09-19T16:45:00+00:00,finished,7,0-4,Sparta Rotterdam,Giannino Vianello,D,0,,0,0,0,,,0,0,0,0,0,0,0,0,0,0,0,0,0,0,0,0,0,0,0,0,0,0,0,0,0,0,0,0,0,0,2026-09-20T05:01:45.563725+00:00
Eredivisie 2026/2027,Sparta Rotterdam - SC Heerenveen,2026-09-19T16:45:00+00:00,finished,7,0-4,SC Heerenveen,Hristiyan Petrov,D,0,,0,0,0,,,0,0,0,0,0,0,0,0,0,0,0,0,0,0,0,0,0,0,0,0,0,0,0,0,0,0,0,0,0,0,2026-09-20T05:01:45.563541+00:00
Eredivisie 2026/2027,Sparta Rotterdam - SC Heerenveen,2026-09-19T16:45:00+00:00,finished,7,0-4,SC Heerenveen,Jacob Trenskow,M,73,7.6,47,1,0,0.1061,0.081575,3,1,3,29,23,1,1,2,1,1,1,2,3,0,0,1,0,0,2,4,2,3,13,0,0,0,0,0,0,0,2026-09-20T05:01:45.563427+00:00
Eredivisie 2026/2027,Sparta Rotterdam - SC Heerenveen,2026-09-19T16:45:00+00:00,finished,7,0-4,Sparta Rotterdam,Jens Toornstra,M,0,,0,0,0,,,0,0,0,0,0,0,0,0,0,0,0,0,0,0,0,0,0,0,0,0,0,0,0,0,0,0,0,0,0,0,2026-09-20T05:01:45.563733+00:00
Eredivisie 2026/2027,Sparta Rotterdam - SC Heerenveen,2026-09-19T16:45:00+00:00,finished,7,0-4,SC Heerenveen,Jimte Scholten,D,0,,0,0,0,,,0,0,0,0,0,0,0,0,0,0,0,0,0,0,0,0,0,0,0,0,0,0,0,0,0,0,0,0,0,0,2026-09-20T05:01:45.563528+00:00
Eredivisie 2026/2027,Sparta Rotterdam - SC Heerenveen,2026-09-19T16:45:00+00:00,finished,7,0-4,Sparta Rotterdam,Joel Ideho,M,62,6.0,44,0,0,0.0283,0.125336,1,0,1,26,19,4,0,3,1,2,2,4,4,0,1,2,2,0,1,2,0,2,12,0,0,0,0,0,3,0,2026-09-20T05:01:45.563625+00:00
Eredivisie 2026/2027,Sparta Rotterdam - SC Heerenveen,2026-09-19T16:45:00+00:00,finished,7,0-4,Sparta Rotterdam,Julian Baas,M,62,6.5,36,0,0,,0.0353373,0,0,0,30,25,1,1,1,0,0,0,3,1,2,0,1,1,0,3,2,0,0,6,0,1,1,0,0,3,0,2026-09-20T05:01:45.563640+00:00
Eredivisie 2026/2027,Sparta Rotterdam - SC Heerenveen,2026-09-19T16:45:00+00:00,finished,7,0-4,SC Heerenveen,Lanroy Machine,F,0,,0,0,0,,,0,0,0,0,0,0,0,0,0,0,0,0,0,0,0,0,0,0,0,0,0,0,0,0,0,0,0,0,0,0,2026-09-20T05:01:45.563493+00:00
Eredivisie 2026/2027,Sparta Rotterdam - SC Heerenveen,2026-09-19T16:45:00+00:00,finished,7,0-4,SC Heerenveen,Levi Smans,M,73,7.6,53,0,2,0.1146,0.544894,3,1,5,31,29,3,2,2,1,5,2,7,10,0,2,2,0,0,1,6,1,1,10,3,3,0,0,0,0,0,2026-09-20T05:01:45.563434+00:00
Eredivisie 2026/2027,Sparta Rotterdam - SC Heerenveen,2026-09-19T16:45:00+00:00,finished,7,0-4,SC Heerenveen,Luca Oyen,M,17,6.8,18,0,1,,0.0172971,0,0,1,15,15,2,2,0,0,0,0,1,2,0,0,0,0,0,0,2,0,1,1,1,1,0,0,0,0,0,2026-09-20T05:01:45.563448+00:00
Eredivisie 2026/2027,Sparta Rotterdam - SC Heerenveen,2026-09-19T16:45:00+00:00,finished,7,0-4,Sparta Rotterdam,Lushendry Edward Martes,D,72,6.5,44,0,0,,0.0437579,0,0,0,25,22,4,3,1,0,0,0,5,3,0,1,4,2,3,0,1,0,0,5,1,1,0,0,0,3,0,2026-09-20T05:01:45.563616+00:00
Eredivisie 2026/2027,Sparta Rotterdam - SC Heerenveen,2026-09-19T16:45:00+00:00,finished,7,0-4,SC Heerenveen,Maas Willemsen,D,90,7.9,87,0,0,,0.0138743,0,0,1,72,64,8,4,0,0,1,1,8,1,2,0,5,2,4,2,3,0,0,9,0,1,0,0,0,0,0,2026-09-20T05:01:45.563375+00:00
Eredivisie 2026/2027,Sparta Rotterdam - SC Heerenveen,2026-09-19T16:45:00+00:00,finished,7,0-4,SC Heerenveen,Marcus Linday,M,80,7.2,76,0,0,,0.0191287,0,0,0,61,56,3,2,0,0,5,3,5,4,1,0,1,0,3,2,7,0,0,8,0,2,0,0,0,0,0,2026-09-20T05:01:45.563420+00:00
Eredivisie 2026/2027,Sparta Rotterdam - SC Heerenveen,2026-09-19T16:45:00+00:00,finished,7,0-4,SC Heerenveen,Marko Farji,M,17,8.1,15,1,0,0.1268,0.0287565,2,1,0,8,7,1,1,2,0,1,1,3,0,0,0,1,1,0,0,3,0,0,3,1,0,0,0,0,0,0,2026-09-20T05:01:45.563441+00:00
Eredivisie 2026/2027,Sparta Rotterdam - SC Heerenveen,2026-09-19T16:45:00+00:00,finished,7,0-4,Sparta Rotterdam,Marvin Young,D,90,6.5,66,0,0,,0.0863773,0,0,2,58,55,3,2,0,0,1,0,2,4,0,1,0,0,2,1,2,0,0,5,2,2,1,0,0,4,0,2026-09-20T05:01:45.563565+00:00
Eredivisie 2026/2027,Sparta Rotterdam - SC Heerenveen,2026-09-19T16:45:00+00:00,finished,7,0-4,SC Heerenveen,Maxence Rivera,M,90,8.4,49,1,1,0.3479,0.0763664,7,3,2,29,23,2,1,1,0,3,1,3,5,1,1,0,0,1,0,1,2,1,14,1,1,0,0,0,0,0,2026-09-20T05:01:45.563336+00:00
Eredivisie 2026/2027,Sparta Rotterdam - SC Heerenveen,2026-09-19T16:45:00+00:00,finished,7,0-4,Sparta Rotterdam,Michael Brouwer,G,90,7.1,40,0,0,,0.00459152,0,0,0,29,19,18,8,0,0,0,0,1,0,0,0,0,0,2,0,7,0,0,10,1,0,0,0,5,4,1,2026-09-20T05:01:45.563557+00:00
Eredivisie 2026/2027,Sparta Rotterdam - SC Heerenveen,2026-09-19T16:45:00+00:00,finished,7,0-4,Sparta Rotterdam,Milan Zonneveld,F,90,6.5,34,0,0,0.0514,0.254097,1,0,4,19,16,0,0,1,0,2,1,3,12,2,4,0,0,0,0,4,0,3,13,0,2,0,0,0,4,0,2026-09-20T05:01:45.563603+00:00
Eredivisie 2026/2027,Sparta Rotterdam - SC Heerenveen,2026-09-19T16:45:00+00:00,finished,7,0-4,Sparta Rotterdam,Nick Verschuren,D,28,6.5,22,0,0,,0.00509891,0,0,0,18,15,0,0,0,0,0,0,2,1,2,1,0,0,4,0,1,0,0,3,0,0,0,0,0,1,0,2026-09-20T05:01:45.563663+00:00
Eredivisie 2026/2027,Sparta Rotterdam - SC Heerenveen,2026-09-19T16:45:00+00:00,finished,7,0-4,SC Heerenveen,Nolhan Courtens,M,85,8.2,43,1,0,0.7132,0.0300536,3,2,2,36,32,3,2,0,0,0,0,2,3,0,2,1,1,0,1,2,0,0,4,1,1,0,0,0,0,0,2026-09-20T05:01:45.563403+00:00
Eredivisie 2026/2027,Sparta Rotterdam - SC Heerenveen,2026-09-19T16:45:00+00:00,finished,7,0-4,SC Heerenveen,Oliver Braude,D,90,8.1,88,0,0,0.0365,0.050947,1,0,2,61,51,10,7,3,0,0,0,5,2,1,0,3,2,2,3,7,0,0,16,1,0,0,0,0,0,0,2026-09-20T05:01:45.563395+00:00
Eredivisie 2026/2027,Sparta Rotterdam - SC Heerenveen,2026-09-19T16:45:00+00:00,finished,7,0-4,Sparta Rotterdam,Pascal Kuiper,G,0,,0,0,0,,,0,0,0,0,0,0,0,0,0,0,0,0,0,0,0,0,0,0,0,0,0,0,0,0,0,0,0,0,0,0,2026-09-20T05:01:45.563761+00:00
Eredivisie 2026/2027,Sparta Rotterdam - SC Heerenveen,2026-09-19T16:45:00+00:00,finished,7,0-4,SC Heerenveen,Ringo Meerveld,M,10,6.6,10,0,0,,0.00663179,0,0,0,8,7,0,0,0,0,0,0,0,0,0,0,0,0,1,1,2,0,0,1,0,0,0,0,0,0,0,2026-09-20T05:01:45.563455+00:00
Eredivisie 2026/2027,Sparta Rotterdam - SC Heerenveen,2026-09-19T16:45:00+00:00,finished,7,0-4,Sparta Rotterdam,Robin van Cruijsen,M,28,6.6,13,0,0,0.0637,0.186784,1,0,0,10,6,0,0,0,0,0,0,1,1,0,0,0,0,0,0,3,1,0,4,1,0,0,0,0,1,0,2026-09-20T05:01:45.563682+00:00
Eredivisie 2026/2027,Sparta Rotterdam - SC Heerenveen,2026-09-19T16:45:00+00:00,finished,7,0-4,SC Heerenveen,Sam Kersten,D,90,8.0,63,0,0,,0.00330421,0,0,0,42,40,3,3,0,0,0,0,6,1,2,0,4,3,8,3,4,0,0,3,0,0,0,0,0,0,0,2026-09-20T05:01:45.563387+00:00
Eredivisie 2026/2027,Sparta Rotterdam - SC Heerenveen,2026-09-19T16:45:00+00:00,finished,7,0-4,Sparta Rotterdam,Teo Quintero,D,28,6.5,21,0,0,0.0152,0.128346,1,0,1,14,13,0,0,1,1,0,0,1,1,1,0,0,0,2,2,1,0,0,1,0,1,0,0,0,1,0,2026-09-20T05:01:45.563670+00:00
Eredivisie 2026/2027,Sparta Rotterdam - SC Heerenveen,2026-09-19T16:45:00+00:00,finished,7,0-4,SC Heerenveen,Timo Schreuder,G,0,,0,0,0,,,0,0,0,0,0,0,0,0,0,0,0,0,0,0,0,0,0,0,0,0,0,0,0,0,0,0,0,0,0,0,2026-09-20T05:01:45.563518+00:00
Eredivisie 2026/2027,Sparta Rotterdam - SC Heerenveen,2026-09-19T16:45:00+00:00,finished,7,0-4,SC Heerenveen,Vasilios Zagaritis,D,90,6.7,58,0,0,0.0517,0.0203978,1,1,0,34,29,1,0,3,1,4,3,3,2,0,1,0,0,3,0,3,0,0,10,0,0,0,0,0,0,0,2026-09-20T05:01:45.563356+00:00
Eredivisie 2026/2027,AFC Ajax - Excelsior,2026-09-19T18:00:00+00:00,finished,7,2-2,AFC Ajax,,,90,7.2,150,0,0,0.1052,0.0410187,1,1,0,140,137,6,4,0,0,0,0,5,4,3,2,1,1,3,1,3,0,0,3,1,0,0,0,0,2,0,2026-09-20T05:01:45.681125+00:00
Eredivisie 2026/2027,AFC Ajax - Excelsior,2026-09-19T18:00:00+00:00,finished,7,2-2,AFC Ajax,,,0,,0,0,0,,,0,0,0,0,0,0,0,0,0,0,0,0,0,0,0,0,0,0,0,0,0,0,0,0,0,0,0,0,0,0,2026-09-20T05:01:45.681255+00:00
Eredivisie 2026/2027,AFC Ajax - Excelsior,2026-09-19T18:00:00+00:00,finished,7,2-2,Excelsior,,,65,6.4,33,0,0,,0.00124486,0,0,0,18,13,4,1,0,0,2,2,3,2,1,0,0,0,2,2,2,0,0,9,0,1,0,0,0,2,0,2026-09-20T05:01:45.681453+00:00
Eredivisie 2026/2027,AFC Ajax - Excelsior,2026-09-19T18:00:00+00:00,finished,7,2-2,AFC Ajax,Abdellah Ouazane,M,13,7.1,19,0,0,0.1841,0.106012,2,1,1,13,13,0,0,1,0,2,2,2,1,0,1,0,0,0,0,0,0,0,2,0,0,0,0,0,0,0,2026-09-20T05:01:45.681240+00:00
Eredivisie 2026/2027,AFC Ajax - Excelsior,2026-09-19T18:00:00+00:00,finished,7,2-2,Excelsior,Alireza Jahanbakhsh,F,19,6.5,4,0,0,,6.4e-06,0,0,0,2,2,0,0,0,0,0,0,0,2,0,0,0,0,1,0,1,0,0,0,0,1,0,0,0,0,0,2026-09-20T05:01:45.681478+00:00
Eredivisie 2026/2027,AFC Ajax - Excelsior,2026-09-19T18:00:00+00:00,finished,7,2-2,AFC Ajax,Anton Gaaei,D,90,7.1,126,0,0,0.099,0.25536,5,1,3,96,86,8,2,8,3,2,2,6,1,0,0,4,3,0,0,1,0,0,16,0,0,0,0,0,2,0,2026-09-20T05:01:45.681158+00:00
Eredivisie 2026/2027,AFC Ajax - Excelsior,2026-09-19T18:00:00+00:00,finished,7,2-2,Excelsior,Aymen Sliti,F,71,7.4,16,1,0,0.7291,0.00596774,3,1,0,7,3,0,0,0,0,0,0,3,0,2,0,1,0,0,0,1,1,0,6,0,0,0,0,0,2,0,2026-09-20T05:01:45.681437+00:00
Eredivisie 2026/2027,AFC Ajax - Excelsior,2026-09-19T18:00:00+00:00,finished,7,2-2,AFC Ajax,Caio Henrique,D,23,6.7,21,0,0,,0.00334413,0,0,0,14,10,0,0,0,0,0,0,1,0,1,0,0,0,0,0,2,0,0,6,0,0,0,0,0,0,0,2026-09-20T05:01:45.681226+00:00
Eredivisie 2026/2027,AFC Ajax - Excelsior,2026-09-19T18:00:00+00:00,finished,7,2-2,Excelsior,Casper Widell,D,90,6.8,38,0,0,,0.0550208,0,0,1,21,16,3,1,0,0,0,0,6,5,5,3,1,0,7,5,1,0,0,5,0,1,0,0,0,2,0,2026-09-20T05:01:45.681343+00:00
Eredivisie 2026/2027,AFC Ajax - Excelsior,2026-09-19T18:00:00+00:00,finished,7,2-2,Excelsior,Celton Biai,G,0,,0,0,0,,,0,0,0,0,0,0,0,0,0,0,0,0,0,0,0,0,0,0,0,0,0,0,0,0,0,0,0,0,0,0,2026-09-20T05:01:45.681492+00:00
Eredivisie 2026/2027,AFC Ajax - Excelsior,2026-09-19T18:00:00+00:00,finished,7,2-2,Excelsior,Daniel van Vianen,M,0,,0,0,0,,,0,0,0,0,0,0,0,0,0,0,0,0,0,0,0,0,0,0,0,0,0,0,0,0,0,0,0,0,0,0,2026-09-20T05:01:45.681514+00:00
Eredivisie 2026/2027,AFC Ajax - Excelsior,2026-09-19T18:00:00+00:00,finished,7,2-2,Excelsior,David Garden,F,85,6.4,9,0,0,,5.214e-05,0,0,0,4,2,0,0,0,0,0,0,1,5,1,4,0,0,0,1,0,0,0,4,0,1,0,0,0,2,0,2026-09-20T05:01:45.681399+00:00
Eredivisie 2026/2027,AFC Ajax - Excelsior,2026-09-19T18:00:00+00:00,finished,7,2-2,AFC Ajax,Davy Klaassen,M,77,6.5,59,0,0,0.2313,0.0364595,2,0,0,47,44,0,0,0,0,1,1,4,2,0,1,2,2,0,0,4,0,1,8,1,0,0,0,0,2,0,2026-09-20T05:01:45.681175+00:00
Eredivisie 2026/2027,AFC Ajax - Excelsior,2026-09-19T18:00:00+00:00,finished,7,2-2,AFC Ajax,Dies Janse,D,0,,0,0,0,,,0,0,0,0,0,0,0,0,0,0,0,0,0,0,0,0,0,0,0,0,0,0,0,0,0,0,0,0,0,0,2026-09-20T05:01:45.681270+00:00
Eredivisie 2026/2027,AFC Ajax - Excelsior,2026-09-19T18:00:00+00:00,finished,7,2-2,Excelsior,Giuliano Cairo,D,0,,0,0,0,,,0,0,0,0,0,0,0,0,0,0,0,0,0,0,0,0,0,0,0,0,0,0,0,0,0,0,0,0,0,0,2026-09-20T05:01:45.681507+00:00
Eredivisie 2026/2027,AFC Ajax - Excelsior,2026-09-19T18:00:00+00:00,finished,7,2-2,Excelsior,Ilano Silva Timas,M,19,6.4,2,0,0,,0.00013766,0,0,0,2,1,0,0,0,0,0,0,0,1,0,0,0,0,0,0,0,0,0,1,0,0,0,0,0,0,0,2026-09-20T05:01:45.681470+00:00
Eredivisie 2026/2027,AFC Ajax - Excelsior,2026-09-19T18:00:00+00:00,finished,7,2-2,Excelsior,Irakli Yegoian,M,90,7.0,42,0,1,,0.10341,0,0,2,20,15,3,3,1,0,7,4,5,6,0,0,0,0,1,0,4,0,1,16,1,1,1,0,0,2,0,2026-09-20T05:01:45.681379+00:00
Eredivisie 2026/2027,AFC Ajax - Excelsior,2026-09-19T18:00:00+00:00,finished,7,2-2,Excelsior,Jan Plug,D,90,6.5,31,0,0,,0.0111734,0,0,0,15,11,6,4,0,0,0,0,2,4,0,0,1,1,5,3,2,0,0,5,1,2,1,0,0,2,0,2026-09-20T05:01:45.681362+00:00
Eredivisie 2026/2027,AFC Ajax - Excelsior,2026-09-19T18:00:00+00:00,finished,7,2-2,AFC Ajax,Jofre Torrents ,D,0,,0,0,0,,,0,0,0,0,0,0,0,0,0,0,0,0,0,0,0,0,0,0,0,0,0,0,0,0,0,0,0,0,0,0,2026-09-20T05:01:45.681263+00:00
Eredivisie 2026/2027,AFC Ajax - Excelsior,2026-09-19T18:00:00+00:00,finished,7,2-2,AFC Ajax,Jorthy Mokio,M,76,6.8,75,0,0,0.2735,0.0648858,1,0,2,61,58,3,2,1,0,0,0,4,6,1,1,2,1,2,1,7,0,3,8,1,0,0,0,0,2,0,2026-09-20T05:01:45.681182+00:00
Eredivisie 2026/2027,AFC Ajax - Excelsior,2026-09-19T18:00:00+00:00,finished,7,2-2,AFC Ajax,Julian Brandt,F,90,7.9,93,1,0,0.3253,0.212797,3,1,6,76,68,2,2,6,1,0,0,2,4,1,1,1,1,1,0,6,1,2,16,0,0,0,0,0,2,0,2026-09-20T05:01:45.681045+00:00
Eredivisie 2026/2027,AFC Ajax - Excelsior,2026-09-19T18:00:00+00:00,finished,7,2-2,Excelsior,Kasey Bos,D,25,7.1,14,0,0,,0.00787998,0,0,0,4,3,1,0,0,0,0,0,3,2,1,0,1,0,3,2,0,0,0,1,1,1,0,0,0,0,0,2026-09-20T05:01:45.681462+00:00
Eredivisie 2026/2027,AFC Ajax - Excelsior,2026-09-19T18:00:00+00:00,finished,7,2-2,AFC Ajax,Kasper Dolberg,F,62,6.7,19,0,1,0.0864,0.0133758,2,0,2,13,10,0,0,0,0,1,1,2,2,0,0,0,0,0,0,0,1,0,3,1,1,0,0,0,2,0,2026-09-20T05:01:45.681197+00:00
Eredivisie 2026/2027,AFC Ajax - Excelsior,2026-09-19T18:00:00+00:00,finished,7,2-2,Excelsior,Lennard Hartjes,M,90,7.7,28,1,0,0.0924,0.0100939,1,1,0,18,15,0,0,1,0,2,1,5,3,2,0,1,0,2,1,5,0,0,5,1,1,0,0,0,2,0,2026-09-20T05:01:45.681316+00:00
Eredivisie 2026/2027,AFC Ajax - Excelsior,2026-09-19T18:00:00+00:00,finished,7,2-2,AFC Ajax,Lucas Rosa,D,0,,0,0,0,,,0,0,0,0,0,0,0,0,0,0,0,0,0,0,0,0,0,0,0,0,0,0,0,0,0,0,0,0,0,0,2026-09-20T05:01:45.681277+00:00
Eredivisie 2026/2027,AFC Ajax - Excelsior,2026-09-19T18:00:00+00:00,finished,7,2-2,AFC Ajax,Maarten Paes,G,0,,0,0,0,,,0,0,0,0,0,0,0,0,0,0,0,0,0,0,0,0,0,0,0,0,0,0,0,0,0,0,0,0,0,0,2026-09-20T05:01:45.681247+00:00
Eredivisie 2026/2027,AFC Ajax - Excelsior,2026-09-19T18:00:00+00:00,finished,7,2-2,AFC Ajax,Marc-André Ter Stegen,G,90,6.3,32,0,0,,0.00048537,0,0,0,26,25,4,3,0,0,0,0,0,0,0,0,0,0,0,1,5,0,0,1,0,0,0,0,0,2,0,2026-09-20T05:01:45.681088+00:00
Eredivisie 2026/2027,AFC Ajax - Excelsior,2026-09-19T18:00:00+00:00,finished,7,2-2,AFC Ajax,Marcos Leonardo,F,0,,0,0,0,,,0,0,0,0,0,0,0,0,0,0,0,0,0,0,0,0,0,0,0,0,0,0,0,0,0,0,0,0,0,0,2026-09-20T05:01:45.681297+00:00
Eredivisie 2026/2027,AFC Ajax - Excelsior,2026-09-19T18:00:00+00:00,finished,7,2-2,Excelsior,Mario Domínguez,F,10,6.5,1,0,0,,,0,0,0,0,0,0,0,0,0,0,0,0,0,0,0,0,0,0,0,0,0,0,0,0,0,0,0,0,0,0,2026-09-20T05:01:45.681485+00:00
Eredivisie 2026/2027,AFC Ajax - Excelsior,2026-09-19T18:00:00+00:00,finished,7,2-2,Excelsior,Nesto Groen,F,0,,0,0,0,,,0,0,0,0,0,0,0,0,0,0,0,0,0,0,0,0,0,0,0,0,0,0,0,0,0,0,0,0,0,0,2026-09-20T05:01:45.681528+00:00
Eredivisie 2026/2027,AFC Ajax - Excelsior,2026-09-19T18:00:00+00:00,finished,7,2-2,AFC Ajax,Oliver Valaker Edvardsen,F,29,6.6,18,0,0,,0.150263,0,0,3,10,10,0,0,4,2,1,0,0,2,0,0,0,0,0,0,1,0,1,4,0,0,0,0,0,1,0,2026-09-20T05:01:45.681211+00:00
Eredivisie 2026/2027,AFC Ajax - Excelsior,2026-09-19T18:00:00+00:00,finished,7,2-2,AFC Ajax,Oscar Gloukh,M,90,9.1,94,0,1,0.3538,1.0739,7,3,4,67,58,2,2,8,2,5,5,9,1,0,0,0,0,0,0,4,2,0,17,4,0,1,0,0,2,0,2026-09-20T05:01:45.681167+00:00
Eredivisie 2026/2027,AFC Ajax - Excelsior,2026-09-19T18:00:00+00:00,finished,7,2-2,Excelsior,Osman Turay,D,0,,0,0,0,,,0,0,0,0,0,0,0,0,0,0,0,0,0,0,0,0,0,0,0,0,0,0,0,0,0,0,0,0,0,0,2026-09-20T05:01:45.681500+00:00
Eredivisie 2026/2027,AFC Ajax - Excelsior,2026-09-19T18:00:00+00:00,finished,7,2-2,AFC Ajax,Owen Wijndal,D,67,6.3,70,0,0,,0.202669,0,0,4,52,47,0,0,5,4,0,0,1,6,1,5,0,0,1,1,1,0,0,7,0,1,0,0,0,2,0,2026-09-20T05:01:45.681189+00:00
Eredivisie 2026/2027,AFC Ajax - Excelsior,2026-09-19T18:00:00+00:00,finished,7,2-2,AFC Ajax,Rayane Bounida,M,0,,0,0,0,,,0,0,0,0,0,0,0,0,0,0,0,0,0,0,0,0,0,0,0,0,0,0,0,0,0,0,0,0,0,0,2026-09-20T05:01:45.681284+00:00
Eredivisie 2026/2027,AFC Ajax - Excelsior,2026-09-19T18:00:00+00:00,finished,7,2-2,Excelsior,Rick Meissen,D,90,6.6,43,0,0,,0.0153654,0,0,0,22,14,2,1,0,0,0,0,2,9,1,5,1,0,6,5,4,0,2,12,0,1,0,0,0,2,0,2026-09-20T05:01:45.681386+00:00
Eredivisie 2026/2027,AFC Ajax - Excelsior,2026-09-19T18:00:00+00:00,finished,7,2-2,Excelsior,Simon Janssen,D,90,6.2,27,0,0,,0.00339956,0,0,0,10,7,1,0,1,0,2,1,4,5,0,0,3,0,5,1,0,0,0,5,0,2,0,0,0,2,0,2026-09-20T05:01:45.681371+00:00
Eredivisie 2026/2027,AFC Ajax - Excelsior,2026-09-19T18:00:00+00:00,finished,7,2-2,AFC Ajax,Sofyan Amrabat,M,14,7.2,20,0,0,,0.181482,0,0,1,18,17,2,2,0,0,0,0,1,0,0,0,1,1,0,0,1,0,0,1,0,0,0,0,0,0,0,2026-09-20T05:01:45.681233+00:00
Eredivisie 2026/2027,AFC Ajax - Excelsior,2026-09-19T18:00:00+00:00,finished,7,2-2,Excelsior,Stijn van Gassel,G,90,7.1,58,0,0,,0.00298714,0,0,0,44,22,38,16,0,0,0,0,1,0,0,0,0,0,2,0,17,0,0,22,1,0,0,0,6,2,0,2026-09-20T05:01:45.681330+00:00
Eredivisie 2026/2027,AFC Ajax - Excelsior,2026-09-19T18:00:00+00:00,finished,7,2-2,AFC Ajax,Tolu Arokodare,F,28,7.5,20,1,0,0.7077,0.0231233,9,1,0,9,8,0,0,0,0,0,0,6,1,5,1,0,0,0,0,0,4,0,1,1,1,0,0,0,1,0,2026-09-20T05:01:45.681218+00:00
Eredivisie 2026/2027,AFC Ajax - Excelsior,2026-09-19T18:00:00+00:00,finished,7,2-2,Excelsior,Valentin Sulzbacher,M,0,,0,0,0,,,0,0,0,0,0,0,0,0,0,0,0,0,0,0,0,0,0,0,0,0,0,0,0,0,0,0,0,0,0,0,2026-09-20T05:01:45.681521+00:00
Eredivisie 2026/2027,AFC Ajax - Excelsior,2026-09-19T18:00:00+00:00,finished,7,2-2,AFC Ajax,Viktor Tsygankov,M,61,6.0,48,0,0,0.0225,0.124617,1,0,2,36,30,2,2,2,1,1,0,2,3,0,0,0,0,0,1,2,0,0,10,2,2,0,0,0,1,0,2026-09-20T05:01:45.681204+00:00
Eredivisie 2026/2027,AFC Ajax - Excelsior,2026-09-19T18:00:00+00:00,finished,7,2-2,AFC Ajax,Youri Baas,D,90,7.0,151,0,0,,0.0615463,0,0,0,142,134,5,2,0,0,2,1,4,3,1,1,1,0,3,1,8,0,0,10,1,1,0,0,0,2,0,2026-09-20T05:01:45.681148+00:00
Eredivisie 2026/2027,AFC Ajax - Excelsior,2026-09-19T18:00:00+00:00,finished,7,2-2,Excelsior,Ágúst Orri Thorsteinsson,M,71,6.3,17,0,0,,0.00660766,0,0,0,10,8,0,0,0,0,2,0,1,5,0,0,1,1,0,0,4,0,2,7,0,0,0,0,0,2,0,2026-09-20T05:01:45.681418+00:00
Eredivisie 2026/2027,Willem II Tilburg - Fortuna Sittard,2026-09-19T19:00:00+00:00,finished,7,0-1,Fortuna Sittard,,,0,,0,0,0,,,0,0,0,0,0,0,0,0,0,0,0,0,0,0,0,0,0,0,0,0,0,0,0,0,0,0,0,0,0,0,2026-09-20T05:01:45.796255+00:00
Eredivisie 2026/2027,Willem II Tilburg - Fortuna Sittard,2026-09-19T19:00:00+00:00,finished,7,0-1,Willem II Tilburg,,,90,7.6,79,0,0,,0.0238822,0,0,0,62,54,11,5,0,0,0,0,7,0,4,0,1,0,11,1,6,0,0,8,2,0,0,0,0,1,0,2026-09-20T05:01:45.796330+00:00
Eredivisie 2026/2027,Willem II Tilburg - Fortuna Sittard,2026-09-19T19:00:00+00:00,finished,7,0-1,Willem II Tilburg,,,90,7.3,76,0,0,0.0267,0.015889,1,0,0,65,63,5,3,0,0,0,0,4,1,3,1,0,0,5,0,4,1,0,2,1,0,0,0,0,1,0,2026-09-20T05:01:45.796337+00:00
Eredivisie 2026/2027,Willem II Tilburg - Fortuna Sittard,2026-09-19T19:00:00+00:00,finished,7,0-1,Willem II Tilburg,,,89,7.4,79,0,0,,0.0577471,0,0,0,65,56,13,8,1,0,2,1,6,2,1,0,3,1,2,0,5,0,0,12,1,1,0,0,0,1,0,2026-09-20T05:01:45.796359+00:00
Eredivisie 2026/2027,Willem II Tilburg - Fortuna Sittard,2026-09-19T19:00:00+00:00,finished,7,0-1,Willem II Tilburg,,,19,6.2,8,0,0,,0.00449118,0,0,0,3,3,0,0,2,0,1,0,1,4,0,2,0,0,1,0,0,0,0,3,1,1,1,0,0,1,0,2026-09-20T05:01:45.796401+00:00
Eredivisie 2026/2027,Willem II Tilburg - Fortuna Sittard,2026-09-19T19:00:00+00:00,finished,7,0-1,Willem II Tilburg,,,8,6.4,0,0,0,,,0,0,0,0,0,0,0,0,0,0,0,0,0,0,0,0,0,0,0,0,0,0,0,0,0,0,0,0,0,0,2026-09-20T05:01:45.796408+00:00
Eredivisie 2026/2027,Willem II Tilburg - Fortuna Sittard,2026-09-19T19:00:00+00:00,finished,7,0-1,Willem II Tilburg,Alessandro Ciranni,D,0,,0,0,0,,,0,0,0,0,0,0,0,0,0,0,0,0,0,0,0,0,0,0,0,0,0,0,0,0,0,0,0,0,0,0,2026-09-20T05:01:45.796443+00:00
Eredivisie 2026/2027,Willem II Tilburg - Fortuna Sittard,2026-09-19T19:00:00+00:00,finished,7,0-1,Willem II Tilburg,Anass Zarrouk,M,0,,0,0,0,,,0,0,0,0,0,0,0,0,0,0,0,0,0,0,0,0,0,0,0,0,0,0,0,0,0,0,0,0,0,0,2026-09-20T05:01:45.796435+00:00
Eredivisie 2026/2027,Willem II Tilburg - Fortuna Sittard,2026-09-19T19:00:00+00:00,finished,7,0-1,Fortuna Sittard,Anthony Descotte,F,83,6.1,22,0,0,,0.0278204,0,0,1,15,15,0,0,0,0,0,0,0,8,0,4,0,0,2,0,1,0,2,4,0,1,0,0,0,0,0,2026-09-20T05:01:45.796185+00:00
Eredivisie 2026/2027,Willem II Tilburg - Fortuna Sittard,2026-09-19T19:00:00+00:00,finished,7,0-1,Willem II Tilburg,Devin Haen,F,90,6.1,23,0,0,0.3695,0.0223133,1,1,0,12,10,1,1,1,1,2,0,2,7,2,4,0,0,0,1,0,0,0,7,0,1,0,0,0,1,0,2026-09-20T05:01:45.796352+00:00
Eredivisie 2026/2027,Willem II Tilburg - Fortuna Sittard,2026-09-19T19:00:00+00:00,finished,7,0-1,Willem II Tilburg,Eser Gürbüz,M,71,6.7,38,0,0,0.1008,0.360546,2,0,2,24,18,1,0,1,0,3,1,2,6,0,0,1,1,0,2,2,0,1,12,0,2,0,0,0,0,0,2026-09-20T05:01:45.796380+00:00
Eredivisie 2026/2027,Willem II Tilburg - Fortuna Sittard,2026-09-19T19:00:00+00:00,finished,7,0-1,Fortuna Sittard,Ganni Buyukhan,M,0,,0,0,0,,,0,0,0,0,0,0,0,0,0,0,0,0,0,0,0,0,0,0,0,0,0,0,0,0,0,0,0,0,0,0,2026-09-20T05:01:45.796281+00:00
Eredivisie 2026/2027,Willem II Tilburg - Fortuna Sittard,2026-09-19T19:00:00+00:00,finished,7,0-1,Willem II Tilburg,Hidde ter Avest,D,90,7.0,93,0,0,0.149,0.0254445,3,0,0,48,39,5,0,3,0,0,0,7,1,2,0,4,3,5,1,5,2,0,15,1,1,0,0,0,1,0,2026-09-20T05:01:45.796323+00:00
Eredivisie 2026/2027,Willem II Tilburg - Fortuna Sittard,2026-09-19T19:00:00+00:00,finished,7,0-1,Fortuna Sittard,Ivo Pinto,D,90,6.8,76,0,0,,0.0787286,0,0,1,52,44,2,0,3,1,2,1,3,3,0,0,2,2,2,1,7,0,0,13,0,2,1,0,0,0,0,2026-09-20T05:01:45.796079+00:00
Eredivisie 2026/2027,Willem II Tilburg - Fortuna Sittard,2026-09-19T19:00:00+00:00,finished,7,0-1,Willem II Tilburg,Jaden Slory,M,82,6.6,35,0,0,0.1555,0.0706257,4,2,4,21,17,2,1,2,0,2,1,3,3,0,0,1,1,0,0,2,1,1,8,1,0,0,0,0,1,0,2026-09-20T05:01:45.796373+00:00
Eredivisie 2026/2027,Willem II Tilburg - Fortuna Sittard,2026-09-19T19:00:00+00:00,finished,7,0-1,Willem II Tilburg,Jari Schuurman,M,0,,0,0,0,,,0,0,0,0,0,0,0,0,0,0,0,0,0,0,0,0,0,0,0,0,0,0,0,0,0,0,0,0,0,0,2026-09-20T05:01:45.796456+00:00
Eredivisie 2026/2027,Willem II Tilburg - Fortuna Sittard,2026-09-19T19:00:00+00:00,finished,7,0-1,Fortuna Sittard,Jasper Dahlhaus,D,90,7.1,82,0,0,0.0768,0.01123,1,0,0,52,39,10,3,4,0,0,0,4,5,2,2,2,2,2,0,7,0,1,21,0,2,0,0,0,0,0,2026-09-20T05:01:45.796053+00:00
Eredivisie 2026/2027,Willem II Tilburg - Fortuna Sittard,2026-09-19T19:00:00+00:00,finished,7,0-1,Willem II Tilburg,Jens Mathijsen,D,0,,0,0,0,,,0,0,0,0,0,0,0,0,0,0,0,0,0,0,0,0,0,0,0,0,0,0,0,0,0,0,0,0,0,0,2026-09-20T05:01:45.796449+00:00
Eredivisie 2026/2027,Willem II Tilburg - Fortuna Sittard,2026-09-19T19:00:00+00:00,finished,7,0-1,Fortuna Sittard,Justin Hubner,D,90,7.2,80,0,0,,0.0110899,0,0,0,70,60,11,3,0,0,0,0,3,4,3,3,0,0,4,1,3,0,0,10,0,0,0,0,0,0,0,2026-09-20T05:01:45.796136+00:00
Eredivisie 2026/2027,Willem II Tilburg - Fortuna Sittard,2026-09-19T19:00:00+00:00,finished,7,0-1,Willem II Tilburg,Karst de Leeuw,G,0,,0,0,0,,,0,0,0,0,0,0,0,0,0,0,0,0,0,0,0,0,0,0,0,0,0,0,0,0,0,0,0,0,0,0,2026-09-20T05:01:45.796463+00:00
Eredivisie 2026/2027,Willem II Tilburg - Fortuna Sittard,2026-09-19T19:00:00+00:00,finished,7,0-1,Fortuna Sittard,Kaylen Reitmaier,G,0,,0,0,0,,,0,0,0,0,0,0,0,0,0,0,0,0,0,0,0,0,0,0,0,0,0,0,0,0,0,0,0,0,0,0,2026-09-20T05:01:45.796295+00:00
Eredivisie 2026/2027,Willem II Tilburg - Fortuna Sittard,2026-09-19T19:00:00+00:00,finished,7,0-1,Fortuna Sittard,Kristoffer Peterson,M,11,6.6,6,0,0,0.0432,0.0191572,1,0,1,2,2,0,0,2,1,1,0,0,1,0,0,0,0,0,0,0,1,0,2,0,0,0,0,0,0,0,2026-09-20T05:01:45.796241+00:00
Eredivisie 2026/2027,Willem II Tilburg - Fortuna Sittard,2026-09-19T19:00:00+00:00,finished,7,0-1,Fortuna Sittard,Lequincio Zeefuik,F,31,6.1,17,0,0,0.1,0.027929,3,1,0,6,6,0,0,0,0,1,0,1,4,1,0,0,0,0,0,0,0,1,6,0,2,0,0,0,0,0,2026-09-20T05:01:45.796233+00:00
Eredivisie 2026/2027,Willem II Tilburg - Fortuna Sittard,2026-09-19T19:00:00+00:00,finished,7,0-1,Fortuna Sittard,Luuk Koopmans,G,0,,0,0,0,,,0,0,0,0,0,0,0,0,0,0,0,0,0,0,0,0,0,0,0,0,0,0,0,0,0,0,0,0,0,0,2026-09-20T05:01:45.796264+00:00
Eredivisie 2026/2027,Willem II Tilburg - Fortuna Sittard,2026-09-19T19:00:00+00:00,finished,7,0-1,Willem II Tilburg,Mats Lemmens,D,1,,5,0,0,,2.943e-05,0,0,0,2,1,0,0,0,0,0,0,1,0,1,0,0,0,1,0,1,0,0,2,0,0,0,0,0,0,0,2026-09-20T05:01:45.796421+00:00
Eredivisie 2026/2027,Willem II Tilburg - Fortuna Sittard,2026-09-19T19:00:00+00:00,finished,7,0-1,Fortuna Sittard,Mattijs Branderhorst,G,90,7.4,39,0,0,,0.00256245,0,0,0,27,11,19,3,0,0,0,0,1,0,1,0,0,0,1,0,8,0,0,16,0,0,0,0,3,0,0,2026-09-20T05:01:45.796069+00:00
Eredivisie 2026/2027,Willem II Tilburg - Fortuna Sittard,2026-09-19T19:00:00+00:00,finished,7,0-1,Willem II Tilburg,Maxime Delanghe,G,90,6.2,43,0,0,,0.00565597,0,0,0,33,20,20,7,0,0,0,0,0,0,0,0,0,0,2,0,8,0,0,13,0,0,0,0,2,1,1,2026-09-20T05:01:45.796316+00:00
Eredivisie 2026/2027,Willem II Tilburg - Fortuna Sittard,2026-09-19T19:00:00+00:00,finished,7,0-1,Fortuna Sittard,Mohamed Ihattaren,M,90,6.9,80,0,0,0.1388,0.188995,3,0,2,47,39,5,3,13,2,2,1,5,8,0,0,2,1,1,0,6,2,6,27,2,0,0,0,0,0,0,2026-09-20T05:01:45.796153+00:00
Eredivisie 2026/2027,Willem II Tilburg - Fortuna Sittard,2026-09-19T19:00:00+00:00,finished,7,0-1,Fortuna Sittard,Moussa Gbemou,M,0,,0,0,0,,,0,0,0,0,0,0,0,0,0,0,0,0,0,0,0,0,0,0,0,0,0,0,0,0,0,0,0,0,0,0,2026-09-20T05:01:45.796310+00:00
Eredivisie 2026/2027,Willem II Tilburg - Fortuna Sittard,2026-09-19T19:00:00+00:00,finished,7,0-1,Willem II Tilburg,Nathan Tjoe-A-On,D,70,7.1,53,0,0,0.0661,0.32396,1,0,2,32,24,5,1,5,2,2,1,3,2,0,0,2,2,2,2,8,0,0,13,0,0,1,0,0,0,0,2026-09-20T05:01:45.796386+00:00
Eredivisie 2026/2027,Willem II Tilburg - Fortuna Sittard,2026-09-19T19:00:00+00:00,finished,7,0-1,Fortuna Sittard,Nick de Groot,D,0,,0,0,0,,,0,0,0,0,0,0,0,0,0,0,0,0,0,0,0,0,0,0,0,0,0,0,0,0,0,0,0,0,0,0,2026-09-20T05:01:45.796303+00:00
Eredivisie 2026/2027,Willem II Tilburg - Fortuna Sittard,2026-09-19T19:00:00+00:00,finished,7,0-1,Fortuna Sittard,Ole Romeny,F,59,6.0,29,0,0,,0.0219575,0,0,0,20,18,0,0,0,0,1,0,1,9,0,5,0,0,0,1,1,0,0,5,1,1,0,0,0,0,0,2026-09-20T05:01:45.796223+00:00
Eredivisie 2026/2027,Willem II Tilburg - Fortuna Sittard,2026-09-19T19:00:00+00:00,finished,7,0-1,Willem II Tilburg,Per van Loon,D,20,6.8,19,0,0,,0.0512763,0,0,1,7,4,1,0,3,1,1,0,4,2,0,0,3,2,1,0,0,0,1,7,1,0,0,0,0,1,0,2026-09-20T05:01:45.796394+00:00
Eredivisie 2026/2027,Willem II Tilburg - Fortuna Sittard,2026-09-19T19:00:00+00:00,finished,7,0-1,Fortuna Sittard,Philip Brittijn,M,90,7.8,72,1,0,0.8201,0.0221344,4,2,0,56,49,2,2,0,0,0,0,6,1,0,0,4,4,1,3,3,0,0,8,2,0,0,0,0,0,0,2026-09-20T05:01:45.796006+00:00
Eredivisie 2026/2027,Willem II Tilburg - Fortuna Sittard,2026-09-19T19:00:00+00:00,finished,7,0-1,Fortuna Sittard,Rodrigo Guth,D,90,7.5,86,0,0,,0.0214585,0,0,0,66,56,7,3,0,0,1,1,4,1,2,1,1,1,14,0,6,0,0,11,0,0,0,0,0,0,0,2026-09-20T05:01:45.796092+00:00
Eredivisie 2026/2027,Willem II Tilburg - Fortuna Sittard,2026-09-19T19:00:00+00:00,finished,7,0-1,Fortuna Sittard,Shiloh 't Zand,M,83,6.8,42,0,0,0.058,0.0690467,2,0,2,28,26,0,0,0,0,1,0,2,3,0,0,1,1,4,0,5,0,1,4,1,1,0,0,0,0,0,2026-09-20T05:01:45.796205+00:00
Eredivisie 2026/2027,Willem II Tilburg - Fortuna Sittard,2026-09-19T19:00:00+00:00,finished,7,0-1,Fortuna Sittard,Syb Van Ottele,D,11,6.7,5,0,0,,0.00386079,0,0,0,2,2,0,0,0,0,0,0,1,1,0,1,1,0,0,0,0,0,0,1,0,0,0,0,0,0,0,2026-09-20T05:01:45.796248+00:00
Eredivisie 2026/2027,Willem II Tilburg - Fortuna Sittard,2026-09-19T19:00:00+00:00,finished,7,0-1,Willem II Tilburg,Thomas Verheydt,F,8,6.5,2,0,0,,,0,0,0,1,0,0,0,0,0,0,0,1,1,1,1,0,0,1,0,0,0,0,1,0,0,0,0,0,0,0,2026-09-20T05:01:45.796415+00:00
Eredivisie 2026/2027,Willem II Tilburg - Fortuna Sittard,2026-09-19T19:00:00+00:00,finished,7,0-1,Willem II Tilburg,Tonny Vilhena,F,82,6.7,51,0,0,0.014,0.0275772,1,0,0,36,26,3,1,4,2,2,0,4,3,1,0,2,1,2,1,4,1,0,14,1,1,0,0,0,1,0,2026-09-20T05:01:45.796365+00:00
Eredivisie 2026/2027,Willem II Tilburg - Fortuna Sittard,2026-09-19T19:00:00+00:00,finished,7,0-1,Willem II Tilburg,Uriel van Aalst,M,90,6.6,40,0,0,0.1235,0.0785182,2,0,2,32,29,0,0,1,0,1,1,3,4,2,1,0,0,0,0,4,1,1,6,0,2,1,0,0,1,0,2026-09-20T05:01:45.796345+00:00
Eredivisie 2026/2027,Willem II Tilburg - Fortuna Sittard,2026-09-19T19:00:00+00:00,finished,7,0-1,Willem II Tilburg,Wouter Van der Steen,G,0,,0,0,0,,,0,0,0,0,0,0,0,0,0,0,0,0,0,0,0,0,0,0,0,0,0,0,0,0,0,0,0,0,0,0,2026-09-20T05:01:45.796428+00:00
Eredivisie 2026/2027,Willem II Tilburg - Fortuna Sittard,2026-09-19T19:00:00+00:00,finished,7,0-1,Fortuna Sittard,Édouard Michut,M,90,7.7,82,0,0,0.0953,0.163263,3,0,5,68,63,6,4,1,1,0,0,5,0,0,0,2,1,0,1,1,0,0,7,3,1,0,0,0,0,0,2026-09-20T05:01:45.796168+00:00
