liga,jogo,data,estado,ronda,resultado,equipa,jogador,posicao,minutes_played,rating,touches,goals,goal_assist,expected_goals,expected_assists,total_shots,shots_on_target,key_pass,total_pass,accurate_pass,total_long_balls,accurate_long_balls,total_cross,accurate_cross,total_contest,won_contest,duel_won,duel_lost,aerial_won,aerial_lost,total_tackle,won_tackle,total_clearance,interception,ball_recovery,blocked_scoring_attempt,dispossessed,possession_lost,was_fouled,fouls,yellow_card,red_card,saves,goals_conceded,punches,atualizado_em
Inglaterra Premier League 2026/2027,Arsenal - Coventry City,2026-08-21T19:00:00+00:00,finished,1,3-0,Coventry City,Aurèle Amenda,D,90,7.0,42,0,0,,0.00571659,0,0,0,31,27,10,7,0,0,0,0,1,3,1,2,0,0,6,0,4,0,0,4,0,1,0,0,0,3,0,2026-09-01T10:43:23.564865+00:00
Inglaterra Premier League 2026/2027,Arsenal - Coventry City,2026-08-21T19:00:00+00:00,finished,1,3-0,Arsenal,Ben White,D,90,7.9,93,0,1,0.0894,0.209494,1,0,2,77,73,4,2,3,0,0,0,4,3,3,2,1,1,3,1,3,1,0,9,0,1,0,0,0,0,0,2026-09-01T10:43:23.564594+00:00
Inglaterra Premier League 2026/2027,Arsenal - Coventry City,2026-08-21T19:00:00+00:00,finished,1,3-0,Coventry City,Ben Wilson,G,0,,0,0,0,,,0,0,0,0,0,0,0,0,0,0,0,0,0,0,0,0,0,0,0,0,0,0,0,0,0,0,0,0,0,0,2026-09-01T10:43:23.565154+00:00
Inglaterra Premier League 2026/2027,Arsenal - Coventry City,2026-08-21T19:00:00+00:00,finished,1,3-0,Coventry City,Bobby Thomas,D,90,6.9,49,0,0,0.0938,0.0114623,1,0,1,38,35,4,1,0,0,0,0,2,3,0,1,1,1,6,0,2,0,0,3,1,2,0,0,0,3,0,2026-09-01T10:43:23.564854+00:00
Inglaterra Premier League 2026/2027,Arsenal - Coventry City,2026-08-21T19:00:00+00:00,finished,1,3-0,Coventry City,Brandon Thomas-Asante,F,70,6.4,22,0,0,,0.01189,0,0,0,10,6,1,0,1,0,0,0,4,5,2,4,0,0,1,4,1,0,0,7,2,0,0,0,0,3,0,2026-09-01T10:43:23.564914+00:00
Inglaterra Premier League 2026/2027,Arsenal - Coventry City,2026-08-21T19:00:00+00:00,finished,1,3-0,Arsenal,Bukayo Saka,F,68,7.9,49,1,0,0.6432,0.0741704,3,1,2,34,30,1,0,5,0,1,1,3,2,0,1,1,1,2,0,4,2,0,10,1,0,0,0,0,0,0,2026-09-01T10:43:23.564721+00:00
Inglaterra Premier League 2026/2027,Arsenal - Coventry City,2026-08-21T19:00:00+00:00,finished,1,3-0,Coventry City,Caleb Yirenkyi,M,62,6.0,13,0,0,,0.00297645,0,0,0,11,8,0,0,0,0,0,0,0,2,0,0,0,0,0,0,3,0,0,3,0,2,1,0,0,3,0,2026-09-01T10:43:23.564924+00:00
Inglaterra Premier League 2026/2027,Arsenal - Coventry City,2026-08-21T19:00:00+00:00,finished,1,3-0,Coventry City,Carl Rushworth,G,90,7.2,57,0,0,,0.00853692,0,0,0,46,30,36,20,0,0,0,0,0,0,0,0,0,0,1,0,7,0,0,16,0,0,0,0,2,3,0,2026-09-01T10:43:23.564834+00:00
Inglaterra Premier League 2026/2027,Arsenal - Coventry City,2026-08-21T19:00:00+00:00,finished,1,3-0,Arsenal,Christos Tzolis,M,76,7.7,51,0,0,0.2432,0.137123,4,2,3,37,30,1,1,3,1,0,0,4,2,1,1,1,1,2,0,3,1,0,9,2,0,0,0,0,0,0,2026-09-01T10:43:23.564698+00:00
Inglaterra Premier League 2026/2027,Arsenal - Coventry City,2026-08-21T19:00:00+00:00,finished,1,3-0,Arsenal,Cristhian Mosquera,D,90,6.8,75,0,0,,0.00324703,0,0,0,65,62,1,0,0,0,1,1,2,3,1,2,0,0,5,1,3,0,0,3,0,1,0,0,0,0,0,2026-09-01T10:43:23.564613+00:00
Inglaterra Premier League 2026/2027,Arsenal - Coventry City,2026-08-21T19:00:00+00:00,finished,1,3-0,Arsenal,David Raya,G,90,7.0,28,0,0,,0.00135899,0,0,0,19,15,9,5,0,0,0,0,0,0,0,0,0,0,1,0,8,0,0,4,0,0,0,0,1,0,0,2026-09-01T10:43:23.564636+00:00
Inglaterra Premier League 2026/2027,Arsenal - Coventry City,2026-08-21T19:00:00+00:00,finished,1,3-0,Arsenal,Declan Rice,M,68,7.4,83,0,0,0.068,0.0747822,2,0,0,73,69,7,6,4,0,0,0,0,3,0,0,0,0,1,1,3,0,0,8,0,2,0,0,0,0,0,2026-09-01T10:43:23.564710+00:00
Inglaterra Premier League 2026/2027,Arsenal - Coventry City,2026-08-21T19:00:00+00:00,finished,1,3-0,Arsenal,Eberechi Eze,M,14,6.6,11,0,0,0.0339,0.00442365,1,0,0,7,6,0,0,0,0,1,0,2,1,0,0,0,0,0,0,2,0,0,2,2,0,0,0,0,0,0,2026-09-01T10:43:23.564762+00:00
Inglaterra Premier League 2026/2027,Arsenal - Coventry City,2026-08-21T19:00:00+00:00,finished,1,3-0,Coventry City,Ellis Simms,F,70,6.6,22,0,0,,0.00588402,0,0,1,11,8,1,0,0,0,2,1,5,4,3,0,0,0,1,0,2,0,0,7,1,2,0,0,0,3,0,2026-09-01T10:43:23.564905+00:00
Inglaterra Premier League 2026/2027,Arsenal - Coventry City,2026-08-21T19:00:00+00:00,finished,1,3-0,Arsenal,Ethan Nwaneri,M,0,,0,0,0,,,0,0,0,0,0,0,0,0,0,0,0,0,0,0,0,0,0,0,0,0,0,0,0,0,0,0,0,0,0,0,2026-09-01T10:43:23.564805+00:00
Inglaterra Premier League 2026/2027,Arsenal - Coventry City,2026-08-21T19:00:00+00:00,finished,1,3-0,Coventry City,Frank Onyeka,M,90,6.3,29,0,0,,0.0051783,0,0,0,22,16,3,3,0,0,0,0,2,4,0,0,1,1,0,3,4,0,0,7,1,3,0,0,0,3,0,2026-09-01T10:43:23.564824+00:00
Inglaterra Premier League 2026/2027,Arsenal - Coventry City,2026-08-21T19:00:00+00:00,finished,1,3-0,Arsenal,Gabriel Magalhães,D,90,6.5,68,0,0,0.0425,0.00932639,1,0,0,58,55,2,1,0,0,0,0,2,7,0,4,0,0,2,1,2,0,1,4,2,2,1,0,0,0,0,2026-09-01T10:43:23.564654+00:00
Inglaterra Premier League 2026/2027,Arsenal - Coventry City,2026-08-21T19:00:00+00:00,finished,1,3-0,Coventry City,Gustavo Hamer,M,8,6.5,8,0,0,,0.0014841,0,0,0,7,5,0,0,0,0,1,0,1,2,1,1,0,0,0,0,1,0,0,3,0,0,0,0,0,0,0,2026-09-01T10:43:23.565122+00:00
Inglaterra Premier League 2026/2027,Arsenal - Coventry City,2026-08-21T19:00:00+00:00,finished,1,3-0,Coventry City,Jack Rudoni,M,20,6.7,18,0,0,0.1455,0.00117838,1,1,0,13,9,1,1,0,0,0,0,3,0,2,0,1,0,0,0,4,0,0,5,0,0,0,0,0,0,0,2026-09-01T10:43:23.565077+00:00
Inglaterra Premier League 2026/2027,Arsenal - Coventry City,2026-08-21T19:00:00+00:00,finished,1,3-0,Coventry City,Jay DaSilva,D,90,6.1,45,0,0,,0.0231619,0,0,0,28,22,2,1,2,0,3,1,2,3,1,0,0,0,5,0,1,0,0,10,0,0,0,0,0,3,0,2026-09-01T10:43:23.564875+00:00
Inglaterra Premier League 2026/2027,Arsenal - Coventry City,2026-08-21T19:00:00+00:00,finished,1,3-0,Coventry City,Joel Latibeaudiere,D,0,,0,0,0,,,0,0,0,0,0,0,0,0,0,0,0,0,0,0,0,0,0,0,0,0,0,0,0,0,0,0,0,0,0,0,2026-09-01T10:43:23.565163+00:00
Inglaterra Premier League 2026/2027,Arsenal - Coventry City,2026-08-21T19:00:00+00:00,finished,1,3-0,Coventry City,Josh Eccles,M,0,,0,0,0,,,0,0,0,0,0,0,0,0,0,0,0,0,0,0,0,0,0,0,0,0,0,0,0,0,0,0,0,0,0,0,2026-09-01T10:43:23.565142+00:00
Inglaterra Premier League 2026/2027,Arsenal - Coventry City,2026-08-21T19:00:00+00:00,finished,1,3-0,Arsenal,Kai Havertz,F,90,7.7,37,1,0,0.2444,0.0259483,1,1,1,24,19,0,0,0,0,1,0,5,4,3,1,0,0,1,1,0,0,0,9,2,2,0,0,0,0,0,2026-09-01T10:43:23.564666+00:00
Inglaterra Premier League 2026/2027,Arsenal - Coventry City,2026-08-21T19:00:00+00:00,finished,1,3-0,Arsenal,Kepa Arrizabalaga,G,0,,0,0,0,,,0,0,0,0,0,0,0,0,0,0,0,0,0,0,0,0,0,0,0,0,0,0,0,0,0,0,0,0,0,0,2026-09-01T10:43:23.564795+00:00
Inglaterra Premier League 2026/2027,Arsenal - Coventry City,2026-08-21T19:00:00+00:00,finished,1,3-0,Coventry City,Liam Kitching,D,0,,0,0,0,,,0,0,0,0,0,0,0,0,0,0,0,0,0,0,0,0,0,0,0,0,0,0,0,0,0,0,0,0,0,0,2026-09-01T10:43:23.565182+00:00
Inglaterra Premier League 2026/2027,Arsenal - Coventry City,2026-08-21T19:00:00+00:00,finished,1,3-0,Coventry City,Loum Tchaouna,F,82,6.3,43,0,0,0.0399,0.0222445,2,0,0,28,21,2,0,2,0,3,1,4,5,1,1,0,0,3,0,5,1,1,12,2,1,0,0,0,3,0,2026-09-01T10:43:23.564894+00:00
Inglaterra Premier League 2026/2027,Arsenal - Coventry City,2026-08-21T19:00:00+00:00,finished,1,3-0,Arsenal,Martin Ødegaard,M,76,8.3,72,1,0,0.2022,0.095461,3,1,3,56,52,1,1,2,0,0,0,4,2,0,2,3,2,1,0,4,2,0,11,1,0,0,0,0,0,0,2026-09-01T10:43:23.564687+00:00
Inglaterra Premier League 2026/2027,Arsenal - Coventry City,2026-08-21T19:00:00+00:00,finished,1,3-0,Arsenal,Martín Zubimendi,M,22,6.8,32,0,0,,0.0180952,0,0,0,28,26,1,1,0,0,0,0,1,0,0,0,1,0,0,0,2,0,0,2,0,0,0,0,0,0,0,2026-09-01T10:43:23.564732+00:00
Inglaterra Premier League 2026/2027,Arsenal - Coventry City,2026-08-21T19:00:00+00:00,finished,1,3-0,Coventry City,Matt Grimes,M,90,7.1,67,0,0,,0.015161,0,0,0,55,49,3,0,3,0,0,0,6,1,4,1,0,0,4,0,3,0,0,9,2,0,0,0,0,3,0,2026-09-01T10:43:23.564884+00:00
Inglaterra Premier League 2026/2027,Arsenal - Coventry City,2026-08-21T19:00:00+00:00,finished,1,3-0,Arsenal,Max Dowman,M,0,,0,0,0,,,0,0,0,0,0,0,0,0,0,0,0,0,0,0,0,0,0,0,0,0,0,0,0,0,0,0,0,0,0,0,2026-09-01T10:43:23.564815+00:00
Inglaterra Premier League 2026/2027,Arsenal - Coventry City,2026-08-21T19:00:00+00:00,finished,1,3-0,Arsenal,Mikel Merino,M,14,7.0,15,0,0,0.1077,0.0176677,2,1,0,12,11,1,0,0,0,1,1,1,1,0,0,0,0,0,0,2,1,0,1,0,1,0,0,0,0,0,2026-09-01T10:43:23.564753+00:00
Inglaterra Premier League 2026/2027,Arsenal - Coventry City,2026-08-21T19:00:00+00:00,finished,1,3-0,Coventry City,Milan van Ewijk,D,90,5.4,31,0,0,,0.00678077,0,0,0,18,13,2,0,0,0,0,0,1,4,0,1,1,0,3,1,3,0,1,8,0,2,0,0,0,3,0,2026-09-01T10:43:23.564844+00:00
Inglaterra Premier League 2026/2027,Arsenal - Coventry City,2026-08-21T19:00:00+00:00,finished,1,3-0,Arsenal,Myles Lewis-Skelly,D,90,7.5,93,0,0,0.0455,0.106856,1,0,1,80,76,3,3,0,0,0,0,5,1,1,0,1,0,0,0,5,0,0,8,3,1,0,0,0,0,0,2026-09-01T10:43:23.564540+00:00
Inglaterra Premier League 2026/2027,Arsenal - Coventry City,2026-08-21T19:00:00+00:00,finished,1,3-0,Arsenal,Noni Madueke,F,22,6.9,21,0,0,,0.0413811,0,0,4,15,13,0,0,1,0,2,1,2,1,1,0,0,0,0,0,2,0,0,4,0,0,0,0,0,0,0,2026-09-01T10:43:23.564743+00:00
Inglaterra Premier League 2026/2027,Arsenal - Coventry City,2026-08-21T19:00:00+00:00,finished,1,3-0,Arsenal,Piero Hincapié,D,9,6.6,10,0,0,,0.00267237,0,0,0,4,4,0,0,1,0,0,0,0,1,0,1,0,0,0,0,0,0,0,2,0,0,0,0,0,0,0,2026-09-01T10:43:23.564773+00:00
Inglaterra Premier League 2026/2027,Arsenal - Coventry City,2026-08-21T19:00:00+00:00,finished,1,3-0,Arsenal,Riccardo Calafiori,D,81,7.2,35,0,1,0.0833,0.094784,1,0,1,24,20,0,0,0,0,0,0,2,1,1,1,1,1,4,0,1,1,0,5,0,0,0,0,0,0,0,2026-09-01T10:43:23.564676+00:00
Inglaterra Premier League 2026/2027,Arsenal - Coventry City,2026-08-21T19:00:00+00:00,finished,1,3-0,Coventry City,Taiwo Awoniyi,F,20,6.6,7,0,0,,0.00049046,0,0,0,6,4,0,0,0,0,0,0,1,0,0,0,0,0,0,0,1,0,0,2,1,0,0,0,0,0,0,2026-09-01T10:43:23.565065+00:00
Inglaterra Premier League 2026/2027,Arsenal - Coventry City,2026-08-21T19:00:00+00:00,finished,1,3-0,Coventry City,Tatsuhiro Sakamoto,M,0,,0,0,0,,,0,0,0,0,0,0,0,0,0,0,0,0,0,0,0,0,0,0,0,0,0,0,0,0,0,0,0,0,0,0,2026-09-01T10:43:23.565173+00:00
Inglaterra Premier League 2026/2027,Arsenal - Coventry City,2026-08-21T19:00:00+00:00,finished,1,3-0,Coventry City,Victor Torp,M,28,6.7,19,0,0,,0.11137,0,0,1,13,12,0,0,2,1,0,0,0,1,0,0,0,0,0,1,0,0,1,3,0,0,0,0,0,0,0,2026-09-01T10:43:23.565043+00:00
Inglaterra Premier League 2026/2027,Arsenal - Coventry City,2026-08-21T19:00:00+00:00,finished,1,3-0,Arsenal,Viktor Gyökeres,F,0,,0,0,0,,,0,0,0,0,0,0,0,0,0,0,0,0,0,0,0,0,0,0,0,0,0,0,0,0,0,0,0,0,0,0,2026-09-01T10:43:23.564783+00:00
Inglaterra Premier League 2026/2027,Hull City - Manchester United,2026-08-22T11:30:00+00:00,finished,1,2-0,Hull City,,,20,6.7,13,0,0,0.0608,2.7e-05,1,0,0,5,3,2,0,0,0,0,0,1,1,0,0,1,1,2,1,2,0,0,3,0,0,0,0,0,0,0,2026-09-02T00:11:23.511585+00:00
Inglaterra Premier League 2026/2027,Hull City - Manchester United,2026-08-22T11:30:00+00:00,finished,1,2-0,Hull City,,,19,6.6,10,0,0,,0.00056003,0,0,0,3,2,0,0,0,0,1,0,2,3,0,1,1,1,1,0,1,0,1,3,1,1,1,0,0,0,0,2026-09-02T00:11:23.511597+00:00
Inglaterra Premier League 2026/2027,Hull City - Manchester United,2026-08-22T11:30:00+00:00,finished,1,2-0,Manchester United,Andrey Santos,M,67,7.1,68,0,0,,0.232251,0,0,0,57,52,0,0,0,0,0,0,6,2,3,1,1,1,3,0,5,0,0,6,2,1,0,0,0,2,0,2026-09-02T00:11:23.511189+00:00
Inglaterra Premier League 2026/2027,Hull City - Manchester United,2026-08-22T11:30:00+00:00,finished,1,2-0,Manchester United,Ayden Heaven,D,90,6.2,77,0,0,0.1152,0.0356686,2,0,0,68,61,5,1,0,0,0,0,5,6,2,4,1,0,1,0,4,1,1,9,2,1,0,0,0,2,0,2026-09-02T00:11:23.511078+00:00
Inglaterra Premier League 2026/2027,Hull City - Manchester United,2026-08-22T11:30:00+00:00,finished,1,2-0,Manchester United,Benjamin Šeško,F,23,6.3,6,0,0,0.0357,0.00247706,1,0,0,3,3,0,0,0,0,1,0,1,5,1,3,0,0,0,0,0,1,1,2,0,1,0,0,0,0,0,2026-09-02T00:11:23.511235+00:00
Inglaterra Premier League 2026/2027,Hull City - Manchester United,2026-08-22T11:30:00+00:00,finished,1,2-0,Manchester United,Bruno Fernandes,M,90,7.1,102,0,0,0.0663,0.256392,3,1,3,85,71,10,4,6,2,2,1,1,1,0,0,0,0,1,0,5,2,0,22,0,0,0,0,0,2,0,2026-09-02T00:11:23.511018+00:00
Inglaterra Premier League 2026/2027,Hull City - Manchester United,2026-08-22T11:30:00+00:00,finished,1,2-0,Manchester United,Bryan Mbeumo,F,90,6.3,64,0,0,0.4969,0.227783,4,2,1,44,38,1,0,10,2,2,0,2,6,2,4,0,0,0,0,4,1,0,19,0,0,0,0,0,2,0,2026-09-02T00:11:23.511039+00:00
Inglaterra Premier League 2026/2027,Hull City - Manchester United,2026-08-22T11:30:00+00:00,finished,1,2-0,Hull City,Dillon Phillips,G,0,,0,0,0,,,0,0,0,0,0,0,0,0,0,0,0,0,0,0,0,0,0,0,0,0,0,0,0,0,0,0,0,0,0,0,2026-09-02T00:11:23.511630+00:00
Inglaterra Premier League 2026/2027,Hull City - Manchester United,2026-08-22T11:30:00+00:00,finished,1,2-0,Manchester United,Diogo Dalot,D,10,6.8,14,0,0,,0.00456009,0,0,1,9,9,1,1,0,0,1,0,2,2,0,1,2,1,0,1,1,0,0,1,0,0,0,0,0,0,0,2026-09-02T00:11:23.511281+00:00
Inglaterra Premier League 2026/2027,Hull City - Manchester United,2026-08-22T11:30:00+00:00,finished,1,2-0,Hull City,Elliot Stroud,M,71,7.0,17,0,0,,0.0283311,0,0,0,8,6,0,0,2,1,0,0,4,0,1,0,3,2,0,1,2,0,0,5,0,0,0,0,0,0,0,2026-09-02T00:11:23.511509+00:00
Inglaterra Premier League 2026/2027,Hull City - Manchester United,2026-08-22T11:30:00+00:00,finished,1,2-0,Manchester United,Harry Maguire,D,90,7.3,89,0,0,0.0448,0.404163,2,1,2,78,72,11,8,2,1,2,2,4,2,2,1,0,0,4,0,5,0,0,7,0,0,0,0,0,2,0,2026-09-02T00:11:23.511125+00:00
Inglaterra Premier League 2026/2027,Hull City - Manchester United,2026-08-22T11:30:00+00:00,finished,1,2-0,Hull City,Jens Hjertø-Dahl,M,0,,0,0,0,,,0,0,0,0,0,0,0,0,0,0,0,0,0,0,0,0,0,0,0,0,0,0,0,0,0,0,0,0,0,0,2026-09-02T00:11:23.511641+00:00
Inglaterra Premier League 2026/2027,Hull City - Manchester United,2026-08-22T11:30:00+00:00,finished,1,2-0,Hull City,John Egan,D,90,7.6,54,0,0,,0.00174296,0,0,0,31,25,3,1,0,0,0,0,2,1,1,1,1,1,18,0,3,0,0,6,0,0,0,0,0,0,0,2026-09-02T00:11:23.511468+00:00
Inglaterra Premier League 2026/2027,Hull City - Manchester United,2026-08-22T11:30:00+00:00,finished,1,2-0,Manchester United,Joshua Zirkzee,F,0,,0,0,0,,,0,0,0,0,0,0,0,0,0,0,0,0,0,0,0,0,0,0,0,0,0,0,0,0,0,0,0,0,0,0,2026-09-02T00:11:23.511317+00:00
Inglaterra Premier League 2026/2027,Hull City - Manchester United,2026-08-22T11:30:00+00:00,finished,1,2-0,Manchester United,Karl Darlow,G,0,,0,0,0,,,0,0,0,0,0,0,0,0,0,0,0,0,0,0,0,0,0,0,0,0,0,0,0,0,0,0,0,0,0,0,2026-09-02T00:11:23.511329+00:00
Inglaterra Premier League 2026/2027,Hull City - Manchester United,2026-08-22T11:30:00+00:00,finished,1,2-0,Hull City,Kieran Dowell,M,0,,0,0,0,,,0,0,0,0,0,0,0,0,0,0,0,0,0,0,0,0,0,0,0,0,0,0,0,0,0,0,0,0,0,0,2026-09-02T00:11:23.511620+00:00
Inglaterra Premier League 2026/2027,Hull City - Manchester United,2026-08-22T11:30:00+00:00,finished,1,2-0,Manchester United,Kobbie Mainoo,M,23,6.7,34,0,0,0.0705,0.0149512,1,0,0,31,27,2,1,1,0,0,0,1,0,1,0,0,0,0,0,1,1,0,6,0,0,0,0,0,0,0,2026-09-02T00:11:23.511261+00:00
Inglaterra Premier League 2026/2027,Hull City - Manchester United,2026-08-22T11:30:00+00:00,finished,1,2-0,Hull City,Konstantinos Tzolakis,G,90,8.1,69,0,0,,0.0026496,0,0,0,48,17,41,10,0,0,0,0,3,0,2,0,0,0,0,0,22,0,0,31,2,0,0,0,5,0,0,2026-09-02T00:11:23.511397+00:00
Inglaterra Premier League 2026/2027,Hull City - Manchester United,2026-08-22T11:30:00+00:00,finished,1,2-0,Manchester United,Leny Yoro,D,0,,0,0,0,,,0,0,0,0,0,0,0,0,0,0,0,0,0,0,0,0,0,0,0,0,0,0,0,0,0,0,0,0,0,0,2026-09-02T00:11:23.511342+00:00
Inglaterra Premier League 2026/2027,Hull City - Manchester United,2026-08-22T11:30:00+00:00,finished,1,2-0,Hull City,Lewie Coyle,D,70,7.1,31,0,0,,0.00691989,0,0,1,20,16,4,2,2,0,0,0,4,3,1,2,1,1,1,0,3,0,0,7,2,1,0,0,0,0,0,2026-09-02T00:11:23.511526+00:00
Inglaterra Premier League 2026/2027,Hull City - Manchester United,2026-08-22T11:30:00+00:00,finished,1,2-0,Manchester United,Lisandro Martínez,D,0,,0,0,0,,,0,0,0,0,0,0,0,0,0,0,0,0,0,0,0,0,0,0,0,0,0,0,0,0,0,0,0,0,0,0,2026-09-02T00:11:23.511368+00:00
Inglaterra Premier League 2026/2027,Hull City - Manchester United,2026-08-22T11:30:00+00:00,finished,1,2-0,Hull City,Lucas Gourna-Douath,M,0,,0,0,0,,,0,0,0,0,0,0,0,0,0,0,0,0,0,0,0,0,0,0,0,0,0,0,0,0,0,0,0,0,0,0,2026-09-02T00:11:23.511651+00:00
Inglaterra Premier League 2026/2027,Hull City - Manchester United,2026-08-22T11:30:00+00:00,finished,1,2-0,Hull City,Lucas Herrington,D,26,7.0,9,0,0,,1.01e-06,0,0,0,3,3,0,0,0,0,0,0,3,0,3,0,0,0,4,0,0,0,0,0,0,0,0,0,0,0,0,2026-09-02T00:11:23.511565+00:00
Inglaterra Premier League 2026/2027,Hull City - Manchester United,2026-08-22T11:30:00+00:00,finished,1,2-0,Manchester United,Luke Shaw,D,90,6.5,89,0,0,,0.261012,0,0,4,59,47,2,1,7,3,2,0,3,4,2,1,1,1,2,1,3,0,1,23,0,0,0,0,0,2,0,2026-09-02T00:11:23.511055+00:00
Inglaterra Premier League 2026/2027,Hull City - Manchester United,2026-08-22T11:30:00+00:00,finished,1,2-0,Manchester United,Marcus Rashford,F,45,6.6,31,0,0,,0.0972657,0,0,4,23,19,1,1,3,1,2,1,2,3,0,2,0,0,0,0,1,0,0,8,1,0,0,0,0,0,0,2026-09-02T00:11:23.511216+00:00
Inglaterra Premier League 2026/2027,Hull City - Manchester United,2026-08-22T11:30:00+00:00,finished,1,2-0,Manchester United,Matheus Cunha,F,80,5.9,44,0,0,0.2431,0.212746,3,1,2,28,27,0,0,3,0,2,0,2,6,1,2,0,0,0,0,3,1,1,9,1,0,0,0,0,2,0,2026-09-02T00:11:23.511146+00:00
Inglaterra Premier League 2026/2027,Hull City - Manchester United,2026-08-22T11:30:00+00:00,finished,1,2-0,Hull City,Matt Crooks,M,90,7.0,34,0,0,,0.0039454,0,0,0,19,13,2,0,0,0,0,0,8,5,3,0,4,3,2,0,1,0,1,9,1,2,1,0,0,0,0,2026-09-02T00:11:23.511443+00:00
Inglaterra Premier League 2026/2027,Hull City - Manchester United,2026-08-22T11:30:00+00:00,finished,1,2-0,Hull City,Matt Targett,D,12,6.8,7,0,0,,0.00054112,0,0,0,5,5,1,1,0,0,0,0,0,0,0,0,0,0,0,0,1,0,0,0,0,0,0,0,0,0,0,2026-09-02T00:11:23.511608+00:00
Inglaterra Premier League 2026/2027,Hull City - Manchester United,2026-08-22T11:30:00+00:00,finished,1,2-0,Hull City,Mohamed Belloumi,M,90,6.8,33,0,0,0.048,0.0331074,2,0,0,16,11,3,1,1,0,2,1,6,4,0,1,4,1,0,1,3,0,0,11,1,2,0,0,0,0,0,2026-09-02T00:11:23.511456+00:00
Inglaterra Premier League 2026/2027,Hull City - Manchester United,2026-08-22T11:30:00+00:00,finished,1,2-0,Hull City,Nobel Mendy,D,64,8.0,37,1,0,0.2783,0.00167427,1,1,0,19,18,1,0,0,0,0,0,2,3,2,2,0,0,12,0,2,0,0,1,0,1,0,0,0,0,0,2026-09-02T00:11:23.511552+00:00
Inglaterra Premier League 2026/2027,Hull City - Manchester United,2026-08-22T11:30:00+00:00,finished,1,2-0,Manchester United,Noussair Mazraoui,D,80,6.3,94,0,0,0.2299,0.0539158,1,0,2,67,62,4,2,5,0,1,0,3,3,2,1,1,1,3,0,3,0,0,13,0,1,0,0,0,2,0,2026-09-02T00:11:23.511167+00:00
Inglaterra Premier League 2026/2027,Hull City - Manchester United,2026-08-22T11:30:00+00:00,finished,1,2-0,Hull City,Oli McBurnie,F,90,6.7,34,0,0,0.0981,0.0113779,2,2,2,18,11,2,2,0,0,1,1,7,8,4,6,0,0,3,0,2,0,1,13,2,1,0,0,0,0,0,2026-09-02T00:11:23.511416+00:00
Inglaterra Premier League 2026/2027,Hull City - Manchester United,2026-08-22T11:30:00+00:00,finished,1,2-0,Hull City,Paddy McNair,D,26,6.7,7,0,0,,0.0001188,0,0,0,4,3,1,0,0,0,0,0,0,1,0,1,0,0,2,0,1,0,0,1,0,0,0,0,0,0,0,2026-09-02T00:11:23.511576+00:00
Inglaterra Premier League 2026/2027,Hull City - Manchester United,2026-08-22T11:30:00+00:00,finished,1,2-0,Manchester United,Patrick Dorgu,M,45,5.4,20,0,0,0.4697,0.0280164,3,0,0,10,8,0,0,0,0,1,0,1,6,1,2,0,0,0,0,0,0,0,7,0,4,1,0,0,2,0,2026-09-02T00:11:23.511225+00:00
Inglaterra Premier League 2026/2027,Hull City - Manchester United,2026-08-22T11:30:00+00:00,finished,1,2-0,Hull City,Regan Slater,M,90,7.3,32,0,1,,0.441125,0,0,1,21,19,2,1,2,2,0,0,1,4,0,1,1,1,0,0,2,0,1,4,0,2,0,0,0,0,0,2026-09-02T00:11:23.511430+00:00
Inglaterra Premier League 2026/2027,Hull City - Manchester United,2026-08-22T11:30:00+00:00,finished,1,2-0,Hull City,Ryan Giles,D,85,7.3,38,0,0,0.021,0.0733464,1,0,1,16,11,4,0,8,2,0,0,4,2,3,1,1,1,4,1,1,1,0,12,0,0,0,0,0,0,0,2026-09-02T00:11:23.511481+00:00
Inglaterra Premier League 2026/2027,Hull City - Manchester United,2026-08-22T11:30:00+00:00,finished,1,2-0,Hull City,Semi Ajayi,D,64,7.6,27,1,0,0.8057,0.00153889,1,1,0,16,14,2,1,0,0,1,1,3,0,2,0,0,0,5,2,3,0,0,2,0,0,0,0,0,0,0,2026-09-02T00:11:23.511539+00:00
Inglaterra Premier League 2026/2027,Hull City - Manchester United,2026-08-22T11:30:00+00:00,finished,1,2-0,Manchester United,Senne Lammens,G,90,6.7,25,0,0,,0.00035688,0,0,0,16,11,8,3,0,0,0,0,0,0,0,0,0,0,2,0,8,0,0,5,0,0,0,0,2,2,0,2026-09-02T00:11:23.510970+00:00
Inglaterra Premier League 2026/2027,Hull City - Manchester United,2026-08-22T11:30:00+00:00,finished,1,2-0,Manchester United,Shea Lacey,F,10,6.5,7,0,0,,0.00325779,0,0,0,5,4,1,1,1,0,0,0,0,0,0,0,0,0,0,0,1,0,0,2,0,0,0,0,0,0,0,2026-09-02T00:11:23.511298+00:00
Inglaterra Premier League 2026/2027,Hull City - Manchester United,2026-08-22T11:30:00+00:00,finished,1,2-0,Manchester United,Youri Tielemans,M,67,6.7,80,0,0,0.0366,0.106985,1,0,0,70,62,2,1,1,0,1,0,3,4,0,0,0,0,0,0,5,1,0,11,3,1,0,0,0,2,0,2026-09-02T00:11:23.511205+00:00
Inglaterra Premier League 2026/2027,Everton - Crystal Palace,2026-08-22T14:00:00+00:00,finished,1,2-0,Crystal Palace,,,55,5.9,48,0,0,0.2508,0.00972881,2,1,0,31,25,3,1,0,0,0,0,3,3,2,1,1,1,2,1,1,0,0,9,0,1,0,0,0,2,0,2026-09-02T00:11:24.716620+00:00
Inglaterra Premier League 2026/2027,Everton - Crystal Palace,2026-08-22T14:00:00+00:00,finished,1,2-0,Crystal Palace,,,0,,0,0,0,,,0,0,0,0,0,0,0,0,0,0,0,0,0,0,0,0,0,0,0,0,0,0,0,0,0,0,0,0,0,0,2026-09-02T00:11:24.716708+00:00
Inglaterra Premier League 2026/2027,Everton - Crystal Palace,2026-08-22T14:00:00+00:00,finished,1,2-0,Everton,,,90,7.9,67,0,1,0.3142,0.335088,2,2,3,44,38,1,1,2,1,4,1,6,9,0,2,4,1,0,0,8,0,4,15,1,0,0,0,0,0,0,2026-09-02T00:11:24.716750+00:00
Inglaterra Premier League 2026/2027,Everton - Crystal Palace,2026-08-22T14:00:00+00:00,finished,1,2-0,Everton,,,11,6.5,6,0,0,0.0484,2.301e-05,1,0,0,4,2,0,0,0,0,0,0,1,0,1,0,0,0,0,0,0,1,0,2,0,0,0,0,0,0,0,2026-09-02T00:11:24.716863+00:00
Inglaterra Premier League 2026/2027,Everton - Crystal Palace,2026-08-22T14:00:00+00:00,finished,1,2-0,Everton,,,0,,0,0,0,,,0,0,0,0,0,0,0,0,0,0,0,0,0,0,0,0,0,0,0,0,0,0,0,0,0,0,0,0,0,0,2026-09-02T00:11:24.718254+00:00
Inglaterra Premier League 2026/2027,Everton - Crystal Palace,2026-08-22T14:00:00+00:00,finished,1,2-0,Crystal Palace,Adam Wharton,M,90,6.9,90,0,0,,0.247588,0,0,2,73,59,4,1,0,0,1,1,5,6,0,0,2,0,1,3,8,0,4,19,2,0,0,0,0,2,0,2026-09-02T00:11:24.716540+00:00
Inglaterra Premier League 2026/2027,Everton - Crystal Palace,2026-08-22T14:00:00+00:00,finished,1,2-0,Crystal Palace,Anan Khalaili,M,35,7.4,43,0,0,,0.153593,0,0,2,23,21,0,0,2,1,1,1,5,2,0,1,4,2,3,1,3,0,0,7,0,1,0,0,0,0,0,2026-09-02T00:11:24.716632+00:00
Inglaterra Premier League 2026/2027,Everton - Crystal Palace,2026-08-22T14:00:00+00:00,finished,1,2-0,Everton,Brennan Johnson,F,14,6.6,10,0,0,,0.00111895,0,0,0,3,2,1,1,0,0,0,0,1,2,0,1,0,0,2,0,0,0,0,2,1,1,0,0,0,0,0,2026-09-02T00:11:24.716852+00:00
Inglaterra Premier League 2026/2027,Everton - Crystal Palace,2026-08-22T14:00:00+00:00,finished,1,2-0,Everton,Carlos Alcaraz,M,1,,4,0,0,0.0211,0.00468383,1,1,0,2,1,1,0,0,0,0,0,1,1,0,0,1,1,0,0,2,0,0,1,0,0,0,0,0,0,0,2026-09-02T00:11:24.718206+00:00
Inglaterra Premier League 2026/2027,Everton - Crystal Palace,2026-08-22T14:00:00+00:00,finished,1,2-0,Crystal Palace,Chadi Riad,D,72,6.4,58,0,0,,0.00729541,0,0,0,46,43,3,2,0,0,1,0,3,3,2,0,1,1,5,1,3,0,0,6,0,2,0,0,0,2,0,2026-09-02T00:11:24.716573+00:00
Inglaterra Premier League 2026/2027,Everton - Crystal Palace,2026-08-22T14:00:00+00:00,finished,1,2-0,Crystal Palace,Chris Richards,D,90,6.8,85,0,0,,0.00377667,0,0,0,64,59,4,1,0,0,1,1,4,4,1,3,2,2,9,2,1,0,0,6,0,0,0,0,0,2,0,2026-09-02T00:11:24.716551+00:00
Inglaterra Premier League 2026/2027,Everton - Crystal Palace,2026-08-22T14:00:00+00:00,finished,1,2-0,Crystal Palace,Daichi Kamada,M,90,7.1,88,0,0,,0.152169,0,0,2,70,65,1,0,4,2,1,0,6,3,1,0,3,3,2,1,8,0,1,9,2,1,1,0,0,2,0,2026-09-02T00:11:24.716528+00:00
Inglaterra Premier League 2026/2027,Everton - Crystal Palace,2026-08-22T14:00:00+00:00,finished,1,2-0,Crystal Palace,Dean Henderson,G,90,6.9,45,0,0,,6.756e-05,0,0,0,31,23,10,3,0,0,0,0,0,0,0,0,0,0,3,0,13,0,0,8,0,0,0,0,3,2,2,2026-09-02T00:11:24.716474+00:00
Inglaterra Premier League 2026/2027,Everton - Crystal Palace,2026-08-22T14:00:00+00:00,finished,1,2-0,Crystal Palace,Dwight McNeil,M,63,6.5,40,0,0,0.0291,0.0243589,1,0,0,31,26,0,0,0,0,0,0,0,2,0,0,0,0,2,0,2,1,1,8,0,0,0,0,0,2,0,2026-09-02T00:11:24.716596+00:00
Inglaterra Premier League 2026/2027,Everton - Crystal Palace,2026-08-22T14:00:00+00:00,finished,1,2-0,Crystal Palace,Eddie Nketiah,F,55,7.0,26,0,0,0.5999,0.65549,1,1,2,14,9,0,0,0,0,1,0,4,5,3,3,1,1,1,0,1,0,1,11,0,0,0,0,0,2,0,2026-09-02T00:11:24.716609+00:00
Inglaterra Premier League 2026/2027,Everton - Crystal Palace,2026-08-22T14:00:00+00:00,finished,1,2-0,Crystal Palace,Evann Guessand,F,27,6.3,21,0,0,0.0332,0.0175441,1,1,0,13,12,0,0,1,0,0,0,1,4,0,0,1,0,0,0,0,0,2,5,0,2,0,0,0,0,0,2026-09-02T00:11:24.716666+00:00
Inglaterra Premier League 2026/2027,Everton - Crystal Palace,2026-08-22T14:00:00+00:00,finished,1,2-0,Everton,Harrison Armstrong,M,90,6.7,54,0,1,,0.0405022,0,0,1,39,34,1,0,0,0,2,0,3,6,0,1,1,1,1,2,11,0,0,10,2,3,0,0,0,0,0,2026-09-02T00:11:24.716762+00:00
Inglaterra Premier League 2026/2027,Everton - Crystal Palace,2026-08-22T14:00:00+00:00,finished,1,2-0,Everton,Hayden Hackney,M,79,7.1,59,0,0,0.0098,0.0116395,1,0,1,41,36,5,2,2,0,3,0,5,5,0,1,2,1,0,1,4,1,0,10,3,1,0,0,0,0,0,2026-09-02T00:11:24.716841+00:00
Inglaterra Premier League 2026/2027,Everton - Crystal Palace,2026-08-22T14:00:00+00:00,finished,1,2-0,Everton,Jake O'Brien,D,0,,0,0,0,,,0,0,0,0,0,0,0,0,0,0,0,0,0,0,0,0,0,0,0,0,0,0,0,0,0,0,0,0,0,0,2026-09-02T00:11:24.718231+00:00
Inglaterra Premier League 2026/2027,Everton - Crystal Palace,2026-08-22T14:00:00+00:00,finished,1,2-0,Everton,James Garner,M,11,6.8,12,0,0,,0.0259761,0,0,1,9,9,1,1,0,0,0,0,1,1,0,0,1,1,0,0,0,0,1,1,0,0,0,0,0,0,0,2026-09-02T00:11:24.716918+00:00
Inglaterra Premier League 2026/2027,Everton - Crystal Palace,2026-08-22T14:00:00+00:00,finished,1,2-0,Everton,James Tarkowski,D,90,7.0,47,0,0,0.0258,0.00360618,1,0,0,31,25,5,1,0,0,1,0,6,2,3,1,1,1,4,3,4,0,0,8,2,0,0,0,0,0,0,2026-09-02T00:11:24.716796+00:00
Inglaterra Premier League 2026/2027,Everton - Crystal Palace,2026-08-22T14:00:00+00:00,finished,1,2-0,Everton,Jarrad Branthwaite,D,90,7.6,52,0,0,,0.0158318,0,0,0,38,35,5,5,0,0,0,0,6,0,4,0,2,1,4,1,2,0,0,4,0,0,0,0,0,0,0,2026-09-02T00:11:24.716786+00:00
Inglaterra Premier League 2026/2027,Everton - Crystal Palace,2026-08-22T14:00:00+00:00,finished,1,2-0,Crystal Palace,Jaydee Canvot,D,90,6.9,98,0,0,0.0541,0.0148289,1,0,0,85,77,5,3,0,0,1,0,6,3,2,1,4,3,2,0,3,1,1,10,0,0,0,0,0,2,0,2026-09-02T00:11:24.716561+00:00
Inglaterra Premier League 2026/2027,Everton - Crystal Palace,2026-08-22T14:00:00+00:00,finished,1,2-0,Crystal Palace,Jean-Philippe Mateta,F,63,5.9,21,0,0,0.7691,0.0176129,2,0,1,12,9,0,0,0,0,0,0,3,5,1,2,2,0,1,0,2,0,1,6,0,2,0,0,0,2,0,2026-09-02T00:11:24.716585+00:00
Inglaterra Premier League 2026/2027,Everton - Crystal Palace,2026-08-22T14:00:00+00:00,finished,1,2-0,Everton,Jordan Pickford,G,90,8.2,42,0,0,,0.0160055,0,0,0,35,21,25,11,0,0,0,0,0,0,0,0,0,0,0,0,12,0,0,14,0,0,0,0,4,0,0,2026-09-02T00:11:24.716741+00:00
Inglaterra Premier League 2026/2027,Everton - Crystal Palace,2026-08-22T14:00:00+00:00,finished,1,2-0,Crystal Palace,Jørgen Strand Larsen,F,27,6.2,5,0,0,0.2447,0.00554544,1,1,0,4,3,0,0,0,0,0,0,0,4,0,3,0,0,0,0,0,0,0,1,0,2,0,0,0,0,0,2026-09-02T00:11:24.716655+00:00
Inglaterra Premier League 2026/2027,Everton - Crystal Palace,2026-08-22T14:00:00+00:00,finished,1,2-0,Everton,Kiernan Dewsbury-Hall,M,89,8.6,61,1,0,0.124,0.151191,3,1,2,37,32,4,1,6,0,3,1,5,4,0,0,2,1,1,0,5,1,0,15,2,0,0,0,0,0,0,2026-09-02T00:11:24.716807+00:00
Inglaterra Premier League 2026/2027,Everton - Crystal Palace,2026-08-22T14:00:00+00:00,finished,1,2-0,Everton,Mark Travers,G,0,,0,0,0,,,0,0,0,0,0,0,0,0,0,0,0,0,0,0,0,0,0,0,0,0,0,0,0,0,0,0,0,0,0,0,2026-09-02T00:11:24.718243+00:00
Inglaterra Premier League 2026/2027,Everton - Crystal Palace,2026-08-22T14:00:00+00:00,finished,1,2-0,Everton,Merlin Röhl,M,90,7.4,70,0,0,,0.0552777,0,0,1,43,31,5,4,2,0,1,0,5,2,3,1,2,1,2,1,5,0,0,21,0,0,0,0,0,0,0,2026-09-02T00:11:24.716729+00:00
Inglaterra Premier League 2026/2027,Everton - Crystal Palace,2026-08-22T14:00:00+00:00,finished,1,2-0,Everton,Michael Keane,D,0,,0,0,0,,,0,0,0,0,0,0,0,0,0,0,0,0,0,0,0,0,0,0,0,0,0,0,0,0,0,0,0,0,0,0,2026-09-02T00:11:24.718266+00:00
Inglaterra Premier League 2026/2027,Everton - Crystal Palace,2026-08-22T14:00:00+00:00,finished,1,2-0,Crystal Palace,Takehiro Tomiyasu,D,18,6.7,28,0,0,,0.0107133,0,0,0,24,20,0,0,0,0,0,0,2,3,1,2,0,0,0,1,1,0,0,4,1,1,0,0,0,0,0,2026-09-02T00:11:24.716676+00:00
Inglaterra Premier League 2026/2027,Everton - Crystal Palace,2026-08-22T14:00:00+00:00,finished,1,2-0,Everton,Thierno Barry,F,79,6.9,33,1,0,0.4445,0.0769181,2,1,1,16,12,0,0,1,1,1,0,4,8,2,4,1,1,0,0,2,1,3,11,1,0,0,0,0,0,0,2026-09-02T00:11:24.716830+00:00
Inglaterra Premier League 2026/2027,Everton - Crystal Palace,2026-08-22T14:00:00+00:00,finished,1,2-0,Everton,Tyler Dibling,M,0,,0,0,0,,,0,0,0,0,0,0,0,0,0,0,0,0,0,0,0,0,0,0,0,0,0,0,0,0,0,0,0,0,0,0,2026-09-02T00:11:24.718277+00:00
Inglaterra Premier League 2026/2027,Everton - Crystal Palace,2026-08-22T14:00:00+00:00,finished,1,2-0,Crystal Palace,Tyrick Mitchell,M,90,6.4,55,0,0,,0.0138874,0,0,1,30,27,1,0,4,0,1,0,2,4,0,1,2,2,3,0,4,0,0,10,0,2,0,0,0,2,0,2026-09-02T00:11:24.716515+00:00
Inglaterra Premier League 2026/2027,Everton - Crystal Palace,2026-08-22T14:00:00+00:00,finished,1,2-0,Everton,Tyrique George,F,84,7.6,55,0,0,0.1719,0.0820524,5,0,2,36,30,2,2,1,0,4,3,5,2,2,0,0,0,1,2,4,3,1,12,0,0,0,0,0,0,0,2026-09-02T00:11:24.716819+00:00
Inglaterra Premier League 2026/2027,Everton - Crystal Palace,2026-08-22T14:00:00+00:00,finished,1,2-0,Everton,Vitaliy Mykolenko,D,90,7.2,61,0,0,,0.0484056,0,0,1,36,30,2,1,0,0,1,0,4,4,3,2,0,0,4,0,4,0,1,12,2,0,0,0,0,0,0,2026-09-02T00:11:24.716773+00:00
Inglaterra Premier League 2026/2027,Everton - Crystal Palace,2026-08-22T14:00:00+00:00,finished,1,2-0,Crystal Palace,Walter Benítez,G,0,,0,0,0,,,0,0,0,0,0,0,0,0,0,0,0,0,0,0,0,0,0,0,0,0,0,0,0,0,0,0,0,0,0,0,2026-09-02T00:11:24.716698+00:00
Inglaterra Premier League 2026/2027,Everton - Crystal Palace,2026-08-22T14:00:00+00:00,finished,1,2-0,Crystal Palace,Will Hughes,M,0,,0,0,0,,,0,0,0,0,0,0,0,0,0,0,0,0,0,0,0,0,0,0,0,0,0,0,0,0,0,0,0,0,0,0,2026-09-02T00:11:24.716687+00:00
Inglaterra Premier League 2026/2027,Everton - Crystal Palace,2026-08-22T14:00:00+00:00,finished,1,2-0,Crystal Palace,Yéremy Pino,F,35,6.6,29,0,0,0.06,0.0199269,2,0,0,19,17,0,0,2,0,0,0,2,2,0,1,2,1,0,0,3,1,1,7,0,1,0,0,0,0,0,2026-09-02T00:11:24.716643+00:00
Inglaterra Premier League 2026/2027,Everton - Crystal Palace,2026-08-22T14:00:00+00:00,finished,1,2-0,Crystal Palace,Óscar Mingueza,M,0,,0,0,0,,,0,0,0,0,0,0,0,0,0,0,0,0,0,0,0,0,0,0,0,0,0,0,0,0,0,0,0,0,0,0,2026-09-02T00:11:24.716718+00:00
Inglaterra Premier League 2026/2027,Ipswich Town - Sunderland,2026-08-22T14:00:00+00:00,finished,1,2-1,Ipswich Town,,,0,,0,0,0,,,0,0,0,0,0,0,0,0,0,0,0,0,0,0,0,0,0,0,0,0,0,0,0,0,0,0,0,0,0,0,2026-09-02T00:11:24.468041+00:00
Inglaterra Premier League 2026/2027,Ipswich Town - Sunderland,2026-08-22T14:00:00+00:00,finished,1,2-1,Ipswich Town,Abdoul Ouattara,M,15,6.7,7,0,0,,0.00078131,0,0,1,3,3,0,0,0,0,0,0,0,0,0,0,0,0,2,0,0,0,0,1,0,0,0,0,0,0,0,2026-09-02T00:11:24.468032+00:00
Inglaterra Premier League 2026/2027,Ipswich Town - Sunderland,2026-08-22T14:00:00+00:00,finished,1,2-1,Ipswich Town,Abdul Fatawu Issahaku,M,66,7.6,37,0,0,,0.405247,0,0,2,11,6,2,1,6,2,3,3,10,8,0,2,4,2,0,1,2,0,3,16,3,1,0,0,0,1,0,2026-09-02T00:11:24.467986+00:00
Inglaterra Premier League 2026/2027,Ipswich Town - Sunderland,2026-08-22T14:00:00+00:00,finished,1,2-1,Sunderland,Brian Brobbey,F,67,6.1,11,0,0,0.3691,0.00162403,2,1,0,3,3,0,0,0,0,2,0,0,5,0,0,0,0,0,0,0,1,1,5,0,2,0,0,0,1,0,2026-09-02T00:11:24.467784+00:00
Inglaterra Premier League 2026/2027,Ipswich Town - Sunderland,2026-08-22T14:00:00+00:00,finished,1,2-1,Sunderland,Chemsdine Talbi,M,36,6.3,15,0,0,,0.0009055,0,0,0,10,8,1,1,3,0,0,0,0,3,0,0,0,0,0,0,2,0,1,7,0,1,0,0,0,1,0,2026-09-02T00:11:24.467811+00:00
Inglaterra Premier League 2026/2027,Ipswich Town - Sunderland,2026-08-22T14:00:00+00:00,finished,1,2-1,Sunderland,Chris Rigg,M,15,6.4,4,0,0,,0.00110859,0,0,0,3,2,0,0,0,0,0,0,0,0,0,0,0,0,0,0,1,0,0,1,0,0,0,0,0,1,0,2026-09-02T00:11:24.467839+00:00
Inglaterra Premier League 2026/2027,Ipswich Town - Sunderland,2026-08-22T14:00:00+00:00,finished,1,2-1,Ipswich Town,Christian Walton,G,0,,0,0,0,,,0,0,0,0,0,0,0,0,0,0,0,0,0,0,0,0,0,0,0,0,0,0,0,0,0,0,0,0,0,0,2026-09-02T00:11:24.468051+00:00
Inglaterra Premier League 2026/2027,Ipswich Town - Sunderland,2026-08-22T14:00:00+00:00,finished,1,2-1,Ipswich Town,Chuba Akpom,F,29,6.5,9,0,0,,7.738e-05,0,0,0,4,2,0,0,0,0,0,0,4,6,2,4,1,0,0,0,2,0,1,4,1,1,0,0,0,0,0,2026-09-02T00:11:24.467996+00:00
Inglaterra Premier League 2026/2027,Ipswich Town - Sunderland,2026-08-22T14:00:00+00:00,finished,1,2-1,Ipswich Town,Cédric Kipré,D,0,,0,0,0,,,0,0,0,0,0,0,0,0,0,0,0,0,0,0,0,0,0,0,0,0,0,0,0,0,0,0,0,0,0,0,2026-09-02T00:11:24.468068+00:00
Inglaterra Premier League 2026/2027,Ipswich Town - Sunderland,2026-08-22T14:00:00+00:00,finished,1,2-1,Ipswich Town,Daizen Maeda,F,80,6.3,31,0,0,0.6091,0.00356411,1,0,0,11,8,0,0,2,0,2,0,4,6,0,0,4,3,2,0,2,0,1,8,0,2,0,0,0,1,0,2026-09-02T00:11:24.467951+00:00
Inglaterra Premier League 2026/2027,Ipswich Town - Sunderland,2026-08-22T14:00:00+00:00,finished,1,2-1,Sunderland,Daniel Ballard,D,95,6.2,70,0,0,,0.00534774,0,0,0,56,52,6,4,0,0,0,0,6,9,3,6,2,1,6,0,0,0,0,5,1,2,1,0,0,2,0,2026-09-02T00:11:24.467749+00:00
Inglaterra Premier League 2026/2027,Ipswich Town - Sunderland,2026-08-22T14:00:00+00:00,finished,1,2-1,Ipswich Town,Dara O'Shea,D,95,7.5,70,0,0,,0.158322,0,0,2,35,23,7,1,1,1,0,0,9,2,4,1,3,1,12,1,6,0,1,16,2,0,0,0,0,1,0,2026-09-02T00:11:24.467904+00:00
Inglaterra Premier League 2026/2027,Ipswich Town - Sunderland,2026-08-22T14:00:00+00:00,finished,1,2-1,Ipswich Town,Darnell Furlong,D,0,,0,0,0,,,0,0,0,0,0,0,0,0,0,0,0,0,0,0,0,0,0,0,0,0,0,0,0,0,0,0,0,0,0,0,2026-09-02T00:11:24.468060+00:00
Inglaterra Premier League 2026/2027,Ipswich Town - Sunderland,2026-08-22T14:00:00+00:00,finished,1,2-1,Ipswich Town,Emersonn,F,66,7.9,26,1,0,0.8257,0.0625769,3,2,2,11,9,0,0,1,1,2,2,7,3,3,2,1,1,1,0,1,0,1,8,1,0,0,0,0,1,0,2026-09-02T00:11:24.467978+00:00
Inglaterra Premier League 2026/2027,Ipswich Town - Sunderland,2026-08-22T14:00:00+00:00,finished,1,2-1,Sunderland,Enzo Le Fée,M,80,6.3,58,0,0,,0.0660561,0,0,0,43,39,1,0,2,0,6,1,3,8,0,0,1,1,0,0,1,0,1,13,1,0,0,0,0,1,0,2026-09-02T00:11:24.467766+00:00
Inglaterra Premier League 2026/2027,Ipswich Town - Sunderland,2026-08-22T14:00:00+00:00,finished,1,2-1,Sunderland,Granit Xhaka,M,95,7.6,93,0,0,,0.0909967,0,0,2,73,68,7,6,5,1,1,1,9,4,1,0,3,1,0,2,7,0,2,12,4,1,0,0,0,2,0,2026-09-02T00:11:24.467717+00:00
Inglaterra Premier League 2026/2027,Ipswich Town - Sunderland,2026-08-22T14:00:00+00:00,finished,1,2-1,Sunderland,Habib Diarra,M,15,6.5,7,0,0,0.0263,0.0012111,1,0,0,6,6,1,1,0,0,0,0,0,0,0,0,0,0,0,0,0,1,0,0,0,0,0,0,0,1,0,2026-09-02T00:11:24.467848+00:00
Inglaterra Premier League 2026/2027,Ipswich Town - Sunderland,2026-08-22T14:00:00+00:00,finished,1,2-1,Ipswich Town,Issa Diop,D,95,5.9,46,0,0,,0.0119034,0,0,0,39,31,5,0,0,0,0,0,1,7,0,2,1,1,2,2,5,0,1,9,0,2,0,0,0,1,0,2026-09-02T00:11:24.467894+00:00
Inglaterra Premier League 2026/2027,Ipswich Town - Sunderland,2026-08-22T14:00:00+00:00,finished,1,2-1,Ipswich Town,Jack Clarke,M,24,7.7,8,1,0,0.075,0.00253798,2,1,0,5,5,0,0,0,0,0,0,1,0,0,0,1,1,0,0,1,0,0,0,0,0,0,0,0,0,0,2026-09-02T00:11:24.468014+00:00
Inglaterra Premier League 2026/2027,Ipswich Town - Sunderland,2026-08-22T14:00:00+00:00,finished,1,2-1,Ipswich Town,Jacob Greaves,D,95,6.9,49,0,0,,0.00491323,0,0,0,39,33,5,2,0,0,0,0,8,2,3,1,3,2,4,0,1,0,0,7,2,1,0,0,0,1,0,2026-09-02T00:11:24.467942+00:00
Inglaterra Premier League 2026/2027,Ipswich Town - Sunderland,2026-08-22T14:00:00+00:00,finished,1,2-1,Sunderland,Jocelin Ta Bi,M,0,,0,0,0,,,0,0,0,0,0,0,0,0,0,0,0,0,0,0,0,0,0,0,0,0,0,0,0,0,0,0,0,0,0,0,2026-09-02T00:11:24.467884+00:00
Inglaterra Premier League 2026/2027,Ipswich Town - Sunderland,2026-08-22T14:00:00+00:00,finished,1,2-1,Ipswich Town,Julio Enciso,M,71,7.7,40,0,1,0.2063,0.31423,3,0,1,22,19,1,1,0,0,7,4,7,4,0,0,1,1,1,0,5,1,0,6,2,1,0,0,0,1,0,2026-09-02T00:11:24.467968+00:00
Inglaterra Premier League 2026/2027,Ipswich Town - Sunderland,2026-08-22T14:00:00+00:00,finished,1,2-1,Ipswich Town,Kasey McAteer,M,29,6.6,9,0,0,,0.00474216,0,0,0,6,5,0,0,0,0,0,0,1,2,0,1,1,1,0,0,2,0,0,2,0,1,0,0,0,0,0,2026-09-02T00:11:24.468005+00:00
Inglaterra Premier League 2026/2027,Ipswich Town - Sunderland,2026-08-22T14:00:00+00:00,finished,1,2-1,Ipswich Town,Kjell Scherpen,G,95,6.7,37,0,0,,0.0250553,0,0,0,26,15,23,12,0,0,0,0,1,0,0,0,0,0,1,0,10,0,0,12,1,0,0,0,2,1,1,2026-09-02T00:11:24.467913+00:00
Inglaterra Premier League 2026/2027,Ipswich Town - Sunderland,2026-08-22T14:00:00+00:00,finished,1,2-1,Ipswich Town,Leif Davis,D,95,6.9,47,0,0,,0.00895786,0,0,0,29,24,3,1,2,0,0,0,3,1,2,0,0,0,5,1,4,0,1,11,1,0,0,0,0,1,0,2026-09-02T00:11:24.467932+00:00
Inglaterra Premier League 2026/2027,Ipswich Town - Sunderland,2026-08-22T14:00:00+00:00,finished,1,2-1,Sunderland,Luke O'Nien,D,67,6.2,68,0,0,0.0217,0.00627269,1,0,0,53,47,9,5,2,0,1,1,2,4,0,0,1,0,3,0,4,1,0,12,0,2,1,0,0,1,0,2026-09-02T00:11:24.467793+00:00
Inglaterra Premier League 2026/2027,Ipswich Town - Sunderland,2026-08-22T14:00:00+00:00,finished,1,2-1,Ipswich Town,Marcelino Núñez,M,80,7.8,53,0,0,0.021,0.0511383,1,0,0,40,38,2,2,0,0,2,2,4,4,0,0,2,1,2,1,6,0,0,4,0,1,0,0,0,1,0,2026-09-02T00:11:24.467960+00:00
Inglaterra Premier League 2026/2027,Ipswich Town - Sunderland,2026-08-22T14:00:00+00:00,finished,1,2-1,Sunderland,Melker Ellborg,G,0,,0,0,0,,,0,0,0,0,0,0,0,0,0,0,0,0,0,0,0,0,0,0,0,0,0,0,0,0,0,0,0,0,0,0,2026-09-02T00:11:24.467867+00:00
Inglaterra Premier League 2026/2027,Ipswich Town - Sunderland,2026-08-22T14:00:00+00:00,finished,1,2-1,Sunderland,Nilson Angulo,M,59,7.1,39,1,0,0.163,0.00939567,2,1,0,21,18,1,0,2,0,2,0,4,9,2,4,1,1,0,1,5,0,2,14,1,0,1,0,0,1,0,2026-09-02T00:11:24.467802+00:00
Inglaterra Premier League 2026/2027,Ipswich Town - Sunderland,2026-08-22T14:00:00+00:00,finished,1,2-1,Sunderland,Noah Sadiki,M,95,6.8,74,0,0,0.0571,0.0260384,1,1,2,56,51,2,2,1,1,5,4,8,3,1,0,0,0,0,0,2,0,1,10,3,1,0,0,0,2,0,2026-09-02T00:11:24.467729+00:00
Inglaterra Premier League 2026/2027,Ipswich Town - Sunderland,2026-08-22T14:00:00+00:00,finished,1,2-1,Sunderland,Nordi Mukiele,D,0,,0,0,0,,,0,0,0,0,0,0,0,0,0,0,0,0,0,0,0,0,0,0,0,0,0,0,0,0,0,0,0,0,0,0,2026-09-02T00:11:24.467875+00:00
Inglaterra Premier League 2026/2027,Ipswich Town - Sunderland,2026-08-22T14:00:00+00:00,finished,1,2-1,Sunderland,Omar Alderete,D,28,6.1,38,0,0,,0.00775256,0,0,0,37,34,5,3,0,0,0,0,1,0,1,0,0,0,0,0,2,0,0,3,0,0,0,0,0,1,0,2026-09-02T00:11:24.467830+00:00
Inglaterra Premier League 2026/2027,Ipswich Town - Sunderland,2026-08-22T14:00:00+00:00,finished,1,2-1,Sunderland,Reinildo Mandava,D,95,6.6,82,0,0,,0.289577,0,0,2,55,48,1,1,2,1,2,1,8,6,3,1,3,1,2,3,5,0,0,11,1,2,0,0,0,2,0,2026-09-02T00:11:24.467739+00:00
Inglaterra Premier League 2026/2027,Ipswich Town - Sunderland,2026-08-22T14:00:00+00:00,finished,1,2-1,Sunderland,Robin Roefs,G,95,6.4,57,0,0,,0.00179506,0,0,0,47,35,20,8,0,0,1,1,3,0,1,0,0,0,1,0,8,0,0,13,1,0,0,0,1,2,1,2026-09-02T00:11:24.467671+00:00
Inglaterra Premier League 2026/2027,Ipswich Town - Sunderland,2026-08-22T14:00:00+00:00,finished,1,2-1,Sunderland,Romaine Mundle,F,0,,0,0,0,,,0,0,0,0,0,0,0,0,0,0,0,0,0,0,0,0,0,0,0,0,0,0,0,0,0,0,0,0,0,0,2026-09-02T00:11:24.467857+00:00
Inglaterra Premier League 2026/2027,Ipswich Town - Sunderland,2026-08-22T14:00:00+00:00,finished,1,2-1,Ipswich Town,Saša Lukić,M,95,6.6,51,0,1,,0.0191899,0,0,1,43,36,5,2,2,0,1,0,1,6,0,1,1,1,1,1,3,0,1,11,0,1,0,0,0,1,0,2026-09-02T00:11:24.467922+00:00
Inglaterra Premier League 2026/2027,Ipswich Town - Sunderland,2026-08-22T14:00:00+00:00,finished,1,2-1,Ipswich Town,Sindre Walle Egeli,M,15,6.5,2,0,0,,5.731e-05,0,0,0,1,1,0,0,0,0,0,0,1,1,0,0,0,0,0,0,0,0,0,0,1,1,0,0,0,0,0,2026-09-02T00:11:24.468023+00:00
Inglaterra Premier League 2026/2027,Ipswich Town - Sunderland,2026-08-22T14:00:00+00:00,finished,1,2-1,Sunderland,Thomas Meunier,D,95,6.6,82,0,0,0.0818,0.0832226,2,1,0,60,53,4,3,4,0,2,1,5,4,2,1,2,1,0,2,3,1,0,15,0,1,0,0,0,2,0,2026-09-02T00:11:24.467757+00:00
Inglaterra Premier League 2026/2027,Ipswich Town - Sunderland,2026-08-22T14:00:00+00:00,finished,1,2-1,Sunderland,Trai Hume,D,80,6.5,37,0,0,0.0366,0.271377,2,0,3,23,18,0,0,1,1,1,0,3,4,0,0,3,2,0,1,6,0,1,9,0,2,0,0,0,1,0,2026-09-02T00:11:24.467775+00:00
Inglaterra Premier League 2026/2027,Ipswich Town - Sunderland,2026-08-22T14:00:00+00:00,finished,1,2-1,Sunderland,Wilson Isidor,F,28,6.3,6,0,0,,0.00035201,0,0,0,4,2,0,0,0,0,0,0,1,3,1,2,0,0,0,0,0,0,1,4,0,0,0,0,0,1,0,2026-09-02T00:11:24.467821+00:00
Inglaterra Premier League 2026/2027,Nottingham Forest - Leeds United,2026-08-22T14:00:00+00:00,finished,1,0-1,Nottingham Forest,,,0,,0,0,0,,,0,0,0,0,0,0,0,0,0,0,0,0,0,0,0,0,0,0,0,0,0,0,0,0,0,0,0,0,0,0,2026-09-02T00:11:24.244412+00:00
Inglaterra Premier League 2026/2027,Nottingham Forest - Leeds United,2026-08-22T14:00:00+00:00,finished,1,0-1,Leeds United,,,0,,0,0,0,,,0,0,0,0,0,0,0,0,0,0,0,0,0,0,0,0,0,0,0,0,0,0,0,0,0,0,0,0,0,0,2026-09-02T00:11:24.244576+00:00
Inglaterra Premier League 2026/2027,Nottingham Forest - Leeds United,2026-08-22T14:00:00+00:00,finished,1,0-1,Leeds United,Alfie Cresswell,M,0,,0,0,0,,,0,0,0,0,0,0,0,0,0,0,0,0,0,0,0,0,0,0,0,0,0,0,0,0,0,0,0,0,0,0,2026-09-02T00:11:24.244604+00:00
Inglaterra Premier League 2026/2027,Nottingham Forest - Leeds United,2026-08-22T14:00:00+00:00,finished,1,0-1,Leeds United,Anton Stach,M,90,8.1,57,1,0,0.0884,0.048115,3,1,0,31,17,5,2,1,0,1,0,9,5,2,0,3,2,4,4,5,1,1,19,4,2,0,0,0,0,0,2026-09-02T00:11:24.244499+00:00
Inglaterra Premier League 2026/2027,Nottingham Forest - Leeds United,2026-08-22T14:00:00+00:00,finished,1,0-1,Leeds United,Ao Tanaka,M,0,,0,0,0,,,0,0,0,0,0,0,0,0,0,0,0,0,0,0,0,0,0,0,0,0,0,0,0,0,0,0,0,0,0,0,2026-09-02T00:11:24.244613+00:00
Inglaterra Premier League 2026/2027,Nottingham Forest - Leeds United,2026-08-22T14:00:00+00:00,finished,1,0-1,Nottingham Forest,Arnaud Kalimuendo,F,1,,0,0,0,,,0,0,0,0,0,0,0,0,0,0,0,0,0,0,0,0,0,0,0,0,0,0,0,0,0,0,0,0,0,0,2026-09-02T00:11:24.244326+00:00
Inglaterra Premier League 2026/2027,Nottingham Forest - Leeds United,2026-08-22T14:00:00+00:00,finished,1,0-1,Leeds United,Brenden Aaronson,M,82,6.8,30,0,0,0.0173,0.00705384,1,1,0,15,11,0,0,0,0,2,2,7,8,2,4,1,1,0,0,6,0,3,9,2,0,0,0,0,0,0,2026-09-02T00:11:24.244538+00:00
Inglaterra Premier League 2026/2027,Nottingham Forest - Leeds United,2026-08-22T14:00:00+00:00,finished,1,0-1,Nottingham Forest,Callum Hudson Odoi,M,0,,0,0,0,,,0,0,0,0,0,0,0,0,0,0,0,0,0,0,0,0,0,0,0,0,0,0,0,0,0,0,0,0,0,0,2026-09-02T00:11:24.244375+00:00
Inglaterra Premier League 2026/2027,Nottingham Forest - Leeds United,2026-08-22T14:00:00+00:00,finished,1,0-1,Nottingham Forest,Chris Wood,F,28,6.5,9,0,0,0.0704,0.00828028,1,0,0,5,5,0,0,0,0,1,0,2,3,1,2,0,0,0,0,1,0,0,1,1,0,0,0,0,1,0,2026-09-02T00:11:24.244299+00:00
Inglaterra Premier League 2026/2027,Nottingham Forest - Leeds United,2026-08-22T14:00:00+00:00,finished,1,0-1,Nottingham Forest,Dan Ndoye,M,62,6.5,17,0,0,,0.00244173,0,0,0,10,6,1,0,0,0,1,0,3,3,1,0,1,0,1,0,1,0,0,5,1,2,0,0,0,0,0,2026-09-02T00:11:24.244290+00:00
Inglaterra Premier League 2026/2027,Nottingham Forest - Leeds United,2026-08-22T14:00:00+00:00,finished,1,0-1,Leeds United,Daniel James,M,0,,0,0,0,,,0,0,0,0,0,0,0,0,0,0,0,0,0,0,0,0,0,0,0,0,0,0,0,0,0,0,0,0,0,0,2026-09-02T00:11:24.244622+00:00
Inglaterra Premier League 2026/2027,Nottingham Forest - Leeds United,2026-08-22T14:00:00+00:00,finished,1,0-1,Leeds United,Dominic Calvert-Lewin,F,90,6.1,22,0,0,0.128,0.00187369,3,0,0,14,5,0,0,0,0,0,0,4,7,4,5,0,0,0,0,2,2,0,12,0,2,1,0,0,0,0,2026-09-02T00:11:24.244528+00:00
Inglaterra Premier League 2026/2027,Nottingham Forest - Leeds United,2026-08-22T14:00:00+00:00,finished,1,0-1,Leeds United,Ethan Ampadu,M,90,7.1,66,0,0,,0.0376882,0,0,2,49,40,6,2,0,0,1,1,5,7,0,2,2,1,3,2,4,0,0,12,2,2,0,0,0,0,0,2026-09-02T00:11:24.244510+00:00
Inglaterra Premier League 2026/2027,Nottingham Forest - Leeds United,2026-08-22T14:00:00+00:00,finished,1,0-1,Leeds United,Harry Wilson,M,66,6.8,24,0,0,,0.0239544,0,0,1,15,13,3,3,3,1,2,1,3,2,0,0,2,1,0,0,0,0,0,6,0,1,0,0,0,0,0,2026-09-02T00:11:24.244548+00:00
Inglaterra Premier League 2026/2027,Nottingham Forest - Leeds United,2026-08-22T14:00:00+00:00,finished,1,0-1,Nottingham Forest,Ibrahim Sangaré,M,90,6.8,55,0,0,0.0154,0.0917328,1,0,1,47,36,8,3,0,0,1,1,4,2,2,0,0,0,0,0,3,0,0,13,1,2,0,0,0,1,0,2026-09-02T00:11:24.244223+00:00
Inglaterra Premier League 2026/2027,Nottingham Forest - Leeds United,2026-08-22T14:00:00+00:00,finished,1,0-1,Nottingham Forest,Igor Jesus,F,90,6.9,40,0,0,0.2357,0.0221122,3,1,0,23,20,2,2,0,0,1,0,11,11,9,6,0,0,2,0,1,1,2,10,3,1,0,0,0,1,0,2026-09-02T00:11:24.244253+00:00
Inglaterra Premier League 2026/2027,Nottingham Forest - Leeds United,2026-08-22T14:00:00+00:00,finished,1,0-1,Nottingham Forest,Jair,D,90,6.5,60,0,0,,0.00498142,0,0,0,41,36,5,2,1,0,1,0,4,7,0,3,2,0,5,1,0,0,0,9,2,2,1,0,0,1,0,2026-09-02T00:11:24.244199+00:00
Inglaterra Premier League 2026/2027,Nottingham Forest - Leeds United,2026-08-22T14:00:00+00:00,finished,1,0-1,Leeds United,Jaka Bijol,D,90,7.3,71,0,0,0.1292,0.00189987,2,0,0,55,44,5,3,1,0,0,0,8,6,6,6,1,1,8,2,5,2,0,12,1,1,0,0,0,0,0,2026-09-02T00:11:24.244448+00:00
Inglaterra Premier League 2026/2027,Nottingham Forest - Leeds United,2026-08-22T14:00:00+00:00,finished,1,0-1,Leeds United,James Justin,D,90,7.3,43,0,0,,0.0104691,0,0,0,21,13,2,1,1,0,0,0,12,4,4,2,6,3,4,1,4,0,0,12,2,1,0,0,0,0,0,2026-09-02T00:11:24.244519+00:00
Inglaterra Premier League 2026/2027,Nottingham Forest - Leeds United,2026-08-22T14:00:00+00:00,finished,1,0-1,Nottingham Forest,James McAtee,M,74,7.3,49,0,0,,0.152582,0,0,3,35,30,3,2,5,2,0,0,6,1,3,0,1,1,2,0,5,0,0,9,2,0,0,0,0,0,0,2026-09-02T00:11:24.244281+00:00
Inglaterra Premier League 2026/2027,Nottingham Forest - Leeds United,2026-08-22T14:00:00+00:00,finished,1,0-1,Leeds United,James Trafford,G,90,7.3,44,0,0,,0.00185481,0,0,0,35,19,26,10,0,0,0,0,0,2,0,2,0,0,0,0,10,0,0,16,0,0,0,0,3,0,0,2026-09-02T00:11:24.244429+00:00
Inglaterra Premier League 2026/2027,Nottingham Forest - Leeds United,2026-08-22T14:00:00+00:00,finished,1,0-1,Leeds United,Jayden Bogle,D,90,6.6,38,0,0,,0.00294105,0,0,0,23,16,4,0,0,0,2,1,5,5,0,2,1,1,1,1,3,0,0,12,3,1,0,0,0,0,0,2026-09-02T00:11:24.244481+00:00
Inglaterra Premier League 2026/2027,Nottingham Forest - Leeds United,2026-08-22T14:00:00+00:00,finished,1,0-1,Leeds United,Jayden Lienou,D,0,,0,0,0,,,0,0,0,0,0,0,0,0,0,0,0,0,0,0,0,0,0,0,0,0,0,0,0,0,0,0,0,0,0,0,2026-09-02T00:11:24.244586+00:00
Inglaterra Premier League 2026/2027,Nottingham Forest - Leeds United,2026-08-22T14:00:00+00:00,finished,1,0-1,Leeds United,Joe Rodon,D,90,7.1,41,0,0,0.0333,0.0324706,1,0,1,25,18,1,0,1,1,1,0,6,3,4,0,1,1,5,2,1,1,0,10,1,2,0,0,0,0,0,2026-09-02T00:11:24.244439+00:00
Inglaterra Premier League 2026/2027,Nottingham Forest - Leeds United,2026-08-22T14:00:00+00:00,finished,1,0-1,Nottingham Forest,John Victor,G,0,,0,0,0,,,0,0,0,0,0,0,0,0,0,0,0,0,0,0,0,0,0,0,0,0,0,0,0,0,0,0,0,0,0,0,2026-09-02T00:11:24.244392+00:00
Inglaterra Premier League 2026/2027,Nottingham Forest - Leeds United,2026-08-22T14:00:00+00:00,finished,1,0-1,Nottingham Forest,Luca Netz,D,16,6.2,9,0,0,,0.0041096,0,0,0,7,5,2,0,0,0,0,0,0,1,0,0,0,0,0,0,1,0,0,2,0,1,0,0,0,1,0,2026-09-02T00:11:24.244307+00:00
Inglaterra Premier League 2026/2027,Nottingham Forest - Leeds United,2026-08-22T14:00:00+00:00,finished,1,0-1,Leeds United,Lukas Nmecha,F,0,,0,0,0,,,0,0,0,0,0,0,0,0,0,0,0,0,0,0,0,0,0,0,0,0,0,0,0,0,0,0,0,0,0,0,2026-09-02T00:11:24.244631+00:00
Inglaterra Premier League 2026/2027,Nottingham Forest - Leeds United,2026-08-22T14:00:00+00:00,finished,1,0-1,Nottingham Forest,Matz Sels,G,90,6.5,33,0,0,,0.00248358,0,0,0,26,12,19,5,0,0,0,0,0,0,0,0,0,0,0,0,9,0,0,14,0,0,0,0,2,1,0,2026-09-02T00:11:24.244150+00:00
Inglaterra Premier League 2026/2027,Nottingham Forest - Leeds United,2026-08-22T14:00:00+00:00,finished,1,0-1,Nottingham Forest,Morgan Gibbs-White,M,90,6.8,67,0,0,0.1741,0.0567906,3,0,0,39,33,6,4,4,0,6,2,4,7,0,0,0,0,0,1,2,0,1,18,2,1,0,0,0,1,0,2026-09-02T00:11:24.244243+00:00
Inglaterra Premier League 2026/2027,Nottingham Forest - Leeds United,2026-08-22T14:00:00+00:00,finished,1,0-1,Nottingham Forest,Murillo,D,89,7.1,74,0,0,,0.108794,0,0,2,55,49,9,5,0,0,2,1,4,7,1,4,2,1,10,0,3,0,1,9,0,1,0,0,0,1,0,2026-09-02T00:11:24.244262+00:00
Inglaterra Premier League 2026/2027,Nottingham Forest - Leeds United,2026-08-22T14:00:00+00:00,finished,1,0-1,Nottingham Forest,Neco Williams,D,90,6.7,55,0,0,,0.0206268,0,0,0,26,18,2,1,5,1,1,1,7,7,2,4,3,3,3,0,10,0,1,16,1,1,0,0,0,1,0,2026-09-02T00:11:24.244233+00:00
Inglaterra Premier League 2026/2027,Nottingham Forest - Leeds United,2026-08-22T14:00:00+00:00,finished,1,0-1,Leeds United,Nico Elvedi,D,0,,0,0,0,,,0,0,0,0,0,0,0,0,0,0,0,0,0,0,0,0,0,0,0,0,0,0,0,0,0,0,0,0,0,0,2026-09-02T00:11:24.244596+00:00
Inglaterra Premier League 2026/2027,Nottingham Forest - Leeds United,2026-08-22T14:00:00+00:00,finished,1,0-1,Nottingham Forest,Nicolás Domínguez,M,0,,0,0,0,,,0,0,0,0,0,0,0,0,0,0,0,0,0,0,0,0,0,0,0,0,0,0,0,0,0,0,0,0,0,0,2026-09-02T00:11:24.244346+00:00
Inglaterra Premier League 2026/2027,Nottingham Forest - Leeds United,2026-08-22T14:00:00+00:00,finished,1,0-1,Nottingham Forest,Nikola Milenković,D,90,6.4,58,0,0,0.1124,0.0331055,2,0,0,42,32,8,2,0,0,0,0,8,10,7,3,0,0,7,0,5,0,2,12,1,3,0,0,0,1,0,2026-09-02T00:11:24.244211+00:00
Inglaterra Premier League 2026/2027,Nottingham Forest - Leeds United,2026-08-22T14:00:00+00:00,finished,1,0-1,Leeds United,Noah Okafor,F,24,6.6,9,0,0,,0.155449,0,0,1,3,0,1,0,1,1,2,1,3,3,0,0,2,2,0,1,2,0,0,4,0,1,0,0,0,0,0,2026-09-02T00:11:24.244556+00:00
Inglaterra Premier League 2026/2027,Nottingham Forest - Leeds United,2026-08-22T14:00:00+00:00,finished,1,0-1,Nottingham Forest,Ola Aina,D,74,6.8,57,0,0,0.0399,0.107786,2,1,3,25,16,4,1,4,1,5,3,5,6,2,2,0,0,2,0,4,1,1,22,0,1,1,0,0,0,0,2026-09-02T00:11:24.244272+00:00
Inglaterra Premier League 2026/2027,Nottingham Forest - Leeds United,2026-08-22T14:00:00+00:00,finished,1,0-1,Nottingham Forest,Ousmane Diomande,D,0,,0,0,0,,,0,0,0,0,0,0,0,0,0,0,0,0,0,0,0,0,0,0,0,0,0,0,0,0,0,0,0,0,0,0,2026-09-02T00:11:24.244337+00:00
Inglaterra Premier League 2026/2027,Nottingham Forest - Leeds United,2026-08-22T14:00:00+00:00,finished,1,0-1,Leeds United,Sean Longstaff,M,8,6.6,2,0,0,,0.00041182,0,0,0,2,2,0,0,0,0,0,0,0,0,0,0,0,0,0,0,0,0,0,0,0,0,0,0,0,0,0,2026-09-02T00:11:24.244565+00:00
Inglaterra Premier League 2026/2027,Nottingham Forest - Leeds United,2026-08-22T14:00:00+00:00,finished,1,0-1,Leeds United,Tarik Muharemović,D,90,6.8,46,0,0,0.0919,0.00296288,1,1,0,37,33,5,3,0,0,0,0,2,7,2,6,0,0,5,2,1,0,0,5,0,1,0,0,0,0,0,2026-09-02T00:11:24.244457+00:00
Inglaterra Premier League 2026/2027,Nottingham Forest - Leeds United,2026-08-22T14:00:00+00:00,finished,1,0-1,Nottingham Forest,Xaver Schlager,M,16,6.4,11,0,0,,0.00256081,0,0,0,10,9,1,1,1,0,0,0,0,0,0,0,0,0,0,0,1,0,0,2,0,0,0,0,0,1,0,2026-09-02T00:11:24.244316+00:00
Inglaterra Premier League 2026/2027,Brentford - Tottenham Hotspur,2026-08-22T16:30:00+00:00,finished,1,3-0,Tottenham Hotspur,,,68,6.3,22,0,0,0.2673,0.0220652,3,3,1,14,12,0,0,1,1,1,1,4,2,1,2,1,0,0,0,1,0,0,3,1,0,0,0,0,3,0,2026-09-02T00:11:25.002537+00:00
Inglaterra Premier League 2026/2027,Brentford - Tottenham Hotspur,2026-08-22T16:30:00+00:00,finished,1,3-0,Tottenham Hotspur,,,0,,0,0,0,,,0,0,0,0,0,0,0,0,0,0,0,0,0,0,0,0,0,0,0,0,0,0,0,0,0,0,0,0,0,0,2026-09-02T00:11:25.002610+00:00
Inglaterra Premier League 2026/2027,Brentford - Tottenham Hotspur,2026-08-22T16:30:00+00:00,finished,1,3-0,Brentford,Aaron Hickey,D,14,6.6,10,0,0,,0.00125164,0,0,0,6,3,1,0,0,0,0,0,1,2,0,0,0,0,0,0,2,0,0,5,1,2,0,0,0,0,0,2026-09-02T00:11:25.002746+00:00
Inglaterra Premier League 2026/2027,Brentford - Tottenham Hotspur,2026-08-22T16:30:00+00:00,finished,1,3-0,Tottenham Hotspur,Andy Robertson,D,90,7.2,75,0,0,,0.0636273,0,0,1,53,44,2,0,5,2,0,0,5,1,1,1,2,2,5,2,4,0,0,12,2,0,0,0,0,3,0,2026-09-02T00:11:25.002507+00:00
Inglaterra Premier League 2026/2027,Brentford - Tottenham Hotspur,2026-08-22T16:30:00+00:00,finished,1,3-0,Tottenham Hotspur,Antonín Kinský,G,90,6.8,57,0,0,,0.00175904,0,0,0,42,29,16,4,0,0,0,0,1,0,1,0,0,0,4,0,12,0,0,13,0,0,0,0,5,3,1,2026-09-02T00:11:25.002478+00:00
Inglaterra Premier League 2026/2027,Brentford - Tottenham Hotspur,2026-08-22T16:30:00+00:00,finished,1,3-0,Tottenham Hotspur,Archie Gray,M,86,6.0,49,0,0,,0.0121351,0,0,0,36,31,1,0,0,0,1,1,5,3,1,2,1,1,2,1,2,0,0,8,2,0,0,0,0,3,0,2026-09-02T00:11:25.002523+00:00
Inglaterra Premier League 2026/2027,Brentford - Tottenham Hotspur,2026-08-22T16:30:00+00:00,finished,1,3-0,Tottenham Hotspur,Ben Davies,D,0,,0,0,0,,,0,0,0,0,0,0,0,0,0,0,0,0,0,0,0,0,0,0,0,0,0,0,0,0,0,0,0,0,0,0,2026-09-02T00:11:25.002618+00:00
Inglaterra Premier League 2026/2027,Brentford - Tottenham Hotspur,2026-08-22T16:30:00+00:00,finished,1,3-0,Brentford,Callum Wilson,F,12,7.0,4,0,0,0.0537,0.0857773,1,0,1,1,1,0,0,0,0,0,0,1,0,1,0,0,0,0,0,0,1,0,1,0,0,0,0,0,0,0,2026-09-02T00:11:25.002761+00:00
Inglaterra Premier League 2026/2027,Brentford - Tottenham Hotspur,2026-08-22T16:30:00+00:00,finished,1,3-0,Brentford,Caoimhin Kelleher,G,90,8.0,43,0,0,,0.00607129,0,0,0,33,26,16,9,0,0,0,0,0,0,0,0,0,0,0,0,5,0,0,8,0,0,0,0,4,0,0,2026-09-02T00:11:25.002633+00:00
Inglaterra Premier League 2026/2027,Brentford - Tottenham Hotspur,2026-08-22T16:30:00+00:00,finished,1,3-0,Tottenham Hotspur,Conor Gallagher,M,45,6.3,26,0,0,0.0157,0.0586327,1,0,0,17,14,0,0,0,0,1,0,3,2,1,0,1,1,0,0,2,0,0,6,1,1,1,0,0,2,0,2026-09-02T00:11:25.002567+00:00
Inglaterra Premier League 2026/2027,Brentford - Tottenham Hotspur,2026-08-22T16:30:00+00:00,finished,1,3-0,Brentford,Dango Ouattara,M,67,6.4,26,0,0,0.0597,0.195538,2,0,3,11,6,1,0,1,1,1,0,3,7,1,1,0,0,0,2,4,0,2,13,2,3,0,0,0,0,0,2026-09-02T00:11:25.002724+00:00
Inglaterra Premier League 2026/2027,Brentford - Tottenham Hotspur,2026-08-22T16:30:00+00:00,finished,1,3-0,Tottenham Hotspur,Destiny Udogie,D,9,6.7,13,0,0,,0.0224854,0,0,0,8,8,0,0,2,0,0,0,1,1,0,0,0,0,0,0,2,0,0,3,1,1,0,0,0,0,0,2026-09-02T00:11:25.002589+00:00
Inglaterra Premier League 2026/2027,Brentford - Tottenham Hotspur,2026-08-22T16:30:00+00:00,finished,1,3-0,Tottenham Hotspur,Dominic Solanke,F,22,6.6,6,0,0,0.0711,,1,0,0,1,0,0,0,0,0,0,0,2,1,0,1,1,0,0,0,0,1,0,1,1,0,0,0,0,0,0,2026-09-02T00:11:25.002583+00:00
Inglaterra Premier League 2026/2027,Brentford - Tottenham Hotspur,2026-08-22T16:30:00+00:00,finished,1,3-0,Brentford,Ethan Pinnock,D,0,,0,0,0,,,0,0,0,0,0,0,0,0,0,0,0,0,0,0,0,0,0,0,0,0,0,0,0,0,0,0,0,0,0,0,2026-09-02T00:11:25.002784+00:00
Inglaterra Premier League 2026/2027,Brentford - Tottenham Hotspur,2026-08-22T16:30:00+00:00,finished,1,3-0,Brentford,Hákon Rafn Valdimarsson,G,0,,0,0,0,,,0,0,0,0,0,0,0,0,0,0,0,0,0,0,0,0,0,0,0,0,0,0,0,0,0,0,0,0,0,0,2026-09-02T00:11:25.002790+00:00
Inglaterra Premier League 2026/2027,Brentford - Tottenham Hotspur,2026-08-22T16:30:00+00:00,finished,1,3-0,Brentford,Igor Thiago,F,83,6.1,27,0,0,0.9498,0.0835876,2,0,0,20,17,2,2,0,0,2,1,4,7,3,5,0,0,0,0,4,0,0,4,0,0,0,0,0,0,0,2026-09-02T00:11:25.002695+00:00
Inglaterra Premier League 2026/2027,Brentford - Tottenham Hotspur,2026-08-22T16:30:00+00:00,finished,1,3-0,Brentford,Jaidon Anthony,M,23,7.5,13,0,0,0.0391,0.504381,1,0,3,5,5,0,0,2,1,2,1,2,3,0,0,1,1,0,0,6,0,1,3,0,1,0,0,0,0,0,2026-09-02T00:11:25.002731+00:00
Inglaterra Premier League 2026/2027,Brentford - Tottenham Hotspur,2026-08-22T16:30:00+00:00,finished,1,3-0,Tottenham Hotspur,James Maddison,M,22,6.4,29,0,0,,0.0151842,0,0,0,17,15,0,0,1,1,3,0,2,4,0,1,0,0,1,0,1,0,0,7,2,0,0,0,0,0,0,2026-09-02T00:11:25.002575+00:00
Inglaterra Premier League 2026/2027,Brentford - Tottenham Hotspur,2026-08-22T16:30:00+00:00,finished,1,3-0,Tottenham Hotspur,Jan Paul van Hecke,D,90,7.1,70,0,0,,0.0348282,0,0,0,59,56,4,2,0,0,0,0,5,6,2,5,2,0,2,0,3,0,0,5,1,1,0,0,0,3,0,2026-09-02T00:11:25.002488+00:00
Inglaterra Premier League 2026/2027,Brentford - Tottenham Hotspur,2026-08-22T16:30:00+00:00,finished,1,3-0,Brentford,Jannik Schuster,D,0,,0,0,0,,,0,0,0,0,0,0,0,0,0,0,0,0,0,0,0,0,0,0,0,0,0,0,0,0,0,0,0,0,0,0,2026-09-02T00:11:25.002770+00:00
Inglaterra Premier League 2026/2027,Brentford - Tottenham Hotspur,2026-08-22T16:30:00+00:00,finished,1,3-0,Brentford,Keane Lewis-Potter,D,90,7.9,51,1,0,0.3671,0.0830973,2,1,1,33,29,4,1,4,1,2,0,2,6,1,2,1,0,1,2,5,1,1,12,0,1,0,0,0,0,0,2026-09-02T00:11:25.002678+00:00
Inglaterra Premier League 2026/2027,Brentford - Tottenham Hotspur,2026-08-22T16:30:00+00:00,finished,1,3-0,Brentford,Kevin Schade,M,90,7.8,41,0,0,0.4287,0.0122091,5,2,1,20,11,1,1,0,0,2,1,9,6,4,2,2,2,1,1,5,1,3,17,2,0,0,0,0,0,0,2026-09-02T00:11:25.002626+00:00
Inglaterra Premier League 2026/2027,Brentford - Tottenham Hotspur,2026-08-22T16:30:00+00:00,finished,1,3-0,Brentford,Kristoffer Ajer,D,90,7.5,46,0,0,0.1559,0.036247,1,1,0,34,29,3,1,0,0,0,0,9,1,6,0,2,1,6,2,3,0,0,5,1,1,0,0,0,0,0,2026-09-02T00:11:25.002649+00:00
Inglaterra Premier League 2026/2027,Brentford - Tottenham Hotspur,2026-08-22T16:30:00+00:00,finished,1,3-0,Tottenham Hotspur,Luca Williams-Barnett,F,0,,0,0,0,,,0,0,0,0,0,0,0,0,0,0,0,0,0,0,0,0,0,0,0,0,0,0,0,0,0,0,0,0,0,0,2026-09-02T00:11:25.002596+00:00
Inglaterra Premier League 2026/2027,Brentford - Tottenham Hotspur,2026-08-22T16:30:00+00:00,finished,1,3-0,Tottenham Hotspur,Lucas Bergvall,M,45,5.7,26,0,0,,0.0122721,0,0,0,19,17,0,0,1,0,2,1,2,2,0,0,1,0,0,0,7,0,1,5,0,0,0,0,0,2,0,2026-09-02T00:11:25.002545+00:00
Inglaterra Premier League 2026/2027,Brentford - Tottenham Hotspur,2026-08-22T16:30:00+00:00,finished,1,3-0,Brentford,Mamadou Sangare,M,76,7.3,51,0,1,0.0674,0.370197,1,1,2,35,28,1,0,1,0,1,0,5,4,0,0,2,0,2,2,6,0,0,9,3,1,0,0,0,0,0,2026-09-02T00:11:25.002710+00:00
Inglaterra Premier League 2026/2027,Brentford - Tottenham Hotspur,2026-08-22T16:30:00+00:00,finished,1,3-0,Tottenham Hotspur,Marcos Senesi,D,90,7.6,98,0,0,,0.0200095,0,0,0,76,70,6,4,0,0,0,0,12,7,4,4,5,4,6,2,2,0,0,7,3,2,0,0,0,3,0,2026-09-02T00:11:25.002498+00:00
Inglaterra Premier League 2026/2027,Brentford - Tottenham Hotspur,2026-08-22T16:30:00+00:00,finished,1,3-0,Tottenham Hotspur,Martin Dúbravka,G,0,,0,0,0,,,0,0,0,0,0,0,0,0,0,0,0,0,0,0,0,0,0,0,0,0,0,0,0,0,0,0,0,0,0,0,2026-09-02T00:11:25.002603+00:00
Inglaterra Premier League 2026/2027,Brentford - Tottenham Hotspur,2026-08-22T16:30:00+00:00,finished,1,3-0,Tottenham Hotspur,Mateus Fernandes,M,45,6.5,41,0,0,,0.0377496,0,0,2,34,31,2,2,0,0,1,1,2,3,0,1,1,1,0,0,1,0,1,4,0,1,0,0,0,1,0,2026-09-02T00:11:25.002559+00:00
Inglaterra Premier League 2026/2027,Brentford - Tottenham Hotspur,2026-08-22T16:30:00+00:00,finished,1,3-0,Brentford,Mathias Jensen,M,67,7.4,40,0,0,0.0856,0.547829,2,1,3,25,24,2,2,5,3,0,0,2,6,0,1,2,1,0,0,3,1,1,5,0,3,0,0,0,0,0,2026-09-02T00:11:25.002717+00:00
Inglaterra Premier League 2026/2027,Brentford - Tottenham Hotspur,2026-08-22T16:30:00+00:00,finished,1,3-0,Tottenham Hotspur,Mathys Tel,F,90,6.3,62,0,0,0.0627,0.049704,2,0,2,39,35,0,0,2,0,9,5,6,11,1,2,0,0,1,0,7,1,2,17,0,2,0,0,0,3,0,2026-09-02T00:11:25.002439+00:00
Inglaterra Premier League 2026/2027,Brentford - Tottenham Hotspur,2026-08-22T16:30:00+00:00,finished,1,3-0,Brentford,Michael Kayode,D,76,7.6,38,1,0,0.8704,0.00033064,4,1,0,9,8,0,0,0,0,2,1,9,3,4,0,1,0,2,1,5,1,0,10,3,0,0,0,0,0,0,2026-09-02T00:11:25.002703+00:00
Inglaterra Premier League 2026/2027,Brentford - Tottenham Hotspur,2026-08-22T16:30:00+00:00,finished,1,3-0,Brentford,Mikkel Damsgaard,M,14,7.5,17,0,0,,0.242298,0,0,2,13,11,2,1,2,1,0,0,1,1,0,0,1,0,0,0,3,0,1,4,0,0,0,0,0,0,0,2026-09-02T00:11:25.002754+00:00
Inglaterra Premier League 2026/2027,Brentford - Tottenham Hotspur,2026-08-22T16:30:00+00:00,finished,1,3-0,Brentford,Nathan Collins,D,90,6.9,70,0,0,0.5024,0.0419967,2,0,2,61,54,11,7,0,0,0,0,3,3,3,2,0,0,3,0,3,1,0,8,0,0,0,0,0,0,0,2026-09-02T00:11:25.002667+00:00
Inglaterra Premier League 2026/2027,Brentford - Tottenham Hotspur,2026-08-22T16:30:00+00:00,finished,1,3-0,Tottenham Hotspur,Richarlison,F,68,6.1,22,0,0,,0.00483001,0,0,0,12,11,1,1,0,0,2,1,2,8,0,4,0,0,1,0,0,0,1,6,1,2,0,0,0,3,0,2026-09-02T00:11:25.002530+00:00
Inglaterra Premier League 2026/2027,Brentford - Tottenham Hotspur,2026-08-22T16:30:00+00:00,finished,1,3-0,Brentford,Rico Henry,D,0,,0,0,0,,,0,0,0,0,0,0,0,0,0,0,0,0,0,0,0,0,0,0,0,0,0,0,0,0,0,0,0,0,0,0,2026-09-02T00:11:25.002777+00:00
Inglaterra Premier League 2026/2027,Brentford - Tottenham Hotspur,2026-08-22T16:30:00+00:00,finished,1,3-0,Tottenham Hotspur,Rodrigo Bentancur,M,45,5.9,44,0,0,,0.0131108,0,0,1,39,35,0,0,0,0,0,0,4,6,1,1,3,2,0,1,2,0,1,5,0,3,0,0,0,1,0,2026-09-02T00:11:25.002553+00:00
Inglaterra Premier League 2026/2027,Brentford - Tottenham Hotspur,2026-08-22T16:30:00+00:00,finished,1,3-0,Tottenham Hotspur,Sandro Tonali,M,90,6.7,73,0,0,0.0527,0.0683336,2,1,0,60,55,1,1,2,0,1,1,3,2,0,0,1,1,0,1,2,0,1,8,1,1,0,0,0,3,0,2026-09-02T00:11:25.002515+00:00
Inglaterra Premier League 2026/2027,Brentford - Tottenham Hotspur,2026-08-22T16:30:00+00:00,finished,1,3-0,Brentford,Vitaly Janelt,M,90,7.9,58,1,0,0.4132,0.0762706,2,1,2,37,33,2,2,5,4,0,0,6,8,1,0,4,3,1,4,3,1,1,6,1,4,1,0,0,0,0,2026-09-02T00:11:25.002686+00:00
Inglaterra Premier League 2026/2027,Brentford - Tottenham Hotspur,2026-08-22T16:30:00+00:00,finished,1,3-0,Brentford,Yehor Yarmoliuk,M,23,6.8,17,0,0,0.0299,0.0131084,1,0,0,10,7,0,0,1,0,0,0,3,1,0,0,2,2,0,0,3,0,1,5,1,1,0,0,0,0,0,2026-09-02T00:11:25.002738+00:00
Inglaterra Premier League 2026/2027,Brighton & Hove Albion - Aston Villa,2026-08-23T13:00:00+00:00,finished,1,4-0,Aston Villa,,,0,,0,0,0,,,0,0,0,0,0,0,0,0,0,0,0,0,0,0,0,0,0,0,0,0,0,0,0,0,0,0,0,0,0,0,2026-09-02T00:11:25.503306+00:00
Inglaterra Premier League 2026/2027,Brighton & Hove Albion - Aston Villa,2026-08-23T13:00:00+00:00,finished,1,4-0,Aston Villa,,,0,,0,0,0,,,0,0,0,0,0,0,0,0,0,0,0,0,0,0,0,0,0,0,0,0,0,0,0,0,0,0,0,0,0,0,2026-09-02T00:11:25.503314+00:00
Inglaterra Premier League 2026/2027,Brighton & Hove Albion - Aston Villa,2026-08-23T13:00:00+00:00,finished,1,4-0,Aston Villa,Alejandro Garnacho,F,9,6.3,0,0,0,,,0,0,0,0,0,0,0,0,0,0,0,0,0,0,0,0,0,0,0,0,0,0,0,0,0,0,0,0,0,0,2026-09-02T00:11:25.503236+00:00
Inglaterra Premier League 2026/2027,Brighton & Hove Albion - Aston Villa,2026-08-23T13:00:00+00:00,finished,1,4-0,Aston Villa,Alysson,M,8,6.6,4,0,0,,,0,0,0,0,0,0,0,0,0,1,0,1,1,0,0,1,1,1,0,1,0,0,2,0,0,0,0,0,0,0,2026-09-02T00:11:25.503256+00:00
Inglaterra Premier League 2026/2027,Brighton & Hove Albion - Aston Villa,2026-08-23T13:00:00+00:00,finished,1,4-0,Brighton & Hove Albion,Bart Verbruggen,G,90,6.9,35,0,0,,0.000482,0,0,0,34,34,7,7,0,0,0,0,0,0,0,0,0,0,0,0,4,0,0,1,0,0,0,0,0,0,0,2026-09-02T00:11:25.503369+00:00
Inglaterra Premier League 2026/2027,Brighton & Hove Albion - Aston Villa,2026-08-23T13:00:00+00:00,finished,1,4-0,Aston Villa,Boubacar Kamara,M,90,6.2,38,0,0,,0.00204963,0,0,0,23,22,0,0,0,0,1,1,4,7,0,0,2,1,1,1,2,0,4,6,1,2,0,0,0,4,0,2026-09-02T00:11:25.503089+00:00
Inglaterra Premier League 2026/2027,Brighton & Hove Albion - Aston Villa,2026-08-23T13:00:00+00:00,finished,1,4-0,Brighton & Hove Albion,Charalampos Kostoulas,F,26,6.4,9,0,0,0.1607,0.00168582,2,0,0,6,3,0,0,0,0,1,0,2,1,2,0,0,0,0,0,1,0,0,4,0,0,0,0,0,0,0,2026-09-02T00:11:25.503461+00:00
Inglaterra Premier League 2026/2027,Brighton & Hove Albion - Aston Villa,2026-08-23T13:00:00+00:00,finished,1,4-0,Brighton & Hove Albion,Costinha,D,26,6.6,30,0,0,0.0769,0.00379721,2,1,0,17,17,1,1,0,0,0,0,1,3,0,1,1,1,2,1,0,0,2,4,0,0,0,0,0,0,0,2026-09-02T00:11:25.503451+00:00
Inglaterra Premier League 2026/2027,Brighton & Hove Albion - Aston Villa,2026-08-23T13:00:00+00:00,finished,1,4-0,Brighton & Hove Albion,Diego Gómez,M,86,8.3,51,0,1,0.1851,0.476395,3,2,2,32,27,3,2,2,0,0,0,5,4,2,1,3,2,1,1,1,0,2,13,0,0,0,0,0,0,0,2026-09-02T00:11:25.503402+00:00
Inglaterra Premier League 2026/2027,Brighton & Hove Albion - Aston Villa,2026-08-23T13:00:00+00:00,finished,1,4-0,Aston Villa,Emiliano Buendía,M,86,6.6,34,0,0,0.1325,0.0882417,3,0,1,18,17,0,0,1,1,0,0,6,9,2,7,2,0,1,2,3,0,0,2,2,2,0,0,0,4,0,2026-09-02T00:11:25.503157+00:00
Inglaterra Premier League 2026/2027,Brighton & Hove Albion - Aston Villa,2026-08-23T13:00:00+00:00,finished,1,4-0,Aston Villa,George Hemmings,M,90,6.5,23,0,0,,0.0206589,0,0,1,13,7,0,0,0,0,1,1,6,3,2,2,3,2,0,0,2,0,1,9,0,0,0,0,0,4,0,2026-09-02T00:11:25.503078+00:00
Inglaterra Premier League 2026/2027,Brighton & Hove Albion - Aston Villa,2026-08-23T13:00:00+00:00,finished,1,4-0,Brighton & Hove Albion,Georginio Rutter,M,90,7.6,28,0,1,0.0715,0.440629,2,0,1,11,6,0,0,0,0,1,1,3,5,0,0,2,2,1,0,4,0,5,13,0,0,0,0,0,0,0,2026-09-02T00:11:25.503333+00:00
Inglaterra Premier League 2026/2027,Brighton & Hove Albion - Aston Villa,2026-08-23T13:00:00+00:00,finished,1,4-0,Aston Villa,Ian Maatsen,D,82,5.4,38,0,0,0.0353,0.00328423,1,0,0,7,5,0,0,1,0,3,0,2,6,0,1,2,0,5,2,2,0,2,15,0,0,0,0,0,4,0,2026-09-02T00:11:25.503168+00:00
Inglaterra Premier League 2026/2027,Brighton & Hove Albion - Aston Villa,2026-08-23T13:00:00+00:00,finished,1,4-0,Brighton & Hove Albion,Ibrahim Osman,M,12,6.5,17,0,0,,0.0535473,0,0,1,10,8,0,0,1,1,2,0,2,2,0,0,0,0,0,0,2,0,0,6,2,0,0,0,0,0,0,2026-09-02T00:11:25.503471+00:00
Inglaterra Premier League 2026/2027,Brighton & Hove Albion - Aston Villa,2026-08-23T13:00:00+00:00,finished,1,4-0,Brighton & Hove Albion,Jack Hinshelwood,M,64,9.0,26,2,0,1.408,0.017333,3,2,1,15,14,2,2,0,0,1,1,6,0,1,0,2,2,0,0,1,1,0,1,2,0,0,0,0,0,0,2026-09-02T00:11:25.503431+00:00
Inglaterra Premier League 2026/2027,Brighton & Hove Albion - Aston Villa,2026-08-23T13:00:00+00:00,finished,1,4-0,Brighton & Hove Albion,Jason Steele,G,0,,0,0,0,,,0,0,0,0,0,0,0,0,0,0,0,0,0,0,0,0,0,0,0,0,0,0,0,0,0,0,0,0,0,0,2026-09-02T00:11:25.503527+00:00
Inglaterra Premier League 2026/2027,Brighton & Hove Albion - Aston Villa,2026-08-23T13:00:00+00:00,finished,1,4-0,Aston Villa,John McGinn,M,82,6.2,39,0,0,0.0442,0.00531554,1,0,0,21,11,5,1,2,0,5,2,7,5,0,0,1,0,1,1,3,0,1,16,4,1,1,0,0,4,0,2026-09-02T00:11:25.503178+00:00
Inglaterra Premier League 2026/2027,Brighton & Hove Albion - Aston Villa,2026-08-23T13:00:00+00:00,finished,1,4-0,Aston Villa,João Gomes,M,40,5.0,26,0,0,,0.00653638,0,0,1,15,15,0,0,0,0,1,1,6,4,0,1,4,2,1,0,2,0,1,2,1,1,1,1,0,4,0,2026-09-02T00:11:25.503205+00:00
Inglaterra Premier League 2026/2027,Brighton & Hove Albion - Aston Villa,2026-08-23T13:00:00+00:00,finished,1,4-0,Aston Villa,Lamare Bogarde,M,16,6.7,4,0,0,,0.00241926,0,0,0,2,2,0,0,0,0,0,0,1,1,1,1,0,0,1,0,0,0,0,1,0,0,0,0,0,0,0,2026-09-02T00:11:25.503215+00:00
Inglaterra Premier League 2026/2027,Brighton & Hove Albion - Aston Villa,2026-08-23T13:00:00+00:00,finished,1,4-0,Brighton & Hove Albion,Lewis Dunk,D,90,7.7,115,0,0,,0.0385155,0,0,0,110,106,7,5,1,0,0,0,3,3,2,1,1,1,0,2,2,0,0,6,0,2,0,0,0,0,0,2026-09-02T00:11:25.503323+00:00
Inglaterra Premier League 2026/2027,Brighton & Hove Albion - Aston Villa,2026-08-23T13:00:00+00:00,finished,1,4-0,Aston Villa,Luka Lynch,F,0,,0,0,0,,,0,0,0,0,0,0,0,0,0,0,0,0,0,0,0,0,0,0,0,0,0,0,0,0,0,0,0,0,0,0,2026-09-02T00:11:25.503282+00:00
Inglaterra Premier League 2026/2027,Brighton & Hove Albion - Aston Villa,2026-08-23T13:00:00+00:00,finished,1,4-0,Brighton & Hove Albion,Luka Vušković,D,90,7.9,114,0,0,0.1868,0.0336806,2,0,0,105,101,9,8,0,0,0,0,5,2,5,1,0,0,4,0,2,0,0,6,0,1,0,0,0,0,0,2026-09-02T00:11:25.503343+00:00
Inglaterra Premier League 2026/2027,Brighton & Hove Albion - Aston Villa,2026-08-23T13:00:00+00:00,finished,1,4-0,Brighton & Hove Albion,Malick Yalcouyé,M,9,6.6,15,0,0,,0.00516688,0,0,0,15,15,0,0,0,0,0,0,0,0,0,0,0,0,0,0,0,0,0,0,0,0,0,0,0,0,0,2026-09-02T00:11:25.503490+00:00
Inglaterra Premier League 2026/2027,Brighton & Hove Albion - Aston Villa,2026-08-23T13:00:00+00:00,finished,1,4-0,Aston Villa,Marco Bizot,G,90,6.4,40,0,0,,0.00135399,0,0,0,29,17,20,8,0,0,0,0,0,0,0,0,0,0,2,0,7,0,0,13,0,0,0,0,3,4,1,2026-09-02T00:11:25.503034+00:00
Inglaterra Premier League 2026/2027,Brighton & Hove Albion - Aston Villa,2026-08-23T13:00:00+00:00,finished,1,4-0,Brighton & Hove Albion,Mats Wieffer,D,78,7.2,82,0,0,0.0748,0.0516974,1,0,2,58,54,1,1,1,0,1,1,10,9,3,2,4,1,0,3,5,0,4,10,2,1,0,0,0,0,0,2026-09-02T00:11:25.503412+00:00
Inglaterra Premier League 2026/2027,Brighton & Hove Albion - Aston Villa,2026-08-23T13:00:00+00:00,finished,1,4-0,Aston Villa,Matteo Ruggeri,D,8,6.9,3,0,0,,0.00014134,0,0,0,0,0,0,0,0,0,0,0,2,0,0,0,2,0,0,0,0,0,0,0,0,0,0,0,0,0,0,2026-09-02T00:11:25.503268+00:00
Inglaterra Premier League 2026/2027,Brighton & Hove Albion - Aston Villa,2026-08-23T13:00:00+00:00,finished,1,4-0,Aston Villa,Matty Cash,D,90,6.3,49,0,0,,0.00332703,0,0,0,29,22,7,2,0,0,0,0,4,2,0,1,2,2,3,1,0,0,0,11,2,2,1,0,0,4,0,2026-09-02T00:11:25.503146+00:00
Inglaterra Premier League 2026/2027,Brighton & Hove Albion - Aston Villa,2026-08-23T13:00:00+00:00,finished,1,4-0,Brighton & Hove Albion,Maxim De Cuyper,D,78,8.2,61,1,0,1.4004,0.184471,4,1,4,41,37,5,4,5,2,0,0,4,5,0,0,4,3,0,1,3,1,1,9,0,4,0,0,0,0,0,2026-09-02T00:11:25.503422+00:00
Inglaterra Premier League 2026/2027,Brighton & Hove Albion - Aston Villa,2026-08-23T13:00:00+00:00,finished,1,4-0,Brighton & Hove Albion,Michael Svoboda,D,0,,0,0,0,,,0,0,0,0,0,0,0,0,0,0,0,0,0,0,0,0,0,0,0,0,0,0,0,0,0,0,0,0,0,0,2026-09-02T00:11:25.503518+00:00
Inglaterra Premier League 2026/2027,Brighton & Hove Albion - Aston Villa,2026-08-23T13:00:00+00:00,finished,1,4-0,Brighton & Hove Albion,Olivier Boscagli,D,90,7.7,84,0,0,,0.0397845,0,0,0,66,64,10,9,3,0,0,0,3,2,1,1,1,1,3,2,5,0,0,5,1,0,0,0,0,0,0,2026-09-02T00:11:25.503383+00:00
Inglaterra Premier League 2026/2027,Brighton & Hove Albion - Aston Villa,2026-08-23T13:00:00+00:00,finished,1,4-0,Brighton & Hove Albion,Pascal Groß,M,90,7.3,94,0,0,,0.245607,0,0,4,75,70,3,2,10,2,0,0,4,3,1,0,3,1,0,0,3,0,0,16,0,1,1,0,0,0,0,2026-09-02T00:11:25.503393+00:00
Inglaterra Premier League 2026/2027,Brighton & Hove Albion - Aston Villa,2026-08-23T13:00:00+00:00,finished,1,4-0,Brighton & Hove Albion,Pascal Struijk,D,0,,0,0,0,,,0,0,0,0,0,0,0,0,0,0,0,0,0,0,0,0,0,0,0,0,0,0,0,0,0,0,0,0,0,0,2026-09-02T00:11:25.503508+00:00
Inglaterra Premier League 2026/2027,Brighton & Hove Albion - Aston Villa,2026-08-23T13:00:00+00:00,finished,1,4-0,Aston Villa,Pau Torres,D,74,4.9,34,0,0,,0.00326285,0,0,0,26,20,3,0,0,0,0,0,1,3,1,0,0,0,4,1,1,0,0,6,0,1,0,0,0,4,0,2026-09-02T00:11:25.503186+00:00
Inglaterra Premier League 2026/2027,Brighton & Hove Albion - Aston Villa,2026-08-23T13:00:00+00:00,finished,1,4-0,Brighton & Hove Albion,Promise David,F,0,,0,0,0,,,0,0,0,0,0,0,0,0,0,0,0,0,0,0,0,0,0,0,0,0,0,0,0,0,0,0,0,0,0,0,2026-09-02T00:11:25.503500+00:00
Inglaterra Premier League 2026/2027,Brighton & Hove Albion - Aston Villa,2026-08-23T13:00:00+00:00,finished,1,4-0,Aston Villa,Ross Barkley,M,74,6.5,39,0,0,0.0964,0.0169214,1,0,2,24,19,2,2,0,0,2,2,5,5,1,1,0,0,0,0,0,0,4,9,2,0,0,0,0,4,0,2026-09-02T00:11:25.503195+00:00
Inglaterra Premier League 2026/2027,Brighton & Hove Albion - Aston Villa,2026-08-23T13:00:00+00:00,finished,1,4-0,Aston Villa,Tyrone Mings,D,16,6.8,1,0,0,,,0,0,0,0,0,0,0,0,0,0,0,1,0,0,0,1,1,0,0,0,0,0,0,0,0,0,0,0,0,0,2026-09-02T00:11:25.503223+00:00
Inglaterra Premier League 2026/2027,Brighton & Hove Albion - Aston Villa,2026-08-23T13:00:00+00:00,finished,1,4-0,Aston Villa,Victor Lindelöf,D,90,5.0,38,0,0,,0.00078386,0,0,0,33,26,0,0,0,0,0,0,0,4,0,3,0,0,3,0,1,0,1,8,0,0,0,0,0,4,0,2026-09-02T00:11:25.503127+00:00
Inglaterra Premier League 2026/2027,Brighton & Hove Albion - Aston Villa,2026-08-23T13:00:00+00:00,finished,1,4-0,Brighton & Hove Albion,Yasin Ayari,M,64,6.3,48,0,0,0.1103,0.0301411,2,0,1,39,35,5,3,0,0,0,0,1,4,0,0,0,0,1,0,4,1,1,5,1,2,1,0,0,0,0,2026-09-02T00:11:25.503441+00:00
Inglaterra Premier League 2026/2027,Brighton & Hove Albion - Aston Villa,2026-08-23T13:00:00+00:00,finished,1,4-0,Brighton & Hove Albion,Zadok Yohanna,F,12,6.6,11,0,0,,0.0244416,0,0,0,5,5,0,0,0,0,2,1,1,3,0,0,0,0,0,0,0,0,1,4,0,1,0,0,0,0,0,2026-09-02T00:11:25.503481+00:00
Inglaterra Premier League 2026/2027,Brighton & Hove Albion - Aston Villa,2026-08-23T13:00:00+00:00,finished,1,4-0,Aston Villa,Zion Suzuki,G,0,,0,0,0,,,0,0,0,0,0,0,0,0,0,0,0,0,0,0,0,0,0,0,0,0,0,0,0,0,0,0,0,0,0,0,2026-09-02T00:11:25.503297+00:00
Inglaterra Premier League 2026/2027,Manchester City - Bournemouth,2026-08-23T13:00:00+00:00,finished,1,2-1,Bournemouth,,,0,,0,0,0,,,0,0,0,0,0,0,0,0,0,0,0,0,0,0,0,0,0,0,0,0,0,0,0,0,0,0,0,0,0,0,2026-09-02T00:11:25.238793+00:00
Inglaterra Premier League 2026/2027,Manchester City - Bournemouth,2026-08-23T13:00:00+00:00,finished,1,2-1,Manchester City,,,8,6.6,8,0,0,,0.00083931,0,0,0,6,5,0,0,0,0,0,0,1,1,0,0,1,0,0,0,1,0,1,2,0,1,0,0,0,0,0,2026-09-02T00:11:25.238933+00:00
Inglaterra Premier League 2026/2027,Manchester City - Bournemouth,2026-08-23T13:00:00+00:00,finished,1,2-1,Manchester City,Abdukodir Khusanov,D,90,7.0,97,0,0,,0.0228445,0,0,0,90,87,2,1,0,0,0,0,3,1,1,1,2,2,1,2,6,0,0,4,0,0,0,0,0,1,0,2026-09-02T00:11:25.238809+00:00
Inglaterra Premier League 2026/2027,Manchester City - Bournemouth,2026-08-23T13:00:00+00:00,finished,1,2-1,Bournemouth,Adam Smith,D,90,6.1,34,0,0,,0.00236174,0,0,0,16,12,4,1,1,0,0,0,5,5,1,2,1,1,2,2,3,0,0,8,3,1,0,0,0,2,0,2026-09-02T00:11:25.238692+00:00
Inglaterra Premier League 2026/2027,Manchester City - Bournemouth,2026-08-23T13:00:00+00:00,finished,1,2-1,Bournemouth,Adrien Truffert,D,90,6.6,47,0,0,,0.0035872,0,0,0,28,24,3,1,0,0,1,1,4,6,1,1,2,0,4,0,7,0,1,5,0,4,0,0,0,2,0,2026-09-02T00:11:25.238666+00:00
Inglaterra Premier League 2026/2027,Manchester City - Bournemouth,2026-08-23T13:00:00+00:00,finished,1,2-1,Bournemouth,Alex Scott,M,90,7.0,55,0,0,,0.00679896,0,0,0,45,37,8,6,2,0,0,0,5,1,0,0,4,2,0,1,6,0,0,10,1,0,0,0,0,2,0,2026-09-02T00:11:25.238658+00:00
Inglaterra Premier League 2026/2027,Manchester City - Bournemouth,2026-08-23T13:00:00+00:00,finished,1,2-1,Bournemouth,Alex Tóth,M,15,6.3,15,0,0,,0.00347165,0,0,0,12,11,1,0,0,0,2,0,1,2,0,0,1,1,0,0,1,0,0,3,0,0,0,0,0,2,0,2026-09-02T00:11:25.238743+00:00
Inglaterra Premier League 2026/2027,Manchester City - Bournemouth,2026-08-23T13:00:00+00:00,finished,1,2-1,Manchester City,Antoine Semenyo,M,90,6.9,54,0,0,0.0604,0.0236824,1,1,0,35,31,0,0,1,0,3,2,6,4,1,1,1,1,0,0,4,0,0,13,2,2,0,0,0,1,0,2026-09-02T00:11:25.238836+00:00
Inglaterra Premier League 2026/2027,Manchester City - Bournemouth,2026-08-23T13:00:00+00:00,finished,1,2-1,Bournemouth,António Silva,D,90,6.6,52,0,0,,0.00213429,0,0,0,38,35,2,1,0,0,0,0,1,3,1,2,0,0,11,0,1,0,0,3,0,0,1,0,0,2,0,2026-09-02T00:11:25.238675+00:00
Inglaterra Premier League 2026/2027,Manchester City - Bournemouth,2026-08-23T13:00:00+00:00,finished,1,2-1,Bournemouth,Bafodé Diakité,D,0,,0,0,0,,,0,0,0,0,0,0,0,0,0,0,0,0,0,0,0,0,0,0,0,0,0,0,0,0,0,0,0,0,0,0,2026-09-02T00:11:25.238777+00:00
Inglaterra Premier League 2026/2027,Manchester City - Bournemouth,2026-08-23T13:00:00+00:00,finished,1,2-1,Bournemouth,Ben Gannon-Doak,M,1,,5,0,0,,0.00167246,0,0,0,3,2,2,1,1,0,0,0,0,1,0,0,0,0,0,0,1,0,1,3,0,0,0,0,0,1,0,2026-09-02T00:11:25.238760+00:00
Inglaterra Premier League 2026/2027,Manchester City - Bournemouth,2026-08-23T13:00:00+00:00,finished,1,2-1,Bournemouth,Daniel Jebbison,F,15,6.8,9,0,0,0.081,0.003941,1,1,0,5,5,0,0,0,0,0,0,1,0,0,0,0,0,0,0,1,0,0,1,1,0,0,0,0,2,0,2026-09-02T00:11:25.238752+00:00
Inglaterra Premier League 2026/2027,Manchester City - Bournemouth,2026-08-23T13:00:00+00:00,finished,1,2-1,Bournemouth,David Brooks,M,0,,0,0,0,,,0,0,0,0,0,0,0,0,0,0,0,0,0,0,0,0,0,0,0,0,0,0,0,0,0,0,0,0,0,0,2026-09-02T00:11:25.238801+00:00
Inglaterra Premier League 2026/2027,Manchester City - Bournemouth,2026-08-23T13:00:00+00:00,finished,1,2-1,Manchester City,Elliot Anderson,M,63,6.9,75,0,0,,0.253482,0,0,1,57,50,4,1,3,1,1,0,4,6,0,1,2,0,0,2,3,0,0,10,2,3,0,0,0,1,0,2026-09-02T00:11:25.238887+00:00
Inglaterra Premier League 2026/2027,Manchester City - Bournemouth,2026-08-23T13:00:00+00:00,finished,1,2-1,Manchester City,Erling Haaland,F,90,6.9,26,0,0,0.8469,0.0161809,5,2,0,16,11,0,0,0,0,2,1,3,2,2,0,0,0,0,0,3,1,1,9,0,0,0,0,0,1,0,2026-09-02T00:11:25.238828+00:00
Inglaterra Premier League 2026/2027,Manchester City - Bournemouth,2026-08-23T13:00:00+00:00,finished,1,2-1,Bournemouth,Evanilson,F,75,6.7,25,0,1,,0.214978,0,0,1,12,10,0,0,0,0,2,0,3,5,1,0,1,0,1,3,3,0,1,7,1,2,1,0,0,0,0,2026-09-02T00:11:25.238718+00:00
Inglaterra Premier League 2026/2027,Manchester City - Bournemouth,2026-08-23T13:00:00+00:00,finished,1,2-1,Manchester City,Gerónimo Rulli,G,0,,0,0,0,,,0,0,0,0,0,0,0,0,0,0,0,0,0,0,0,0,0,0,0,0,0,0,0,0,0,0,0,0,0,0,2026-09-02T00:11:25.238975+00:00
Inglaterra Premier League 2026/2027,Manchester City - Bournemouth,2026-08-23T13:00:00+00:00,finished,1,2-1,Manchester City,Gianluigi Donnarumma,G,90,8.0,30,0,0,,0.00029974,0,0,0,19,15,6,2,0,0,0,0,0,0,0,0,0,0,1,0,4,0,0,5,0,0,0,0,3,1,1,2026-09-02T00:11:25.238819+00:00
Inglaterra Premier League 2026/2027,Manchester City - Bournemouth,2026-08-23T13:00:00+00:00,finished,1,2-1,Bournemouth,James Hill,D,90,6.5,53,0,0,,0.00294494,0,0,0,45,38,10,6,0,0,0,0,2,3,1,1,1,0,5,0,1,0,0,8,0,2,0,0,0,2,0,2026-09-02T00:11:25.238684+00:00
Inglaterra Premier League 2026/2027,Manchester City - Bournemouth,2026-08-23T13:00:00+00:00,finished,1,2-1,Manchester City,Joško Gvardiol,D,90,7.6,90,1,0,0.1937,0.0536775,1,1,0,72,62,5,2,1,1,1,1,5,3,2,3,2,1,1,2,5,0,0,12,0,0,0,0,0,1,0,2026-09-02T00:11:25.238853+00:00
Inglaterra Premier League 2026/2027,Manchester City - Bournemouth,2026-08-23T13:00:00+00:00,finished,1,2-1,Bournemouth,Justin Kluivert,M,75,7.2,24,0,0,0.1064,0.00259,1,1,1,12,7,4,4,1,0,1,1,5,1,0,0,3,2,0,1,5,0,0,8,1,1,0,0,0,0,0,2026-09-02T00:11:25.238710+00:00
Inglaterra Premier League 2026/2027,Manchester City - Bournemouth,2026-08-23T13:00:00+00:00,finished,1,2-1,Bournemouth,Lewis Cook,M,75,6.5,35,0,0,,0.00140498,0,0,0,27,21,3,1,0,0,0,0,2,4,1,1,1,0,1,2,3,0,2,8,0,0,0,0,0,0,0,2026-09-02T00:11:25.238726+00:00
Inglaterra Premier League 2026/2027,Manchester City - Bournemouth,2026-08-23T13:00:00+00:00,finished,1,2-1,Manchester City,Marc Guéhi,D,90,8.3,72,1,0,0.8937,0.313462,2,1,1,58,55,1,0,0,0,1,1,8,3,2,1,3,3,1,0,4,0,1,5,2,1,0,0,0,1,0,2026-09-02T00:11:25.238844+00:00
Inglaterra Premier League 2026/2027,Manchester City - Bournemouth,2026-08-23T13:00:00+00:00,finished,1,2-1,Bournemouth,Marcus Tavernier,M,90,7.5,48,1,0,0.4003,0.0313804,2,1,1,26,23,3,3,3,1,1,0,6,6,1,1,2,1,2,0,4,0,2,14,3,1,0,0,0,2,0,2026-09-02T00:11:25.238648+00:00
Inglaterra Premier League 2026/2027,Manchester City - Bournemouth,2026-08-23T13:00:00+00:00,finished,1,2-1,Manchester City,Mateo Kovačić,M,27,6.7,28,0,0,,0.0138128,0,0,0,27,27,0,0,0,0,0,0,0,0,0,0,0,0,0,0,2,0,0,0,0,0,0,0,0,0,0,2026-09-02T00:11:25.238924+00:00
Inglaterra Premier League 2026/2027,Manchester City - Bournemouth,2026-08-23T13:00:00+00:00,finished,1,2-1,Manchester City,Matheus Nunes,D,33,6.8,28,0,0,,0.0414065,0,0,0,23,20,2,2,2,0,0,0,1,0,0,0,0,0,1,0,2,0,0,5,1,0,0,0,0,0,0,2026-09-02T00:11:25.238906+00:00
Inglaterra Premier League 2026/2027,Manchester City - Bournemouth,2026-08-23T13:00:00+00:00,finished,1,2-1,Manchester City,Nico González,M,0,,0,0,0,,,0,0,0,0,0,0,0,0,0,0,0,0,0,0,0,0,0,0,0,0,0,0,0,0,0,0,0,0,0,0,2026-09-02T00:11:25.238967+00:00
Inglaterra Premier League 2026/2027,Manchester City - Bournemouth,2026-08-23T13:00:00+00:00,finished,1,2-1,Manchester City,Nico O'Reilly,D,63,6.9,33,0,0,0.0675,0.405422,1,0,1,21,19,1,0,4,3,0,0,1,3,0,1,1,0,1,0,5,0,1,5,0,1,0,0,0,1,0,2026-09-02T00:11:25.238879+00:00
Inglaterra Premier League 2026/2027,Manchester City - Bournemouth,2026-08-23T13:00:00+00:00,finished,1,2-1,Manchester City,Omar Marmoush,F,0,,0,0,0,,,0,0,0,0,0,0,0,0,0,0,0,0,0,0,0,0,0,0,0,0,0,0,0,0,0,0,0,0,0,0,2026-09-02T00:11:25.238943+00:00
Inglaterra Premier League 2026/2027,Manchester City - Bournemouth,2026-08-23T13:00:00+00:00,finished,1,2-1,Manchester City,Phil Foden,M,82,6.7,79,0,0,0.1203,0.399598,2,0,2,53,42,3,1,8,3,2,1,7,6,1,1,3,1,0,0,3,2,2,21,2,2,1,0,0,1,0,2026-09-02T00:11:25.238870+00:00
Inglaterra Premier League 2026/2027,Manchester City - Bournemouth,2026-08-23T13:00:00+00:00,finished,1,2-1,Bournemouth,Rayan,M,89,6.2,24,0,0,0.0421,0.0260108,1,1,1,15,8,0,0,0,0,2,0,3,9,3,6,0,0,0,1,0,0,1,11,0,0,0,0,0,1,0,2026-09-02T00:11:25.238701+00:00
Inglaterra Premier League 2026/2027,Manchester City - Bournemouth,2026-08-23T13:00:00+00:00,finished,1,2-1,Manchester City,Rayan Aït-Nouri,D,0,,0,0,0,,,0,0,0,0,0,0,0,0,0,0,0,0,0,0,0,0,0,0,0,0,0,0,0,0,0,0,0,0,0,0,2026-09-02T00:11:25.238951+00:00
Inglaterra Premier League 2026/2027,Manchester City - Bournemouth,2026-08-23T13:00:00+00:00,finished,1,2-1,Manchester City,Rayan Cherki,M,27,7.3,18,0,2,,0.471964,0,0,4,13,12,2,1,3,1,1,0,0,2,0,1,0,0,0,0,0,0,0,4,0,0,0,0,0,0,0,2026-09-02T00:11:25.238915+00:00
Inglaterra Premier League 2026/2027,Manchester City - Bournemouth,2026-08-23T13:00:00+00:00,finished,1,2-1,Manchester City,Rico Lewis,D,57,6.0,44,0,0,0.1728,0.0181387,1,1,0,25,23,0,0,2,0,1,0,3,7,1,0,0,0,0,2,0,0,4,10,2,1,0,0,0,1,0,2026-09-02T00:11:25.238897+00:00
Inglaterra Premier League 2026/2027,Manchester City - Bournemouth,2026-08-23T13:00:00+00:00,finished,1,2-1,Manchester City,Rúben Dias,D,90,7.4,134,0,0,,0.143433,0,0,1,125,109,9,6,0,0,0,0,4,1,4,1,0,0,6,0,8,0,0,17,0,0,0,0,0,1,0,2026-09-02T00:11:25.238861+00:00
Inglaterra Premier League 2026/2027,Manchester City - Bournemouth,2026-08-23T13:00:00+00:00,finished,1,2-1,Bournemouth,Tyler Adams,M,15,6.3,15,0,0,,0.00166146,0,0,0,10,8,1,0,0,0,0,0,0,0,0,0,0,0,0,2,0,0,0,2,0,0,0,0,0,2,0,2026-09-02T00:11:25.238735+00:00
Inglaterra Premier League 2026/2027,Manchester City - Bournemouth,2026-08-23T13:00:00+00:00,finished,1,2-1,Manchester City,Vitor Reis,D,0,,0,0,0,,,0,0,0,0,0,0,0,0,0,0,0,0,0,0,0,0,0,0,0,0,0,0,0,0,0,0,0,0,0,0,2026-09-02T00:11:25.238959+00:00
Inglaterra Premier League 2026/2027,Manchester City - Bournemouth,2026-08-23T13:00:00+00:00,finished,1,2-1,Bournemouth,Will Dennis,G,0,,0,0,0,,,0,0,0,0,0,0,0,0,0,0,0,0,0,0,0,0,0,0,0,0,0,0,0,0,0,0,0,0,0,0,2026-09-02T00:11:25.238785+00:00
Inglaterra Premier League 2026/2027,Manchester City - Bournemouth,2026-08-23T13:00:00+00:00,finished,1,2-1,Bournemouth,Álvaro Rodriguez,F,0,,0,0,0,,,0,0,0,0,0,0,0,0,0,0,0,0,0,0,0,0,0,0,0,0,0,0,0,0,0,0,0,0,0,0,2026-09-02T00:11:25.238768+00:00
Inglaterra Premier League 2026/2027,Manchester City - Bournemouth,2026-08-23T13:00:00+00:00,finished,1,2-1,Bournemouth,Đorđe Petrović,G,90,7.7,49,0,0,,0.00109316,0,0,0,39,22,26,9,0,0,0,0,1,0,1,0,0,0,2,0,5,0,0,19,0,0,0,0,4,2,1,2026-09-02T00:11:25.238607+00:00
Inglaterra Premier League 2026/2027,Newcastle United - Liverpool FC,2026-08-23T15:30:00+00:00,finished,1,2-2,Newcastle United,,,0,,0,0,0,,,0,0,0,0,0,0,0,0,0,0,0,0,0,0,0,0,0,0,0,0,0,0,0,0,0,0,0,0,0,0,2026-09-02T00:11:25.797920+00:00
Inglaterra Premier League 2026/2027,Newcastle United - Liverpool FC,2026-08-23T15:30:00+00:00,finished,1,2-2,Newcastle United,Aladji Bamba,M,14,6.5,5,0,0,,0.00020697,0,0,0,2,2,0,0,0,0,0,0,1,1,1,1,0,0,1,0,0,0,0,2,0,0,0,0,0,1,0,2026-09-02T00:11:25.797889+00:00
Inglaterra Premier League 2026/2027,Newcastle United - Liverpool FC,2026-08-23T15:30:00+00:00,finished,1,2-2,Liverpool FC,Alexander Isak,F,90,6.9,28,0,0,1.0254,0.00735897,4,2,1,13,10,1,1,0,0,3,0,5,4,3,0,0,0,0,0,0,1,1,9,2,0,0,0,0,2,0,2026-09-02T00:11:25.797696+00:00
Inglaterra Premier League 2026/2027,Newcastle United - Liverpool FC,2026-08-23T15:30:00+00:00,finished,1,2-2,Liverpool FC,Alexis Mac Allister,M,27,6.9,18,0,0,,0.00834939,0,0,0,12,11,0,0,0,0,0,0,4,1,0,0,2,1,0,0,1,0,0,2,2,0,0,0,0,0,0,2026-09-02T00:11:25.797741+00:00
Inglaterra Premier League 2026/2027,Newcastle United - Liverpool FC,2026-08-23T15:30:00+00:00,finished,1,2-2,Liverpool FC,Alisson,G,90,6.2,28,0,0,,0.00019494,0,0,0,19,15,4,0,0,0,0,0,0,0,0,0,0,0,2,0,6,0,0,4,0,0,0,0,3,2,0,2026-09-02T00:11:25.797677+00:00
Inglaterra Premier League 2026/2027,Newcastle United - Liverpool FC,2026-08-23T15:30:00+00:00,finished,1,2-2,Newcastle United,Amar Dedić,D,90,6.3,51,0,0,0.0304,0.00485437,1,0,0,20,18,1,0,0,0,2,0,5,7,1,1,2,0,6,0,1,1,1,12,2,3,0,0,0,2,0,2026-09-02T00:11:25.797789+00:00
Inglaterra Premier League 2026/2027,Newcastle United - Liverpool FC,2026-08-23T15:30:00+00:00,finished,1,2-2,Newcastle United,Anthony Elanga,F,76,7.7,32,1,0,0.1108,0.0122454,2,2,0,21,15,1,0,1,0,2,1,5,4,1,1,0,0,1,0,1,0,0,8,3,1,0,0,0,1,0,2026-09-02T00:11:25.797828+00:00
Inglaterra Premier League 2026/2027,Newcastle United - Liverpool FC,2026-08-23T15:30:00+00:00,finished,1,2-2,Newcastle United,Bazoumana Touré,M,0,,0,0,0,,,0,0,0,0,0,0,0,0,0,0,0,0,0,0,0,0,0,0,0,0,0,0,0,0,0,0,0,0,0,0,2026-09-02T00:11:25.797944+00:00
Inglaterra Premier League 2026/2027,Newcastle United - Liverpool FC,2026-08-23T15:30:00+00:00,finished,1,2-2,Liverpool FC,Cody Gakpo,M,90,7.1,58,1,0,0.2416,0.153338,6,1,3,28,20,0,0,3,0,1,0,6,8,1,2,2,2,1,3,5,3,0,17,3,4,0,0,0,2,0,2026-09-02T00:11:25.797645+00:00
Inglaterra Premier League 2026/2027,Newcastle United - Liverpool FC,2026-08-23T15:30:00+00:00,finished,1,2-2,Liverpool FC,Dominik Szoboszlai,M,90,7.1,85,1,0,0.8496,0.270359,3,1,3,55,44,7,4,10,3,2,1,3,7,0,3,1,0,0,1,4,2,1,23,1,2,0,0,0,2,0,2026-09-02T00:11:25.797691+00:00
Inglaterra Premier League 2026/2027,Newcastle United - Liverpool FC,2026-08-23T15:30:00+00:00,finished,1,2-2,Newcastle United,Ewen Jaouen,G,0,,0,0,0,,,0,0,0,0,0,0,0,0,0,0,0,0,0,0,0,0,0,0,0,0,0,0,0,0,0,0,0,0,0,0,2026-09-02T00:11:25.797928+00:00
Inglaterra Premier League 2026/2027,Newcastle United - Liverpool FC,2026-08-23T15:30:00+00:00,finished,1,2-2,Newcastle United,Fabian Schär,D,1,,0,0,0,,,0,0,0,0,0,0,0,0,0,0,0,0,0,0,0,0,0,0,0,0,0,0,0,0,0,0,0,0,1,0,2026-09-02T00:11:25.797908+00:00
Inglaterra Premier League 2026/2027,Newcastle United - Liverpool FC,2026-08-23T15:30:00+00:00,finished,1,2-2,Liverpool FC,Florian Wirtz,M,63,7.0,43,0,0,0.166,0.0353614,3,1,1,33,29,4,2,1,0,2,1,3,1,0,0,1,0,0,0,4,2,0,8,1,0,0,0,0,2,0,2026-09-02T00:11:25.797730+00:00
Inglaterra Premier League 2026/2027,Newcastle United - Liverpool FC,2026-08-23T15:30:00+00:00,finished,1,2-2,Liverpool FC,Giorgi Mamardashvili,G,0,,0,0,0,,,0,0,0,0,0,0,0,0,0,0,0,0,0,0,0,0,0,0,0,0,0,0,0,0,0,0,0,0,0,0,2026-09-02T00:11:25.797757+00:00
Inglaterra Premier League 2026/2027,Newcastle United - Liverpool FC,2026-08-23T15:30:00+00:00,finished,1,2-2,Newcastle United,Harvey Barnes,F,90,6.7,33,0,0,0.0562,0.0178046,1,0,0,16,13,1,1,0,0,1,0,4,6,0,0,1,1,4,0,4,1,2,7,3,1,0,0,0,2,0,2026-09-02T00:11:25.797811+00:00
Inglaterra Premier League 2026/2027,Newcastle United - Liverpool FC,2026-08-23T15:30:00+00:00,finished,1,2-2,Newcastle United,Jacob Murphy,F,14,6.1,7,0,0,,4.064e-05,0,0,0,1,1,0,0,1,0,0,0,0,2,0,0,0,0,1,0,1,0,0,5,0,1,1,0,0,1,0,2026-09-02T00:11:25.797880+00:00
Inglaterra Premier League 2026/2027,Newcastle United - Liverpool FC,2026-08-23T15:30:00+00:00,finished,1,2-2,Newcastle United,Jacob Ramsey,M,34,6.5,25,0,0,0.0869,0.0075849,1,0,0,16,15,0,0,0,0,1,0,2,2,0,0,2,1,1,1,1,0,0,2,0,1,1,0,0,1,0,2026-09-02T00:11:25.797848+00:00
Inglaterra Premier League 2026/2027,Newcastle United - Liverpool FC,2026-08-23T15:30:00+00:00,finished,1,2-2,Liverpool FC,James McConnell,M,0,,0,0,0,,,0,0,0,0,0,0,0,0,0,0,0,0,0,0,0,0,0,0,0,0,0,0,0,0,0,0,0,0,0,0,2026-09-02T00:11:25.797762+00:00
Inglaterra Premier League 2026/2027,Newcastle United - Liverpool FC,2026-08-23T15:30:00+00:00,finished,1,2-2,Liverpool FC,Jeremie Frimpong,D,90,5.9,65,0,0,0.0098,0.0905489,1,0,3,41,34,4,2,5,1,2,1,2,5,0,0,1,0,1,0,3,1,0,17,0,2,1,0,0,2,0,2026-09-02T00:11:25.797685+00:00
Inglaterra Premier League 2026/2027,Newcastle United - Liverpool FC,2026-08-23T15:30:00+00:00,finished,1,2-2,Newcastle United,Joe Willock,M,34,7.5,15,1,0,0.088,0.172241,1,1,1,7,7,0,0,2,0,1,1,3,5,0,2,2,0,0,0,1,0,1,4,0,2,0,0,0,1,0,2026-09-02T00:11:25.797862+00:00
Inglaterra Premier League 2026/2027,Newcastle United - Liverpool FC,2026-08-23T15:30:00+00:00,finished,1,2-2,Liverpool FC,Jérémy Jacquet,D,70,6.7,50,0,0,,0.0163125,0,0,1,41,37,2,1,0,0,1,1,4,0,1,0,1,1,1,1,3,0,0,5,1,1,0,0,0,2,0,2026-09-02T00:11:25.797719+00:00
Inglaterra Premier League 2026/2027,Newcastle United - Liverpool FC,2026-08-23T15:30:00+00:00,finished,1,2-2,Liverpool FC,Kostas Tsimikas,D,0,,0,0,0,,,0,0,0,0,0,0,0,0,0,0,0,0,0,0,0,0,0,0,0,0,0,0,0,0,0,0,0,0,0,0,2026-09-02T00:11:25.797768+00:00
Inglaterra Premier League 2026/2027,Newcastle United - Liverpool FC,2026-08-23T15:30:00+00:00,finished,1,2-2,Newcastle United,Leo Shahar,D,0,,0,0,0,,,0,0,0,0,0,0,0,0,0,0,0,0,0,0,0,0,0,0,0,0,0,0,0,0,0,0,0,0,0,0,2026-09-02T00:11:25.797936+00:00
Inglaterra Premier League 2026/2027,Newcastle United - Liverpool FC,2026-08-23T15:30:00+00:00,finished,1,2-2,Newcastle United,Lewis Hall,D,90,6.9,54,0,0,,0.349853,0,0,1,24,17,5,2,4,1,2,0,5,4,0,0,5,3,3,2,8,0,0,16,0,2,0,0,0,2,0,2026-09-02T00:11:25.797805+00:00
Inglaterra Premier League 2026/2027,Newcastle United - Liverpool FC,2026-08-23T15:30:00+00:00,finished,1,2-2,Liverpool FC,Lewis Koumas,F,12,6.6,5,0,0,0.0238,0.00497314,1,0,0,3,2,1,0,0,0,1,1,1,1,0,1,0,0,0,0,1,1,0,1,0,0,0,0,0,0,0,2026-09-02T00:11:25.797752+00:00
Inglaterra Premier League 2026/2027,Newcastle United - Liverpool FC,2026-08-23T15:30:00+00:00,finished,1,2-2,Newcastle United,Lewis Miley,M,76,7.2,45,0,0,0.053,0.00847669,1,0,2,35,29,1,1,0,0,1,1,5,2,2,1,1,0,4,1,6,0,0,6,1,1,1,0,0,1,0,2026-09-02T00:11:25.797822+00:00
Inglaterra Premier League 2026/2027,Newcastle United - Liverpool FC,2026-08-23T15:30:00+00:00,finished,1,2-2,Newcastle United,Lukáš Horníček,G,90,7.7,49,0,0,,0.00359615,0,0,0,36,20,23,7,0,0,0,0,0,0,0,0,0,0,3,0,5,0,0,17,0,0,1,0,5,2,1,2026-09-02T00:11:25.797783+00:00
Inglaterra Premier League 2026/2027,Newcastle United - Liverpool FC,2026-08-23T15:30:00+00:00,finished,1,2-2,Newcastle United,Malick Thiaw,D,90,6.2,47,0,0,,0.00098298,0,0,0,29,20,8,1,0,0,0,0,3,3,3,2,0,0,9,0,2,0,0,10,0,1,0,0,0,2,0,2026-09-02T00:11:25.797794+00:00
Inglaterra Premier League 2026/2027,Newcastle United - Liverpool FC,2026-08-23T15:30:00+00:00,finished,1,2-2,Liverpool FC,Miloš Kerkez,D,90,6.0,64,0,0,0.0233,0.0236797,2,1,1,41,33,7,3,2,0,0,0,6,7,2,1,3,2,2,1,3,0,3,15,1,3,1,0,0,2,0,2026-09-02T00:11:25.797707+00:00
Inglaterra Premier League 2026/2027,Newcastle United - Liverpool FC,2026-08-23T15:30:00+00:00,finished,1,2-2,Liverpool FC,Rio Ngumoha,F,63,6.3,21,0,0,0.0402,0.0222302,1,0,0,13,10,0,0,2,1,1,0,2,3,0,0,1,1,0,0,2,1,1,7,1,1,0,0,0,2,0,2026-09-02T00:11:25.797725+00:00
Inglaterra Premier League 2026/2027,Newcastle United - Liverpool FC,2026-08-23T15:30:00+00:00,finished,1,2-2,Liverpool FC,Ronald Araújo,D,20,7.1,35,0,0,,0.0346929,0,0,0,29,26,2,1,0,0,0,0,4,3,3,2,1,0,2,0,1,0,0,3,0,1,0,0,0,0,0,2026-09-02T00:11:25.797747+00:00
Inglaterra Premier League 2026/2027,Newcastle United - Liverpool FC,2026-08-23T15:30:00+00:00,finished,1,2-2,Liverpool FC,Ryan Gravenberch,M,78,7.0,63,0,1,0.0646,0.0523603,2,0,1,49,45,3,3,0,0,0,0,4,6,0,0,1,1,0,0,8,2,5,10,3,1,0,0,0,2,0,2026-09-02T00:11:25.797713+00:00
Inglaterra Premier League 2026/2027,Newcastle United - Liverpool FC,2026-08-23T15:30:00+00:00,finished,1,2-2,Newcastle United,Sean Steur,M,56,6.4,32,0,0,,0.00044864,0,0,0,30,23,2,0,0,0,0,0,0,1,0,0,0,0,0,0,2,0,1,8,0,0,0,0,0,1,0,2026-09-02T00:11:25.797841+00:00
Inglaterra Premier League 2026/2027,Newcastle United - Liverpool FC,2026-08-23T15:30:00+00:00,finished,1,2-2,Newcastle United,Sven Botman,D,90,6.8,48,0,0,,0.0148277,0,0,0,34,27,7,1,0,0,0,0,2,1,1,0,0,0,7,0,2,0,1,8,1,0,0,0,0,2,0,2026-09-02T00:11:25.797799+00:00
Inglaterra Premier League 2026/2027,Newcastle United - Liverpool FC,2026-08-23T15:30:00+00:00,finished,1,2-2,Liverpool FC,Trey Nyoni,M,0,,0,0,0,,,0,0,0,0,0,0,0,0,0,0,0,0,0,0,0,0,0,0,0,0,0,0,0,0,0,0,0,0,0,0,2026-09-02T00:11:25.797778+00:00
Inglaterra Premier League 2026/2027,Newcastle United - Liverpool FC,2026-08-23T15:30:00+00:00,finished,1,2-2,Liverpool FC,Virgil van Dijk,D,90,6.7,72,0,0,0.2101,0.0129297,2,1,0,57,49,12,6,0,0,0,0,5,2,3,2,2,1,9,0,6,1,0,9,0,0,1,0,0,2,0,2026-09-02T00:11:25.797702+00:00
Inglaterra Premier League 2026/2027,Newcastle United - Liverpool FC,2026-08-23T15:30:00+00:00,finished,1,2-2,Liverpool FC,Víctor Muñoz,F,27,7.1,16,0,0,0.0789,0.0413046,2,0,0,6,5,0,0,4,2,0,0,1,0,0,0,0,0,0,0,0,2,0,5,1,0,0,0,0,0,0,2026-09-02T00:11:25.797736+00:00
Inglaterra Premier League 2026/2027,Newcastle United - Liverpool FC,2026-08-23T15:30:00+00:00,finished,1,2-2,Liverpool FC,Wataru Endo,M,0,,0,0,0,,,0,0,0,0,0,0,0,0,0,0,0,0,0,0,0,0,0,0,0,0,0,0,0,0,0,0,0,0,0,0,2026-09-02T00:11:25.797773+00:00
Inglaterra Premier League 2026/2027,Newcastle United - Liverpool FC,2026-08-23T15:30:00+00:00,finished,1,2-2,Newcastle United,William Osula,F,56,6.7,19,0,1,0.0559,0.0138723,2,0,1,5,4,0,0,0,0,0,0,1,5,0,3,1,1,0,0,2,2,1,6,0,0,0,0,0,1,0,2026-09-02T00:11:25.797833+00:00
Inglaterra Premier League 2026/2027,Newcastle United - Liverpool FC,2026-08-23T15:30:00+00:00,finished,1,2-2,Newcastle United,Yoane Wissa,F,89,6.8,40,0,1,0.9382,0.0158561,4,1,1,17,12,1,1,0,0,1,1,11,7,2,2,4,0,1,0,3,0,2,11,4,3,1,0,0,2,0,2026-09-02T00:11:25.797816+00:00
Inglaterra Premier League 2026/2027,Fulham - Chelsea,2026-08-24T19:00:00+00:00,finished,1,2-3,Chelsea,,,90,6.2,38,0,0,,0.00365614,0,0,0,27,10,24,7,0,0,0,0,0,0,0,0,0,0,1,0,5,0,0,17,0,0,0,0,4,2,1,2026-09-02T00:11:26.018489+00:00
Inglaterra Premier League 2026/2027,Fulham - Chelsea,2026-08-24T19:00:00+00:00,finished,1,2-3,Fulham,Alex Iwobi,M,90,6.8,99,0,0,,0.0391195,0,0,0,88,80,7,6,2,1,0,0,1,3,0,0,1,1,0,3,4,0,1,12,0,0,0,0,0,3,0,2026-09-02T00:11:26.018231+00:00
Inglaterra Premier League 2026/2027,Fulham - Chelsea,2026-08-24T19:00:00+00:00,finished,1,2-3,Fulham,Antonee Robinson,D,82,6.3,67,0,0,0.133,0.0451953,1,0,1,48,36,4,2,3,2,1,1,4,6,0,1,3,3,2,1,4,0,1,15,0,0,0,0,0,3,0,2026-09-02T00:11:26.018363+00:00
Inglaterra Premier League 2026/2027,Fulham - Chelsea,2026-08-24T19:00:00+00:00,finished,1,2-3,Fulham,Benjamin Lecomte,G,0,,0,0,0,,,0,0,0,0,0,0,0,0,0,0,0,0,0,0,0,0,0,0,0,0,0,0,0,0,0,0,0,0,0,0,2026-09-02T00:11:26.018454+00:00
Inglaterra Premier League 2026/2027,Fulham - Chelsea,2026-08-24T19:00:00+00:00,finished,1,2-3,Fulham,Bernd Leno,G,90,6.0,51,0,0,,0.00195015,0,0,0,43,35,15,7,0,0,0,0,0,0,0,0,0,0,1,0,9,0,0,8,0,0,0,0,3,3,1,2026-09-02T00:11:26.018280+00:00
Inglaterra Premier League 2026/2027,Fulham - Chelsea,2026-08-24T19:00:00+00:00,finished,1,2-3,Fulham,Calvin Bassey,D,90,6.5,96,0,0,0.0168,0.0215696,1,0,0,82,76,14,11,0,0,2,0,2,3,0,0,1,1,3,1,4,1,0,11,1,1,1,0,0,3,0,2026-09-02T00:11:26.018306+00:00
Inglaterra Premier League 2026/2027,Fulham - Chelsea,2026-08-24T19:00:00+00:00,finished,1,2-3,Chelsea,Cole Palmer,M,83,8.9,60,1,1,0.2396,0.211989,5,2,3,32,28,3,1,2,1,8,5,10,6,0,1,2,1,0,0,7,1,2,13,3,0,0,0,0,2,0,2026-09-02T00:11:26.018547+00:00
Inglaterra Premier League 2026/2027,Fulham - Chelsea,2026-08-24T19:00:00+00:00,finished,1,2-3,Fulham,César Palacios,M,73,6.0,54,0,0,0.1558,0.00820661,2,0,0,38,32,1,0,0,0,1,1,3,6,0,3,2,1,0,0,2,1,1,11,0,2,0,0,0,3,0,2026-09-02T00:11:26.018391+00:00
Inglaterra Premier League 2026/2027,Fulham - Chelsea,2026-08-24T19:00:00+00:00,finished,1,2-3,Chelsea,Danny Welbeck,F,0,,0,0,0,,,0,0,0,0,0,0,0,0,0,0,0,0,0,0,0,0,0,0,0,0,0,0,0,0,0,0,0,0,0,0,2026-09-02T00:11:26.018660+00:00
Inglaterra Premier League 2026/2027,Fulham - Chelsea,2026-08-24T19:00:00+00:00,finished,1,2-3,Fulham,Emile Smith Rowe,M,0,,0,0,0,,,0,0,0,0,0,0,0,0,0,0,0,0,0,0,0,0,0,0,0,0,0,0,0,0,0,0,0,0,0,0,2026-09-02T00:11:26.018471+00:00
Inglaterra Premier League 2026/2027,Fulham - Chelsea,2026-08-24T19:00:00+00:00,finished,1,2-3,Chelsea,Enzo Fernández,M,25,6.9,25,0,0,,0.0150734,0,0,1,21,20,1,0,0,0,0,0,1,1,0,0,0,0,0,0,3,0,1,2,1,0,0,0,0,0,0,2026-09-02T00:11:26.018590+00:00
Inglaterra Premier League 2026/2027,Fulham - Chelsea,2026-08-24T19:00:00+00:00,finished,1,2-3,Chelsea,Estêvão,M,12,6.4,5,0,0,,0.00185821,0,0,0,4,3,1,1,0,0,0,0,0,2,0,1,0,0,0,0,1,0,0,2,0,0,0,0,0,0,0,2026-09-02T00:11:26.018617+00:00
Inglaterra Premier League 2026/2027,Fulham - Chelsea,2026-08-24T19:00:00+00:00,finished,1,2-3,Chelsea,Geovany Quenda,M,8,6.6,5,0,0,,0.00026485,0,0,0,4,3,0,0,0,0,0,0,0,0,0,0,0,0,1,0,0,0,0,1,0,0,0,0,0,0,0,2026-09-02T00:11:26.018625+00:00
Inglaterra Premier League 2026/2027,Fulham - Chelsea,2026-08-24T19:00:00+00:00,finished,1,2-3,Fulham,Gonzalo García,F,90,7.2,43,1,0,0.7164,0.0047583,3,1,0,25,21,0,0,0,0,3,1,8,8,4,1,1,1,0,0,1,2,2,12,2,2,0,0,0,3,0,2026-09-02T00:11:26.018336+00:00
Inglaterra Premier League 2026/2027,Fulham - Chelsea,2026-08-24T19:00:00+00:00,finished,1,2-3,Fulham,Harrison Reed,M,0,,0,0,0,,,0,0,0,0,0,0,0,0,0,0,0,0,0,0,0,0,0,0,0,0,0,0,0,0,0,0,0,0,0,0,2026-09-02T00:11:26.018446+00:00
Inglaterra Premier League 2026/2027,Fulham - Chelsea,2026-08-24T19:00:00+00:00,finished,1,2-3,Chelsea,Jamie Gittens,M,0,,0,0,0,,,0,0,0,0,0,0,0,0,0,0,0,0,0,0,0,0,0,0,0,0,0,0,0,0,0,0,0,0,0,0,2026-09-02T00:11:26.018634+00:00
Inglaterra Premier League 2026/2027,Fulham - Chelsea,2026-08-24T19:00:00+00:00,finished,1,2-3,Fulham,Jorge Cuenca,D,90,7.0,100,0,0,,0.0255545,0,0,2,87,74,13,6,0,0,0,0,3,1,2,1,1,1,5,1,4,0,0,13,0,0,0,0,0,3,0,2026-09-02T00:11:26.018316+00:00
Inglaterra Premier League 2026/2027,Fulham - Chelsea,2026-08-24T19:00:00+00:00,finished,1,2-3,Chelsea,Jorrel Hato,D,65,6.5,40,0,0,0.014,0.033531,1,0,1,22,18,2,1,0,0,1,1,5,1,0,0,2,0,1,0,2,1,0,8,2,0,0,0,0,2,0,2026-09-02T00:11:26.018581+00:00
Inglaterra Premier League 2026/2027,Fulham - Chelsea,2026-08-24T19:00:00+00:00,finished,1,2-3,Chelsea,Josh Acheampong,D,90,7.2,67,0,0,,0.0124839,0,0,0,48,38,8,2,1,0,1,0,7,5,1,1,5,4,7,1,5,0,1,13,1,0,0,0,0,2,0,2026-09-02T00:11:26.018499+00:00
Inglaterra Premier League 2026/2027,Fulham - Chelsea,2026-08-24T19:00:00+00:00,finished,1,2-3,Fulham,Joshua King,M,90,7.1,57,1,0,0.1622,0.0363344,3,2,1,34,27,2,0,2,0,3,0,3,7,0,0,2,2,3,0,4,0,1,19,1,2,0,0,0,3,0,2026-09-02T00:11:26.018326+00:00
Inglaterra Premier League 2026/2027,Fulham - Chelsea,2026-08-24T19:00:00+00:00,finished,1,2-3,Chelsea,João Pedro,F,90,7.9,42,1,1,0.4338,0.0575862,4,1,2,22,16,3,2,0,0,1,1,3,6,1,2,0,0,1,0,2,1,2,17,1,1,0,0,0,2,0,2026-09-02T00:11:26.018537+00:00
Inglaterra Premier League 2026/2027,Fulham - Chelsea,2026-08-24T19:00:00+00:00,finished,1,2-3,Fulham,Kenny Tete,D,0,,0,0,0,,,0,0,0,0,0,0,0,0,0,0,0,0,0,0,0,0,0,0,0,0,0,0,0,0,0,0,0,0,0,0,2026-09-02T00:11:26.018463+00:00
Inglaterra Premier League 2026/2027,Fulham - Chelsea,2026-08-24T19:00:00+00:00,finished,1,2-3,Fulham,Kevin,M,17,6.7,20,0,0,,0.00641802,0,0,0,9,9,0,0,2,0,3,1,5,7,0,0,4,3,0,0,1,0,1,6,0,2,0,0,0,0,0,2026-09-02T00:11:26.018419+00:00
Inglaterra Premier League 2026/2027,Fulham - Chelsea,2026-08-24T19:00:00+00:00,finished,1,2-3,Chelsea,Levi Colwill,D,90,6.0,40,0,0,0.0131,0.0284681,1,0,0,29,27,1,0,0,0,1,1,4,2,0,1,2,2,2,0,3,1,0,5,1,1,1,0,0,2,0,2026-09-02T00:11:26.018517+00:00
Inglaterra Premier League 2026/2027,Fulham - Chelsea,2026-08-24T19:00:00+00:00,finished,1,2-3,Fulham,Luc De Fougerolles,D,0,,0,0,0,,,0,0,0,0,0,0,0,0,0,0,0,0,0,0,0,0,0,0,0,0,0,0,0,0,0,0,0,0,0,0,2026-09-02T00:11:26.018480+00:00
Inglaterra Premier League 2026/2027,Fulham - Chelsea,2026-08-24T19:00:00+00:00,finished,1,2-3,Chelsea,Malo Gusto,D,76,6.4,42,0,0,,0.0338914,0,0,0,23,19,2,0,3,2,0,0,3,3,2,0,1,1,1,1,4,0,2,12,0,1,0,0,0,2,0,2026-09-02T00:11:26.018564+00:00
Inglaterra Premier League 2026/2027,Fulham - Chelsea,2026-08-24T19:00:00+00:00,finished,1,2-3,Chelsea,Maxence Lacroix,D,90,7.1,69,0,1,,0.199459,0,0,1,50,47,3,2,0,0,0,0,7,10,1,6,5,2,4,2,2,0,2,8,1,1,0,0,0,2,0,2026-09-02T00:11:26.018508+00:00
Inglaterra Premier League 2026/2027,Fulham - Chelsea,2026-08-24T19:00:00+00:00,finished,1,2-3,Chelsea,Mike Penders,G,0,,0,0,0,,,0,0,0,0,0,0,0,0,0,0,0,0,0,0,0,0,0,0,0,0,0,0,0,0,0,0,0,0,0,0,2026-09-02T00:11:26.018642+00:00
Inglaterra Premier League 2026/2027,Fulham - Chelsea,2026-08-24T19:00:00+00:00,finished,1,2-3,Chelsea,Morgan Rogers,M,82,8.4,40,1,0,0.6359,0.115728,3,1,5,22,15,3,3,1,0,3,3,8,3,2,1,2,1,0,0,5,2,1,12,1,1,0,0,0,2,0,2026-09-02T00:11:26.018556+00:00
Inglaterra Premier League 2026/2027,Fulham - Chelsea,2026-08-24T19:00:00+00:00,finished,1,2-3,Fulham,Oscar Bobb,M,67,6.8,39,0,0,,0.289332,0,0,1,25,23,0,0,3,0,3,1,5,4,0,0,3,1,0,1,2,0,1,9,1,1,0,0,0,3,0,2026-09-02T00:11:26.018400+00:00
Inglaterra Premier League 2026/2027,Fulham - Chelsea,2026-08-24T19:00:00+00:00,finished,1,2-3,Chelsea,Pedro Neto,M,14,7.0,13,0,0,0.0276,0.0691625,1,0,0,5,3,2,0,1,1,2,2,3,0,0,0,1,1,0,0,3,0,0,4,0,0,0,0,0,0,0,2026-09-02T00:11:26.018608+00:00
Inglaterra Premier League 2026/2027,Fulham - Chelsea,2026-08-24T19:00:00+00:00,finished,1,2-3,Chelsea,Pep Chavarría,D,25,6.5,13,0,0,,0.00038634,0,0,0,8,5,1,0,0,0,0,0,0,2,0,1,0,0,1,0,1,0,1,6,0,0,0,0,0,0,0,2026-09-02T00:11:26.018598+00:00
Inglaterra Premier League 2026/2027,Fulham - Chelsea,2026-08-24T19:00:00+00:00,finished,1,2-3,Chelsea,Reece James,D,90,6.7,72,0,0,0.103,0.0699968,2,1,1,52,45,5,2,3,1,0,0,1,4,1,0,0,0,2,2,4,1,2,13,0,1,1,0,0,2,0,2026-09-02T00:11:26.018528+00:00
Inglaterra Premier League 2026/2027,Fulham - Chelsea,2026-08-24T19:00:00+00:00,finished,1,2-3,Fulham,Rodrigo Muniz,F,8,6.6,7,0,0,0.0286,0.00113707,1,1,1,5,2,1,1,0,0,1,0,2,1,2,0,0,0,0,0,0,0,0,4,0,0,0,0,0,0,0,2026-09-02T00:11:26.018436+00:00
Inglaterra Premier League 2026/2027,Fulham - Chelsea,2026-08-24T19:00:00+00:00,finished,1,2-3,Chelsea,Roméo Lavia,M,65,6.9,34,0,0,0.2325,0.030701,1,1,2,22,21,1,1,0,0,1,0,3,3,0,0,3,2,1,1,4,0,0,2,0,1,1,0,0,2,0,2026-09-02T00:11:26.018573+00:00
Inglaterra Premier League 2026/2027,Fulham - Chelsea,2026-08-24T19:00:00+00:00,finished,1,2-3,Fulham,Ryan Sessegnon,D,17,6.6,19,0,0,0.0325,0.00270599,1,1,0,7,4,2,0,2,0,2,2,3,2,1,0,0,0,0,1,1,0,2,8,0,0,0,0,0,0,0,2026-09-02T00:11:26.018427+00:00
Inglaterra Premier League 2026/2027,Fulham - Chelsea,2026-08-24T19:00:00+00:00,finished,1,2-3,Fulham,Sander Berge,M,73,6.6,68,0,0,0.0294,0.0260268,1,0,2,61,57,2,1,1,0,0,0,2,3,1,1,1,0,0,0,2,1,1,7,0,0,0,0,0,3,0,2026-09-02T00:11:26.018380+00:00
Inglaterra Premier League 2026/2027,Fulham - Chelsea,2026-08-24T19:00:00+00:00,finished,1,2-3,Fulham,Shea Charles,M,23,6.7,31,0,0,,0.00484057,0,0,0,27,25,1,0,0,0,0,0,1,0,0,0,1,1,0,0,1,0,0,2,0,0,0,0,0,0,0,2026-09-02T00:11:26.018409+00:00
Inglaterra Premier League 2026/2027,Fulham - Chelsea,2026-08-24T19:00:00+00:00,finished,1,2-3,Fulham,Timothy Castagne,D,90,6.9,61,0,1,0.1786,0.17956,1,1,2,40,34,2,1,3,1,1,1,7,4,3,1,1,1,3,1,4,0,0,9,2,2,1,0,0,3,0,2026-09-02T00:11:26.018296+00:00
Inglaterra Premier League 2026/2027,Fulham - Chelsea,2026-08-24T19:00:00+00:00,finished,1,2-3,Chelsea,Valentín Barco,M,0,,0,0,0,,,0,0,0,0,0,0,0,0,0,0,0,0,0,0,0,0,0,0,0,0,0,0,0,0,0,0,0,0,0,0,2026-09-02T00:11:26.018651+00:00
Inglaterra Premier League 2026/2027,Crystal Palace - Manchester City,2026-08-28T19:00:00+00:00,finished,2,1-4,Crystal Palace,,,22,6.3,10,0,0,,0.00063582,0,0,0,4,3,0,0,0,0,2,0,1,5,0,0,1,1,0,0,0,0,1,5,0,1,0,0,0,1,0,2026-09-02T00:11:26.146296+00:00
Inglaterra Premier League 2026/2027,Crystal Palace - Manchester City,2026-08-28T19:00:00+00:00,finished,2,1-4,Crystal Palace,,,0,,0,0,0,,,0,0,0,0,0,0,0,0,0,0,0,0,0,0,0,0,0,0,0,0,0,0,0,0,0,0,0,0,0,0,2026-09-02T00:11:26.146332+00:00
Inglaterra Premier League 2026/2027,Crystal Palace - Manchester City,2026-08-28T19:00:00+00:00,finished,2,1-4,Manchester City,Abdukodir Khusanov,D,89,7.1,105,0,0,,0.0189836,0,0,0,82,77,6,4,2,0,2,1,6,1,1,0,4,3,0,1,3,0,0,10,0,0,0,0,0,1,0,2026-09-02T00:11:26.146047+00:00
Inglaterra Premier League 2026/2027,Crystal Palace - Manchester City,2026-08-28T19:00:00+00:00,finished,2,1-4,Crystal Palace,Adam Wharton,M,90,7.3,38,0,0,,0.0679868,0,0,2,27,22,5,5,1,1,0,0,7,1,1,0,4,3,0,1,3,0,1,6,2,0,0,0,0,4,0,2026-09-02T00:11:26.146208+00:00
Inglaterra Premier League 2026/2027,Crystal Palace - Manchester City,2026-08-28T19:00:00+00:00,finished,2,1-4,Crystal Palace,Anan Khalaili,M,75,7.4,59,0,0,0.0141,0.0031795,1,0,0,25,22,4,2,5,0,4,3,14,7,1,2,10,7,2,2,5,0,0,14,0,1,1,0,0,3,0,2026-09-02T00:11:26.146236+00:00
Inglaterra Premier League 2026/2027,Crystal Palace - Manchester City,2026-08-28T19:00:00+00:00,finished,2,1-4,Manchester City,Antoine Semenyo,M,90,6.2,67,0,1,0.0568,0.278525,2,1,3,44,41,0,0,4,1,9,2,5,14,0,1,1,0,0,0,2,1,3,18,2,1,0,0,0,1,0,2026-09-02T00:11:26.146039+00:00
Inglaterra Premier League 2026/2027,Crystal Palace - Manchester City,2026-08-28T19:00:00+00:00,finished,2,1-4,Crystal Palace,Axel Disasi,D,16,6.5,7,0,0,,4.38e-06,0,0,0,6,4,1,0,0,0,0,0,1,2,0,1,1,0,0,0,1,0,0,2,0,1,0,0,0,1,0,2026-09-02T00:11:26.146311+00:00
Inglaterra Premier League 2026/2027,Crystal Palace - Manchester City,2026-08-28T19:00:00+00:00,finished,2,1-4,Manchester City,Ayyoub Bouaddi,M,8,7.0,23,0,0,,0.0312745,0,0,0,21,21,1,1,0,0,0,0,0,0,0,0,0,0,0,1,0,0,0,0,0,0,0,0,0,0,0,2026-09-02T00:11:26.146092+00:00
Inglaterra Premier League 2026/2027,Crystal Palace - Manchester City,2026-08-28T19:00:00+00:00,finished,2,1-4,Crystal Palace,Chris Richards,D,90,5.8,40,0,0,0.0292,0.00188294,1,1,0,29,24,3,1,0,0,1,1,3,0,0,0,2,1,2,2,2,0,0,6,0,0,0,0,0,4,0,2026-09-02T00:11:26.146216+00:00
Inglaterra Premier League 2026/2027,Crystal Palace - Manchester City,2026-08-28T19:00:00+00:00,finished,2,1-4,Manchester City,Claudio Echeverri,M,0,,0,0,0,,,0,0,0,0,0,0,0,0,0,0,0,0,0,0,0,0,0,0,0,0,0,0,0,0,0,0,0,0,0,0,2026-09-02T00:11:26.146155+00:00
Inglaterra Premier League 2026/2027,Crystal Palace - Manchester City,2026-08-28T19:00:00+00:00,finished,2,1-4,Crystal Palace,Daichi Kamada,M,90,7.2,50,0,0,0.0287,0.0224816,1,0,0,36,31,2,1,0,0,2,2,9,4,1,0,5,4,1,1,2,1,0,6,1,0,0,0,0,4,0,2026-09-02T00:11:26.146201+00:00
Inglaterra Premier League 2026/2027,Crystal Palace - Manchester City,2026-08-28T19:00:00+00:00,finished,2,1-4,Crystal Palace,Dean Henderson,G,90,6.4,27,0,0,,2.102e-05,0,0,0,15,11,5,1,0,0,0,0,0,0,0,0,0,0,2,0,11,0,0,4,0,0,0,0,4,4,1,2026-09-02T00:11:26.146186+00:00
Inglaterra Premier League 2026/2027,Crystal Palace - Manchester City,2026-08-28T19:00:00+00:00,finished,2,1-4,Crystal Palace,Dwight McNeil,M,22,6.4,6,0,0,,0.00143481,0,0,0,4,3,2,1,0,0,0,0,0,3,0,0,0,0,0,1,1,0,1,2,0,1,0,0,0,1,0,2026-09-02T00:11:26.146303+00:00
Inglaterra Premier League 2026/2027,Crystal Palace - Manchester City,2026-08-28T19:00:00+00:00,finished,2,1-4,Crystal Palace,Eddie Nketiah,F,68,6.3,23,0,0,0.2641,0.00325648,2,0,1,8,7,0,0,0,0,3,1,4,9,0,2,2,2,0,1,3,0,2,7,1,1,0,0,0,3,0,2026-09-02T00:11:26.146266+00:00
Inglaterra Premier League 2026/2027,Crystal Palace - Manchester City,2026-08-28T19:00:00+00:00,finished,2,1-4,Manchester City,Elliot Anderson,M,82,7.7,119,0,0,0.065,0.1699,2,1,1,98,89,7,4,1,1,2,1,8,5,1,0,5,4,0,3,5,0,2,12,1,1,1,0,0,1,0,2026-09-02T00:11:26.146063+00:00
Inglaterra Premier League 2026/2027,Crystal Palace - Manchester City,2026-08-28T19:00:00+00:00,finished,2,1-4,Manchester City,Erling Haaland,F,90,8.3,20,2,0,0.4014,0.0002574,5,3,0,6,3,2,0,0,0,0,0,3,5,2,1,0,0,2,0,3,0,3,7,1,0,0,0,0,1,0,2026-09-02T00:11:26.145967+00:00
Inglaterra Premier League 2026/2027,Crystal Palace - Manchester City,2026-08-28T19:00:00+00:00,finished,2,1-4,Crystal Palace,Evann Guessand,F,27,6.4,6,0,0,,0.00759613,0,0,0,2,2,0,0,0,0,1,0,0,3,0,1,0,0,1,0,0,0,0,2,0,0,0,0,0,1,0,2026-09-02T00:11:26.146289+00:00
Inglaterra Premier League 2026/2027,Crystal Palace - Manchester City,2026-08-28T19:00:00+00:00,finished,2,1-4,Manchester City,Gerónimo Rulli,G,0,,0,0,0,,,0,0,0,0,0,0,0,0,0,0,0,0,0,0,0,0,0,0,0,0,0,0,0,0,0,0,0,0,0,0,2026-09-02T00:11:26.146163+00:00
Inglaterra Premier League 2026/2027,Crystal Palace - Manchester City,2026-08-28T19:00:00+00:00,finished,2,1-4,Manchester City,Gianluigi Donnarumma,G,90,6.4,44,0,0,,0.00014987,0,0,0,36,29,9,3,0,0,0,0,0,0,0,0,0,0,0,0,8,0,0,7,0,0,0,0,1,1,0,2026-09-02T00:11:26.146007+00:00
Inglaterra Premier League 2026/2027,Crystal Palace - Manchester City,2026-08-28T19:00:00+00:00,finished,2,1-4,Crystal Palace,Jaydee Canvot,D,90,6.2,58,0,0,,0.00431771,0,0,0,44,39,3,1,0,0,0,0,4,3,2,1,1,1,4,1,3,0,0,7,1,0,0,0,0,4,0,2026-09-02T00:11:26.146223+00:00
Inglaterra Premier League 2026/2027,Crystal Palace - Manchester City,2026-08-28T19:00:00+00:00,finished,2,1-4,Crystal Palace,Jefferson Lerma,M,0,,0,0,0,,,0,0,0,0,0,0,0,0,0,0,0,0,0,0,0,0,0,0,0,0,0,0,0,0,0,0,0,0,0,0,2026-09-02T00:11:26.146325+00:00
Inglaterra Premier League 2026/2027,Crystal Palace - Manchester City,2026-08-28T19:00:00+00:00,finished,2,1-4,Manchester City,Joško Gvardiol,D,75,6.6,63,0,1,,0.0428549,0,0,2,52,42,2,1,1,1,3,2,5,5,2,2,1,0,1,0,0,0,0,11,0,1,0,0,0,1,0,2026-09-02T00:11:26.146077+00:00
Inglaterra Premier League 2026/2027,Crystal Palace - Manchester City,2026-08-28T19:00:00+00:00,finished,2,1-4,Crystal Palace,Jørgen Strand Larsen,F,63,7.3,18,0,0,0.0647,0.00098607,1,0,0,9,6,0,0,0,0,1,0,3,4,1,1,1,1,1,0,1,0,1,7,1,1,0,0,0,3,0,2026-09-02T00:11:26.146282+00:00
Inglaterra Premier League 2026/2027,Crystal Palace - Manchester City,2026-08-28T19:00:00+00:00,finished,2,1-4,Manchester City,Kaden Braithwaite,D,1,,11,0,0,,0.00168003,0,0,0,11,11,0,0,0,0,0,0,0,0,0,0,0,0,0,0,1,0,0,0,0,0,0,0,0,0,0,2026-09-02T00:11:26.146138+00:00
Inglaterra Premier League 2026/2027,Crystal Palace - Manchester City,2026-08-28T19:00:00+00:00,finished,2,1-4,Manchester City,Marc Guéhi,D,90,7.8,120,0,0,,0.0364484,0,0,1,108,106,9,8,0,0,1,1,6,1,3,0,1,1,2,3,4,0,0,3,1,1,0,0,0,1,0,2026-09-02T00:11:26.146024+00:00
Inglaterra Premier League 2026/2027,Crystal Palace - Manchester City,2026-08-28T19:00:00+00:00,finished,2,1-4,Manchester City,Mateo Kovačić,M,15,6.6,33,0,0,,0.00927778,0,0,0,29,27,1,0,0,0,2,0,1,2,1,0,0,0,0,0,0,0,0,5,0,0,0,0,0,0,0,2026-09-02T00:11:26.146085+00:00
Inglaterra Premier League 2026/2027,Crystal Palace - Manchester City,2026-08-28T19:00:00+00:00,finished,2,1-4,Manchester City,Nico O'Reilly,D,89,6.3,70,0,0,0.0122,0.0192783,1,0,0,57,52,1,1,0,0,4,3,5,6,1,0,1,1,0,0,2,0,2,9,0,1,0,0,0,1,0,2026-09-02T00:11:26.146055+00:00
Inglaterra Premier League 2026/2027,Crystal Palace - Manchester City,2026-08-28T19:00:00+00:00,finished,2,1-4,Manchester City,Phil Foden,M,90,6.9,68,0,2,0.356,0.431929,3,0,3,48,44,2,2,4,1,4,2,5,6,0,1,1,1,2,0,3,1,1,11,2,1,0,0,0,1,0,2026-09-02T00:11:26.146032+00:00
Inglaterra Premier League 2026/2027,Crystal Palace - Manchester City,2026-08-28T19:00:00+00:00,finished,2,1-4,Manchester City,Rayan Aït-Nouri,D,0,,0,0,0,,,0,0,0,0,0,0,0,0,0,0,0,0,0,0,0,0,0,0,0,0,0,0,0,0,0,0,0,0,0,0,2026-09-02T00:11:26.146171+00:00
Inglaterra Premier League 2026/2027,Crystal Palace - Manchester City,2026-08-28T19:00:00+00:00,finished,2,1-4,Manchester City,Rayan Cherki,M,82,8.6,80,2,0,0.4561,0.363548,3,3,3,63,58,3,2,3,1,5,3,3,9,0,1,0,0,0,0,3,0,3,13,0,4,1,0,0,1,0,2026-09-02T00:11:26.146071+00:00
Inglaterra Premier League 2026/2027,Crystal Palace - Manchester City,2026-08-28T19:00:00+00:00,finished,2,1-4,Manchester City,Rico Lewis,D,0,,0,0,0,,,0,0,0,0,0,0,0,0,0,0,0,0,0,0,0,0,0,0,0,0,0,0,0,0,0,0,0,0,0,0,2026-09-02T00:11:26.146178+00:00
Inglaterra Premier League 2026/2027,Crystal Palace - Manchester City,2026-08-28T19:00:00+00:00,finished,2,1-4,Manchester City,Ryan McAidoo,M,8,6.5,7,0,0,0.0659,0.00064133,1,0,0,5,2,0,0,0,0,1,1,1,0,0,0,0,0,0,0,0,0,0,3,0,0,0,0,0,0,0,2026-09-02T00:11:26.146121+00:00
Inglaterra Premier League 2026/2027,Crystal Palace - Manchester City,2026-08-28T19:00:00+00:00,finished,2,1-4,Manchester City,Rúben Dias,D,90,7.5,117,0,0,0.0402,0.176235,1,1,2,106,106,2,2,0,0,2,1,4,1,1,0,1,1,4,1,6,0,0,1,1,0,0,0,0,1,0,2026-09-02T00:11:26.146016+00:00
Inglaterra Premier League 2026/2027,Crystal Palace - Manchester City,2026-08-28T19:00:00+00:00,finished,2,1-4,Crystal Palace,Takehiro Tomiyasu,D,74,5.7,37,0,0,,0.00134248,0,0,0,23,20,1,0,4,0,0,0,1,2,0,2,1,0,5,3,3,0,0,8,0,0,0,0,0,3,0,2026-09-02T00:11:26.146254+00:00
Inglaterra Premier League 2026/2027,Crystal Palace - Manchester City,2026-08-28T19:00:00+00:00,finished,2,1-4,Crystal Palace,Tyrick Mitchell,M,90,6.7,44,0,0,0.1055,0.159126,2,0,2,24,21,2,0,1,0,1,1,3,3,0,0,2,0,2,1,1,0,1,5,0,0,0,0,0,4,0,2026-09-02T00:11:26.146194+00:00
Inglaterra Premier League 2026/2027,Crystal Palace - Manchester City,2026-08-28T19:00:00+00:00,finished,2,1-4,Manchester City,Vitor Reis,D,1,,15,0,0,,0.00266807,0,0,0,13,13,0,0,0,0,0,0,0,0,0,0,0,0,0,0,0,0,0,0,0,0,0,0,0,0,0,2026-09-02T00:11:26.146147+00:00
Inglaterra Premier League 2026/2027,Crystal Palace - Manchester City,2026-08-28T19:00:00+00:00,finished,2,1-4,Crystal Palace,Walter Benítez,G,0,,0,0,0,,,0,0,0,0,0,0,0,0,0,0,0,0,0,0,0,0,0,0,0,0,0,0,0,0,0,0,0,0,0,0,2026-09-02T00:11:26.146363+00:00
Inglaterra Premier League 2026/2027,Crystal Palace - Manchester City,2026-08-28T19:00:00+00:00,finished,2,1-4,Crystal Palace,Will Hughes,M,0,,0,0,0,,,0,0,0,0,0,0,0,0,0,0,0,0,0,0,0,0,0,0,0,0,0,0,0,0,0,0,0,0,0,0,2026-09-02T00:11:26.146339+00:00
Inglaterra Premier League 2026/2027,Crystal Palace - Manchester City,2026-08-28T19:00:00+00:00,finished,2,1-4,Crystal Palace,Yéremy Pino,F,68,6.8,42,0,0,0.0658,0.0730104,1,0,2,23,15,0,0,7,4,0,0,4,5,0,2,1,1,1,1,5,0,1,14,3,2,0,0,0,3,0,2026-09-02T00:11:26.146274+00:00
Inglaterra Premier League 2026/2027,Crystal Palace - Manchester City,2026-08-28T19:00:00+00:00,finished,2,1-4,Crystal Palace,Óscar Mingueza,M,15,6.3,7,0,0,,0.00040054,0,0,0,2,1,0,0,0,0,0,0,1,1,0,0,1,1,0,0,0,0,0,3,0,0,0,0,0,1,0,2026-09-02T00:11:26.146318+00:00
Inglaterra Premier League 2026/2027,Liverpool FC - Nottingham Forest,2026-08-29T11:30:00+00:00,finished,2,2-2,Nottingham Forest,,,24,6.4,14,0,0,0.0706,0.00269348,1,0,1,5,3,0,0,0,0,3,2,2,5,0,2,0,0,0,0,0,1,2,6,0,0,0,0,0,1,0,2026-09-02T00:11:26.226446+00:00
Inglaterra Premier League 2026/2027,Liverpool FC - Nottingham Forest,2026-08-29T11:30:00+00:00,finished,2,2-2,Nottingham Forest,,,0,,0,0,0,,,0,0,0,0,0,0,0,0,0,0,0,0,0,0,0,0,0,0,0,0,0,0,0,0,0,0,0,0,0,0,2026-09-02T00:11:26.226498+00:00
Inglaterra Premier League 2026/2027,Liverpool FC - Nottingham Forest,2026-08-29T11:30:00+00:00,finished,2,2-2,Liverpool FC,Alexander Isak,F,90,7.2,12,1,0,0.9869,0.00202334,3,1,1,4,2,0,0,0,0,0,0,2,3,1,1,1,0,0,0,0,1,1,4,0,1,0,0,0,2,0,2026-09-02T00:11:26.226219+00:00
Inglaterra Premier League 2026/2027,Liverpool FC - Nottingham Forest,2026-08-29T11:30:00+00:00,finished,2,2-2,Liverpool FC,Alexis Mac Allister,M,77,7.2,73,0,0,,0.386962,0,0,0,60,52,9,7,0,0,2,1,6,9,1,4,3,0,2,0,6,0,0,10,1,3,0,0,0,2,0,2026-09-02T00:11:26.226228+00:00
Inglaterra Premier League 2026/2027,Liverpool FC - Nottingham Forest,2026-08-29T11:30:00+00:00,finished,2,2-2,Liverpool FC,Alisson,G,90,6.1,34,0,0,,0.00169204,0,0,0,28,28,6,6,0,0,0,0,0,1,0,0,0,0,2,0,4,0,0,0,0,1,1,0,1,2,1,2026-09-02T00:11:26.226144+00:00
Inglaterra Premier League 2026/2027,Liverpool FC - Nottingham Forest,2026-08-29T11:30:00+00:00,finished,2,2-2,Nottingham Forest,Callum Hudson Odoi,M,1,,5,0,0,,0.00269509,0,0,0,2,2,0,0,0,0,1,0,0,3,0,0,0,0,0,0,0,0,1,2,0,1,0,0,0,0,0,2026-09-02T00:11:26.226462+00:00
Inglaterra Premier League 2026/2027,Liverpool FC - Nottingham Forest,2026-08-29T11:30:00+00:00,finished,2,2-2,Nottingham Forest,Chris Wood,F,0,,0,0,0,,,0,0,0,0,0,0,0,0,0,0,0,0,0,0,0,0,0,0,0,0,0,0,0,0,0,0,0,0,0,0,2026-09-02T00:11:26.226506+00:00
Inglaterra Premier League 2026/2027,Liverpool FC - Nottingham Forest,2026-08-29T11:30:00+00:00,finished,2,2-2,Liverpool FC,Cody Gakpo,M,71,7.3,38,0,1,,0.646971,0,0,2,23,20,0,0,5,1,3,1,1,5,0,0,0,0,0,0,2,0,2,12,0,0,0,0,0,2,0,2026-09-02T00:11:26.226252+00:00
Inglaterra Premier League 2026/2027,Liverpool FC - Nottingham Forest,2026-08-29T11:30:00+00:00,finished,2,2-2,Nottingham Forest,Dan Ndoye,M,66,7.7,32,1,0,0.3274,0.633314,3,1,2,16,12,1,0,0,0,4,2,3,5,0,0,0,0,0,1,8,0,2,10,1,1,0,0,0,1,0,2026-09-02T00:11:26.226438+00:00
Inglaterra Premier League 2026/2027,Liverpool FC - Nottingham Forest,2026-08-29T11:30:00+00:00,finished,2,2-2,Liverpool FC,Dominik Szoboszlai,M,90,7.2,113,0,0,0.12,0.069266,3,0,2,79,71,2,1,10,3,2,1,5,6,0,3,3,3,1,1,8,1,0,19,1,1,0,0,0,2,0,2026-09-02T00:11:26.226195+00:00
Inglaterra Premier League 2026/2027,Liverpool FC - Nottingham Forest,2026-08-29T11:30:00+00:00,finished,2,2-2,Liverpool FC,Florian Wirtz,M,90,6.4,70,0,1,0.2259,0.0623577,2,1,1,51,40,1,0,1,0,2,1,5,7,1,1,3,2,0,0,7,1,3,23,0,1,1,0,0,2,0,2026-09-02T00:11:26.226204+00:00
Inglaterra Premier League 2026/2027,Liverpool FC - Nottingham Forest,2026-08-29T11:30:00+00:00,finished,2,2-2,Liverpool FC,Giorgi Mamardashvili,G,0,,0,0,0,,,0,0,0,0,0,0,0,0,0,0,0,0,0,0,0,0,0,0,0,0,0,0,0,0,0,0,0,0,0,0,2026-09-02T00:11:26.226320+00:00
Inglaterra Premier League 2026/2027,Liverpool FC - Nottingham Forest,2026-08-29T11:30:00+00:00,finished,2,2-2,Nottingham Forest,Igor Jesus,F,89,6.4,49,0,0,0.8074,0.039998,3,1,1,29,21,1,1,0,0,2,1,8,11,5,4,1,1,3,0,1,2,1,12,1,4,1,0,0,2,0,2026-09-02T00:11:26.226423+00:00
Inglaterra Premier League 2026/2027,Liverpool FC - Nottingham Forest,2026-08-29T11:30:00+00:00,finished,2,2-2,Nottingham Forest,Jair,D,90,6.7,32,0,0,,0.00467065,0,0,0,17,12,4,1,0,0,0,0,6,2,1,1,2,1,6,0,3,0,0,5,3,0,0,0,0,2,0,2026-09-02T00:11:26.226355+00:00
Inglaterra Premier League 2026/2027,Liverpool FC - Nottingham Forest,2026-08-29T11:30:00+00:00,finished,2,2-2,Nottingham Forest,James McAtee,M,89,6.7,50,0,0,,0.158616,0,0,1,35,24,5,1,2,0,2,1,5,4,1,1,1,1,2,0,5,0,1,17,2,0,0,0,0,2,0,2026-09-02T00:11:26.226416+00:00
Inglaterra Premier League 2026/2027,Liverpool FC - Nottingham Forest,2026-08-29T11:30:00+00:00,finished,2,2-2,Liverpool FC,James McConnell,M,0,,0,0,0,,,0,0,0,0,0,0,0,0,0,0,0,0,0,0,0,0,0,0,0,0,0,0,0,0,0,0,0,0,0,0,2026-09-02T00:11:26.226305+00:00
Inglaterra Premier League 2026/2027,Liverpool FC - Nottingham Forest,2026-08-29T11:30:00+00:00,finished,2,2-2,Liverpool FC,Jeremie Frimpong,D,71,6.2,65,0,0,,0.0243511,0,0,1,41,38,0,0,4,0,1,0,4,2,0,0,3,1,2,0,3,0,0,11,1,0,0,0,0,2,0,2026-09-02T00:11:26.226260+00:00
Inglaterra Premier League 2026/2027,Liverpool FC - Nottingham Forest,2026-08-29T11:30:00+00:00,finished,2,2-2,Nottingham Forest,John Victor,G,0,,0,0,0,,,0,0,0,0,0,0,0,0,0,0,0,0,0,0,0,0,0,0,0,0,0,0,0,0,0,0,0,0,0,0,2026-09-02T00:11:26.226477+00:00
Inglaterra Premier League 2026/2027,Liverpool FC - Nottingham Forest,2026-08-29T11:30:00+00:00,finished,2,2-2,Liverpool FC,Jérémy Jacquet,D,77,8.2,110,0,0,,0.0515508,0,0,1,94,85,7,6,0,0,1,1,9,1,3,1,3,1,4,3,3,0,0,10,2,0,0,0,0,2,0,2026-09-02T00:11:26.226236+00:00
Inglaterra Premier League 2026/2027,Liverpool FC - Nottingham Forest,2026-08-29T11:30:00+00:00,finished,2,2-2,Liverpool FC,Kostas Tsimikas,D,19,6.9,20,0,0,0.0363,0.00528426,1,1,0,13,13,0,0,1,0,1,0,0,2,0,0,0,0,0,0,0,0,0,3,0,1,0,0,0,0,0,2026-09-02T00:11:26.226267+00:00
Inglaterra Premier League 2026/2027,Liverpool FC - Nottingham Forest,2026-08-29T11:30:00+00:00,finished,2,2-2,Liverpool FC,Lewis Koumas,F,0,,0,0,0,,,0,0,0,0,0,0,0,0,0,0,0,0,0,0,0,0,0,0,0,0,0,0,0,0,0,0,0,0,0,0,2026-09-02T00:11:26.226327+00:00
Inglaterra Premier League 2026/2027,Liverpool FC - Nottingham Forest,2026-08-29T11:30:00+00:00,finished,2,2-2,Nottingham Forest,Luca Netz,D,10,6.7,4,0,0,,,0,0,0,1,0,1,0,0,0,0,0,1,1,0,0,1,1,0,0,0,0,0,1,0,0,0,0,0,0,0,2026-09-02T00:11:26.226454+00:00
Inglaterra Premier League 2026/2027,Liverpool FC - Nottingham Forest,2026-08-29T11:30:00+00:00,finished,2,2-2,Nottingham Forest,Matz Sels,G,90,7.1,42,0,0,,0.00924997,0,0,0,35,13,35,13,0,0,0,0,2,0,2,0,0,0,3,0,6,0,0,22,0,0,0,0,2,2,1,2026-09-02T00:11:26.226335+00:00
Inglaterra Premier League 2026/2027,Liverpool FC - Nottingham Forest,2026-08-29T11:30:00+00:00,finished,2,2-2,Liverpool FC,Miloš Kerkez,D,71,6.5,54,0,0,,0.0122807,0,0,1,37,32,2,2,2,0,1,0,3,3,1,1,1,1,4,1,3,0,0,9,1,0,0,0,0,2,0,2026-09-02T00:11:26.226244+00:00
Inglaterra Premier League 2026/2027,Liverpool FC - Nottingham Forest,2026-08-29T11:30:00+00:00,finished,2,2-2,Nottingham Forest,Morgan Gibbs-White,M,90,7.6,41,1,1,0.7884,0.0439753,1,1,1,19,15,0,0,0,0,2,1,5,4,1,1,2,1,1,0,2,0,1,11,1,1,0,0,0,2,0,2026-09-02T00:11:26.226408+00:00
Inglaterra Premier League 2026/2027,Liverpool FC - Nottingham Forest,2026-08-29T11:30:00+00:00,finished,2,2-2,Nottingham Forest,Murillo,D,90,6.4,35,0,0,0.1759,0.00336979,1,0,0,21,18,5,4,0,0,3,0,3,3,2,0,0,0,5,1,3,1,0,6,1,0,0,0,0,2,0,2026-09-02T00:11:26.226382+00:00
Inglaterra Premier League 2026/2027,Liverpool FC - Nottingham Forest,2026-08-29T11:30:00+00:00,finished,2,2-2,Nottingham Forest,Neco Williams,D,90,8.9,57,0,0,0.0564,0.154857,1,0,2,27,21,6,3,3,1,1,0,8,4,1,1,6,4,3,0,1,0,0,10,1,0,0,0,0,2,0,2026-09-02T00:11:26.226400+00:00
Inglaterra Premier League 2026/2027,Liverpool FC - Nottingham Forest,2026-08-29T11:30:00+00:00,finished,2,2-2,Nottingham Forest,Nicolás Domínguez,M,1,,2,0,0,,,0,0,0,1,0,0,0,0,0,0,0,0,1,0,0,0,0,0,0,0,0,1,2,0,0,0,0,0,0,0,2026-09-02T00:11:26.226469+00:00
Inglaterra Premier League 2026/2027,Liverpool FC - Nottingham Forest,2026-08-29T11:30:00+00:00,finished,2,2-2,Nottingham Forest,Nikola Milenković,D,90,6.4,28,0,0,,0.00038322,0,0,0,15,11,2,1,0,0,0,0,4,1,1,0,3,1,7,2,3,0,0,4,0,1,0,0,0,2,0,2026-09-02T00:11:26.226373+00:00
Inglaterra Premier League 2026/2027,Liverpool FC - Nottingham Forest,2026-08-29T11:30:00+00:00,finished,2,2-2,Nottingham Forest,Ola Aina,D,86,7.1,62,0,0,,0.353049,0,0,1,32,20,9,3,2,1,2,1,5,4,0,0,2,1,2,1,4,0,1,27,2,2,1,0,0,2,0,2026-09-02T00:11:26.226431+00:00
Inglaterra Premier League 2026/2027,Liverpool FC - Nottingham Forest,2026-08-29T11:30:00+00:00,finished,2,2-2,Nottingham Forest,Ousmane Diomande,D,0,,0,0,0,,,0,0,0,0,0,0,0,0,0,0,0,0,0,0,0,0,0,0,0,0,0,0,0,0,0,0,0,0,0,0,2026-09-02T00:11:26.226484+00:00
Inglaterra Premier League 2026/2027,Liverpool FC - Nottingham Forest,2026-08-29T11:30:00+00:00,finished,2,2-2,Liverpool FC,Rio Ngumoha,F,19,6.5,18,0,0,,0.0253073,0,0,0,9,8,0,0,3,0,3,2,2,3,0,1,0,0,0,0,0,0,1,7,0,0,0,0,0,0,0,2026-09-02T00:11:26.226282+00:00
Inglaterra Premier League 2026/2027,Liverpool FC - Nottingham Forest,2026-08-29T11:30:00+00:00,finished,2,2-2,Liverpool FC,Ronald Araújo,D,13,7.0,26,0,0,,0.0128122,0,0,0,24,23,5,4,0,0,0,0,0,2,0,0,0,0,0,0,2,0,0,2,0,1,1,0,0,0,0,2026-09-02T00:11:26.226298+00:00
Inglaterra Premier League 2026/2027,Liverpool FC - Nottingham Forest,2026-08-29T11:30:00+00:00,finished,2,2-2,Liverpool FC,Ryan Gravenberch,M,19,6.6,18,0,0,,0.00551733,0,0,1,9,9,1,1,0,0,0,0,2,2,0,0,1,1,0,0,0,0,2,5,1,0,0,0,0,0,0,2026-09-02T00:11:26.226275+00:00
Inglaterra Premier League 2026/2027,Liverpool FC - Nottingham Forest,2026-08-29T11:30:00+00:00,finished,2,2-2,Nottingham Forest,Ryan Yates,M,0,,0,0,0,,,0,0,0,0,0,0,0,0,0,0,0,0,0,0,0,0,0,0,0,0,0,0,0,0,0,0,0,0,0,0,2026-09-02T00:11:26.226491+00:00
Inglaterra Premier League 2026/2027,Liverpool FC - Nottingham Forest,2026-08-29T11:30:00+00:00,finished,2,2-2,Liverpool FC,Trey Nyoni,M,13,6.7,23,0,0,,0.00443458,0,0,0,20,18,1,0,0,0,0,0,2,1,0,0,2,0,0,1,2,0,0,2,0,0,0,0,0,0,0,2026-09-02T00:11:26.226290+00:00
Inglaterra Premier League 2026/2027,Liverpool FC - Nottingham Forest,2026-08-29T11:30:00+00:00,finished,2,2-2,Liverpool FC,Virgil van Dijk,D,90,7.1,121,0,0,,0.0316199,0,0,0,113,100,14,8,0,0,0,0,4,2,4,2,0,0,4,1,5,0,0,13,0,0,0,0,0,2,0,2026-09-02T00:11:26.226185+00:00
Inglaterra Premier League 2026/2027,Liverpool FC - Nottingham Forest,2026-08-29T11:30:00+00:00,finished,2,2-2,Liverpool FC,Víctor Muñoz,F,90,7.4,56,1,0,0.24,0.190153,4,1,1,20,15,0,0,4,1,5,1,6,11,0,1,2,0,0,3,1,1,1,19,3,4,1,0,0,2,0,2026-09-02T00:11:26.226211+00:00
Inglaterra Premier League 2026/2027,Liverpool FC - Nottingham Forest,2026-08-29T11:30:00+00:00,finished,2,2-2,Liverpool FC,Wataru Endo,M,0,,0,0,0,,,0,0,0,0,0,0,0,0,0,0,0,0,0,0,0,0,0,0,0,0,0,0,0,0,0,0,0,0,0,0,2026-09-02T00:11:26.226313+00:00
Inglaterra Premier League 2026/2027,Liverpool FC - Nottingham Forest,2026-08-29T11:30:00+00:00,finished,2,2-2,Nottingham Forest,Xaver Schlager,M,90,7.1,45,0,0,0.0717,0.00242203,2,0,0,26,21,4,3,0,0,1,1,8,3,1,1,5,3,2,0,7,2,0,6,1,0,0,0,0,2,0,2026-09-02T00:11:26.226391+00:00
Inglaterra Premier League 2026/2027,Bournemouth - Everton,2026-08-29T14:00:00+00:00,finished,2,1-1,Bournemouth,,,0,,0,0,0,,,0,0,0,0,0,0,0,0,0,0,0,0,0,0,0,0,0,0,0,0,0,0,0,0,0,0,0,0,0,0,2026-09-02T00:11:26.409412+00:00
Inglaterra Premier League 2026/2027,Bournemouth - Everton,2026-08-29T14:00:00+00:00,finished,2,1-1,Everton,,,90,6.8,55,0,0,0.0176,0.0701155,2,1,1,33,32,0,0,0,0,4,1,3,6,1,0,1,0,3,2,7,0,1,9,0,2,0,0,0,1,0,2026-09-02T00:11:26.409436+00:00
Inglaterra Premier League 2026/2027,Bournemouth - Everton,2026-08-29T14:00:00+00:00,finished,2,1-1,Everton,,,20,6.8,8,0,0,0.0601,0.00454613,1,0,0,2,2,0,0,1,0,0,0,0,5,0,4,0,0,0,0,0,0,1,3,0,0,0,0,0,0,0,2026-09-02T00:11:26.409542+00:00
Inglaterra Premier League 2026/2027,Bournemouth - Everton,2026-08-29T14:00:00+00:00,finished,2,1-1,Everton,,,8,6.5,1,0,0,,0.00019866,0,0,0,0,0,0,0,0,0,0,0,0,1,0,0,0,0,0,0,0,0,0,0,0,1,0,0,0,0,0,2026-09-02T00:11:26.409550+00:00
Inglaterra Premier League 2026/2027,Bournemouth - Everton,2026-08-29T14:00:00+00:00,finished,2,1-1,Bournemouth,Adam Smith,D,90,6.5,56,0,0,,0.0237605,0,0,1,34,28,7,3,1,1,0,0,3,2,1,0,2,0,3,1,0,0,0,12,0,1,1,0,0,1,0,2026-09-02T00:11:26.409301+00:00
Inglaterra Premier League 2026/2027,Bournemouth - Everton,2026-08-29T14:00:00+00:00,finished,2,1-1,Bournemouth,Adrien Truffert,D,90,7.9,67,0,0,,0.0707542,0,0,2,42,39,4,3,5,0,0,0,5,2,1,1,2,1,4,2,6,0,0,10,2,0,0,0,0,1,0,2026-09-02T00:11:26.409283+00:00
Inglaterra Premier League 2026/2027,Bournemouth - Everton,2026-08-29T14:00:00+00:00,finished,2,1-1,Bournemouth,Alex Scott,M,87,8.5,84,1,0,0.2555,0.277604,2,1,2,52,42,7,3,6,1,3,1,8,7,1,0,3,2,2,1,9,1,3,21,3,2,1,0,0,0,0,2026-09-02T00:11:26.409309+00:00
Inglaterra Premier League 2026/2027,Bournemouth - Everton,2026-08-29T14:00:00+00:00,finished,2,1-1,Bournemouth,António Silva,D,90,7.5,63,0,0,0.2491,0.0309684,1,0,0,50,44,10,9,0,0,0,0,5,3,3,1,2,2,6,2,4,0,0,7,0,1,0,0,0,1,0,2026-09-02T00:11:26.409273+00:00
Inglaterra Premier League 2026/2027,Bournemouth - Everton,2026-08-29T14:00:00+00:00,finished,2,1-1,Bournemouth,Bafodé Diakité,D,0,,0,0,0,,,0,0,0,0,0,0,0,0,0,0,0,0,0,0,0,0,0,0,0,0,0,0,0,0,0,0,0,0,0,0,2026-09-02T00:11:26.409420+00:00
Inglaterra Premier League 2026/2027,Bournemouth - Everton,2026-08-29T14:00:00+00:00,finished,2,1-1,Bournemouth,Ben Gannon-Doak,M,0,,0,0,0,,,0,0,0,0,0,0,0,0,0,0,0,0,0,0,0,0,0,0,0,0,0,0,0,0,0,0,0,0,0,0,2026-09-02T00:11:26.409428+00:00
Inglaterra Premier League 2026/2027,Bournemouth - Everton,2026-08-29T14:00:00+00:00,finished,2,1-1,Everton,Brennan Johnson,F,28,6.3,6,0,0,,5.41e-06,0,0,0,3,1,0,0,0,0,0,0,1,3,0,1,1,0,0,0,0,0,1,3,0,1,0,0,0,0,0,2026-09-02T00:11:26.409526+00:00
Inglaterra Premier League 2026/2027,Bournemouth - Everton,2026-08-29T14:00:00+00:00,finished,2,1-1,Everton,Carlos Alcaraz,M,8,6.4,5,0,0,0.0314,0.0395116,1,0,0,3,2,1,0,0,0,1,0,0,3,0,1,0,0,0,0,1,0,0,2,0,1,1,0,0,0,0,2026-09-02T00:11:26.409558+00:00
Inglaterra Premier League 2026/2027,Bournemouth - Everton,2026-08-29T14:00:00+00:00,finished,2,1-1,Bournemouth,Daniel Jebbison,F,0,,0,0,0,,,0,0,0,0,0,0,0,0,0,0,0,0,0,0,0,0,0,0,0,0,0,0,0,0,0,0,0,0,0,0,2026-09-02T00:11:26.409396+00:00
Inglaterra Premier League 2026/2027,Bournemouth - Everton,2026-08-29T14:00:00+00:00,finished,2,1-1,Bournemouth,David Brooks,M,9,6.5,9,0,0,,0.00845281,0,0,0,8,6,0,0,0,0,0,0,1,1,0,0,0,0,0,0,0,0,0,2,1,1,0,0,0,1,0,2026-09-02T00:11:26.409380+00:00
Inglaterra Premier League 2026/2027,Bournemouth - Everton,2026-08-29T14:00:00+00:00,finished,2,1-1,Bournemouth,Evanilson,F,81,7.0,33,0,1,0.4706,0.0387583,3,0,2,23,17,1,1,0,0,0,0,7,4,3,0,0,0,0,0,2,2,1,8,4,3,0,0,0,0,0,2026-09-02T00:11:26.409325+00:00
Inglaterra Premier League 2026/2027,Bournemouth - Everton,2026-08-29T14:00:00+00:00,finished,2,1-1,Everton,Harrison Armstrong,M,87,6.4,35,0,0,,0.0415449,0,0,1,20,19,0,0,1,0,0,0,4,8,1,2,3,2,1,2,3,0,2,6,0,2,0,0,0,1,0,2026-09-02T00:11:26.409492+00:00
Inglaterra Premier League 2026/2027,Bournemouth - Everton,2026-08-29T14:00:00+00:00,finished,2,1-1,Everton,Hayden Hackney,M,28,6.6,21,0,0,,0.0115432,0,0,0,17,16,0,0,2,0,0,0,0,2,0,0,0,0,0,0,1,0,0,3,0,0,0,0,0,0,0,2026-09-02T00:11:26.409534+00:00
Inglaterra Premier League 2026/2027,Bournemouth - Everton,2026-08-29T14:00:00+00:00,finished,2,1-1,Everton,Jake O'Brien,D,0,,0,0,0,,,0,0,0,0,0,0,0,0,0,0,0,0,0,0,0,0,0,0,0,0,0,0,0,0,0,0,0,0,0,0,2026-09-02T00:11:26.409574+00:00
Inglaterra Premier League 2026/2027,Bournemouth - Everton,2026-08-29T14:00:00+00:00,finished,2,1-1,Everton,James Garner,M,62,6.6,33,0,0,,0.00740013,0,0,0,22,19,1,0,4,0,0,0,3,3,0,1,3,3,1,0,7,0,0,10,0,2,1,0,0,1,0,2026-09-02T00:11:26.409509+00:00
Inglaterra Premier League 2026/2027,Bournemouth - Everton,2026-08-29T14:00:00+00:00,finished,2,1-1,Bournemouth,James Hill,D,90,7.8,83,0,0,,0.618016,0,0,2,67,49,15,2,0,0,0,0,8,3,4,2,3,2,6,3,3,0,0,20,1,1,0,0,0,1,0,2026-09-02T00:11:26.409237+00:00
Inglaterra Premier League 2026/2027,Bournemouth - Everton,2026-08-29T14:00:00+00:00,finished,2,1-1,Everton,James Tarkowski,D,90,8.1,58,1,0,0.0923,0.00610067,1,1,1,40,34,4,1,0,0,0,0,9,2,5,1,1,0,5,3,3,0,0,6,3,1,0,0,0,1,0,2026-09-02T00:11:26.409477+00:00
Inglaterra Premier League 2026/2027,Bournemouth - Everton,2026-08-29T14:00:00+00:00,finished,2,1-1,Everton,Jarrad Branthwaite,D,90,6.2,41,0,0,0.0403,0.00522153,1,1,0,27,20,7,2,0,0,1,0,1,3,0,1,1,1,8,2,2,0,0,8,0,1,0,0,0,1,0,2026-09-02T00:11:26.409453+00:00
Inglaterra Premier League 2026/2027,Bournemouth - Everton,2026-08-29T14:00:00+00:00,finished,2,1-1,Everton,Jordan Pickford,G,90,7.6,46,0,0,,0.00017796,0,0,0,31,13,21,3,0,0,0,0,3,0,0,0,0,0,4,0,11,0,0,18,3,0,0,0,4,1,3,2026-09-02T00:11:26.409469+00:00
Inglaterra Premier League 2026/2027,Bournemouth - Everton,2026-08-29T14:00:00+00:00,finished,2,1-1,Bournemouth,Julio Soler,D,0,,0,0,0,,,0,0,0,0,0,0,0,0,0,0,0,0,0,0,0,0,0,0,0,0,0,0,0,0,0,0,0,0,0,0,2026-09-02T00:11:26.409405+00:00
Inglaterra Premier League 2026/2027,Bournemouth - Everton,2026-08-29T14:00:00+00:00,finished,2,1-1,Bournemouth,Justin Kluivert,M,81,6.2,34,0,0,0.6176,0.0391036,4,2,2,17,15,0,0,2,1,2,2,3,5,0,1,0,0,0,0,5,1,3,10,1,1,0,0,0,0,0,2026-09-02T00:11:26.409317+00:00
Inglaterra Premier League 2026/2027,Bournemouth - Everton,2026-08-29T14:00:00+00:00,finished,2,1-1,Everton,Kiernan Dewsbury-Hall,M,90,7.3,53,0,0,0.0424,0.165614,2,1,4,32,25,3,2,3,3,3,2,6,5,0,1,3,2,0,0,7,0,2,12,1,1,0,0,0,1,0,2026-09-02T00:11:26.409444+00:00
Inglaterra Premier League 2026/2027,Bournemouth - Everton,2026-08-29T14:00:00+00:00,finished,2,1-1,Bournemouth,Lewis Cook,M,69,7.0,40,0,0,,0.0109922,0,0,1,38,35,1,0,0,0,0,0,3,1,3,0,0,0,0,0,2,0,1,4,0,0,0,0,0,0,0,2026-09-02T00:11:26.409333+00:00
Inglaterra Premier League 2026/2027,Bournemouth - Everton,2026-08-29T14:00:00+00:00,finished,2,1-1,Bournemouth,Marcus Tavernier,M,90,7.6,75,0,0,0.0975,0.348519,2,0,2,42,35,1,1,8,3,3,1,7,5,1,0,4,2,2,0,6,1,3,21,1,0,1,0,0,1,0,2026-09-02T00:11:26.409292+00:00
Inglaterra Premier League 2026/2027,Bournemouth - Everton,2026-08-29T14:00:00+00:00,finished,2,1-1,Everton,Mark Travers,G,0,,0,0,0,,,0,0,0,0,0,0,0,0,0,0,0,0,0,0,0,0,0,0,0,0,0,0,0,0,0,0,0,0,0,0,2026-09-02T00:11:26.409582+00:00
Inglaterra Premier League 2026/2027,Bournemouth - Everton,2026-08-29T14:00:00+00:00,finished,2,1-1,Everton,Merlin Röhl,M,87,6.5,50,0,0,,0.00898826,0,0,0,24,20,1,1,3,0,1,0,4,4,0,1,3,3,2,0,4,0,1,13,1,1,0,0,0,1,0,2026-09-02T00:11:26.409484+00:00
Inglaterra Premier League 2026/2027,Bournemouth - Everton,2026-08-29T14:00:00+00:00,finished,2,1-1,Everton,Michael Keane,D,0,,0,0,0,,,0,0,0,0,0,0,0,0,0,0,0,0,0,0,0,0,0,0,0,0,0,0,0,0,0,0,0,0,0,0,2026-09-02T00:11:26.409590+00:00
Inglaterra Premier League 2026/2027,Bournemouth - Everton,2026-08-29T14:00:00+00:00,finished,2,1-1,Bournemouth,Rayan,M,90,6.3,32,0,0,0.4738,0.0220923,5,2,0,17,15,1,1,0,0,2,0,3,8,2,4,1,0,1,0,3,2,1,8,0,0,0,0,0,1,0,2026-09-02T00:11:26.409199+00:00
Inglaterra Premier League 2026/2027,Bournemouth - Everton,2026-08-29T14:00:00+00:00,finished,2,1-1,Bournemouth,Ryan Christie,M,8,6.5,6,0,0,,9.961e-05,0,0,0,3,3,0,0,0,0,0,0,2,1,1,1,1,1,0,0,1,0,0,0,0,0,0,0,0,1,0,2026-09-02T00:11:26.409389+00:00
Inglaterra Premier League 2026/2027,Bournemouth - Everton,2026-08-29T14:00:00+00:00,finished,2,1-1,Everton,Thierno Barry,F,70,6.7,19,0,0,1.4185,0.00291649,3,2,1,9,5,1,0,0,0,2,1,4,6,2,5,0,0,2,0,1,0,0,6,1,0,0,0,0,1,0,2026-09-02T00:11:26.409500+00:00
Inglaterra Premier League 2026/2027,Bournemouth - Everton,2026-08-29T14:00:00+00:00,finished,2,1-1,Bournemouth,Tyler Adams,M,21,6.5,16,0,0,,0.00366123,0,0,0,15,14,0,0,0,0,0,0,0,0,0,0,0,0,0,0,3,0,0,1,0,0,0,0,0,1,0,2026-09-02T00:11:26.409353+00:00
Inglaterra Premier League 2026/2027,Bournemouth - Everton,2026-08-29T14:00:00+00:00,finished,2,1-1,Everton,Tyler Dibling,M,0,,0,0,0,,,0,0,0,0,0,0,0,0,0,0,0,0,0,0,0,0,0,0,0,0,0,0,0,0,0,0,0,0,0,0,2026-09-02T00:11:26.409566+00:00
Inglaterra Premier League 2026/2027,Bournemouth - Everton,2026-08-29T14:00:00+00:00,finished,2,1-1,Everton,Tyrique George,F,62,6.6,27,0,0,0.0343,0.00779595,2,1,1,14,13,1,1,3,0,1,1,3,1,0,0,1,1,0,0,1,0,1,9,1,0,0,0,0,1,0,2026-09-02T00:11:26.409517+00:00
Inglaterra Premier League 2026/2027,Bournemouth - Everton,2026-08-29T14:00:00+00:00,finished,2,1-1,Everton,Vitaliy Mykolenko,D,90,6.7,67,0,0,,0.00569416,0,0,0,36,23,9,1,3,0,0,0,4,6,3,4,1,0,6,1,6,0,0,21,0,1,0,0,0,1,0,2026-09-02T00:11:26.409461+00:00
Inglaterra Premier League 2026/2027,Bournemouth - Everton,2026-08-29T14:00:00+00:00,finished,2,1-1,Bournemouth,Álvaro Rodriguez,F,9,6.4,6,0,0,,2.193e-05,0,0,0,3,2,0,0,0,0,1,1,2,4,0,4,0,0,0,0,1,0,0,2,1,1,0,0,0,1,0,2026-09-02T00:11:26.409370+00:00
Inglaterra Premier League 2026/2027,Bournemouth - Everton,2026-08-29T14:00:00+00:00,finished,2,1-1,Bournemouth,Đorđe Petrović,G,90,7.2,47,0,0,,5.229e-05,0,0,0,33,22,11,0,0,0,0,0,0,0,0,0,0,0,3,0,8,0,0,11,0,0,0,0,5,1,2,2026-09-02T00:11:26.409257+00:00
Inglaterra Premier League 2026/2027,Coventry City - Hull City,2026-08-29T14:00:00+00:00,finished,2,0-1,Coventry City,,,12,6.3,14,0,0,,0.00323004,0,0,0,11,10,1,0,0,0,0,0,1,1,1,1,0,0,2,0,0,0,0,1,0,0,0,0,0,1,0,2026-09-02T00:11:26.323754+00:00
Inglaterra Premier League 2026/2027,Coventry City - Hull City,2026-08-29T14:00:00+00:00,finished,2,0-1,Hull City,,,45,6.8,16,0,0,,0.00078893,0,0,0,6,4,0,0,0,0,0,0,2,1,1,0,0,0,2,1,2,0,0,4,1,1,0,0,0,0,0,2026-09-02T00:11:26.324233+00:00
Inglaterra Premier League 2026/2027,Coventry City - Hull City,2026-08-29T14:00:00+00:00,finished,2,0-1,Hull City,,,31,7.6,12,1,0,0.5718,0.00349396,2,1,0,8,4,1,0,0,0,0,0,0,1,0,0,0,0,0,0,0,0,0,5,0,0,0,0,0,0,0,2026-09-02T00:11:26.324257+00:00
Inglaterra Premier League 2026/2027,Coventry City - Hull City,2026-08-29T14:00:00+00:00,finished,2,0-1,Hull City,,,13,6.5,3,0,0,,0.00115941,0,0,0,2,2,0,0,0,0,0,0,0,0,0,0,0,0,0,0,0,0,0,0,0,0,0,0,0,0,0,2026-09-02T00:11:26.324265+00:00
Inglaterra Premier League 2026/2027,Coventry City - Hull City,2026-08-29T14:00:00+00:00,finished,2,0-1,Coventry City,Aurèle Amenda,D,90,6.8,76,0,0,0.0154,0.0374659,1,0,0,68,64,4,3,0,0,0,0,4,4,4,1,0,0,4,0,1,0,1,5,0,2,1,0,0,1,0,2026-09-02T00:11:26.322056+00:00
Inglaterra Premier League 2026/2027,Coventry City - Hull City,2026-08-29T14:00:00+00:00,finished,2,0-1,Coventry City,Bobby Thomas,D,78,7.2,79,0,0,,0.00603075,0,0,0,63,50,10,2,1,0,1,1,5,3,1,3,0,0,9,0,6,0,0,14,3,1,0,0,0,0,0,2026-09-02T00:11:26.322071+00:00
Inglaterra Premier League 2026/2027,Coventry City - Hull City,2026-08-29T14:00:00+00:00,finished,2,0-1,Coventry City,Brandon Thomas-Asante,F,32,6.4,18,0,0,,0.004234,0,0,0,10,6,0,0,1,0,2,1,3,3,1,1,0,0,0,0,2,0,0,8,1,0,0,0,0,1,0,2026-09-02T00:11:26.323717+00:00
Inglaterra Premier League 2026/2027,Coventry City - Hull City,2026-08-29T14:00:00+00:00,finished,2,0-1,Coventry City,Caleb Yirenkyi,M,71,7.0,52,0,0,0.0344,0.170956,1,0,1,38,37,1,1,1,1,2,0,5,5,3,1,0,0,3,0,4,1,1,6,2,1,0,0,0,0,0,2026-09-02T00:11:26.322077+00:00
Inglaterra Premier League 2026/2027,Coventry City - Hull City,2026-08-29T14:00:00+00:00,finished,2,0-1,Coventry City,Carl Rushworth,G,90,6.3,52,0,0,,0.00184575,0,0,0,40,29,16,5,0,0,0,0,0,0,0,0,0,0,1,0,13,0,0,12,0,0,0,0,1,1,0,2026-09-02T00:11:26.322032+00:00
Inglaterra Premier League 2026/2027,Coventry City - Hull City,2026-08-29T14:00:00+00:00,finished,2,0-1,Coventry City,Daniel Bentley,G,0,,0,0,0,,,0,0,0,0,0,0,0,0,0,0,0,0,0,0,0,0,0,0,0,0,0,0,0,0,0,0,0,0,0,0,2026-09-02T00:11:26.323762+00:00
Inglaterra Premier League 2026/2027,Coventry City - Hull City,2026-08-29T14:00:00+00:00,finished,2,0-1,Hull City,Dillon Phillips,G,0,,0,0,0,,,0,0,0,0,0,0,0,0,0,0,0,0,0,0,0,0,0,0,0,0,0,0,0,0,0,0,0,0,0,0,2026-09-02T00:11:26.324281+00:00
Inglaterra Premier League 2026/2027,Coventry City - Hull City,2026-08-29T14:00:00+00:00,finished,2,0-1,Hull City,Elliot Stroud,M,59,6.3,16,0,0,0.019,0.00584041,1,0,0,9,6,1,0,1,0,0,0,0,3,0,1,0,0,1,1,5,0,0,6,0,2,1,0,0,0,0,2026-09-02T00:11:26.324188+00:00
Inglaterra Premier League 2026/2027,Coventry City - Hull City,2026-08-29T14:00:00+00:00,finished,2,0-1,Coventry City,Ellis Simms,F,0,,0,0,0,,,0,0,0,0,0,0,0,0,0,0,0,0,0,0,0,0,0,0,0,0,0,0,0,0,0,0,0,0,0,0,2026-09-02T00:11:26.323786+00:00
Inglaterra Premier League 2026/2027,Coventry City - Hull City,2026-08-29T14:00:00+00:00,finished,2,0-1,Coventry City,Ephron Mason-Clark,M,58,6.5,28,0,0,,0.0574975,0,0,1,12,9,1,1,6,1,1,0,2,6,0,3,0,0,1,0,2,0,1,12,2,2,0,0,0,0,0,2026-09-02T00:11:26.323654+00:00
Inglaterra Premier League 2026/2027,Coventry City - Hull City,2026-08-29T14:00:00+00:00,finished,2,0-1,Coventry City,Gustavo Hamer,M,19,6.4,14,0,0,,0.0182756,0,0,0,12,11,2,1,1,0,0,0,0,3,0,1,0,0,0,0,0,0,1,3,0,1,0,0,0,1,0,2026-09-02T00:11:26.323746+00:00
Inglaterra Premier League 2026/2027,Coventry City - Hull City,2026-08-29T14:00:00+00:00,finished,2,0-1,Hull City,Hidemasa Morita,M,45,6.8,22,0,0,,0.00372699,0,0,1,16,13,1,0,1,0,2,2,3,2,1,1,0,0,1,0,1,0,0,5,0,0,0,0,0,0,0,2026-09-02T00:11:26.324199+00:00
Inglaterra Premier League 2026/2027,Coventry City - Hull City,2026-08-29T14:00:00+00:00,finished,2,0-1,Coventry City,Jack Rudoni,M,71,6.5,46,0,0,0.0367,0.0874295,1,0,2,35,28,1,0,1,0,0,0,1,4,0,1,1,0,0,1,4,1,1,14,0,1,0,0,0,0,0,2026-09-02T00:11:26.322085+00:00
Inglaterra Premier League 2026/2027,Coventry City - Hull City,2026-08-29T14:00:00+00:00,finished,2,0-1,Coventry City,Jay DaSilva,D,90,7.0,90,0,0,0.1831,0.0483021,1,1,0,67,59,0,0,3,0,3,3,6,3,1,1,2,2,0,1,3,0,1,13,0,1,0,0,0,1,0,2026-09-02T00:11:26.322063+00:00
Inglaterra Premier League 2026/2027,Coventry City - Hull City,2026-08-29T14:00:00+00:00,finished,2,0-1,Hull City,Jens Hjertø-Dahl,M,0,,0,0,0,,,0,0,0,0,0,0,0,0,0,0,0,0,0,0,0,0,0,0,0,0,0,0,0,0,0,0,0,0,0,0,2026-09-02T00:11:26.324273+00:00
Inglaterra Premier League 2026/2027,Coventry City - Hull City,2026-08-29T14:00:00+00:00,finished,2,0-1,Coventry City,Joel Latibeaudiere,D,0,,0,0,0,,,0,0,0,0,0,0,0,0,0,0,0,0,0,0,0,0,0,0,0,0,0,0,0,0,0,0,0,0,0,0,2026-09-02T00:11:26.323778+00:00
Inglaterra Premier League 2026/2027,Coventry City - Hull City,2026-08-29T14:00:00+00:00,finished,2,0-1,Hull City,John Egan,D,90,7.3,45,0,0,,0.00481051,0,0,0,26,18,5,1,0,0,0,0,6,2,5,1,1,1,10,2,1,0,1,9,1,0,0,0,0,0,0,2026-09-02T00:11:26.324129+00:00
Inglaterra Premier League 2026/2027,Coventry City - Hull City,2026-08-29T14:00:00+00:00,finished,2,0-1,Hull City,Konstantinos Tzolakis,G,90,8.1,40,0,0,,0.00084208,0,0,0,28,10,23,5,0,0,0,0,1,0,1,0,0,0,0,0,11,0,0,18,1,0,0,0,3,0,0,2026-09-02T00:11:26.323795+00:00
Inglaterra Premier League 2026/2027,Coventry City - Hull City,2026-08-29T14:00:00+00:00,finished,2,0-1,Hull City,Lewie Coyle,D,45,6.8,25,0,0,,0.00203281,0,0,0,11,7,5,2,0,0,0,0,3,1,1,0,0,0,3,1,1,0,0,6,2,1,1,0,0,0,0,2026-09-02T00:11:26.324219+00:00
Inglaterra Premier League 2026/2027,Coventry City - Hull City,2026-08-29T14:00:00+00:00,finished,2,0-1,Coventry City,Liam Kitching,D,0,,0,0,0,,,0,0,0,0,0,0,0,0,0,0,0,0,0,0,0,0,0,0,0,0,0,0,0,0,0,0,0,0,0,0,2026-09-02T00:11:26.323771+00:00
Inglaterra Premier League 2026/2027,Coventry City - Hull City,2026-08-29T14:00:00+00:00,finished,2,0-1,Coventry City,Loum Tchaouna,F,59,7.1,32,0,0,0.0544,0.148913,1,0,1,22,17,3,1,5,1,0,0,2,0,1,0,1,1,2,0,3,0,0,9,0,0,0,0,0,0,0,2026-09-02T00:11:26.322091+00:00
Inglaterra Premier League 2026/2027,Coventry City - Hull City,2026-08-29T14:00:00+00:00,finished,2,0-1,Hull City,Lucas Gourna-Douath,M,45,6.8,26,0,0,,0.0108665,0,0,0,15,10,1,1,0,0,2,0,5,4,1,0,3,1,0,0,3,0,1,8,1,0,0,0,0,0,0,2026-09-02T00:11:26.324241+00:00
Inglaterra Premier League 2026/2027,Coventry City - Hull City,2026-08-29T14:00:00+00:00,finished,2,0-1,Hull City,Lucas Herrington,D,31,6.7,11,0,0,,0.00050375,0,0,0,9,7,2,0,0,0,0,0,0,0,0,0,0,0,1,0,0,0,0,2,0,0,0,0,0,0,0,2026-09-02T00:11:26.324250+00:00
Inglaterra Premier League 2026/2027,Coventry City - Hull City,2026-08-29T14:00:00+00:00,finished,2,0-1,Coventry City,Matt Grimes,M,90,6.7,117,0,0,0.0062,0.0407431,1,0,1,104,90,7,2,7,1,0,0,0,2,0,1,0,0,1,0,8,1,0,22,0,0,0,0,0,1,0,2026-09-02T00:11:26.322048+00:00
Inglaterra Premier League 2026/2027,Coventry City - Hull City,2026-08-29T14:00:00+00:00,finished,2,0-1,Hull City,Matt Targett,D,0,,0,0,0,,,0,0,0,0,0,0,0,0,0,0,0,0,0,0,0,0,0,0,0,0,0,0,0,0,0,0,0,0,0,0,2026-09-02T00:11:26.324297+00:00
Inglaterra Premier League 2026/2027,Coventry City - Hull City,2026-08-29T14:00:00+00:00,finished,2,0-1,Coventry City,Milan van Ewijk,D,90,6.6,68,0,0,,0.160819,0,0,2,49,46,2,1,3,2,2,0,1,3,0,0,1,1,1,0,3,0,1,9,0,0,0,0,0,1,0,2026-09-02T00:11:26.322041+00:00
Inglaterra Premier League 2026/2027,Coventry City - Hull City,2026-08-29T14:00:00+00:00,finished,2,0-1,Hull City,Mohamed Belloumi,M,83,6.7,33,0,1,0.1161,0.0164384,1,0,1,13,9,2,2,3,0,1,0,2,5,0,0,2,2,1,2,5,0,1,14,0,1,0,0,0,0,0,2026-09-02T00:11:26.324172+00:00
Inglaterra Premier League 2026/2027,Coventry City - Hull City,2026-08-29T14:00:00+00:00,finished,2,0-1,Hull City,Nobel Mendy,D,59,7.3,37,0,0,0.0163,0.00281904,1,1,0,26,21,8,3,0,0,0,0,2,1,0,1,2,1,5,0,1,0,0,6,0,0,0,0,0,0,0,2026-09-02T00:11:26.324180+00:00
Inglaterra Premier League 2026/2027,Coventry City - Hull City,2026-08-29T14:00:00+00:00,finished,2,0-1,Hull City,Oli McBurnie,F,90,6.5,32,0,0,,0.0236284,0,0,1,21,9,1,1,0,0,1,1,9,9,5,7,0,0,0,0,4,0,0,16,3,2,1,0,0,0,0,2026-09-02T00:11:26.324163+00:00
Inglaterra Premier League 2026/2027,Coventry City - Hull City,2026-08-29T14:00:00+00:00,finished,2,0-1,Hull City,Paddy McNair,D,0,,0,0,0,,,0,0,0,0,0,0,0,0,0,0,0,0,0,0,0,0,0,0,0,0,0,0,0,0,0,0,0,0,0,0,2026-09-02T00:11:26.324289+00:00
Inglaterra Premier League 2026/2027,Coventry City - Hull City,2026-08-29T14:00:00+00:00,finished,2,0-1,Hull City,Regan Slater,M,90,6.6,43,0,0,,0.00637451,0,0,0,29,20,3,1,0,0,0,0,6,4,1,1,4,1,2,0,4,0,1,14,1,1,1,0,0,0,0,2026-09-02T00:11:26.324154+00:00
Inglaterra Premier League 2026/2027,Coventry City - Hull City,2026-08-29T14:00:00+00:00,finished,2,0-1,Hull City,Ryan Giles,D,90,7.0,42,0,0,,0.074086,0,0,1,20,17,1,0,5,1,0,0,1,1,0,1,1,1,1,0,4,0,0,15,0,0,0,0,0,0,0,2026-09-02T00:11:26.324145+00:00
Inglaterra Premier League 2026/2027,Coventry City - Hull City,2026-08-29T14:00:00+00:00,finished,2,0-1,Hull City,Semi Ajayi,D,90,7.2,36,0,0,,0.00384853,0,0,0,24,19,6,2,1,0,1,1,5,2,1,2,2,1,5,0,5,0,0,6,1,0,0,0,0,0,0,2026-09-02T00:11:26.324087+00:00
Inglaterra Premier League 2026/2027,Coventry City - Hull City,2026-08-29T14:00:00+00:00,finished,2,0-1,Coventry City,Taiwo Awoniyi,F,90,6.9,25,0,0,0.9374,0.0407153,4,2,2,14,12,0,0,0,0,1,1,3,5,2,3,0,0,1,0,2,1,1,6,0,1,0,0,0,1,0,2026-09-02T00:11:26.321993+00:00
Inglaterra Premier League 2026/2027,Coventry City - Hull City,2026-08-29T14:00:00+00:00,finished,2,0-1,Coventry City,Tatsuhiro Sakamoto,M,31,6.6,27,0,0,0.0158,0.0171141,1,0,0,12,11,0,0,3,1,1,0,3,1,1,0,2,2,0,0,2,1,0,9,0,0,0,0,0,1,0,2026-09-02T00:11:26.323727+00:00
Inglaterra Premier League 2026/2027,Coventry City - Hull City,2026-08-29T14:00:00+00:00,finished,2,0-1,Coventry City,Victor Torp,M,19,6.3,17,0,0,,0.00640353,0,0,0,14,12,1,0,2,0,0,0,0,2,0,0,0,0,0,0,3,0,0,4,0,1,0,0,0,1,0,2026-09-02T00:11:26.323737+00:00
Inglaterra Premier League 2026/2027,Tottenham Hotspur - Newcastle United,2026-08-29T16:30:00+00:00,finished,2,0-2,Newcastle United,,,71,6.7,59,0,0,,0.0697657,0,0,2,51,48,6,4,1,0,1,0,0,7,0,1,0,0,1,1,2,0,2,8,0,2,1,0,0,0,0,2026-09-02T00:11:26.527034+00:00
Inglaterra Premier League 2026/2027,Tottenham Hotspur - Newcastle United,2026-08-29T16:30:00+00:00,finished,2,0-2,Newcastle United,,,19,6.7,9,0,1,0.0186,0.00265856,1,0,1,4,3,0,0,0,0,1,0,3,3,1,1,0,0,0,0,0,1,1,3,2,0,0,0,0,0,0,2026-09-02T00:11:26.527042+00:00
Inglaterra Premier League 2026/2027,Tottenham Hotspur - Newcastle United,2026-08-29T16:30:00+00:00,finished,2,0-2,Tottenham Hotspur,,,90,7.0,37,0,0,0.1686,0.04341,3,1,3,17,17,0,0,0,0,4,3,5,6,0,2,1,1,0,0,3,0,1,5,1,3,0,0,0,2,0,2026-09-02T00:11:26.527185+00:00
Inglaterra Premier League 2026/2027,Tottenham Hotspur - Newcastle United,2026-08-29T16:30:00+00:00,finished,2,0-2,Tottenham Hotspur,,,22,6.4,10,0,0,0.0177,0.00084604,1,0,0,4,3,0,0,1,0,1,0,0,1,0,0,0,0,0,0,1,0,0,5,0,0,0,0,0,1,0,2026-09-02T00:11:26.527230+00:00
Inglaterra Premier League 2026/2027,Tottenham Hotspur - Newcastle United,2026-08-29T16:30:00+00:00,finished,2,0-2,Newcastle United,Aladji Bamba,M,0,,0,0,0,,,0,0,0,0,0,0,0,0,0,0,0,0,0,0,0,0,0,0,0,0,0,0,0,0,0,0,0,0,0,0,2026-09-02T00:11:26.527076+00:00
Inglaterra Premier League 2026/2027,Tottenham Hotspur - Newcastle United,2026-08-29T16:30:00+00:00,finished,2,0-2,Newcastle United,Amar Dedić,D,90,7.7,47,0,1,,0.0607208,0,0,2,27,24,2,1,2,2,2,1,5,2,1,1,2,1,5,0,5,0,0,6,1,0,0,0,0,0,0,2026-09-02T00:11:26.526963+00:00
Inglaterra Premier League 2026/2027,Tottenham Hotspur - Newcastle United,2026-08-29T16:30:00+00:00,finished,2,0-2,Tottenham Hotspur,Andy Robertson,D,68,6.3,50,0,0,0.0616,0.0182016,1,1,1,39,30,2,0,3,1,0,0,2,1,1,1,1,0,2,0,1,0,0,12,0,0,0,0,0,1,0,2026-09-02T00:11:26.527217+00:00
Inglaterra Premier League 2026/2027,Tottenham Hotspur - Newcastle United,2026-08-29T16:30:00+00:00,finished,2,0-2,Newcastle United,Anthony Elanga,F,82,7.8,30,1,0,0.1841,0.0951866,2,1,1,13,8,1,0,4,1,1,1,4,1,0,0,2,1,1,0,1,0,0,11,1,1,0,0,0,0,0,2026-09-02T00:11:26.527013+00:00
Inglaterra Premier League 2026/2027,Tottenham Hotspur - Newcastle United,2026-08-29T16:30:00+00:00,finished,2,0-2,Tottenham Hotspur,Antonín Kinský,G,90,5.7,45,0,0,,0.00310858,0,0,0,40,33,11,4,0,0,0,0,0,1,0,0,0,0,0,0,6,0,0,7,0,0,0,0,0,2,0,2026-09-02T00:11:26.527145+00:00
Inglaterra Premier League 2026/2027,Tottenham Hotspur - Newcastle United,2026-08-29T16:30:00+00:00,finished,2,0-2,Tottenham Hotspur,Archie Gray,M,68,6.3,30,0,0,,0.00386581,0,0,0,19,14,1,0,2,0,0,0,2,2,0,0,0,0,2,1,3,0,1,8,2,1,0,0,0,1,0,2026-09-02T00:11:26.527209+00:00
Inglaterra Premier League 2026/2027,Tottenham Hotspur - Newcastle United,2026-08-29T16:30:00+00:00,finished,2,0-2,Newcastle United,Bazoumana Touré,M,1,,2,0,0,,,0,0,0,1,0,0,0,0,0,0,0,0,0,0,0,0,0,0,0,0,0,0,2,0,0,0,0,0,0,0,2026-09-02T00:11:26.527069+00:00
Inglaterra Premier League 2026/2027,Tottenham Hotspur - Newcastle United,2026-08-29T16:30:00+00:00,finished,2,0-2,Tottenham Hotspur,Ben Davies,D,0,,0,0,0,,,0,0,0,0,0,0,0,0,0,0,0,0,0,0,0,0,0,0,0,0,0,0,0,0,0,0,0,0,0,0,2026-09-02T00:11:26.527251+00:00
Inglaterra Premier League 2026/2027,Tottenham Hotspur - Newcastle United,2026-08-29T16:30:00+00:00,finished,2,0-2,Tottenham Hotspur,Conor Gallagher,M,0,,0,0,0,,,0,0,0,0,0,0,0,0,0,0,0,0,0,0,0,0,0,0,0,0,0,0,0,0,0,0,0,0,0,0,2026-09-02T00:11:26.527277+00:00
Inglaterra Premier League 2026/2027,Tottenham Hotspur - Newcastle United,2026-08-29T16:30:00+00:00,finished,2,0-2,Tottenham Hotspur,Destiny Udogie,D,22,6.7,20,0,0,,0.192131,0,0,1,15,12,0,0,0,0,0,0,1,0,0,0,1,1,0,0,1,0,0,3,0,0,0,0,0,1,0,2026-09-02T00:11:26.527237+00:00
Inglaterra Premier League 2026/2027,Tottenham Hotspur - Newcastle United,2026-08-29T16:30:00+00:00,finished,2,0-2,Tottenham Hotspur,Dominic Solanke,F,15,6.4,4,0,0,0.179,0.00123953,1,1,0,1,1,0,0,0,0,0,0,1,2,0,2,0,0,0,0,0,0,0,0,1,0,0,0,0,0,0,2026-09-02T00:11:26.527244+00:00
Inglaterra Premier League 2026/2027,Tottenham Hotspur - Newcastle United,2026-08-29T16:30:00+00:00,finished,2,0-2,Newcastle United,Ewen Jaouen,G,0,,0,0,0,,,0,0,0,0,0,0,0,0,0,0,0,0,0,0,0,0,0,0,0,0,0,0,0,0,0,0,0,0,0,0,2026-09-02T00:11:26.527083+00:00
Inglaterra Premier League 2026/2027,Tottenham Hotspur - Newcastle United,2026-08-29T16:30:00+00:00,finished,2,0-2,Newcastle United,Fabian Schär,D,0,,0,0,0,,,0,0,0,0,0,0,0,0,0,0,0,0,0,0,0,0,0,0,0,0,0,0,0,0,0,0,0,0,0,0,2026-09-02T00:11:26.527097+00:00
Inglaterra Premier League 2026/2027,Tottenham Hotspur - Newcastle United,2026-08-29T16:30:00+00:00,finished,2,0-2,Newcastle United,Harvey Barnes,F,89,6.5,27,0,0,0.0411,0.0101498,1,0,2,13,10,0,0,3,0,0,0,2,2,0,0,1,0,2,0,0,0,1,9,1,1,0,0,0,0,0,2026-09-02T00:11:26.527005+00:00
Inglaterra Premier League 2026/2027,Tottenham Hotspur - Newcastle United,2026-08-29T16:30:00+00:00,finished,2,0-2,Newcastle United,Jacob Murphy,F,8,6.9,6,0,0,,0.200155,0,0,0,3,3,0,0,0,0,0,0,1,0,0,0,1,0,0,0,2,0,0,1,0,0,0,0,0,0,0,2026-09-02T00:11:26.527062+00:00
Inglaterra Premier League 2026/2027,Tottenham Hotspur - Newcastle United,2026-08-29T16:30:00+00:00,finished,2,0-2,Newcastle United,Jacob Ramsey,M,8,6.8,8,0,0,,0.130732,0,0,0,7,6,1,1,0,0,1,0,1,1,1,0,0,0,0,0,1,0,0,2,0,0,0,0,0,0,0,2026-09-02T00:11:26.527055+00:00
Inglaterra Premier League 2026/2027,Tottenham Hotspur - Newcastle United,2026-08-29T16:30:00+00:00,finished,2,0-2,Tottenham Hotspur,Jan Paul van Hecke,D,90,7.6,93,0,0,0.1062,0.0309333,1,1,1,81,75,9,7,0,0,0,0,5,4,3,2,2,2,4,1,4,0,0,6,0,2,0,0,0,2,0,2026-09-02T00:11:26.527154+00:00
Inglaterra Premier League 2026/2027,Tottenham Hotspur - Newcastle United,2026-08-29T16:30:00+00:00,finished,2,0-2,Newcastle United,Joe Willock,M,71,6.3,29,0,0,0.0696,0.018764,3,0,0,21,21,0,0,0,0,0,0,0,5,0,0,0,0,1,0,1,0,2,3,0,3,0,0,0,0,0,2026-09-02T00:11:26.527027+00:00
Inglaterra Premier League 2026/2027,Tottenham Hotspur - Newcastle United,2026-08-29T16:30:00+00:00,finished,2,0-2,Newcastle United,Leo Shahar,D,0,,0,0,0,,,0,0,0,0,0,0,0,0,0,0,0,0,0,0,0,0,0,0,0,0,0,0,0,0,0,0,0,0,0,0,2026-09-02T00:11:26.527090+00:00
Inglaterra Premier League 2026/2027,Tottenham Hotspur - Newcastle United,2026-08-29T16:30:00+00:00,finished,2,0-2,Newcastle United,Lewis Hall,D,90,9.7,75,0,0,0.0345,0.303904,1,0,2,36,30,8,3,4,3,2,2,7,4,1,2,2,1,7,1,5,0,0,10,2,1,0,0,0,0,0,2026-09-02T00:11:26.526955+00:00
Inglaterra Premier League 2026/2027,Tottenham Hotspur - Newcastle United,2026-08-29T16:30:00+00:00,finished,2,0-2,Newcastle United,Lewis Miley,M,90,7.2,63,0,0,,0.022984,0,0,1,51,47,4,3,0,0,2,1,4,2,1,0,1,1,2,1,6,0,0,7,1,0,0,0,0,0,0,2026-09-02T00:11:26.526916+00:00
Inglaterra Premier League 2026/2027,Tottenham Hotspur - Newcastle United,2026-08-29T16:30:00+00:00,finished,2,0-2,Tottenham Hotspur,Lucas Bergvall,M,0,,0,0,0,,,0,0,0,0,0,0,0,0,0,0,0,0,0,0,0,0,0,0,0,0,0,0,0,0,0,0,0,0,0,0,2026-09-02T00:11:26.527258+00:00
Inglaterra Premier League 2026/2027,Tottenham Hotspur - Newcastle United,2026-08-29T16:30:00+00:00,finished,2,0-2,Newcastle United,Lukáš Horníček,G,90,7.5,40,0,0,,0.00159567,0,0,0,29,16,16,3,0,0,0,0,0,0,0,0,0,0,2,0,4,0,0,13,0,0,0,0,4,0,2,2026-09-02T00:11:26.526989+00:00
Inglaterra Premier League 2026/2027,Tottenham Hotspur - Newcastle United,2026-08-29T16:30:00+00:00,finished,2,0-2,Newcastle United,Malick Thiaw,D,90,7.3,44,0,0,,0.0151363,0,0,0,38,33,9,4,0,0,0,0,4,3,2,1,0,0,2,0,1,0,0,5,3,1,0,0,0,0,0,2026-09-02T00:11:26.526971+00:00
Inglaterra Premier League 2026/2027,Tottenham Hotspur - Newcastle United,2026-08-29T16:30:00+00:00,finished,2,0-2,Tottenham Hotspur,Marcos Senesi,D,0,,0,0,0,,,0,0,0,0,0,0,0,0,0,0,0,0,0,0,0,0,0,0,0,0,0,0,0,0,0,0,0,0,0,0,2026-09-02T00:11:26.527270+00:00
Inglaterra Premier League 2026/2027,Tottenham Hotspur - Newcastle United,2026-08-29T16:30:00+00:00,finished,2,0-2,Tottenham Hotspur,Martin Dúbravka,G,0,,0,0,0,,,0,0,0,0,0,0,0,0,0,0,0,0,0,0,0,0,0,0,0,0,0,0,0,0,0,0,0,0,0,0,2026-09-02T00:11:26.527264+00:00
Inglaterra Premier League 2026/2027,Tottenham Hotspur - Newcastle United,2026-08-29T16:30:00+00:00,finished,2,0-2,Tottenham Hotspur,Mateus Fernandes,M,90,7.5,68,0,0,0.0175,0.170697,1,0,3,54,53,7,6,7,2,0,0,4,3,1,0,3,1,0,0,4,0,0,7,0,3,0,0,0,2,0,2026-09-02T00:11:26.527178+00:00
Inglaterra Premier League 2026/2027,Tottenham Hotspur - Newcastle United,2026-08-29T16:30:00+00:00,finished,2,0-2,Tottenham Hotspur,Mathys Tel,F,68,6.4,40,0,0,0.1324,0.0271202,3,1,0,19,15,0,0,2,0,2,0,1,5,0,0,1,1,0,0,2,1,3,15,0,0,0,0,0,1,0,2026-09-02T00:11:26.527201+00:00
Inglaterra Premier League 2026/2027,Tottenham Hotspur - Newcastle United,2026-08-29T16:30:00+00:00,finished,2,0-2,Tottenham Hotspur,Micky van de Ven,D,90,6.7,86,0,0,,0.0170475,0,0,0,76,75,1,1,0,0,0,0,4,2,2,0,1,1,6,1,3,0,0,1,1,2,1,0,0,2,0,2026-09-02T00:11:26.527162+00:00
Inglaterra Premier League 2026/2027,Tottenham Hotspur - Newcastle United,2026-08-29T16:30:00+00:00,finished,2,0-2,Tottenham Hotspur,Mohammed Kudus,M,22,6.6,24,0,0,0.0382,0.0123656,1,0,0,13,11,1,1,5,0,1,1,1,0,0,0,0,0,0,0,2,1,0,11,0,0,0,0,0,1,0,2026-09-02T00:11:26.527224+00:00
Inglaterra Premier League 2026/2027,Tottenham Hotspur - Newcastle United,2026-08-29T16:30:00+00:00,finished,2,0-2,Tottenham Hotspur,Pedro Porro,D,90,6.7,55,0,0,0.1908,0.0990569,4,1,0,31,23,1,0,4,1,1,1,5,4,1,0,1,0,3,0,1,1,1,15,2,1,0,0,0,2,0,2026-09-02T00:11:26.527170+00:00
Inglaterra Premier League 2026/2027,Tottenham Hotspur - Newcastle United,2026-08-29T16:30:00+00:00,finished,2,0-2,Tottenham Hotspur,Rodrigo Bentancur,M,90,6.6,58,0,0,,0.0166628,0,0,0,46,44,1,1,1,1,0,0,4,9,2,4,2,2,1,1,6,0,1,4,0,3,0,0,0,2,0,2026-09-02T00:11:26.527131+00:00
Inglaterra Premier League 2026/2027,Tottenham Hotspur - Newcastle United,2026-08-29T16:30:00+00:00,finished,2,0-2,Tottenham Hotspur,Sandro Tonali,M,75,6.6,41,0,0,0.1267,0.0223687,1,0,2,36,29,1,0,0,0,0,0,2,1,0,0,0,0,0,1,3,0,0,8,2,0,0,0,0,2,0,2026-09-02T00:11:26.527193+00:00
Inglaterra Premier League 2026/2027,Tottenham Hotspur - Newcastle United,2026-08-29T16:30:00+00:00,finished,2,0-2,Newcastle United,Sean Steur,M,19,6.8,13,0,0,,0.00021868,0,0,0,10,9,0,0,0,0,0,0,0,0,0,0,0,0,3,0,0,0,0,1,0,0,0,0,0,0,0,2026-09-02T00:11:26.527049+00:00
Inglaterra Premier League 2026/2027,Tottenham Hotspur - Newcastle United,2026-08-29T16:30:00+00:00,finished,2,0-2,Newcastle United,Sven Botman,D,90,6.8,60,0,0,0.014,0.00184637,1,0,0,52,47,5,1,0,0,0,0,3,1,2,0,1,0,4,0,4,1,0,6,0,0,1,0,0,0,0,2026-09-02T00:11:26.526978+00:00
Inglaterra Premier League 2026/2027,Tottenham Hotspur - Newcastle United,2026-08-29T16:30:00+00:00,finished,2,0-2,Newcastle United,Yoane Wissa,F,82,7.1,25,1,0,0.3844,0.00044311,2,1,1,10,6,0,0,0,0,1,0,7,6,2,4,1,0,1,0,4,0,1,8,4,0,0,0,0,0,0,2026-09-02T00:11:26.527020+00:00
Inglaterra Premier League 2026/2027,Chelsea - Brighton & Hove Albion,2026-08-30T13:00:00+00:00,finished,2,4-3,Brighton & Hove Albion,,,0,,0,0,0,,,0,0,0,0,0,0,0,0,0,0,0,0,0,0,0,0,0,0,0,0,0,0,0,0,0,0,0,0,0,0,2026-09-02T00:11:26.789425+00:00
Inglaterra Premier League 2026/2027,Chelsea - Brighton & Hove Albion,2026-08-30T13:00:00+00:00,finished,2,4-3,Brighton & Hove Albion,Amario Cozier-Duberry,M,0,,0,0,0,,,0,0,0,0,0,0,0,0,0,0,0,0,0,0,0,0,0,0,0,0,0,0,0,0,0,0,0,0,0,0,2026-09-02T00:11:26.789434+00:00
Inglaterra Premier League 2026/2027,Chelsea - Brighton & Hove Albion,2026-08-30T13:00:00+00:00,finished,2,4-3,Brighton & Hove Albion,Bart Verbruggen,G,90,4.9,55,0,0,,0.000315,0,0,0,45,37,11,3,0,0,0,0,0,0,0,0,0,0,0,0,14,0,0,9,0,0,0,0,1,4,0,2026-09-02T00:11:26.789161+00:00
Inglaterra Premier League 2026/2027,Chelsea - Brighton & Hove Albion,2026-08-30T13:00:00+00:00,finished,2,4-3,Brighton & Hove Albion,Charalampos Kostoulas,F,80,6.4,33,0,0,0.169,0.021619,1,1,1,25,21,0,0,1,0,1,1,4,3,3,1,0,0,0,0,6,0,1,7,0,1,0,0,0,4,0,2026-09-02T00:11:26.789323+00:00
Inglaterra Premier League 2026/2027,Chelsea - Brighton & Hove Albion,2026-08-30T13:00:00+00:00,finished,2,4-3,Chelsea,Cole Palmer,M,90,7.9,33,1,0,0.6579,0.175937,4,1,2,20,13,2,1,1,1,0,0,3,4,1,0,2,0,1,1,4,2,2,10,0,1,0,0,0,3,0,2026-09-02T00:11:26.789515+00:00
Inglaterra Premier League 2026/2027,Chelsea - Brighton & Hove Albion,2026-08-30T13:00:00+00:00,finished,2,4-3,Brighton & Hove Albion,Costinha,D,10,6.5,11,0,0,,0.00037195,0,0,0,7,6,0,0,0,0,0,0,0,2,0,0,0,0,0,0,0,0,1,2,0,1,1,0,0,0,0,2026-09-02T00:11:26.789390+00:00
Inglaterra Premier League 2026/2027,Chelsea - Brighton & Hove Albion,2026-08-30T13:00:00+00:00,finished,2,4-3,Chelsea,Danny Welbeck,F,0,,0,0,0,,,0,0,0,0,0,0,0,0,0,0,0,0,0,0,0,0,0,0,0,0,0,0,0,0,0,0,0,0,0,0,2026-09-02T00:11:26.789723+00:00
Inglaterra Premier League 2026/2027,Chelsea - Brighton & Hove Albion,2026-08-30T13:00:00+00:00,finished,2,4-3,Brighton & Hove Albion,Diego Gómez,M,90,6.3,48,0,0,0.3886,0.193348,5,1,1,29,24,1,1,2,1,2,1,7,10,4,4,2,2,0,1,2,0,3,11,0,2,0,0,0,4,0,2026-09-02T00:11:26.789211+00:00
Inglaterra Premier League 2026/2027,Chelsea - Brighton & Hove Albion,2026-08-30T13:00:00+00:00,finished,2,4-3,Chelsea,Emiliano Martínez,G,90,8.4,49,0,0,,0.0149227,0,0,2,39,15,38,14,0,0,0,0,3,0,1,0,0,0,1,0,13,0,0,24,2,0,0,0,4,3,0,2026-09-02T00:11:26.789479+00:00
Inglaterra Premier League 2026/2027,Chelsea - Brighton & Hove Albion,2026-08-30T13:00:00+00:00,finished,2,4-3,Chelsea,Estêvão,M,0,,0,0,0,,,0,0,0,0,0,0,0,0,0,0,0,0,0,0,0,0,0,0,0,0,0,0,0,0,0,0,0,0,0,0,2026-09-02T00:11:26.789627+00:00
Inglaterra Premier League 2026/2027,Chelsea - Brighton & Hove Albion,2026-08-30T13:00:00+00:00,finished,2,4-3,Brighton & Hove Albion,Ferdi Kadıoğlu,D,90,5.6,70,0,0,0.0408,0.0132549,1,0,1,61,57,6,6,1,0,1,0,1,2,0,1,0,0,0,0,2,0,0,6,1,0,0,0,0,4,0,2026-09-02T00:11:26.789274+00:00
Inglaterra Premier League 2026/2027,Chelsea - Brighton & Hove Albion,2026-08-30T13:00:00+00:00,finished,2,4-3,Brighton & Hove Albion,Ibrahim Osman,M,16,6.6,16,0,0,,0.00626794,0,0,0,9,7,0,0,2,0,2,1,2,1,0,0,1,1,0,0,0,0,0,6,0,0,0,0,0,1,0,2026-09-02T00:11:26.789372+00:00
Inglaterra Premier League 2026/2027,Chelsea - Brighton & Hove Albion,2026-08-30T13:00:00+00:00,finished,2,4-3,Chelsea,Jamie Gittens,M,0,,0,0,0,,,0,0,0,0,0,0,0,0,0,0,0,0,0,0,0,0,0,0,0,0,0,0,0,0,0,0,0,0,0,0,2026-09-02T00:11:26.789701+00:00
Inglaterra Premier League 2026/2027,Chelsea - Brighton & Hove Albion,2026-08-30T13:00:00+00:00,finished,2,4-3,Brighton & Hove Albion,Jason Steele,G,0,,0,0,0,,,0,0,0,0,0,0,0,0,0,0,0,0,0,0,0,0,0,0,0,0,0,0,0,0,0,0,0,0,0,0,2026-09-02T00:11:26.789408+00:00
Inglaterra Premier League 2026/2027,Chelsea - Brighton & Hove Albion,2026-08-30T13:00:00+00:00,finished,2,4-3,Chelsea,Jorrel Hato,D,90,7.1,27,0,1,,0.162199,0,0,2,12,9,2,1,0,0,0,0,3,3,1,2,2,1,3,1,3,0,1,7,0,0,0,0,0,3,0,2026-09-02T00:11:26.789524+00:00
Inglaterra Premier League 2026/2027,Chelsea - Brighton & Hove Albion,2026-08-30T13:00:00+00:00,finished,2,4-3,Chelsea,Josh Acheampong,D,22,6.3,10,0,0,,0.00034991,0,0,0,5,3,0,0,0,0,1,0,1,2,0,0,1,0,2,0,0,0,0,3,0,0,0,0,0,1,0,2026-09-02T00:11:26.789575+00:00
Inglaterra Premier League 2026/2027,Chelsea - Brighton & Hove Albion,2026-08-30T13:00:00+00:00,finished,2,4-3,Chelsea,João Pedro,F,90,7.6,45,1,1,1.2237,0.0389799,5,2,2,25,15,1,0,0,0,5,4,13,7,4,3,1,1,0,0,2,2,1,13,4,1,0,0,0,3,0,2026-09-02T00:11:26.789497+00:00
Inglaterra Premier League 2026/2027,Chelsea - Brighton & Hove Albion,2026-08-30T13:00:00+00:00,finished,2,4-3,Chelsea,Levi Colwill,D,72,6.2,33,0,0,,0.00105784,0,0,0,18,11,1,0,0,0,0,0,4,2,3,2,1,1,6,2,2,0,0,7,0,0,0,0,0,2,0,2026-09-02T00:11:26.789541+00:00
Inglaterra Premier League 2026/2027,Chelsea - Brighton & Hove Albion,2026-08-30T13:00:00+00:00,finished,2,4-3,Brighton & Hove Albion,Lewis Dunk,D,90,5.9,104,0,0,,0.00839454,0,0,0,91,83,5,2,1,0,0,0,3,4,0,2,1,1,1,0,4,0,0,10,2,1,1,0,0,4,0,2026-09-02T00:11:26.789293+00:00
Inglaterra Premier League 2026/2027,Chelsea - Brighton & Hove Albion,2026-08-30T13:00:00+00:00,finished,2,4-3,Brighton & Hove Albion,Luka Vušković,D,90,6.5,113,0,0,0.0317,0.0119343,2,0,0,95,88,10,6,0,0,0,0,6,6,5,3,1,1,6,0,3,0,1,9,0,1,0,0,0,4,0,2026-09-02T00:11:26.789304+00:00
Inglaterra Premier League 2026/2027,Chelsea - Brighton & Hove Albion,2026-08-30T13:00:00+00:00,finished,2,4-3,Brighton & Hove Albion,Malick Yalcouyé,M,74,7.6,47,1,0,0.7933,0.17234,2,2,1,30,26,0,0,2,0,5,4,7,2,0,0,3,1,2,0,2,0,0,9,0,0,0,0,0,4,0,2026-09-02T00:11:26.789355+00:00
Inglaterra Premier League 2026/2027,Chelsea - Brighton & Hove Albion,2026-08-30T13:00:00+00:00,finished,2,4-3,Chelsea,Malo Gusto,D,90,6.3,27,0,0,,0.00877334,0,0,0,11,6,2,0,3,0,0,0,2,3,1,1,1,1,3,1,3,0,0,13,0,0,0,0,0,3,0,2026-09-02T00:11:26.789533+00:00
Inglaterra Premier League 2026/2027,Chelsea - Brighton & Hove Albion,2026-08-30T13:00:00+00:00,finished,2,4-3,Brighton & Hove Albion,Mats Wieffer,D,80,7.4,73,0,0,0.0234,0.0810021,1,0,0,51,46,1,1,4,1,0,0,2,2,1,2,0,0,2,1,4,0,0,9,1,0,0,0,0,4,0,2026-09-02T00:11:26.789333+00:00
Inglaterra Premier League 2026/2027,Chelsea - Brighton & Hove Albion,2026-08-30T13:00:00+00:00,finished,2,4-3,Brighton & Hove Albion,Matt O'Riley,M,0,,0,0,0,,,0,0,0,0,0,0,0,0,0,0,0,0,0,0,0,0,0,0,0,0,0,0,0,0,0,0,0,0,0,0,2026-09-02T00:11:26.789442+00:00
Inglaterra Premier League 2026/2027,Chelsea - Brighton & Hove Albion,2026-08-30T13:00:00+00:00,finished,2,4-3,Chelsea,Maxence Lacroix,D,90,6.1,35,0,0,0.0209,0.00064116,1,0,0,19,15,2,0,0,0,0,0,4,1,3,1,1,1,8,0,1,0,0,5,0,0,0,0,0,3,0,2026-09-02T00:11:26.789451+00:00
Inglaterra Premier League 2026/2027,Chelsea - Brighton & Hove Albion,2026-08-30T13:00:00+00:00,finished,2,4-3,Brighton & Hove Albion,Maxim De Cuyper,D,90,6.3,67,0,0,0.0317,0.0477365,1,0,1,43,36,6,4,8,2,0,0,0,1,0,0,0,0,1,1,3,1,1,16,0,0,0,0,0,4,0,2026-09-02T00:11:26.789314+00:00
Inglaterra Premier League 2026/2027,Chelsea - Brighton & Hove Albion,2026-08-30T13:00:00+00:00,finished,2,4-3,Chelsea,Mike Penders,G,0,,0,0,0,,,0,0,0,0,0,0,0,0,0,0,0,0,0,0,0,0,0,0,0,0,0,0,0,0,0,0,0,0,0,0,2026-09-02T00:11:26.789618+00:00
Inglaterra Premier League 2026/2027,Chelsea - Brighton & Hove Albion,2026-08-30T13:00:00+00:00,finished,2,4-3,Chelsea,Moisés Caicedo,M,14,6.6,2,0,0,,0.00034044,0,0,0,2,2,0,0,0,0,0,0,0,0,0,0,0,0,0,0,0,0,0,0,0,0,0,0,0,0,0,2026-09-02T00:11:26.789601+00:00
Inglaterra Premier League 2026/2027,Chelsea - Brighton & Hove Albion,2026-08-30T13:00:00+00:00,finished,2,4-3,Chelsea,Morgan Rogers,M,90,8.2,32,0,1,0.1828,1.00151,3,0,4,16,13,0,0,2,1,2,0,4,8,1,3,1,1,1,0,3,2,1,7,2,2,0,0,0,3,0,2026-09-02T00:11:26.789506+00:00
Inglaterra Premier League 2026/2027,Chelsea - Brighton & Hove Albion,2026-08-30T13:00:00+00:00,finished,2,4-3,Brighton & Hove Albion,Nehemiah Oriola,F,0,,0,0,0,,,0,0,0,0,0,0,0,0,0,0,0,0,0,0,0,0,0,0,0,0,0,0,0,0,0,0,0,0,0,0,2026-09-02T00:11:26.789399+00:00
Inglaterra Premier League 2026/2027,Chelsea - Brighton & Hove Albion,2026-08-30T13:00:00+00:00,finished,2,4-3,Brighton & Hove Albion,Olivier Boscagli,D,90,6.8,87,0,0,0.0463,0.125932,1,1,1,77,62,17,9,2,2,0,0,3,7,1,2,0,0,1,1,2,0,0,15,2,4,1,0,0,4,0,2026-09-02T00:11:26.789222+00:00
Inglaterra Premier League 2026/2027,Chelsea - Brighton & Hove Albion,2026-08-30T13:00:00+00:00,finished,2,4-3,Brighton & Hove Albion,Pascal Groß,M,90,7.3,75,1,0,0.0415,0.131404,1,1,2,60,52,7,3,8,1,0,0,1,2,0,0,1,1,1,0,3,0,0,15,0,2,0,0,0,4,0,2026-09-02T00:11:26.789233+00:00
Inglaterra Premier League 2026/2027,Chelsea - Brighton & Hove Albion,2026-08-30T13:00:00+00:00,finished,2,4-3,Brighton & Hove Albion,Pascal Struijk,D,0,,0,0,0,,,0,0,0,0,0,0,0,0,0,0,0,0,0,0,0,0,0,0,0,0,0,0,0,0,0,0,0,0,0,0,2026-09-02T00:11:26.789416+00:00
Inglaterra Premier League 2026/2027,Chelsea - Brighton & Hove Albion,2026-08-30T13:00:00+00:00,finished,2,4-3,Chelsea,Pedro Neto,M,68,8.4,22,1,0,0.4029,0.394962,2,2,2,11,9,0,0,2,1,1,1,3,3,1,0,0,0,2,1,1,0,0,3,1,1,0,0,0,2,0,2026-09-02T00:11:26.789567+00:00
Inglaterra Premier League 2026/2027,Chelsea - Brighton & Hove Albion,2026-08-30T13:00:00+00:00,finished,2,4-3,Chelsea,Pep Chavarría,D,18,6.4,10,0,0,,0.0165439,0,0,0,4,4,0,0,0,0,0,0,1,0,0,0,1,1,2,0,1,0,0,2,0,0,0,0,0,1,0,2026-09-02T00:11:26.789593+00:00
Inglaterra Premier League 2026/2027,Chelsea - Brighton & Hove Albion,2026-08-30T13:00:00+00:00,finished,2,4-3,Brighton & Hove Albion,Promise David,F,10,6.4,5,0,0,,0.00242563,0,0,0,5,5,0,0,0,0,0,0,0,1,0,1,0,0,0,0,0,0,0,0,0,0,0,0,0,0,0,2026-09-02T00:11:26.789381+00:00
Inglaterra Premier League 2026/2027,Chelsea - Brighton & Hove Albion,2026-08-30T13:00:00+00:00,finished,2,4-3,Chelsea,Reece James,D,22,6.2,8,0,0,,0.00227381,0,0,0,6,4,0,0,1,0,0,0,0,0,0,0,0,0,0,0,1,0,0,3,0,0,0,0,0,1,0,2026-09-02T00:11:26.789584+00:00
Inglaterra Premier League 2026/2027,Chelsea - Brighton & Hove Albion,2026-08-30T13:00:00+00:00,finished,2,4-3,Chelsea,Roméo Lavia,M,68,7.4,22,1,0,0.5405,0.00297113,1,1,0,15,13,1,1,0,0,0,0,2,1,0,1,0,0,2,1,3,0,0,2,2,0,0,0,0,2,0,2026-09-02T00:11:26.789549+00:00
Inglaterra Premier League 2026/2027,Chelsea - Brighton & Hove Albion,2026-08-30T13:00:00+00:00,finished,2,4-3,Chelsea,Valentín Barco,M,8,6.2,2,0,0,0.0416,,1,0,0,0,0,0,0,0,0,0,0,0,2,0,1,0,0,0,1,0,0,0,0,0,1,0,0,0,1,0,2026-09-02T00:11:26.789609+00:00
Inglaterra Premier League 2026/2027,Chelsea - Brighton & Hove Albion,2026-08-30T13:00:00+00:00,finished,2,4-3,Chelsea,Wesley Fofana,D,68,6.5,25,0,0,,0.0113178,0,0,0,14,14,1,1,0,0,0,0,0,0,0,0,0,0,7,1,0,0,0,0,0,0,1,0,0,2,0,2026-09-02T00:11:26.789558+00:00
Inglaterra Premier League 2026/2027,Leeds United - Brentford,2026-08-30T13:00:00+00:00,finished,2,1-1,Brentford,,,0,,0,0,0,,,0,0,0,0,0,0,0,0,0,0,0,0,0,0,0,0,0,0,0,0,0,0,0,0,0,0,0,0,0,0,2026-09-02T00:11:26.698093+00:00
Inglaterra Premier League 2026/2027,Leeds United - Brentford,2026-08-30T13:00:00+00:00,finished,2,1-1,Leeds United,,,0,,0,0,0,,,0,0,0,0,0,0,0,0,0,0,0,0,0,0,0,0,0,0,0,0,0,0,0,0,0,0,0,0,0,0,2026-09-02T00:11:26.707633+00:00
Inglaterra Premier League 2026/2027,Leeds United - Brentford,2026-08-30T13:00:00+00:00,finished,2,1-1,Brentford,Aaron Hickey,D,2,,11,0,0,,0.0195516,0,0,0,4,3,0,0,1,1,0,0,1,0,0,0,1,1,0,0,0,0,0,2,0,0,0,0,0,0,0,2026-09-02T00:11:26.698053+00:00
Inglaterra Premier League 2026/2027,Leeds United - Brentford,2026-08-30T13:00:00+00:00,finished,2,1-1,Leeds United,Alex Cairns,G,0,,0,0,0,,,0,0,0,0,0,0,0,0,0,0,0,0,0,0,0,0,0,0,0,0,0,0,0,0,0,0,0,0,0,0,2026-09-02T00:11:26.707641+00:00
Inglaterra Premier League 2026/2027,Leeds United - Brentford,2026-08-30T13:00:00+00:00,finished,2,1-1,Leeds United,Anton Stach,M,90,6.9,64,0,0,0.0664,0.0128581,1,0,1,32,19,4,3,7,1,3,0,8,4,2,1,4,0,6,2,4,1,0,25,2,0,0,0,0,1,0,2026-09-02T00:11:26.707497+00:00
Inglaterra Premier League 2026/2027,Leeds United - Brentford,2026-08-30T13:00:00+00:00,finished,2,1-1,Leeds United,Ao Tanaka,M,45,6.8,37,0,0,,0.0164528,0,0,0,26,22,0,0,0,0,1,1,5,2,1,1,3,0,4,0,3,0,0,5,0,0,0,0,0,0,0,2026-09-02T00:11:26.707584+00:00
Inglaterra Premier League 2026/2027,Leeds United - Brentford,2026-08-30T13:00:00+00:00,finished,2,1-1,Leeds United,Brenden Aaronson,M,45,6.5,13,0,0,,0.00609747,0,0,0,5,4,0,0,0,0,2,0,2,5,0,1,1,1,1,0,1,0,0,4,1,0,0,0,0,1,0,2026-09-02T00:11:26.707600+00:00
Inglaterra Premier League 2026/2027,Leeds United - Brentford,2026-08-30T13:00:00+00:00,finished,2,1-1,Brentford,Callum Wilson,F,2,,4,0,0,0.038,0.00081807,1,0,0,2,1,0,0,0,0,0,0,0,2,0,1,0,0,0,0,1,1,1,2,0,0,0,0,0,0,0,2026-09-02T00:11:26.698046+00:00
Inglaterra Premier League 2026/2027,Leeds United - Brentford,2026-08-30T13:00:00+00:00,finished,2,1-1,Brentford,Caoimhin Kelleher,G,90,6.9,40,0,0,,0.00094255,0,0,0,34,25,15,6,0,0,0,0,0,0,0,0,0,0,2,0,4,0,0,9,0,0,0,0,1,1,1,2026-09-02T00:11:26.697933+00:00
Inglaterra Premier League 2026/2027,Leeds United - Brentford,2026-08-30T13:00:00+00:00,finished,2,1-1,Brentford,Dango Ouattara,M,29,7.4,21,0,0,0.0241,0.0840649,1,0,1,6,5,0,0,3,1,4,4,8,3,3,2,1,1,3,0,2,1,0,5,0,0,0,0,0,1,0,2026-09-02T00:11:26.698031+00:00
Inglaterra Premier League 2026/2027,Leeds United - Brentford,2026-08-30T13:00:00+00:00,finished,2,1-1,Leeds United,Daniel James,M,22,6.6,16,0,0,0.212,0.00589268,4,0,0,6,5,1,1,2,0,3,1,1,3,0,1,0,0,0,0,2,2,0,5,0,0,0,0,0,0,0,2026-09-02T00:11:26.707617+00:00
Inglaterra Premier League 2026/2027,Leeds United - Brentford,2026-08-30T13:00:00+00:00,finished,2,1-1,Leeds United,Dominic Calvert-Lewin,F,90,7.2,25,1,0,0.9231,0.020152,1,1,0,15,9,0,0,0,0,1,0,8,10,7,6,0,0,3,0,1,0,0,9,1,2,0,0,0,1,0,2026-09-02T00:11:26.707528+00:00
Inglaterra Premier League 2026/2027,Leeds United - Brentford,2026-08-30T13:00:00+00:00,finished,2,1-1,Leeds United,Ethan Ampadu,M,90,7.1,58,0,0,0.0141,0.0983813,1,0,1,35,29,6,3,1,1,0,0,3,4,1,2,2,0,3,2,3,0,0,13,0,1,0,0,0,1,0,2026-09-02T00:11:26.707509+00:00
Inglaterra Premier League 2026/2027,Leeds United - Brentford,2026-08-30T13:00:00+00:00,finished,2,1-1,Brentford,Fabio Carvalho,F,0,,0,0,0,,,0,0,0,0,0,0,0,0,0,0,0,0,0,0,0,0,0,0,0,0,0,0,0,0,0,0,0,0,0,0,2026-09-02T00:11:26.698067+00:00
Inglaterra Premier League 2026/2027,Leeds United - Brentford,2026-08-30T13:00:00+00:00,finished,2,1-1,Leeds United,Gabriel Gudmundsson,D,0,,0,0,0,,,0,0,0,0,0,0,0,0,0,0,0,0,0,0,0,0,0,0,0,0,0,0,0,0,0,0,0,0,0,0,2026-09-02T00:11:26.707649+00:00
Inglaterra Premier League 2026/2027,Leeds United - Brentford,2026-08-30T13:00:00+00:00,finished,2,1-1,Leeds United,Harry Wilson,M,45,7.0,25,0,0,0.0142,0.0261784,1,0,1,14,13,1,1,3,0,1,1,3,1,0,0,1,0,0,2,3,1,1,6,1,0,0,0,0,0,0,2026-09-02T00:11:26.707592+00:00
Inglaterra Premier League 2026/2027,Leeds United - Brentford,2026-08-30T13:00:00+00:00,finished,2,1-1,Brentford,Hákon Rafn Valdimarsson,G,0,,0,0,0,,,0,0,0,0,0,0,0,0,0,0,0,0,0,0,0,0,0,0,0,0,0,0,0,0,0,0,0,0,0,0,2026-09-02T00:11:26.698076+00:00
Inglaterra Premier League 2026/2027,Leeds United - Brentford,2026-08-30T13:00:00+00:00,finished,2,1-1,Brentford,Igor Thiago,F,90,6.3,43,0,0,0.7301,0.013602,5,2,0,24,17,2,0,2,0,1,1,4,7,2,2,1,0,0,0,3,0,3,12,0,1,0,0,0,1,0,2026-09-02T00:11:26.697886+00:00
Inglaterra Premier League 2026/2027,Leeds United - Brentford,2026-08-30T13:00:00+00:00,finished,2,1-1,Brentford,Jaidon Anthony,M,61,6.4,30,0,0,0.1102,0.0636135,2,0,2,18,13,1,0,2,1,1,0,2,4,2,0,0,0,0,0,1,2,0,9,0,2,1,0,0,0,0,2026-09-02T00:11:26.698024+00:00
Inglaterra Premier League 2026/2027,Leeds United - Brentford,2026-08-30T13:00:00+00:00,finished,2,1-1,Leeds United,Jaka Bijol,D,45,6.4,26,0,0,,0.00218398,0,0,0,20,13,7,2,0,0,0,0,1,0,1,0,0,0,4,1,2,0,0,7,0,0,0,0,0,1,0,2026-09-02T00:11:26.707576+00:00
Inglaterra Premier League 2026/2027,Leeds United - Brentford,2026-08-30T13:00:00+00:00,finished,2,1-1,Leeds United,James Justin,D,90,7.0,52,0,0,0.042,0.00831997,1,1,1,27,20,3,0,2,0,1,1,5,3,1,1,3,2,3,1,3,0,1,15,0,0,0,0,0,1,0,2026-09-02T00:11:26.707539+00:00
Inglaterra Premier League 2026/2027,Leeds United - Brentford,2026-08-30T13:00:00+00:00,finished,2,1-1,Leeds United,James Trafford,G,90,6.8,55,0,0,,0.00273465,0,0,0,43,31,19,7,0,0,0,0,0,0,0,0,0,0,0,0,11,0,0,12,0,0,0,0,4,1,0,2026-09-02T00:11:26.707519+00:00
Inglaterra Premier League 2026/2027,Leeds United - Brentford,2026-08-30T13:00:00+00:00,finished,2,1-1,Brentford,Jannik Schuster,D,0,,0,0,0,,,0,0,0,0,0,0,0,0,0,0,0,0,0,0,0,0,0,0,0,0,0,0,0,0,0,0,0,0,0,0,2026-09-02T00:11:26.698085+00:00
Inglaterra Premier League 2026/2027,Leeds United - Brentford,2026-08-30T13:00:00+00:00,finished,2,1-1,Leeds United,Jayden Bogle,D,68,7.0,46,0,0,,0.00574695,0,0,1,26,17,5,3,3,0,2,1,9,3,4,0,2,1,4,0,5,0,0,16,2,1,0,0,0,1,0,2026-09-02T00:11:26.707558+00:00
Inglaterra Premier League 2026/2027,Leeds United - Brentford,2026-08-30T13:00:00+00:00,finished,2,1-1,Leeds United,Joe Rodon,D,34,6.7,18,0,0,,0.00054071,0,0,0,9,7,1,0,0,0,0,0,1,2,0,0,0,0,3,0,1,0,0,4,1,1,0,0,0,0,0,2026-09-02T00:11:26.707609+00:00
Inglaterra Premier League 2026/2027,Leeds United - Brentford,2026-08-30T13:00:00+00:00,finished,2,1-1,Brentford,Keane Lewis-Potter,D,88,6.7,66,0,1,0.0154,0.128272,1,0,2,48,41,5,0,6,2,1,0,2,6,0,4,2,2,2,0,6,1,0,14,0,1,0,0,0,1,0,2026-09-02T00:11:26.698009+00:00
Inglaterra Premier League 2026/2027,Leeds United - Brentford,2026-08-30T13:00:00+00:00,finished,2,1-1,Brentford,Kevin Schade,M,88,7.2,46,1,0,0.2482,0.00861304,3,1,1,20,9,3,0,0,0,2,1,5,6,0,0,2,2,2,0,4,1,2,19,2,1,0,0,0,1,0,2026-09-02T00:11:26.698001+00:00
Inglaterra Premier League 2026/2027,Leeds United - Brentford,2026-08-30T13:00:00+00:00,finished,2,1-1,Brentford,Kristoffer Ajer,D,90,6.8,50,0,0,,0.00633801,0,0,2,32,25,3,1,0,0,0,0,4,5,4,3,0,0,15,0,2,0,0,7,0,1,1,0,0,1,0,2026-09-02T00:11:26.697954+00:00
Inglaterra Premier League 2026/2027,Leeds United - Brentford,2026-08-30T13:00:00+00:00,finished,2,1-1,Leeds United,Lukas Nmecha,F,21,6.6,10,0,1,0.0785,0.00231584,1,0,2,3,2,0,0,2,0,2,1,2,2,0,1,0,0,0,0,1,0,0,4,1,0,0,0,0,0,0,2026-09-02T00:11:26.707625+00:00
Inglaterra Premier League 2026/2027,Leeds United - Brentford,2026-08-30T13:00:00+00:00,finished,2,1-1,Brentford,Mamadou Sangare,M,90,6.6,80,0,0,0.2396,0.0326336,3,0,2,55,41,7,2,1,0,2,1,6,8,1,2,4,3,1,4,5,2,3,19,0,2,0,0,0,1,0,2026-09-02T00:11:26.697976+00:00
Inglaterra Premier League 2026/2027,Leeds United - Brentford,2026-08-30T13:00:00+00:00,finished,2,1-1,Brentford,Michael Kayode,D,88,6.9,54,0,0,0.019,0.199411,1,0,1,24,20,1,1,4,1,2,1,3,6,0,2,1,1,2,1,4,1,1,14,1,2,0,0,0,1,0,2026-09-02T00:11:26.697993+00:00
Inglaterra Premier League 2026/2027,Leeds United - Brentford,2026-08-30T13:00:00+00:00,finished,2,1-1,Brentford,Mikkel Damsgaard,M,69,7.2,59,0,0,0.0283,0.129835,2,1,2,40,36,2,1,6,1,2,1,3,6,0,1,2,1,1,0,5,0,1,15,0,0,0,0,0,0,0,2026-09-02T00:11:26.698016+00:00
Inglaterra Premier League 2026/2027,Leeds United - Brentford,2026-08-30T13:00:00+00:00,finished,2,1-1,Brentford,Nathan Collins,D,90,6.5,72,0,0,0.1036,0.00387673,3,1,1,51,41,5,1,0,0,0,0,8,7,4,4,2,2,9,2,8,2,0,10,2,2,1,0,0,1,0,2026-09-02T00:11:26.697967+00:00
Inglaterra Premier League 2026/2027,Leeds United - Brentford,2026-08-30T13:00:00+00:00,finished,2,1-1,Leeds United,Nico Elvedi,D,56,6.4,52,0,0,,0.00464352,0,0,0,38,34,1,1,0,0,1,0,3,4,0,1,1,0,3,1,3,0,2,7,2,0,0,0,0,1,0,2026-09-02T00:11:26.707567+00:00
Inglaterra Premier League 2026/2027,Leeds United - Brentford,2026-08-30T13:00:00+00:00,finished,2,1-1,Leeds United,Noah Okafor,F,69,6.9,27,0,0,0.0769,0.01468,2,0,0,15,10,3,1,4,1,3,1,4,2,1,0,1,1,1,0,0,2,0,10,1,0,0,0,0,1,0,2026-09-02T00:11:26.707548+00:00
Inglaterra Premier League 2026/2027,Leeds United - Brentford,2026-08-30T13:00:00+00:00,finished,2,1-1,Brentford,Rico Henry,D,2,,2,0,0,,,0,0,0,1,0,1,0,0,0,0,0,0,0,0,0,0,0,0,0,1,0,0,1,0,0,0,0,0,0,0,2026-09-02T00:11:26.698061+00:00
Inglaterra Premier League 2026/2027,Leeds United - Brentford,2026-08-30T13:00:00+00:00,finished,2,1-1,Leeds United,Sean Longstaff,M,0,,0,0,0,,,0,0,0,0,0,0,0,0,0,0,0,0,0,0,0,0,0,0,0,0,0,0,0,0,0,0,0,0,0,0,2026-09-02T00:11:26.707658+00:00
Inglaterra Premier League 2026/2027,Leeds United - Brentford,2026-08-30T13:00:00+00:00,finished,2,1-1,Leeds United,Tarik Muharemović,D,90,7.8,80,0,0,,0.0235392,0,0,0,51,43,6,3,1,0,3,3,9,5,3,3,2,1,12,2,4,0,1,10,1,0,0,0,0,1,0,2026-09-02T00:11:26.707441+00:00
Inglaterra Premier League 2026/2027,Leeds United - Brentford,2026-08-30T13:00:00+00:00,finished,2,1-1,Brentford,Vitaly Janelt,M,90,6.9,67,0,0,,0.0817649,0,0,2,46,39,4,2,4,2,0,0,5,3,2,0,3,1,1,4,2,0,2,11,0,1,1,0,0,1,0,2026-09-02T00:11:26.697985+00:00
Inglaterra Premier League 2026/2027,Leeds United - Brentford,2026-08-30T13:00:00+00:00,finished,2,1-1,Brentford,Yehor Yarmoliuk,M,21,6.3,15,0,0,,0.0092282,0,0,1,12,11,0,0,1,0,0,0,0,1,0,0,0,0,0,0,0,0,1,4,0,0,0,0,0,1,0,2026-09-02T00:11:26.698038+00:00
Inglaterra Premier League 2026/2027,Sunderland - Fulham,2026-08-30T13:00:00+00:00,finished,2,1-0,Fulham,,,0,,0,0,0,,,0,0,0,0,0,0,0,0,0,0,0,0,0,0,0,0,0,0,0,0,0,0,0,0,0,0,0,0,0,0,2026-09-02T00:11:26.614605+00:00
Inglaterra Premier League 2026/2027,Sunderland - Fulham,2026-08-30T13:00:00+00:00,finished,2,1-0,Sunderland,,,0,,0,0,0,,,0,0,0,0,0,0,0,0,0,0,0,0,0,0,0,0,0,0,0,0,0,0,0,0,0,0,0,0,0,0,2026-09-02T00:11:26.614817+00:00
Inglaterra Premier League 2026/2027,Sunderland - Fulham,2026-08-30T13:00:00+00:00,finished,2,1-0,Fulham,Alex Iwobi,M,90,7.1,69,0,0,0.0068,0.267405,1,0,2,60,56,5,4,3,1,1,0,2,3,0,1,1,1,1,0,2,1,0,7,1,1,0,0,0,1,0,2026-09-02T00:11:26.614387+00:00
Inglaterra Premier League 2026/2027,Sunderland - Fulham,2026-08-30T13:00:00+00:00,finished,2,1-0,Fulham,Antonee Robinson,D,90,6.4,76,0,0,,0.0240043,0,0,0,50,38,2,2,3,0,2,1,5,5,0,3,3,2,0,0,2,0,0,19,1,0,0,0,0,1,0,2026-09-02T00:11:26.614471+00:00
Inglaterra Premier League 2026/2027,Sunderland - Fulham,2026-08-30T13:00:00+00:00,finished,2,1-0,Fulham,Benjamin Lecomte,G,0,,0,0,0,,,0,0,0,0,0,0,0,0,0,0,0,0,0,0,0,0,0,0,0,0,0,0,0,0,0,0,0,0,0,0,2026-09-02T00:11:26.614642+00:00
Inglaterra Premier League 2026/2027,Sunderland - Fulham,2026-08-30T13:00:00+00:00,finished,2,1-0,Fulham,Bernd Leno,G,90,5.9,59,0,0,,0.00046243,0,0,0,48,30,19,2,0,0,0,0,2,0,2,0,0,0,2,0,7,0,0,18,0,0,0,0,3,1,1,2026-09-02T00:11:26.614436+00:00
Inglaterra Premier League 2026/2027,Sunderland - Fulham,2026-08-30T13:00:00+00:00,finished,2,1-0,Sunderland,Brian Brobbey,F,64,6.7,15,0,0,0.0634,0.00295997,1,0,0,10,7,0,0,0,0,0,0,5,2,4,1,0,0,1,0,3,0,0,5,1,1,0,0,0,0,0,2026-09-02T00:11:26.614753+00:00
Inglaterra Premier League 2026/2027,Sunderland - Fulham,2026-08-30T13:00:00+00:00,finished,2,1-0,Fulham,Calvin Bassey,D,90,6.8,88,0,0,,0.0104,0,0,0,76,70,5,3,0,0,1,0,4,1,1,0,1,0,4,2,6,0,0,7,2,0,0,0,0,1,0,2026-09-02T00:11:26.614463+00:00
Inglaterra Premier League 2026/2027,Sunderland - Fulham,2026-08-30T13:00:00+00:00,finished,2,1-0,Sunderland,Chemsdine Talbi,M,0,,0,0,0,,,0,0,0,0,0,0,0,0,0,0,0,0,0,0,0,0,0,0,0,0,0,0,0,0,0,0,0,0,0,0,2026-09-02T00:11:26.614866+00:00
Inglaterra Premier League 2026/2027,Sunderland - Fulham,2026-08-30T13:00:00+00:00,finished,2,1-0,Sunderland,Chris Rigg,M,12,6.6,2,0,0,,,0,0,0,1,0,0,0,0,0,0,0,1,0,0,0,1,0,0,0,0,0,0,1,0,0,0,0,0,0,0,2026-09-02T00:11:26.614783+00:00
Inglaterra Premier League 2026/2027,Sunderland - Fulham,2026-08-30T13:00:00+00:00,finished,2,1-0,Fulham,César Palacios,M,77,6.5,39,0,0,0.0367,0.00476945,1,0,0,24,21,1,1,1,0,3,2,3,2,1,0,0,0,2,1,6,0,0,8,0,2,1,0,0,1,0,2026-09-02T00:11:26.614522+00:00
Inglaterra Premier League 2026/2027,Sunderland - Fulham,2026-08-30T13:00:00+00:00,finished,2,1-0,Sunderland,Daniel Ballard,D,90,7.2,64,0,0,0.0137,0.00480125,1,0,0,46,42,3,2,0,0,1,0,7,6,5,3,1,0,5,1,1,1,0,7,1,1,0,0,0,0,0,2026-09-02T00:11:26.614730+00:00
Inglaterra Premier League 2026/2027,Sunderland - Fulham,2026-08-30T13:00:00+00:00,finished,2,1-0,Fulham,Emile Smith Rowe,M,13,6.5,20,0,0,0.0581,0.0242115,1,0,2,16,16,0,0,0,0,0,0,0,3,0,2,0,0,0,0,1,1,1,1,0,0,0,0,0,0,0,2026-09-02T00:11:26.614570+00:00
Inglaterra Premier League 2026/2027,Sunderland - Fulham,2026-08-30T13:00:00+00:00,finished,2,1-0,Sunderland,Enzo Le Fée,M,89,6.9,43,0,0,0.2071,0.169889,4,1,1,23,20,0,0,2,1,2,1,4,5,0,0,1,1,0,1,4,0,0,7,2,1,0,0,0,0,0,2026-09-02T00:11:26.614738+00:00
Inglaterra Premier League 2026/2027,Sunderland - Fulham,2026-08-30T13:00:00+00:00,finished,2,1-0,Fulham,Gonzalo García,F,90,6.6,33,0,0,0.2912,0.0128721,3,0,1,20,14,0,0,1,0,1,1,4,7,3,3,0,0,1,0,2,3,1,9,0,2,0,0,0,1,0,2026-09-02T00:11:26.614488+00:00
Inglaterra Premier League 2026/2027,Sunderland - Fulham,2026-08-30T13:00:00+00:00,finished,2,1-0,Sunderland,Granit Xhaka,M,90,8.5,71,0,0,,0.295793,0,0,4,58,54,15,12,5,2,1,0,5,2,2,1,0,0,0,0,6,0,0,9,3,0,0,0,0,0,0,2026-09-02T00:11:26.614708+00:00
Inglaterra Premier League 2026/2027,Sunderland - Fulham,2026-08-30T13:00:00+00:00,finished,2,1-0,Sunderland,Habib Diarra,M,18,7.1,5,0,1,,0.1819,0,0,1,3,3,0,0,0,0,1,0,1,2,1,0,0,0,0,0,0,0,0,1,0,1,0,0,0,0,0,2026-09-02T00:11:26.614768+00:00
Inglaterra Premier League 2026/2027,Sunderland - Fulham,2026-08-30T13:00:00+00:00,finished,2,1-0,Fulham,Harrison Reed,M,0,,0,0,0,,,0,0,0,0,0,0,0,0,0,0,0,0,0,0,0,0,0,0,0,0,0,0,0,0,0,0,0,0,0,0,2026-09-02T00:11:26.614633+00:00
Inglaterra Premier League 2026/2027,Sunderland - Fulham,2026-08-30T13:00:00+00:00,finished,2,1-0,Fulham,Joachim Andersen,D,90,6.6,98,0,0,,0.0475328,0,0,1,87,76,10,4,0,0,0,0,6,6,5,3,0,0,6,1,2,0,0,11,1,3,1,0,0,1,0,2026-09-02T00:11:26.614454+00:00
Inglaterra Premier League 2026/2027,Sunderland - Fulham,2026-08-30T13:00:00+00:00,finished,2,1-0,Fulham,Jorge Cuenca,D,0,,0,0,0,,,0,0,0,0,0,0,0,0,0,0,0,0,0,0,0,0,0,0,0,0,0,0,0,0,0,0,0,0,0,0,2026-09-02T00:11:26.614624+00:00
Inglaterra Premier League 2026/2027,Sunderland - Fulham,2026-08-30T13:00:00+00:00,finished,2,1-0,Fulham,Joshua King,M,90,5.9,52,0,0,0.4947,0.0349418,2,0,0,36,29,1,1,0,0,7,3,5,8,0,2,2,0,0,0,1,1,0,14,0,1,0,0,0,1,0,2026-09-02T00:11:26.614479+00:00
Inglaterra Premier League 2026/2027,Sunderland - Fulham,2026-08-30T13:00:00+00:00,finished,2,1-0,Fulham,Kevin,M,12,6.5,9,0,0,,0.0378941,0,0,0,8,8,0,0,0,0,0,0,0,1,0,0,0,0,0,0,0,0,0,0,0,1,0,0,0,0,0,2026-09-02T00:11:26.614578+00:00
Inglaterra Premier League 2026/2027,Sunderland - Fulham,2026-08-30T13:00:00+00:00,finished,2,1-0,Sunderland,Luke O'Nien,D,0,,0,0,0,,,0,0,0,0,0,0,0,0,0,0,0,0,0,0,0,0,0,0,0,0,0,0,0,0,0,0,0,0,0,0,2026-09-02T00:11:26.614848+00:00
Inglaterra Premier League 2026/2027,Sunderland - Fulham,2026-08-30T13:00:00+00:00,finished,2,1-0,Sunderland,Melker Ellborg,G,0,,0,0,0,,,0,0,0,0,0,0,0,0,0,0,0,0,0,0,0,0,0,0,0,0,0,0,0,0,0,0,0,0,0,0,2026-09-02T00:11:26.614829+00:00
Inglaterra Premier League 2026/2027,Sunderland - Fulham,2026-08-30T13:00:00+00:00,finished,2,1-0,Sunderland,Nilson Angulo,M,65,6.9,37,0,0,,0.0361861,0,0,1,22,17,1,0,2,1,4,3,7,4,0,1,1,0,0,0,4,0,0,10,3,2,0,0,0,0,0,2026-09-02T00:11:26.614745+00:00
Inglaterra Premier League 2026/2027,Sunderland - Fulham,2026-08-30T13:00:00+00:00,finished,2,1-0,Sunderland,Noah Sadiki,M,90,7.3,62,0,0,0.0211,0.0227665,1,0,0,41,37,3,3,1,1,1,0,5,3,1,0,3,3,3,3,2,1,1,10,1,0,0,0,0,0,0,2026-09-02T00:11:26.614686+00:00
Inglaterra Premier League 2026/2027,Sunderland - Fulham,2026-08-30T13:00:00+00:00,finished,2,1-0,Sunderland,Nordi Mukiele,D,90,8.1,75,0,0,,0.0113981,0,0,0,49,37,5,2,1,1,2,2,6,2,2,2,2,0,14,1,4,0,0,13,0,0,0,0,0,0,0,2026-09-02T00:11:26.614657+00:00
Inglaterra Premier League 2026/2027,Sunderland - Fulham,2026-08-30T13:00:00+00:00,finished,2,1-0,Sunderland,Omar Alderete,D,0,,0,0,0,,,0,0,0,0,0,0,0,0,0,0,0,0,0,0,0,0,0,0,0,0,0,0,0,0,0,0,0,0,0,0,2026-09-02T00:11:26.614810+00:00
Inglaterra Premier League 2026/2027,Sunderland - Fulham,2026-08-30T13:00:00+00:00,finished,2,1-0,Fulham,Oscar Bobb,M,68,6.4,38,0,0,,0.00926867,0,0,1,25,18,0,0,1,0,2,0,5,7,1,2,2,0,0,1,2,0,1,12,2,1,0,0,0,0,0,2026-09-02T00:11:26.614537+00:00
Inglaterra Premier League 2026/2027,Sunderland - Fulham,2026-08-30T13:00:00+00:00,finished,2,1-0,Sunderland,Reinildo Mandava,D,90,7.2,59,0,0,,0.0141255,0,0,0,38,31,1,0,1,0,1,1,6,7,3,1,1,1,3,0,3,0,1,11,1,3,0,0,0,0,0,2026-09-02T00:11:26.614722+00:00
Inglaterra Premier League 2026/2027,Sunderland - Fulham,2026-08-30T13:00:00+00:00,finished,2,1-0,Sunderland,Robin Roefs,G,90,6.7,40,0,0,,0.00065179,0,0,0,31,24,15,8,0,0,0,0,0,0,0,0,0,0,2,0,7,0,0,7,0,0,0,0,0,0,2,2026-09-02T00:11:26.614649+00:00
Inglaterra Premier League 2026/2027,Sunderland - Fulham,2026-08-30T13:00:00+00:00,finished,2,1-0,Fulham,Rodrigo Muniz,F,0,,0,0,0,,,0,0,0,0,0,0,0,0,0,0,0,0,0,0,0,0,0,0,0,0,0,0,0,0,0,0,0,0,0,0,2026-09-02T00:11:26.614587+00:00
Inglaterra Premier League 2026/2027,Sunderland - Fulham,2026-08-30T13:00:00+00:00,finished,2,1-0,Sunderland,Romaine Mundle,F,1,,7,0,0,0.0569,6.645e-05,1,1,0,3,2,0,0,0,0,1,0,0,1,0,0,0,0,0,0,0,0,0,2,0,0,0,0,0,0,0,2026-09-02T00:11:26.614801+00:00
Inglaterra Premier League 2026/2027,Sunderland - Fulham,2026-08-30T13:00:00+00:00,finished,2,1-0,Fulham,Ryan Sessegnon,D,22,6.8,30,0,0,0.0172,0.124482,1,0,0,16,13,1,0,5,2,2,2,3,0,0,0,1,0,0,0,1,1,0,7,0,0,0,0,0,1,0,2026-09-02T00:11:26.614554+00:00
Inglaterra Premier League 2026/2027,Sunderland - Fulham,2026-08-30T13:00:00+00:00,finished,2,1-0,Fulham,Sander Berge,M,83,6.2,59,0,0,,0.196349,0,0,2,55,49,2,1,0,0,0,0,0,7,0,3,0,0,0,0,2,0,1,7,0,1,0,0,0,1,0,2026-09-02T00:11:26.614501+00:00
Inglaterra Premier League 2026/2027,Sunderland - Fulham,2026-08-30T13:00:00+00:00,finished,2,1-0,Fulham,Shea Charles,M,22,6.6,25,0,0,0.0237,0.0314325,1,0,0,20,19,0,0,1,0,0,0,1,0,1,0,0,0,0,1,1,1,0,2,0,0,0,0,0,1,0,2026-09-02T00:11:26.614562+00:00
Inglaterra Premier League 2026/2027,Sunderland - Fulham,2026-08-30T13:00:00+00:00,finished,2,1-0,Sunderland,Thomas Meunier,D,90,6.9,62,0,0,0.0158,0.033209,1,1,1,43,34,3,2,2,1,0,0,0,0,0,0,0,0,6,1,5,0,0,14,0,0,0,0,0,0,0,2026-09-02T00:11:26.614665+00:00
Inglaterra Premier League 2026/2027,Sunderland - Fulham,2026-08-30T13:00:00+00:00,finished,2,1-0,Fulham,Timothy Castagne,D,68,6.6,30,0,0,,0.00108625,0,0,0,17,14,0,0,1,0,0,0,3,5,0,2,1,1,0,1,2,0,0,4,2,3,0,0,0,0,0,2026-09-02T00:11:26.614546+00:00
Inglaterra Premier League 2026/2027,Sunderland - Fulham,2026-08-30T13:00:00+00:00,finished,2,1-0,Sunderland,Trai Hume,D,90,6.8,39,0,0,,0.00781252,0,0,1,24,17,1,0,3,1,1,0,8,6,4,2,4,2,1,0,4,0,1,12,0,1,0,0,0,0,0,2026-09-02T00:11:26.614673+00:00
Inglaterra Premier League 2026/2027,Sunderland - Fulham,2026-08-30T13:00:00+00:00,finished,2,1-0,Sunderland,Wilson Isidor,F,26,7.3,6,1,0,1.3752,6.573e-05,3,1,0,1,1,0,0,0,0,0,0,2,3,0,3,0,0,0,0,0,0,0,0,2,0,0,0,0,0,0,2026-09-02T00:11:26.614760+00:00
Inglaterra Premier League 2026/2027,Manchester United - Ipswich Town,2026-08-30T15:30:00+00:00,finished,2,5-2,Ipswich Town,Abdoul Ouattara,M,17,6.3,14,0,0,,0.00098231,0,0,0,12,11,0,0,0,0,0,0,0,0,0,0,0,0,0,0,1,0,0,2,0,0,0,0,0,1,0,2026-09-02T00:11:26.897443+00:00
Inglaterra Premier League 2026/2027,Manchester United - Ipswich Town,2026-08-30T15:30:00+00:00,finished,2,5-2,Ipswich Town,Abdul Fatawu Issahaku,M,83,6.4,38,0,1,,0.233249,0,0,3,15,10,2,0,4,2,9,3,4,9,0,0,1,1,1,0,2,0,2,18,0,1,1,0,0,5,0,2026-09-02T00:11:26.897331+00:00
Inglaterra Premier League 2026/2027,Manchester United - Ipswich Town,2026-08-30T15:30:00+00:00,finished,2,5-2,Manchester United,Andrey Santos,M,10,6.6,18,0,0,,0.00397553,0,0,0,14,13,0,0,0,0,0,0,3,2,0,0,3,0,0,0,2,0,0,1,0,1,0,0,0,1,0,2026-09-02T00:11:26.897211+00:00
Inglaterra Premier League 2026/2027,Manchester United - Ipswich Town,2026-08-30T15:30:00+00:00,finished,2,5-2,Manchester United,Ayden Heaven,D,0,,0,0,0,,,0,0,0,0,0,0,0,0,0,0,0,0,0,0,0,0,0,0,0,0,0,0,0,0,0,0,0,0,0,0,2026-09-02T00:11:26.897270+00:00
Inglaterra Premier League 2026/2027,Manchester United - Ipswich Town,2026-08-30T15:30:00+00:00,finished,2,5-2,Manchester United,Benjamin Šeško,F,10,6.5,9,0,0,,0.00524359,0,0,1,7,5,0,0,1,0,0,0,0,0,0,0,0,0,0,0,3,0,0,4,0,0,0,0,0,1,0,2026-09-02T00:11:26.897239+00:00
Inglaterra Premier League 2026/2027,Manchester United - Ipswich Town,2026-08-30T15:30:00+00:00,finished,2,5-2,Manchester United,Bruno Fernandes,M,90,10.0,90,3,1,1.9516,0.267198,8,3,3,63,54,10,6,8,4,3,2,3,4,0,0,1,1,0,1,4,4,1,18,0,1,0,0,0,2,0,2026-09-02T00:11:26.897098+00:00
Inglaterra Premier League 2026/2027,Manchester United - Ipswich Town,2026-08-30T15:30:00+00:00,finished,2,5-2,Manchester United,Bryan Mbeumo,F,90,8.0,43,1,0,1.6307,0.211515,5,1,3,25,23,0,0,5,2,1,0,5,3,1,1,3,2,0,0,3,3,0,9,1,1,1,0,0,2,0,2026-09-02T00:11:26.897147+00:00
Inglaterra Premier League 2026/2027,Manchester United - Ipswich Town,2026-08-30T15:30:00+00:00,finished,2,5-2,Ipswich Town,Christian Walton,G,0,,0,0,0,,,0,0,0,0,0,0,0,0,0,0,0,0,0,0,0,0,0,0,0,0,0,0,0,0,0,0,0,0,0,0,2026-09-02T00:11:26.897493+00:00
Inglaterra Premier League 2026/2027,Manchester United - Ipswich Town,2026-08-30T15:30:00+00:00,finished,2,5-2,Ipswich Town,Chuba Akpom,F,45,7.3,12,1,0,0.9651,0.00360155,1,1,0,6,4,0,0,0,0,1,0,1,3,0,1,0,0,0,0,0,0,0,4,1,0,0,0,0,4,0,2026-09-02T00:11:26.897401+00:00
Inglaterra Premier League 2026/2027,Manchester United - Ipswich Town,2026-08-30T15:30:00+00:00,finished,2,5-2,Ipswich Town,Cédric Kipré,D,0,,0,0,0,,,0,0,0,0,0,0,0,0,0,0,0,0,0,0,0,0,0,0,0,0,0,0,0,0,0,0,0,0,0,0,2026-09-02T00:11:26.897511+00:00
Inglaterra Premier League 2026/2027,Manchester United - Ipswich Town,2026-08-30T15:30:00+00:00,finished,2,5-2,Ipswich Town,Daizen Maeda,F,73,6.2,21,0,0,0.0543,0.0063142,1,1,0,11,10,0,0,0,0,1,0,2,3,1,0,1,1,2,0,1,0,0,2,0,1,0,0,0,4,0,2026-09-02T00:11:26.897372+00:00
Inglaterra Premier League 2026/2027,Manchester United - Ipswich Town,2026-08-30T15:30:00+00:00,finished,2,5-2,Ipswich Town,Dara O'Shea,D,90,4.9,50,0,0,0.0749,0.00557917,1,0,0,32,28,0,0,1,0,1,0,0,6,0,2,0,0,1,0,2,0,0,8,0,3,0,0,0,5,0,2026-09-02T00:11:26.897301+00:00
Inglaterra Premier League 2026/2027,Manchester United - Ipswich Town,2026-08-30T15:30:00+00:00,finished,2,5-2,Ipswich Town,Darnell Furlong,D,17,6.0,18,0,0,,0.00133672,0,0,0,12,9,1,0,0,0,0,0,1,4,1,2,0,0,1,1,0,0,0,4,0,0,0,0,0,1,0,2026-09-02T00:11:26.897459+00:00
Inglaterra Premier League 2026/2027,Manchester United - Ipswich Town,2026-08-30T15:30:00+00:00,finished,2,5-2,Manchester United,Diogo Dalot,D,74,6.8,51,0,0,0.1735,0.115842,4,1,3,29,26,3,1,5,2,1,1,1,1,0,1,0,0,2,1,1,1,0,8,0,0,0,0,0,1,0,2026-09-02T00:11:26.897177+00:00
Inglaterra Premier League 2026/2027,Manchester United - Ipswich Town,2026-08-30T15:30:00+00:00,finished,2,5-2,Ipswich Town,Emersonn,F,45,6.2,10,0,0,,2.932e-05,0,0,1,2,1,1,0,0,0,0,0,1,7,0,4,0,0,1,0,0,0,1,4,1,1,0,0,0,1,0,2026-09-02T00:11:26.897413+00:00
Inglaterra Premier League 2026/2027,Manchester United - Ipswich Town,2026-08-30T15:30:00+00:00,finished,2,5-2,Ipswich Town,Exequiel Palacios,M,28,6.5,36,0,0,,0.0148406,0,0,1,31,25,2,1,0,0,1,0,3,2,1,0,1,1,0,2,3,0,0,7,1,1,0,0,0,2,0,2026-09-02T00:11:26.897426+00:00
Inglaterra Premier League 2026/2027,Manchester United - Ipswich Town,2026-08-30T15:30:00+00:00,finished,2,5-2,Manchester United,Harry Maguire,D,90,6.6,51,0,0,0.0327,0.0110693,1,0,0,41,38,1,0,0,0,0,0,6,2,4,0,1,0,1,3,4,0,0,4,1,2,0,0,0,2,0,2026-09-02T00:11:26.897029+00:00
Inglaterra Premier League 2026/2027,Manchester United - Ipswich Town,2026-08-30T15:30:00+00:00,finished,2,5-2,Ipswich Town,Issa Diop,D,90,7.1,55,0,0,,0.00253614,0,0,0,42,42,2,2,0,0,2,2,2,2,0,1,0,0,5,1,4,0,0,0,0,1,0,0,0,5,0,2026-09-02T00:11:26.897308+00:00
Inglaterra Premier League 2026/2027,Manchester United - Ipswich Town,2026-08-30T15:30:00+00:00,finished,2,5-2,Ipswich Town,Jack Clarke,M,0,,0,0,0,,,0,0,0,0,0,0,0,0,0,0,0,0,0,0,0,0,0,0,0,0,0,0,0,0,0,0,0,0,0,0,2026-09-02T00:11:26.897533+00:00
Inglaterra Premier League 2026/2027,Manchester United - Ipswich Town,2026-08-30T15:30:00+00:00,finished,2,5-2,Ipswich Town,Jacob Greaves,D,90,4.9,60,0,0,,0.00533694,0,0,0,45,42,0,0,0,0,0,0,4,3,1,2,1,1,5,0,4,0,0,3,2,1,1,0,0,5,0,2026-09-02T00:11:26.897314+00:00
Inglaterra Premier League 2026/2027,Manchester United - Ipswich Town,2026-08-30T15:30:00+00:00,finished,2,5-2,Manchester United,Joshua Zirkzee,F,0,,0,0,0,,,0,0,0,0,0,0,0,0,0,0,0,0,0,0,0,0,0,0,0,0,0,0,0,0,0,0,0,0,0,0,2026-09-02T00:11:26.897253+00:00
Inglaterra Premier League 2026/2027,Manchester United - Ipswich Town,2026-08-30T15:30:00+00:00,finished,2,5-2,Ipswich Town,Julio Enciso,M,90,7.0,43,0,1,0.4025,0.313092,3,1,1,25,21,2,1,0,0,4,2,5,6,0,0,1,1,0,0,7,0,3,12,2,0,0,0,0,5,0,2026-09-02T00:11:26.897285+00:00
Inglaterra Premier League 2026/2027,Manchester United - Ipswich Town,2026-08-30T15:30:00+00:00,finished,2,5-2,Manchester United,Karl Darlow,G,0,,0,0,0,,,0,0,0,0,0,0,0,0,0,0,0,0,0,0,0,0,0,0,0,0,0,0,0,0,0,0,0,0,0,0,2026-09-02T00:11:26.897261+00:00
Inglaterra Premier League 2026/2027,Manchester United - Ipswich Town,2026-08-30T15:30:00+00:00,finished,2,5-2,Ipswich Town,Kasey McAteer,M,15,6.5,6,0,0,,7.557e-05,0,0,0,3,3,0,0,0,0,1,0,0,1,0,0,0,0,0,0,1,0,0,1,0,0,0,0,0,0,0,2026-09-02T00:11:26.897473+00:00
Inglaterra Premier League 2026/2027,Manchester United - Ipswich Town,2026-08-30T15:30:00+00:00,finished,2,5-2,Ipswich Town,Kjell Scherpen,G,90,9.1,61,0,0,,0.00026303,0,0,0,35,22,18,5,0,0,0,0,1,0,1,0,0,0,5,0,13,0,0,14,0,0,0,0,6,5,2,2026-09-02T00:11:26.897293+00:00
Inglaterra Premier League 2026/2027,Manchester United - Ipswich Town,2026-08-30T15:30:00+00:00,finished,2,5-2,Manchester United,Kobbie Mainoo,M,80,7.8,68,0,0,0.1395,0.0547932,3,0,0,51,46,4,2,0,0,5,4,9,3,0,1,3,2,0,2,9,3,0,7,2,0,0,0,0,1,0,2026-09-02T00:11:26.897155+00:00
Inglaterra Premier League 2026/2027,Manchester United - Ipswich Town,2026-08-30T15:30:00+00:00,finished,2,5-2,Ipswich Town,Leif Davis,D,90,6.5,39,1,0,0.4949,0.124669,2,2,1,21,16,2,1,1,0,1,0,0,3,0,0,0,0,2,1,1,0,1,11,0,0,0,0,0,5,0,2026-09-02T00:11:26.897321+00:00
Inglaterra Premier League 2026/2027,Manchester United - Ipswich Town,2026-08-30T15:30:00+00:00,finished,2,5-2,Manchester United,Leny Yoro,D,16,6.3,20,0,0,,0.00838033,0,0,0,17,16,0,0,0,0,1,0,0,3,0,1,0,0,0,2,1,0,0,2,0,1,0,0,0,1,0,2026-09-02T00:11:26.897198+00:00
Inglaterra Premier League 2026/2027,Manchester United - Ipswich Town,2026-08-30T15:30:00+00:00,finished,2,5-2,Manchester United,Lisandro Martínez,D,90,6.5,91,0,0,0.0268,0.0572519,1,0,0,87,78,9,5,0,0,0,0,3,1,3,0,0,0,0,0,6,0,1,10,0,0,0,0,0,2,0,2026-09-02T00:11:26.897077+00:00
Inglaterra Premier League 2026/2027,Manchester United - Ipswich Town,2026-08-30T15:30:00+00:00,finished,2,5-2,Manchester United,Luke Shaw,D,73,7.0,61,0,0,,0.0151098,0,0,0,45,40,3,2,0,0,0,0,6,1,2,0,4,2,2,2,2,0,0,6,1,0,0,0,0,1,0,2026-09-02T00:11:26.897184+00:00
Inglaterra Premier League 2026/2027,Manchester United - Ipswich Town,2026-08-30T15:30:00+00:00,finished,2,5-2,Ipswich Town,Marcelino Núñez,M,62,6.0,36,0,0,,0.0231183,0,0,1,28,22,2,1,1,0,0,0,1,3,0,0,1,0,2,0,4,0,0,9,0,0,0,0,0,3,0,2026-09-02T00:11:26.897382+00:00
Inglaterra Premier League 2026/2027,Manchester United - Ipswich Town,2026-08-30T15:30:00+00:00,finished,2,5-2,Manchester United,Marcus Rashford,F,80,6.9,53,0,0,0.2566,0.04563,4,2,3,31,24,3,2,3,0,3,2,7,3,0,0,3,1,0,0,3,0,0,14,2,0,0,0,0,1,0,2026-09-02T00:11:26.897163+00:00
Inglaterra Premier League 2026/2027,Manchester United - Ipswich Town,2026-08-30T15:30:00+00:00,finished,2,5-2,Manchester United,Matheus Cunha,F,80,7.0,32,0,1,0.106,0.151503,2,1,2,21,20,0,0,1,0,2,0,2,4,0,1,0,0,0,0,2,0,0,7,2,1,0,0,0,1,0,2026-09-02T00:11:26.897170+00:00
Inglaterra Premier League 2026/2027,Manchester United - Ipswich Town,2026-08-30T15:30:00+00:00,finished,2,5-2,Manchester United,Noussair Mazraoui,D,17,6.3,24,0,0,,0.00476357,0,0,0,20,19,0,0,0,0,0,0,1,1,1,1,0,0,0,0,0,0,0,3,0,0,0,0,0,1,0,2026-09-02T00:11:26.897191+00:00
Inglaterra Premier League 2026/2027,Manchester United - Ipswich Town,2026-08-30T15:30:00+00:00,finished,2,5-2,Manchester United,Patrick Dorgu,M,10,6.9,12,0,0,0.1252,0.00599392,2,1,1,6,5,2,1,0,0,0,0,2,0,1,0,1,1,1,0,0,0,0,2,0,0,0,0,0,1,0,2026-09-02T00:11:26.897226+00:00
Inglaterra Premier League 2026/2027,Manchester United - Ipswich Town,2026-08-30T15:30:00+00:00,finished,2,5-2,Ipswich Town,Saša Lukić,M,73,6.6,51,0,0,0.0148,0.0154454,1,0,1,38,32,1,1,2,0,0,0,4,4,1,0,3,2,5,1,1,1,0,8,0,3,1,0,0,4,0,2026-09-02T00:11:26.897359+00:00
Inglaterra Premier League 2026/2027,Manchester United - Ipswich Town,2026-08-30T15:30:00+00:00,finished,2,5-2,Manchester United,Senne Lammens,G,90,7.6,28,0,0,,7.998e-05,0,0,0,19,17,3,1,0,0,0,0,0,0,0,0,0,0,1,0,6,0,0,2,0,0,0,0,3,2,1,2026-09-02T00:11:26.897136+00:00
Inglaterra Premier League 2026/2027,Manchester United - Ipswich Town,2026-08-30T15:30:00+00:00,finished,2,5-2,Manchester United,Shea Lacey,F,0,,0,0,0,,,0,0,0,0,0,0,0,0,0,0,0,0,0,0,0,0,0,0,0,0,0,0,0,0,0,0,0,0,0,0,2026-09-02T00:11:26.897277+00:00
Inglaterra Premier League 2026/2027,Manchester United - Ipswich Town,2026-08-30T15:30:00+00:00,finished,2,5-2,Ipswich Town,Sindre Walle Egeli,M,0,,0,0,0,,,0,0,0,0,0,0,0,0,0,0,0,0,0,0,0,0,0,0,0,0,0,0,0,0,0,0,0,0,0,0,2026-09-02T00:11:26.897525+00:00
Inglaterra Premier League 2026/2027,Manchester United - Ipswich Town,2026-08-30T15:30:00+00:00,finished,2,5-2,Manchester United,Youri Tielemans,M,90,8.1,88,0,0,0.5592,0.105769,3,2,4,70,64,5,4,0,0,1,1,6,1,0,0,2,1,1,2,7,1,0,8,3,0,0,0,0,2,0,2026-09-02T00:11:26.897089+00:00
Inglaterra Premier League 2026/2027,Aston Villa - Arsenal,2026-08-31T19:00:00+00:00,finished,2,0-1,Aston Villa,,,71,7.0,25,0,0,,0.0990576,0,0,0,14,11,0,0,1,1,4,3,4,1,1,0,0,0,0,0,3,0,0,8,0,0,0,0,0,1,0,2026-09-02T00:11:27.004876+00:00
Inglaterra Premier League 2026/2027,Aston Villa - Arsenal,2026-08-31T19:00:00+00:00,finished,2,0-1,Aston Villa,Aaron Wan-Bissaka,D,12,6.8,11,0,0,,0.00296502,0,0,0,8,7,0,0,0,0,0,0,2,0,0,0,2,1,0,0,0,0,0,1,0,1,0,0,0,0,0,2026-09-02T00:11:27.004909+00:00
Inglaterra Premier League 2026/2027,Aston Villa - Arsenal,2026-08-31T19:00:00+00:00,finished,2,0-1,Aston Villa,Alejandro Garnacho,F,12,6.5,10,0,0,,0.00397287,0,0,0,7,7,0,0,0,0,0,0,0,1,0,0,0,0,0,0,2,0,1,1,0,0,0,0,0,0,0,2026-09-02T00:11:27.004918+00:00
Inglaterra Premier League 2026/2027,Aston Villa - Arsenal,2026-08-31T19:00:00+00:00,finished,2,0-1,Aston Villa,Alysson,M,19,6.6,11,0,0,,0.00446425,0,0,0,7,6,0,0,0,0,0,0,1,1,0,1,1,1,0,0,1,0,0,2,0,0,1,0,0,0,0,2026-09-02T00:11:27.004901+00:00
Inglaterra Premier League 2026/2027,Aston Villa - Arsenal,2026-08-31T19:00:00+00:00,finished,2,0-1,Arsenal,Ben White,D,90,7.1,59,0,0,,0.0507661,0,0,1,35,23,3,0,3,2,1,1,6,1,3,1,1,1,2,1,2,0,0,17,1,0,0,0,0,0,0,2026-09-02T00:11:27.005020+00:00
Inglaterra Premier League 2026/2027,Aston Villa - Arsenal,2026-08-31T19:00:00+00:00,finished,2,0-1,Aston Villa,Boubacar Kamara,M,90,6.6,52,0,0,,0.0314407,0,0,1,42,38,4,3,1,0,1,0,2,5,1,1,1,1,3,0,4,0,0,8,0,3,0,0,0,1,0,2026-09-02T00:11:27.004841+00:00
Inglaterra Premier League 2026/2027,Aston Villa - Arsenal,2026-08-31T19:00:00+00:00,finished,2,0-1,Arsenal,Bruno Guimarães,M,19,6.5,22,0,0,,0.0134046,0,0,0,15,13,1,0,0,0,0,0,0,1,0,0,0,0,0,0,3,0,1,6,0,0,0,0,0,0,0,2026-09-02T00:11:27.005079+00:00
Inglaterra Premier League 2026/2027,Aston Villa - Arsenal,2026-08-31T19:00:00+00:00,finished,2,0-1,Arsenal,Bukayo Saka,F,90,7.8,76,1,0,0.627,0.0375517,2,1,0,46,38,2,1,4,0,6,2,12,6,2,0,2,2,1,2,6,0,2,22,6,0,0,0,0,0,0,2026-09-02T00:11:27.005028+00:00
Inglaterra Premier League 2026/2027,Aston Villa - Arsenal,2026-08-31T19:00:00+00:00,finished,2,0-1,Arsenal,Christos Tzolis,M,45,6.1,24,0,0,,0.0120227,0,0,1,10,9,0,0,3,0,3,0,1,5,0,0,0,0,1,0,2,0,1,9,1,1,1,0,0,0,0,2026-09-02T00:11:27.005067+00:00
Inglaterra Premier League 2026/2027,Aston Villa - Arsenal,2026-08-31T19:00:00+00:00,finished,2,0-1,Arsenal,Cristhian Mosquera,D,79,6.8,60,0,0,,0.0106528,0,0,0,55,52,0,0,0,0,0,0,0,2,0,0,0,0,2,1,0,0,1,4,0,0,0,0,0,0,0,2026-09-02T00:11:27.005048+00:00
Inglaterra Premier League 2026/2027,Aston Villa - Arsenal,2026-08-31T19:00:00+00:00,finished,2,0-1,Arsenal,David Raya,G,90,6.8,41,0,0,,0.00481889,0,0,0,34,24,14,5,0,0,0,0,0,0,0,0,0,0,1,0,11,0,0,10,0,0,0,0,0,0,0,2026-09-02T00:11:27.005007+00:00
Inglaterra Premier League 2026/2027,Aston Villa - Arsenal,2026-08-31T19:00:00+00:00,finished,2,0-1,Arsenal,Declan Rice,M,85,7.3,88,0,0,,0.0967285,0,0,2,77,71,7,2,4,1,0,0,4,3,1,2,3,2,0,0,7,0,0,9,0,0,0,0,0,0,0,2026-09-02T00:11:27.005042+00:00
Inglaterra Premier League 2026/2027,Aston Villa - Arsenal,2026-08-31T19:00:00+00:00,finished,2,0-1,Arsenal,Eberechi Eze,M,45,6.5,29,0,0,,0.0675977,0,0,1,20,16,1,1,0,0,3,1,3,4,1,1,0,0,0,0,3,0,1,9,1,0,0,0,0,0,0,2026-09-02T00:11:27.005073+00:00
Inglaterra Premier League 2026/2027,Aston Villa - Arsenal,2026-08-31T19:00:00+00:00,finished,2,0-1,Aston Villa,Emiliano Buendía,M,90,6.5,48,0,0,0.0239,0.020797,1,0,1,31,21,3,1,3,0,2,2,6,7,2,3,1,0,0,0,4,0,2,19,1,0,0,0,0,1,0,2026-09-02T00:11:27.004799+00:00
Inglaterra Premier League 2026/2027,Aston Villa - Arsenal,2026-08-31T19:00:00+00:00,finished,2,0-1,Arsenal,Ezri Konsa,D,11,6.7,11,0,0,,0.00027362,0,0,0,10,10,0,0,0,0,0,0,1,1,1,1,0,0,1,0,0,0,0,0,0,0,0,0,0,0,0,2026-09-02T00:11:27.005096+00:00
Inglaterra Premier League 2026/2027,Aston Villa - Arsenal,2026-08-31T19:00:00+00:00,finished,2,0-1,Arsenal,Gabriel Magalhães,D,90,7.1,87,0,0,0.1266,0.0197535,1,0,0,73,67,6,2,0,0,0,0,3,3,1,1,2,0,6,2,5,0,0,7,0,1,0,0,0,0,0,2026-09-02T00:11:27.004981+00:00
Inglaterra Premier League 2026/2027,Aston Villa - Arsenal,2026-08-31T19:00:00+00:00,finished,2,0-1,Aston Villa,George Hemmings,M,71,6.2,22,0,0,,0.011477,0,0,0,16,10,1,0,1,0,0,0,3,7,1,2,2,0,0,0,4,0,2,9,0,2,0,0,0,1,0,2026-09-02T00:11:27.004885+00:00
Inglaterra Premier League 2026/2027,Aston Villa - Arsenal,2026-08-31T19:00:00+00:00,finished,2,0-1,Aston Villa,Ian Maatsen,D,90,5.7,42,0,0,0.0662,0.00083132,2,0,0,16,14,0,0,0,0,3,0,3,10,0,0,3,1,1,1,2,0,0,13,0,5,1,0,0,1,0,2026-09-02T00:11:27.004832+00:00
Inglaterra Premier League 2026/2027,Aston Villa - Arsenal,2026-08-31T19:00:00+00:00,finished,2,0-1,Aston Villa,John McGinn,M,90,6.0,40,0,0,0.0468,0.0484835,2,0,1,21,15,3,0,4,0,0,0,3,8,0,1,1,1,0,1,2,0,3,16,2,3,1,0,0,1,0,2026-09-02T00:11:27.004747+00:00
Inglaterra Premier League 2026/2027,Aston Villa - Arsenal,2026-08-31T19:00:00+00:00,finished,2,0-1,Arsenal,Kai Havertz,F,90,6.0,26,0,0,0.0374,0.0319684,1,1,0,15,11,0,0,0,0,1,0,3,6,1,2,0,0,0,0,5,0,1,9,2,1,0,0,0,0,0,2026-09-02T00:11:27.005035+00:00
Inglaterra Premier League 2026/2027,Aston Villa - Arsenal,2026-08-31T19:00:00+00:00,finished,2,0-1,Arsenal,Kepa Arrizabalaga,G,0,,0,0,0,,,0,0,0,0,0,0,0,0,0,0,0,0,0,0,0,0,0,0,0,0,0,0,0,0,0,0,0,0,0,0,2026-09-02T00:11:27.005150+00:00
Inglaterra Premier League 2026/2027,Aston Villa - Arsenal,2026-08-31T19:00:00+00:00,finished,2,0-1,Aston Villa,Lamare Bogarde,M,0,,0,0,0,,,0,0,0,0,0,0,0,0,0,0,0,0,0,0,0,0,0,0,0,0,0,0,0,0,0,0,0,0,0,0,2026-09-02T00:11:27.004926+00:00
Inglaterra Premier League 2026/2027,Aston Villa - Arsenal,2026-08-31T19:00:00+00:00,finished,2,0-1,Aston Villa,Luka Lynch,F,0,,0,0,0,,,0,0,0,0,0,0,0,0,0,0,0,0,0,0,0,0,0,0,0,0,0,0,0,0,0,0,0,0,0,0,2026-09-02T00:11:27.004973+00:00
Inglaterra Premier League 2026/2027,Aston Villa - Arsenal,2026-08-31T19:00:00+00:00,finished,2,0-1,Aston Villa,Marco Bizot,G,0,,0,0,0,,,0,0,0,0,0,0,0,0,0,0,0,0,0,0,0,0,0,0,0,0,0,0,0,0,0,0,0,0,0,0,2026-09-02T00:11:27.004934+00:00
Inglaterra Premier League 2026/2027,Aston Villa - Arsenal,2026-08-31T19:00:00+00:00,finished,2,0-1,Arsenal,Martin Ødegaard,M,71,6.9,55,0,0,0.0781,0.0724883,1,0,0,44,41,4,3,1,0,2,0,2,3,0,0,2,1,2,0,1,0,0,7,0,0,0,0,0,0,0,2026-09-02T00:11:27.005061+00:00
Inglaterra Premier League 2026/2027,Aston Villa - Arsenal,2026-08-31T19:00:00+00:00,finished,2,0-1,Arsenal,Martín Zubimendi,M,15,6.9,14,0,0,,0.00254869,0,0,0,9,8,0,0,0,0,0,0,3,0,1,0,2,1,1,0,0,0,0,2,0,0,0,0,0,0,0,2026-09-02T00:11:27.005091+00:00
Inglaterra Premier League 2026/2027,Aston Villa - Arsenal,2026-08-31T19:00:00+00:00,finished,2,0-1,Aston Villa,Matteo Ruggeri,D,0,,0,0,0,,,0,0,0,0,0,0,0,0,0,0,0,0,0,0,0,0,0,0,0,0,0,0,0,0,0,0,0,0,0,0,2026-09-02T00:11:27.004959+00:00
Inglaterra Premier League 2026/2027,Aston Villa - Arsenal,2026-08-31T19:00:00+00:00,finished,2,0-1,Aston Villa,Matty Cash,D,78,7.0,40,0,0,0.1468,0.00899559,1,0,0,22,18,4,1,0,0,0,0,6,2,0,0,4,3,1,0,1,1,0,8,2,2,0,0,0,1,0,2026-09-02T00:11:27.004859+00:00
Inglaterra Premier League 2026/2027,Aston Villa - Arsenal,2026-08-31T19:00:00+00:00,finished,2,0-1,Arsenal,Mikel Merino,M,19,7.1,19,0,0,,0.00404755,0,0,0,14,14,0,0,0,0,3,3,6,2,1,0,0,0,0,0,4,0,0,0,2,2,0,0,0,0,0,2026-09-02T00:11:27.005085+00:00
Inglaterra Premier League 2026/2027,Aston Villa - Arsenal,2026-08-31T19:00:00+00:00,finished,2,0-1,Arsenal,Myles Lewis-Skelly,D,71,7.3,56,0,0,0.0734,0.0172233,1,0,0,49,46,1,0,0,0,0,0,2,0,0,0,0,0,2,1,1,1,0,3,2,0,0,0,0,0,0,2026-09-02T00:11:27.005054+00:00
Inglaterra Premier League 2026/2027,Aston Villa - Arsenal,2026-08-31T19:00:00+00:00,finished,2,0-1,Arsenal,Noni Madueke,F,0,,0,0,0,,,0,0,0,0,0,0,0,0,0,0,0,0,0,0,0,0,0,0,0,0,0,0,0,0,0,0,0,0,0,0,2026-09-02T00:11:27.005143+00:00
Inglaterra Premier League 2026/2027,Aston Villa - Arsenal,2026-08-31T19:00:00+00:00,finished,2,0-1,Aston Villa,Pau Torres,D,90,6.5,57,0,0,,0.00517159,0,0,0,48,38,10,4,1,0,0,0,1,3,0,2,1,0,3,0,8,0,0,12,0,1,0,0,0,1,0,2026-09-02T00:11:27.004823+00:00
Inglaterra Premier League 2026/2027,Aston Villa - Arsenal,2026-08-31T19:00:00+00:00,finished,2,0-1,Arsenal,Piero Hincapié,D,0,,0,0,0,,,0,0,0,0,0,0,0,0,0,0,0,0,0,0,0,0,0,0,0,0,0,0,0,0,0,0,0,0,0,0,2026-09-02T00:11:27.005130+00:00
Inglaterra Premier League 2026/2027,Aston Villa - Arsenal,2026-08-31T19:00:00+00:00,finished,2,0-1,Arsenal,Riccardo Calafiori,D,90,7.9,38,0,1,0.1059,0.459328,1,0,1,21,19,1,1,1,0,0,0,5,2,3,0,1,0,1,1,4,0,1,8,1,1,0,0,0,0,0,2026-09-02T00:11:27.004990+00:00
Inglaterra Premier League 2026/2027,Aston Villa - Arsenal,2026-08-31T19:00:00+00:00,finished,2,0-1,Aston Villa,Ross Barkley,M,78,7.2,45,0,0,0.0311,0.0215005,1,0,2,37,34,3,2,0,0,0,0,5,3,1,3,3,3,1,0,6,1,0,3,1,0,0,0,0,1,0,2026-09-02T00:11:27.004868+00:00
Inglaterra Premier League 2026/2027,Aston Villa - Arsenal,2026-08-31T19:00:00+00:00,finished,2,0-1,Aston Villa,Tammy Abraham,F,19,6.5,1,0,0,,0.00133489,0,0,0,1,1,0,0,0,0,0,0,1,1,1,1,0,0,0,0,0,0,0,0,0,0,0,0,0,0,0,2026-09-02T00:11:27.004893+00:00
Inglaterra Premier League 2026/2027,Aston Villa - Arsenal,2026-08-31T19:00:00+00:00,finished,2,0-1,Aston Villa,Tyrone Mings,D,0,,0,0,0,,,0,0,0,0,0,0,0,0,0,0,0,0,0,0,0,0,0,0,0,0,0,0,0,0,0,0,0,0,0,0,2026-09-02T00:11:27.004946+00:00
Inglaterra Premier League 2026/2027,Aston Villa - Arsenal,2026-08-31T19:00:00+00:00,finished,2,0-1,Aston Villa,Victor Lindelöf,D,90,6.9,45,0,0,,0.0795421,0,0,0,38,34,0,0,0,0,0,0,2,2,1,1,1,0,5,0,1,0,0,5,0,0,0,0,0,1,0,2026-09-02T00:11:27.004813+00:00
Inglaterra Premier League 2026/2027,Aston Villa - Arsenal,2026-08-31T19:00:00+00:00,finished,2,0-1,Arsenal,Viktor Gyökeres,F,0,,0,0,0,,,0,0,0,0,0,0,0,0,0,0,0,0,0,0,0,0,0,0,0,0,0,0,0,0,0,0,0,0,0,0,2026-09-02T00:11:27.005156+00:00
Inglaterra Premier League 2026/2027,Aston Villa - Arsenal,2026-08-31T19:00:00+00:00,finished,2,0-1,Aston Villa,Zion Suzuki,G,90,6.5,37,0,0,,0.00099556,0,0,0,29,18,14,4,0,0,0,0,0,0,0,0,0,0,2,0,9,0,0,11,0,0,0,0,1,1,0,2026-09-02T00:11:27.004850+00:00
Inglaterra Premier League 2026/2027,Ipswich Town - Liverpool FC,2026-09-04T19:00:00+00:00,finished,3,0-2,Ipswich Town,,,24,6.5,8,0,0,0.019,0.00745268,1,1,0,5,2,1,0,0,0,1,1,1,1,0,0,0,0,0,0,1,0,0,4,0,1,0,0,0,0,0,2026-09-05T05:01:40.554767+00:00
Inglaterra Premier League 2026/2027,Ipswich Town - Liverpool FC,2026-09-04T19:00:00+00:00,finished,3,0-2,Ipswich Town,,,0,,0,0,0,,,0,0,0,0,0,0,0,0,0,0,0,0,0,0,0,0,0,0,0,0,0,0,0,0,0,0,0,0,0,0,2026-09-05T05:01:40.554842+00:00
Inglaterra Premier League 2026/2027,Ipswich Town - Liverpool FC,2026-09-04T19:00:00+00:00,finished,3,0-2,Ipswich Town,Abdoul Ouattara,M,12,6.7,25,0,0,,0.0170173,0,0,1,24,24,0,0,0,0,0,0,0,2,0,1,0,0,0,0,2,0,0,0,0,0,0,0,0,0,0,2026-09-05T05:01:40.554784+00:00
Inglaterra Premier League 2026/2027,Ipswich Town - Liverpool FC,2026-09-04T19:00:00+00:00,finished,3,0-2,Ipswich Town,Abdul Fatawu Issahaku,M,79,7.0,40,0,0,0.0345,0.149747,2,0,2,15,10,1,0,6,3,4,1,7,7,2,0,2,2,1,1,2,0,1,17,2,1,0,0,0,2,0,2026-09-05T05:01:40.554735+00:00
Inglaterra Premier League 2026/2027,Ipswich Town - Liverpool FC,2026-09-04T19:00:00+00:00,finished,3,0-2,Liverpool FC,Alexander Isak,F,64,8.7,29,2,0,0.2129,0.0503611,2,2,0,19,18,2,2,0,0,3,2,2,2,0,0,0,0,1,0,2,0,1,5,0,0,0,0,0,0,0,2026-09-05T05:01:40.554607+00:00
Inglaterra Premier League 2026/2027,Ipswich Town - Liverpool FC,2026-09-04T19:00:00+00:00,finished,3,0-2,Liverpool FC,Alexis Mac Allister,M,84,6.9,56,0,0,0.0762,0.0272521,2,1,1,41,36,3,1,0,0,0,0,4,4,0,2,4,3,1,1,5,0,1,10,0,1,1,0,0,0,0,2026-09-05T05:01:40.554591+00:00
Inglaterra Premier League 2026/2027,Ipswich Town - Liverpool FC,2026-09-04T19:00:00+00:00,finished,3,0-2,Liverpool FC,Alisson,G,90,8.7,55,0,0,,0.00470247,0,0,0,36,28,18,10,0,0,0,0,0,0,0,0,0,0,2,0,14,0,0,9,0,0,0,0,5,0,1,2026-09-05T05:01:40.554489+00:00
Inglaterra Premier League 2026/2027,Ipswich Town - Liverpool FC,2026-09-04T19:00:00+00:00,finished,3,0-2,Liverpool FC,Bradley Barcola,F,26,6.5,12,0,0,,0.0684388,0,0,1,7,5,0,0,0,0,0,0,0,1,0,0,0,0,0,0,0,0,1,3,0,0,0,0,0,0,0,2026-09-05T05:01:40.554615+00:00
Inglaterra Premier League 2026/2027,Ipswich Town - Liverpool FC,2026-09-04T19:00:00+00:00,finished,3,0-2,Ipswich Town,Christian Walton,G,0,,0,0,0,,,0,0,0,0,0,0,0,0,0,0,0,0,0,0,0,0,0,0,0,0,0,0,0,0,0,0,0,0,0,0,2026-09-05T05:01:40.554849+00:00
Inglaterra Premier League 2026/2027,Ipswich Town - Liverpool FC,2026-09-04T19:00:00+00:00,finished,3,0-2,Liverpool FC,Cody Gakpo,M,90,7.7,58,0,2,0.0514,0.399577,1,0,3,39,35,2,1,0,0,2,2,7,3,0,0,3,3,1,1,5,1,2,11,2,0,0,0,0,0,0,2026-09-05T05:01:40.554532+00:00
Inglaterra Premier League 2026/2027,Ipswich Town - Liverpool FC,2026-09-04T19:00:00+00:00,finished,3,0-2,Ipswich Town,Cédric Kipré,D,0,,0,0,0,,,0,0,0,0,0,0,0,0,0,0,0,0,0,0,0,0,0,0,0,0,0,0,0,0,0,0,0,0,0,0,2026-09-05T05:01:40.554835+00:00
Inglaterra Premier League 2026/2027,Ipswich Town - Liverpool FC,2026-09-04T19:00:00+00:00,finished,3,0-2,Ipswich Town,Daizen Maeda,F,66,5.9,15,0,0,0.0299,0.00085761,1,1,0,6,5,0,0,1,0,0,0,2,9,0,4,2,1,2,0,1,0,1,4,0,1,0,0,0,2,0,2026-09-05T05:01:40.554751+00:00
Inglaterra Premier League 2026/2027,Ipswich Town - Liverpool FC,2026-09-04T19:00:00+00:00,finished,3,0-2,Ipswich Town,Dara O'Shea,D,90,6.2,56,0,0,,0.00652877,0,0,0,33,20,3,1,1,1,0,0,6,2,2,1,3,1,4,1,3,0,0,16,1,0,0,0,0,2,0,2026-09-05T05:01:40.554727+00:00
Inglaterra Premier League 2026/2027,Ipswich Town - Liverpool FC,2026-09-04T19:00:00+00:00,finished,3,0-2,Ipswich Town,Darnell Furlong,D,0,,0,0,0,,,0,0,0,0,0,0,0,0,0,0,0,0,0,0,0,0,0,0,0,0,0,0,0,0,0,0,0,0,0,0,2026-09-05T05:01:40.554827+00:00
Inglaterra Premier League 2026/2027,Ipswich Town - Liverpool FC,2026-09-04T19:00:00+00:00,finished,3,0-2,Liverpool FC,Dominik Szoboszlai,M,90,7.5,76,0,0,0.1479,0.0677055,3,3,2,61,55,5,3,4,1,0,0,2,2,2,1,0,0,1,1,6,0,0,9,0,1,0,0,0,0,0,2026-09-05T05:01:40.554542+00:00
Inglaterra Premier League 2026/2027,Ipswich Town - Liverpool FC,2026-09-04T19:00:00+00:00,finished,3,0-2,Ipswich Town,Emersonn,F,66,6.7,17,0,0,0.2399,0.00020855,1,0,0,5,5,0,0,0,0,2,0,4,7,1,4,1,1,1,0,1,1,0,6,2,0,0,0,0,2,0,2026-09-05T05:01:40.554759+00:00
Inglaterra Premier League 2026/2027,Ipswich Town - Liverpool FC,2026-09-04T19:00:00+00:00,finished,3,0-2,Ipswich Town,Exequiel Palacios,M,78,7.6,61,0,0,,0.0237048,0,0,2,47,42,2,1,0,0,0,0,8,2,0,0,4,2,0,2,12,0,0,8,4,1,0,0,0,2,0,2026-09-05T05:01:40.554742+00:00
Inglaterra Premier League 2026/2027,Ipswich Town - Liverpool FC,2026-09-04T19:00:00+00:00,finished,3,0-2,Liverpool FC,Florian Wirtz,M,89,5.9,77,0,0,0.1724,0.0507741,2,1,2,48,39,2,1,1,0,4,3,5,9,1,0,0,0,0,0,4,1,3,22,1,5,0,0,0,0,0,2026-09-05T05:01:40.554584+00:00
Inglaterra Premier League 2026/2027,Ipswich Town - Liverpool FC,2026-09-04T19:00:00+00:00,finished,3,0-2,Liverpool FC,Giorgi Mamardashvili,G,0,,0,0,0,,,0,0,0,0,0,0,0,0,0,0,0,0,0,0,0,0,0,0,0,0,0,0,0,0,0,0,0,0,0,0,2026-09-05T05:01:40.554659+00:00
Inglaterra Premier League 2026/2027,Ipswich Town - Liverpool FC,2026-09-04T19:00:00+00:00,finished,3,0-2,Ipswich Town,Issa Diop,D,90,6.9,66,0,0,,0.00749235,0,0,1,53,47,4,2,0,0,0,0,3,0,1,0,2,2,7,1,2,0,0,6,0,0,0,0,0,2,0,2026-09-05T05:01:40.554720+00:00
Inglaterra Premier League 2026/2027,Ipswich Town - Liverpool FC,2026-09-04T19:00:00+00:00,finished,3,0-2,Ipswich Town,Jack Clarke,M,24,6.5,24,0,0,0.0324,0.0159481,1,0,1,20,14,3,2,0,0,0,0,0,3,0,0,0,0,0,1,1,1,1,7,0,1,0,0,0,0,0,2026-09-05T05:01:40.554775+00:00
Inglaterra Premier League 2026/2027,Ipswich Town - Liverpool FC,2026-09-04T19:00:00+00:00,finished,3,0-2,Ipswich Town,Jacob Greaves,D,90,6.5,59,0,0,,0.0391483,0,0,1,52,46,1,1,0,0,0,0,3,1,1,1,1,0,4,0,3,0,0,6,1,0,0,0,0,2,0,2026-09-05T05:01:40.554712+00:00
Inglaterra Premier League 2026/2027,Ipswich Town - Liverpool FC,2026-09-04T19:00:00+00:00,finished,3,0-2,Liverpool FC,Jeremie Frimpong,D,0,,0,0,0,,,0,0,0,0,0,0,0,0,0,0,0,0,0,0,0,0,0,0,0,0,0,0,0,0,0,0,0,0,0,0,2026-09-05T05:01:40.554651+00:00
Inglaterra Premier League 2026/2027,Ipswich Town - Liverpool FC,2026-09-04T19:00:00+00:00,finished,3,0-2,Ipswich Town,Julio Enciso,M,90,6.4,59,0,0,0.2333,0.0187338,6,2,2,35,32,4,2,0,0,4,0,2,9,0,0,0,0,0,2,3,2,4,14,2,0,1,0,0,2,0,2026-09-05T05:01:40.554689+00:00
Inglaterra Premier League 2026/2027,Ipswich Town - Liverpool FC,2026-09-04T19:00:00+00:00,finished,3,0-2,Liverpool FC,Jérémy Jacquet,D,90,7.8,81,0,0,,0.0283197,0,0,1,67,64,5,4,0,0,0,0,5,6,1,2,3,2,2,1,3,0,1,8,1,2,1,0,0,0,0,2026-09-05T05:01:40.554567+00:00
Inglaterra Premier League 2026/2027,Ipswich Town - Liverpool FC,2026-09-04T19:00:00+00:00,finished,3,0-2,Ipswich Town,Kasey McAteer,M,11,6.5,4,0,0,0.0288,0.00260139,1,1,0,3,3,0,0,0,0,0,0,0,1,0,1,0,0,0,0,1,0,0,0,0,0,0,0,0,0,0,2026-09-05T05:01:40.554797+00:00
Inglaterra Premier League 2026/2027,Ipswich Town - Liverpool FC,2026-09-04T19:00:00+00:00,finished,3,0-2,Ipswich Town,Kjell Scherpen,G,90,7.3,42,0,0,,0.00160085,0,0,0,32,23,15,6,0,0,0,0,0,0,0,0,0,0,0,0,7,0,0,10,0,0,0,0,5,2,0,2026-09-05T05:01:40.554681+00:00
Inglaterra Premier League 2026/2027,Ipswich Town - Liverpool FC,2026-09-04T19:00:00+00:00,finished,3,0-2,Liverpool FC,Kostas Tsimikas,D,0,,0,0,0,,,0,0,0,0,0,0,0,0,0,0,0,0,0,0,0,0,0,0,0,0,0,0,0,0,0,0,0,0,0,0,2026-09-05T05:01:40.554666+00:00
Inglaterra Premier League 2026/2027,Ipswich Town - Liverpool FC,2026-09-04T19:00:00+00:00,finished,3,0-2,Ipswich Town,Leif Davis,D,90,6.5,55,0,0,0.114,0.118429,1,0,2,33,23,6,4,4,0,0,0,2,0,0,0,2,1,2,0,3,0,0,16,0,0,0,0,0,2,0,2026-09-05T05:01:40.554705+00:00
Inglaterra Premier League 2026/2027,Ipswich Town - Liverpool FC,2026-09-04T19:00:00+00:00,finished,3,0-2,Liverpool FC,Lewis Koumas,F,1,,0,0,0,,,0,0,0,0,0,0,0,0,0,0,0,0,0,0,0,0,0,0,0,0,0,0,0,0,0,0,0,0,0,0,2026-09-05T05:01:40.554637+00:00
Inglaterra Premier League 2026/2027,Ipswich Town - Liverpool FC,2026-09-04T19:00:00+00:00,finished,3,0-2,Ipswich Town,Marcelino Núñez,M,0,,0,0,0,,,0,0,0,0,0,0,0,0,0,0,0,0,0,0,0,0,0,0,0,0,0,0,0,0,0,0,0,0,0,0,2026-09-05T05:01:40.554816+00:00
Inglaterra Premier League 2026/2027,Ipswich Town - Liverpool FC,2026-09-04T19:00:00+00:00,finished,3,0-2,Liverpool FC,Miloš Kerkez,D,90,6.9,54,0,0,,0.0261607,0,0,0,34,29,2,0,4,2,1,0,4,6,1,2,2,1,2,0,1,0,1,13,1,2,1,0,0,0,0,2026-09-05T05:01:40.554551+00:00
Inglaterra Premier League 2026/2027,Ipswich Town - Liverpool FC,2026-09-04T19:00:00+00:00,finished,3,0-2,Liverpool FC,Rio Ngumoha,F,0,,0,0,0,,,0,0,0,0,0,0,0,0,0,0,0,0,0,0,0,0,0,0,0,0,0,0,0,0,0,0,0,0,0,0,2026-09-05T05:01:40.554644+00:00
Inglaterra Premier League 2026/2027,Ipswich Town - Liverpool FC,2026-09-04T19:00:00+00:00,finished,3,0-2,Liverpool FC,Ronald Araújo,D,90,7.4,63,0,0,,0.00617848,0,0,0,38,32,4,0,2,0,3,2,9,1,6,0,1,0,7,0,1,0,0,16,0,0,0,0,0,0,0,2026-09-05T05:01:40.554576+00:00
Inglaterra Premier League 2026/2027,Ipswich Town - Liverpool FC,2026-09-04T19:00:00+00:00,finished,3,0-2,Liverpool FC,Ryan Gravenberch,M,26,6.6,18,0,0,,0.00164816,0,0,0,13,12,0,0,0,0,0,0,1,1,1,0,0,0,2,0,1,0,0,2,0,1,0,0,0,0,0,2026-09-05T05:01:40.554622+00:00
Inglaterra Premier League 2026/2027,Ipswich Town - Liverpool FC,2026-09-04T19:00:00+00:00,finished,3,0-2,Ipswich Town,Saša Lukić,M,90,6.7,75,0,0,,0.0196892,0,0,1,65,61,1,0,3,0,0,0,2,2,0,1,1,0,0,1,2,0,0,7,1,1,0,0,0,2,0,2026-09-05T05:01:40.554697+00:00
Inglaterra Premier League 2026/2027,Ipswich Town - Liverpool FC,2026-09-04T19:00:00+00:00,finished,3,0-2,Liverpool FC,Trey Nyoni,M,12,6.6,4,0,0,,0.00109424,0,0,0,4,4,0,0,0,0,0,0,0,0,0,0,0,0,0,0,0,0,0,0,0,0,0,0,0,0,0,2026-09-05T05:01:40.554629+00:00
Inglaterra Premier League 2026/2027,Ipswich Town - Liverpool FC,2026-09-04T19:00:00+00:00,finished,3,0-2,Liverpool FC,Virgil van Dijk,D,90,8.0,97,0,0,,0.0233509,0,0,0,90,82,11,6,0,0,0,0,4,0,1,0,3,3,2,0,4,0,0,8,0,0,0,0,0,0,0,2026-09-05T05:01:40.554559+00:00
Inglaterra Premier League 2026/2027,Ipswich Town - Liverpool FC,2026-09-04T19:00:00+00:00,finished,3,0-2,Liverpool FC,Víctor Muñoz,F,64,6.2,38,0,0,,0.021123,0,0,0,26,23,2,1,0,0,4,2,3,5,0,0,0,0,0,0,4,0,2,10,1,1,0,0,0,0,0,2026-09-05T05:01:40.554599+00:00
Inglaterra Premier League 2026/2027,Ipswich Town - Liverpool FC,2026-09-04T19:00:00+00:00,finished,3,0-2,Liverpool FC,Wataru Endo,M,0,,0,0,0,,,0,0,0,0,0,0,0,0,0,0,0,0,0,0,0,0,0,0,0,0,0,0,0,0,0,0,0,0,0,0,2026-09-05T05:01:40.554674+00:00
Inglaterra Premier League 2026/2027,Newcastle United - Bournemouth,2026-09-05T11:30:00+00:00,finished,3,2-2,Bournemouth,,,0,,0,0,0,,,0,0,0,0,0,0,0,0,0,0,0,0,0,0,0,0,0,0,0,0,0,0,0,0,0,0,0,0,0,0,2026-09-06T05:01:35.292631+00:00
Inglaterra Premier League 2026/2027,Newcastle United - Bournemouth,2026-09-05T11:30:00+00:00,finished,3,2-2,Bournemouth,,,0,,0,0,0,,,0,0,0,0,0,0,0,0,0,0,0,0,0,0,0,0,0,0,0,0,0,0,0,0,0,0,0,0,0,0,2026-09-06T05:01:35.292638+00:00
Inglaterra Premier League 2026/2027,Newcastle United - Bournemouth,2026-09-05T11:30:00+00:00,finished,3,2-2,Newcastle United,,,77,6.3,58,0,0,,0.0117892,0,0,1,48,40,6,2,0,0,1,1,5,9,1,0,0,0,0,0,6,0,0,8,3,6,0,0,0,2,0,2026-09-06T05:01:35.292708+00:00
Inglaterra Premier League 2026/2027,Newcastle United - Bournemouth,2026-09-05T11:30:00+00:00,finished,3,2-2,Bournemouth,Adam Smith,D,97,6.3,37,0,0,0.0149,0.0447584,1,0,2,20,15,4,1,1,1,1,0,3,3,0,0,1,1,1,0,5,1,0,9,2,2,1,0,0,2,0,2026-09-06T05:01:35.292547+00:00
Inglaterra Premier League 2026/2027,Newcastle United - Bournemouth,2026-09-05T11:30:00+00:00,finished,3,2-2,Bournemouth,Adrien Truffert,D,97,6.2,56,0,0,0.0088,0.0633823,1,0,1,30,26,2,1,6,1,1,1,4,8,0,1,3,0,1,2,5,1,2,15,0,3,1,0,0,2,0,2026-09-06T05:01:35.292525+00:00
Inglaterra Premier League 2026/2027,Newcastle United - Bournemouth,2026-09-05T11:30:00+00:00,finished,3,2-2,Newcastle United,Aladji Bamba,M,0,,0,0,0,,,0,0,0,0,0,0,0,0,0,0,0,0,0,0,0,0,0,0,0,0,0,0,0,0,0,0,0,0,0,0,2026-09-06T05:01:35.292777+00:00
Inglaterra Premier League 2026/2027,Newcastle United - Bournemouth,2026-09-05T11:30:00+00:00,finished,3,2-2,Bournemouth,Alex Scott,M,96,6.8,59,0,0,0.0632,0.0152221,2,0,2,42,32,8,2,0,0,2,2,8,4,1,1,0,0,2,3,6,2,0,10,5,1,0,0,0,2,0,2026-09-06T05:01:35.292555+00:00
Inglaterra Premier League 2026/2027,Newcastle United - Bournemouth,2026-09-05T11:30:00+00:00,finished,3,2-2,Newcastle United,Amar Dedić,D,97,6.0,64,0,0,0.0966,0.022541,2,0,0,39,31,4,2,2,1,4,3,4,5,0,1,0,0,0,1,4,1,0,14,1,3,0,0,0,2,0,2026-09-06T05:01:35.292665+00:00
Inglaterra Premier League 2026/2027,Newcastle United - Bournemouth,2026-09-05T11:30:00+00:00,finished,3,2-2,Newcastle United,Anthony Elanga,F,78,6.7,26,0,0,,0.240441,0,0,3,13,8,0,0,1,0,3,0,3,7,1,2,2,0,1,0,1,0,0,12,0,1,1,0,0,2,0,2026-09-06T05:01:35.292702+00:00
Inglaterra Premier League 2026/2027,Newcastle United - Bournemouth,2026-09-05T11:30:00+00:00,finished,3,2-2,Bournemouth,António Silva,D,97,6.8,54,0,0,0.0214,0.00818239,1,1,0,41,35,5,2,0,0,0,0,8,3,6,2,1,1,6,0,2,0,0,7,1,1,0,0,0,2,0,2026-09-06T05:01:35.292533+00:00
Inglaterra Premier League 2026/2027,Newcastle United - Bournemouth,2026-09-05T11:30:00+00:00,finished,3,2-2,Bournemouth,Bafodé Diakité,D,0,,0,0,0,,,0,0,0,0,0,0,0,0,0,0,0,0,0,0,0,0,0,0,0,0,0,0,0,0,0,0,0,0,0,0,2026-09-06T05:01:35.292624+00:00
Inglaterra Premier League 2026/2027,Newcastle United - Bournemouth,2026-09-05T11:30:00+00:00,finished,3,2-2,Newcastle United,Bazoumana Touré,M,0,,0,0,0,,,0,0,0,0,0,0,0,0,0,0,0,0,0,0,0,0,0,0,0,0,0,0,0,0,0,0,0,0,0,0,2026-09-06T05:01:35.292771+00:00
Inglaterra Premier League 2026/2027,Newcastle United - Bournemouth,2026-09-05T11:30:00+00:00,finished,3,2-2,Bournemouth,Ben Gannon-Doak,M,8,6.6,5,0,0,0.0261,0.00044071,1,0,0,3,3,0,0,0,0,0,0,1,0,0,0,1,0,0,0,1,1,0,0,0,0,0,0,0,0,0,2026-09-06T05:01:35.292604+00:00
Inglaterra Premier League 2026/2027,Newcastle United - Bournemouth,2026-09-05T11:30:00+00:00,finished,3,2-2,Bournemouth,Daniel Jebbison,F,8,6.6,2,0,0,,,0,0,0,0,0,0,0,0,0,0,0,1,0,0,0,0,0,0,0,0,0,0,1,1,0,0,0,0,0,0,2026-09-06T05:01:35.292611+00:00
Inglaterra Premier League 2026/2027,Newcastle United - Bournemouth,2026-09-05T11:30:00+00:00,finished,3,2-2,Bournemouth,David Brooks,M,21,6.3,3,0,0,,,0,0,0,1,0,0,0,0,0,0,0,0,1,0,0,0,0,0,0,0,0,0,1,0,1,0,0,0,1,0,2026-09-06T05:01:35.292597+00:00
Inglaterra Premier League 2026/2027,Newcastle United - Bournemouth,2026-09-05T11:30:00+00:00,finished,3,2-2,Bournemouth,Evanilson,F,97,6.5,36,0,0,0.2763,0.013227,3,0,0,20,16,0,0,0,0,1,1,6,7,4,6,0,0,4,0,3,1,1,8,1,0,0,0,0,2,0,2026-09-06T05:01:35.292515+00:00
Inglaterra Premier League 2026/2027,Newcastle United - Bournemouth,2026-09-05T11:30:00+00:00,finished,3,2-2,Newcastle United,Fabian Schär,D,0,,0,0,0,,,0,0,0,0,0,0,0,0,0,0,0,0,0,0,0,0,0,0,0,0,0,0,0,0,0,0,0,0,0,0,2026-09-06T05:01:35.292784+00:00
Inglaterra Premier League 2026/2027,Newcastle United - Bournemouth,2026-09-05T11:30:00+00:00,finished,3,2-2,Newcastle United,Harvey Barnes,F,97,7.6,39,1,0,0.1198,0.0349602,2,1,0,20,16,1,1,3,0,1,0,4,4,0,1,0,0,0,2,4,0,0,11,4,2,0,0,0,2,0,2026-09-06T05:01:35.292680+00:00
Inglaterra Premier League 2026/2027,Newcastle United - Bournemouth,2026-09-05T11:30:00+00:00,finished,3,2-2,Newcastle United,Jacob Murphy,F,19,6.7,6,0,0,,0.00141201,0,0,0,3,2,0,0,1,0,0,0,2,0,0,0,0,0,0,0,1,0,0,2,2,0,0,0,0,0,0,2026-09-06T05:01:35.292751+00:00
Inglaterra Premier League 2026/2027,Newcastle United - Bournemouth,2026-09-05T11:30:00+00:00,finished,3,2-2,Newcastle United,Jacob Ramsey,M,34,7.2,19,1,0,0.0842,0.0181159,1,1,0,17,14,0,0,0,0,0,0,1,2,1,0,0,0,0,0,4,0,0,3,0,2,0,0,0,0,0,2026-09-06T05:01:35.292729+00:00
Inglaterra Premier League 2026/2027,Newcastle United - Bournemouth,2026-09-05T11:30:00+00:00,finished,3,2-2,Bournemouth,James Hill,D,97,6.3,56,0,0,,0.01613,0,0,2,45,32,9,5,0,0,0,0,1,2,1,0,0,0,5,1,1,0,0,14,0,1,0,0,0,2,0,2026-09-06T05:01:35.292540+00:00
Inglaterra Premier League 2026/2027,Newcastle United - Bournemouth,2026-09-05T11:30:00+00:00,finished,3,2-2,Newcastle United,Joe Willock,M,63,6.4,35,0,0,0.3494,0.00765754,2,0,0,18,16,1,1,0,0,1,1,4,4,0,1,1,1,0,0,1,1,3,7,2,0,0,0,0,2,0,2026-09-06T05:01:35.292715+00:00
Inglaterra Premier League 2026/2027,Newcastle United - Bournemouth,2026-09-05T11:30:00+00:00,finished,3,2-2,Bournemouth,Julio Soler,D,0,,0,0,0,,,0,0,0,0,0,0,0,0,0,0,0,0,0,0,0,0,0,0,0,0,0,0,0,0,0,0,0,0,0,0,2026-09-06T05:01:35.292645+00:00
Inglaterra Premier League 2026/2027,Newcastle United - Bournemouth,2026-09-05T11:30:00+00:00,finished,3,2-2,Bournemouth,Justin Kluivert,M,76,6.3,19,0,0,0.0486,0.00713373,2,0,0,9,7,0,0,1,0,1,1,5,7,0,2,1,1,0,0,3,1,1,5,3,3,1,0,0,1,0,2026-09-06T05:01:35.292583+00:00
Inglaterra Premier League 2026/2027,Newcastle United - Bournemouth,2026-09-05T11:30:00+00:00,finished,3,2-2,Bournemouth,Lewis Cook,M,21,6.2,5,0,0,,0.00076986,0,0,0,4,3,0,0,0,0,0,0,0,2,0,1,0,0,0,1,0,0,0,1,0,1,0,0,0,1,0,2026-09-06T05:01:35.292590+00:00
Inglaterra Premier League 2026/2027,Newcastle United - Bournemouth,2026-09-05T11:30:00+00:00,finished,3,2-2,Newcastle United,Lewis Hall,D,90,6.8,74,0,1,0.0122,0.0148991,1,0,1,48,41,10,5,2,0,0,0,5,5,3,3,1,1,3,2,13,0,2,14,1,0,0,0,0,2,0,2026-09-06T05:01:35.292694+00:00
Inglaterra Premier League 2026/2027,Newcastle United - Bournemouth,2026-09-05T11:30:00+00:00,finished,3,2-2,Newcastle United,Lewis Miley,M,63,6.2,35,0,0,,0.0185874,0,0,0,30,24,4,2,0,0,1,1,1,5,0,2,0,0,1,0,3,0,0,7,0,1,0,0,0,2,0,2026-09-06T05:01:35.292722+00:00
Inglaterra Premier League 2026/2027,Newcastle United - Bournemouth,2026-09-05T11:30:00+00:00,finished,3,2-2,Newcastle United,Lukáš Horníček,G,97,7.8,48,0,0,,0.0007443,0,0,0,37,24,14,2,0,0,1,1,1,0,0,0,0,0,0,0,6,0,0,14,0,0,0,0,4,2,0,2026-09-06T05:01:35.292658+00:00
Inglaterra Premier League 2026/2027,Newcastle United - Bournemouth,2026-09-05T11:30:00+00:00,finished,3,2-2,Newcastle United,Malick Thiaw,D,97,5.7,67,0,0,,0.0837114,0,0,1,59,51,6,2,0,0,1,1,5,2,4,1,0,0,3,0,3,0,0,8,0,1,0,0,0,2,0,2026-09-06T05:01:35.292672+00:00
Inglaterra Premier League 2026/2027,Newcastle United - Bournemouth,2026-09-05T11:30:00+00:00,finished,3,2-2,Bournemouth,Marcus Tavernier,M,89,8.4,48,1,0,1.0068,0.0458009,5,4,1,31,27,0,0,1,0,2,2,7,2,1,1,1,0,0,0,8,0,0,7,3,0,0,0,0,2,0,2026-09-06T05:01:35.292562+00:00
Inglaterra Premier League 2026/2027,Newcastle United - Bournemouth,2026-09-05T11:30:00+00:00,finished,3,2-2,Newcastle United,Matías Fernández-Pardo,F,34,6.4,15,0,0,,0.00114764,0,0,0,6,4,0,0,1,0,1,1,2,1,0,0,0,0,0,0,1,0,0,5,1,1,0,0,0,0,0,2026-09-06T05:01:35.292736+00:00
Inglaterra Premier League 2026/2027,Newcastle United - Bournemouth,2026-09-05T11:30:00+00:00,finished,3,2-2,Newcastle United,Nick Pope,G,0,,0,0,0,,,0,0,0,0,0,0,0,0,0,0,0,0,0,0,0,0,0,0,0,0,0,0,0,0,0,0,0,0,0,0,2026-09-06T05:01:35.292764+00:00
Inglaterra Premier League 2026/2027,Newcastle United - Bournemouth,2026-09-05T11:30:00+00:00,finished,3,2-2,Bournemouth,Rayan,M,89,6.4,23,0,0,0.0386,0.00953065,1,0,0,13,6,0,0,3,0,0,0,5,4,4,2,1,1,1,0,0,0,0,12,0,1,0,0,0,2,0,2026-09-06T05:01:35.292568+00:00
Inglaterra Premier League 2026/2027,Newcastle United - Bournemouth,2026-09-05T11:30:00+00:00,finished,3,2-2,Bournemouth,Ryan Christie,M,1,,1,0,0,,,0,0,0,1,0,0,0,0,0,0,0,0,0,0,0,0,0,0,0,0,0,0,1,0,0,0,0,0,0,0,2026-09-06T05:01:35.292617+00:00
Inglaterra Premier League 2026/2027,Newcastle United - Bournemouth,2026-09-05T11:30:00+00:00,finished,3,2-2,Newcastle United,Sean Steur,M,20,6.7,13,0,0,,0.00409634,0,0,0,12,11,3,2,0,0,0,0,0,1,0,0,0,0,1,0,1,0,0,1,0,0,0,0,0,0,0,2026-09-06T05:01:35.292743+00:00
Inglaterra Premier League 2026/2027,Newcastle United - Bournemouth,2026-09-05T11:30:00+00:00,finished,3,2-2,Newcastle United,Sven Botman,D,97,7.0,83,0,0,,0.162169,0,0,0,69,59,12,6,0,0,0,0,8,5,7,5,1,0,4,1,2,0,0,11,0,0,0,0,0,2,0,2026-09-06T05:01:35.292687+00:00
Inglaterra Premier League 2026/2027,Newcastle United - Bournemouth,2026-09-05T11:30:00+00:00,finished,3,2-2,Newcastle United,Tino Livramento,D,7,,4,0,0,,2.45e-06,0,0,0,2,2,0,0,0,0,1,0,0,1,0,0,0,0,0,0,0,0,0,1,0,0,0,0,0,0,0,2026-09-06T05:01:35.292757+00:00
Inglaterra Premier League 2026/2027,Newcastle United - Bournemouth,2026-09-05T11:30:00+00:00,finished,3,2-2,Bournemouth,Tyler Adams,M,76,7.1,51,0,0,,0.0117038,0,0,1,38,31,0,0,0,0,0,0,7,4,1,0,3,1,1,0,8,0,0,9,3,3,0,0,0,1,0,2026-09-06T05:01:35.292576+00:00
Inglaterra Premier League 2026/2027,Newcastle United - Bournemouth,2026-09-05T11:30:00+00:00,finished,3,2-2,Newcastle United,Yoane Wissa,F,97,6.5,32,0,0,,0.0312665,0,0,0,22,17,0,0,1,1,1,0,4,7,1,4,0,0,0,0,3,0,0,8,3,2,1,0,0,2,0,2026-09-06T05:01:35.292651+00:00
Inglaterra Premier League 2026/2027,Newcastle United - Bournemouth,2026-09-05T11:30:00+00:00,finished,3,2-2,Bournemouth,Đorđe Petrović,G,97,6.4,36,0,0,,0.00260179,0,0,0,31,19,18,6,0,0,0,0,1,0,1,0,0,0,1,0,8,0,0,12,0,0,0,0,0,2,1,2026-09-06T05:01:35.292467+00:00
Inglaterra Premier League 2026/2027,Brentford - Sunderland,2026-09-05T14:00:00+00:00,finished,3,1-1,Sunderland,,,16,6.7,8,0,0,,0.0619212,0,0,0,5,5,0,0,1,1,1,1,1,1,0,0,0,0,0,0,0,0,0,0,0,1,0,0,0,0,0,2026-09-06T05:01:36.137675+00:00
Inglaterra Premier League 2026/2027,Brentford - Sunderland,2026-09-05T14:00:00+00:00,finished,3,1-1,Sunderland,,,0,,0,0,0,,,0,0,0,0,0,0,0,0,0,0,0,0,0,0,0,0,0,0,0,0,0,0,0,0,0,0,0,0,0,0,2026-09-06T05:01:36.137745+00:00
Inglaterra Premier League 2026/2027,Brentford - Sunderland,2026-09-05T14:00:00+00:00,finished,3,1-1,Sunderland,,,0,,0,0,0,,,0,0,0,0,0,0,0,0,0,0,0,0,0,0,0,0,0,0,0,0,0,0,0,0,0,0,0,0,0,0,2026-09-06T05:01:36.137760+00:00
Inglaterra Premier League 2026/2027,Brentford - Sunderland,2026-09-05T14:00:00+00:00,finished,3,1-1,Brentford,,,0,,0,0,0,,,0,0,0,0,0,0,0,0,0,0,0,0,0,0,0,0,0,0,0,0,0,0,0,0,0,0,0,0,0,0,2026-09-06T05:01:36.138026+00:00
Inglaterra Premier League 2026/2027,Brentford - Sunderland,2026-09-05T14:00:00+00:00,finished,3,1-1,Brentford,Aaron Hickey,D,45,6.3,30,0,0,,0.00470392,0,0,0,15,13,2,1,1,0,0,0,1,3,0,3,1,0,3,2,2,0,0,4,0,0,0,0,0,1,0,2026-09-06T05:01:36.137954+00:00
Inglaterra Premier League 2026/2027,Brentford - Sunderland,2026-09-05T14:00:00+00:00,finished,3,1-1,Sunderland,Brian Brobbey,F,90,6.3,32,0,0,0.2944,0.0610877,3,0,3,22,15,1,1,0,0,1,0,6,6,5,3,0,0,0,0,3,2,0,10,1,1,0,0,0,1,0,2026-09-06T05:01:36.137611+00:00
Inglaterra Premier League 2026/2027,Brentford - Sunderland,2026-09-05T14:00:00+00:00,finished,3,1-1,Brentford,Callum Wilson,F,11,6.5,2,0,0,,,0,0,0,0,0,0,0,0,0,0,0,1,2,1,0,0,0,1,0,0,0,0,1,0,1,0,0,0,0,0,2026-09-06T05:01:36.138004+00:00
Inglaterra Premier League 2026/2027,Brentford - Sunderland,2026-09-05T14:00:00+00:00,finished,3,1-1,Brentford,Caoimhin Kelleher,G,90,6.8,38,0,0,,0.00045456,0,0,0,29,15,19,5,0,0,0,0,1,0,1,0,0,0,2,0,6,0,0,14,0,0,0,0,2,1,1,2026-09-06T05:01:36.137824+00:00
Inglaterra Premier League 2026/2027,Brentford - Sunderland,2026-09-05T14:00:00+00:00,finished,3,1-1,Sunderland,Chris Rigg,M,0,,0,0,0,,,0,0,0,0,0,0,0,0,0,0,0,0,0,0,0,0,0,0,0,0,0,0,0,0,0,0,0,0,0,0,2026-09-06T05:01:36.137692+00:00
Inglaterra Premier League 2026/2027,Brentford - Sunderland,2026-09-05T14:00:00+00:00,finished,3,1-1,Brentford,Dango Ouattara,M,45,6.6,22,0,0,,0.0125746,0,0,1,14,10,0,0,0,0,2,0,1,4,0,0,1,0,2,1,7,0,1,7,0,1,0,0,0,0,0,2026-09-06T05:01:36.137963+00:00
Inglaterra Premier League 2026/2027,Brentford - Sunderland,2026-09-05T14:00:00+00:00,finished,3,1-1,Sunderland,Daniel Ballard,D,90,7.2,49,0,0,0.1188,0.147617,1,0,1,34,26,5,3,0,0,1,1,11,7,6,6,2,1,7,0,5,0,0,9,2,0,0,0,0,1,0,2026-09-06T05:01:36.137567+00:00
Inglaterra Premier League 2026/2027,Brentford - Sunderland,2026-09-05T14:00:00+00:00,finished,3,1-1,Sunderland,Enzo Le Fée,M,90,7.5,53,1,0,0.8615,0.0498194,3,1,0,35,24,1,1,2,0,1,1,10,2,3,2,4,2,0,0,2,0,0,15,2,0,0,0,0,1,0,2026-09-06T05:01:36.137513+00:00
Inglaterra Premier League 2026/2027,Brentford - Sunderland,2026-09-05T14:00:00+00:00,finished,3,1-1,Brentford,Fabio Carvalho,F,0,,0,0,0,,,0,0,0,0,0,0,0,0,0,0,0,0,0,0,0,0,0,0,0,0,0,0,0,0,0,0,0,0,0,0,2026-09-06T05:01:36.138033+00:00
Inglaterra Premier League 2026/2027,Brentford - Sunderland,2026-09-05T14:00:00+00:00,finished,3,1-1,Sunderland,Granit Xhaka,M,90,6.9,75,0,0,0.0523,0.153422,1,0,2,55,39,9,5,8,1,0,0,5,3,2,1,2,2,1,1,9,0,1,25,1,0,1,0,0,1,0,2026-09-06T05:01:36.137532+00:00
Inglaterra Premier League 2026/2027,Brentford - Sunderland,2026-09-05T14:00:00+00:00,finished,3,1-1,Brentford,Hákon Rafn Valdimarsson,G,0,,0,0,0,,,0,0,0,0,0,0,0,0,0,0,0,0,0,0,0,0,0,0,0,0,0,0,0,0,0,0,0,0,0,0,2026-09-06T05:01:36.138012+00:00
Inglaterra Premier League 2026/2027,Brentford - Sunderland,2026-09-05T14:00:00+00:00,finished,3,1-1,Brentford,Igor Thiago,F,90,6.7,35,0,0,0.4983,0.0146809,2,1,0,19,13,1,1,0,0,2,1,8,9,6,7,1,1,2,1,2,1,1,13,0,0,0,0,0,1,0,2026-09-06T05:01:36.137809+00:00
Inglaterra Premier League 2026/2027,Brentford - Sunderland,2026-09-05T14:00:00+00:00,finished,3,1-1,Brentford,Jaidon Anthony,M,45,6.1,29,0,0,0.0338,0.00599467,1,0,0,13,7,1,0,3,0,4,1,1,4,0,0,0,0,0,0,4,0,0,15,0,1,0,0,0,1,0,2026-09-06T05:01:36.137908+00:00
Inglaterra Premier League 2026/2027,Brentford - Sunderland,2026-09-05T14:00:00+00:00,finished,3,1-1,Brentford,Jannik Schuster,D,73,7.2,40,0,0,0.1211,0.0101852,1,0,0,27,22,6,4,0,0,0,0,4,6,4,4,0,0,8,0,0,0,0,5,0,1,0,0,0,1,0,2026-09-06T05:01:36.137890+00:00
Inglaterra Premier League 2026/2027,Brentford - Sunderland,2026-09-05T14:00:00+00:00,finished,3,1-1,Brentford,Keane Lewis-Potter,D,90,6.2,61,0,0,0.299,0.578984,3,0,3,28,25,2,2,8,3,3,1,2,11,0,4,1,0,4,0,1,1,1,14,0,4,0,0,0,1,0,2026-09-06T05:01:36.137839+00:00
Inglaterra Premier League 2026/2027,Brentford - Sunderland,2026-09-05T14:00:00+00:00,finished,3,1-1,Sunderland,Kevin Danso,D,90,7.4,58,0,0,,0.0815209,0,0,1,42,34,11,5,0,0,0,0,4,3,2,2,1,1,6,0,3,0,0,12,1,1,0,0,0,1,0,2026-09-06T05:01:36.137579+00:00
Inglaterra Premier League 2026/2027,Brentford - Sunderland,2026-09-05T14:00:00+00:00,finished,3,1-1,Brentford,Kevin Schade,M,90,6.7,42,0,0,,0.0885321,0,0,1,23,18,1,1,0,0,5,1,6,9,3,3,0,0,0,0,5,0,2,18,2,0,0,0,0,1,0,2026-09-06T05:01:36.137773+00:00
Inglaterra Premier League 2026/2027,Brentford - Sunderland,2026-09-05T14:00:00+00:00,finished,3,1-1,Brentford,Kristoffer Ajer,D,90,6.5,64,0,0,,0.00229176,0,0,0,55,43,5,2,0,0,1,0,7,6,6,4,0,0,4,1,2,0,0,13,2,1,0,0,0,1,0,2026-09-06T05:01:36.137855+00:00
Inglaterra Premier League 2026/2027,Brentford - Sunderland,2026-09-05T14:00:00+00:00,finished,3,1-1,Sunderland,Luke O'Nien,D,0,,0,0,0,,,0,0,0,0,0,0,0,0,0,0,0,0,0,0,0,0,0,0,0,0,0,0,0,0,0,0,0,0,0,0,2026-09-06T05:01:36.137719+00:00
Inglaterra Premier League 2026/2027,Brentford - Sunderland,2026-09-05T14:00:00+00:00,finished,3,1-1,Brentford,Mamadou Sangare,M,45,6.6,27,0,0,0.1367,0.0126939,2,0,0,18,16,1,0,0,0,1,1,3,4,0,1,1,1,0,1,3,0,0,4,1,3,1,0,0,0,0,2026-09-06T05:01:36.137976+00:00
Inglaterra Premier League 2026/2027,Brentford - Sunderland,2026-09-05T14:00:00+00:00,finished,3,1-1,Sunderland,Melker Ellborg,G,0,,0,0,0,,,0,0,0,0,0,0,0,0,0,0,0,0,0,0,0,0,0,0,0,0,0,0,0,0,0,0,0,0,0,0,2026-09-06T05:01:36.137700+00:00
Inglaterra Premier League 2026/2027,Brentford - Sunderland,2026-09-05T14:00:00+00:00,finished,3,1-1,Brentford,Michael Kayode,D,45,7.0,18,0,0,0.0336,0.00074164,1,0,0,6,6,0,0,1,0,0,0,1,3,1,0,0,0,3,1,2,1,0,2,0,2,0,0,0,0,0,2026-09-06T05:01:36.137939+00:00
Inglaterra Premier League 2026/2027,Brentford - Sunderland,2026-09-05T14:00:00+00:00,finished,3,1-1,Brentford,Mikkel Damsgaard,M,86,7.2,54,0,0,,0.218305,0,0,2,36,29,4,3,6,1,1,1,4,2,0,0,0,0,1,0,3,0,2,14,3,0,0,0,0,1,0,2026-09-06T05:01:36.137870+00:00
Inglaterra Premier League 2026/2027,Brentford - Sunderland,2026-09-05T14:00:00+00:00,finished,3,1-1,Brentford,Nathan Collins,D,17,6.7,4,0,0,,3.176e-05,0,0,0,2,1,1,0,0,0,0,0,1,0,0,0,0,0,1,0,0,0,0,1,1,0,0,0,0,0,0,2026-09-06T05:01:36.137994+00:00
Inglaterra Premier League 2026/2027,Brentford - Sunderland,2026-09-05T14:00:00+00:00,finished,3,1-1,Sunderland,Nilson Angulo,M,64,6.9,42,0,0,,0.0744148,0,0,0,26,21,0,0,2,0,2,1,5,2,0,0,2,1,0,0,3,0,1,12,2,0,0,0,0,1,0,2026-09-06T05:01:36.137648+00:00
Inglaterra Premier League 2026/2027,Brentford - Sunderland,2026-09-05T14:00:00+00:00,finished,3,1-1,Sunderland,Noah Sadiki,M,74,6.7,46,0,0,0.385,0.168159,3,2,1,36,34,3,2,0,0,0,0,2,3,0,1,0,0,0,0,3,1,1,4,2,1,1,0,0,1,0,2026-09-06T05:01:36.137620+00:00
Inglaterra Premier League 2026/2027,Brentford - Sunderland,2026-09-05T14:00:00+00:00,finished,3,1-1,Sunderland,Nordi Mukiele,D,90,6.8,54,0,0,,0.0153849,0,0,0,28,19,4,2,2,1,1,0,10,7,5,2,4,4,8,0,6,0,1,16,1,1,0,0,0,1,0,2026-09-06T05:01:36.137597+00:00
Inglaterra Premier League 2026/2027,Brentford - Sunderland,2026-09-05T14:00:00+00:00,finished,3,1-1,Sunderland,Omar Alderete,D,0,,0,0,0,,,0,0,0,0,0,0,0,0,0,0,0,0,0,0,0,0,0,0,0,0,0,0,0,0,0,0,0,0,0,0,2026-09-06T05:01:36.137734+00:00
Inglaterra Premier League 2026/2027,Brentford - Sunderland,2026-09-05T14:00:00+00:00,finished,3,1-1,Sunderland,Reinildo Mandava,D,90,6.8,59,0,0,,0.0102015,0,0,0,36,30,3,2,0,0,0,0,5,2,1,1,3,2,2,3,7,0,0,10,1,0,0,0,0,1,0,2026-09-06T05:01:36.137551+00:00
Inglaterra Premier League 2026/2027,Brentford - Sunderland,2026-09-05T14:00:00+00:00,finished,3,1-1,Brentford,Rico Henry,D,0,,0,0,0,,,0,0,0,0,0,0,0,0,0,0,0,0,0,0,0,0,0,0,0,0,0,0,0,0,0,0,0,0,0,0,2026-09-06T05:01:36.138019+00:00
Inglaterra Premier League 2026/2027,Brentford - Sunderland,2026-09-05T14:00:00+00:00,finished,3,1-1,Sunderland,Robin Roefs,G,90,7.3,47,0,0,,0.00144888,0,0,0,35,24,23,12,0,0,0,0,1,0,0,0,0,0,1,0,13,0,0,11,1,0,0,0,1,1,1,2026-09-06T05:01:36.137456+00:00
Inglaterra Premier League 2026/2027,Brentford - Sunderland,2026-09-05T14:00:00+00:00,finished,3,1-1,Sunderland,Thomas Meunier,D,64,6.0,20,0,0,0.1398,0.00060888,1,1,0,12,10,2,2,0,0,1,0,0,6,0,4,0,0,1,1,0,0,0,3,0,1,0,0,0,1,0,2026-09-06T05:01:36.137631+00:00
Inglaterra Premier League 2026/2027,Brentford - Sunderland,2026-09-05T14:00:00+00:00,finished,3,1-1,Sunderland,Trai Hume,D,26,7.2,13,0,0,,0.00038713,0,0,0,8,5,1,0,1,0,0,0,7,1,3,0,2,2,0,0,2,0,0,4,2,1,0,0,0,0,0,2026-09-06T05:01:36.137664+00:00
Inglaterra Premier League 2026/2027,Brentford - Sunderland,2026-09-05T14:00:00+00:00,finished,3,1-1,Brentford,Vitaly Janelt,M,90,7.9,61,1,0,0.103,0.0130157,1,1,0,50,40,3,2,0,0,0,0,4,5,0,1,4,3,0,2,4,0,0,10,0,3,1,0,0,1,0,2026-09-06T05:01:36.137790+00:00
Inglaterra Premier League 2026/2027,Brentford - Sunderland,2026-09-05T14:00:00+00:00,finished,3,1-1,Sunderland,Wilson Isidor,F,26,6.9,17,0,0,0.0895,0.00670699,2,1,0,6,3,0,0,0,0,2,1,5,4,1,2,0,0,0,0,2,0,0,6,3,2,0,0,0,0,0,2026-09-06T05:01:36.137657+00:00
Inglaterra Premier League 2026/2027,Brentford - Sunderland,2026-09-05T14:00:00+00:00,finished,3,1-1,Brentford,Yehor Yarmoliuk,M,45,6.5,37,0,0,0.021,0.0203139,1,0,0,29,25,1,1,0,0,0,0,2,3,1,0,1,1,1,0,3,1,0,6,0,2,1,0,0,1,0,2026-09-06T05:01:36.137921+00:00
Inglaterra Premier League 2026/2027,Brighton & Hove Albion - Leeds United,2026-09-05T14:00:00+00:00,finished,3,1-1,Brighton & Hove Albion,,,0,,0,0,0,,,0,0,0,0,0,0,0,0,0,0,0,0,0,0,0,0,0,0,0,0,0,0,0,0,0,0,0,0,0,0,2026-09-06T05:01:35.925773+00:00
Inglaterra Premier League 2026/2027,Brighton & Hove Albion - Leeds United,2026-09-05T14:00:00+00:00,finished,3,1-1,Leeds United,,,0,,0,0,0,,,0,0,0,0,0,0,0,0,0,0,0,0,0,0,0,0,0,0,0,0,0,0,0,0,0,0,0,0,0,0,2026-09-06T05:01:35.925874+00:00
Inglaterra Premier League 2026/2027,Brighton & Hove Albion - Leeds United,2026-09-05T14:00:00+00:00,finished,3,1-1,Leeds United,Anton Stach,M,90,6.6,40,0,0,0.3241,0.0968162,1,1,1,19,13,1,1,7,1,1,1,7,7,3,2,2,1,1,0,2,0,1,17,1,3,0,0,0,1,0,2026-09-06T05:01:35.925799+00:00
Inglaterra Premier League 2026/2027,Brighton & Hove Albion - Leeds United,2026-09-05T14:00:00+00:00,finished,3,1-1,Leeds United,Ao Tanaka,M,73,7.2,36,0,1,0.5287,0.00641308,2,0,1,23,18,1,0,0,0,1,1,4,0,0,0,2,1,3,0,3,0,0,5,1,1,0,0,0,1,0,2026-09-06T05:01:35.925825+00:00
Inglaterra Premier League 2026/2027,Brighton & Hove Albion - Leeds United,2026-09-05T14:00:00+00:00,finished,3,1-1,Brighton & Hove Albion,Bart Verbruggen,G,90,8.2,46,0,0,,0.204387,0,0,0,39,29,18,8,0,0,0,0,1,0,0,0,0,0,0,0,4,0,0,10,1,0,0,0,3,1,0,2026-09-06T05:01:35.925713+00:00
Inglaterra Premier League 2026/2027,Brighton & Hove Albion - Leeds United,2026-09-05T14:00:00+00:00,finished,3,1-1,Leeds United,Brenden Aaronson,M,28,6.3,11,0,0,,1.518e-05,0,0,0,4,2,0,0,0,0,1,0,3,4,1,0,0,0,0,0,0,0,0,5,2,0,0,0,0,1,0,2026-09-06T05:01:35.925846+00:00
Inglaterra Premier League 2026/2027,Brighton & Hove Albion - Leeds United,2026-09-05T14:00:00+00:00,finished,3,1-1,Brighton & Hove Albion,Charalampos Kostoulas,F,90,6.8,50,0,0,0.4411,0.0244563,3,1,0,22,19,1,1,1,0,7,3,9,13,3,5,1,0,3,1,4,2,3,15,2,1,0,0,0,1,0,2026-09-06T05:01:35.925678+00:00
Inglaterra Premier League 2026/2027,Brighton & Hove Albion - Leeds United,2026-09-05T14:00:00+00:00,finished,3,1-1,Brighton & Hove Albion,Chema Andrés,M,0,,0,0,0,,,0,0,0,0,0,0,0,0,0,0,0,0,0,0,0,0,0,0,0,0,0,0,0,0,0,0,0,0,0,0,2026-09-06T05:01:35.925777+00:00
Inglaterra Premier League 2026/2027,Brighton & Hove Albion - Leeds United,2026-09-05T14:00:00+00:00,finished,3,1-1,Brighton & Hove Albion,Costinha,D,12,7.1,16,0,0,,0.15793,0,0,1,10,9,2,2,1,1,1,1,3,2,0,1,0,0,1,0,0,0,0,1,2,1,0,0,0,0,0,2026-09-06T05:01:35.925761+00:00
Inglaterra Premier League 2026/2027,Brighton & Hove Albion - Leeds United,2026-09-05T14:00:00+00:00,finished,3,1-1,Leeds United,Daniel James,M,0,,0,0,0,,,0,0,0,0,0,0,0,0,0,0,0,0,0,0,0,0,0,0,0,0,0,0,0,0,0,0,0,0,0,0,2026-09-06T05:01:35.925859+00:00
Inglaterra Premier League 2026/2027,Brighton & Hove Albion - Leeds United,2026-09-05T14:00:00+00:00,finished,3,1-1,Brighton & Hove Albion,Diego Gómez,M,90,6.6,56,0,0,0.0658,0.0522811,4,1,2,30,20,1,1,4,1,3,0,6,9,3,3,3,2,1,1,4,2,1,20,0,2,0,0,0,1,0,2026-09-06T05:01:35.925707+00:00
Inglaterra Premier League 2026/2027,Brighton & Hove Albion - Leeds United,2026-09-05T14:00:00+00:00,finished,3,1-1,Leeds United,Dominic Calvert-Lewin,F,73,7.1,22,0,0,0.831,0.0606462,2,2,1,13,9,0,0,0,0,0,0,6,6,4,3,0,0,1,0,2,0,0,6,2,3,1,0,0,1,0,2026-09-06T05:01:35.925829+00:00
Inglaterra Premier League 2026/2027,Brighton & Hove Albion - Leeds United,2026-09-05T14:00:00+00:00,finished,3,1-1,Leeds United,Ethan Ampadu,M,90,6.6,43,0,0,,0.00954265,0,0,0,26,17,4,0,1,0,0,0,5,4,1,2,4,2,2,2,1,0,0,15,0,1,0,0,0,1,0,2026-09-06T05:01:35.925821+00:00
Inglaterra Premier League 2026/2027,Brighton & Hove Albion - Leeds United,2026-09-05T14:00:00+00:00,finished,3,1-1,Brighton & Hove Albion,Ferdi Kadıoğlu,D,78,6.4,45,0,0,0.0992,0.0108468,2,1,1,27,22,2,0,2,0,0,0,2,3,0,1,1,1,3,1,2,1,0,8,1,1,0,0,0,1,0,2026-09-06T05:01:35.925747+00:00
Inglaterra Premier League 2026/2027,Brighton & Hove Albion - Leeds United,2026-09-05T14:00:00+00:00,finished,3,1-1,Leeds United,Gabriel Gudmundsson,D,90,6.8,49,0,0,,0.00160348,0,0,0,25,15,6,2,2,0,3,1,8,4,2,0,3,1,2,0,9,0,1,22,2,1,0,0,0,1,0,2026-09-06T05:01:35.925816+00:00
Inglaterra Premier League 2026/2027,Brighton & Hove Albion - Leeds United,2026-09-05T14:00:00+00:00,finished,3,1-1,Leeds United,Harry Wilson,M,17,6.2,7,0,0,,0.00423911,0,0,2,4,3,1,0,1,0,0,0,0,4,0,1,0,0,0,0,1,0,0,2,0,2,1,0,0,0,0,2026-09-06T05:01:35.925855+00:00
Inglaterra Premier League 2026/2027,Brighton & Hove Albion - Leeds United,2026-09-05T14:00:00+00:00,finished,3,1-1,Brighton & Hove Albion,Ibrahim Osman,M,0,,0,0,0,,,0,0,0,0,0,0,0,0,0,0,0,0,0,0,0,0,0,0,0,0,0,0,0,0,0,0,0,0,0,0,2026-09-06T05:01:35.925782+00:00
Inglaterra Premier League 2026/2027,Brighton & Hove Albion - Leeds United,2026-09-05T14:00:00+00:00,finished,3,1-1,Leeds United,Jaka Bijol,D,29,6.6,8,0,0,,1.792e-05,0,0,0,2,2,0,0,0,0,0,0,2,1,0,1,2,1,1,0,0,0,0,0,0,0,0,0,0,1,0,2026-09-06T05:01:35.925842+00:00
Inglaterra Premier League 2026/2027,Brighton & Hove Albion - Leeds United,2026-09-05T14:00:00+00:00,finished,3,1-1,Leeds United,James Justin,D,90,6.6,41,0,0,0.1268,0.00232977,2,1,0,15,13,1,0,2,0,0,0,6,3,2,1,3,2,5,2,4,0,0,8,1,2,0,0,0,1,0,2026-09-06T05:01:35.925803+00:00
Inglaterra Premier League 2026/2027,Brighton & Hove Albion - Leeds United,2026-09-05T14:00:00+00:00,finished,3,1-1,Leeds United,James Trafford,G,90,6.6,47,0,0,,0.00158042,0,0,0,31,12,24,6,0,0,0,0,0,0,0,0,0,0,2,0,11,0,0,19,0,0,0,0,4,1,2,2026-09-06T05:01:35.925794+00:00
Inglaterra Premier League 2026/2027,Brighton & Hove Albion - Leeds United,2026-09-05T14:00:00+00:00,finished,3,1-1,Brighton & Hove Albion,Jason Steele,G,0,,0,0,0,,,0,0,0,0,0,0,0,0,0,0,0,0,0,0,0,0,0,0,0,0,0,0,0,0,0,0,0,0,0,0,2026-09-06T05:01:35.925769+00:00
Inglaterra Premier League 2026/2027,Brighton & Hove Albion - Leeds United,2026-09-05T14:00:00+00:00,finished,3,1-1,Leeds United,Jayden Bogle,D,61,6.9,27,1,0,0.9041,0.0218049,1,1,0,12,7,2,0,0,0,1,1,2,2,0,0,0,0,1,0,0,0,1,11,1,1,1,0,0,0,0,2026-09-06T05:01:35.925838+00:00
Inglaterra Premier League 2026/2027,Brighton & Hove Albion - Leeds United,2026-09-05T14:00:00+00:00,finished,3,1-1,Brighton & Hove Albion,Lewis Dunk,D,90,7.8,95,0,0,,0.0167275,0,0,0,80,70,5,1,0,0,0,0,6,2,6,0,0,0,12,0,6,0,0,10,0,1,0,0,0,1,0,2026-09-06T05:01:35.925718+00:00
Inglaterra Premier League 2026/2027,Brighton & Hove Albion - Leeds United,2026-09-05T14:00:00+00:00,finished,3,1-1,Brighton & Hove Albion,Luka Vušković,D,90,8.0,82,1,0,0.1856,0.00977277,2,1,0,61,54,9,5,1,0,1,1,6,5,1,3,2,2,6,1,4,1,0,10,2,1,0,0,0,1,0,2026-09-06T05:01:35.925738+00:00
Inglaterra Premier League 2026/2027,Brighton & Hove Albion - Leeds United,2026-09-05T14:00:00+00:00,finished,3,1-1,Leeds United,Lukas Nmecha,F,17,6.5,5,0,0,0.1066,0.136166,2,0,0,2,2,0,0,0,0,1,0,0,2,0,1,0,0,0,0,0,1,0,1,0,0,0,0,0,0,0,2026-09-06T05:01:35.925850+00:00
Inglaterra Premier League 2026/2027,Brighton & Hove Albion - Leeds United,2026-09-05T14:00:00+00:00,finished,3,1-1,Brighton & Hove Albion,Malick Yalcouyé,M,90,7.2,54,0,0,0.0504,0.087603,1,0,2,34,29,0,0,2,0,2,1,5,1,1,0,0,0,2,0,3,0,0,13,3,0,0,0,0,1,0,2026-09-06T05:01:35.925733+00:00
Inglaterra Premier League 2026/2027,Brighton & Hove Albion - Leeds United,2026-09-05T14:00:00+00:00,finished,3,1-1,Brighton & Hove Albion,Matt O'Riley,M,0,,0,0,0,,,0,0,0,0,0,0,0,0,0,0,0,0,0,0,0,0,0,0,0,0,0,0,0,0,0,0,0,0,0,0,2026-09-06T05:01:35.925786+00:00
Inglaterra Premier League 2026/2027,Brighton & Hove Albion - Leeds United,2026-09-05T14:00:00+00:00,finished,3,1-1,Brighton & Hove Albion,Maxim De Cuyper,D,77,6.8,48,0,1,,0.135216,0,0,1,28,25,3,2,8,2,1,0,2,5,0,1,1,0,2,1,4,0,0,12,1,1,1,0,0,1,0,2026-09-06T05:01:35.925752+00:00
Inglaterra Premier League 2026/2027,Brighton & Hove Albion - Leeds United,2026-09-05T14:00:00+00:00,finished,3,1-1,Leeds United,Melvin Bard,D,0,,0,0,0,,,0,0,0,0,0,0,0,0,0,0,0,0,0,0,0,0,0,0,0,0,0,0,0,0,0,0,0,0,0,0,2026-09-06T05:01:35.925867+00:00
Inglaterra Premier League 2026/2027,Brighton & Hove Albion - Leeds United,2026-09-05T14:00:00+00:00,finished,3,1-1,Leeds United,Michael Zetterer,G,0,,0,0,0,,,0,0,0,0,0,0,0,0,0,0,0,0,0,0,0,0,0,0,0,0,0,0,0,0,0,0,0,0,0,0,2026-09-06T05:01:35.925863+00:00
Inglaterra Premier League 2026/2027,Brighton & Hove Albion - Leeds United,2026-09-05T14:00:00+00:00,finished,3,1-1,Brighton & Hove Albion,Nehemiah Oriola,F,0,,0,0,0,,,0,0,0,0,0,0,0,0,0,0,0,0,0,0,0,0,0,0,0,0,0,0,0,0,0,0,0,0,0,0,2026-09-06T05:01:35.925790+00:00
Inglaterra Premier League 2026/2027,Brighton & Hove Albion - Leeds United,2026-09-05T14:00:00+00:00,finished,3,1-1,Leeds United,Nico Elvedi,D,90,7.0,34,0,0,,0.441889,0,0,2,19,17,1,1,0,0,0,0,4,6,4,3,0,0,7,1,0,0,0,4,0,1,0,0,0,1,0,2026-09-06T05:01:35.925808+00:00
Inglaterra Premier League 2026/2027,Brighton & Hove Albion - Leeds United,2026-09-05T14:00:00+00:00,finished,3,1-1,Leeds United,Noah Okafor,F,62,6.7,18,0,0,,0.0134946,0,0,0,7,3,0,0,0,0,4,3,4,2,0,0,0,0,0,0,0,0,0,10,1,1,0,0,0,0,0,2026-09-06T05:01:35.925834+00:00
Inglaterra Premier League 2026/2027,Brighton & Hove Albion - Leeds United,2026-09-05T14:00:00+00:00,finished,3,1-1,Brighton & Hove Albion,Olivier Boscagli,D,89,7.5,84,0,0,,0.420393,0,0,5,59,46,7,3,8,2,0,0,5,4,3,2,0,0,4,0,5,0,0,21,2,1,0,0,0,1,0,2026-09-06T05:01:35.925742+00:00
Inglaterra Premier League 2026/2027,Brighton & Hove Albion - Leeds United,2026-09-05T14:00:00+00:00,finished,3,1-1,Brighton & Hove Albion,Pascal Groß,M,90,5.9,71,0,0,0.6096,0.034303,5,0,1,47,39,5,1,7,0,0,0,1,6,1,1,0,0,0,2,2,2,2,20,0,2,1,0,0,1,0,2026-09-06T05:01:35.925723+00:00
Inglaterra Premier League 2026/2027,Brighton & Hove Albion - Leeds United,2026-09-05T14:00:00+00:00,finished,3,1-1,Brighton & Hove Albion,Pascal Struijk,D,1,,2,0,0,,0.00010681,0,0,0,2,2,0,0,0,0,0,0,0,0,0,0,0,0,0,0,0,0,0,0,0,0,0,0,0,0,0,2026-09-06T05:01:35.925765+00:00
Inglaterra Premier League 2026/2027,Brighton & Hove Albion - Leeds United,2026-09-05T14:00:00+00:00,finished,3,1-1,Brighton & Hove Albion,Promise David,F,13,6.0,5,0,0,0.2717,,1,0,0,0,0,0,0,0,0,1,0,0,3,0,0,0,0,0,0,0,0,0,4,0,2,1,0,0,0,0,2026-09-06T05:01:35.925756+00:00
Inglaterra Premier League 2026/2027,Brighton & Hove Albion - Leeds United,2026-09-05T14:00:00+00:00,finished,3,1-1,Leeds United,Sean Longstaff,M,0,,0,0,0,,,0,0,0,0,0,0,0,0,0,0,0,0,0,0,0,0,0,0,0,0,0,0,0,0,0,0,0,0,0,0,2026-09-06T05:01:35.925870+00:00
Inglaterra Premier League 2026/2027,Brighton & Hove Albion - Leeds United,2026-09-05T14:00:00+00:00,finished,3,1-1,Leeds United,Tarik Muharemović,D,90,6.9,59,0,0,,0.00658112,0,0,0,38,27,7,3,0,0,0,0,6,5,3,4,1,0,9,2,2,0,0,12,2,0,0,0,0,1,0,2026-09-06T05:01:35.925812+00:00
Inglaterra Premier League 2026/2027,Brighton & Hove Albion - Leeds United,2026-09-05T14:00:00+00:00,finished,3,1-1,Brighton & Hove Albion,Yasin Ayari,M,90,6.9,68,0,0,0.1403,0.0354704,2,1,1,50,46,2,2,0,0,4,3,4,4,0,3,0,0,1,0,2,0,0,7,1,0,0,0,0,1,0,2026-09-06T05:01:35.925728+00:00
Inglaterra Premier League 2026/2027,Fulham - Crystal Palace,2026-09-05T14:00:00+00:00,finished,3,2-3,Fulham,,,0,,0,0,0,,,0,0,0,0,0,0,0,0,0,0,0,0,0,0,0,0,0,0,0,0,0,0,0,0,0,0,0,0,0,0,2026-09-06T05:01:35.794620+00:00
Inglaterra Premier League 2026/2027,Fulham - Crystal Palace,2026-09-05T14:00:00+00:00,finished,3,2-3,Crystal Palace,,,74,6.4,27,0,0,0.017,0.00216907,1,0,0,19,12,3,0,0,0,0,0,3,4,0,1,1,1,0,1,2,0,1,8,2,2,0,0,0,2,0,2026-09-06T05:01:35.794708+00:00
Inglaterra Premier League 2026/2027,Fulham - Crystal Palace,2026-09-05T14:00:00+00:00,finished,3,2-3,Crystal Palace,,,16,7.7,7,1,0,0.1426,0.0006573,1,1,0,5,5,0,0,1,0,0,0,0,0,0,0,0,0,0,0,0,0,0,1,0,0,0,0,0,0,0,2026-09-06T05:01:35.794728+00:00
Inglaterra Premier League 2026/2027,Fulham - Crystal Palace,2026-09-05T14:00:00+00:00,finished,3,2-3,Crystal Palace,,,1,,4,0,0,,0.0002685,0,0,0,2,1,0,0,0,0,0,0,1,0,0,0,1,0,0,0,0,0,0,1,0,0,0,0,0,0,0,2026-09-06T05:01:35.794748+00:00
Inglaterra Premier League 2026/2027,Fulham - Crystal Palace,2026-09-05T14:00:00+00:00,finished,3,2-3,Crystal Palace,,,0,,0,0,0,,,0,0,0,0,0,0,0,0,0,0,0,0,0,0,0,0,0,0,0,0,0,0,0,0,0,0,0,0,0,0,2026-09-06T05:01:35.794755+00:00
Inglaterra Premier League 2026/2027,Fulham - Crystal Palace,2026-09-05T14:00:00+00:00,finished,3,2-3,Crystal Palace,,,0,,0,0,0,,,0,0,0,0,0,0,0,0,0,0,0,0,0,0,0,0,0,0,0,0,0,0,0,0,0,0,0,0,0,0,2026-09-06T05:01:35.794776+00:00
Inglaterra Premier League 2026/2027,Fulham - Crystal Palace,2026-09-05T14:00:00+00:00,finished,3,2-3,Crystal Palace,Adam Wharton,M,90,7.1,40,0,0,,0.00606178,0,0,0,22,15,2,0,0,0,0,0,4,2,0,0,2,0,5,1,0,0,1,12,2,0,0,0,0,2,0,2026-09-06T05:01:35.794681+00:00
Inglaterra Premier League 2026/2027,Fulham - Crystal Palace,2026-09-05T14:00:00+00:00,finished,3,2-3,Fulham,Alex Iwobi,M,83,7.5,85,0,0,0.036,0.423404,1,0,1,69,63,9,8,3,1,0,0,2,2,0,0,1,0,0,0,3,1,0,14,1,1,0,0,0,3,0,2026-09-06T05:01:35.794552+00:00
Inglaterra Premier League 2026/2027,Fulham - Crystal Palace,2026-09-05T14:00:00+00:00,finished,3,2-3,Crystal Palace,Anan Khalaili,M,90,7.1,60,0,0,0.7169,0.00682981,2,0,0,29,23,4,2,0,0,3,1,7,5,3,0,3,2,4,2,3,1,0,11,0,0,0,0,0,2,0,2026-09-06T05:01:35.794646+00:00
Inglaterra Premier League 2026/2027,Fulham - Crystal Palace,2026-09-05T14:00:00+00:00,finished,3,2-3,Fulham,Antonee Robinson,D,79,6.3,71,0,0,0.0791,0.104366,2,0,2,49,42,4,3,3,0,2,1,4,2,0,1,2,2,3,0,5,1,0,14,1,0,0,0,0,3,0,2026-09-06T05:01:35.794559+00:00
Inglaterra Premier League 2026/2027,Fulham - Crystal Palace,2026-09-05T14:00:00+00:00,finished,3,2-3,Crystal Palace,Axel Disasi,D,90,7.5,72,0,0,,0.0434212,0,0,1,55,48,6,3,0,0,1,1,8,5,3,2,4,2,3,4,8,0,1,9,0,0,0,0,0,2,0,2026-09-06T05:01:35.794667+00:00
Inglaterra Premier League 2026/2027,Fulham - Crystal Palace,2026-09-05T14:00:00+00:00,finished,3,2-3,Fulham,Benjamin Lecomte,G,0,,0,0,0,,,0,0,0,0,0,0,0,0,0,0,0,0,0,0,0,0,0,0,0,0,0,0,0,0,0,0,0,0,0,0,2026-09-06T05:01:35.794634+00:00
Inglaterra Premier League 2026/2027,Fulham - Crystal Palace,2026-09-05T14:00:00+00:00,finished,3,2-3,Fulham,Bernd Leno,G,90,6.6,48,0,0,,0.00243038,0,0,0,42,39,5,2,0,0,0,0,0,0,0,0,0,0,0,0,8,0,0,3,0,0,0,0,2,3,0,2026-09-06T05:01:35.794521+00:00
Inglaterra Premier League 2026/2027,Fulham - Crystal Palace,2026-09-05T14:00:00+00:00,finished,3,2-3,Fulham,Calvin Bassey,D,90,6.2,102,0,0,,0.0395232,0,0,0,95,87,8,4,0,0,1,0,3,4,0,2,1,0,1,1,2,0,0,9,2,1,0,0,0,3,0,2026-09-06T05:01:35.794544+00:00
Inglaterra Premier League 2026/2027,Fulham - Crystal Palace,2026-09-05T14:00:00+00:00,finished,3,2-3,Crystal Palace,Chris Richards,D,90,6.8,55,0,0,0.041,0.00245502,1,1,0,39,33,7,2,0,0,0,0,3,4,1,2,2,1,6,0,4,0,0,6,0,1,0,0,0,2,0,2026-09-06T05:01:35.794660+00:00
Inglaterra Premier League 2026/2027,Fulham - Crystal Palace,2026-09-05T14:00:00+00:00,finished,3,2-3,Fulham,César Palacios,M,62,6.7,40,1,0,0.8199,0.0154413,5,2,1,28,26,1,1,0,0,3,1,2,3,1,0,0,0,0,0,0,1,0,6,0,1,0,0,0,2,0,2026-09-06T05:01:35.794579+00:00
Inglaterra Premier League 2026/2027,Fulham - Crystal Palace,2026-09-05T14:00:00+00:00,finished,3,2-3,Crystal Palace,Daichi Kamada,M,89,6.8,36,0,1,,0.0080782,0,0,2,30,22,2,2,0,0,0,0,1,0,0,0,0,0,0,0,4,0,0,10,1,0,0,0,0,2,0,2026-09-06T05:01:35.794688+00:00
Inglaterra Premier League 2026/2027,Fulham - Crystal Palace,2026-09-05T14:00:00+00:00,finished,3,2-3,Crystal Palace,Dean Henderson,G,90,6.8,46,0,0,,0.00094096,0,0,0,36,29,14,7,0,0,0,0,0,0,0,0,0,0,1,0,7,0,0,8,0,0,0,0,5,2,1,2026-09-06T05:01:35.794654+00:00
Inglaterra Premier League 2026/2027,Fulham - Crystal Palace,2026-09-05T14:00:00+00:00,finished,3,2-3,Crystal Palace,Eddie Nketiah,F,45,6.7,15,0,1,0.1368,0.00187694,1,1,1,8,5,0,0,0,0,2,0,2,5,1,2,1,1,0,0,1,0,0,6,0,1,0,0,0,2,0,2026-09-06T05:01:35.794722+00:00
Inglaterra Premier League 2026/2027,Fulham - Crystal Palace,2026-09-05T14:00:00+00:00,finished,3,2-3,Fulham,Emile Smith Rowe,M,11,6.3,9,0,0,,0.00292096,0,0,0,6,4,0,0,0,0,2,0,0,3,0,1,0,0,0,0,0,0,0,4,0,0,0,0,0,0,0,2026-09-06T05:01:35.794600+00:00
Inglaterra Premier League 2026/2027,Fulham - Crystal Palace,2026-09-05T14:00:00+00:00,finished,3,2-3,Fulham,Gonzalo García,F,90,6.8,42,0,0,0.4426,0.162816,5,0,1,22,18,0,0,2,0,4,2,7,8,3,3,1,1,2,1,3,3,1,11,1,1,0,0,0,3,0,2026-09-06T05:01:35.794530+00:00
Inglaterra Premier League 2026/2027,Fulham - Crystal Palace,2026-09-05T14:00:00+00:00,finished,3,2-3,Fulham,Hugo Larsson,M,11,6.6,20,0,0,,0.364137,0,0,0,17,14,0,0,0,0,0,0,1,1,0,0,1,0,0,0,0,0,0,3,0,0,0,0,0,0,0,2026-09-06T05:01:35.794613+00:00
Inglaterra Premier League 2026/2027,Fulham - Crystal Palace,2026-09-05T14:00:00+00:00,finished,3,2-3,Crystal Palace,Jaydee Canvot,D,90,6.1,62,0,0,,0.00256115,0,0,0,49,44,6,4,0,0,0,0,3,2,1,0,2,2,4,4,2,0,0,7,0,0,0,0,0,2,0,2026-09-06T05:01:35.794674+00:00
Inglaterra Premier League 2026/2027,Fulham - Crystal Palace,2026-09-05T14:00:00+00:00,finished,3,2-3,Fulham,Joachim Andersen,D,90,7.2,121,0,0,,0.0643802,0,0,2,108,97,12,8,0,0,0,0,5,2,2,1,2,1,4,1,6,0,1,13,1,0,0,0,0,3,0,2026-09-06T05:01:35.794537+00:00
Inglaterra Premier League 2026/2027,Fulham - Crystal Palace,2026-09-05T14:00:00+00:00,finished,3,2-3,Fulham,Joshua King,M,90,8.2,46,1,0,0.4092,0.227783,2,1,2,34,31,1,1,1,0,3,2,4,2,0,0,1,1,0,1,5,1,1,7,1,0,0,0,0,3,0,2026-09-06T05:01:35.794508+00:00
Inglaterra Premier League 2026/2027,Fulham - Crystal Palace,2026-09-05T14:00:00+00:00,finished,3,2-3,Crystal Palace,Jørgen Strand Larsen,F,45,6.7,21,0,0,,0.0020828,0,0,0,8,5,0,0,0,0,1,1,5,3,4,0,0,0,1,0,3,0,2,10,0,1,0,0,0,0,0,2026-09-06T05:01:35.794715+00:00
Inglaterra Premier League 2026/2027,Fulham - Crystal Palace,2026-09-05T14:00:00+00:00,finished,3,2-3,Fulham,Kevin,M,0,,0,0,0,,,0,0,0,0,0,0,0,0,0,0,0,0,0,0,0,0,0,0,0,0,0,0,0,0,0,0,0,0,0,0,2026-09-06T05:01:35.794640+00:00
Inglaterra Premier League 2026/2027,Fulham - Crystal Palace,2026-09-05T14:00:00+00:00,finished,3,2-3,Fulham,Manuel Ángel Morán,M,0,,0,0,0,,,0,0,0,0,0,0,0,0,0,0,0,0,0,0,0,0,0,0,0,0,0,0,0,0,0,0,0,0,0,0,2026-09-06T05:01:35.794627+00:00
Inglaterra Premier League 2026/2027,Fulham - Crystal Palace,2026-09-05T14:00:00+00:00,finished,3,2-3,Fulham,Oscar Bobb,M,79,7.4,41,0,0,0.2551,0.542931,3,1,4,24,18,0,0,4,2,5,2,2,3,0,0,0,0,0,1,3,1,0,11,0,0,0,0,0,3,0,2026-09-06T05:01:35.794572+00:00
Inglaterra Premier League 2026/2027,Fulham - Crystal Palace,2026-09-05T14:00:00+00:00,finished,3,2-3,Fulham,Rodrigo Muniz,F,12,6.1,8,0,0,0.3148,0.00022524,2,1,0,3,2,0,0,0,0,0,0,2,2,2,2,0,0,0,0,0,0,0,2,0,0,0,0,0,0,0,2026-09-06T05:01:35.794593+00:00
Inglaterra Premier League 2026/2027,Fulham - Crystal Palace,2026-09-05T14:00:00+00:00,finished,3,2-3,Fulham,Ryan Sessegnon,D,11,6.7,24,0,0,0.0791,0.0910905,1,0,1,16,14,1,1,1,0,2,0,0,3,0,1,0,0,0,1,1,0,0,6,0,0,0,0,0,0,0,2026-09-06T05:01:35.794607+00:00
Inglaterra Premier League 2026/2027,Fulham - Crystal Palace,2026-09-05T14:00:00+00:00,finished,3,2-3,Fulham,Sander Berge,M,28,6.9,36,0,0,,0.101217,0,0,0,34,34,0,0,0,0,0,0,0,0,0,0,0,0,0,0,2,0,0,1,0,0,0,0,0,1,0,2026-09-06T05:01:35.794586+00:00
Inglaterra Premier League 2026/2027,Fulham - Crystal Palace,2026-09-05T14:00:00+00:00,finished,3,2-3,Fulham,Shea Charles,M,79,6.7,64,0,0,,0.0868809,0,0,3,51,46,2,1,0,0,1,1,2,3,0,2,1,0,0,3,7,0,0,8,0,0,0,0,0,3,0,2026-09-06T05:01:35.794565+00:00
Inglaterra Premier League 2026/2027,Fulham - Crystal Palace,2026-09-05T14:00:00+00:00,finished,3,2-3,Crystal Palace,Takehiro Tomiyasu,D,0,,0,0,0,,,0,0,0,0,0,0,0,0,0,0,0,0,0,0,0,0,0,0,0,0,0,0,0,0,0,0,0,0,0,0,2026-09-06T05:01:35.794769+00:00
Inglaterra Premier League 2026/2027,Fulham - Crystal Palace,2026-09-05T14:00:00+00:00,finished,3,2-3,Fulham,Timothy Castagne,D,90,6.6,96,0,0,0.5837,0.186011,3,1,2,72,61,6,2,2,0,1,0,2,3,0,0,2,1,2,1,6,0,0,14,0,2,0,0,0,3,0,2026-09-06T05:01:35.794453+00:00
Inglaterra Premier League 2026/2027,Fulham - Crystal Palace,2026-09-05T14:00:00+00:00,finished,3,2-3,Crystal Palace,Tyrick Mitchell,M,74,8.7,48,2,0,0.7394,0.008001,3,2,1,20,10,1,0,3,0,2,1,3,3,0,0,2,1,3,1,2,1,1,20,0,0,0,0,0,2,0,2026-09-06T05:01:35.794701+00:00
Inglaterra Premier League 2026/2027,Fulham - Crystal Palace,2026-09-05T14:00:00+00:00,finished,3,2-3,Crystal Palace,Walter Benítez,G,0,,0,0,0,,,0,0,0,0,0,0,0,0,0,0,0,0,0,0,0,0,0,0,0,0,0,0,0,0,0,0,0,0,0,0,2026-09-06T05:01:35.794762+00:00
Inglaterra Premier League 2026/2027,Fulham - Crystal Palace,2026-09-05T14:00:00+00:00,finished,3,2-3,Crystal Palace,Will Hughes,M,16,6.7,7,0,0,,0.0033318,0,0,0,4,3,0,0,0,0,0,0,0,0,0,0,0,0,2,0,1,0,0,1,0,0,0,0,0,0,0,2026-09-06T05:01:35.794735+00:00
Inglaterra Premier League 2026/2027,Fulham - Crystal Palace,2026-09-05T14:00:00+00:00,finished,3,2-3,Crystal Palace,Yéremy Pino,F,89,7.1,52,0,0,0.175,0.304578,1,0,3,38,31,4,3,3,0,1,0,3,2,1,0,1,0,1,0,3,0,0,16,1,1,0,0,0,2,0,2026-09-06T05:01:35.794694+00:00
Inglaterra Premier League 2026/2027,Fulham - Crystal Palace,2026-09-05T14:00:00+00:00,finished,3,2-3,Crystal Palace,Óscar Mingueza,M,1,,7,0,0,,0.00043498,0,0,0,3,2,1,0,0,0,0,0,1,2,0,1,1,1,0,0,1,0,0,2,0,1,0,0,0,0,0,2026-09-06T05:01:35.794742+00:00
Inglaterra Premier League 2026/2027,Manchester City - Coventry City,2026-09-05T14:00:00+00:00,finished,3,1-0,Manchester City,,,76,7.4,89,0,0,0.094,0.119575,2,0,1,73,66,1,1,3,0,1,1,5,2,1,1,1,1,1,0,1,2,0,13,2,0,0,0,0,0,0,2026-09-06T05:01:35.491061+00:00
Inglaterra Premier League 2026/2027,Manchester City - Coventry City,2026-09-05T14:00:00+00:00,finished,3,1-0,Manchester City,,,0,,0,0,0,,,0,0,0,0,0,0,0,0,0,0,0,0,0,0,0,0,0,0,0,0,0,0,0,0,0,0,0,0,0,0,2026-09-06T05:01:35.491137+00:00
Inglaterra Premier League 2026/2027,Manchester City - Coventry City,2026-09-05T14:00:00+00:00,finished,3,1-0,Coventry City,,,96,7.5,30,0,0,0.1085,6.894e-05,1,0,0,12,9,2,0,0,0,1,0,1,4,0,2,1,1,9,2,2,0,0,6,0,1,1,0,0,1,0,2026-09-06T05:01:35.491158+00:00
Inglaterra Premier League 2026/2027,Manchester City - Coventry City,2026-09-05T14:00:00+00:00,finished,3,1-0,Manchester City,Abdukodir Khusanov,D,96,7.0,91,0,0,,0.016109,0,0,0,79,75,1,0,0,0,0,0,4,3,2,0,1,0,3,1,4,0,0,4,1,2,1,0,0,0,0,2026-09-06T05:01:35.491032+00:00
Inglaterra Premier League 2026/2027,Manchester City - Coventry City,2026-09-05T14:00:00+00:00,finished,3,1-0,Manchester City,Antoine Semenyo,M,96,6.8,52,0,1,0.0542,0.344202,2,0,3,32,29,1,0,3,2,2,0,1,5,0,0,1,1,0,0,3,1,2,11,0,1,0,0,0,0,0,2026-09-06T05:01:35.491052+00:00
Inglaterra Premier League 2026/2027,Manchester City - Coventry City,2026-09-05T14:00:00+00:00,finished,3,1-0,Coventry City,Aurèle Amenda,D,96,6.5,35,0,0,,0.355627,0,0,0,28,22,3,1,0,0,0,0,3,4,2,1,1,1,1,1,6,0,1,9,0,2,0,0,0,1,0,2026-09-06T05:01:35.491148+00:00
Inglaterra Premier League 2026/2027,Manchester City - Coventry City,2026-09-05T14:00:00+00:00,finished,3,1-0,Manchester City,Ayyoub Bouaddi,M,20,6.8,24,0,0,,0.00226053,0,0,0,20,16,3,1,0,0,1,1,1,0,0,0,0,0,0,0,3,0,0,4,0,0,0,0,0,0,0,2026-09-06T05:01:35.491076+00:00
Inglaterra Premier League 2026/2027,Manchester City - Coventry City,2026-09-05T14:00:00+00:00,finished,3,1-0,Coventry City,Bobby Thomas,D,96,7.9,42,0,0,0.192,0.167069,5,0,3,21,11,6,0,0,0,0,0,7,3,5,2,1,1,6,4,3,2,0,10,1,0,0,0,0,1,0,2026-09-06T05:01:35.491153+00:00
Inglaterra Premier League 2026/2027,Manchester City - Coventry City,2026-09-05T14:00:00+00:00,finished,3,1-0,Coventry City,Brandon Thomas-Asante,F,25,6.6,9,0,0,,0.00077268,0,0,0,4,2,0,0,0,0,1,1,3,2,0,2,0,0,0,1,2,0,0,3,2,0,0,0,0,0,0,2026-09-06T05:01:35.491207+00:00
Inglaterra Premier League 2026/2027,Manchester City - Coventry City,2026-09-05T14:00:00+00:00,finished,3,1-0,Coventry City,Caleb Yirenkyi,M,33,6.3,18,0,0,,0.00052998,0,0,0,11,4,3,0,1,0,0,0,2,5,1,2,0,0,0,2,4,0,1,10,1,1,0,0,0,0,0,2026-09-06T05:01:35.491198+00:00
Inglaterra Premier League 2026/2027,Manchester City - Coventry City,2026-09-05T14:00:00+00:00,finished,3,1-0,Coventry City,Carl Rushworth,G,96,7.2,41,0,0,,0.00336775,0,0,0,28,9,27,9,0,0,1,1,2,0,1,0,0,0,1,0,9,0,0,19,0,0,0,0,2,1,1,2026-09-06T05:01:35.491143+00:00
Inglaterra Premier League 2026/2027,Manchester City - Coventry City,2026-09-05T14:00:00+00:00,finished,3,1-0,Coventry City,Daniel Bentley,G,0,,0,0,0,,,0,0,0,0,0,0,0,0,0,0,0,0,0,0,0,0,0,0,0,0,0,0,0,0,0,0,0,0,0,0,2026-09-06T05:01:35.491215+00:00
Inglaterra Premier League 2026/2027,Manchester City - Coventry City,2026-09-05T14:00:00+00:00,finished,3,1-0,Manchester City,Elliot Anderson,M,96,8.6,176,0,0,0.0219,0.173533,1,0,1,155,143,8,5,4,1,1,1,7,4,1,4,2,2,2,2,6,0,0,18,3,0,0,0,0,0,0,2026-09-06T05:01:35.490992+00:00
Inglaterra Premier League 2026/2027,Manchester City - Coventry City,2026-09-05T14:00:00+00:00,finished,3,1-0,Coventry City,Ellis Simms,F,25,6.5,4,0,0,0.2792,,1,1,1,1,0,0,0,0,0,0,0,1,3,1,3,0,0,0,0,0,0,0,2,0,0,0,0,0,0,0,2026-09-06T05:01:35.491203+00:00
Inglaterra Premier League 2026/2027,Manchester City - Coventry City,2026-09-05T14:00:00+00:00,finished,3,1-0,Coventry City,Ephron Mason-Clark,M,71,6.4,17,0,0,,0.00194883,0,0,0,8,6,1,0,1,0,1,0,2,6,1,1,0,0,2,0,3,0,1,7,1,3,0,0,0,1,0,2026-09-06T05:01:35.491176+00:00
Inglaterra Premier League 2026/2027,Manchester City - Coventry City,2026-09-05T14:00:00+00:00,finished,3,1-0,Manchester City,Erling Haaland,F,96,8.5,29,1,0,0.8968,0.316397,4,3,1,13,11,0,0,0,0,2,1,4,3,2,0,0,0,5,0,2,0,0,5,1,1,0,0,0,0,0,2026-09-06T05:01:35.491019+00:00
Inglaterra Premier League 2026/2027,Manchester City - Coventry City,2026-09-05T14:00:00+00:00,finished,3,1-0,Coventry City,Frank Onyeka,M,63,6.4,18,0,0,,0.00374426,0,0,0,16,11,1,0,0,0,0,0,2,1,1,0,1,0,0,0,2,0,0,5,0,1,0,0,0,1,0,2026-09-06T05:01:35.491185+00:00
Inglaterra Premier League 2026/2027,Manchester City - Coventry City,2026-09-05T14:00:00+00:00,finished,3,1-0,Manchester City,Gerónimo Rulli,G,0,,0,0,0,,,0,0,0,0,0,0,0,0,0,0,0,0,0,0,0,0,0,0,0,0,0,0,0,0,0,0,0,0,0,0,2026-09-06T05:01:35.491094+00:00
Inglaterra Premier League 2026/2027,Manchester City - Coventry City,2026-09-05T14:00:00+00:00,finished,3,1-0,Manchester City,Gianluigi Donnarumma,G,96,8.8,25,0,0,,0.00103953,0,0,0,19,17,6,4,0,0,0,0,2,0,2,0,0,0,1,0,2,0,0,2,0,0,0,0,3,0,1,2026-09-06T05:01:35.491026+00:00
Inglaterra Premier League 2026/2027,Manchester City - Coventry City,2026-09-05T14:00:00+00:00,finished,3,1-0,Coventry City,Gustavo Hamer,M,11,6.5,3,0,0,,1.67e-06,0,0,0,1,1,0,0,0,0,0,0,1,2,0,0,1,0,0,0,1,0,0,1,0,2,0,0,0,0,0,2026-09-06T05:01:35.491211+00:00
Inglaterra Premier League 2026/2027,Manchester City - Coventry City,2026-09-05T14:00:00+00:00,finished,3,1-0,Manchester City,Iliman Ndiaye,M,87,6.5,50,0,0,0.0293,0.0362771,1,0,1,26,24,0,0,4,1,7,2,7,9,1,2,2,1,1,0,1,0,2,16,2,0,0,0,0,0,0,2026-09-06T05:01:35.491056+00:00
Inglaterra Premier League 2026/2027,Manchester City - Coventry City,2026-09-05T14:00:00+00:00,finished,3,1-0,Coventry City,Jack Rudoni,M,63,6.2,23,0,0,0.2601,0.0948444,1,1,2,10,5,1,0,2,2,3,0,3,10,1,2,1,1,0,1,2,0,0,9,1,2,0,0,0,1,0,2026-09-06T05:01:35.491189+00:00
Inglaterra Premier League 2026/2027,Manchester City - Coventry City,2026-09-05T14:00:00+00:00,finished,3,1-0,Coventry City,Jay DaSilva,D,85,6.9,27,0,0,,0.0401468,0,0,1,15,10,2,0,3,1,1,0,3,2,1,0,2,2,2,1,3,0,0,8,0,0,0,0,0,1,0,2026-09-06T05:01:35.491172+00:00
Inglaterra Premier League 2026/2027,Manchester City - Coventry City,2026-09-05T14:00:00+00:00,finished,3,1-0,Coventry City,Joel Latibeaudiere,D,0,,0,0,0,,,0,0,0,0,0,0,0,0,0,0,0,0,0,0,0,0,0,0,0,0,0,0,0,0,0,0,0,0,0,0,2026-09-06T05:01:35.491219+00:00
Inglaterra Premier League 2026/2027,Manchester City - Coventry City,2026-09-05T14:00:00+00:00,finished,3,1-0,Manchester City,Joško Gvardiol,D,96,7.3,73,0,0,0.0106,0.0241822,1,0,0,47,40,2,0,0,0,0,0,9,6,2,4,4,2,2,1,7,1,0,10,3,1,0,0,0,0,0,2026-09-06T05:01:35.491047+00:00
Inglaterra Premier League 2026/2027,Manchester City - Coventry City,2026-09-05T14:00:00+00:00,finished,3,1-0,Coventry City,Loum Tchaouna,F,33,6.7,18,0,0,0.101,0.0106902,2,1,2,8,7,1,0,5,1,2,1,1,2,0,1,0,0,0,0,1,1,0,6,0,0,0,0,0,0,0,2026-09-06T05:01:35.491194+00:00
Inglaterra Premier League 2026/2027,Manchester City - Coventry City,2026-09-05T14:00:00+00:00,finished,3,1-0,Manchester City,Marc Guéhi,D,96,7.4,135,0,0,,0.0240349,0,0,0,121,112,2,0,0,0,1,1,6,4,4,3,0,0,8,1,5,0,0,9,1,0,0,0,0,0,0,2026-09-06T05:01:35.491042+00:00
Inglaterra Premier League 2026/2027,Manchester City - Coventry City,2026-09-05T14:00:00+00:00,finished,3,1-0,Manchester City,Mateo Kovačić,M,0,,0,0,0,,,0,0,0,0,0,0,0,0,0,0,0,0,0,0,0,0,0,0,0,0,0,0,0,0,0,0,0,0,0,0,2026-09-06T05:01:35.491090+00:00
Inglaterra Premier League 2026/2027,Manchester City - Coventry City,2026-09-05T14:00:00+00:00,finished,3,1-0,Manchester City,Matheus Nunes,D,0,,0,0,0,,,0,0,0,0,0,0,0,0,0,0,0,0,0,0,0,0,0,0,0,0,0,0,0,0,0,0,0,0,0,0,2026-09-06T05:01:35.491085+00:00
Inglaterra Premier League 2026/2027,Manchester City - Coventry City,2026-09-05T14:00:00+00:00,finished,3,1-0,Coventry City,Matt Grimes,M,96,6.6,35,0,0,0.0396,0.0036848,1,0,0,22,16,4,1,2,0,0,0,5,5,0,1,5,2,0,1,0,0,0,8,0,2,0,0,0,1,0,2026-09-06T05:01:35.491167+00:00
Inglaterra Premier League 2026/2027,Manchester City - Coventry City,2026-09-05T14:00:00+00:00,finished,3,1-0,Coventry City,Milan van Ewijk,D,96,6.8,46,0,0,,0.0630802,0,0,0,21,18,1,1,1,1,2,0,5,6,2,0,3,2,3,5,4,0,0,10,0,2,1,0,0,1,0,2026-09-06T05:01:35.491162+00:00
Inglaterra Premier League 2026/2027,Manchester City - Coventry City,2026-09-05T14:00:00+00:00,finished,3,1-0,Manchester City,Phil Foden,M,30,6.5,24,0,0,0.501,0.0132791,1,1,1,17,16,1,1,0,0,0,0,1,2,0,0,0,0,0,0,1,0,1,5,1,1,0,0,0,0,0,2026-09-06T05:01:35.491071+00:00
Inglaterra Premier League 2026/2027,Manchester City - Coventry City,2026-09-05T14:00:00+00:00,finished,3,1-0,Manchester City,Rayan Aït-Nouri,D,0,,0,0,0,,,0,0,0,0,0,0,0,0,0,0,0,0,0,0,0,0,0,0,0,0,0,0,0,0,0,0,0,0,0,0,2026-09-06T05:01:35.491119+00:00
Inglaterra Premier League 2026/2027,Manchester City - Coventry City,2026-09-05T14:00:00+00:00,finished,3,1-0,Manchester City,Rayan Cherki,M,66,7.1,94,0,0,0.2066,0.301967,3,0,3,76,70,2,1,4,1,2,2,4,3,0,1,0,0,0,0,4,2,2,12,2,0,0,0,0,0,0,2026-09-06T05:01:35.491066+00:00
Inglaterra Premier League 2026/2027,Manchester City - Coventry City,2026-09-05T14:00:00+00:00,finished,3,1-0,Manchester City,Rico Lewis,D,0,,0,0,0,,,0,0,0,0,0,0,0,0,0,0,0,0,0,0,0,0,0,0,0,0,0,0,0,0,0,0,0,0,0,0,2026-09-06T05:01:35.491131+00:00
Inglaterra Premier League 2026/2027,Manchester City - Coventry City,2026-09-05T14:00:00+00:00,finished,3,1-0,Manchester City,Ryan McAidoo,M,9,6.9,9,0,0,,4.925e-05,0,0,0,2,2,0,0,1,0,2,1,4,1,0,0,2,0,0,0,2,0,0,2,1,0,0,0,0,0,0,2026-09-06T05:01:35.491081+00:00
Inglaterra Premier League 2026/2027,Manchester City - Coventry City,2026-09-05T14:00:00+00:00,finished,3,1-0,Manchester City,Rúben Dias,D,96,7.8,125,0,0,,0.027147,0,0,0,120,112,5,1,0,0,1,1,6,2,5,1,0,0,3,0,0,0,0,8,0,1,0,0,0,0,0,2026-09-06T05:01:35.491037+00:00
Inglaterra Premier League 2026/2027,Manchester City - Coventry City,2026-09-05T14:00:00+00:00,finished,3,1-0,Coventry City,Taiwo Awoniyi,F,71,6.4,22,0,0,0.2327,0.00097956,1,0,0,10,8,1,1,0,0,3,2,3,6,0,3,0,0,1,1,3,0,0,6,1,1,0,0,0,1,0,2026-09-06T05:01:35.491181+00:00
Inglaterra Premier League 2026/2027,Manchester City - Coventry City,2026-09-05T14:00:00+00:00,finished,3,1-0,Coventry City,Tatsuhiro Sakamoto,M,0,,0,0,0,,,0,0,0,0,0,0,0,0,0,0,0,0,0,0,0,0,0,0,0,0,0,0,0,0,0,0,0,0,0,0,2026-09-06T05:01:35.491223+00:00
Inglaterra Premier League 2026/2027,Manchester City - Coventry City,2026-09-05T14:00:00+00:00,finished,3,1-0,Coventry City,Victor Torp,M,0,,0,0,0,,,0,0,0,0,0,0,0,0,0,0,0,0,0,0,0,0,0,0,0,0,0,0,0,0,0,0,0,0,0,0,2026-09-06T05:01:35.491227+00:00
Inglaterra Premier League 2026/2027,Nottingham Forest - Tottenham Hotspur,2026-09-05T14:00:00+00:00,finished,3,0-0,Tottenham Hotspur,,,84,6.8,26,0,0,0.3536,0.00663858,3,0,0,12,11,0,0,0,0,3,2,3,6,0,1,0,0,0,0,0,1,2,8,1,2,0,0,0,0,0,2026-09-06T05:01:35.386610+00:00
Inglaterra Premier League 2026/2027,Nottingham Forest - Tottenham Hotspur,2026-09-05T14:00:00+00:00,finished,3,0-0,Tottenham Hotspur,,,61,7.3,39,0,0,0.019,0.270346,1,0,1,18,14,1,0,2,1,8,4,5,6,0,0,0,0,0,0,0,1,1,16,1,1,0,0,0,0,0,2026-09-06T05:01:35.386624+00:00
Inglaterra Premier League 2026/2027,Nottingham Forest - Tottenham Hotspur,2026-09-05T14:00:00+00:00,finished,3,0-0,Nottingham Forest,,,74,6.5,21,0,0,0.042,0.0555797,1,0,2,9,5,0,0,0,0,1,0,4,6,3,1,0,0,2,0,3,0,1,10,1,2,0,0,0,0,0,2026-09-06T05:01:35.386749+00:00
Inglaterra Premier League 2026/2027,Nottingham Forest - Tottenham Hotspur,2026-09-05T14:00:00+00:00,finished,3,0-0,Tottenham Hotspur,Andy Robertson,D,29,6.8,31,0,0,,0.00108238,0,0,0,22,16,4,2,2,0,0,0,0,0,0,0,0,0,0,0,1,0,0,8,0,0,0,0,0,0,0,2026-09-06T05:01:35.386634+00:00
Inglaterra Premier League 2026/2027,Nottingham Forest - Tottenham Hotspur,2026-09-05T14:00:00+00:00,finished,3,0-0,Tottenham Hotspur,Antonín Kinský,G,90,6.8,42,0,0,,0.00061942,0,0,1,33,18,23,8,0,0,0,0,1,0,0,0,0,0,2,0,7,0,0,15,1,0,0,0,1,0,1,2026-09-06T05:01:35.386556+00:00
Inglaterra Premier League 2026/2027,Nottingham Forest - Tottenham Hotspur,2026-09-05T14:00:00+00:00,finished,3,0-0,Tottenham Hotspur,Archie Gray,M,0,,0,0,0,,,0,0,0,0,0,0,0,0,0,0,0,0,0,0,0,0,0,0,0,0,0,0,0,0,0,0,0,0,0,0,2026-09-06T05:01:35.386686+00:00
Inglaterra Premier League 2026/2027,Nottingham Forest - Tottenham Hotspur,2026-09-05T14:00:00+00:00,finished,3,0-0,Nottingham Forest,Callum Hudson Odoi,M,0,,0,0,0,,,0,0,0,0,0,0,0,0,0,0,0,0,0,0,0,0,0,0,0,0,0,0,0,0,0,0,0,0,0,0,2026-09-06T05:01:35.386791+00:00
Inglaterra Premier League 2026/2027,Nottingham Forest - Tottenham Hotspur,2026-09-05T14:00:00+00:00,finished,3,0-0,Nottingham Forest,Chris Wood,F,16,6.5,3,0,0,,0.00256711,0,0,0,3,1,1,1,0,0,0,0,1,3,1,3,0,0,0,0,0,0,0,2,0,0,0,0,0,0,0,2026-09-06T05:01:35.386774+00:00
Inglaterra Premier League 2026/2027,Nottingham Forest - Tottenham Hotspur,2026-09-05T14:00:00+00:00,finished,3,0-0,Tottenham Hotspur,Conor Gallagher,M,83,7.2,45,0,0,,0.0591021,0,0,0,31,30,2,2,2,0,0,0,8,4,0,3,3,2,0,1,5,0,1,5,5,0,0,0,0,0,0,2026-09-06T05:01:35.386615+00:00
Inglaterra Premier League 2026/2027,Nottingham Forest - Tottenham Hotspur,2026-09-05T14:00:00+00:00,finished,3,0-0,Nottingham Forest,Dan Ndoye,M,59,6.6,19,0,0,,0.00111952,0,0,0,5,3,0,0,0,0,3,1,6,7,1,1,2,0,0,0,4,0,1,9,2,2,0,0,0,0,0,2026-09-06T05:01:35.386759+00:00
Inglaterra Premier League 2026/2027,Nottingham Forest - Tottenham Hotspur,2026-09-05T14:00:00+00:00,finished,3,0-0,Nottingham Forest,Daniel Muñoz,M,31,6.7,16,0,0,0.0262,0.00259471,1,0,0,6,5,0,0,2,0,0,0,2,1,0,0,1,1,0,0,0,1,0,5,1,1,0,0,0,0,0,2026-09-06T05:01:35.386765+00:00
Inglaterra Premier League 2026/2027,Nottingham Forest - Tottenham Hotspur,2026-09-05T14:00:00+00:00,finished,3,0-0,Tottenham Hotspur,Destiny Udogie,D,61,6.8,48,0,0,,0.0192615,0,0,0,27,24,1,0,0,0,1,0,5,5,3,0,0,0,2,1,1,0,2,9,2,2,1,0,0,0,0,2026-09-06T05:01:35.386629+00:00
Inglaterra Premier League 2026/2027,Nottingham Forest - Tottenham Hotspur,2026-09-05T14:00:00+00:00,finished,3,0-0,Tottenham Hotspur,Dominic Solanke,F,12,6.3,5,0,0,0.1723,0.00205049,1,0,0,1,1,0,0,0,0,0,0,0,1,0,1,0,0,1,0,0,0,0,1,0,0,0,0,0,0,0,2026-09-06T05:01:35.386654+00:00
Inglaterra Premier League 2026/2027,Nottingham Forest - Tottenham Hotspur,2026-09-05T14:00:00+00:00,finished,3,0-0,Nottingham Forest,Igor Jesus,F,31,6.6,10,0,0,,0.00143301,0,0,0,4,3,1,1,0,0,0,0,3,4,1,1,1,0,0,0,0,0,2,3,1,1,0,0,0,0,0,2026-09-06T05:01:35.386769+00:00
Inglaterra Premier League 2026/2027,Nottingham Forest - Tottenham Hotspur,2026-09-05T14:00:00+00:00,finished,3,0-0,Nottingham Forest,Jair,D,90,7.4,49,0,0,0.0288,0.00859425,1,0,0,33,26,5,2,0,0,0,0,4,1,1,0,2,0,7,2,2,0,0,7,1,1,0,0,0,0,0,2026-09-06T05:01:35.386713+00:00
Inglaterra Premier League 2026/2027,Nottingham Forest - Tottenham Hotspur,2026-09-05T14:00:00+00:00,finished,3,0-0,Nottingham Forest,James McAtee,M,90,7.1,50,0,0,0.1192,0.0846383,3,1,5,30,25,5,3,3,1,1,1,6,5,1,0,2,2,0,1,4,1,1,9,2,4,1,0,0,0,0,2026-09-06T05:01:35.386735+00:00
Inglaterra Premier League 2026/2027,Nottingham Forest - Tottenham Hotspur,2026-09-05T14:00:00+00:00,finished,3,0-0,Tottenham Hotspur,Jan Paul van Hecke,D,90,7.3,81,0,0,0.1103,0.0115521,2,0,1,68,64,5,3,0,0,0,0,5,4,1,3,1,1,2,0,4,0,0,4,3,1,0,0,0,0,0,2026-09-06T05:01:35.386601+00:00
Inglaterra Premier League 2026/2027,Nottingham Forest - Tottenham Hotspur,2026-09-05T14:00:00+00:00,finished,3,0-0,Nottingham Forest,John Victor,G,0,,0,0,0,,,0,0,0,0,0,0,0,0,0,0,0,0,0,0,0,0,0,0,0,0,0,0,0,0,0,0,0,0,0,0,2026-09-06T05:01:35.386787+00:00
Inglaterra Premier League 2026/2027,Nottingham Forest - Tottenham Hotspur,2026-09-05T14:00:00+00:00,finished,3,0-0,Nottingham Forest,Luca Netz,D,0,,0,0,0,,,0,0,0,0,0,0,0,0,0,0,0,0,0,0,0,0,0,0,0,0,0,0,0,0,0,0,0,0,0,0,2026-09-06T05:01:35.386799+00:00
Inglaterra Premier League 2026/2027,Nottingham Forest - Tottenham Hotspur,2026-09-05T14:00:00+00:00,finished,3,0-0,Tottenham Hotspur,Lucas Bergvall,M,0,,0,0,0,,,0,0,0,0,0,0,0,0,0,0,0,0,0,0,0,0,0,0,0,0,0,0,0,0,0,0,0,0,0,0,2026-09-06T05:01:35.386661+00:00
Inglaterra Premier League 2026/2027,Nottingham Forest - Tottenham Hotspur,2026-09-05T14:00:00+00:00,finished,3,0-0,Tottenham Hotspur,Marcos Senesi,D,0,,0,0,0,,,0,0,0,0,0,0,0,0,0,0,0,0,0,0,0,0,0,0,0,0,0,0,0,0,0,0,0,0,0,0,2026-09-06T05:01:35.386675+00:00
Inglaterra Premier League 2026/2027,Nottingham Forest - Tottenham Hotspur,2026-09-05T14:00:00+00:00,finished,3,0-0,Tottenham Hotspur,Martin Dúbravka,G,0,,0,0,0,,,0,0,0,0,0,0,0,0,0,0,0,0,0,0,0,0,0,0,0,0,0,0,0,0,0,0,0,0,0,0,2026-09-06T05:01:35.386668+00:00
Inglaterra Premier League 2026/2027,Nottingham Forest - Tottenham Hotspur,2026-09-05T14:00:00+00:00,finished,3,0-0,Tottenham Hotspur,Mateus Fernandes,M,13,6.5,3,0,0,,0.0043866,0,0,0,3,3,0,0,0,0,0,0,0,1,0,0,0,0,0,0,0,0,0,0,0,1,1,0,0,0,0,2026-09-06T05:01:35.386650+00:00
Inglaterra Premier League 2026/2027,Nottingham Forest - Tottenham Hotspur,2026-09-05T14:00:00+00:00,finished,3,0-0,Tottenham Hotspur,Mathys Tel,F,74,6.0,40,0,0,,0.0453386,0,0,1,17,15,1,1,7,2,5,1,2,8,0,0,0,0,0,0,2,0,1,17,1,2,0,0,0,0,0,2026-09-06T05:01:35.386620+00:00
Inglaterra Premier League 2026/2027,Nottingham Forest - Tottenham Hotspur,2026-09-05T14:00:00+00:00,finished,3,0-0,Nottingham Forest,Matz Sels,G,90,6.3,33,0,0,,0.00186156,0,0,0,28,15,19,6,0,0,0,0,0,1,0,1,0,0,1,0,11,0,0,14,0,0,0,0,0,0,1,2026-09-06T05:01:35.386731+00:00
Inglaterra Premier League 2026/2027,Nottingham Forest - Tottenham Hotspur,2026-09-05T14:00:00+00:00,finished,3,0-0,Tottenham Hotspur,Micky van de Ven,D,90,7.3,81,0,0,0.8721,0.00479754,2,0,0,67,63,4,2,0,0,0,0,8,3,4,1,3,3,5,0,4,1,2,6,1,0,0,0,0,0,0,2026-09-06T05:01:35.386596+00:00
Inglaterra Premier League 2026/2027,Nottingham Forest - Tottenham Hotspur,2026-09-05T14:00:00+00:00,finished,3,0-0,Tottenham Hotspur,Mohammed Kudus,M,29,6.9,19,0,0,,0.157351,0,0,1,8,8,0,0,4,1,2,1,4,3,0,0,0,0,0,0,3,0,1,7,3,1,0,0,0,0,0,2026-09-06T05:01:35.386640+00:00
Inglaterra Premier League 2026/2027,Nottingham Forest - Tottenham Hotspur,2026-09-05T14:00:00+00:00,finished,3,0-0,Nottingham Forest,Morgan Gibbs-White,M,90,6.7,40,0,0,0.2888,0.0141424,3,1,0,22,18,1,1,8,0,0,0,2,1,0,0,2,0,0,0,5,1,0,15,0,1,0,0,0,0,0,2026-09-06T05:01:35.386702+00:00
Inglaterra Premier League 2026/2027,Nottingham Forest - Tottenham Hotspur,2026-09-05T14:00:00+00:00,finished,3,0-0,Nottingham Forest,Murillo,D,89,6.9,66,0,0,0.1184,0.00472066,2,0,0,50,39,9,3,0,0,1,1,6,6,1,1,4,3,3,1,4,0,1,13,0,3,0,0,0,0,0,2026-09-06T05:01:35.386744+00:00
Inglaterra Premier League 2026/2027,Nottingham Forest - Tottenham Hotspur,2026-09-05T14:00:00+00:00,finished,3,0-0,Tottenham Hotspur,Mykhailo Mudryk,M,16,6.7,4,0,0,,0.00010108,0,0,0,2,1,0,0,1,0,0,0,1,1,0,0,0,0,0,0,0,0,0,2,1,1,0,0,0,0,0,2026-09-06T05:01:35.386645+00:00
Inglaterra Premier League 2026/2027,Nottingham Forest - Tottenham Hotspur,2026-09-05T14:00:00+00:00,finished,3,0-0,Nottingham Forest,Neco Williams,D,90,6.7,55,0,0,,0.0444504,0,0,1,30,21,6,1,4,0,0,0,6,5,0,0,3,2,2,1,8,0,1,15,3,4,0,0,0,0,0,2026-09-06T05:01:35.386740+00:00
Inglaterra Premier League 2026/2027,Nottingham Forest - Tottenham Hotspur,2026-09-05T14:00:00+00:00,finished,3,0-0,Nottingham Forest,Nicolás Domínguez,M,0,,0,0,0,,,0,0,0,0,0,0,0,0,0,0,0,0,0,0,0,0,0,0,0,0,0,0,0,0,0,0,0,0,0,0,2026-09-06T05:01:35.386795+00:00
Inglaterra Premier League 2026/2027,Nottingham Forest - Tottenham Hotspur,2026-09-05T14:00:00+00:00,finished,3,0-0,Nottingham Forest,Nikola Milenković,D,90,7.2,53,0,0,,0.00693058,0,0,0,41,37,5,3,0,0,0,0,4,3,1,1,2,1,6,0,3,0,0,4,1,1,1,0,0,0,0,2026-09-06T05:01:35.386720+00:00
Inglaterra Premier League 2026/2027,Nottingham Forest - Tottenham Hotspur,2026-09-05T14:00:00+00:00,finished,3,0-0,Nottingham Forest,Ola Aina,D,59,6.7,37,0,0,,0.00234146,0,0,0,17,10,1,0,2,0,0,0,7,7,1,3,5,2,1,1,4,0,1,12,1,1,0,0,0,0,0,2026-09-06T05:01:35.386755+00:00
Inglaterra Premier League 2026/2027,Nottingham Forest - Tottenham Hotspur,2026-09-05T14:00:00+00:00,finished,3,0-0,Nottingham Forest,Ousmane Diomande,D,1,,2,0,0,,,0,0,0,1,0,0,0,0,0,0,0,0,0,0,0,0,0,0,0,0,0,0,1,0,0,0,0,0,0,0,2026-09-06T05:01:35.386779+00:00
Inglaterra Premier League 2026/2027,Nottingham Forest - Tottenham Hotspur,2026-09-05T14:00:00+00:00,finished,3,0-0,Tottenham Hotspur,Pedro Porro,D,90,6.7,89,0,0,0.021,0.101407,2,0,3,60,43,13,3,5,2,4,1,3,5,0,1,1,1,2,1,3,1,0,24,1,0,0,0,0,0,0,2026-09-06T05:01:35.386605+00:00
Inglaterra Premier League 2026/2027,Nottingham Forest - Tottenham Hotspur,2026-09-05T14:00:00+00:00,finished,3,0-0,Tottenham Hotspur,Rodrigo Bentancur,M,90,6.8,48,0,0,0.0484,0.0135794,1,0,0,33,26,4,2,0,0,2,1,5,6,3,3,1,1,9,2,6,0,0,8,0,2,0,0,0,0,0,2026-09-06T05:01:35.386590+00:00
Inglaterra Premier League 2026/2027,Nottingham Forest - Tottenham Hotspur,2026-09-05T14:00:00+00:00,finished,3,0-0,Nottingham Forest,Ryan Yates,M,0,,0,0,0,,,0,0,0,0,0,0,0,0,0,0,0,0,0,0,0,0,0,0,0,0,0,0,0,0,0,0,0,0,0,0,2026-09-06T05:01:35.386783+00:00
Inglaterra Premier League 2026/2027,Nottingham Forest - Tottenham Hotspur,2026-09-05T14:00:00+00:00,finished,3,0-0,Tottenham Hotspur,Sandro Tonali,M,90,7.8,61,0,0,,0.00570226,0,0,0,41,35,3,2,1,0,2,1,8,4,1,0,5,0,1,1,4,0,2,11,1,0,0,0,0,0,0,2026-09-06T05:01:35.386584+00:00
Inglaterra Premier League 2026/2027,Nottingham Forest - Tottenham Hotspur,2026-09-05T14:00:00+00:00,finished,3,0-0,Nottingham Forest,Xaver Schlager,M,90,7.3,47,0,0,0.0263,0.0628225,1,0,0,32,29,2,2,0,0,0,0,6,7,2,0,4,4,1,2,3,0,2,8,0,1,0,0,0,0,0,2026-09-06T05:01:35.386725+00:00
Inglaterra Premier League 2026/2027,Hull City - Aston Villa,2026-09-05T16:30:00+00:00,finished,3,0-0,Aston Villa,,,85,6.6,29,0,0,0.2354,0.245915,2,0,1,20,16,0,0,1,0,2,1,4,2,2,1,0,0,0,0,2,1,0,8,1,0,0,0,0,0,0,2026-09-06T05:01:36.229341+00:00
Inglaterra Premier League 2026/2027,Hull City - Aston Villa,2026-09-05T16:30:00+00:00,finished,3,0-0,Hull City,,,31,6.6,12,0,0,,0.0444746,0,0,1,7,6,1,0,2,0,1,0,0,2,0,0,0,0,0,0,0,0,1,5,0,0,0,0,0,0,0,2026-09-06T05:01:36.229455+00:00
Inglaterra Premier League 2026/2027,Hull City - Aston Villa,2026-09-05T16:30:00+00:00,finished,3,0-0,Hull City,,,12,6.4,2,0,0,0.0501,,1,1,0,1,0,0,0,0,0,0,0,0,0,0,0,0,0,0,0,0,0,0,1,0,0,0,0,0,0,0,2026-09-06T05:01:36.229470+00:00
Inglaterra Premier League 2026/2027,Hull City - Aston Villa,2026-09-05T16:30:00+00:00,finished,3,0-0,Aston Villa,Aaron Wan-Bissaka,D,9,6.7,11,0,0,,0.0042691,0,0,0,8,8,0,0,0,0,0,0,0,0,0,0,0,0,1,0,0,0,0,1,0,0,0,0,0,0,0,2026-09-06T05:01:36.229380+00:00
Inglaterra Premier League 2026/2027,Hull City - Aston Villa,2026-09-05T16:30:00+00:00,finished,3,0-0,Aston Villa,Alejandro Garnacho,F,19,6.4,12,0,0,,0.00393199,0,0,0,9,8,0,0,0,0,1,1,1,1,0,0,0,0,0,0,0,0,1,3,0,0,0,0,0,0,0,2026-09-06T05:01:36.229366+00:00
Inglaterra Premier League 2026/2027,Hull City - Aston Villa,2026-09-05T16:30:00+00:00,finished,3,0-0,Aston Villa,Alysson,M,19,6.4,12,0,0,,0.00327238,0,0,0,10,10,1,1,0,0,1,0,0,1,0,0,0,0,0,0,1,0,0,1,0,0,0,0,0,0,0,2026-09-06T05:01:36.229361+00:00
Inglaterra Premier League 2026/2027,Hull City - Aston Villa,2026-09-05T16:30:00+00:00,finished,3,0-0,Aston Villa,Boubacar Kamara,M,94,7.1,112,0,0,,0.071061,0,0,1,95,87,4,3,0,0,2,0,7,7,3,3,1,1,2,1,6,0,0,11,3,1,0,0,0,0,0,2026-09-06T05:01:36.229325+00:00
Inglaterra Premier League 2026/2027,Hull City - Aston Villa,2026-09-05T16:30:00+00:00,finished,3,0-0,Hull City,Brooke Norton-Cuffy,D,30,6.7,9,0,0,,0.00042888,0,0,0,3,3,0,0,2,0,0,0,0,0,0,0,0,0,1,0,2,0,0,3,0,0,0,0,0,0,0,2026-09-06T05:01:36.229460+00:00
Inglaterra Premier League 2026/2027,Hull City - Aston Villa,2026-09-05T16:30:00+00:00,finished,3,0-0,Hull City,Christos Mouzakitis,M,0,,0,0,0,,,0,0,0,0,0,0,0,0,0,0,0,0,0,0,0,0,0,0,0,0,0,0,0,0,0,0,0,0,0,0,2026-09-06T05:01:36.229509+00:00
Inglaterra Premier League 2026/2027,Hull City - Aston Villa,2026-09-05T16:30:00+00:00,finished,3,0-0,Hull City,Dillon Phillips,G,0,,0,0,0,,,0,0,0,0,0,0,0,0,0,0,0,0,0,0,0,0,0,0,0,0,0,0,0,0,0,0,0,0,0,0,2026-09-06T05:01:36.229514+00:00
Inglaterra Premier League 2026/2027,Hull City - Aston Villa,2026-09-05T16:30:00+00:00,finished,3,0-0,Hull City,Elliot Stroud,M,63,6.4,12,0,0,0.0497,0.00739015,1,0,1,9,6,2,1,1,0,1,1,1,4,0,2,0,0,0,0,2,0,0,4,0,2,0,0,0,0,0,2026-09-06T05:01:36.229451+00:00
Inglaterra Premier League 2026/2027,Hull City - Aston Villa,2026-09-05T16:30:00+00:00,finished,3,0-0,Aston Villa,Emiliano Buendía,M,75,6.0,39,0,0,0.4486,0.0469861,2,0,0,33,23,0,0,1,0,0,0,1,4,0,4,0,0,0,0,2,0,0,11,1,0,0,0,0,0,0,2026-09-06T05:01:36.229346+00:00
Inglaterra Premier League 2026/2027,Hull City - Aston Villa,2026-09-05T16:30:00+00:00,finished,3,0-0,Aston Villa,George Hemmings,M,75,6.4,31,0,0,0.1206,0.142125,1,1,1,19,17,0,0,1,0,1,1,3,8,1,2,1,0,2,0,4,0,2,6,0,2,0,0,0,0,0,2026-09-06T05:01:36.229351+00:00
Inglaterra Premier League 2026/2027,Hull City - Aston Villa,2026-09-05T16:30:00+00:00,finished,3,0-0,Aston Villa,Ian Maatsen,D,75,7.2,55,0,0,,0.421078,0,0,1,40,36,3,1,2,1,0,0,2,0,1,0,1,1,1,1,0,0,0,10,0,0,0,0,0,0,0,2026-09-06T05:01:36.229356+00:00
Inglaterra Premier League 2026/2027,Hull City - Aston Villa,2026-09-05T16:30:00+00:00,finished,3,0-0,Aston Villa,Ibrahim Mbaye,F,0,,0,0,0,,,0,0,0,0,0,0,0,0,0,0,0,0,0,0,0,0,0,0,0,0,0,0,0,0,0,0,0,0,0,0,2026-09-06T05:01:36.229389+00:00
Inglaterra Premier League 2026/2027,Hull City - Aston Villa,2026-09-05T16:30:00+00:00,finished,3,0-0,Hull City,Jens Hjertø-Dahl,M,12,6.6,3,0,0,,3.866e-05,0,0,0,2,1,0,0,0,0,0,0,1,0,0,0,0,0,0,0,1,0,0,1,1,0,0,0,0,0,0,2026-09-06T05:01:36.229487+00:00
Inglaterra Premier League 2026/2027,Hull City - Aston Villa,2026-09-05T16:30:00+00:00,finished,3,0-0,Hull City,John Egan,D,94,7.1,26,0,0,,0.00135452,0,0,0,18,13,0,0,0,0,0,0,4,2,1,1,3,0,1,2,1,0,0,5,0,1,0,0,0,0,0,2026-09-06T05:01:36.229419+00:00
Inglaterra Premier League 2026/2027,Hull City - Aston Villa,2026-09-05T16:30:00+00:00,finished,3,0-0,Aston Villa,John McGinn,M,94,6.2,55,0,0,0.6199,0.024611,1,0,0,37,31,2,1,4,0,1,0,5,5,1,0,2,0,0,1,2,0,4,17,2,1,0,0,0,0,0,2026-09-06T05:01:36.229308+00:00
Inglaterra Premier League 2026/2027,Hull City - Aston Villa,2026-09-05T16:30:00+00:00,finished,3,0-0,Hull City,Konstantinos Tzolakis,G,94,7.3,41,0,0,,0.00114197,0,0,0,33,16,30,14,0,0,0,0,1,0,0,0,0,0,0,0,10,0,0,17,1,0,0,0,1,0,0,2026-09-06T05:01:36.229413+00:00
Inglaterra Premier League 2026/2027,Hull City - Aston Villa,2026-09-05T16:30:00+00:00,finished,3,0-0,Aston Villa,Lamare Bogarde,M,0,,0,0,0,,,0,0,0,0,0,0,0,0,0,0,0,0,0,0,0,0,0,0,0,0,0,0,0,0,0,0,0,0,0,0,2026-09-06T05:01:36.229385+00:00
Inglaterra Premier League 2026/2027,Hull City - Aston Villa,2026-09-05T16:30:00+00:00,finished,3,0-0,Hull City,Lewie Coyle,D,64,6.7,16,0,0,,0.0072913,0,0,0,8,7,2,1,3,1,0,0,0,2,0,1,0,0,0,0,0,0,0,5,0,0,0,0,0,0,0,2026-09-06T05:01:36.229446+00:00
Inglaterra Premier League 2026/2027,Hull City - Aston Villa,2026-09-05T16:30:00+00:00,finished,3,0-0,Hull City,Lucas Gourna-Douath,M,82,7.0,36,0,0,,0.00962069,0,0,2,23,16,4,3,0,0,1,1,5,2,2,0,2,0,1,2,5,0,1,9,0,1,1,0,0,0,0,2026-09-06T05:01:36.229433+00:00
Inglaterra Premier League 2026/2027,Hull City - Aston Villa,2026-09-05T16:30:00+00:00,finished,3,0-0,Hull City,Lucas Herrington,D,23,6.7,8,0,0,,0.00043473,0,0,0,5,5,0,0,0,0,0,0,1,2,0,1,1,0,0,0,1,0,0,0,0,1,0,0,0,0,0,2026-09-06T05:01:36.229465+00:00
Inglaterra Premier League 2026/2027,Hull City - Aston Villa,2026-09-05T16:30:00+00:00,finished,3,0-0,Aston Villa,Marco Bizot,G,0,,0,0,0,,,0,0,0,0,0,0,0,0,0,0,0,0,0,0,0,0,0,0,0,0,0,0,0,0,0,0,0,0,0,0,2026-09-06T05:01:36.229394+00:00
Inglaterra Premier League 2026/2027,Hull City - Aston Villa,2026-09-05T16:30:00+00:00,finished,3,0-0,Hull City,Matt Targett,D,0,,0,0,0,,,0,0,0,0,0,0,0,0,0,0,0,0,0,0,0,0,0,0,0,0,0,0,0,0,0,0,0,0,0,0,2026-09-06T05:01:36.229505+00:00
Inglaterra Premier League 2026/2027,Hull City - Aston Villa,2026-09-05T16:30:00+00:00,finished,3,0-0,Aston Villa,Matteo Ruggeri,D,19,6.9,25,0,0,,0.0104069,0,0,0,21,21,2,2,2,0,0,0,0,0,0,0,0,0,0,1,2,0,0,2,0,0,0,0,0,0,0,2026-09-06T05:01:36.229371+00:00
Inglaterra Premier League 2026/2027,Hull City - Aston Villa,2026-09-05T16:30:00+00:00,finished,3,0-0,Aston Villa,Matty Cash,D,85,6.5,86,0,0,,0.0273671,0,0,1,67,59,4,1,1,0,0,0,2,5,1,2,0,0,1,0,1,0,0,15,1,1,0,0,0,0,0,2026-09-06T05:01:36.229336+00:00
Inglaterra Premier League 2026/2027,Hull City - Aston Villa,2026-09-05T16:30:00+00:00,finished,3,0-0,Hull City,Mohamed Belloumi,M,82,7.1,34,0,0,0.0278,0.012013,2,1,1,13,9,3,2,1,0,3,2,6,3,1,1,3,2,1,6,1,0,0,9,0,0,0,0,0,0,0,2026-09-06T05:01:36.229437+00:00
Inglaterra Premier League 2026/2027,Hull City - Aston Villa,2026-09-05T16:30:00+00:00,finished,3,0-0,Hull City,Nobel Mendy,D,71,7.0,40,0,0,0.0266,0.00173749,2,1,0,24,19,5,2,1,0,0,0,3,2,0,0,3,3,4,2,2,0,0,6,0,2,0,0,0,0,0,2026-09-06T05:01:36.229442+00:00
Inglaterra Premier League 2026/2027,Hull City - Aston Villa,2026-09-05T16:30:00+00:00,finished,3,0-0,Hull City,Oli McBurnie,F,94,7.0,31,0,0,0.3906,0.0505668,3,0,1,15,9,1,1,0,0,1,0,12,9,9,6,2,0,1,0,0,0,1,11,1,1,0,0,0,0,0,2026-09-06T05:01:36.229403+00:00
Inglaterra Premier League 2026/2027,Hull City - Aston Villa,2026-09-05T16:30:00+00:00,finished,3,0-0,Aston Villa,Pau Torres,D,0,,0,0,0,,,0,0,0,0,0,0,0,0,0,0,0,0,0,0,0,0,0,0,0,0,0,0,0,0,0,0,0,0,0,0,2026-09-06T05:01:36.229398+00:00
Inglaterra Premier League 2026/2027,Hull City - Aston Villa,2026-09-05T16:30:00+00:00,finished,3,0-0,Hull City,Regan Slater,M,94,6.8,33,0,0,0.0389,0.0145497,2,1,1,24,18,2,0,2,0,1,1,4,1,2,0,0,0,1,2,3,0,0,8,1,1,0,0,0,0,0,2026-09-06T05:01:36.229428+00:00
Inglaterra Premier League 2026/2027,Hull City - Aston Villa,2026-09-05T16:30:00+00:00,finished,3,0-0,Hull City,Robinio Vaz,F,0,,0,0,0,,,0,0,0,0,0,0,0,0,0,0,0,0,0,0,0,0,0,0,0,0,0,0,0,0,0,0,0,0,0,0,2026-09-06T05:01:36.229499+00:00
Inglaterra Premier League 2026/2027,Hull City - Aston Villa,2026-09-05T16:30:00+00:00,finished,3,0-0,Aston Villa,Ross Barkley,M,94,6.7,115,0,0,0.1889,0.0921082,4,0,2,101,93,1,1,0,0,0,0,1,8,1,2,0,0,2,0,4,2,4,13,0,0,0,0,0,0,0,2026-09-06T05:01:36.229330+00:00
Inglaterra Premier League 2026/2027,Hull City - Aston Villa,2026-09-05T16:30:00+00:00,finished,3,0-0,Hull City,Ryan Giles,D,94,7.3,37,0,0,,0.0395105,0,0,2,18,15,2,1,8,1,2,2,3,0,0,0,1,1,2,1,4,0,0,13,0,0,0,0,0,0,0,2026-09-06T05:01:36.229423+00:00
Inglaterra Premier League 2026/2027,Hull City - Aston Villa,2026-09-05T16:30:00+00:00,finished,3,0-0,Hull City,Semi Ajayi,D,94,6.8,35,0,0,,0.00395442,0,0,0,25,23,2,1,1,0,0,0,2,4,1,1,1,1,4,1,1,0,1,4,0,1,1,0,0,0,0,2026-09-06T05:01:36.229408+00:00
Inglaterra Premier League 2026/2027,Hull City - Aston Villa,2026-09-05T16:30:00+00:00,finished,3,0-0,Aston Villa,Tammy Abraham,F,9,6.5,5,0,0,,1.395e-05,0,0,0,3,1,0,0,0,0,0,0,1,0,0,0,1,0,0,0,0,0,0,3,0,0,0,0,0,0,0,2026-09-06T05:01:36.229375+00:00
Inglaterra Premier League 2026/2027,Hull City - Aston Villa,2026-09-05T16:30:00+00:00,finished,3,0-0,Aston Villa,Tyrone Mings,D,94,7.3,87,0,0,0.1315,0.0187079,3,0,0,77,70,4,2,0,0,0,0,4,2,2,2,1,1,4,0,3,2,0,7,1,0,0,0,0,0,0,2026-09-06T05:01:36.229320+00:00
Inglaterra Premier League 2026/2027,Hull City - Aston Villa,2026-09-05T16:30:00+00:00,finished,3,0-0,Aston Villa,Victor Lindelöf,D,94,7.9,109,0,0,,0.0865143,0,0,2,105,101,8,5,0,0,0,0,1,0,1,0,0,0,4,0,2,0,0,4,0,0,0,0,0,0,0,2026-09-06T05:01:36.229315+00:00
Inglaterra Premier League 2026/2027,Hull City - Aston Villa,2026-09-05T16:30:00+00:00,finished,3,0-0,Aston Villa,Zion Suzuki,G,94,7.7,54,0,0,,0.00219617,0,0,0,37,33,11,8,0,0,0,0,1,0,0,0,0,0,1,0,13,0,0,4,1,0,0,0,4,0,0,2026-09-06T05:01:36.229274+00:00
Inglaterra Premier League 2026/2027,Everton - Manchester United,2026-09-06T13:00:00+00:00,finished,3,2-2,Everton,,,13,7.3,6,1,0,0.0271,0.00361205,1,1,0,4,4,0,0,0,0,0,0,0,2,0,2,0,0,0,0,0,0,0,0,0,0,0,0,0,1,0,2026-09-07T05:01:54.487575+00:00
Inglaterra Premier League 2026/2027,Everton - Manchester United,2026-09-06T13:00:00+00:00,finished,3,2-2,Manchester United,Andrey Santos,M,13,6.6,16,0,0,,0.00565483,0,0,0,8,8,0,0,0,0,1,0,1,1,1,0,0,0,4,0,0,0,0,1,0,0,0,0,0,1,0,2026-09-07T05:01:54.487442+00:00
Inglaterra Premier League 2026/2027,Everton - Manchester United,2026-09-06T13:00:00+00:00,finished,3,2-2,Manchester United,Ayden Heaven,D,0,,0,0,0,,,0,0,0,0,0,0,0,0,0,0,0,0,0,0,0,0,0,0,0,0,0,0,0,0,0,0,0,0,0,0,2026-09-07T05:01:54.487469+00:00
Inglaterra Premier League 2026/2027,Everton - Manchester United,2026-09-06T13:00:00+00:00,finished,3,2-2,Manchester United,Benjamin Šeško,F,20,7.2,6,1,0,0.2771,0.00094287,2,1,0,4,2,0,0,0,0,0,0,0,2,0,2,0,0,0,0,0,0,0,2,0,0,0,0,0,2,0,2026-09-07T05:01:54.487428+00:00
Inglaterra Premier League 2026/2027,Everton - Manchester United,2026-09-06T13:00:00+00:00,finished,3,2-2,Everton,Braiden Graham,F,0,,0,0,0,,,0,0,0,0,0,0,0,0,0,0,0,0,0,0,0,0,0,0,0,0,0,0,0,0,0,0,0,0,0,0,2026-09-07T05:01:54.487584+00:00
Inglaterra Premier League 2026/2027,Everton - Manchester United,2026-09-06T13:00:00+00:00,finished,3,2-2,Everton,Brennan Johnson,F,66,6.1,28,0,0,0.0522,0.0370083,1,0,2,16,13,0,0,1,0,0,0,1,4,0,1,1,0,1,2,4,1,1,6,0,2,1,0,0,1,0,2026-09-07T05:01:54.487553+00:00
Inglaterra Premier League 2026/2027,Everton - Manchester United,2026-09-06T13:00:00+00:00,finished,3,2-2,Manchester United,Bruno Fernandes,M,90,6.2,66,0,0,0.1917,0.0634294,4,0,2,53,44,6,4,5,1,2,0,1,4,0,1,0,0,0,0,2,2,0,16,1,1,0,0,0,2,0,2026-09-07T05:01:54.487343+00:00
Inglaterra Premier League 2026/2027,Everton - Manchester United,2026-09-06T13:00:00+00:00,finished,3,2-2,Manchester United,Bryan Mbeumo,F,90,7.0,39,1,0,0.0502,0.0346367,2,1,1,23,20,1,1,1,0,3,1,2,9,0,2,0,0,1,3,4,1,0,9,1,2,0,0,0,2,0,2026-09-07T05:01:54.487353+00:00
Inglaterra Premier League 2026/2027,Everton - Manchester United,2026-09-06T13:00:00+00:00,finished,3,2-2,Everton,Carlos Alcaraz,M,0,,0,0,0,,,0,0,0,0,0,0,0,0,0,0,0,0,0,0,0,0,0,0,0,0,0,0,0,0,0,0,0,0,0,0,2026-09-07T05:01:54.487611+00:00
Inglaterra Premier League 2026/2027,Everton - Manchester United,2026-09-06T13:00:00+00:00,finished,3,2-2,Manchester United,Diogo Dalot,D,84,6.0,49,0,0,0.0101,0.0149443,1,0,2,36,33,1,0,0,0,2,0,3,7,1,0,2,2,1,1,3,1,0,6,0,3,1,0,0,1,0,2026-09-07T05:01:54.487400+00:00
Inglaterra Premier League 2026/2027,Everton - Manchester United,2026-09-06T13:00:00+00:00,finished,3,2-2,Everton,Harrison Armstrong,M,90,6.4,41,0,0,0.0945,0.0387313,2,0,0,29,26,1,0,0,0,1,1,2,3,0,1,1,1,3,0,1,1,1,7,0,1,1,0,0,2,0,2026-09-07T05:01:54.487518+00:00
Inglaterra Premier League 2026/2027,Everton - Manchester United,2026-09-06T13:00:00+00:00,finished,3,2-2,Manchester United,Harry Maguire,D,90,6.5,80,0,0,,0.00636563,0,0,0,66,56,7,2,0,0,0,0,5,4,5,2,0,0,10,1,2,0,0,10,0,2,1,0,0,2,0,2026-09-07T05:01:54.487377+00:00
Inglaterra Premier League 2026/2027,Everton - Manchester United,2026-09-06T13:00:00+00:00,finished,3,2-2,Everton,Hayden Hackney,M,15,7.1,22,0,1,0.0417,0.0920421,1,0,2,15,12,0,0,2,1,0,0,1,0,0,0,1,0,0,1,0,0,0,6,0,0,0,0,0,1,0,2026-09-07T05:01:54.487568+00:00
Inglaterra Premier League 2026/2027,Everton - Manchester United,2026-09-06T13:00:00+00:00,finished,3,2-2,Everton,Jack Grealish,M,24,7.1,15,0,0,0.0218,0.125681,1,0,1,11,10,0,0,0,0,1,0,2,1,0,0,1,1,0,0,0,1,0,2,1,0,0,0,0,1,0,2026-09-07T05:01:54.487560+00:00
Inglaterra Premier League 2026/2027,Everton - Manchester United,2026-09-06T13:00:00+00:00,finished,3,2-2,Everton,Jake O'Brien,D,0,,0,0,0,,,0,0,0,0,0,0,0,0,0,0,0,0,0,0,0,0,0,0,0,0,0,0,0,0,0,0,0,0,0,0,2026-09-07T05:01:54.487618+00:00
Inglaterra Premier League 2026/2027,Everton - Manchester United,2026-09-06T13:00:00+00:00,finished,3,2-2,Everton,James Garner,M,77,6.8,54,0,0,,0.0725216,0,0,2,45,41,2,0,3,2,0,0,2,2,0,0,1,1,1,1,5,0,0,5,1,1,0,0,0,1,0,2026-09-07T05:01:54.487539+00:00
Inglaterra Premier League 2026/2027,Everton - Manchester United,2026-09-06T13:00:00+00:00,finished,3,2-2,Everton,James Tarkowski,D,90,7.0,68,0,0,0.0186,0.00551875,1,0,0,52,42,14,8,1,0,0,0,7,2,4,2,3,3,4,4,3,0,0,12,0,0,0,0,0,2,0,2026-09-07T05:01:54.487482+00:00
Inglaterra Premier League 2026/2027,Everton - Manchester United,2026-09-06T13:00:00+00:00,finished,3,2-2,Everton,Jarrad Branthwaite,D,90,6.9,71,0,0,0.076,0.00316994,2,2,0,56,50,7,2,0,0,0,0,4,0,3,0,1,0,5,2,4,0,0,6,0,0,0,0,0,2,0,2026-09-07T05:01:54.487532+00:00
Inglaterra Premier League 2026/2027,Everton - Manchester United,2026-09-06T13:00:00+00:00,finished,3,2-2,Everton,Jordan Pickford,G,90,5.8,51,0,0,,0.0031967,0,0,0,41,31,13,3,0,0,0,0,0,0,0,0,0,0,0,0,12,0,0,10,0,0,0,0,1,2,0,2026-09-07T05:01:54.487490+00:00
Inglaterra Premier League 2026/2027,Everton - Manchester United,2026-09-06T13:00:00+00:00,finished,3,2-2,Manchester United,Joshua Zirkzee,F,0,,0,0,0,,,0,0,0,0,0,0,0,0,0,0,0,0,0,0,0,0,0,0,0,0,0,0,0,0,0,0,0,0,0,0,2026-09-07T05:01:54.487455+00:00
Inglaterra Premier League 2026/2027,Everton - Manchester United,2026-09-06T13:00:00+00:00,finished,3,2-2,Manchester United,Karl Darlow,G,0,,0,0,0,,,0,0,0,0,0,0,0,0,0,0,0,0,0,0,0,0,0,0,0,0,0,0,0,0,0,0,0,0,0,0,2026-09-07T05:01:54.487462+00:00
Inglaterra Premier League 2026/2027,Everton - Manchester United,2026-09-06T13:00:00+00:00,finished,3,2-2,Everton,Kiernan Dewsbury-Hall,M,90,6.9,64,0,0,0.2683,0.0708703,4,2,2,40,34,1,1,5,0,3,1,5,6,0,1,4,1,2,0,5,2,3,17,0,0,0,0,0,2,0,2026-09-07T05:01:54.487511+00:00
Inglaterra Premier League 2026/2027,Everton - Manchester United,2026-09-06T13:00:00+00:00,finished,3,2-2,Manchester United,Kobbie Mainoo,M,84,7.5,94,0,1,,0.071996,0,0,2,76,73,2,2,0,0,3,1,4,3,0,0,1,1,2,1,10,0,1,7,2,0,0,0,0,1,0,2026-09-07T05:01:54.487393+00:00
Inglaterra Premier League 2026/2027,Everton - Manchester United,2026-09-06T13:00:00+00:00,finished,3,2-2,Manchester United,Leny Yoro,D,13,6.5,11,0,0,,0.0144447,0,0,0,6,5,1,1,0,0,0,0,2,1,0,0,2,1,1,0,0,0,1,2,0,0,0,0,0,1,0,2026-09-07T05:01:54.487435+00:00
Inglaterra Premier League 2026/2027,Everton - Manchester United,2026-09-06T13:00:00+00:00,finished,3,2-2,Manchester United,Lisandro Martínez,D,90,6.8,56,0,0,,0.0020678,0,0,0,43,42,2,1,0,0,0,0,3,4,3,2,0,0,7,1,2,0,0,1,0,0,0,0,0,2,0,2026-09-07T05:01:54.487369+00:00
Inglaterra Premier League 2026/2027,Everton - Manchester United,2026-09-06T13:00:00+00:00,finished,3,2-2,Manchester United,Luke Shaw,D,89,7.3,64,0,1,0.0211,0.23902,1,0,1,43,39,0,0,3,3,0,0,2,2,1,0,1,1,3,1,1,0,0,6,0,2,1,0,0,2,0,2026-09-07T05:01:54.487385+00:00
Inglaterra Premier League 2026/2027,Everton - Manchester United,2026-09-06T13:00:00+00:00,finished,3,2-2,Manchester United,Marcus Rashford,F,70,6.9,38,0,0,,0.0634402,0,0,1,26,17,2,0,2,0,5,3,6,3,1,0,0,0,1,0,4,0,0,13,2,1,0,0,0,0,0,2026-09-07T05:01:54.487414+00:00
Inglaterra Premier League 2026/2027,Everton - Manchester United,2026-09-06T13:00:00+00:00,finished,3,2-2,Everton,Mark Travers,G,0,,0,0,0,,,0,0,0,0,0,0,0,0,0,0,0,0,0,0,0,0,0,0,0,0,0,0,0,0,0,0,0,0,0,0,2026-09-07T05:01:54.487591+00:00
Inglaterra Premier League 2026/2027,Everton - Manchester United,2026-09-06T13:00:00+00:00,finished,3,2-2,Manchester United,Mason Mount,F,0,,0,0,0,,,0,0,0,0,0,0,0,0,0,0,0,0,0,0,0,0,0,0,0,0,0,0,0,0,0,0,0,0,0,0,2026-09-07T05:01:54.487475+00:00
Inglaterra Premier League 2026/2027,Everton - Manchester United,2026-09-06T13:00:00+00:00,finished,3,2-2,Manchester United,Matheus Cunha,F,70,6.3,42,0,0,0.1178,0.0539764,2,0,0,28,22,1,0,0,0,0,0,3,4,0,2,2,2,0,0,1,1,2,11,1,0,0,0,0,0,0,2026-09-07T05:01:54.487407+00:00
Inglaterra Premier League 2026/2027,Everton - Manchester United,2026-09-06T13:00:00+00:00,finished,3,2-2,Everton,Merlin Röhl,M,75,6.6,40,0,0,,0.125778,0,0,1,22,20,1,1,2,1,0,0,3,6,0,2,0,0,2,0,4,0,0,4,3,2,1,0,0,1,0,2026-09-07T05:01:54.487546+00:00
Inglaterra Premier League 2026/2027,Everton - Manchester United,2026-09-06T13:00:00+00:00,finished,3,2-2,Everton,Michael Keane,D,0,,0,0,0,,,0,0,0,0,0,0,0,0,0,0,0,0,0,0,0,0,0,0,0,0,0,0,0,0,0,0,0,0,0,0,2026-09-07T05:01:54.487598+00:00
Inglaterra Premier League 2026/2027,Everton - Manchester United,2026-09-06T13:00:00+00:00,finished,3,2-2,Manchester United,Noussair Mazraoui,D,1,,5,0,0,,0.0135425,0,0,0,3,3,0,0,0,0,0,0,1,0,0,0,1,0,0,0,0,0,0,1,0,0,0,0,0,1,0,2026-09-07T05:01:54.487448+00:00
Inglaterra Premier League 2026/2027,Everton - Manchester United,2026-09-06T13:00:00+00:00,finished,3,2-2,Manchester United,Patrick Dorgu,M,20,6.0,13,0,0,,0.00657854,0,0,0,8,5,0,0,0,0,0,0,4,1,3,0,1,0,1,0,1,0,1,5,0,0,0,0,0,2,0,2026-09-07T05:01:54.487421+00:00
Inglaterra Premier League 2026/2027,Everton - Manchester United,2026-09-06T13:00:00+00:00,finished,3,2-2,Manchester United,Senne Lammens,G,90,5.9,33,0,0,,0.00019539,0,0,0,21,13,11,3,0,0,0,0,1,0,1,0,0,0,1,0,14,0,0,8,0,0,0,0,4,2,0,2026-09-07T05:01:54.487306+00:00
Inglaterra Premier League 2026/2027,Everton - Manchester United,2026-09-06T13:00:00+00:00,finished,3,2-2,Everton,Thierno Barry,F,90,6.6,38,0,0,0.3752,0.0214963,4,0,1,22,17,0,0,1,0,2,2,9,7,5,7,0,0,0,0,4,2,0,13,2,0,0,0,0,2,0,2026-09-07T05:01:54.487497+00:00
Inglaterra Premier League 2026/2027,Everton - Manchester United,2026-09-06T13:00:00+00:00,finished,3,2-2,Everton,Tyler Dibling,M,0,,0,0,0,,,0,0,0,0,0,0,0,0,0,0,0,0,0,0,0,0,0,0,0,0,0,0,0,0,0,0,0,0,0,0,2026-09-07T05:01:54.487604+00:00
Inglaterra Premier League 2026/2027,Everton - Manchester United,2026-09-06T13:00:00+00:00,finished,3,2-2,Everton,Tyrique George,F,90,8.2,47,1,0,0.037,0.0662105,1,1,3,28,26,0,0,2,0,5,4,7,5,0,0,0,0,0,1,3,0,1,9,3,1,0,0,0,2,0,2026-09-07T05:01:54.487504+00:00
Inglaterra Premier League 2026/2027,Everton - Manchester United,2026-09-06T13:00:00+00:00,finished,3,2-2,Everton,Vitaliy Mykolenko,D,90,6.7,61,0,0,,0.00983673,0,0,0,39,35,3,1,4,0,1,1,6,1,1,0,3,1,1,2,4,0,0,12,1,0,0,0,0,2,0,2026-09-07T05:01:54.487524+00:00
Inglaterra Premier League 2026/2027,Everton - Manchester United,2026-09-06T13:00:00+00:00,finished,3,2-2,Manchester United,Youri Tielemans,M,90,6.9,89,0,0,0.048,0.0612142,2,1,1,80,73,3,1,0,0,1,1,1,4,0,2,0,0,0,1,5,1,0,8,0,0,0,0,0,2,0,2026-09-07T05:01:54.487361+00:00
Inglaterra Premier League 2026/2027,Arsenal - Chelsea,2026-09-06T15:30:00+00:00,finished,3,2-1,Arsenal,Ben White,D,90,6.8,57,0,0,,0.0278021,0,0,0,33,25,5,3,4,0,1,1,5,2,0,0,2,1,4,0,4,0,1,14,2,0,0,0,0,1,0,2026-09-07T05:01:54.690879+00:00
Inglaterra Premier League 2026/2027,Arsenal - Chelsea,2026-09-06T15:30:00+00:00,finished,3,2-1,Arsenal,Bruno Guimarães,M,0,,0,0,0,,,0,0,0,0,0,0,0,0,0,0,0,0,0,0,0,0,0,0,0,0,0,0,0,0,0,0,0,0,0,0,2026-09-07T05:01:54.690974+00:00
Inglaterra Premier League 2026/2027,Arsenal - Chelsea,2026-09-06T15:30:00+00:00,finished,3,2-1,Arsenal,Bukayo Saka,F,89,6.7,48,0,0,0.2596,0.225777,4,3,1,28,24,0,0,3,2,2,1,5,6,0,3,1,1,0,1,2,1,1,9,3,1,0,0,0,1,0,2026-09-07T05:01:54.690884+00:00
Inglaterra Premier League 2026/2027,Arsenal - Chelsea,2026-09-06T15:30:00+00:00,finished,3,2-1,Arsenal,Christos Tzolis,M,90,7.8,54,0,1,,0.216029,0,0,4,43,37,2,2,2,1,2,1,6,2,1,1,1,1,1,1,5,0,0,9,3,0,1,0,0,1,0,2026-09-07T05:01:54.690857+00:00
Inglaterra Premier League 2026/2027,Arsenal - Chelsea,2026-09-06T15:30:00+00:00,finished,3,2-1,Chelsea,Cole Palmer,M,90,6.6,53,0,0,0.1147,0.0409892,3,2,1,45,37,8,4,0,0,0,0,1,4,0,0,0,0,0,0,3,0,2,10,1,2,1,0,0,2,0,2026-09-07T05:01:54.690752+00:00
Inglaterra Premier League 2026/2027,Arsenal - Chelsea,2026-09-06T15:30:00+00:00,finished,3,2-1,Chelsea,Danny Welbeck,F,8,6.4,2,0,0,,0.00092124,0,0,0,1,1,0,0,0,0,0,0,0,0,0,0,0,0,0,0,0,0,0,1,0,0,0,0,0,0,0,2026-09-07T05:01:54.690819+00:00
Inglaterra Premier League 2026/2027,Arsenal - Chelsea,2026-09-06T15:30:00+00:00,finished,3,2-1,Arsenal,David Raya,G,90,6.6,49,0,0,,0.00213616,0,0,0,34,21,19,6,0,0,0,0,0,0,0,0,0,0,2,0,11,0,0,14,0,0,0,0,4,1,1,2026-09-07T05:01:54.690851+00:00
Inglaterra Premier League 2026/2027,Arsenal - Chelsea,2026-09-06T15:30:00+00:00,finished,3,2-1,Arsenal,Declan Rice,M,90,7.8,80,0,1,0.0357,0.14994,1,0,1,67,62,7,5,3,1,0,0,2,3,2,2,0,0,3,1,1,1,0,7,0,1,0,0,0,1,0,2026-09-07T05:01:54.690862+00:00
Inglaterra Premier League 2026/2027,Arsenal - Chelsea,2026-09-06T15:30:00+00:00,finished,3,2-1,Arsenal,Eberechi Eze,M,0,,0,0,0,,,0,0,0,0,0,0,0,0,0,0,0,0,0,0,0,0,0,0,0,0,0,0,0,0,0,0,0,0,0,0,2026-09-07T05:01:54.690969+00:00
Inglaterra Premier League 2026/2027,Arsenal - Chelsea,2026-09-06T15:30:00+00:00,finished,3,2-1,Chelsea,Emiliano Martínez,G,90,8.4,49,0,0,,0.00274965,0,0,0,37,19,26,8,0,0,0,0,0,0,0,0,0,0,0,0,8,0,0,18,0,0,0,0,8,2,0,2026-09-07T05:01:54.690776+00:00
Inglaterra Premier League 2026/2027,Arsenal - Chelsea,2026-09-06T15:30:00+00:00,finished,3,2-1,Chelsea,Estêvão,M,9,6.5,6,0,0,0.0269,0.00233616,1,1,0,5,4,0,0,0,0,0,0,0,0,0,0,0,0,0,0,0,0,0,1,0,0,0,0,0,0,0,2026-09-07T05:01:54.690813+00:00
Inglaterra Premier League 2026/2027,Arsenal - Chelsea,2026-09-06T15:30:00+00:00,finished,3,2-1,Arsenal,Ezri Konsa,D,90,6.8,56,0,0,,0.00746268,0,0,0,43,41,0,0,0,0,0,0,8,4,3,2,3,2,6,1,5,0,1,3,2,1,0,0,0,1,0,2026-09-07T05:01:54.690873+00:00
Inglaterra Premier League 2026/2027,Arsenal - Chelsea,2026-09-06T15:30:00+00:00,finished,3,2-1,Arsenal,Gabriel Magalhães,D,90,6.9,52,0,0,0.3111,0.019763,2,2,0,36,30,6,1,1,0,0,0,1,2,1,2,0,0,5,1,4,0,0,8,0,0,0,0,0,1,0,2026-09-07T05:01:54.690868+00:00
Inglaterra Premier League 2026/2027,Arsenal - Chelsea,2026-09-06T15:30:00+00:00,finished,3,2-1,Chelsea,Geovany Quenda,M,0,,0,0,0,,,0,0,0,0,0,0,0,0,0,0,0,0,0,0,0,0,0,0,0,0,0,0,0,0,0,0,0,0,0,0,2026-09-07T05:01:54.690841+00:00
Inglaterra Premier League 2026/2027,Arsenal - Chelsea,2026-09-06T15:30:00+00:00,finished,3,2-1,Chelsea,Jamie Gittens,M,0,,0,0,0,,,0,0,0,0,0,0,0,0,0,0,0,0,0,0,0,0,0,0,0,0,0,0,0,0,0,0,0,0,0,0,2026-09-07T05:01:54.690825+00:00
Inglaterra Premier League 2026/2027,Arsenal - Chelsea,2026-09-06T15:30:00+00:00,finished,3,2-1,Chelsea,Jorrel Hato,D,60,7.1,29,0,1,,0.0162026,0,0,1,14,11,3,0,0,0,0,0,4,3,2,1,2,0,2,0,2,0,0,5,0,1,0,0,0,2,0,2026-09-07T05:01:54.690797+00:00
Inglaterra Premier League 2026/2027,Arsenal - Chelsea,2026-09-06T15:30:00+00:00,finished,3,2-1,Chelsea,Josh Acheampong,D,90,5.7,21,0,0,,0.00956101,0,0,0,14,12,0,0,0,0,0,0,0,2,0,1,0,0,1,0,1,0,0,4,0,1,0,0,0,2,0,2026-09-07T05:01:54.690689+00:00
Inglaterra Premier League 2026/2027,Arsenal - Chelsea,2026-09-06T15:30:00+00:00,finished,3,2-1,Chelsea,João Pedro,F,90,6.5,34,0,0,0.0094,0.0479175,1,0,2,19,13,1,1,1,1,0,0,10,7,4,4,0,0,0,0,1,0,1,10,6,2,1,0,0,2,0,2026-09-07T05:01:54.690740+00:00
Inglaterra Premier League 2026/2027,Arsenal - Chelsea,2026-09-06T15:30:00+00:00,finished,3,2-1,Arsenal,Kai Havertz,F,78,7.9,39,1,0,0.2569,0.342244,3,2,3,26,19,2,1,1,0,0,0,6,4,4,3,0,0,0,1,0,1,1,12,2,0,0,0,0,1,0,2026-09-07T05:01:54.690889+00:00
Inglaterra Premier League 2026/2027,Arsenal - Chelsea,2026-09-06T15:30:00+00:00,finished,3,2-1,Arsenal,Kepa Arrizabalaga,G,0,,0,0,0,,,0,0,0,0,0,0,0,0,0,0,0,0,0,0,0,0,0,0,0,0,0,0,0,0,0,0,0,0,0,0,2026-09-07T05:01:54.690965+00:00
Inglaterra Premier League 2026/2027,Arsenal - Chelsea,2026-09-06T15:30:00+00:00,finished,3,2-1,Chelsea,Levi Colwill,D,0,,0,0,0,,,0,0,0,0,0,0,0,0,0,0,0,0,0,0,0,0,0,0,0,0,0,0,0,0,0,0,0,0,0,0,2026-09-07T05:01:54.690836+00:00
Inglaterra Premier League 2026/2027,Arsenal - Chelsea,2026-09-06T15:30:00+00:00,finished,3,2-1,Chelsea,Malo Gusto,D,30,6.9,25,0,0,0.0414,0.00706412,1,0,0,18,16,0,0,3,0,0,0,3,0,1,0,2,1,0,0,2,0,0,6,0,0,0,0,0,0,0,2026-09-07T05:01:54.690807+00:00
Inglaterra Premier League 2026/2027,Arsenal - Chelsea,2026-09-06T15:30:00+00:00,finished,3,2-1,Arsenal,Martin Ødegaard,M,77,9.2,65,1,0,0.7006,0.879042,2,1,4,54,48,3,0,2,0,0,0,3,2,0,1,0,0,0,0,3,1,1,10,3,0,0,0,0,1,0,2026-09-07T05:01:54.690922+00:00
Inglaterra Premier League 2026/2027,Arsenal - Chelsea,2026-09-06T15:30:00+00:00,finished,3,2-1,Arsenal,Martín Zubimendi,M,23,6.2,18,0,0,0.0761,0.0280925,1,0,0,10,8,1,0,0,0,0,0,1,6,1,0,0,0,1,3,0,1,2,4,0,3,0,0,0,0,0,2026-09-07T05:01:54.690940+00:00
Inglaterra Premier League 2026/2027,Arsenal - Chelsea,2026-09-06T15:30:00+00:00,finished,3,2-1,Arsenal,Max Dowman,M,0,,0,0,0,,,0,0,0,0,0,0,0,0,0,0,0,0,0,0,0,0,0,0,0,0,0,0,0,0,0,0,0,0,0,0,2026-09-07T05:01:54.690979+00:00
Inglaterra Premier League 2026/2027,Arsenal - Chelsea,2026-09-06T15:30:00+00:00,finished,3,2-1,Chelsea,Maxence Lacroix,D,90,6.5,60,0,0,,0.0058111,0,0,0,47,42,1,0,0,0,0,0,4,3,3,2,1,1,6,1,2,0,0,5,0,1,1,0,0,2,0,2026-09-07T05:01:54.690770+00:00
Inglaterra Premier League 2026/2027,Arsenal - Chelsea,2026-09-06T15:30:00+00:00,finished,3,2-1,Chelsea,Mike Penders,G,0,,0,0,0,,,0,0,0,0,0,0,0,0,0,0,0,0,0,0,0,0,0,0,0,0,0,0,0,0,0,0,0,0,0,0,2026-09-07T05:01:54.690830+00:00
Inglaterra Premier League 2026/2027,Arsenal - Chelsea,2026-09-06T15:30:00+00:00,finished,3,2-1,Arsenal,Mikel Merino,M,13,6.5,10,0,0,,0.00490197,0,0,0,9,8,0,0,0,0,0,0,0,1,0,1,0,0,0,0,0,0,0,1,0,0,1,0,0,0,0,2026-09-07T05:01:54.690950+00:00
Inglaterra Premier League 2026/2027,Arsenal - Chelsea,2026-09-06T15:30:00+00:00,finished,3,2-1,Chelsea,Morgan Rogers,M,87,7.3,39,1,0,0.0669,0.0318438,3,1,1,29,21,2,1,0,0,2,1,2,6,1,3,0,0,0,0,5,0,0,11,0,2,1,0,0,2,0,2026-09-07T05:01:54.690781+00:00
Inglaterra Premier League 2026/2027,Arsenal - Chelsea,2026-09-06T15:30:00+00:00,finished,3,2-1,Arsenal,Myles Lewis-Skelly,D,67,6.4,38,0,0,0.032,0.102658,1,0,1,32,28,3,1,0,0,0,0,2,6,1,0,0,0,0,0,2,0,1,6,1,5,0,0,0,1,0,2026-09-07T05:01:54.690935+00:00
Inglaterra Premier League 2026/2027,Arsenal - Chelsea,2026-09-06T15:30:00+00:00,finished,3,2-1,Arsenal,Noni Madueke,F,1,,6,0,0,,0.00859328,0,0,0,3,3,0,0,0,0,1,0,1,1,0,0,1,0,0,0,0,0,0,1,0,0,0,0,0,0,0,2026-09-07T05:01:54.690960+00:00
Inglaterra Premier League 2026/2027,Arsenal - Chelsea,2026-09-06T15:30:00+00:00,finished,3,2-1,Chelsea,Pedro Neto,M,81,6.4,40,0,0,0.0267,0.0340059,1,0,2,22,18,0,0,5,0,3,2,4,5,1,1,1,1,0,2,4,0,1,14,0,1,0,0,0,2,0,2026-09-07T05:01:54.690786+00:00
Inglaterra Premier League 2026/2027,Arsenal - Chelsea,2026-09-06T15:30:00+00:00,finished,3,2-1,Chelsea,Pep Chavarría,D,30,6.6,18,0,0,,0.00120587,0,0,0,10,7,1,0,1,0,0,0,1,2,0,1,1,0,0,1,1,0,0,6,0,1,0,0,0,0,0,2026-09-07T05:01:54.690802+00:00
Inglaterra Premier League 2026/2027,Arsenal - Chelsea,2026-09-06T15:30:00+00:00,finished,3,2-1,Arsenal,Piero Hincapié,D,23,6.8,17,0,0,,0.00489703,0,0,0,11,10,0,0,0,0,0,0,1,0,0,0,1,0,2,0,0,0,0,2,0,0,0,0,0,0,0,2026-09-07T05:01:54.690945+00:00
Inglaterra Premier League 2026/2027,Arsenal - Chelsea,2026-09-06T15:30:00+00:00,finished,3,2-1,Chelsea,Reece James,D,90,7.1,60,0,0,0.061,0.047736,3,1,1,45,42,7,6,4,0,1,0,3,3,2,0,0,0,3,1,6,2,0,8,1,2,0,0,0,2,0,2026-09-07T05:01:54.690758+00:00
Inglaterra Premier League 2026/2027,Arsenal - Chelsea,2026-09-06T15:30:00+00:00,finished,3,2-1,Arsenal,Riccardo Calafiori,D,67,6.3,31,0,0,0.4358,0.0322063,2,1,0,25,19,0,0,0,0,0,0,1,3,0,1,1,0,0,0,1,1,0,6,0,1,0,0,0,1,0,2026-09-07T05:01:54.690929+00:00
Inglaterra Premier League 2026/2027,Arsenal - Chelsea,2026-09-06T15:30:00+00:00,finished,3,2-1,Chelsea,Roméo Lavia,M,60,6.8,37,0,0,,0.00738084,0,0,0,26,23,1,1,0,0,0,0,5,0,1,0,1,0,1,1,3,0,0,4,3,0,0,0,0,2,0,2026-09-07T05:01:54.690792+00:00
Inglaterra Premier League 2026/2027,Arsenal - Chelsea,2026-09-06T15:30:00+00:00,finished,3,2-1,Chelsea,Valentín Barco,M,0,,0,0,0,,,0,0,0,0,0,0,0,0,0,0,0,0,0,0,0,0,0,0,0,0,0,0,0,0,0,0,0,0,0,0,2026-09-07T05:01:54.690846+00:00
Inglaterra Premier League 2026/2027,Arsenal - Chelsea,2026-09-06T15:30:00+00:00,finished,3,2-1,Arsenal,Viktor Gyökeres,F,12,6.4,5,0,0,,0.00049498,0,0,0,3,2,0,0,0,0,0,0,0,1,0,0,0,0,0,0,1,0,0,2,0,1,0,0,0,0,0,2026-09-07T05:01:54.690955+00:00
Inglaterra Premier League 2026/2027,Arsenal - Chelsea,2026-09-06T15:30:00+00:00,finished,3,2-1,Chelsea,Wesley Fofana,D,90,7.2,72,0,0,,0.0409132,0,0,2,47,43,3,1,0,0,1,0,6,7,1,0,3,3,10,2,3,0,2,7,2,3,0,0,0,2,0,2026-09-07T05:01:54.690764+00:00
Inglaterra Premier League 2026/2027,Aston Villa - Nottingham Forest,2026-09-12T14:00:00+00:00,finished,4,1-2,Aston Villa,,,45,6.5,12,0,0,,0.043282,0,0,0,6,4,0,0,0,0,2,1,1,3,0,0,0,0,0,0,0,0,1,5,0,1,1,0,0,1,0,2026-09-13T05:01:55.158476+00:00
Inglaterra Premier League 2026/2027,Aston Villa - Nottingham Forest,2026-09-12T14:00:00+00:00,finished,4,1-2,Nottingham Forest,,,89,7.1,33,1,0,0.5832,0.0715996,6,1,1,12,8,0,0,1,0,2,1,4,4,1,0,1,1,1,0,2,1,2,11,1,1,1,0,0,1,0,2026-09-13T05:01:55.158609+00:00
Inglaterra Premier League 2026/2027,Aston Villa - Nottingham Forest,2026-09-12T14:00:00+00:00,finished,4,1-2,Aston Villa,Aaron Wan-Bissaka,D,90,6.9,75,0,0,,0.0544606,0,0,1,46,41,3,0,1,0,1,1,7,2,0,1,5,2,3,5,1,0,0,9,1,0,0,0,0,2,0,2026-09-13T05:01:55.158384+00:00
Inglaterra Premier League 2026/2027,Aston Villa - Nottingham Forest,2026-09-12T14:00:00+00:00,finished,4,1-2,Aston Villa,Alejandro Garnacho,F,0,,0,0,0,,,0,0,0,0,0,0,0,0,0,0,0,0,0,0,0,0,0,0,0,0,0,0,0,0,0,0,0,0,0,0,2026-09-13T05:01:55.158538+00:00
Inglaterra Premier League 2026/2027,Aston Villa - Nottingham Forest,2026-09-12T14:00:00+00:00,finished,4,1-2,Aston Villa,Alysson,M,45,7.4,22,1,0,0.0746,0.00185942,1,1,0,13,9,0,0,0,0,3,1,3,5,1,1,0,0,1,0,1,0,1,8,1,1,0,0,0,2,0,2026-09-13T05:01:55.158461+00:00
Inglaterra Premier League 2026/2027,Aston Villa - Nottingham Forest,2026-09-12T14:00:00+00:00,finished,4,1-2,Nottingham Forest,Arnaud Kalimuendo,F,0,,0,0,0,,,0,0,0,0,0,0,0,0,0,0,0,0,0,0,0,0,0,0,0,0,0,0,0,0,0,0,0,0,0,0,2026-09-13T05:01:55.158662+00:00
Inglaterra Premier League 2026/2027,Aston Villa - Nottingham Forest,2026-09-12T14:00:00+00:00,finished,4,1-2,Aston Villa,Boubacar Kamara,M,90,7.1,50,0,0,,0.0448438,0,0,1,37,31,0,0,0,0,0,0,7,3,1,1,3,2,1,0,1,0,1,9,3,1,0,0,0,2,0,2026-09-13T05:01:55.158038+00:00
Inglaterra Premier League 2026/2027,Aston Villa - Nottingham Forest,2026-09-12T14:00:00+00:00,finished,4,1-2,Nottingham Forest,Callum Hudson Odoi,M,0,,0,0,0,,,0,0,0,0,0,0,0,0,0,0,0,0,0,0,0,0,0,0,0,0,0,0,0,0,0,0,0,0,0,0,2026-09-13T05:01:55.158683+00:00
Inglaterra Premier League 2026/2027,Aston Villa - Nottingham Forest,2026-09-12T14:00:00+00:00,finished,4,1-2,Nottingham Forest,Chris Wood,F,1,,1,0,0,,0.00488062,0,0,0,1,1,0,0,0,0,0,0,0,1,0,1,0,0,0,0,0,0,0,0,0,0,0,0,0,0,0,2026-09-13T05:01:55.158648+00:00
Inglaterra Premier League 2026/2027,Aston Villa - Nottingham Forest,2026-09-12T14:00:00+00:00,finished,4,1-2,Nottingham Forest,Dan Ndoye,M,75,6.7,19,0,0,0.6618,0.484769,5,1,1,9,7,1,0,0,0,0,0,1,5,0,0,0,0,0,0,2,2,1,5,1,3,1,0,0,1,0,2026-09-13T05:01:55.158624+00:00
Inglaterra Premier League 2026/2027,Aston Villa - Nottingham Forest,2026-09-12T14:00:00+00:00,finished,4,1-2,Nottingham Forest,Daniel Muñoz,M,90,8.1,63,0,0,0.0868,0.174638,1,1,5,37,34,2,1,4,3,2,0,7,5,3,3,4,3,3,0,4,0,0,7,0,0,0,0,0,1,0,2026-09-13T05:01:55.158593+00:00
Inglaterra Premier League 2026/2027,Aston Villa - Nottingham Forest,2026-09-12T14:00:00+00:00,finished,4,1-2,Aston Villa,Emiliano Buendía,M,63,6.3,31,0,0,,0.0125863,0,0,0,20,15,3,2,3,0,1,0,2,5,0,1,0,0,0,0,4,0,1,10,2,1,0,0,0,1,0,2026-09-13T05:01:55.158444+00:00
Inglaterra Premier League 2026/2027,Aston Villa - Nottingham Forest,2026-09-12T14:00:00+00:00,finished,4,1-2,Aston Villa,George Hemmings,M,45,6.4,16,0,0,,0.012413,0,0,1,7,7,0,0,0,0,2,1,2,5,1,3,0,0,1,0,0,0,0,2,0,1,0,0,0,1,0,2026-09-13T05:01:55.158469+00:00
Inglaterra Premier League 2026/2027,Aston Villa - Nottingham Forest,2026-09-12T14:00:00+00:00,finished,4,1-2,Aston Villa,Ian Maatsen,D,83,6.5,59,0,0,0.1799,0.0215181,2,1,0,33,28,2,2,3,0,3,0,1,4,0,1,1,0,1,1,6,1,0,14,0,0,0,0,0,1,0,2026-09-13T05:01:55.158417+00:00
Inglaterra Premier League 2026/2027,Aston Villa - Nottingham Forest,2026-09-12T14:00:00+00:00,finished,4,1-2,Aston Villa,Ibrahim Mbaye,F,27,6.6,16,0,0,0.0189,0.141159,1,1,1,10,8,0,0,1,1,1,0,1,2,0,0,1,0,0,0,1,0,0,4,0,1,0,0,0,1,0,2026-09-13T05:01:55.158500+00:00
Inglaterra Premier League 2026/2027,Aston Villa - Nottingham Forest,2026-09-12T14:00:00+00:00,finished,4,1-2,Nottingham Forest,Ibrahim Sangaré,M,8,6.6,13,0,0,0.0533,0.00643607,1,0,0,9,6,1,0,0,0,0,0,1,1,0,0,1,0,0,0,0,0,0,4,0,0,0,0,0,0,0,2026-09-13T05:01:55.158639+00:00
Inglaterra Premier League 2026/2027,Aston Villa - Nottingham Forest,2026-09-12T14:00:00+00:00,finished,4,1-2,Nottingham Forest,Igor Jesus,F,15,7.4,12,1,0,0.1316,0.0115779,1,1,1,9,9,0,0,0,0,0,0,0,2,0,1,0,0,0,0,3,0,1,1,0,0,0,0,0,0,0,2026-09-13T05:01:55.158632+00:00
Inglaterra Premier League 2026/2027,Aston Villa - Nottingham Forest,2026-09-12T14:00:00+00:00,finished,4,1-2,Nottingham Forest,James McAtee,M,82,7.4,69,0,0,0.0304,0.187609,2,1,2,48,40,4,2,1,0,0,0,6,6,0,0,3,3,3,1,4,0,1,11,3,3,1,0,0,1,0,2026-09-13T05:01:55.158617+00:00
Inglaterra Premier League 2026/2027,Aston Villa - Nottingham Forest,2026-09-12T14:00:00+00:00,finished,4,1-2,Aston Villa,Johan Manzambi,M,27,6.5,15,0,0,,0.0154436,0,0,0,10,8,1,0,0,0,2,0,1,2,0,0,1,0,0,0,1,0,0,5,0,0,0,0,0,1,0,2026-09-13T05:01:55.158492+00:00
Inglaterra Premier League 2026/2027,Aston Villa - Nottingham Forest,2026-09-12T14:00:00+00:00,finished,4,1-2,Aston Villa,John McGinn,M,90,7.0,43,0,1,,0.111858,0,0,2,22,20,3,1,7,2,2,0,6,4,0,1,1,1,1,1,4,0,1,13,5,0,0,0,0,2,0,2026-09-13T05:01:55.158408+00:00
Inglaterra Premier League 2026/2027,Aston Villa - Nottingham Forest,2026-09-12T14:00:00+00:00,finished,4,1-2,Nottingham Forest,John Victor,G,0,,0,0,0,,,0,0,0,0,0,0,0,0,0,0,0,0,0,0,0,0,0,0,0,0,0,0,0,0,0,0,0,0,0,0,2026-09-13T05:01:55.158669+00:00
Inglaterra Premier League 2026/2027,Aston Villa - Nottingham Forest,2026-09-12T14:00:00+00:00,finished,4,1-2,Aston Villa,Lamare Bogarde,M,0,,0,0,0,,,0,0,0,0,0,0,0,0,0,0,0,0,0,0,0,0,0,0,0,0,0,0,0,0,0,0,0,0,0,0,2026-09-13T05:01:55.158531+00:00
Inglaterra Premier League 2026/2027,Aston Villa - Nottingham Forest,2026-09-12T14:00:00+00:00,finished,4,1-2,Nottingham Forest,Luca Netz,D,0,,0,0,0,,,0,0,0,0,0,0,0,0,0,0,0,0,0,0,0,0,0,0,0,0,0,0,0,0,0,0,0,0,0,0,2026-09-13T05:01:55.158676+00:00
Inglaterra Premier League 2026/2027,Aston Villa - Nottingham Forest,2026-09-12T14:00:00+00:00,finished,4,1-2,Aston Villa,Marco Bizot,G,0,,0,0,0,,,0,0,0,0,0,0,0,0,0,0,0,0,0,0,0,0,0,0,0,0,0,0,0,0,0,0,0,0,0,0,2026-09-13T05:01:55.158524+00:00
Inglaterra Premier League 2026/2027,Aston Villa - Nottingham Forest,2026-09-12T14:00:00+00:00,finished,4,1-2,Aston Villa,Matteo Ruggeri,D,0,,0,0,0,,,0,0,0,0,0,0,0,0,0,0,0,0,0,0,0,0,0,0,0,0,0,0,0,0,0,0,0,0,0,0,2026-09-13T05:01:55.158516+00:00
Inglaterra Premier League 2026/2027,Aston Villa - Nottingham Forest,2026-09-12T14:00:00+00:00,finished,4,1-2,Nottingham Forest,Matz Sels,G,90,7.4,35,0,0,,0.00368345,0,0,0,22,16,12,6,0,0,0,0,1,0,1,0,0,0,4,0,10,0,0,6,0,0,0,0,5,1,2,2026-09-13T05:01:55.158600+00:00
Inglaterra Premier League 2026/2027,Aston Villa - Nottingham Forest,2026-09-12T14:00:00+00:00,finished,4,1-2,Nottingham Forest,Morgan Gibbs-White,M,90,7.4,55,0,1,0.0966,0.989345,2,1,7,37,32,2,1,5,4,1,0,4,7,1,2,1,0,0,0,3,0,2,11,2,1,0,0,0,1,0,2026-09-13T05:01:55.158578+00:00
Inglaterra Premier League 2026/2027,Aston Villa - Nottingham Forest,2026-09-12T14:00:00+00:00,finished,4,1-2,Nottingham Forest,Murillo,D,90,6.7,63,0,1,,0.00818519,0,0,1,42,37,3,1,0,0,2,1,4,6,1,1,2,2,8,2,6,0,0,7,0,5,1,0,0,1,0,2026-09-13T05:01:55.158585+00:00
Inglaterra Premier League 2026/2027,Aston Villa - Nottingham Forest,2026-09-12T14:00:00+00:00,finished,4,1-2,Nottingham Forest,Neco Williams,D,90,6.8,44,0,0,0.1746,0.0720032,2,0,1,21,17,4,4,4,2,2,0,3,3,1,0,1,1,2,0,1,0,1,15,1,0,0,0,0,1,0,2026-09-13T05:01:55.158570+00:00
Inglaterra Premier League 2026/2027,Aston Villa - Nottingham Forest,2026-09-12T14:00:00+00:00,finished,4,1-2,Nottingham Forest,Nicolás Domínguez,M,0,,0,0,0,,,0,0,0,0,0,0,0,0,0,0,0,0,0,0,0,0,0,0,0,0,0,0,0,0,0,0,0,0,0,0,2026-09-13T05:01:55.158655+00:00
Inglaterra Premier League 2026/2027,Aston Villa - Nottingham Forest,2026-09-12T14:00:00+00:00,finished,4,1-2,Nottingham Forest,Ola Aina,D,90,6.8,52,0,0,,0.00517907,0,0,0,39,35,1,0,0,0,1,0,5,2,1,0,3,1,4,1,2,0,0,7,1,1,0,0,0,1,0,2026-09-13T05:01:55.158554+00:00
Inglaterra Premier League 2026/2027,Aston Villa - Nottingham Forest,2026-09-12T14:00:00+00:00,finished,4,1-2,Nottingham Forest,Ousmane Diomande,D,90,7.0,51,0,0,0.0636,0.00290653,1,0,0,32,31,1,0,0,0,1,0,7,2,5,0,1,0,11,1,3,0,0,2,1,0,0,0,0,1,0,2026-09-13T05:01:55.158562+00:00
Inglaterra Premier League 2026/2027,Aston Villa - Nottingham Forest,2026-09-12T14:00:00+00:00,finished,4,1-2,Aston Villa,Pau Torres,D,25,6.9,26,0,0,,0.00099459,0,0,0,25,22,1,1,0,0,0,0,2,0,1,0,0,0,0,0,0,0,0,3,1,0,0,0,0,0,0,2026-09-13T05:01:55.158508+00:00
Inglaterra Premier League 2026/2027,Aston Villa - Nottingham Forest,2026-09-12T14:00:00+00:00,finished,4,1-2,Aston Villa,Ross Barkley,M,63,6.6,43,0,0,0.0203,0.0100709,1,1,0,30,28,0,0,0,0,1,0,5,8,0,0,4,2,0,0,3,0,3,6,1,3,0,0,0,1,0,2026-09-13T05:01:55.158452+00:00
Inglaterra Premier League 2026/2027,Aston Villa - Nottingham Forest,2026-09-12T14:00:00+00:00,finished,4,1-2,Nottingham Forest,Ryan Yates,M,0,,0,0,0,,,0,0,0,0,0,0,0,0,0,0,0,0,0,0,0,0,0,0,0,0,0,0,0,0,0,0,0,0,0,0,2026-09-13T05:01:55.158690+00:00
Inglaterra Premier League 2026/2027,Aston Villa - Nottingham Forest,2026-09-12T14:00:00+00:00,finished,4,1-2,Aston Villa,Tammy Abraham,F,45,6.4,14,0,0,,0.00156694,0,0,0,10,5,1,1,0,0,2,1,1,3,0,2,0,0,0,0,1,0,0,8,0,0,0,0,0,2,0,2026-09-13T05:01:55.158485+00:00
Inglaterra Premier League 2026/2027,Aston Villa - Nottingham Forest,2026-09-12T14:00:00+00:00,finished,4,1-2,Aston Villa,Tyrone Mings,D,65,7.3,41,0,0,0.133,0.00479137,1,0,0,34,29,1,1,0,0,1,1,7,3,4,2,1,0,1,0,2,0,0,5,1,1,1,0,0,2,0,2026-09-13T05:01:55.158435+00:00
Inglaterra Premier League 2026/2027,Aston Villa - Nottingham Forest,2026-09-12T14:00:00+00:00,finished,4,1-2,Aston Villa,Victor Lindelöf,D,90,6.5,70,0,0,0.4366,0.0098985,1,1,0,64,60,3,0,0,0,0,0,0,1,0,0,0,0,1,0,0,0,0,5,0,1,0,0,0,2,0,2026-09-13T05:01:55.158398+00:00
Inglaterra Premier League 2026/2027,Aston Villa - Nottingham Forest,2026-09-12T14:00:00+00:00,finished,4,1-2,Nottingham Forest,Xaver Schlager,M,90,7.5,57,0,0,0.037,0.0234169,1,1,1,42,36,10,9,0,0,1,1,8,2,0,0,6,4,0,2,7,0,0,8,1,2,1,0,0,1,0,2026-09-13T05:01:55.158546+00:00
Inglaterra Premier League 2026/2027,Aston Villa - Nottingham Forest,2026-09-12T14:00:00+00:00,finished,4,1-2,Aston Villa,Zion Suzuki,G,90,7.4,57,0,0,,0.00476043,0,0,0,45,26,24,5,0,0,0,0,1,0,1,0,0,0,2,0,9,0,0,19,1,0,0,0,5,2,1,2026-09-13T05:01:55.158097+00:00
Inglaterra Premier League 2026/2027,Bournemouth - Brentford,2026-09-12T14:00:00+00:00,finished,4,2-2,Bournemouth,,,0,,0,0,0,,,0,0,0,0,0,0,0,0,0,0,0,0,0,0,0,0,0,0,0,0,0,0,0,0,0,0,0,0,0,0,2026-09-13T05:01:55.032396+00:00
Inglaterra Premier League 2026/2027,Bournemouth - Brentford,2026-09-12T14:00:00+00:00,finished,4,2-2,Brentford,,,30,6.9,21,0,0,,0.00682278,0,0,0,14,10,3,2,2,0,0,0,3,1,2,1,0,0,2,0,1,0,0,7,1,0,0,0,0,0,0,2026-09-13T05:01:55.032547+00:00
Inglaterra Premier League 2026/2027,Bournemouth - Brentford,2026-09-12T14:00:00+00:00,finished,4,2-2,Brentford,Aaron Hickey,D,71,6.7,45,0,0,0.0388,0.0247887,1,0,0,21,19,1,1,1,0,2,2,8,2,1,1,2,1,5,0,4,0,0,6,3,1,0,0,0,2,0,2026-09-13T05:01:55.032508+00:00
Inglaterra Premier League 2026/2027,Bournemouth - Brentford,2026-09-12T14:00:00+00:00,finished,4,2-2,Bournemouth,Adam Smith,D,90,6.5,65,0,0,,0.013493,0,0,0,39,31,5,1,1,0,0,0,6,4,4,2,1,0,5,0,4,0,0,15,1,2,1,0,0,2,0,2026-09-13T05:01:55.032271+00:00
Inglaterra Premier League 2026/2027,Bournemouth - Brentford,2026-09-12T14:00:00+00:00,finished,4,2-2,Bournemouth,Adrien Truffert,D,90,7.0,88,0,0,0.1094,0.126767,2,2,1,47,41,7,4,3,1,2,1,10,6,1,1,7,4,5,3,3,0,0,14,1,1,0,0,0,2,0,2026-09-13T05:01:55.032195+00:00
Inglaterra Premier League 2026/2027,Bournemouth - Brentford,2026-09-12T14:00:00+00:00,finished,4,2-2,Bournemouth,Alex Scott,M,90,6.6,78,0,0,0.1787,0.0520752,1,0,4,53,47,5,2,3,0,0,0,5,6,1,2,1,0,3,3,6,0,2,13,3,0,0,0,0,2,0,2026-09-13T05:01:55.032250+00:00
Inglaterra Premier League 2026/2027,Bournemouth - Brentford,2026-09-12T14:00:00+00:00,finished,4,2-2,Bournemouth,Alex Tóth,M,0,,0,0,0,,,0,0,0,0,0,0,0,0,0,0,0,0,0,0,0,0,0,0,0,0,0,0,0,0,0,0,0,0,0,0,2026-09-13T05:01:55.032443+00:00
Inglaterra Premier League 2026/2027,Bournemouth - Brentford,2026-09-12T14:00:00+00:00,finished,4,2-2,Bournemouth,António Silva,D,90,6.7,77,0,0,0.8701,0.0855976,2,0,1,59,52,8,4,0,0,0,0,6,4,6,3,0,0,7,4,5,0,0,10,0,0,0,0,0,2,0,2026-09-13T05:01:55.032298+00:00
Inglaterra Premier League 2026/2027,Bournemouth - Brentford,2026-09-12T14:00:00+00:00,finished,4,2-2,Bournemouth,Bafodé Diakité,D,0,,0,0,0,,,0,0,0,0,0,0,0,0,0,0,0,0,0,0,0,0,0,0,0,0,0,0,0,0,0,0,0,0,0,0,2026-09-13T05:01:55.032431+00:00
Inglaterra Premier League 2026/2027,Bournemouth - Brentford,2026-09-12T14:00:00+00:00,finished,4,2-2,Bournemouth,Ben Gannon-Doak,M,8,6.8,14,0,0,0.1133,0.0315685,2,0,0,8,7,1,1,2,0,1,1,2,0,0,0,1,1,0,0,4,1,0,3,0,0,0,0,0,0,0,2026-09-13T05:01:55.032369+00:00
Inglaterra Premier League 2026/2027,Bournemouth - Brentford,2026-09-12T14:00:00+00:00,finished,4,2-2,Brentford,Callum Wilson,F,0,,0,0,0,,,0,0,0,0,0,0,0,0,0,0,0,0,0,0,0,0,0,0,0,0,0,0,0,0,0,0,0,0,0,0,2026-09-13T05:01:55.032600+00:00
Inglaterra Premier League 2026/2027,Bournemouth - Brentford,2026-09-12T14:00:00+00:00,finished,4,2-2,Brentford,Caoimhin Kelleher,G,90,6.9,51,0,0,,0.00162111,0,0,0,37,19,23,5,0,0,0,0,0,0,0,0,0,0,1,0,11,0,0,18,0,0,0,0,8,2,0,2026-09-13T05:01:55.032450+00:00
Inglaterra Premier League 2026/2027,Bournemouth - Brentford,2026-09-12T14:00:00+00:00,finished,4,2-2,Brentford,Dango Ouattara,M,30,6.5,20,0,0,0.0163,0.00630857,1,0,0,13,9,0,0,0,0,1,0,3,3,2,1,0,0,1,0,3,1,0,7,1,1,0,0,0,0,0,2026-09-13T05:01:55.032556+00:00
Inglaterra Premier League 2026/2027,Bournemouth - Brentford,2026-09-12T14:00:00+00:00,finished,4,2-2,Bournemouth,David Brooks,M,13,6.6,8,0,0,,0.00160453,0,0,0,2,2,0,0,0,0,1,0,0,3,0,1,0,0,1,0,1,0,0,2,0,1,1,0,0,0,0,2026-09-13T05:01:55.032361+00:00
Inglaterra Premier League 2026/2027,Bournemouth - Brentford,2026-09-12T14:00:00+00:00,finished,4,2-2,Bournemouth,Evanilson,F,89,6.5,38,0,1,,0.23819,0,0,3,21,12,0,0,2,1,2,1,5,8,2,4,0,0,0,1,3,0,1,18,2,2,0,0,0,2,0,2026-09-13T05:01:55.032308+00:00
Inglaterra Premier League 2026/2027,Bournemouth - Brentford,2026-09-12T14:00:00+00:00,finished,4,2-2,Brentford,Fabio Carvalho,F,0,,0,0,0,,,0,0,0,0,0,0,0,0,0,0,0,0,0,0,0,0,0,0,0,0,0,0,0,0,0,0,0,0,0,0,2026-09-13T05:01:55.032586+00:00
Inglaterra Premier League 2026/2027,Bournemouth - Brentford,2026-09-12T14:00:00+00:00,finished,4,2-2,Brentford,Gustavo Nunes,F,0,,0,0,0,,,0,0,0,0,0,0,0,0,0,0,0,0,0,0,0,0,0,0,0,0,0,0,0,0,0,0,0,0,0,0,2026-09-13T05:01:55.032571+00:00
Inglaterra Premier League 2026/2027,Bournemouth - Brentford,2026-09-12T14:00:00+00:00,finished,4,2-2,Brentford,Hákon Rafn Valdimarsson,G,0,,0,0,0,,,0,0,0,0,0,0,0,0,0,0,0,0,0,0,0,0,0,0,0,0,0,0,0,0,0,0,0,0,0,0,2026-09-13T05:01:55.032578+00:00
Inglaterra Premier League 2026/2027,Bournemouth - Brentford,2026-09-12T14:00:00+00:00,finished,4,2-2,Brentford,Igor Thiago,F,90,6.1,33,0,0,0.1067,0.0284207,1,0,1,22,16,1,0,0,0,0,0,4,8,2,6,0,0,0,0,1,0,0,12,2,2,1,0,0,2,0,2026-09-13T05:01:55.032500+00:00
Inglaterra Premier League 2026/2027,Bournemouth - Brentford,2026-09-12T14:00:00+00:00,finished,4,2-2,Brentford,Jaidon Anthony,M,60,6.6,30,0,0,,0.095862,0,0,1,10,8,1,1,1,1,5,2,4,9,0,1,2,2,5,0,4,0,3,8,0,1,0,0,0,2,0,2026-09-13T05:01:55.032532+00:00
Inglaterra Premier League 2026/2027,Bournemouth - Brentford,2026-09-12T14:00:00+00:00,finished,4,2-2,Bournemouth,James Hill,D,90,6.7,78,0,0,,0.00964297,0,0,1,57,44,14,5,0,0,1,0,9,5,6,3,1,1,8,2,3,0,0,17,2,1,1,0,0,2,0,2026-09-13T05:01:55.032281+00:00
Inglaterra Premier League 2026/2027,Bournemouth - Brentford,2026-09-12T14:00:00+00:00,finished,4,2-2,Brentford,Jannik Schuster,D,90,6.4,52,0,0,,0.00761575,0,0,0,34,26,3,2,0,0,0,0,4,6,1,4,2,1,9,0,3,0,0,9,1,2,0,0,0,2,0,2026-09-13T05:01:55.032459+00:00
Inglaterra Premier League 2026/2027,Bournemouth - Brentford,2026-09-12T14:00:00+00:00,finished,4,2-2,Bournemouth,Julio Soler,D,0,,0,0,0,,,0,0,0,0,0,0,0,0,0,0,0,0,0,0,0,0,0,0,0,0,0,0,0,0,0,0,0,0,0,0,2026-09-13T05:01:55.032411+00:00
Inglaterra Premier League 2026/2027,Bournemouth - Brentford,2026-09-12T14:00:00+00:00,finished,4,2-2,Bournemouth,Justin Kluivert,M,66,7.5,32,1,0,0.2058,0.0168308,3,3,0,24,19,1,1,0,0,1,0,1,3,1,1,0,0,0,1,3,0,0,8,0,0,0,0,0,2,0,2026-09-13T05:01:55.032344+00:00
Inglaterra Premier League 2026/2027,Bournemouth - Brentford,2026-09-12T14:00:00+00:00,finished,4,2-2,Brentford,Keane Lewis-Potter,D,60,6.1,35,0,0,0.0301,0.132221,1,0,0,21,14,3,2,1,0,1,0,3,5,1,2,1,0,0,0,0,0,0,13,1,2,0,0,0,2,0,2026-09-13T05:01:55.032524+00:00
Inglaterra Premier League 2026/2027,Bournemouth - Brentford,2026-09-12T14:00:00+00:00,finished,4,2-2,Brentford,Kevin Schade,M,90,8.6,45,2,0,0.2007,0.10021,2,2,0,23,16,0,0,1,1,1,0,7,8,5,6,1,0,0,0,3,0,1,19,1,0,0,0,0,2,0,2026-09-13T05:01:55.032492+00:00
Inglaterra Premier League 2026/2027,Bournemouth - Brentford,2026-09-12T14:00:00+00:00,finished,4,2-2,Brentford,Kristoffer Ajer,D,90,6.0,49,0,0,0.013,0.00131526,1,0,0,36,25,4,1,0,0,0,0,6,3,4,2,2,0,6,1,1,0,0,12,0,1,0,0,0,2,0,2026-09-13T05:01:55.032467+00:00
Inglaterra Premier League 2026/2027,Bournemouth - Brentford,2026-09-12T14:00:00+00:00,finished,4,2-2,Bournemouth,Lewis Cook,M,8,6.5,5,0,0,,0.00093235,0,0,0,2,2,0,0,0,0,0,0,0,1,0,0,0,0,2,1,0,0,0,0,0,1,1,0,0,0,0,2026-09-13T05:01:55.032378+00:00
Inglaterra Premier League 2026/2027,Bournemouth - Brentford,2026-09-12T14:00:00+00:00,finished,4,2-2,Brentford,Mamadou Sangare,M,90,7.2,65,0,0,,0.280396,0,0,0,43,36,6,4,0,0,4,3,11,5,2,0,6,3,1,0,6,0,2,15,0,2,0,0,0,2,0,2026-09-13T05:01:55.032475+00:00
Inglaterra Premier League 2026/2027,Bournemouth - Brentford,2026-09-12T14:00:00+00:00,finished,4,2-2,Bournemouth,Marcus Tavernier,M,83,8.0,54,1,0,0.1795,0.502165,4,3,4,33,28,1,0,5,3,1,0,2,8,0,2,1,1,2,0,5,0,3,14,1,2,1,0,0,2,0,2026-09-13T05:01:55.032317+00:00
Inglaterra Premier League 2026/2027,Bournemouth - Brentford,2026-09-12T14:00:00+00:00,finished,4,2-2,Brentford,Michael Kayode,D,19,6.7,16,0,0,,0.0827973,0,0,1,10,7,1,0,2,1,0,0,1,2,1,0,0,0,0,1,1,0,0,6,0,0,0,0,0,0,0,2026-09-13T05:01:55.032563+00:00
Inglaterra Premier League 2026/2027,Bournemouth - Brentford,2026-09-12T14:00:00+00:00,finished,4,2-2,Brentford,Mikkel Damsgaard,M,30,6.6,23,0,0,0.0924,0.0047247,1,0,0,13,7,1,0,2,0,1,0,3,2,2,0,1,0,0,1,2,0,1,10,0,0,0,0,0,0,0,2026-09-13T05:01:55.032540+00:00
Inglaterra Premier League 2026/2027,Bournemouth - Brentford,2026-09-12T14:00:00+00:00,finished,4,2-2,Bournemouth,Rayan,M,82,6.6,42,0,0,0.5124,0.0304626,5,1,1,24,14,2,0,3,1,0,0,8,5,5,4,0,0,2,0,0,1,1,16,3,0,0,0,0,2,0,2026-09-13T05:01:55.032336+00:00
Inglaterra Premier League 2026/2027,Bournemouth - Brentford,2026-09-12T14:00:00+00:00,finished,4,2-2,Brentford,Rico Henry,D,0,,0,0,0,,,0,0,0,0,0,0,0,0,0,0,0,0,0,0,0,0,0,0,0,0,0,0,0,0,0,0,0,0,0,0,2026-09-13T05:01:55.032593+00:00
Inglaterra Premier League 2026/2027,Bournemouth - Brentford,2026-09-12T14:00:00+00:00,finished,4,2-2,Bournemouth,Ryan Christie,M,24,6.4,23,0,0,,0.117485,0,0,1,14,12,1,1,0,0,2,1,1,6,0,1,0,0,0,3,4,0,3,6,0,0,0,0,0,0,0,2026-09-13T05:01:55.032352+00:00
Inglaterra Premier League 2026/2027,Bournemouth - Brentford,2026-09-12T14:00:00+00:00,finished,4,2-2,Bournemouth,Tyler Adams,M,82,6.6,72,0,0,0.0287,0.0217307,1,1,0,55,52,2,0,1,0,2,0,2,4,0,0,2,0,0,3,5,0,0,6,0,0,0,0,0,2,0,2026-09-13T05:01:55.032326+00:00
Inglaterra Premier League 2026/2027,Bournemouth - Brentford,2026-09-12T14:00:00+00:00,finished,4,2-2,Brentford,Vitaly Janelt,M,90,6.9,65,0,0,,0.0770699,0,0,1,43,31,7,3,1,0,1,1,6,2,2,0,3,3,4,6,6,0,0,18,0,1,0,0,0,2,0,2026-09-13T05:01:55.032483+00:00
Inglaterra Premier League 2026/2027,Bournemouth - Brentford,2026-09-12T14:00:00+00:00,finished,4,2-2,Brentford,Yehor Yarmoliuk,M,60,6.4,36,0,1,,0.213102,0,0,1,29,17,1,0,2,1,2,1,1,3,0,2,0,0,1,1,2,0,0,14,0,0,0,0,0,2,0,2026-09-13T05:01:55.032516+00:00
Inglaterra Premier League 2026/2027,Bournemouth - Brentford,2026-09-12T14:00:00+00:00,finished,4,2-2,Bournemouth,Álvaro Rodriguez,F,1,,4,0,0,,0.00335294,0,0,0,3,3,0,0,0,0,0,0,0,1,0,1,0,0,0,0,0,0,0,1,0,0,0,0,0,0,0,2026-09-13T05:01:55.032388+00:00
Inglaterra Premier League 2026/2027,Bournemouth - Brentford,2026-09-12T14:00:00+00:00,finished,4,2-2,Bournemouth,Đorđe Petrović,G,90,5.1,42,0,0,,0.00029635,0,0,0,35,25,14,5,0,0,0,0,0,0,0,0,0,0,0,0,9,0,0,10,0,0,0,0,0,2,0,2026-09-13T05:01:55.032262+00:00
Inglaterra Premier League 2026/2027,Chelsea - Hull City,2026-09-12T14:00:00+00:00,finished,4,2-2,Hull City,,,30,6.3,14,0,0,0.0191,0.0309112,1,0,1,8,5,0,0,1,1,2,0,0,3,0,1,0,0,0,0,4,1,0,7,0,0,0,0,0,1,0,2026-09-13T05:01:54.902972+00:00
Inglaterra Premier League 2026/2027,Chelsea - Hull City,2026-09-12T14:00:00+00:00,finished,4,2-2,Hull City,,,30,6.9,13,0,0,0.3968,0.155835,2,1,1,4,2,1,1,2,2,0,0,0,0,0,0,0,0,1,0,1,0,0,3,0,0,0,0,0,1,0,2026-09-13T05:01:54.902989+00:00
Inglaterra Premier League 2026/2027,Chelsea - Hull City,2026-09-12T14:00:00+00:00,finished,4,2-2,Hull City,Brooke Norton-Cuffy,D,8,6.6,9,0,0,0.0309,0.00030095,1,0,0,5,4,1,1,0,0,1,0,0,2,0,0,0,0,0,0,2,1,0,2,0,1,1,0,0,0,0,2026-09-13T05:01:54.903027+00:00
Inglaterra Premier League 2026/2027,Chelsea - Hull City,2026-09-12T14:00:00+00:00,finished,4,2-2,Chelsea,Cole Palmer,M,90,7.0,51,0,1,0.1388,0.251861,3,0,3,34,27,3,3,1,0,3,1,2,3,0,0,0,0,0,0,3,0,1,16,1,0,0,0,0,2,0,2026-09-13T05:01:54.902705+00:00
Inglaterra Premier League 2026/2027,Chelsea - Hull City,2026-09-12T14:00:00+00:00,finished,4,2-2,Chelsea,Danny Welbeck,F,12,6.6,6,0,0,,0.0586597,0,0,1,3,3,0,0,0,0,0,0,0,0,0,0,0,0,0,0,0,0,0,1,0,0,0,0,0,0,0,2026-09-13T05:01:54.902784+00:00
Inglaterra Premier League 2026/2027,Chelsea - Hull City,2026-09-12T14:00:00+00:00,finished,4,2-2,Hull City,Dillon Phillips,G,0,,0,0,0,,,0,0,0,0,0,0,0,0,0,0,0,0,0,0,0,0,0,0,0,0,0,0,0,0,0,0,0,0,0,0,2026-09-13T05:01:54.903134+00:00
Inglaterra Premier League 2026/2027,Chelsea - Hull City,2026-09-12T14:00:00+00:00,finished,4,2-2,Hull City,Elliot Stroud,M,60,6.3,20,0,0,0.0104,0.00220887,1,0,0,11,7,1,0,0,0,0,0,3,4,1,1,2,1,0,0,3,0,0,7,0,2,0,0,0,1,0,2026-09-13T05:01:54.902920+00:00
Inglaterra Premier League 2026/2027,Chelsea - Hull City,2026-09-12T14:00:00+00:00,finished,4,2-2,Chelsea,Emiliano Martínez,G,90,6.9,29,0,0,,0.00035037,0,0,0,14,13,3,2,0,0,0,0,0,0,0,0,0,0,0,0,9,0,0,1,0,0,0,0,3,2,0,2026-09-13T05:01:54.902637+00:00
Inglaterra Premier League 2026/2027,Chelsea - Hull City,2026-09-12T14:00:00+00:00,finished,4,2-2,Chelsea,Estêvão,M,11,6.6,7,0,0,0.0546,0.0651913,1,1,0,3,2,0,0,1,0,0,0,2,0,0,0,1,0,0,0,0,0,0,2,1,0,0,0,0,0,0,2026-09-13T05:01:54.902798+00:00
Inglaterra Premier League 2026/2027,Chelsea - Hull City,2026-09-12T14:00:00+00:00,finished,4,2-2,Chelsea,Geovany Quenda,M,0,,0,0,0,,,0,0,0,0,0,0,0,0,0,0,0,0,0,0,0,0,0,0,0,0,0,0,0,0,0,0,0,0,0,0,2026-09-13T05:01:54.902805+00:00
Inglaterra Premier League 2026/2027,Chelsea - Hull City,2026-09-12T14:00:00+00:00,finished,4,2-2,Chelsea,Jamie Gittens,M,0,,0,0,0,,,0,0,0,0,0,0,0,0,0,0,0,0,0,0,0,0,0,0,0,0,0,0,0,0,0,0,0,0,0,0,2026-09-13T05:01:54.902813+00:00
Inglaterra Premier League 2026/2027,Chelsea - Hull City,2026-09-12T14:00:00+00:00,finished,4,2-2,Hull City,John Egan,D,90,6.5,47,0,0,0.0401,0.00286922,1,0,0,29,23,4,2,0,0,0,0,4,4,2,1,2,1,9,2,6,0,0,7,0,2,1,0,0,2,0,2026-09-13T05:01:54.902849+00:00
Inglaterra Premier League 2026/2027,Chelsea - Hull City,2026-09-12T14:00:00+00:00,finished,4,2-2,Chelsea,Jorrel Hato,D,45,6.3,25,0,0,,0.105192,0,0,0,18,14,1,0,0,0,1,1,3,1,1,1,1,0,0,1,2,0,0,6,0,0,0,0,0,2,0,2026-09-13T05:01:54.902763+00:00
Inglaterra Premier League 2026/2027,Chelsea - Hull City,2026-09-12T14:00:00+00:00,finished,4,2-2,Chelsea,Josh Acheampong,D,0,,0,0,0,,,0,0,0,0,0,0,0,0,0,0,0,0,0,0,0,0,0,0,0,0,0,0,0,0,0,0,0,0,0,0,2026-09-13T05:01:54.902819+00:00
Inglaterra Premier League 2026/2027,Chelsea - Hull City,2026-09-12T14:00:00+00:00,finished,4,2-2,Chelsea,João Pedro,F,90,7.8,42,1,1,0.2868,0.0499076,1,1,1,22,14,0,0,2,0,4,2,7,7,4,4,0,0,2,0,0,0,1,18,1,1,0,0,0,2,0,2026-09-13T05:01:54.902723+00:00
Inglaterra Premier League 2026/2027,Chelsea - Hull City,2026-09-12T14:00:00+00:00,finished,4,2-2,Hull City,Konstantinos Tzolakis,G,90,6.9,59,0,0,,0.00369527,0,0,0,37,10,33,8,0,0,0,0,2,0,1,0,0,0,2,1,15,0,0,27,1,0,0,0,5,2,2,2026-09-13T05:01:54.902834+00:00
Inglaterra Premier League 2026/2027,Chelsea - Hull City,2026-09-12T14:00:00+00:00,finished,4,2-2,Chelsea,Levi Colwill,D,90,7.1,74,0,0,,0.0126857,0,0,1,66,60,3,1,0,0,0,0,3,0,3,0,0,0,4,0,6,0,0,6,0,1,0,0,0,2,0,2026-09-13T05:01:54.902684+00:00
Inglaterra Premier League 2026/2027,Chelsea - Hull City,2026-09-12T14:00:00+00:00,finished,4,2-2,Hull City,Lewie Coyle,D,82,6.0,34,0,0,0.131,0.0139899,1,0,1,17,13,3,2,0,0,0,0,1,5,0,3,1,1,3,0,4,1,1,7,0,0,0,0,0,2,0,2026-09-13T05:01:54.902877+00:00
Inglaterra Premier League 2026/2027,Chelsea - Hull City,2026-09-12T14:00:00+00:00,finished,4,2-2,Hull City,Lucas Gourna-Douath,M,0,,0,0,0,,,0,0,0,0,0,0,0,0,0,0,0,0,0,0,0,0,0,0,0,0,0,0,0,0,0,0,0,0,0,0,2026-09-13T05:01:54.903143+00:00
Inglaterra Premier League 2026/2027,Chelsea - Hull City,2026-09-12T14:00:00+00:00,finished,4,2-2,Hull City,Lucas Herrington,D,31,6.2,13,0,0,,0.0144624,0,0,0,11,9,0,0,0,0,0,0,0,1,0,1,0,0,0,1,0,0,0,2,0,0,0,0,0,1,0,2026-09-13T05:01:54.902956+00:00
Inglaterra Premier League 2026/2027,Chelsea - Hull City,2026-09-12T14:00:00+00:00,finished,4,2-2,Chelsea,Malo Gusto,D,78,6.1,70,0,0,0.0388,0.0761037,1,0,1,52,44,5,0,3,2,0,0,0,2,0,1,0,0,3,2,4,1,0,12,0,0,0,0,0,2,0,2026-09-13T05:01:54.902746+00:00
Inglaterra Premier League 2026/2027,Chelsea - Hull City,2026-09-12T14:00:00+00:00,finished,4,2-2,Hull City,Matt Crooks,M,69,6.4,25,0,0,,0.00387996,0,0,0,17,12,2,1,0,0,0,0,3,5,1,0,2,0,4,0,3,0,1,6,0,3,1,0,0,2,0,2026-09-13T05:01:54.902885+00:00
Inglaterra Premier League 2026/2027,Chelsea - Hull City,2026-09-12T14:00:00+00:00,finished,4,2-2,Hull City,Matt Targett,D,0,,0,0,0,,,0,0,0,0,0,0,0,0,0,0,0,0,0,0,0,0,0,0,0,0,0,0,0,0,0,0,0,0,0,0,2026-09-13T05:01:54.903117+00:00
Inglaterra Premier League 2026/2027,Chelsea - Hull City,2026-09-12T14:00:00+00:00,finished,4,2-2,Chelsea,Maxence Lacroix,D,11,6.5,8,0,0,,0.00027038,0,0,0,5,5,0,0,0,0,0,0,0,2,0,1,0,0,0,2,0,0,0,0,0,1,0,0,0,0,0,2026-09-13T05:01:54.902791+00:00
Inglaterra Premier League 2026/2027,Chelsea - Hull City,2026-09-12T14:00:00+00:00,finished,4,2-2,Chelsea,Mike Penders,G,0,,0,0,0,,,0,0,0,0,0,0,0,0,0,0,0,0,0,0,0,0,0,0,0,0,0,0,0,0,0,0,0,0,0,0,2026-09-13T05:01:54.902826+00:00
Inglaterra Premier League 2026/2027,Chelsea - Hull City,2026-09-12T14:00:00+00:00,finished,4,2-2,Hull City,Mohamed Belloumi,M,60,8.5,16,2,0,0.243,0.0600532,3,2,1,6,4,1,0,1,0,0,0,1,3,0,0,1,0,0,0,0,1,0,5,0,1,0,0,0,1,0,2026-09-13T05:01:54.902900+00:00
Inglaterra Premier League 2026/2027,Chelsea - Hull City,2026-09-12T14:00:00+00:00,finished,4,2-2,Chelsea,Morgan Rogers,M,90,7.6,43,1,0,0.2089,0.0208139,2,2,0,23,18,2,1,0,0,4,1,6,6,0,1,2,0,0,0,4,0,1,10,3,0,0,0,0,2,0,2026-09-13T05:01:54.902714+00:00
Inglaterra Premier League 2026/2027,Chelsea - Hull City,2026-09-12T14:00:00+00:00,finished,4,2-2,Hull City,Nobel Mendy,D,59,6.7,33,0,0,,0.00234129,0,0,0,21,18,3,2,0,0,0,0,4,2,2,0,2,0,4,1,0,0,1,5,1,0,0,0,0,1,0,2026-09-13T05:01:54.902940+00:00
Inglaterra Premier League 2026/2027,Chelsea - Hull City,2026-09-12T14:00:00+00:00,finished,4,2-2,Hull City,Oli McBurnie,F,82,6.8,30,0,1,0.4715,0.0454678,1,1,1,14,10,0,0,0,0,2,1,7,9,2,7,1,1,1,0,0,0,0,9,3,1,1,0,0,2,0,2026-09-13T05:01:54.902870+00:00
Inglaterra Premier League 2026/2027,Chelsea - Hull City,2026-09-12T14:00:00+00:00,finished,4,2-2,Chelsea,Pedro Neto,M,86,6.0,78,0,0,0.0223,0.104928,1,1,1,48,42,3,0,9,3,3,1,2,7,0,2,1,0,1,2,2,0,1,18,0,1,0,0,0,2,0,2026-09-13T05:01:54.902739+00:00
Inglaterra Premier League 2026/2027,Chelsea - Hull City,2026-09-12T14:00:00+00:00,finished,4,2-2,Chelsea,Pep Chavarría,D,45,6.7,38,0,0,,0.00746686,0,0,0,23,19,2,1,2,0,0,0,1,1,0,1,0,0,0,0,1,0,0,9,1,0,0,0,0,0,0,2026-09-13T05:01:54.902770+00:00
Inglaterra Premier League 2026/2027,Chelsea - Hull City,2026-09-12T14:00:00+00:00,finished,4,2-2,Chelsea,Reece James,D,90,7.6,110,0,0,0.1361,0.14005,3,2,0,85,80,5,5,7,1,0,0,3,1,0,0,2,1,2,0,4,0,1,15,1,0,0,0,0,2,0,2026-09-13T05:01:54.902696+00:00
Inglaterra Premier League 2026/2027,Chelsea - Hull City,2026-09-12T14:00:00+00:00,finished,4,2-2,Hull City,Regan Slater,M,90,7.3,40,0,0,0.0418,0.104201,1,1,2,26,22,3,2,2,1,1,1,5,0,1,0,3,3,2,1,4,0,0,7,0,0,0,0,0,2,0,2026-09-13T05:01:54.902863+00:00
Inglaterra Premier League 2026/2027,Chelsea - Hull City,2026-09-12T14:00:00+00:00,finished,4,2-2,Hull City,Robinio Vaz,F,8,6.5,6,0,0,,0.00406159,0,0,0,2,2,0,0,0,0,0,0,1,2,0,0,0,0,0,0,1,0,1,2,1,1,0,0,0,0,0,2026-09-13T05:01:54.903045+00:00
Inglaterra Premier League 2026/2027,Chelsea - Hull City,2026-09-12T14:00:00+00:00,finished,4,2-2,Chelsea,Roméo Lavia,M,70,6.6,53,0,0,,0.0555728,0,0,0,43,35,1,0,0,0,1,1,2,3,0,1,1,1,0,3,6,0,1,11,0,1,0,0,0,2,0,2026-09-13T05:01:54.902755+00:00
Inglaterra Premier League 2026/2027,Chelsea - Hull City,2026-09-12T14:00:00+00:00,finished,4,2-2,Hull City,Ryan Giles,D,90,6.4,42,0,1,,0.184765,0,0,2,15,10,3,0,7,3,0,0,3,2,1,0,1,1,5,1,2,0,1,13,1,0,0,0,0,2,0,2026-09-13T05:01:54.902856+00:00
Inglaterra Premier League 2026/2027,Chelsea - Hull City,2026-09-12T14:00:00+00:00,finished,4,2-2,Hull City,Semi Ajayi,D,90,6.0,38,0,0,0.1266,0.00122931,1,0,0,26,21,1,0,0,0,1,0,3,2,2,1,1,0,1,1,2,0,0,7,0,0,0,0,0,2,0,2026-09-13T05:01:54.902841+00:00
Inglaterra Premier League 2026/2027,Chelsea - Hull City,2026-09-12T14:00:00+00:00,finished,4,2-2,Hull City,Tim Iroegbunam,M,21,6.6,12,0,0,,0.00111408,0,0,0,8,7,0,0,0,0,0,0,1,1,0,0,1,1,0,1,0,0,0,3,0,1,1,0,0,0,0,2026-09-13T05:01:54.903009+00:00
Inglaterra Premier League 2026/2027,Chelsea - Hull City,2026-09-12T14:00:00+00:00,finished,4,2-2,Chelsea,Valentín Barco,M,20,7.0,37,0,0,,0.0904198,0,0,0,30,27,2,2,2,0,0,0,3,3,1,0,0,0,0,1,1,0,2,7,2,1,1,0,0,0,0,2026-09-13T05:01:54.902777+00:00
Inglaterra Premier League 2026/2027,Chelsea - Hull City,2026-09-12T14:00:00+00:00,finished,4,2-2,Chelsea,Wesley Fofana,D,86,7.5,96,0,0,,0.0254425,0,0,0,84,76,4,3,1,0,1,1,11,2,6,1,2,1,2,2,4,0,0,9,2,1,0,0,0,2,0,2026-09-13T05:01:54.902731+00:00
Inglaterra Premier League 2026/2027,Crystal Palace - Ipswich Town,2026-09-12T14:00:00+00:00,finished,4,2-3,Crystal Palace,,,90,7.8,70,0,0,0.1028,0.0329205,2,1,0,45,34,4,1,1,0,4,3,12,2,0,1,7,4,2,0,6,0,0,14,2,0,0,0,0,3,0,2026-09-13T05:01:54.789224+00:00
Inglaterra Premier League 2026/2027,Crystal Palace - Ipswich Town,2026-09-12T14:00:00+00:00,finished,4,2-3,Crystal Palace,,,13,6.4,12,0,0,0.118,0.00551302,1,0,0,5,3,1,0,0,0,1,1,3,0,0,0,0,0,1,0,0,0,0,2,2,0,0,0,0,1,0,2026-09-13T05:01:54.789275+00:00
Inglaterra Premier League 2026/2027,Crystal Palace - Ipswich Town,2026-09-12T14:00:00+00:00,finished,4,2-3,Crystal Palace,,,12,6.3,5,0,0,,0.00052218,0,0,0,1,1,0,0,1,0,1,0,0,4,0,2,0,0,0,0,0,0,0,3,0,0,0,0,0,1,0,2026-09-13T05:01:54.789290+00:00
Inglaterra Premier League 2026/2027,Crystal Palace - Ipswich Town,2026-09-12T14:00:00+00:00,finished,4,2-3,Crystal Palace,,,0,,0,0,0,,,0,0,0,0,0,0,0,0,0,0,0,0,0,0,0,0,0,0,0,0,0,0,0,0,0,0,0,0,0,0,2026-09-13T05:01:54.789305+00:00
Inglaterra Premier League 2026/2027,Crystal Palace - Ipswich Town,2026-09-12T14:00:00+00:00,finished,4,2-3,Ipswich Town,,,27,6.8,11,1,0,0.5154,0.00056842,3,2,0,4,2,0,0,0,0,0,0,3,5,3,3,0,0,1,0,0,0,1,4,0,1,0,0,0,1,0,2026-09-13T05:01:54.789442+00:00
Inglaterra Premier League 2026/2027,Crystal Palace - Ipswich Town,2026-09-12T14:00:00+00:00,finished,4,2-3,Ipswich Town,,,13,6.5,28,0,0,,0.00975144,0,0,2,18,12,1,0,1,0,1,1,2,1,0,0,1,1,1,1,0,0,1,9,0,0,0,0,0,0,0,2026-09-13T05:01:54.789458+00:00
Inglaterra Premier League 2026/2027,Crystal Palace - Ipswich Town,2026-09-12T14:00:00+00:00,finished,4,2-3,Ipswich Town,Abdoul Ouattara,M,8,6.8,5,0,0,,0.00064173,0,0,0,4,3,0,0,0,0,0,0,1,0,0,0,1,1,0,0,1,0,0,1,0,0,0,0,0,0,0,2026-09-13T05:01:54.789464+00:00
Inglaterra Premier League 2026/2027,Crystal Palace - Ipswich Town,2026-09-12T14:00:00+00:00,finished,4,2-3,Ipswich Town,Abdul Fatawu Issahaku,M,62,6.5,47,0,0,,0.0503095,0,0,0,19,16,2,2,7,2,4,3,7,9,1,1,2,0,2,0,3,0,2,15,1,5,1,0,0,1,0,2026-09-13T05:01:54.789410+00:00
Inglaterra Premier League 2026/2027,Crystal Palace - Ipswich Town,2026-09-12T14:00:00+00:00,finished,4,2-3,Crystal Palace,Adam Wharton,M,77,6.7,45,0,0,0.0822,0.038858,1,0,1,32,25,3,3,5,0,0,0,3,2,0,1,1,1,1,0,3,0,0,15,2,0,0,0,0,2,0,2026-09-13T05:01:54.789253+00:00
Inglaterra Premier League 2026/2027,Crystal Palace - Ipswich Town,2026-09-12T14:00:00+00:00,finished,4,2-3,Crystal Palace,Anan Khalaili,M,90,7.4,57,1,0,0.2241,0.136218,4,1,1,31,21,3,1,4,0,0,0,3,1,1,0,2,0,3,0,4,0,0,19,0,1,0,0,0,3,0,2026-09-13T05:01:54.789156+00:00
Inglaterra Premier League 2026/2027,Crystal Palace - Ipswich Town,2026-09-12T14:00:00+00:00,finished,4,2-3,Crystal Palace,Axel Disasi,D,34,5.2,30,0,0,,0.0005071,0,0,0,24,23,2,1,0,0,0,0,0,2,0,0,0,0,4,2,2,0,0,1,0,2,0,1,0,3,0,2026-09-13T05:01:54.789270+00:00
Inglaterra Premier League 2026/2027,Crystal Palace - Ipswich Town,2026-09-12T14:00:00+00:00,finished,4,2-3,Crystal Palace,Chris Richards,D,90,6.2,72,0,0,,0.0563994,0,0,0,49,44,3,1,1,0,1,0,2,6,1,4,1,1,8,3,6,0,0,10,0,1,1,0,0,3,0,2026-09-13T05:01:54.789217+00:00
Inglaterra Premier League 2026/2027,Crystal Palace - Ipswich Town,2026-09-12T14:00:00+00:00,finished,4,2-3,Ipswich Town,Christian Walton,G,0,,0,0,0,,,0,0,0,0,0,0,0,0,0,0,0,0,0,0,0,0,0,0,0,0,0,0,0,0,0,0,0,0,0,0,2026-09-13T05:01:54.789469+00:00
Inglaterra Premier League 2026/2027,Crystal Palace - Ipswich Town,2026-09-12T14:00:00+00:00,finished,4,2-3,Ipswich Town,Chuba Akpom,F,0,,0,0,0,,,0,0,0,0,0,0,0,0,0,0,0,0,0,0,0,0,0,0,0,0,0,0,0,0,0,0,0,0,0,0,2026-09-13T05:01:54.789483+00:00
Inglaterra Premier League 2026/2027,Crystal Palace - Ipswich Town,2026-09-12T14:00:00+00:00,finished,4,2-3,Ipswich Town,Cédric Kipré,D,0,,0,0,0,,,0,0,0,0,0,0,0,0,0,0,0,0,0,0,0,0,0,0,0,0,0,0,0,0,0,0,0,0,0,0,2026-09-13T05:01:54.789478+00:00
Inglaterra Premier League 2026/2027,Crystal Palace - Ipswich Town,2026-09-12T14:00:00+00:00,finished,4,2-3,Crystal Palace,Daichi Kamada,M,84,7.4,26,0,2,,0.0506194,0,0,2,16,15,1,1,1,0,1,0,3,3,0,0,1,1,0,0,0,0,1,6,2,0,0,0,0,2,0,2026-09-13T05:01:54.789242+00:00
Inglaterra Premier League 2026/2027,Crystal Palace - Ipswich Town,2026-09-12T14:00:00+00:00,finished,4,2-3,Ipswich Town,Daizen Maeda,F,27,6.1,10,0,0,,0.00195583,0,0,0,7,7,0,0,0,0,0,0,0,5,0,1,0,0,0,0,0,0,1,3,0,2,0,0,0,1,0,2026-09-13T05:01:54.789452+00:00
Inglaterra Premier League 2026/2027,Crystal Palace - Ipswich Town,2026-09-12T14:00:00+00:00,finished,4,2-3,Ipswich Town,Dara O'Shea,D,90,6.4,77,0,0,,0.0843992,0,0,3,49,32,11,3,4,2,1,1,6,2,3,0,2,0,6,1,2,0,0,21,0,0,0,0,0,2,0,2026-09-13T05:01:54.789323+00:00
Inglaterra Premier League 2026/2027,Crystal Palace - Ipswich Town,2026-09-12T14:00:00+00:00,finished,4,2-3,Crystal Palace,Dwight McNeil,M,0,,0,0,0,,,0,0,0,0,0,0,0,0,0,0,0,0,0,0,0,0,0,0,0,0,0,0,0,0,0,0,0,0,0,0,2026-09-13T05:01:54.789310+00:00
Inglaterra Premier League 2026/2027,Crystal Palace - Ipswich Town,2026-09-12T14:00:00+00:00,finished,4,2-3,Ipswich Town,Emersonn,F,63,7.7,27,1,1,0.44,0.0472063,3,1,1,12,9,0,0,0,0,1,1,2,1,0,1,0,0,0,0,2,0,0,8,1,0,0,0,0,1,0,2026-09-13T05:01:54.789398+00:00
Inglaterra Premier League 2026/2027,Crystal Palace - Ipswich Town,2026-09-12T14:00:00+00:00,finished,4,2-3,Ipswich Town,Exequiel Palacios,M,90,6.8,75,0,0,,0.0352515,0,0,0,62,59,5,4,0,0,0,0,2,5,0,0,2,1,4,1,5,0,0,3,0,2,0,0,0,2,0,2026-09-13T05:01:54.789345+00:00
Inglaterra Premier League 2026/2027,Crystal Palace - Ipswich Town,2026-09-12T14:00:00+00:00,finished,4,2-3,Crystal Palace,Honest Ahanor,D,90,6.7,78,0,0,,0.00872435,0,0,1,55,48,5,1,1,0,0,0,9,4,2,1,2,2,8,1,4,0,0,10,5,2,0,0,0,3,0,2026-09-13T05:01:54.789231+00:00
Inglaterra Premier League 2026/2027,Crystal Palace - Ipswich Town,2026-09-12T14:00:00+00:00,finished,4,2-3,Ipswich Town,Issa Diop,D,90,6.8,68,0,0,,0.131284,0,0,0,56,52,2,1,0,0,0,0,3,1,2,0,1,1,2,4,5,0,0,5,0,1,0,0,0,2,0,2026-09-13T05:01:54.789331+00:00
Inglaterra Premier League 2026/2027,Crystal Palace - Ipswich Town,2026-09-12T14:00:00+00:00,finished,4,2-3,Ipswich Town,Jack Clarke,M,63,6.6,35,0,0,0.1467,0.0200913,1,1,1,26,19,1,1,2,0,0,0,3,3,1,0,1,1,0,0,1,0,2,13,1,1,1,0,0,1,0,2026-09-13T05:01:54.789378+00:00
Inglaterra Premier League 2026/2027,Crystal Palace - Ipswich Town,2026-09-12T14:00:00+00:00,finished,4,2-3,Ipswich Town,Jacob Greaves,D,88,6.5,68,0,0,,0.0101426,0,0,0,59,55,6,3,0,0,0,0,2,2,2,1,0,0,3,2,4,0,0,4,0,0,0,0,0,2,0,2026-09-13T05:01:54.789358+00:00
Inglaterra Premier League 2026/2027,Crystal Palace - Ipswich Town,2026-09-12T14:00:00+00:00,finished,4,2-3,Ipswich Town,Jaden Philogene-Bidace,M,28,6.2,22,0,0,0.015,0.00340737,1,1,0,11,8,0,0,3,0,2,0,0,3,0,0,0,0,0,0,3,0,1,10,0,0,0,0,0,1,0,2026-09-13T05:01:54.789423+00:00
Inglaterra Premier League 2026/2027,Crystal Palace - Ipswich Town,2026-09-12T14:00:00+00:00,finished,4,2-3,Crystal Palace,Jefferson Lerma,M,12,6.5,6,0,0,,0.0010192,0,0,0,2,1,0,0,0,0,0,0,1,2,1,2,0,0,1,0,0,0,0,1,0,0,0,0,0,1,0,2026-09-13T05:01:54.789285+00:00
Inglaterra Premier League 2026/2027,Crystal Palace - Ipswich Town,2026-09-12T14:00:00+00:00,finished,4,2-3,Ipswich Town,Julio Enciso,M,90,6.7,37,0,0,0.0528,0.174055,2,0,1,21,17,0,0,1,0,3,0,3,7,1,0,0,0,1,0,4,1,3,14,2,1,0,0,0,2,0,2026-09-13T05:01:54.789352+00:00
Inglaterra Premier League 2026/2027,Crystal Palace - Ipswich Town,2026-09-12T14:00:00+00:00,finished,4,2-3,Crystal Palace,Jørgen Strand Larsen,F,84,7.7,31,1,0,0.0884,0.0242011,3,2,1,15,12,2,1,0,0,2,1,4,5,1,2,1,1,0,0,1,1,2,12,1,0,0,0,0,2,0,2026-09-13T05:01:54.789237+00:00
Inglaterra Premier League 2026/2027,Crystal Palace - Ipswich Town,2026-09-12T14:00:00+00:00,finished,4,2-3,Ipswich Town,Kjell Scherpen,G,90,5.7,43,0,0,,0.00076127,0,0,0,29,17,14,3,0,0,0,0,2,0,2,0,0,0,3,0,9,0,0,13,0,0,0,0,2,2,1,2026-09-13T05:01:54.789316+00:00
Inglaterra Premier League 2026/2027,Crystal Palace - Ipswich Town,2026-09-12T14:00:00+00:00,finished,4,2-3,Ipswich Town,Leif Davis,D,90,7.1,43,1,1,0.5151,0.191931,2,1,1,23,18,3,1,3,1,0,0,1,2,0,2,0,0,2,0,0,0,0,10,1,0,0,0,0,2,0,2026-09-13T05:01:54.789338+00:00
Inglaterra Premier League 2026/2027,Crystal Palace - Ipswich Town,2026-09-12T14:00:00+00:00,finished,4,2-3,Ipswich Town,Marcelino Núñez,M,0,,0,0,0,,,0,0,0,0,0,0,0,0,0,0,0,0,0,0,0,0,0,0,0,0,0,0,0,0,0,0,0,0,0,0,2026-09-13T05:01:54.789473+00:00
Inglaterra Premier League 2026/2027,Crystal Palace - Ipswich Town,2026-09-12T14:00:00+00:00,finished,4,2-3,Crystal Palace,Remi Matthews,G,0,,0,0,0,,,0,0,0,0,0,0,0,0,0,0,0,0,0,0,0,0,0,0,0,0,0,0,0,0,0,0,0,0,0,0,2026-09-13T05:01:54.789295+00:00
Inglaterra Premier League 2026/2027,Crystal Palace - Ipswich Town,2026-09-12T14:00:00+00:00,finished,4,2-3,Ipswich Town,Saša Lukić,M,77,6.4,52,0,0,,0.0970902,0,0,2,44,39,2,1,0,0,0,0,1,4,0,1,1,0,3,2,4,0,0,5,0,3,1,0,0,2,0,2026-09-13T05:01:54.789366+00:00
Inglaterra Premier League 2026/2027,Crystal Palace - Ipswich Town,2026-09-12T14:00:00+00:00,finished,4,2-3,Crystal Palace,Takehiro Tomiyasu,D,53,6.7,48,0,0,,0.00662527,0,0,0,35,32,4,3,0,0,0,0,4,2,2,2,1,1,3,1,3,0,0,4,1,0,0,0,0,2,0,2026-09-13T05:01:54.789259+00:00
Inglaterra Premier League 2026/2027,Crystal Palace - Ipswich Town,2026-09-12T14:00:00+00:00,finished,4,2-3,Crystal Palace,Tyrick Mitchell,M,77,6.5,50,0,0,,0.0558482,0,0,1,29,23,2,1,2,1,0,0,1,3,1,0,0,0,1,0,8,0,2,15,0,0,0,0,0,2,0,2026-09-13T05:01:54.789248+00:00
Inglaterra Premier League 2026/2027,Crystal Palace - Ipswich Town,2026-09-12T14:00:00+00:00,finished,4,2-3,Crystal Palace,Walter Benítez,G,90,7.2,36,0,0,,0.00116473,0,0,0,27,16,18,7,0,0,0,0,1,0,1,0,0,0,1,0,7,0,0,11,0,0,0,0,3,3,1,2026-09-13T05:01:54.789205+00:00
Inglaterra Premier League 2026/2027,Crystal Palace - Ipswich Town,2026-09-12T14:00:00+00:00,finished,4,2-3,Crystal Palace,Will Hughes,M,13,6.8,14,0,0,,0.0389932,0,0,1,7,5,0,0,2,1,2,2,3,0,0,0,1,1,1,0,2,0,0,4,0,0,0,0,0,1,0,2026-09-13T05:01:54.789280+00:00
Inglaterra Premier League 2026/2027,Crystal Palace - Ipswich Town,2026-09-12T14:00:00+00:00,finished,4,2-3,Crystal Palace,Yéremy Pino,F,37,6.5,20,0,0,,0.00731288,0,0,0,15,12,0,0,2,0,0,0,1,2,0,0,0,0,0,0,1,0,1,6,1,0,0,0,0,1,0,2026-09-13T05:01:54.789265+00:00
Inglaterra Premier League 2026/2027,Crystal Palace - Ipswich Town,2026-09-12T14:00:00+00:00,finished,4,2-3,Crystal Palace,Óscar Mingueza,M,0,,0,0,0,,,0,0,0,0,0,0,0,0,0,0,0,0,0,0,0,0,0,0,0,0,0,0,0,0,0,0,0,0,0,0,2026-09-13T05:01:54.789301+00:00
Inglaterra Premier League 2026/2027,Liverpool FC - Fulham,2026-09-12T14:00:00+00:00,finished,4,0-0,Fulham,,,90,6.9,58,0,0,,0.00356011,0,0,0,44,34,10,3,0,0,0,0,1,2,0,0,1,1,9,2,3,0,0,10,0,1,0,0,0,0,0,2026-09-13T05:01:54.688307+00:00
Inglaterra Premier League 2026/2027,Liverpool FC - Fulham,2026-09-12T14:00:00+00:00,finished,4,0-0,Fulham,Alex Iwobi,M,77,6.8,49,0,0,0.1595,0.108976,2,0,2,38,33,0,0,6,2,0,0,1,1,0,0,1,1,0,0,3,2,1,11,0,0,0,0,0,0,0,2026-09-13T05:01:54.688387+00:00
Inglaterra Premier League 2026/2027,Liverpool FC - Fulham,2026-09-12T14:00:00+00:00,finished,4,0-0,Liverpool FC,Alexander Isak,F,90,6.8,16,0,0,0.5274,0.00343196,3,1,0,5,5,0,0,0,0,2,2,4,2,1,1,0,0,0,0,1,0,1,2,1,0,0,0,0,0,0,2026-09-13T05:01:54.687779+00:00
Inglaterra Premier League 2026/2027,Liverpool FC - Fulham,2026-09-12T14:00:00+00:00,finished,4,0-0,Liverpool FC,Alexis Mac Allister,M,30,6.7,26,0,0,0.0156,0.0164717,1,0,2,20,18,1,0,0,0,0,0,1,0,0,0,1,1,1,1,1,1,0,3,0,0,0,0,0,0,0,2026-09-13T05:01:54.687996+00:00
Inglaterra Premier League 2026/2027,Liverpool FC - Fulham,2026-09-12T14:00:00+00:00,finished,4,0-0,Liverpool FC,Alisson,G,90,8.1,40,0,0,,0.00325213,0,0,0,28,22,10,5,0,0,0,0,0,0,0,0,0,0,0,0,14,0,0,6,0,0,0,0,3,0,0,2026-09-13T05:01:54.687800+00:00
Inglaterra Premier League 2026/2027,Liverpool FC - Fulham,2026-09-12T14:00:00+00:00,finished,4,0-0,Fulham,Antonee Robinson,D,90,6.6,69,0,0,0.0538,0.0520889,1,0,2,35,28,5,3,5,0,0,0,3,6,1,1,2,1,6,0,4,0,0,21,0,3,0,0,0,0,0,2026-09-13T05:01:54.688250+00:00
Inglaterra Premier League 2026/2027,Liverpool FC - Fulham,2026-09-12T14:00:00+00:00,finished,4,0-0,Fulham,Benjamin Lecomte,G,0,,0,0,0,,,0,0,0,0,0,0,0,0,0,0,0,0,0,0,0,0,0,0,0,0,0,0,0,0,0,0,0,0,0,0,2026-09-13T05:01:54.688561+00:00
Inglaterra Premier League 2026/2027,Liverpool FC - Fulham,2026-09-12T14:00:00+00:00,finished,4,0-0,Fulham,Bernd Leno,G,90,7.4,45,0,0,,0.00168712,0,0,0,38,18,24,4,0,0,0,0,0,0,0,0,0,0,1,0,8,0,0,20,0,0,0,0,3,0,0,2026-09-13T05:01:54.688269+00:00
Inglaterra Premier League 2026/2027,Liverpool FC - Fulham,2026-09-12T14:00:00+00:00,finished,4,0-0,Liverpool FC,Bradley Barcola,F,72,6.7,32,0,0,0.1719,0.0319187,1,0,1,19,14,1,1,2,0,2,0,3,3,0,0,3,3,0,0,1,0,0,10,0,0,0,0,0,0,0,2026-09-13T05:01:54.687881+00:00
Inglaterra Premier League 2026/2027,Liverpool FC - Fulham,2026-09-12T14:00:00+00:00,finished,4,0-0,Fulham,Calvin Bassey,D,90,7.3,40,0,0,0.0614,0.00289387,1,1,0,28,23,3,1,0,0,1,1,4,1,1,1,1,1,5,1,3,0,0,5,1,0,0,0,0,0,0,2026-09-13T05:01:54.688230+00:00
Inglaterra Premier League 2026/2027,Liverpool FC - Fulham,2026-09-12T14:00:00+00:00,finished,4,0-0,Liverpool FC,Cody Gakpo,M,30,6.5,12,0,0,0.0481,0.0162826,1,0,0,9,8,0,0,1,0,1,0,0,1,0,0,0,0,0,0,2,1,0,3,0,0,0,0,0,0,0,2026-09-13T05:01:54.688016+00:00
Inglaterra Premier League 2026/2027,Liverpool FC - Fulham,2026-09-12T14:00:00+00:00,finished,4,0-0,Fulham,César Palacios,M,0,,0,0,0,,,0,0,0,0,0,0,0,0,0,0,0,0,0,0,0,0,0,0,0,0,0,0,0,0,0,0,0,0,0,0,2026-09-13T05:01:54.688597+00:00
Inglaterra Premier League 2026/2027,Liverpool FC - Fulham,2026-09-12T14:00:00+00:00,finished,4,0-0,Liverpool FC,Dominik Szoboszlai,M,90,7.2,76,0,0,0.0597,0.278257,2,1,4,51,42,6,6,9,3,0,0,1,9,0,1,0,0,2,1,3,1,3,21,1,4,0,0,0,0,0,2026-09-13T05:01:54.687861+00:00
Inglaterra Premier League 2026/2027,Liverpool FC - Fulham,2026-09-12T14:00:00+00:00,finished,4,0-0,Fulham,Emile Smith Rowe,M,13,6.6,6,0,0,,0.00294165,0,0,0,5,3,1,0,0,0,0,0,0,0,0,0,0,0,0,1,1,0,0,2,0,0,0,0,0,0,0,2026-09-13T05:01:54.688485+00:00
Inglaterra Premier League 2026/2027,Liverpool FC - Fulham,2026-09-12T14:00:00+00:00,finished,4,0-0,Liverpool FC,Florian Wirtz,M,90,7.0,69,0,0,0.1408,0.0566553,3,0,2,53,44,1,0,0,0,2,0,2,2,1,0,1,1,2,0,6,1,0,14,0,0,0,0,0,0,0,2026-09-13T05:01:54.687732+00:00
Inglaterra Premier League 2026/2027,Liverpool FC - Fulham,2026-09-12T14:00:00+00:00,finished,4,0-0,Liverpool FC,Giorgi Mamardashvili,G,0,,0,0,0,,,0,0,0,0,0,0,0,0,0,0,0,0,0,0,0,0,0,0,0,0,0,0,0,0,0,0,0,0,0,0,2026-09-13T05:01:54.688087+00:00
Inglaterra Premier League 2026/2027,Liverpool FC - Fulham,2026-09-12T14:00:00+00:00,finished,4,0-0,Fulham,Gonzalo García,F,77,5.9,27,0,0,0.2043,0.0268238,1,1,1,14,8,0,0,0,0,1,0,3,9,3,7,0,0,1,0,2,0,0,13,0,1,0,0,0,0,0,2026-09-13T05:01:54.688348+00:00
Inglaterra Premier League 2026/2027,Liverpool FC - Fulham,2026-09-12T14:00:00+00:00,finished,4,0-0,Fulham,Hugo Larsson,M,13,6.6,3,0,0,,0.00527882,0,0,0,3,3,0,0,0,0,0,0,0,0,0,0,0,0,0,0,1,0,0,0,0,0,0,0,0,0,0,2026-09-13T05:01:54.688504+00:00
Inglaterra Premier League 2026/2027,Liverpool FC - Fulham,2026-09-12T14:00:00+00:00,finished,4,0-0,Liverpool FC,Jeremie Frimpong,D,18,7.0,23,0,0,,0.124769,0,0,2,12,10,1,0,2,1,0,0,1,0,0,0,1,1,2,1,1,0,0,4,0,0,0,0,0,0,0,2026-09-13T05:01:54.688036+00:00
Inglaterra Premier League 2026/2027,Liverpool FC - Fulham,2026-09-12T14:00:00+00:00,finished,4,0-0,Fulham,Joachim Andersen,D,0,,0,0,0,,,0,0,0,0,0,0,0,0,0,0,0,0,0,0,0,0,0,0,0,0,0,0,0,0,0,0,0,0,0,0,2026-09-13T05:01:54.688580+00:00
Inglaterra Premier League 2026/2027,Liverpool FC - Fulham,2026-09-12T14:00:00+00:00,finished,4,0-0,Fulham,Joshua King,M,77,7.4,35,0,0,0.1986,0.0876118,4,2,1,21,17,1,0,0,0,2,1,6,2,0,0,2,1,0,0,2,1,1,7,3,0,0,0,0,0,0,2026-09-13T05:01:54.688367+00:00
Inglaterra Premier League 2026/2027,Liverpool FC - Fulham,2026-09-12T14:00:00+00:00,finished,4,0-0,Liverpool FC,Jérémy Jacquet,D,90,8.5,97,0,0,,0.0172723,0,0,0,88,76,15,9,0,0,1,1,8,1,5,0,1,1,2,1,5,0,0,14,1,1,0,0,0,0,0,2026-09-13T05:01:54.687821+00:00
Inglaterra Premier League 2026/2027,Liverpool FC - Fulham,2026-09-12T14:00:00+00:00,finished,4,0-0,Fulham,Kenny Tete,D,27,6.4,14,0,0,,0.00078019,0,0,0,7,5,0,0,0,0,0,0,0,2,0,0,0,0,3,0,0,0,0,3,0,2,1,0,0,0,0,2026-09-13T05:01:54.688446+00:00
Inglaterra Premier League 2026/2027,Liverpool FC - Fulham,2026-09-12T14:00:00+00:00,finished,4,0-0,Fulham,Kevin,M,18,6.6,10,0,0,0.0304,0.0658313,1,0,0,4,2,1,0,3,0,0,0,1,0,0,0,1,1,0,0,2,0,0,5,0,0,0,0,0,0,0,2026-09-13T05:01:54.688465+00:00
Inglaterra Premier League 2026/2027,Liverpool FC - Fulham,2026-09-12T14:00:00+00:00,finished,4,0-0,Liverpool FC,Kostas Tsimikas,D,45,6.4,50,0,0,,0.00701896,0,0,0,31,20,2,0,4,0,2,2,3,5,0,1,1,0,1,1,3,0,1,17,0,3,0,0,0,0,0,2026-09-13T05:01:54.687977+00:00
Inglaterra Premier League 2026/2027,Liverpool FC - Fulham,2026-09-12T14:00:00+00:00,finished,4,0-0,Liverpool FC,Lewis Koumas,F,0,,0,0,0,,,0,0,0,0,0,0,0,0,0,0,0,0,0,0,0,0,0,0,0,0,0,0,0,0,0,0,0,0,0,0,2026-09-13T05:01:54.688146+00:00
Inglaterra Premier League 2026/2027,Liverpool FC - Fulham,2026-09-12T14:00:00+00:00,finished,4,0-0,Fulham,Manuel Ángel Morán,M,0,,0,0,0,,,0,0,0,0,0,0,0,0,0,0,0,0,0,0,0,0,0,0,0,0,0,0,0,0,0,0,0,0,0,0,2026-09-13T05:01:54.688542+00:00
Inglaterra Premier League 2026/2027,Liverpool FC - Fulham,2026-09-12T14:00:00+00:00,finished,4,0-0,Liverpool FC,Miloš Kerkez,D,45,6.9,37,0,0,,0.0141127,0,0,0,19,17,1,1,3,1,2,0,3,2,0,0,1,0,2,0,0,0,0,7,2,0,0,0,0,0,0,2026-09-13T05:01:54.687957+00:00
Inglaterra Premier League 2026/2027,Liverpool FC - Fulham,2026-09-12T14:00:00+00:00,finished,4,0-0,Fulham,Oscar Bobb,M,63,6.6,33,0,0,,0.225956,0,0,2,16,15,1,0,2,1,3,0,3,7,0,0,1,0,0,2,4,0,2,10,2,0,0,0,0,0,0,2026-09-13T05:01:54.688426+00:00
Inglaterra Premier League 2026/2027,Liverpool FC - Fulham,2026-09-12T14:00:00+00:00,finished,4,0-0,Liverpool FC,Rio Ngumoha,F,18,6.5,10,0,0,0.1072,0.00445883,1,0,0,4,4,0,0,1,0,0,0,1,0,0,0,0,0,1,0,0,0,0,2,1,1,0,0,0,0,0,2026-09-13T05:01:54.688057+00:00
Inglaterra Premier League 2026/2027,Liverpool FC - Fulham,2026-09-12T14:00:00+00:00,finished,4,0-0,Fulham,Rodrigo Muniz,F,13,6.4,6,0,0,,0.00291489,0,0,0,2,2,0,0,0,0,0,0,1,1,0,1,0,0,1,0,0,0,0,2,1,0,0,0,0,0,0,2026-09-13T05:01:54.688522+00:00
Inglaterra Premier League 2026/2027,Liverpool FC - Fulham,2026-09-12T14:00:00+00:00,finished,4,0-0,Liverpool FC,Ronald Araújo,D,72,6.8,47,0,0,,0.00592225,0,0,0,32,26,3,1,3,0,0,0,4,4,3,3,1,1,1,1,5,0,1,10,0,0,0,0,0,0,0,2026-09-13T05:01:54.687899+00:00
Inglaterra Premier League 2026/2027,Liverpool FC - Fulham,2026-09-12T14:00:00+00:00,finished,4,0-0,Liverpool FC,Ryan Gravenberch,M,60,6.8,47,0,0,0.0218,0.00839914,1,0,1,31,24,3,2,0,0,0,0,4,3,2,0,2,2,5,1,1,1,1,10,0,1,0,0,0,0,0,2026-09-13T05:01:54.687938+00:00
Inglaterra Premier League 2026/2027,Liverpool FC - Fulham,2026-09-12T14:00:00+00:00,finished,4,0-0,Fulham,Sander Berge,M,90,6.9,59,0,0,,0.0104755,0,0,1,46,36,4,2,0,0,0,0,3,3,0,2,3,2,2,1,2,0,1,14,0,0,0,0,0,0,0,2026-09-13T05:01:54.688327+00:00
Inglaterra Premier League 2026/2027,Liverpool FC - Fulham,2026-09-12T14:00:00+00:00,finished,4,0-0,Fulham,Shea Charles,M,90,7.2,74,0,0,,0.0183061,0,0,0,58,52,3,1,0,0,1,1,6,3,1,0,1,1,2,2,9,0,1,8,3,1,0,0,0,0,0,2026-09-13T05:01:54.688288+00:00
Inglaterra Premier League 2026/2027,Liverpool FC - Fulham,2026-09-12T14:00:00+00:00,finished,4,0-0,Fulham,Timothy Castagne,D,72,6.7,56,0,0,,0.0101732,0,0,0,35,24,7,0,0,0,1,0,2,2,0,1,2,2,3,0,3,0,0,17,0,0,0,0,0,0,0,2026-09-13T05:01:54.688408+00:00
Inglaterra Premier League 2026/2027,Liverpool FC - Fulham,2026-09-12T14:00:00+00:00,finished,4,0-0,Liverpool FC,Trey Nyoni,M,0,,0,0,0,,,0,0,0,0,0,0,0,0,0,0,0,0,0,0,0,0,0,0,0,0,0,0,0,0,0,0,0,0,0,0,2026-09-13T05:01:54.688126+00:00
Inglaterra Premier League 2026/2027,Liverpool FC - Fulham,2026-09-12T14:00:00+00:00,finished,4,0-0,Liverpool FC,Virgil van Dijk,D,90,7.3,89,0,0,,0.0136259,0,0,1,78,70,8,5,0,0,0,0,0,1,0,0,0,0,5,4,1,0,0,9,0,1,0,0,0,0,0,2026-09-13T05:01:54.687841+00:00
Inglaterra Premier League 2026/2027,Liverpool FC - Fulham,2026-09-12T14:00:00+00:00,finished,4,0-0,Liverpool FC,Víctor Muñoz,F,60,7.1,23,0,0,0.0348,0.00410693,1,1,0,15,13,0,0,0,0,2,1,4,1,1,0,0,0,0,0,2,0,0,6,2,0,0,0,0,0,0,2026-09-13T05:01:54.687918+00:00
Inglaterra Premier League 2026/2027,Liverpool FC - Fulham,2026-09-12T14:00:00+00:00,finished,4,0-0,Liverpool FC,Wataru Endo,M,0,,0,0,0,,,0,0,0,0,0,0,0,0,0,0,0,0,0,0,0,0,0,0,0,0,0,0,0,0,0,0,0,0,0,0,2026-09-13T05:01:54.688210+00:00
Inglaterra Premier League 2026/2027,Tottenham Hotspur - Everton,2026-09-12T16:30:00+00:00,finished,4,0-0,Tottenham Hotspur,,,90,7.0,63,0,0,0.0891,0.256529,2,0,4,34,30,0,0,7,2,7,4,6,8,0,0,0,0,0,0,5,2,3,18,2,1,0,0,0,0,0,2026-09-13T05:01:55.254731+00:00
Inglaterra Premier League 2026/2027,Tottenham Hotspur - Everton,2026-09-12T16:30:00+00:00,finished,4,0-0,Tottenham Hotspur,,,77,6.3,29,0,0,0.0166,0.0169946,1,0,1,13,12,1,0,0,0,5,2,3,10,0,2,0,0,0,0,5,1,4,11,1,1,0,0,0,0,0,2026-09-13T05:01:55.254770+00:00
Inglaterra Premier League 2026/2027,Tottenham Hotspur - Everton,2026-09-12T16:30:00+00:00,finished,4,0-0,Tottenham Hotspur,,,8,6.8,10,0,0,,0.00077862,0,0,0,6,6,0,0,0,0,0,0,2,1,0,1,2,1,1,0,1,0,0,0,0,0,0,0,0,0,0,2026-09-13T05:01:55.254825+00:00
Inglaterra Premier League 2026/2027,Tottenham Hotspur - Everton,2026-09-12T16:30:00+00:00,finished,4,0-0,Everton,,,75,7.1,44,0,0,0.0274,0.138802,1,0,1,29,25,2,2,2,0,1,1,3,2,0,0,2,1,2,1,4,0,0,7,0,0,0,0,0,0,0,2026-09-13T05:01:55.254915+00:00
Inglaterra Premier League 2026/2027,Tottenham Hotspur - Everton,2026-09-12T16:30:00+00:00,finished,4,0-0,Tottenham Hotspur,Andy Robertson,D,90,6.9,79,0,0,0.0252,0.0890974,1,0,2,59,56,1,0,7,1,1,1,1,1,0,0,0,0,2,1,3,0,0,10,0,0,0,0,0,0,0,2026-09-13T05:01:55.254755+00:00
Inglaterra Premier League 2026/2027,Tottenham Hotspur - Everton,2026-09-12T16:30:00+00:00,finished,4,0-0,Tottenham Hotspur,Antonín Kinský,G,90,7.9,28,0,0,,4.989e-05,0,0,0,18,11,7,1,0,0,0,0,1,0,1,0,0,0,4,0,3,0,0,7,0,0,0,0,3,0,3,2026-09-13T05:01:55.254720+00:00
Inglaterra Premier League 2026/2027,Tottenham Hotspur - Everton,2026-09-12T16:30:00+00:00,finished,4,0-0,Tottenham Hotspur,Archie Gray,M,85,7.0,71,0,0,0.0949,0.0257016,2,0,0,50,48,2,2,0,0,1,1,4,3,1,0,2,0,2,2,5,1,1,6,0,1,0,0,0,0,0,2026-09-13T05:01:55.254763+00:00
Inglaterra Premier League 2026/2027,Tottenham Hotspur - Everton,2026-09-12T16:30:00+00:00,finished,4,0-0,Tottenham Hotspur,Ben Davies,D,0,,0,0,0,,,0,0,0,0,0,0,0,0,0,0,0,0,0,0,0,0,0,0,0,0,0,0,0,0,0,0,0,0,0,0,2026-09-13T05:01:55.254853+00:00
Inglaterra Premier League 2026/2027,Tottenham Hotspur - Everton,2026-09-12T16:30:00+00:00,finished,4,0-0,Everton,Braiden Graham,F,0,,0,0,0,,,0,0,0,0,0,0,0,0,0,0,0,0,0,0,0,0,0,0,0,0,0,0,0,0,0,0,0,0,0,0,2026-09-13T05:01:55.254998+00:00
Inglaterra Premier League 2026/2027,Tottenham Hotspur - Everton,2026-09-12T16:30:00+00:00,finished,4,0-0,Everton,Brennan Johnson,F,75,6.9,25,0,0,0.1644,0.182984,1,0,2,12,10,0,0,5,2,0,0,2,2,0,0,2,2,1,1,2,0,1,7,0,0,0,0,0,0,0,2026-09-13T05:01:55.254923+00:00
Inglaterra Premier League 2026/2027,Tottenham Hotspur - Everton,2026-09-12T16:30:00+00:00,finished,4,0-0,Everton,Carlos Alcaraz,M,0,,0,0,0,,,0,0,0,0,0,0,0,0,0,0,0,0,0,0,0,0,0,0,0,0,0,0,0,0,0,0,0,0,0,0,2026-09-13T05:01:55.254970+00:00
Inglaterra Premier League 2026/2027,Tottenham Hotspur - Everton,2026-09-12T16:30:00+00:00,finished,4,0-0,Tottenham Hotspur,Conor Gallagher,M,0,,0,0,0,,,0,0,0,0,0,0,0,0,0,0,0,0,0,0,0,0,0,0,0,0,0,0,0,0,0,0,0,0,0,0,2026-09-13T05:01:55.254832+00:00
Inglaterra Premier League 2026/2027,Tottenham Hotspur - Everton,2026-09-12T16:30:00+00:00,finished,4,0-0,Tottenham Hotspur,Dominic Solanke,F,63,6.1,19,0,0,,0.00684516,0,0,0,11,11,0,0,0,0,1,0,1,7,1,1,0,0,0,0,2,0,3,7,0,2,0,0,0,0,0,2026-09-13T05:01:55.254791+00:00
Inglaterra Premier League 2026/2027,Tottenham Hotspur - Everton,2026-09-12T16:30:00+00:00,finished,4,0-0,Everton,Harrison Armstrong,M,90,6.7,33,0,0,,0.022993,0,0,0,25,23,1,1,0,0,0,0,1,2,1,1,0,0,1,0,2,0,0,5,0,1,0,0,0,0,0,2026-09-13T05:01:55.254881+00:00
Inglaterra Premier League 2026/2027,Tottenham Hotspur - Everton,2026-09-12T16:30:00+00:00,finished,4,0-0,Everton,Hayden Hackney,M,15,6.6,7,0,0,,0.0195018,0,0,1,3,3,1,1,0,0,0,0,0,1,0,0,0,0,1,0,0,0,0,1,0,1,0,0,0,0,0,2026-09-13T05:01:55.254947+00:00
Inglaterra Premier League 2026/2027,Tottenham Hotspur - Everton,2026-09-12T16:30:00+00:00,finished,4,0-0,Everton,Jack Grealish,M,25,6.7,17,0,0,,0.0123247,0,0,0,10,8,0,0,0,0,0,0,3,3,0,0,1,0,2,0,1,0,1,3,2,1,0,0,0,0,0,2026-09-13T05:01:55.254939+00:00
Inglaterra Premier League 2026/2027,Tottenham Hotspur - Everton,2026-09-12T16:30:00+00:00,finished,4,0-0,Everton,Jake O'Brien,D,15,6.7,3,0,0,,2.1e-07,0,0,0,2,1,1,0,0,0,0,0,0,0,0,0,0,0,1,0,1,0,0,1,0,0,0,0,0,0,0,2026-09-13T05:01:55.254954+00:00
Inglaterra Premier League 2026/2027,Tottenham Hotspur - Everton,2026-09-12T16:30:00+00:00,finished,4,0-0,Everton,James Garner,M,90,8.3,71,0,0,0.0665,0.0178196,1,1,0,51,46,4,2,1,0,0,0,10,5,0,1,6,3,1,1,8,0,0,7,4,1,1,0,0,0,0,2026-09-13T05:01:55.254873+00:00
Inglaterra Premier League 2026/2027,Tottenham Hotspur - Everton,2026-09-12T16:30:00+00:00,finished,4,0-0,Tottenham Hotspur,James Maddison,M,13,6.6,19,0,0,,0.0106003,0,0,0,15,13,0,0,1,0,0,0,0,0,0,0,0,0,0,1,1,0,0,4,0,0,0,0,0,0,0,2026-09-13T05:01:55.254818+00:00
Inglaterra Premier League 2026/2027,Tottenham Hotspur - Everton,2026-09-12T16:30:00+00:00,finished,4,0-0,Everton,James Tarkowski,D,90,7.5,64,0,0,,0.00960671,0,0,0,56,47,6,0,0,0,0,0,8,1,3,1,5,4,3,0,3,0,0,9,0,0,0,0,0,0,0,2026-09-13T05:01:55.254896+00:00
Inglaterra Premier League 2026/2027,Tottenham Hotspur - Everton,2026-09-12T16:30:00+00:00,finished,4,0-0,Tottenham Hotspur,Jan Paul van Hecke,D,90,8.2,127,0,0,0.1448,0.0531668,1,0,1,107,103,8,7,1,0,0,0,4,5,2,3,2,2,6,1,2,0,0,6,1,2,0,0,0,0,0,2026-09-13T05:01:55.254672+00:00
Inglaterra Premier League 2026/2027,Tottenham Hotspur - Everton,2026-09-12T16:30:00+00:00,finished,4,0-0,Everton,Jarrad Branthwaite,D,90,7.5,57,0,0,,0.00263367,0,0,0,45,39,5,1,0,0,0,0,3,3,0,1,1,1,4,0,2,0,0,7,2,1,0,0,0,0,0,2026-09-13T05:01:55.254902+00:00
Inglaterra Premier League 2026/2027,Tottenham Hotspur - Everton,2026-09-12T16:30:00+00:00,finished,4,0-0,Everton,Jordan Pickford,G,90,7.1,58,0,0,,0.00090583,0,0,0,45,28,23,7,0,0,1,1,2,0,1,0,0,0,1,0,11,0,0,18,0,0,0,0,2,0,1,2026-09-13T05:01:55.254866+00:00
Inglaterra Premier League 2026/2027,Tottenham Hotspur - Everton,2026-09-12T16:30:00+00:00,finished,4,0-0,Everton,Kiernan Dewsbury-Hall,M,90,7.0,57,0,0,0.1887,0.0949746,3,1,1,37,35,1,0,4,1,3,2,5,3,0,0,0,0,0,1,4,2,2,10,3,0,1,0,0,0,0,2026-09-13T05:01:55.254888+00:00
Inglaterra Premier League 2026/2027,Tottenham Hotspur - Everton,2026-09-12T16:30:00+00:00,finished,4,0-0,Tottenham Hotspur,Lucas Bergvall,M,27,7.2,25,0,0,0.0574,0.246109,1,1,0,19,16,0,0,1,1,0,0,2,1,0,0,1,1,1,0,2,0,0,3,1,1,0,0,0,0,0,2026-09-13T05:01:55.254804+00:00
Inglaterra Premier League 2026/2027,Tottenham Hotspur - Everton,2026-09-12T16:30:00+00:00,finished,4,0-0,Tottenham Hotspur,Marcos Senesi,D,0,,0,0,0,,,0,0,0,0,0,0,0,0,0,0,0,0,0,0,0,0,0,0,0,0,0,0,0,0,0,0,0,0,0,0,2026-09-13T05:01:55.254846+00:00
Inglaterra Premier League 2026/2027,Tottenham Hotspur - Everton,2026-09-12T16:30:00+00:00,finished,4,0-0,Everton,Mark Travers,G,0,,0,0,0,,,0,0,0,0,0,0,0,0,0,0,0,0,0,0,0,0,0,0,0,0,0,0,0,0,0,0,0,0,0,0,2026-09-13T05:01:55.254977+00:00
Inglaterra Premier League 2026/2027,Tottenham Hotspur - Everton,2026-09-12T16:30:00+00:00,finished,4,0-0,Tottenham Hotspur,Martin Dúbravka,G,0,,0,0,0,,,0,0,0,0,0,0,0,0,0,0,0,0,0,0,0,0,0,0,0,0,0,0,0,0,0,0,0,0,0,0,2026-09-13T05:01:55.254839+00:00
Inglaterra Premier League 2026/2027,Tottenham Hotspur - Everton,2026-09-12T16:30:00+00:00,finished,4,0-0,Tottenham Hotspur,Mateus Fernandes,M,63,6.7,61,0,0,0.1114,0.0311221,3,1,0,49,48,1,1,1,0,1,0,3,5,0,0,2,2,0,0,2,1,1,4,1,3,0,0,0,0,0,2026-09-13T05:01:55.254785+00:00
Inglaterra Premier League 2026/2027,Tottenham Hotspur - Everton,2026-09-12T16:30:00+00:00,finished,4,0-0,Tottenham Hotspur,Mathys Tel,F,27,6.8,17,0,0,0.0164,0.0938394,1,0,0,12,11,0,0,1,0,1,0,0,2,0,0,0,0,0,0,0,1,1,5,0,0,0,0,0,0,0,2026-09-13T05:01:55.254811+00:00
Inglaterra Premier League 2026/2027,Tottenham Hotspur - Everton,2026-09-12T16:30:00+00:00,finished,4,0-0,Everton,Michael Keane,D,0,,0,0,0,,,0,0,0,0,0,0,0,0,0,0,0,0,0,0,0,0,0,0,0,0,0,0,0,0,0,0,0,0,0,0,2026-09-13T05:01:55.254991+00:00
Inglaterra Premier League 2026/2027,Tottenham Hotspur - Everton,2026-09-12T16:30:00+00:00,finished,4,0-0,Tottenham Hotspur,Micky van de Ven,D,90,7.1,88,0,0,,0.0171815,0,0,0,80,76,1,1,0,0,0,0,3,3,2,2,0,0,4,1,4,0,0,4,1,1,0,0,0,0,0,2026-09-13T05:01:55.254747+00:00
Inglaterra Premier League 2026/2027,Tottenham Hotspur - Everton,2026-09-12T16:30:00+00:00,finished,4,0-0,Tottenham Hotspur,Mohammed Kudus,M,27,7.0,26,0,0,,0.0449538,0,0,1,17,16,1,1,3,0,2,2,4,1,0,0,1,1,0,0,1,0,0,5,1,1,0,0,0,0,0,2026-09-13T05:01:55.254798+00:00
Inglaterra Premier League 2026/2027,Tottenham Hotspur - Everton,2026-09-12T16:30:00+00:00,finished,4,0-0,Tottenham Hotspur,Rodrigo Bentancur,M,63,7.4,72,0,0,,0.0387738,0,0,0,62,55,1,0,0,0,0,0,4,4,1,1,3,2,3,0,2,0,0,7,0,0,0,0,0,0,0,2026-09-13T05:01:55.254777+00:00
Inglaterra Premier League 2026/2027,Tottenham Hotspur - Everton,2026-09-12T16:30:00+00:00,finished,4,0-0,Tottenham Hotspur,Sandro Tonali,M,90,7.6,103,0,0,0.088,0.313774,2,0,1,88,83,2,2,1,1,1,1,2,2,1,0,0,0,4,1,6,2,2,9,0,1,0,0,0,0,0,2026-09-13T05:01:55.254740+00:00
Inglaterra Premier League 2026/2027,Tottenham Hotspur - Everton,2026-09-12T16:30:00+00:00,finished,4,0-0,Everton,Thierno Barry,F,90,6.7,27,0,0,0.6758,0.0411589,5,1,1,13,10,0,0,0,0,2,1,6,6,4,4,0,0,0,1,1,3,0,8,1,2,0,0,0,0,0,2026-09-13T05:01:55.254859+00:00
Inglaterra Premier League 2026/2027,Tottenham Hotspur - Everton,2026-09-12T16:30:00+00:00,finished,4,0-0,Everton,Tom King,G,0,,0,0,0,,,0,0,0,0,0,0,0,0,0,0,0,0,0,0,0,0,0,0,0,0,0,0,0,0,0,0,0,0,0,0,2026-09-13T05:01:55.254983+00:00
Inglaterra Premier League 2026/2027,Tottenham Hotspur - Everton,2026-09-12T16:30:00+00:00,finished,4,0-0,Everton,Tyler Dibling,M,0,,0,0,0,,,0,0,0,0,0,0,0,0,0,0,0,0,0,0,0,0,0,0,0,0,0,0,0,0,0,0,0,0,0,0,2026-09-13T05:01:55.254963+00:00
Inglaterra Premier League 2026/2027,Tottenham Hotspur - Everton,2026-09-12T16:30:00+00:00,finished,4,0-0,Everton,Tyrique George,F,65,6.6,36,0,0,0.045,0.146923,1,0,1,18,15,1,0,3,1,5,2,2,6,0,0,0,0,1,0,2,1,3,13,0,0,0,0,0,0,0,2026-09-13T05:01:55.254931+00:00
Inglaterra Premier League 2026/2027,Tottenham Hotspur - Everton,2026-09-12T16:30:00+00:00,finished,4,0-0,Everton,Vitaliy Mykolenko,D,90,7.7,64,0,0,,0.0675193,0,0,1,35,29,3,2,2,0,1,0,8,6,1,1,7,7,1,2,4,0,0,14,0,1,0,0,0,0,0,2026-09-13T05:01:55.254909+00:00
Inglaterra Premier League 2026/2027,Sunderland - Arsenal,2026-09-12T19:00:00+00:00,finished,4,0-2,Sunderland,,,14,6.4,9,0,0,,0.00139212,0,0,0,3,3,1,1,3,0,0,0,0,3,0,0,0,0,0,0,0,0,2,5,0,1,0,0,0,1,0,2026-09-13T05:01:55.366153+00:00
Inglaterra Premier League 2026/2027,Sunderland - Arsenal,2026-09-12T19:00:00+00:00,finished,4,0-2,Sunderland,,,0,,0,0,0,,,0,0,0,0,0,0,0,0,0,0,0,0,0,0,0,0,0,0,0,0,0,0,0,0,0,0,0,0,0,0,2026-09-13T05:01:55.366169+00:00
Inglaterra Premier League 2026/2027,Sunderland - Arsenal,2026-09-12T19:00:00+00:00,finished,4,0-2,Arsenal,Ben White,D,45,6.8,30,0,0,,0.00393996,0,0,0,15,11,0,0,1,0,2,0,2,2,0,0,2,1,0,1,0,0,0,8,0,1,0,0,0,0,0,2026-09-13T05:01:55.366258+00:00
Inglaterra Premier League 2026/2027,Sunderland - Arsenal,2026-09-12T19:00:00+00:00,finished,4,0-2,Sunderland,Brian Brobbey,F,90,6.1,30,0,0,,0.00957226,0,0,1,16,12,1,0,0,0,1,0,2,8,0,2,0,0,0,0,4,0,2,10,2,3,1,0,0,2,0,2026-09-13T05:01:55.366073+00:00
Inglaterra Premier League 2026/2027,Sunderland - Arsenal,2026-09-12T19:00:00+00:00,finished,4,0-2,Arsenal,Bruno Guimarães,M,45,8.0,21,1,0,0.0713,0.141527,2,1,0,13,12,0,0,0,0,1,1,5,2,1,1,1,1,0,1,1,0,1,2,2,0,0,0,0,0,0,2026-09-13T05:01:55.366241+00:00
Inglaterra Premier League 2026/2027,Sunderland - Arsenal,2026-09-12T19:00:00+00:00,finished,4,0-2,Arsenal,Bukayo Saka,F,90,8.1,48,1,0,1.4497,0.186882,4,3,1,27,21,1,0,1,1,0,0,6,3,0,1,2,1,2,0,5,1,0,11,4,1,0,0,0,0,0,2026-09-13T05:01:55.366215+00:00
Inglaterra Premier League 2026/2027,Sunderland - Arsenal,2026-09-12T19:00:00+00:00,finished,4,0-2,Sunderland,Chemsdine Talbi,M,0,,0,0,0,,,0,0,0,0,0,0,0,0,0,0,0,0,0,0,0,0,0,0,0,0,0,0,0,0,0,0,0,0,0,0,2026-09-13T05:01:55.366174+00:00
Inglaterra Premier League 2026/2027,Sunderland - Arsenal,2026-09-12T19:00:00+00:00,finished,4,0-2,Sunderland,Chris Rigg,M,0,,0,0,0,,,0,0,0,0,0,0,0,0,0,0,0,0,0,0,0,0,0,0,0,0,0,0,0,0,0,0,0,0,0,0,2026-09-13T05:01:55.366183+00:00
Inglaterra Premier League 2026/2027,Sunderland - Arsenal,2026-09-12T19:00:00+00:00,finished,4,0-2,Arsenal,Christos Tzolis,M,81,6.8,37,0,0,,0.113158,0,0,0,22,17,0,0,1,1,1,0,4,4,1,1,1,1,0,1,1,0,1,13,2,1,0,0,0,0,0,2026-09-13T05:01:55.366230+00:00
Inglaterra Premier League 2026/2027,Sunderland - Arsenal,2026-09-12T19:00:00+00:00,finished,4,0-2,Sunderland,Daniel Ballard,D,90,6.5,51,0,0,0.013,0.0138453,1,0,1,37,27,6,2,0,0,0,0,9,8,6,4,1,1,4,1,2,0,1,12,2,3,1,0,0,2,0,2026-09-13T05:01:55.366051+00:00
Inglaterra Premier League 2026/2027,Sunderland - Arsenal,2026-09-12T19:00:00+00:00,finished,4,0-2,Arsenal,David Raya,G,90,9.0,50,0,0,,0.00116526,0,0,0,33,22,19,8,0,0,0,0,3,0,2,0,0,0,2,0,14,0,0,11,2,0,0,0,2,0,1,2026-09-13T05:01:55.366194+00:00
Inglaterra Premier League 2026/2027,Sunderland - Arsenal,2026-09-12T19:00:00+00:00,finished,4,0-2,Arsenal,Declan Rice,M,81,7.7,78,0,1,,0.378861,0,0,3,68,59,7,4,1,0,0,0,2,0,1,0,1,0,5,0,2,0,0,11,0,0,0,0,0,0,0,2026-09-13T05:01:55.366235+00:00
Inglaterra Premier League 2026/2027,Sunderland - Arsenal,2026-09-12T19:00:00+00:00,finished,4,0-2,Arsenal,Eberechi Eze,M,9,6.5,3,0,0,,3.153e-05,0,0,0,2,1,0,0,1,0,0,0,0,0,0,0,0,0,0,0,0,0,0,2,0,0,0,0,0,0,0,2026-09-13T05:01:55.366273+00:00
Inglaterra Premier League 2026/2027,Sunderland - Arsenal,2026-09-12T19:00:00+00:00,finished,4,0-2,Sunderland,Enzo Le Fée,M,90,6.3,23,0,0,0.8309,0.444206,3,1,2,14,10,0,0,3,2,1,0,1,1,0,0,0,0,0,0,4,0,0,6,1,0,0,0,0,2,0,2026-09-13T05:01:55.365977+00:00
Inglaterra Premier League 2026/2027,Sunderland - Arsenal,2026-09-12T19:00:00+00:00,finished,4,0-2,Arsenal,Ezri Konsa,D,90,7.3,40,0,0,,0.00076717,0,0,0,28,26,0,0,0,0,0,0,7,2,3,0,2,0,4,2,1,0,0,2,2,2,0,0,0,0,0,2026-09-13T05:01:55.366199+00:00
Inglaterra Premier League 2026/2027,Sunderland - Arsenal,2026-09-12T19:00:00+00:00,finished,4,0-2,Arsenal,Gabriel Magalhães,D,90,8.1,62,0,0,0.0208,0.0071758,1,0,0,44,37,4,1,0,0,0,0,10,2,7,1,1,0,6,2,2,0,0,8,2,1,1,0,0,0,0,2026-09-13T05:01:55.366205+00:00
Inglaterra Premier League 2026/2027,Sunderland - Arsenal,2026-09-12T19:00:00+00:00,finished,4,0-2,Sunderland,Granit Xhaka,M,90,7.4,71,0,0,,0.323401,0,0,3,56,48,10,6,5,2,3,2,5,5,1,0,1,1,1,1,9,0,1,13,1,3,1,0,0,2,0,2026-09-13T05:01:55.366068+00:00
Inglaterra Premier League 2026/2027,Sunderland - Arsenal,2026-09-12T19:00:00+00:00,finished,4,0-2,Arsenal,Jurriën Timber,D,45,6.7,20,0,0,,0.00777516,0,0,0,14,11,1,0,0,0,0,0,1,0,0,0,1,0,2,0,4,0,0,5,0,0,0,0,0,0,0,2026-09-13T05:01:55.366252+00:00
Inglaterra Premier League 2026/2027,Sunderland - Arsenal,2026-09-12T19:00:00+00:00,finished,4,0-2,Arsenal,Kai Havertz,F,90,6.2,31,0,0,0.3651,0.0168368,3,1,1,20,15,0,0,1,0,1,0,5,11,4,8,0,0,1,0,1,0,0,9,1,2,1,0,0,0,0,2026-09-13T05:01:55.366220+00:00
Inglaterra Premier League 2026/2027,Sunderland - Arsenal,2026-09-12T19:00:00+00:00,finished,4,0-2,Arsenal,Kepa Arrizabalaga,G,0,,0,0,0,,,0,0,0,0,0,0,0,0,0,0,0,0,0,0,0,0,0,0,0,0,0,0,0,0,0,0,0,0,0,0,2026-09-13T05:01:55.366344+00:00
Inglaterra Premier League 2026/2027,Sunderland - Arsenal,2026-09-12T19:00:00+00:00,finished,4,0-2,Sunderland,Kevin Danso,D,90,6.7,47,0,0,,0.0846431,0,0,1,32,27,3,2,1,0,0,0,2,4,1,4,0,0,2,0,2,0,0,9,1,0,0,0,0,2,0,2026-09-13T05:01:55.366030+00:00
Inglaterra Premier League 2026/2027,Sunderland - Arsenal,2026-09-12T19:00:00+00:00,finished,4,0-2,Sunderland,Luke O'Nien,D,0,,0,0,0,,,0,0,0,0,0,0,0,0,0,0,0,0,0,0,0,0,0,0,0,0,0,0,0,0,0,0,0,0,0,0,2026-09-13T05:01:55.366179+00:00
Inglaterra Premier League 2026/2027,Sunderland - Arsenal,2026-09-12T19:00:00+00:00,finished,4,0-2,Arsenal,Martin Ødegaard,M,85,7.5,55,0,0,,0.201525,0,0,5,42,37,3,1,1,1,3,2,5,1,0,0,1,1,0,1,3,0,0,9,2,0,0,0,0,0,0,2026-09-13T05:01:55.366225+00:00
Inglaterra Premier League 2026/2027,Sunderland - Arsenal,2026-09-12T19:00:00+00:00,finished,4,0-2,Arsenal,Martín Zubimendi,M,9,6.8,8,0,0,,0.00039268,0,0,0,5,4,1,0,0,0,0,0,2,0,1,0,1,1,0,0,1,0,0,1,0,0,0,0,0,0,0,2026-09-13T05:01:55.366291+00:00
Inglaterra Premier League 2026/2027,Sunderland - Arsenal,2026-09-12T19:00:00+00:00,finished,4,0-2,Sunderland,Melker Ellborg,G,0,,0,0,0,,,0,0,0,0,0,0,0,0,0,0,0,0,0,0,0,0,0,0,0,0,0,0,0,0,0,0,0,0,0,0,2026-09-13T05:01:55.366159+00:00
Inglaterra Premier League 2026/2027,Sunderland - Arsenal,2026-09-12T19:00:00+00:00,finished,4,0-2,Arsenal,Mikel Merino,M,14,6.3,8,0,0,,0.00048943,0,0,0,2,1,0,0,0,0,1,0,0,3,0,1,0,0,0,0,0,0,1,4,0,0,0,0,0,0,0,2026-09-13T05:01:55.366266+00:00
Inglaterra Premier League 2026/2027,Sunderland - Arsenal,2026-09-12T19:00:00+00:00,finished,4,0-2,Arsenal,Myles Lewis-Skelly,D,45,6.4,37,0,0,,0.00479946,0,0,0,29,27,0,0,0,0,1,0,1,5,0,0,0,0,0,1,0,0,2,5,1,2,0,0,0,0,0,2026-09-13T05:01:55.366246+00:00
Inglaterra Premier League 2026/2027,Sunderland - Arsenal,2026-09-12T19:00:00+00:00,finished,4,0-2,Sunderland,Nilson Angulo,M,70,6.3,20,0,0,,0.0009285,0,0,0,5,5,0,0,0,0,2,0,2,6,0,2,2,1,0,0,1,0,1,6,0,1,0,0,0,1,0,2026-09-13T05:01:55.366143+00:00
Inglaterra Premier League 2026/2027,Sunderland - Arsenal,2026-09-12T19:00:00+00:00,finished,4,0-2,Sunderland,Noah Sadiki,M,90,6.6,34,0,0,0.0238,0.00471435,1,0,0,24,20,2,1,0,0,0,0,3,2,0,1,3,2,4,0,3,0,0,5,0,0,0,0,0,2,0,2026-09-13T05:01:55.366097+00:00
Inglaterra Premier League 2026/2027,Sunderland - Arsenal,2026-09-12T19:00:00+00:00,finished,4,0-2,Arsenal,Noni Madueke,F,0,,0,0,0,,,0,0,0,0,0,0,0,0,0,0,0,0,0,0,0,0,0,0,0,0,0,0,0,0,0,0,0,0,0,0,2026-09-13T05:01:55.366307+00:00
Inglaterra Premier League 2026/2027,Sunderland - Arsenal,2026-09-12T19:00:00+00:00,finished,4,0-2,Sunderland,Nordi Mukiele,D,90,6.7,47,0,0,0.6001,0.0324449,4,1,0,20,14,4,4,2,0,1,0,6,8,2,4,3,2,2,1,3,2,0,13,1,3,1,0,0,2,0,2026-09-13T05:01:55.366016+00:00
Inglaterra Premier League 2026/2027,Sunderland - Arsenal,2026-09-12T19:00:00+00:00,finished,4,0-2,Sunderland,Omar Alderete,D,0,,0,0,0,,,0,0,0,0,0,0,0,0,0,0,0,0,0,0,0,0,0,0,0,0,0,0,0,0,0,0,0,0,0,0,2026-09-13T05:01:55.366165+00:00
Inglaterra Premier League 2026/2027,Sunderland - Arsenal,2026-09-12T19:00:00+00:00,finished,4,0-2,Arsenal,Piero Hincapié,D,0,,0,0,0,,,0,0,0,0,0,0,0,0,0,0,0,0,0,0,0,0,0,0,0,0,0,0,0,0,0,0,0,0,0,0,2026-09-13T05:01:55.366315+00:00
Inglaterra Premier League 2026/2027,Sunderland - Arsenal,2026-09-12T19:00:00+00:00,finished,4,0-2,Sunderland,Reinildo Mandava,D,90,6.1,44,0,0,,0.00675142,0,0,0,23,20,3,2,0,0,0,0,5,3,2,0,1,0,4,2,2,0,0,7,2,3,2,1,0,2,0,2026-09-13T05:01:55.366062+00:00
Inglaterra Premier League 2026/2027,Sunderland - Arsenal,2026-09-12T19:00:00+00:00,finished,4,0-2,Arsenal,Riccardo Calafiori,D,90,6.8,42,0,0,0.0585,0.00847929,1,0,0,24,20,3,1,0,0,0,0,1,2,0,0,1,1,2,0,2,1,0,6,0,1,0,0,0,0,0,2026-09-13T05:01:55.366210+00:00
Inglaterra Premier League 2026/2027,Sunderland - Arsenal,2026-09-12T19:00:00+00:00,finished,4,0-2,Sunderland,Robin Roefs,G,90,6.9,38,0,0,,0.00328685,0,0,0,32,17,19,4,0,0,0,0,0,0,0,0,0,0,1,0,4,0,0,16,0,0,0,0,3,2,1,2026-09-13T05:01:55.366129+00:00
Inglaterra Premier League 2026/2027,Sunderland - Arsenal,2026-09-12T19:00:00+00:00,finished,4,0-2,Sunderland,Thomas Meunier,D,76,6.7,30,0,0,0.1733,0.00291243,3,1,0,19,13,2,2,1,0,0,0,1,1,1,0,0,0,2,0,4,2,0,9,0,0,0,0,0,1,0,2026-09-13T05:01:55.366137+00:00
Inglaterra Premier League 2026/2027,Sunderland - Arsenal,2026-09-12T19:00:00+00:00,finished,4,0-2,Sunderland,Trai Hume,D,0,,0,0,0,,,0,0,0,0,0,0,0,0,0,0,0,0,0,0,0,0,0,0,0,0,0,0,0,0,0,0,0,0,0,0,2026-09-13T05:01:55.366188+00:00
Inglaterra Premier League 2026/2027,Sunderland - Arsenal,2026-09-12T19:00:00+00:00,finished,4,0-2,Arsenal,Viktor Gyökeres,F,0,,0,0,0,,,0,0,0,0,0,0,0,0,0,0,0,0,0,0,0,0,0,0,0,0,0,0,0,0,0,0,0,0,0,0,2026-09-13T05:01:55.366330+00:00
Inglaterra Premier League 2026/2027,Sunderland - Arsenal,2026-09-12T19:00:00+00:00,finished,4,0-2,Sunderland,Wilson Isidor,F,20,6.3,7,0,0,,0.00039599,0,0,0,1,1,0,0,0,0,0,0,1,5,0,3,1,0,0,1,0,0,1,3,0,1,0,0,0,1,0,2026-09-13T05:01:55.366149+00:00
Inglaterra Premier League 2026/2027,Coventry City - Brighton & Hove Albion,2026-09-13T13:00:00+00:00,finished,4,0-5,Brighton & Hove Albion,,,0,,0,0,0,,,0,0,0,0,0,0,0,0,0,0,0,0,0,0,0,0,0,0,0,0,0,0,0,0,0,0,0,0,0,0,2026-09-14T05:01:24.011122+00:00
Inglaterra Premier League 2026/2027,Coventry City - Brighton & Hove Albion,2026-09-13T13:00:00+00:00,finished,4,0-5,Brighton & Hove Albion,,,0,,0,0,0,,,0,0,0,0,0,0,0,0,0,0,0,0,0,0,0,0,0,0,0,0,0,0,0,0,0,0,0,0,0,0,2026-09-14T05:01:24.011138+00:00
Inglaterra Premier League 2026/2027,Coventry City - Brighton & Hove Albion,2026-09-13T13:00:00+00:00,finished,4,0-5,Coventry City,,,90,5.6,32,0,0,0.0147,0.00260665,1,0,0,18,15,3,1,1,0,0,0,3,3,1,2,2,1,7,0,1,0,0,4,0,0,0,0,0,5,0,2026-09-14T05:01:24.011169+00:00
Inglaterra Premier League 2026/2027,Coventry City - Brighton & Hove Albion,2026-09-13T13:00:00+00:00,finished,4,0-5,Coventry City,,,30,6.6,11,0,0,,9.085e-05,0,0,0,3,3,0,0,0,0,1,0,3,2,2,1,0,0,0,1,0,0,0,3,1,0,0,0,0,3,0,2026-09-14T05:01:24.011250+00:00
Inglaterra Premier League 2026/2027,Coventry City - Brighton & Hove Albion,2026-09-13T13:00:00+00:00,finished,4,0-5,Coventry City,,,0,,0,0,0,,,0,0,0,0,0,0,0,0,0,0,0,0,0,0,0,0,0,0,0,0,0,0,0,0,0,0,0,0,0,0,2026-09-14T05:01:24.011314+00:00
Inglaterra Premier League 2026/2027,Coventry City - Brighton & Hove Albion,2026-09-13T13:00:00+00:00,finished,4,0-5,Coventry City,Aurèle Amenda,D,90,6.0,36,0,0,,0.00319886,0,0,1,26,18,7,6,0,0,0,0,6,3,6,1,0,0,5,2,0,0,0,8,0,1,0,0,0,5,0,2026-09-14T05:01:24.011155+00:00
Inglaterra Premier League 2026/2027,Coventry City - Brighton & Hove Albion,2026-09-13T13:00:00+00:00,finished,4,0-5,Brighton & Hove Albion,Bart Verbruggen,G,90,9.7,40,0,0,,0.00019646,0,0,0,24,20,6,2,0,0,0,0,2,0,2,0,0,0,3,0,7,0,0,4,0,0,0,0,6,0,3,2026-09-14T05:01:24.010864+00:00
Inglaterra Premier League 2026/2027,Coventry City - Brighton & Hove Albion,2026-09-13T13:00:00+00:00,finished,4,0-5,Coventry City,Bobby Thomas,D,90,5.4,40,0,0,0.2451,0.0661194,3,0,0,25,17,3,2,0,0,0,0,7,2,6,1,0,0,6,1,2,0,0,9,2,1,0,0,0,5,0,2026-09-14T05:01:24.011162+00:00
Inglaterra Premier League 2026/2027,Coventry City - Brighton & Hove Albion,2026-09-13T13:00:00+00:00,finished,4,0-5,Coventry City,Brandon Thomas-Asante,F,17,6.7,7,0,0,0.2159,0.0285961,2,2,0,3,3,0,0,0,0,0,0,0,1,0,0,0,0,0,0,0,0,1,2,0,0,0,0,0,2,0,2026-09-14T05:01:24.011256+00:00
Inglaterra Premier League 2026/2027,Coventry City - Brighton & Hove Albion,2026-09-13T13:00:00+00:00,finished,4,0-5,Coventry City,Caleb Yirenkyi,M,17,6.3,6,0,0,,0.00945187,0,0,1,5,4,0,0,0,0,0,0,2,1,2,1,0,0,0,0,0,0,0,2,0,0,0,0,0,2,0,2026-09-14T05:01:24.011277+00:00
Inglaterra Premier League 2026/2027,Coventry City - Brighton & Hove Albion,2026-09-13T13:00:00+00:00,finished,4,0-5,Coventry City,Carl Rushworth,G,90,6.0,57,0,0,,0.00812536,0,0,0,48,23,43,19,0,0,0,0,1,0,0,0,0,0,1,0,11,0,0,26,1,0,0,0,2,5,0,2026-09-14T05:01:24.011176+00:00
Inglaterra Premier League 2026/2027,Coventry City - Brighton & Hove Albion,2026-09-13T13:00:00+00:00,finished,4,0-5,Brighton & Hove Albion,Charalampos Kostoulas,F,84,7.8,30,1,0,0.413,0.0133789,3,1,0,11,6,0,0,0,0,1,1,5,5,0,3,1,0,2,0,4,0,1,11,3,2,0,0,0,0,0,2026-09-14T05:01:24.010990+00:00
Inglaterra Premier League 2026/2027,Coventry City - Brighton & Hove Albion,2026-09-13T13:00:00+00:00,finished,4,0-5,Brighton & Hove Albion,Chema Andrés,M,25,6.5,21,0,1,0.1959,0.00840494,1,0,1,17,14,1,0,0,0,0,0,2,7,1,4,1,1,1,0,1,0,0,3,0,2,0,0,0,0,0,2026-09-14T05:01:24.011022+00:00
Inglaterra Premier League 2026/2027,Coventry City - Brighton & Hove Albion,2026-09-13T13:00:00+00:00,finished,4,0-5,Brighton & Hove Albion,Costinha,D,13,6.6,11,0,0,,0.00228003,0,0,0,8,7,0,0,1,0,0,0,0,0,0,0,0,0,0,1,1,0,0,2,0,0,0,0,0,0,0,2026-09-14T05:01:24.011040+00:00
Inglaterra Premier League 2026/2027,Coventry City - Brighton & Hove Albion,2026-09-13T13:00:00+00:00,finished,4,0-5,Coventry City,Daniel Bentley,G,0,,0,0,0,,,0,0,0,0,0,0,0,0,0,0,0,0,0,0,0,0,0,0,0,0,0,0,0,0,0,0,0,0,0,0,2026-09-14T05:01:24.011300+00:00
Inglaterra Premier League 2026/2027,Coventry City - Brighton & Hove Albion,2026-09-13T13:00:00+00:00,finished,4,0-5,Brighton & Hove Albion,Diego Gómez,M,84,6.7,36,0,0,0.1336,0.0628918,2,0,0,27,26,0,0,1,1,1,0,2,5,2,3,0,0,1,0,2,1,1,4,0,0,0,0,0,0,0,2026-09-14T05:01:24.010981+00:00
Inglaterra Premier League 2026/2027,Coventry City - Brighton & Hove Albion,2026-09-13T13:00:00+00:00,finished,4,0-5,Coventry City,Ephron Mason-Clark,M,60,6.5,20,0,0,0.5022,0.00572504,3,2,0,9,5,0,0,1,0,0,0,5,6,5,3,0,0,2,0,2,1,1,9,0,2,0,0,0,2,0,2026-09-14T05:01:24.011239+00:00
Inglaterra Premier League 2026/2027,Coventry City - Brighton & Hove Albion,2026-09-13T13:00:00+00:00,finished,4,0-5,Brighton & Hove Albion,Ferdi Kadıoğlu,D,90,6.7,46,0,0,,0.0854265,0,0,1,36,29,3,1,0,0,0,0,2,3,0,2,0,0,2,0,1,0,0,10,2,1,0,0,0,0,0,2026-09-14T05:01:24.010956+00:00
Inglaterra Premier League 2026/2027,Coventry City - Brighton & Hove Albion,2026-09-13T13:00:00+00:00,finished,4,0-5,Coventry City,Frank Onyeka,M,73,6.9,30,0,0,0.0334,0.00897275,1,1,0,17,10,4,3,0,0,0,0,7,2,2,0,1,0,1,1,4,0,0,9,4,2,0,0,0,3,0,2026-09-14T05:01:24.011229+00:00
Inglaterra Premier League 2026/2027,Coventry City - Brighton & Hove Albion,2026-09-13T13:00:00+00:00,finished,4,0-5,Coventry City,Gustavo Hamer,M,0,,0,0,0,,,0,0,0,0,0,0,0,0,0,0,0,0,0,0,0,0,0,0,0,0,0,0,0,0,0,0,0,0,0,0,2026-09-14T05:01:24.011310+00:00
Inglaterra Premier League 2026/2027,Coventry City - Brighton & Hove Albion,2026-09-13T13:00:00+00:00,finished,4,0-5,Brighton & Hove Albion,Ibrahim Osman,M,12,6.5,12,0,0,0.043,0.00807937,2,0,0,8,7,0,0,0,0,1,1,1,2,0,1,0,0,0,0,1,1,1,2,0,0,0,0,0,0,0,2026-09-14T05:01:24.011058+00:00
Inglaterra Premier League 2026/2027,Coventry City - Brighton & Hove Albion,2026-09-13T13:00:00+00:00,finished,4,0-5,Coventry City,Jack Rudoni,M,73,8.3,36,0,0,0.3324,0.734517,2,1,4,15,12,1,1,6,3,2,0,5,8,3,2,0,0,2,0,3,0,1,13,2,2,0,0,0,3,0,2026-09-14T05:01:24.011210+00:00
Inglaterra Premier League 2026/2027,Coventry City - Brighton & Hove Albion,2026-09-13T13:00:00+00:00,finished,4,0-5,Brighton & Hove Albion,Jason Steele,G,0,,0,0,0,,,0,0,0,0,0,0,0,0,0,0,0,0,0,0,0,0,0,0,0,0,0,0,0,0,0,0,0,0,0,0,2026-09-14T05:01:24.011084+00:00
Inglaterra Premier League 2026/2027,Coventry City - Brighton & Hove Albion,2026-09-13T13:00:00+00:00,finished,4,0-5,Coventry City,Jay DaSilva,D,90,6.4,26,0,0,,0.334873,0,0,2,17,15,1,0,1,1,0,0,1,3,1,2,0,0,2,0,1,0,1,7,0,0,0,0,0,5,0,2026-09-14T05:01:24.011147+00:00
Inglaterra Premier League 2026/2027,Coventry City - Brighton & Hove Albion,2026-09-13T13:00:00+00:00,finished,4,0-5,Brighton & Hove Albion,Lewis Dunk,D,90,9.0,101,1,0,0.029,0.0283401,1,1,0,92,87,4,1,0,0,0,0,4,5,3,5,1,0,4,0,2,0,0,5,0,0,0,0,0,0,0,2026-09-14T05:01:24.010939+00:00
Inglaterra Premier League 2026/2027,Coventry City - Brighton & Hove Albion,2026-09-13T13:00:00+00:00,finished,4,0-5,Coventry City,Loum Tchaouna,F,0,,0,0,0,,,0,0,0,0,0,0,0,0,0,0,0,0,0,0,0,0,0,0,0,0,0,0,0,0,0,0,0,0,0,0,2026-09-14T05:01:24.011295+00:00
Inglaterra Premier League 2026/2027,Coventry City - Brighton & Hove Albion,2026-09-13T13:00:00+00:00,finished,4,0-5,Brighton & Hove Albion,Luka Vušković,D,78,7.4,76,0,0,0.1032,0.00943747,2,0,0,60,53,3,2,0,0,0,0,6,3,4,2,1,1,7,1,2,1,1,8,1,0,0,0,0,0,0,2026-09-14T05:01:24.011005+00:00
Inglaterra Premier League 2026/2027,Coventry City - Brighton & Hove Albion,2026-09-13T13:00:00+00:00,finished,4,0-5,Brighton & Hove Albion,Malick Yalcouyé,M,65,7.6,32,1,0,0.589,0.0100668,3,2,1,18,14,1,0,1,0,1,1,3,6,0,3,2,1,1,0,1,1,1,7,0,3,0,0,0,0,0,2026-09-14T05:01:24.011013+00:00
Inglaterra Premier League 2026/2027,Coventry City - Brighton & Hove Albion,2026-09-13T13:00:00+00:00,finished,4,0-5,Coventry City,Matt Grimes,M,84,6.8,31,0,0,0.0384,0.0237903,1,0,0,23,18,3,0,2,1,0,0,4,0,1,0,1,0,1,0,1,1,0,6,2,0,0,0,0,4,0,2026-09-14T05:01:24.011190+00:00
Inglaterra Premier League 2026/2027,Coventry City - Brighton & Hove Albion,2026-09-13T13:00:00+00:00,finished,4,0-5,Brighton & Hove Albion,Matt O'Riley,M,13,6.6,2,0,0,,0.00657192,0,0,1,2,2,0,0,0,0,0,0,0,0,0,0,0,0,0,0,1,0,0,0,0,0,0,0,0,0,0,2026-09-14T05:01:24.011030+00:00
Inglaterra Premier League 2026/2027,Coventry City - Brighton & Hove Albion,2026-09-13T13:00:00+00:00,finished,4,0-5,Brighton & Hove Albion,Maxim De Cuyper,D,90,7.0,61,0,1,0.0364,0.0364947,1,0,4,53,50,2,2,1,0,1,1,3,2,1,1,0,0,0,0,4,0,0,6,1,1,0,0,0,0,0,2026-09-14T05:01:24.010905+00:00
Inglaterra Premier League 2026/2027,Coventry City - Brighton & Hove Albion,2026-09-13T13:00:00+00:00,finished,4,0-5,Coventry City,Milan van Ewijk,D,90,7.1,49,0,0,,0.0446289,0,0,1,24,20,6,4,0,0,3,1,6,5,2,1,1,1,5,0,3,0,1,11,2,0,0,0,0,5,0,2026-09-14T05:01:24.011183+00:00
Inglaterra Premier League 2026/2027,Coventry City - Brighton & Hove Albion,2026-09-13T13:00:00+00:00,finished,4,0-5,Brighton & Hove Albion,Olivier Boscagli,D,78,6.9,71,0,0,0.0115,0.0307071,1,0,1,51,44,3,1,5,0,0,0,4,5,2,2,1,1,7,1,3,0,0,13,1,3,0,0,0,0,0,2026-09-14T05:01:24.010998+00:00
Inglaterra Premier League 2026/2027,Coventry City - Brighton & Hove Albion,2026-09-13T13:00:00+00:00,finished,4,0-5,Brighton & Hove Albion,Pascal Groß,M,90,8.6,110,1,2,0.8143,0.188171,2,1,6,90,84,6,4,8,2,0,0,4,5,2,3,2,2,2,0,4,0,0,13,0,2,0,0,0,0,0,2026-09-14T05:01:24.010972+00:00
Inglaterra Premier League 2026/2027,Coventry City - Brighton & Hove Albion,2026-09-13T13:00:00+00:00,finished,4,0-5,Brighton & Hove Albion,Pascal Struijk,D,12,6.9,28,0,0,,0.00825907,0,0,0,24,24,0,0,0,0,0,0,0,0,0,0,0,0,4,0,0,0,0,0,0,0,0,0,0,0,0,2026-09-14T05:01:24.011069+00:00
Inglaterra Premier League 2026/2027,Coventry City - Brighton & Hove Albion,2026-09-13T13:00:00+00:00,finished,4,0-5,Brighton & Hove Albion,Promise David,F,0,,0,0,0,,,0,0,0,0,0,0,0,0,0,0,0,0,0,0,0,0,0,0,0,0,0,0,0,0,0,0,0,0,0,0,2026-09-14T05:01:24.011077+00:00
Inglaterra Premier League 2026/2027,Coventry City - Brighton & Hove Albion,2026-09-13T13:00:00+00:00,finished,4,0-5,Coventry City,Taiwo Awoniyi,F,53,5.4,16,0,0,0.0623,0.0148421,1,0,1,9,8,0,0,0,0,1,1,2,4,0,3,1,1,0,0,1,0,0,5,0,1,0,1,0,5,0,2026-09-14T05:01:24.011245+00:00
Inglaterra Premier League 2026/2027,Coventry City - Brighton & Hove Albion,2026-09-13T13:00:00+00:00,finished,4,0-5,Coventry City,Tatsuhiro Sakamoto,M,0,,0,0,0,,,0,0,0,0,0,0,0,0,0,0,0,0,0,0,0,0,0,0,0,0,0,0,0,0,0,0,0,0,0,0,2026-09-14T05:01:24.011305+00:00
Inglaterra Premier League 2026/2027,Coventry City - Brighton & Hove Albion,2026-09-13T13:00:00+00:00,finished,4,0-5,Coventry City,Victor Torp,M,13,6.4,5,0,0,,0.00054443,0,0,0,4,4,0,0,1,0,0,0,0,0,0,0,0,0,0,0,0,0,0,1,0,0,0,0,0,1,0,2026-09-14T05:01:24.011288+00:00
Inglaterra Premier League 2026/2027,Coventry City - Brighton & Hove Albion,2026-09-13T13:00:00+00:00,finished,4,0-5,Brighton & Hove Albion,Yasin Ayari,M,90,7.7,58,1,0,0.3187,0.0309491,4,2,0,49,45,1,1,0,0,0,0,2,4,0,2,1,1,0,0,7,1,0,4,1,1,0,0,0,0,0,2026-09-14T05:01:24.010921+00:00
Inglaterra Premier League 2026/2027,Manchester United - Manchester City,2026-09-13T15:30:00+00:00,finished,4,0-1,Manchester City,,,82,6.7,52,0,0,0.1852,0.0587957,2,1,0,31,25,1,1,2,2,2,1,8,9,2,1,2,1,1,3,4,1,1,11,3,4,1,0,0,0,0,2026-09-14T05:01:24.133014+00:00
Inglaterra Premier League 2026/2027,Manchester United - Manchester City,2026-09-13T15:30:00+00:00,finished,4,0-1,Manchester City,Abdukodir Khusanov,D,0,,0,0,0,,,0,0,0,0,0,0,0,0,0,0,0,0,0,0,0,0,0,0,0,0,0,0,0,0,0,0,0,0,0,0,2026-09-14T05:01:24.133124+00:00
Inglaterra Premier League 2026/2027,Manchester United - Manchester City,2026-09-13T15:30:00+00:00,finished,4,0-1,Manchester City,Allan,M,0,,0,0,0,,,0,0,0,0,0,0,0,0,0,0,0,0,0,0,0,0,0,0,0,0,0,0,0,0,0,0,0,0,0,0,2026-09-14T05:01:24.133067+00:00
Inglaterra Premier League 2026/2027,Manchester United - Manchester City,2026-09-13T15:30:00+00:00,finished,4,0-1,Manchester United,Andrey Santos,M,0,,0,0,0,,,0,0,0,0,0,0,0,0,0,0,0,0,0,0,0,0,0,0,0,0,0,0,0,0,0,0,0,0,0,0,2026-09-14T05:01:24.133295+00:00
Inglaterra Premier League 2026/2027,Manchester United - Manchester City,2026-09-13T15:30:00+00:00,finished,4,0-1,Manchester City,Antoine Semenyo,M,90,6.2,42,0,0,,0.0566765,0,0,1,29,21,0,0,1,0,1,0,3,8,1,1,1,1,0,0,2,0,2,14,1,3,0,0,0,0,0,2026-09-14T05:01:24.133010+00:00
Inglaterra Premier League 2026/2027,Manchester United - Manchester City,2026-09-13T15:30:00+00:00,finished,4,0-1,Manchester United,Ayden Heaven,D,0,,0,0,0,,,0,0,0,0,0,0,0,0,0,0,0,0,0,0,0,0,0,0,0,0,0,0,0,0,0,0,0,0,0,0,2026-09-14T05:01:24.133246+00:00
Inglaterra Premier League 2026/2027,Manchester United - Manchester City,2026-09-13T15:30:00+00:00,finished,4,0-1,Manchester City,Ayyoub Bouaddi,M,0,,0,0,0,,,0,0,0,0,0,0,0,0,0,0,0,0,0,0,0,0,0,0,0,0,0,0,0,0,0,0,0,0,0,0,2026-09-14T05:01:24.133085+00:00
Inglaterra Premier League 2026/2027,Manchester United - Manchester City,2026-09-13T15:30:00+00:00,finished,4,0-1,Manchester United,Benjamin Šeško,F,23,6.6,7,0,0,0.0555,0.00180124,1,0,0,4,4,0,0,0,0,1,1,1,0,0,0,0,0,0,0,2,1,0,1,0,0,0,0,0,0,0,2026-09-14T05:01:24.133218+00:00
Inglaterra Premier League 2026/2027,Manchester United - Manchester City,2026-09-13T15:30:00+00:00,finished,4,0-1,Manchester United,Bruno Fernandes,M,90,7.5,68,0,0,0.028,0.2058,1,1,2,57,51,5,3,6,2,0,0,2,3,0,0,2,1,1,0,4,0,0,10,0,1,0,0,0,1,0,2026-09-14T05:01:24.133191+00:00
Inglaterra Premier League 2026/2027,Manchester United - Manchester City,2026-09-13T15:30:00+00:00,finished,4,0-1,Manchester United,Bryan Mbeumo,F,90,6.0,42,0,0,0.4885,0.0774319,3,1,2,26,19,1,0,3,2,3,0,4,12,1,4,1,1,0,0,3,0,2,13,2,0,0,0,0,1,0,2026-09-14T05:01:24.133198+00:00
Inglaterra Premier League 2026/2027,Manchester United - Manchester City,2026-09-13T15:30:00+00:00,finished,4,0-1,Manchester United,Diogo Dalot,D,90,6.6,59,0,0,0.0195,0.0470662,1,0,1,38,32,0,0,2,0,2,1,4,5,1,1,1,0,1,1,9,0,0,11,1,3,0,0,0,1,0,2026-09-14T05:01:24.133156+00:00
Inglaterra Premier League 2026/2027,Manchester United - Manchester City,2026-09-13T15:30:00+00:00,finished,4,0-1,Manchester City,Elliot Anderson,M,90,7.1,75,0,0,,0.00755834,0,0,0,52,45,3,2,6,0,0,0,7,3,0,1,3,1,3,1,6,0,0,15,4,1,0,0,0,0,0,2026-09-14T05:01:24.132973+00:00
Inglaterra Premier League 2026/2027,Manchester United - Manchester City,2026-09-13T15:30:00+00:00,finished,4,0-1,Manchester City,Erling Haaland,F,90,7.9,30,1,0,0.7521,0.0137954,2,1,0,18,11,1,1,0,0,4,2,7,3,3,1,0,0,0,0,3,0,0,10,2,0,0,0,0,0,0,2026-09-14T05:01:24.133005+00:00
Inglaterra Premier League 2026/2027,Manchester United - Manchester City,2026-09-13T15:30:00+00:00,finished,4,0-1,Manchester City,Gerónimo Rulli,G,0,,0,0,0,,,0,0,0,0,0,0,0,0,0,0,0,0,0,0,0,0,0,0,0,0,0,0,0,0,0,0,0,0,0,0,2026-09-14T05:01:24.133090+00:00
Inglaterra Premier League 2026/2027,Manchester United - Manchester City,2026-09-13T15:30:00+00:00,finished,4,0-1,Manchester City,Gianluigi Donnarumma,G,90,7.5,51,0,0,,0.00106792,0,0,0,42,25,33,16,0,0,0,0,0,0,0,0,0,0,0,0,10,0,0,17,0,0,0,0,3,0,0,2026-09-14T05:01:24.132939+00:00
Inglaterra Premier League 2026/2027,Manchester United - Manchester City,2026-09-13T15:30:00+00:00,finished,4,0-1,Manchester United,Harry Maguire,D,90,6.5,69,0,0,0.0799,0.011265,2,0,0,58,50,3,1,0,0,1,1,5,6,3,1,1,1,2,1,7,0,0,9,0,3,1,0,0,1,0,2026-09-14T05:01:24.133170+00:00
Inglaterra Premier League 2026/2027,Manchester United - Manchester City,2026-09-13T15:30:00+00:00,finished,4,0-1,Manchester City,Iliman Ndiaye,M,45,7.1,39,0,0,,0.248303,0,0,1,15,12,1,0,2,0,7,3,9,10,0,1,1,1,2,1,6,0,3,13,5,1,0,0,0,0,0,2026-09-14T05:01:24.133022+00:00
Inglaterra Premier League 2026/2027,Manchester United - Manchester City,2026-09-13T15:30:00+00:00,finished,4,0-1,Manchester United,Joshua Zirkzee,F,13,6.5,9,0,0,,0.00546358,0,0,0,7,5,1,0,1,1,0,0,0,0,0,0,0,0,1,0,2,0,0,2,0,0,0,0,0,0,0,2026-09-14T05:01:24.133225+00:00
Inglaterra Premier League 2026/2027,Manchester United - Manchester City,2026-09-13T15:30:00+00:00,finished,4,0-1,Manchester City,Joško Gvardiol,D,90,7.9,52,0,0,0.0191,0.00248952,1,0,0,33,30,1,0,1,0,2,2,8,2,2,2,4,2,3,0,3,1,0,6,0,0,1,0,0,0,0,2026-09-14T05:01:24.132982+00:00
Inglaterra Premier League 2026/2027,Manchester United - Manchester City,2026-09-13T15:30:00+00:00,finished,4,0-1,Manchester United,Karl Darlow,G,0,,0,0,0,,,0,0,0,0,0,0,0,0,0,0,0,0,0,0,0,0,0,0,0,0,0,0,0,0,0,0,0,0,0,0,2026-09-14T05:01:24.133239+00:00
Inglaterra Premier League 2026/2027,Manchester United - Manchester City,2026-09-13T15:30:00+00:00,finished,4,0-1,Manchester United,Kobbie Mainoo,M,90,7.4,83,0,0,0.0291,0.0728729,1,0,3,67,65,2,2,0,0,3,3,4,5,0,1,0,0,1,2,9,0,1,6,1,3,0,0,0,1,0,2026-09-14T05:01:24.133148+00:00
Inglaterra Premier League 2026/2027,Manchester United - Manchester City,2026-09-13T15:30:00+00:00,finished,4,0-1,Manchester United,Leny Yoro,D,0,,0,0,0,,,0,0,0,0,0,0,0,0,0,0,0,0,0,0,0,0,0,0,0,0,0,0,0,0,0,0,0,0,0,0,2026-09-14T05:01:24.133280+00:00
Inglaterra Premier League 2026/2027,Manchester United - Manchester City,2026-09-13T15:30:00+00:00,finished,4,0-1,Manchester United,Lisandro Martínez,D,90,7.0,73,0,0,0.0283,0.0756271,1,1,0,61,53,5,1,0,0,0,0,4,4,1,2,3,3,3,0,5,0,0,10,0,2,0,0,0,1,0,2026-09-14T05:01:24.133138+00:00
Inglaterra Premier League 2026/2027,Manchester United - Manchester City,2026-09-13T15:30:00+00:00,finished,4,0-1,Manchester City,Marc Guéhi,D,90,7.0,63,0,0,,0.00156461,0,0,0,53,48,1,0,0,0,0,0,1,0,1,0,0,0,6,0,3,0,0,6,0,0,0,0,0,0,0,2026-09-14T05:01:24.132995+00:00
Inglaterra Premier League 2026/2027,Manchester United - Manchester City,2026-09-13T15:30:00+00:00,finished,4,0-1,Manchester United,Marcus Rashford,F,83,6.7,53,0,0,0.1157,0.0934737,3,0,1,28,23,0,0,6,0,3,1,3,6,0,2,1,0,1,1,2,2,0,17,1,1,0,0,0,1,0,2026-09-14T05:01:24.133204+00:00
Inglaterra Premier League 2026/2027,Manchester United - Manchester City,2026-09-13T15:30:00+00:00,finished,4,0-1,Manchester United,Mason Mount,F,0,,0,0,0,,,0,0,0,0,0,0,0,0,0,0,0,0,0,0,0,0,0,0,0,0,0,0,0,0,0,0,0,0,0,0,2026-09-14T05:01:24.133232+00:00
Inglaterra Premier League 2026/2027,Manchester United - Manchester City,2026-09-13T15:30:00+00:00,finished,4,0-1,Manchester City,Mateo Kovačić,M,0,,0,0,0,,,0,0,0,0,0,0,0,0,0,0,0,0,0,0,0,0,0,0,0,0,0,0,0,0,0,0,0,0,0,0,2026-09-14T05:01:24.133080+00:00
Inglaterra Premier League 2026/2027,Manchester United - Manchester City,2026-09-13T15:30:00+00:00,finished,4,0-1,Manchester United,Matheus Cunha,F,90,6.7,46,0,0,0.108,0.0282323,3,0,1,28,23,0,0,3,0,3,2,5,4,0,0,1,0,0,0,1,1,2,13,2,1,0,0,0,1,0,2026-09-14T05:01:24.133184+00:00
Inglaterra Premier League 2026/2027,Manchester United - Manchester City,2026-09-13T15:30:00+00:00,finished,4,0-1,Manchester City,Matheus Nunes,D,90,7.9,63,0,0,,0.00726609,0,0,0,37,34,4,2,1,0,2,2,5,0,1,0,2,2,5,2,8,0,0,9,0,0,0,0,0,0,0,2026-09-14T05:01:24.133000+00:00
Inglaterra Premier League 2026/2027,Manchester United - Manchester City,2026-09-13T15:30:00+00:00,finished,4,0-1,Manchester City,Nico O'Reilly,D,8,6.5,4,0,0,,0.00365999,0,0,0,3,2,0,0,0,0,0,0,0,3,0,1,0,0,0,0,1,0,1,2,0,0,0,0,0,0,0,2026-09-14T05:01:24.133051+00:00
Inglaterra Premier League 2026/2027,Manchester United - Manchester City,2026-09-13T15:30:00+00:00,finished,4,0-1,Manchester United,Noussair Mazraoui,D,0,,0,0,0,,,0,0,0,0,0,0,0,0,0,0,0,0,0,0,0,0,0,0,0,0,0,0,0,0,0,0,0,0,0,0,2026-09-14T05:01:24.133252+00:00
Inglaterra Premier League 2026/2027,Manchester United - Manchester City,2026-09-13T15:30:00+00:00,finished,4,0-1,Manchester United,Patrick Dorgu,M,90,6.5,69,0,0,,0.0325561,0,0,1,40,36,0,0,4,1,0,0,7,5,0,0,6,3,2,1,3,0,0,10,1,3,0,0,0,1,0,2026-09-14T05:01:24.133163+00:00
Inglaterra Premier League 2026/2027,Manchester United - Manchester City,2026-09-13T15:30:00+00:00,finished,4,0-1,Manchester City,Phil Foden,M,23,4.1,15,0,0,,0.019466,0,0,1,8,8,0,0,0,0,1,0,1,3,0,0,0,0,0,0,0,0,2,4,1,0,0,1,0,0,0,2026-09-14T05:01:24.133037+00:00
Inglaterra Premier League 2026/2027,Manchester United - Manchester City,2026-09-13T15:30:00+00:00,finished,4,0-1,Manchester City,Rayan Cherki,M,45,6.6,34,0,0,0.0338,0.0610147,1,0,0,27,24,3,3,1,1,0,0,1,2,0,0,0,0,1,0,0,1,0,5,1,1,0,0,0,0,0,2026-09-14T05:01:24.133030+00:00
Inglaterra Premier League 2026/2027,Manchester United - Manchester City,2026-09-13T15:30:00+00:00,finished,4,0-1,Manchester City,Rico Lewis,D,0,,0,0,0,,,0,0,0,0,0,0,0,0,0,0,0,0,0,0,0,0,0,0,0,0,0,0,0,0,0,0,0,0,0,0,2026-09-14T05:01:24.133074+00:00
Inglaterra Premier League 2026/2027,Manchester United - Manchester City,2026-09-13T15:30:00+00:00,finished,4,0-1,Manchester City,Rúben Dias,D,90,6.9,56,0,0,,0.00384351,0,0,0,48,41,8,3,0,0,0,0,2,3,2,2,0,0,4,2,2,0,0,7,0,0,0,0,0,0,0,2026-09-14T05:01:24.132989+00:00
Inglaterra Premier League 2026/2027,Manchester United - Manchester City,2026-09-13T15:30:00+00:00,finished,4,0-1,Manchester United,Senne Lammens,G,90,6.7,18,0,0,,8.221e-05,0,0,0,15,12,4,1,0,0,0,0,1,0,1,0,0,0,1,0,5,0,0,3,0,0,0,0,1,1,1,2026-09-14T05:01:24.133178+00:00
Inglaterra Premier League 2026/2027,Manchester United - Manchester City,2026-09-13T15:30:00+00:00,finished,4,0-1,Manchester United,Shea Lacey,F,0,,0,0,0,,,0,0,0,0,0,0,0,0,0,0,0,0,0,0,0,0,0,0,0,0,0,0,0,0,0,0,0,0,0,0,2026-09-14T05:01:24.133302+00:00
Inglaterra Premier League 2026/2027,Manchester United - Manchester City,2026-09-13T15:30:00+00:00,finished,4,0-1,Manchester City,Vitor Reis,D,0,,0,0,0,,,0,0,0,0,0,0,0,0,0,0,0,0,0,0,0,0,0,0,0,0,0,0,0,0,0,0,0,0,0,0,2026-09-14T05:01:24.133095+00:00
Inglaterra Premier League 2026/2027,Manchester United - Manchester City,2026-09-13T15:30:00+00:00,finished,4,0-1,Manchester United,Youri Tielemans,M,67,7.1,55,0,0,,0.0349452,0,0,1,43,38,2,1,1,0,1,0,6,2,3,1,2,1,1,2,0,0,0,8,1,0,0,0,0,1,0,2026-09-14T05:01:24.133211+00:00
Inglaterra Premier League 2026/2027,Leeds United - Newcastle United,2026-09-14T19:00:00+00:00,finished,4,4-1,Newcastle United,,,19,6.5,9,0,0,,0.00017986,0,0,0,8,6,0,0,0,0,0,0,0,1,0,0,0,0,0,0,1,0,0,2,0,0,0,0,0,0,0,2026-09-15T05:01:29.631956+00:00
Inglaterra Premier League 2026/2027,Leeds United - Newcastle United,2026-09-14T19:00:00+00:00,finished,4,4-1,Newcastle United,,,0,,0,0,0,,,0,0,0,0,0,0,0,0,0,0,0,0,0,0,0,0,0,0,0,0,0,0,0,0,0,0,0,0,0,0,2026-09-15T05:01:29.631993+00:00
Inglaterra Premier League 2026/2027,Leeds United - Newcastle United,2026-09-14T19:00:00+00:00,finished,4,4-1,Leeds United,,,0,,0,0,0,,,0,0,0,0,0,0,0,0,0,0,0,0,0,0,0,0,0,0,0,0,0,0,0,0,0,0,0,0,0,0,2026-09-15T05:01:29.632262+00:00
Inglaterra Premier League 2026/2027,Leeds United - Newcastle United,2026-09-14T19:00:00+00:00,finished,4,4-1,Newcastle United,Aladji Bamba,M,10,6.5,9,0,0,,0.00052449,0,0,0,5,4,1,1,0,0,0,0,1,3,0,0,1,1,0,0,1,0,1,3,0,1,0,0,0,0,0,2026-09-15T05:01:29.631967+00:00
Inglaterra Premier League 2026/2027,Leeds United - Newcastle United,2026-09-14T19:00:00+00:00,finished,4,4-1,Newcastle United,Amar Dedić,D,58,5.6,41,0,0,,0.00308929,0,0,0,27,20,2,0,0,0,2,0,3,7,0,4,3,2,2,0,5,0,1,11,0,0,0,0,0,3,0,2026-09-15T05:01:29.631898+00:00
Inglaterra Premier League 2026/2027,Leeds United - Newcastle United,2026-09-14T19:00:00+00:00,finished,4,4-1,Leeds United,Anton Stach,M,88,6.8,52,0,0,0.4275,0.0767784,1,0,3,35,31,2,1,6,1,2,1,3,4,0,0,2,2,1,2,6,0,0,12,0,2,0,0,0,0,0,2026-09-15T05:01:29.632093+00:00
Inglaterra Premier League 2026/2027,Leeds United - Newcastle United,2026-09-14T19:00:00+00:00,finished,4,4-1,Leeds United,Ao Tanaka,M,72,7.2,53,0,0,0.0641,0.02538,1,0,0,42,40,1,1,0,0,2,1,4,2,1,1,2,1,0,1,2,1,0,4,0,0,0,0,0,0,0,2026-09-15T05:01:29.632172+00:00
Inglaterra Premier League 2026/2027,Leeds United - Newcastle United,2026-09-14T19:00:00+00:00,finished,4,4-1,Newcastle United,Bazoumana Touré,M,33,7.7,24,1,0,0.2846,0.0119045,1,1,0,14,12,0,0,3,1,3,2,4,4,1,1,0,0,0,0,2,0,0,7,1,1,0,0,0,1,0,2026-09-15T05:01:29.631929+00:00
Inglaterra Premier League 2026/2027,Leeds United - Newcastle United,2026-09-14T19:00:00+00:00,finished,4,4-1,Leeds United,Brenden Aaronson,M,18,6.5,9,0,0,,0.00178657,0,0,0,5,4,1,1,0,0,0,0,1,1,0,0,0,0,0,0,1,0,1,3,1,0,0,0,0,1,0,2026-09-15T05:01:29.632192+00:00
Inglaterra Premier League 2026/2027,Leeds United - Newcastle United,2026-09-14T19:00:00+00:00,finished,4,4-1,Leeds United,Daniel James,M,12,6.9,7,0,0,0.0728,,2,0,0,0,0,0,0,1,0,4,3,3,2,0,0,0,0,0,0,2,1,0,2,0,1,0,0,0,1,0,2026-09-15T05:01:29.632214+00:00
Inglaterra Premier League 2026/2027,Leeds United - Newcastle United,2026-09-14T19:00:00+00:00,finished,4,4-1,Leeds United,Dominic Calvert-Lewin,F,78,8.3,26,1,1,0.7713,0.00443071,4,2,1,14,10,0,0,0,0,4,2,5,4,3,1,0,0,1,0,4,1,0,6,0,1,1,0,0,0,0,2026-09-15T05:01:29.632145+00:00
Inglaterra Premier League 2026/2027,Leeds United - Newcastle United,2026-09-14T19:00:00+00:00,finished,4,4-1,Leeds United,Ethan Ampadu,M,90,7.1,62,0,0,0.0687,0.0159284,1,0,0,47,44,3,2,0,0,0,0,4,3,2,1,1,0,0,2,9,1,1,11,1,0,0,0,0,1,0,2026-09-15T05:01:29.632052+00:00
Inglaterra Premier League 2026/2027,Leeds United - Newcastle United,2026-09-14T19:00:00+00:00,finished,4,4-1,Newcastle United,Fabian Schär,D,0,,0,0,0,,,0,0,0,0,0,0,0,0,0,0,0,0,0,0,0,0,0,0,0,0,0,0,0,0,0,0,0,0,0,0,2026-09-15T05:01:29.632021+00:00
Inglaterra Premier League 2026/2027,Leeds United - Newcastle United,2026-09-14T19:00:00+00:00,finished,4,4-1,Leeds United,Gabriel Gudmundsson,D,72,7.2,52,0,0,,0.175688,0,0,0,29,23,4,2,3,1,2,1,5,4,0,1,3,1,0,1,2,0,1,17,1,1,0,0,0,0,0,2026-09-15T05:01:29.632164+00:00
Inglaterra Premier League 2026/2027,Leeds United - Newcastle United,2026-09-14T19:00:00+00:00,finished,4,4-1,Leeds United,Harry Wilson,M,18,6.8,10,0,0,,0.0302056,0,0,0,6,5,0,0,1,1,0,0,2,1,0,0,1,0,1,0,0,0,0,1,1,0,0,0,0,1,0,2026-09-15T05:01:29.632182+00:00
Inglaterra Premier League 2026/2027,Leeds United - Newcastle United,2026-09-14T19:00:00+00:00,finished,4,4-1,Newcastle United,Harvey Barnes,F,90,6.9,34,0,0,0.2764,0.318025,2,2,1,23,19,2,1,1,0,0,0,3,2,2,0,0,0,2,1,3,0,1,9,1,1,0,0,0,4,0,2026-09-15T05:01:29.631752+00:00
Inglaterra Premier League 2026/2027,Leeds United - Newcastle United,2026-09-14T19:00:00+00:00,finished,4,4-1,Newcastle United,Jacob Murphy,F,57,6.2,27,0,0,,0.131238,0,0,0,12,7,4,1,3,0,2,1,4,6,1,1,1,0,0,0,3,0,2,14,1,1,1,0,0,3,0,2026-09-15T05:01:29.631919+00:00
Inglaterra Premier League 2026/2027,Leeds United - Newcastle United,2026-09-14T19:00:00+00:00,finished,4,4-1,Newcastle United,Jacob Ramsey,M,0,,0,0,0,,,0,0,0,0,0,0,0,0,0,0,0,0,0,0,0,0,0,0,0,0,0,0,0,0,0,0,0,0,0,0,2026-09-15T05:01:29.632030+00:00
Inglaterra Premier League 2026/2027,Leeds United - Newcastle United,2026-09-14T19:00:00+00:00,finished,4,4-1,Leeds United,Jaka Bijol,D,0,,0,0,0,,,0,0,0,0,0,0,0,0,0,0,0,0,0,0,0,0,0,0,0,0,0,0,0,0,0,0,0,0,0,0,2026-09-15T05:01:29.632253+00:00
Inglaterra Premier League 2026/2027,Leeds United - Newcastle United,2026-09-14T19:00:00+00:00,finished,4,4-1,Leeds United,James Justin,D,90,7.3,57,0,0,,0.27654,0,0,2,41,29,4,0,2,1,0,0,6,2,3,1,2,1,3,0,1,0,0,15,1,0,0,0,0,1,0,2026-09-15T05:01:29.632082+00:00
Inglaterra Premier League 2026/2027,Leeds United - Newcastle United,2026-09-14T19:00:00+00:00,finished,4,4-1,Leeds United,James Trafford,G,90,7.0,60,0,0,,0.00194317,0,0,0,47,32,21,7,0,0,0,0,1,0,1,0,0,0,4,0,8,0,0,16,0,0,0,0,4,1,2,2026-09-15T05:01:29.632041+00:00
Inglaterra Premier League 2026/2027,Leeds United - Newcastle United,2026-09-14T19:00:00+00:00,finished,4,4-1,Leeds United,Jayden Bogle,D,83,7.0,40,1,0,0.3492,0.108993,3,3,1,19,15,4,1,1,1,2,0,4,9,0,2,2,2,1,0,1,0,1,10,2,2,0,0,0,0,0,2026-09-15T05:01:29.632127+00:00
Inglaterra Premier League 2026/2027,Leeds United - Newcastle United,2026-09-14T19:00:00+00:00,finished,4,4-1,Newcastle United,Joe Willock,M,33,6.7,22,0,0,0.1293,0.0289402,2,1,1,10,10,0,0,1,0,0,0,2,0,0,0,1,1,1,0,2,0,0,5,1,0,0,0,0,1,0,2026-09-15T05:01:29.631940+00:00
Inglaterra Premier League 2026/2027,Leeds United - Newcastle United,2026-09-14T19:00:00+00:00,finished,4,4-1,Newcastle United,Lewis Hall,D,90,6.4,84,0,0,0.0227,0.0133382,1,1,0,50,48,5,4,5,0,5,3,9,6,1,2,4,3,2,0,4,0,1,11,1,0,0,0,0,4,0,2026-09-15T05:01:29.631852+00:00
Inglaterra Premier League 2026/2027,Leeds United - Newcastle United,2026-09-14T19:00:00+00:00,finished,4,4-1,Newcastle United,Lewis Miley,M,80,5.8,61,0,0,,0.033384,0,0,0,55,48,5,2,1,0,0,0,2,2,1,1,1,1,1,1,6,0,0,8,0,0,0,0,0,4,0,2026-09-15T05:01:29.631876+00:00
Inglaterra Premier League 2026/2027,Leeds United - Newcastle United,2026-09-14T19:00:00+00:00,finished,4,4-1,Leeds United,Lukas Nmecha,F,12,6.6,5,0,0,,0.00608091,0,0,0,3,1,0,0,0,0,1,0,1,1,0,0,0,0,0,0,1,0,0,3,1,0,0,0,0,1,0,2026-09-15T05:01:29.632224+00:00
Inglaterra Premier League 2026/2027,Leeds United - Newcastle United,2026-09-14T19:00:00+00:00,finished,4,4-1,Newcastle United,Lukáš Horníček,G,90,6.6,35,0,0,,0.00071562,0,0,0,27,16,14,4,0,0,0,0,0,0,0,0,0,0,2,0,4,0,0,11,0,0,0,0,3,4,1,2026-09-15T05:01:29.631814+00:00
Inglaterra Premier League 2026/2027,Leeds United - Newcastle United,2026-09-14T19:00:00+00:00,finished,4,4-1,Newcastle United,Malick Thiaw,D,90,5.9,58,0,0,,0.00471066,0,0,0,41,33,6,1,0,0,0,0,3,1,3,0,0,0,8,1,1,0,0,9,0,1,0,0,0,4,0,2026-09-15T05:01:29.631828+00:00
Inglaterra Premier League 2026/2027,Leeds United - Newcastle United,2026-09-14T19:00:00+00:00,finished,4,4-1,Newcastle United,Matías Fernández-Pardo,F,57,6.5,15,0,0,,0.00581627,0,0,1,9,5,0,0,1,0,0,0,3,2,1,0,1,1,0,0,1,0,1,6,1,1,0,0,0,3,0,2026-09-15T05:01:29.631909+00:00
Inglaterra Premier League 2026/2027,Leeds United - Newcastle United,2026-09-14T19:00:00+00:00,finished,4,4-1,Leeds United,Melvin Bard,D,18,6.3,9,0,0,,0.00210635,0,0,1,6,4,0,0,0,0,1,0,2,3,1,1,1,1,0,1,2,0,0,3,0,1,0,0,0,1,0,2026-09-15T05:01:29.632204+00:00
Inglaterra Premier League 2026/2027,Leeds United - Newcastle United,2026-09-14T19:00:00+00:00,finished,4,4-1,Leeds United,Michael Zetterer,G,0,,0,0,0,,,0,0,0,0,0,0,0,0,0,0,0,0,0,0,0,0,0,0,0,0,0,0,0,0,0,0,0,0,0,0,2026-09-15T05:01:29.632243+00:00
Inglaterra Premier League 2026/2027,Leeds United - Newcastle United,2026-09-14T19:00:00+00:00,finished,4,4-1,Newcastle United,Nick Pope,G,0,,0,0,0,,,0,0,0,0,0,0,0,0,0,0,0,0,0,0,0,0,0,0,0,0,0,0,0,0,0,0,0,0,0,0,2026-09-15T05:01:29.632009+00:00
Inglaterra Premier League 2026/2027,Leeds United - Newcastle United,2026-09-14T19:00:00+00:00,finished,4,4-1,Leeds United,Nico Elvedi,D,90,6.4,73,0,0,0.0772,0.00449983,1,0,0,59,52,2,2,0,0,0,0,1,2,0,1,1,0,8,0,3,0,1,9,0,0,0,0,0,1,0,2026-09-15T05:01:29.632072+00:00
Inglaterra Premier League 2026/2027,Leeds United - Newcastle United,2026-09-14T19:00:00+00:00,finished,4,4-1,Leeds United,Noah Okafor,F,72,7.9,35,1,0,0.0754,0.076018,2,1,1,17,14,0,0,2,1,4,0,6,8,2,3,2,2,1,0,2,1,0,11,2,0,0,0,0,0,0,2026-09-15T05:01:29.632156+00:00
Inglaterra Premier League 2026/2027,Leeds United - Newcastle United,2026-09-14T19:00:00+00:00,finished,4,4-1,Leeds United,Sean Longstaff,M,2,,3,0,0,,8.16e-06,0,0,0,1,1,0,0,0,0,0,0,1,0,0,0,0,0,0,0,0,0,0,0,1,0,0,0,0,1,0,2026-09-15T05:01:29.632233+00:00
Inglaterra Premier League 2026/2027,Leeds United - Newcastle United,2026-09-14T19:00:00+00:00,finished,4,4-1,Newcastle United,Sean Steur,M,71,6.5,62,0,0,,0.0295625,0,0,1,54,48,3,1,0,0,0,0,2,3,0,1,2,2,1,1,3,0,1,8,0,1,0,0,0,4,0,2026-09-15T05:01:29.631887+00:00
Inglaterra Premier League 2026/2027,Leeds United - Newcastle United,2026-09-14T19:00:00+00:00,finished,4,4-1,Newcastle United,Sven Botman,D,90,6.0,70,0,0,,0.00227959,0,0,0,50,44,6,1,0,0,0,0,7,4,3,2,2,1,14,1,4,0,0,6,2,1,0,0,0,4,0,2026-09-15T05:01:29.631840+00:00
Inglaterra Premier League 2026/2027,Leeds United - Newcastle United,2026-09-14T19:00:00+00:00,finished,4,4-1,Leeds United,Tarik Muharemović,D,90,7.1,76,0,1,,0.0200594,0,0,1,59,52,3,2,0,0,0,0,6,4,3,4,1,1,8,2,5,0,0,7,2,0,0,0,0,1,0,2026-09-15T05:01:29.632062+00:00
Inglaterra Premier League 2026/2027,Leeds United - Newcastle United,2026-09-14T19:00:00+00:00,finished,4,4-1,Newcastle United,Tino Livramento,D,32,6.6,23,0,1,,0.00735427,0,0,1,15,11,2,0,3,0,0,0,2,1,0,0,2,2,1,0,3,0,0,7,0,1,1,0,0,1,0,2026-09-15T05:01:29.631948+00:00
Inglaterra Premier League 2026/2027,Leeds United - Newcastle United,2026-09-14T19:00:00+00:00,finished,4,4-1,Newcastle United,Yoane Wissa,F,90,5.9,34,0,0,0.1337,0.00492037,1,0,2,17,11,0,0,0,0,3,1,4,13,2,5,1,0,2,0,2,0,2,11,0,4,0,0,0,4,0,2026-09-15T05:01:29.631864+00:00
Inglaterra Premier League 2026/2027,Brentford - Chelsea,2026-09-18T19:00:00+00:00,finished,5,3-0,Brentford,,,9,6.7,7,0,0,,0.0006552,0,0,0,4,2,0,0,0,0,0,0,0,0,0,0,0,0,1,0,0,0,0,3,0,0,0,0,0,0,0,2026-09-19T05:01:49.016739+00:00
Inglaterra Premier League 2026/2027,Brentford - Chelsea,2026-09-18T19:00:00+00:00,finished,5,3-0,Brentford,Aaron Hickey,D,21,7.0,7,0,0,,0.00589346,0,0,0,2,1,1,0,0,0,1,1,2,0,1,0,0,0,3,0,0,0,0,1,0,0,0,0,0,0,0,2026-09-19T05:01:49.016720+00:00
Inglaterra Premier League 2026/2027,Brentford - Chelsea,2026-09-18T19:00:00+00:00,finished,5,3-0,Brentford,Benjamin Fredrick,D,0,,0,0,0,,,0,0,0,0,0,0,0,0,0,0,0,0,0,0,0,0,0,0,0,0,0,0,0,0,0,0,0,0,0,0,2026-09-19T05:01:49.016796+00:00
Inglaterra Premier League 2026/2027,Brentford - Chelsea,2026-09-18T19:00:00+00:00,finished,5,3-0,Brentford,Callum Wilson,F,0,,0,0,0,,,0,0,0,0,0,0,0,0,0,0,0,0,0,0,0,0,0,0,0,0,0,0,0,0,0,0,0,0,0,0,2026-09-19T05:01:49.016813+00:00
Inglaterra Premier League 2026/2027,Brentford - Chelsea,2026-09-18T19:00:00+00:00,finished,5,3-0,Brentford,Caoimhin Kelleher,G,90,7.3,43,0,0,,0.0019298,0,0,0,34,26,16,8,0,0,0,0,1,0,1,0,0,0,2,0,8,0,0,8,0,0,0,0,2,0,2,2026-09-19T05:01:49.016669+00:00
Inglaterra Premier League 2026/2027,Brentford - Chelsea,2026-09-18T19:00:00+00:00,finished,5,3-0,Chelsea,Cole Palmer,M,90,7.4,55,0,0,0.1406,0.18174,2,0,2,30,25,3,1,1,0,5,3,8,8,0,0,3,1,0,0,2,2,3,15,2,1,0,0,0,3,0,2026-09-19T05:01:49.016568+00:00
Inglaterra Premier League 2026/2027,Brentford - Chelsea,2026-09-18T19:00:00+00:00,finished,5,3-0,Brentford,Dango Ouattara,M,9,6.5,2,0,0,,1.238e-05,0,0,0,1,1,1,1,0,0,0,0,0,1,0,0,0,0,0,0,0,0,0,0,0,1,0,0,0,0,0,2026-09-19T05:01:49.016747+00:00
Inglaterra Premier League 2026/2027,Brentford - Chelsea,2026-09-18T19:00:00+00:00,finished,5,3-0,Chelsea,Danny Welbeck,F,71,6.6,17,0,0,,0.0767994,0,0,2,14,12,0,0,0,0,0,0,2,2,1,0,1,1,1,0,2,0,0,3,0,1,0,0,0,1,0,2026-09-19T05:01:49.016613+00:00
Inglaterra Premier League 2026/2027,Brentford - Chelsea,2026-09-18T19:00:00+00:00,finished,5,3-0,Brentford,Ellery Balcombe,G,0,,0,0,0,,,0,0,0,0,0,0,0,0,0,0,0,0,0,0,0,0,0,0,0,0,0,0,0,0,0,0,0,0,0,0,2026-09-19T05:01:49.016767+00:00
Inglaterra Premier League 2026/2027,Brentford - Chelsea,2026-09-18T19:00:00+00:00,finished,5,3-0,Chelsea,Emiliano Martínez,G,90,7.5,40,0,0,,0.00141435,0,0,1,31,21,14,5,0,0,0,0,1,0,0,0,0,0,0,0,6,0,0,10,1,0,0,0,3,3,0,2026-09-19T05:01:49.016527+00:00
Inglaterra Premier League 2026/2027,Brentford - Chelsea,2026-09-18T19:00:00+00:00,finished,5,3-0,Chelsea,Estêvão,M,10,6.5,5,0,0,,0.00129031,0,0,0,4,3,1,1,1,0,0,0,0,0,0,0,0,0,0,0,0,0,0,2,0,0,0,0,0,1,0,2026-09-19T05:01:49.016627+00:00
Inglaterra Premier League 2026/2027,Brentford - Chelsea,2026-09-18T19:00:00+00:00,finished,5,3-0,Brentford,Fabio Carvalho,F,10,7.3,4,1,0,0.4286,0.0006917,1,1,0,2,2,0,0,1,0,0,0,0,2,0,2,0,0,0,0,0,0,0,1,0,0,0,0,0,0,0,2026-09-19T05:01:49.016732+00:00
Inglaterra Premier League 2026/2027,Brentford - Chelsea,2026-09-18T19:00:00+00:00,finished,5,3-0,Chelsea,Geovany Quenda,M,19,6.3,13,0,0,0.0288,0.00711109,1,0,0,10,9,0,0,2,0,0,0,0,0,0,0,0,0,0,0,0,1,0,3,0,0,0,0,0,2,0,2026-09-19T05:01:49.016618+00:00
Inglaterra Premier League 2026/2027,Brentford - Chelsea,2026-09-18T19:00:00+00:00,finished,5,3-0,Brentford,Igor Thiago,F,90,6.2,37,1,0,0.7203,0.0267696,3,1,1,21,19,0,0,0,0,1,0,2,11,1,5,1,1,0,0,2,0,1,9,0,4,1,0,0,0,0,2026-09-19T05:01:49.016674+00:00
Inglaterra Premier League 2026/2027,Brentford - Chelsea,2026-09-18T19:00:00+00:00,finished,5,3-0,Brentford,Jaidon Anthony,M,81,7.2,25,1,0,0.9632,0.0235492,1,1,1,12,9,1,0,0,0,1,0,4,3,2,2,0,0,1,0,2,0,0,9,2,0,0,0,0,0,0,2026-09-19T05:01:49.016705+00:00
Inglaterra Premier League 2026/2027,Brentford - Chelsea,2026-09-18T19:00:00+00:00,finished,5,3-0,Chelsea,Jamie Gittens,M,0,,0,0,0,,,0,0,0,0,0,0,0,0,0,0,0,0,0,0,0,0,0,0,0,0,0,0,0,0,0,0,0,0,0,0,2026-09-19T05:01:49.016638+00:00
Inglaterra Premier League 2026/2027,Brentford - Chelsea,2026-09-18T19:00:00+00:00,finished,5,3-0,Brentford,Jannik Schuster,D,90,8.8,47,0,1,,0.45609,0,0,1,30,25,5,1,0,0,0,0,5,2,3,1,1,1,12,0,3,0,0,5,1,1,0,0,0,0,0,2026-09-19T05:01:49.016690+00:00
Inglaterra Premier League 2026/2027,Brentford - Chelsea,2026-09-18T19:00:00+00:00,finished,5,3-0,Chelsea,Jordan Henderson,M,90,6.7,89,0,0,,0.0809414,0,0,0,73,65,6,1,10,1,1,1,2,1,0,1,1,1,1,0,6,0,0,17,0,0,0,0,0,3,0,2026-09-19T05:01:49.016580+00:00
Inglaterra Premier League 2026/2027,Brentford - Chelsea,2026-09-18T19:00:00+00:00,finished,5,3-0,Chelsea,Jorrel Hato,D,0,,0,0,0,,,0,0,0,0,0,0,0,0,0,0,0,0,0,0,0,0,0,0,0,0,0,0,0,0,0,0,0,0,0,0,2026-09-19T05:01:49.016653+00:00
Inglaterra Premier League 2026/2027,Brentford - Chelsea,2026-09-18T19:00:00+00:00,finished,5,3-0,Chelsea,Josh Acheampong,D,19,6.0,15,0,0,,0.0094602,0,0,0,11,10,2,1,0,0,0,0,1,2,0,1,1,1,0,0,0,0,0,3,0,1,0,0,0,2,0,2026-09-19T05:01:49.016623+00:00
Inglaterra Premier League 2026/2027,Brentford - Chelsea,2026-09-18T19:00:00+00:00,finished,5,3-0,Brentford,Keane Lewis-Potter,D,81,6.9,51,0,0,0.1265,0.00929362,2,1,1,28,18,4,1,5,1,1,1,4,3,1,0,1,1,2,1,3,1,2,18,1,1,0,0,0,0,0,2026-09-19T05:01:49.016700+00:00
Inglaterra Premier League 2026/2027,Brentford - Chelsea,2026-09-18T19:00:00+00:00,finished,5,3-0,Brentford,Kevin Schade,M,90,7.7,38,0,0,0.5398,0.0222948,3,1,0,17,12,1,0,0,0,4,1,5,8,2,2,1,1,2,0,4,2,2,15,1,1,0,0,0,0,0,2026-09-19T05:01:49.016680+00:00
Inglaterra Premier League 2026/2027,Brentford - Chelsea,2026-09-18T19:00:00+00:00,finished,5,3-0,Brentford,Kristoffer Ajer,D,90,7.2,62,0,0,,0.0522562,0,0,1,46,43,2,1,0,0,0,0,0,3,0,0,0,0,6,3,3,0,2,5,0,0,0,0,0,0,0,2026-09-19T05:01:49.016664+00:00
Inglaterra Premier League 2026/2027,Brentford - Chelsea,2026-09-18T19:00:00+00:00,finished,5,3-0,Chelsea,Levi Colwill,D,90,6.2,77,0,0,,0.013528,0,0,0,65,57,4,0,0,0,0,0,2,0,2,0,0,0,5,2,4,0,0,9,0,0,0,0,0,3,0,2026-09-19T05:01:49.016585+00:00
Inglaterra Premier League 2026/2027,Brentford - Chelsea,2026-09-18T19:00:00+00:00,finished,5,3-0,Chelsea,Mahdi Nicoll-Jazuli,M,10,6.7,10,0,0,,0.00345925,0,0,0,9,8,0,0,0,0,0,0,3,0,2,0,1,1,0,0,0,0,0,1,0,0,0,0,0,1,0,2026-09-19T05:01:49.016633+00:00
Inglaterra Premier League 2026/2027,Brentford - Chelsea,2026-09-18T19:00:00+00:00,finished,5,3-0,Chelsea,Malo Gusto,D,0,,0,0,0,,,0,0,0,0,0,0,0,0,0,0,0,0,0,0,0,0,0,0,0,0,0,0,0,0,0,0,0,0,0,0,2026-09-19T05:01:49.016648+00:00
Inglaterra Premier League 2026/2027,Brentford - Chelsea,2026-09-18T19:00:00+00:00,finished,5,3-0,Brentford,Mamadou Sangare,M,21,6.9,5,0,0,,2.822e-05,0,0,0,1,1,0,0,0,0,0,0,3,1,1,0,1,0,1,0,1,0,0,0,1,1,1,0,0,0,0,2026-09-19T05:01:49.016725+00:00
Inglaterra Premier League 2026/2027,Brentford - Chelsea,2026-09-18T19:00:00+00:00,finished,5,3-0,Chelsea,Maxence Lacroix,D,90,6.8,77,0,0,0.1323,0.0107553,1,0,0,61,54,5,3,0,0,0,0,6,2,4,2,1,0,8,1,3,0,0,8,1,0,0,0,0,3,0,2026-09-19T05:01:49.016591+00:00
Inglaterra Premier League 2026/2027,Brentford - Chelsea,2026-09-18T19:00:00+00:00,finished,5,3-0,Brentford,Michael Kayode,D,69,7.1,32,0,0,,0.0655228,0,0,0,19,12,0,0,0,0,0,0,2,3,1,2,1,1,0,1,2,0,1,12,0,0,0,0,0,0,0,2026-09-19T05:01:49.016709+00:00
Inglaterra Premier League 2026/2027,Brentford - Chelsea,2026-09-18T19:00:00+00:00,finished,5,3-0,Chelsea,Mike Penders,G,0,,0,0,0,,,0,0,0,0,0,0,0,0,0,0,0,0,0,0,0,0,0,0,0,0,0,0,0,0,0,0,0,0,0,0,2026-09-19T05:01:49.016643+00:00
Inglaterra Premier League 2026/2027,Brentford - Chelsea,2026-09-18T19:00:00+00:00,finished,5,3-0,Brentford,Mikkel Damsgaard,M,87,6.7,65,0,0,0.0474,0.252635,1,0,2,46,33,8,4,4,1,3,1,6,8,2,0,3,1,1,1,3,0,2,23,0,1,0,0,0,0,0,2026-09-19T05:01:49.016695+00:00
Inglaterra Premier League 2026/2027,Brentford - Chelsea,2026-09-18T19:00:00+00:00,finished,5,3-0,Chelsea,Morgan Rogers,M,90,6.9,65,0,0,0.3279,0.069073,4,1,1,42,35,2,2,4,0,4,3,8,5,4,2,0,0,2,0,6,2,1,19,1,0,0,0,0,3,0,2026-09-19T05:01:49.016560+00:00
Inglaterra Premier League 2026/2027,Brentford - Chelsea,2026-09-18T19:00:00+00:00,finished,5,3-0,Chelsea,Pedro Neto,M,87,6.1,41,0,0,0.1378,0.0453672,2,1,0,19,16,0,0,4,1,5,1,4,9,0,2,3,2,0,0,3,1,1,14,0,2,0,0,0,2,0,2026-09-19T05:01:49.016602+00:00
Inglaterra Premier League 2026/2027,Brentford - Chelsea,2026-09-18T19:00:00+00:00,finished,5,3-0,Chelsea,Pep Chavarría,D,90,6.5,88,0,0,0.0397,0.0388095,1,0,2,56,49,5,3,5,0,0,0,5,6,1,4,3,3,4,2,3,0,0,20,1,2,0,0,0,3,0,2026-09-19T05:01:49.016574+00:00
Inglaterra Premier League 2026/2027,Brentford - Chelsea,2026-09-18T19:00:00+00:00,finished,5,3-0,Brentford,Rico Henry,D,0,,0,0,0,,,0,0,0,0,0,0,0,0,0,0,0,0,0,0,0,0,0,0,0,0,0,0,0,0,0,0,0,0,0,0,2026-09-19T05:01:49.016783+00:00
Inglaterra Premier League 2026/2027,Brentford - Chelsea,2026-09-18T19:00:00+00:00,finished,5,3-0,Chelsea,Roméo Lavia,M,0,,0,0,0,,,0,0,0,0,0,0,0,0,0,0,0,0,0,0,0,0,0,0,0,0,0,0,0,0,0,0,0,0,0,0,2026-09-19T05:01:49.016658+00:00
Inglaterra Premier League 2026/2027,Brentford - Chelsea,2026-09-18T19:00:00+00:00,finished,5,3-0,Chelsea,Valentín Barco,M,87,7.0,64,0,0,0.0267,0.0180665,1,0,0,51,47,4,2,1,0,1,0,6,2,1,0,3,3,0,2,4,1,1,7,2,0,0,0,0,2,0,2026-09-19T05:01:49.016597+00:00
Inglaterra Premier League 2026/2027,Brentford - Chelsea,2026-09-18T19:00:00+00:00,finished,5,3-0,Brentford,Vitaly Janelt,M,90,7.5,55,0,0,0.0252,0.0366158,1,0,0,44,39,4,3,1,1,0,0,4,3,0,1,3,1,1,0,4,1,0,5,1,0,0,0,0,0,0,2026-09-19T05:01:49.016685+00:00
Inglaterra Premier League 2026/2027,Brentford - Chelsea,2026-09-18T19:00:00+00:00,finished,5,3-0,Chelsea,Wesley Fofana,D,71,6.7,45,0,0,,0.00169741,0,0,0,21,19,2,1,0,0,0,0,6,3,2,3,2,1,7,6,4,0,0,8,2,0,0,0,0,1,0,2026-09-19T05:01:49.016608+00:00
Inglaterra Premier League 2026/2027,Brentford - Chelsea,2026-09-18T19:00:00+00:00,finished,5,3-0,Brentford,Yehor Yarmoliuk,M,69,7.2,50,0,0,0.0475,0.0905262,1,1,1,36,30,6,5,1,1,0,0,2,6,0,2,2,1,2,1,5,0,2,10,0,0,0,0,0,0,0,2026-09-19T05:01:49.016715+00:00
Inglaterra Premier League 2026/2027,Tottenham Hotspur - Aston Villa,2026-09-19T11:30:00+00:00,finished,5,2-3,Aston Villa,,,88,7.7,41,1,0,0.4356,0.0185533,6,2,1,12,12,1,1,1,0,10,5,6,10,0,0,0,0,1,0,3,1,4,11,1,1,1,0,0,1,0,2026-09-20T05:01:51.637658+00:00
Inglaterra Premier League 2026/2027,Tottenham Hotspur - Aston Villa,2026-09-19T11:30:00+00:00,finished,5,2-3,Tottenham Hotspur,,,90,6.3,39,0,0,0.0239,0.0360635,1,0,0,23,21,2,2,3,0,3,3,5,7,0,0,1,1,0,0,3,1,4,12,1,1,0,0,0,3,0,2026-09-20T05:01:51.637833+00:00
Inglaterra Premier League 2026/2027,Tottenham Hotspur - Aston Villa,2026-09-19T11:30:00+00:00,finished,5,2-3,Tottenham Hotspur,,,90,6.6,78,0,0,0.2788,0.118455,3,3,4,39,34,0,0,12,2,7,3,5,5,0,0,0,0,0,2,3,0,0,27,2,2,0,0,0,3,0,2026-09-20T05:01:51.637867+00:00
Inglaterra Premier League 2026/2027,Tottenham Hotspur - Aston Villa,2026-09-19T11:30:00+00:00,finished,5,2-3,Tottenham Hotspur,,,0,,0,0,0,,,0,0,0,0,0,0,0,0,0,0,0,0,0,0,0,0,0,0,0,0,0,0,0,0,0,0,0,0,0,0,2026-09-20T05:01:51.637967+00:00
Inglaterra Premier League 2026/2027,Tottenham Hotspur - Aston Villa,2026-09-19T11:30:00+00:00,finished,5,2-3,Aston Villa,Aaron Wan-Bissaka,D,45,6.8,33,0,0,,0.00774364,0,0,0,17,16,0,0,0,0,2,1,3,3,0,0,2,1,1,2,0,0,1,5,0,0,0,0,0,0,0,2026-09-20T05:01:51.637702+00:00
Inglaterra Premier League 2026/2027,Tottenham Hotspur - Aston Villa,2026-09-19T11:30:00+00:00,finished,5,2-3,Aston Villa,Alejandro Garnacho,F,0,,0,0,0,,,0,0,0,0,0,0,0,0,0,0,0,0,0,0,0,0,0,0,0,0,0,0,0,0,0,0,0,0,0,0,2026-09-20T05:01:51.637743+00:00
Inglaterra Premier League 2026/2027,Tottenham Hotspur - Aston Villa,2026-09-19T11:30:00+00:00,finished,5,2-3,Tottenham Hotspur,Andy Robertson,D,90,6.9,83,0,1,,0.404004,0,0,4,66,55,5,2,4,0,0,0,2,1,0,0,2,2,1,0,6,0,0,18,0,1,0,0,0,3,0,2026-09-20T05:01:51.637850+00:00
Inglaterra Premier League 2026/2027,Tottenham Hotspur - Aston Villa,2026-09-19T11:30:00+00:00,finished,5,2-3,Tottenham Hotspur,Antonín Kinský,G,90,5.7,28,0,0,,5.952e-05,0,0,0,21,16,6,1,0,0,0,0,0,0,0,0,0,0,0,0,5,0,0,5,0,0,0,0,3,3,0,2026-09-20T05:01:51.637825+00:00
Inglaterra Premier League 2026/2027,Tottenham Hotspur - Aston Villa,2026-09-19T11:30:00+00:00,finished,5,2-3,Tottenham Hotspur,Archie Gray,M,71,6.3,43,0,0,0.1072,0.0116398,1,1,0,29,27,1,0,0,0,0,0,3,4,0,0,2,1,1,0,2,0,1,5,1,1,0,0,0,3,0,2026-09-20T05:01:51.637891+00:00
Inglaterra Premier League 2026/2027,Tottenham Hotspur - Aston Villa,2026-09-19T11:30:00+00:00,finished,5,2-3,Aston Villa,Boubacar Kamara,M,84,7.0,48,0,1,0.119,0.00510202,1,0,1,42,35,3,3,0,0,0,0,3,4,1,0,2,2,1,0,3,0,0,9,0,2,0,0,0,0,0,2026-09-20T05:01:51.637668+00:00
Inglaterra Premier League 2026/2027,Tottenham Hotspur - Aston Villa,2026-09-19T11:30:00+00:00,finished,5,2-3,Tottenham Hotspur,Conor Gallagher,M,15,7.6,13,1,0,0.1721,0.00361537,1,1,0,10,8,1,0,0,0,0,0,2,1,0,0,2,1,0,0,1,0,0,2,0,1,0,0,0,0,0,2026-09-20T05:01:51.637943+00:00
Inglaterra Premier League 2026/2027,Tottenham Hotspur - Aston Villa,2026-09-19T11:30:00+00:00,finished,5,2-3,Tottenham Hotspur,Destiny Udogie,D,0,,0,0,0,,,0,0,0,0,0,0,0,0,0,0,0,0,0,0,0,0,0,0,0,0,0,0,0,0,0,0,0,0,0,0,2026-09-20T05:01:51.637959+00:00
Inglaterra Premier League 2026/2027,Tottenham Hotspur - Aston Villa,2026-09-19T11:30:00+00:00,finished,5,2-3,Tottenham Hotspur,Dominic Solanke,F,66,6.6,25,0,0,0.1327,0.00358494,2,0,1,15,14,0,0,0,0,0,0,3,3,1,1,2,1,1,0,3,1,2,4,0,0,0,0,0,1,0,2026-09-20T05:01:51.637900+00:00
Inglaterra Premier League 2026/2027,Tottenham Hotspur - Aston Villa,2026-09-19T11:30:00+00:00,finished,5,2-3,Aston Villa,Emiliano Buendía,M,90,8.2,58,1,0,0.1404,0.0550829,3,2,3,36,29,1,1,1,0,3,1,10,7,2,0,6,3,0,1,6,1,2,13,1,1,0,0,0,2,0,2026-09-20T05:01:51.637542+00:00
Inglaterra Premier League 2026/2027,Tottenham Hotspur - Aston Villa,2026-09-19T11:30:00+00:00,finished,5,2-3,Aston Villa,George Hemmings,M,18,6.2,7,0,0,,0.0003894,0,0,0,2,2,0,0,0,0,0,0,1,3,0,0,1,0,0,0,0,0,2,2,0,1,0,0,0,2,0,2026-09-20T05:01:51.637710+00:00
Inglaterra Premier League 2026/2027,Tottenham Hotspur - Aston Villa,2026-09-19T11:30:00+00:00,finished,5,2-3,Aston Villa,Ibrahim Mbaye,F,15,6.3,3,0,0,,,0,0,0,0,0,0,0,0,0,0,0,0,3,0,0,0,0,0,0,0,0,2,2,0,1,0,0,0,2,0,2026-09-20T05:01:51.637727+00:00
Inglaterra Premier League 2026/2027,Tottenham Hotspur - Aston Villa,2026-09-19T11:30:00+00:00,finished,5,2-3,Tottenham Hotspur,James Maddison,M,24,7.0,32,0,0,0.0561,0.0195675,2,1,0,21,18,2,2,2,0,0,0,6,1,1,0,4,2,0,0,2,0,1,6,1,0,0,0,0,2,0,2026-09-20T05:01:51.637924+00:00
Inglaterra Premier League 2026/2027,Tottenham Hotspur - Aston Villa,2026-09-19T11:30:00+00:00,finished,5,2-3,Aston Villa,James Wright,G,0,,0,0,0,,,0,0,0,0,0,0,0,0,0,0,0,0,0,0,0,0,0,0,0,0,0,0,0,0,0,0,0,0,0,0,2026-09-20T05:01:51.637794+00:00
Inglaterra Premier League 2026/2027,Tottenham Hotspur - Aston Villa,2026-09-19T11:30:00+00:00,finished,5,2-3,Tottenham Hotspur,Jan Paul van Hecke,D,90,7.8,82,1,0,0.2129,0.297435,1,1,1,67,58,3,2,3,1,0,0,3,5,0,2,3,0,3,2,4,0,0,12,0,1,1,0,0,3,0,2026-09-20T05:01:51.637859+00:00
Inglaterra Premier League 2026/2027,Tottenham Hotspur - Aston Villa,2026-09-19T11:30:00+00:00,finished,5,2-3,Aston Villa,Johan Manzambi,M,72,7.8,40,1,1,0.4436,0.156454,4,2,2,18,16,1,1,0,0,4,1,4,3,0,0,1,0,1,0,4,1,0,11,2,0,0,0,0,0,0,2026-09-20T05:01:51.637686+00:00
Inglaterra Premier League 2026/2027,Tottenham Hotspur - Aston Villa,2026-09-19T11:30:00+00:00,finished,5,2-3,Aston Villa,John McGinn,M,84,6.6,33,0,1,,0.096097,0,0,3,19,12,3,2,2,1,1,0,1,6,0,1,0,0,1,1,4,0,3,13,1,1,0,0,0,0,0,2026-09-20T05:01:51.637677+00:00
Inglaterra Premier League 2026/2027,Tottenham Hotspur - Aston Villa,2026-09-19T11:30:00+00:00,finished,5,2-3,Aston Villa,João Gomes,M,90,6.8,47,0,0,,0.0207936,0,0,1,25,23,2,2,0,0,4,2,8,8,0,0,5,2,1,3,3,0,2,7,1,3,0,0,0,2,0,2026-09-20T05:01:51.637650+00:00
Inglaterra Premier League 2026/2027,Tottenham Hotspur - Aston Villa,2026-09-19T11:30:00+00:00,finished,5,2-3,Aston Villa,Lamare Bogarde,M,0,,0,0,0,,,0,0,0,0,0,0,0,0,0,0,0,0,0,0,0,0,0,0,0,0,0,0,0,0,0,0,0,0,0,0,2026-09-20T05:01:51.637816+00:00
Inglaterra Premier League 2026/2027,Tottenham Hotspur - Aston Villa,2026-09-19T11:30:00+00:00,finished,5,2-3,Tottenham Hotspur,Lucas Bergvall,M,15,6.6,12,0,0,,0.00564217,0,0,0,10,8,1,0,0,0,0,0,1,1,0,0,1,0,0,0,0,0,0,2,0,0,0,0,0,0,0,2026-09-20T05:01:51.637951+00:00
Inglaterra Premier League 2026/2027,Tottenham Hotspur - Aston Villa,2026-09-19T11:30:00+00:00,finished,5,2-3,Tottenham Hotspur,Marcos Senesi,D,0,,0,0,0,,,0,0,0,0,0,0,0,0,0,0,0,0,0,0,0,0,0,0,0,0,0,0,0,0,0,0,0,0,0,0,2026-09-20T05:01:51.637974+00:00
Inglaterra Premier League 2026/2027,Tottenham Hotspur - Aston Villa,2026-09-19T11:30:00+00:00,finished,5,2-3,Tottenham Hotspur,Martin Dúbravka,G,0,,0,0,0,,,0,0,0,0,0,0,0,0,0,0,0,0,0,0,0,0,0,0,0,0,0,0,0,0,0,0,0,0,0,0,2026-09-20T05:01:51.637982+00:00
Inglaterra Premier League 2026/2027,Tottenham Hotspur - Aston Villa,2026-09-19T11:30:00+00:00,finished,5,2-3,Tottenham Hotspur,Mateus Fernandes,M,45,6.4,38,0,0,0.0404,0.0154696,2,0,0,26,23,2,2,1,0,0,0,1,1,0,0,1,1,0,2,4,0,0,7,0,1,0,0,0,1,0,2026-09-20T05:01:51.637908+00:00
Inglaterra Premier League 2026/2027,Tottenham Hotspur - Aston Villa,2026-09-19T11:30:00+00:00,finished,5,2-3,Aston Villa,Matteo Ruggeri,D,90,6.4,66,0,0,0.0263,0.00727064,1,0,1,33,30,4,2,2,0,1,1,3,3,1,0,0,0,8,5,9,0,2,9,1,0,0,0,0,2,0,2026-09-20T05:01:51.637632+00:00
Inglaterra Premier League 2026/2027,Tottenham Hotspur - Aston Villa,2026-09-19T11:30:00+00:00,finished,5,2-3,Aston Villa,Matty Cash,D,45,5.8,10,0,0,,2.101e-05,0,0,0,4,2,1,0,0,0,0,0,1,2,0,0,0,0,3,0,0,0,0,2,1,1,1,0,0,2,0,2026-09-20T05:01:51.637694+00:00
Inglaterra Premier League 2026/2027,Tottenham Hotspur - Aston Villa,2026-09-19T11:30:00+00:00,finished,5,2-3,Tottenham Hotspur,Micky van de Ven,D,90,6.9,91,0,0,0.0535,0.0126174,1,0,0,78,72,1,0,0,0,0,0,6,2,2,0,1,1,3,0,5,0,1,8,4,0,0,0,0,3,0,2026-09-20T05:01:51.637841+00:00
Inglaterra Premier League 2026/2027,Tottenham Hotspur - Aston Villa,2026-09-19T11:30:00+00:00,finished,5,2-3,Tottenham Hotspur,Mohammed Kudus,M,45,7.1,38,0,1,0.0621,0.122942,2,0,1,24,19,1,1,2,1,3,2,6,4,0,1,2,1,0,0,5,0,1,10,2,0,0,0,0,2,0,2026-09-20T05:01:51.637916+00:00
Inglaterra Premier League 2026/2027,Tottenham Hotspur - Aston Villa,2026-09-19T11:30:00+00:00,finished,5,2-3,Tottenham Hotspur,Pedro Porro,D,19,6.5,19,0,0,0.0131,0.00450815,1,0,0,12,7,3,0,1,0,1,0,1,3,0,1,1,1,0,0,0,0,1,8,0,0,0,0,0,0,0,2026-09-20T05:01:51.637933+00:00
Inglaterra Premier League 2026/2027,Tottenham Hotspur - Aston Villa,2026-09-19T11:30:00+00:00,finished,5,2-3,Tottenham Hotspur,Rodrigo Bentancur,M,84,7.1,82,0,0,,0.0388287,0,0,0,66,58,2,1,0,0,0,0,7,4,0,0,6,1,1,2,8,0,1,10,1,1,0,0,0,3,0,2026-09-20T05:01:51.637884+00:00
Inglaterra Premier League 2026/2027,Tottenham Hotspur - Aston Villa,2026-09-19T11:30:00+00:00,finished,5,2-3,Aston Villa,Ross Barkley,M,15,6.2,13,0,0,,0.00260955,0,0,0,8,8,0,0,0,0,0,0,0,3,0,0,0,0,2,1,3,0,2,2,0,1,0,0,0,2,0,2026-09-20T05:01:51.637719+00:00
Inglaterra Premier League 2026/2027,Tottenham Hotspur - Aston Villa,2026-09-19T11:30:00+00:00,finished,5,2-3,Tottenham Hotspur,Sandro Tonali,M,84,7.8,80,0,0,0.0649,0.209845,3,0,1,64,58,3,2,0,0,0,0,7,0,0,0,6,3,0,1,4,2,0,9,1,0,0,0,0,3,0,2026-09-20T05:01:51.637875+00:00
Inglaterra Premier League 2026/2027,Tottenham Hotspur - Aston Villa,2026-09-19T11:30:00+00:00,finished,5,2-3,Aston Villa,Tammy Abraham,F,11,6.6,5,0,0,,0.00055245,0,0,0,5,5,0,0,0,0,0,0,1,0,1,0,0,0,0,0,0,0,0,0,0,0,0,0,0,1,0,2026-09-20T05:01:51.637735+00:00
Inglaterra Premier League 2026/2027,Tottenham Hotspur - Aston Villa,2026-09-19T11:30:00+00:00,finished,5,2-3,Aston Villa,Taylor Harwood-Bellis,D,0,,0,0,0,,,0,0,0,0,0,0,0,0,0,0,0,0,0,0,0,0,0,0,0,0,0,0,0,0,0,0,0,0,0,0,2026-09-20T05:01:51.637807+00:00
Inglaterra Premier League 2026/2027,Tottenham Hotspur - Aston Villa,2026-09-19T11:30:00+00:00,finished,5,2-3,Aston Villa,Tyrone Mings,D,90,7.0,58,0,0,,0.00238141,0,0,0,45,41,4,1,0,0,0,0,1,1,0,1,1,1,10,1,3,0,0,4,0,1,0,0,0,2,0,2026-09-20T05:01:51.637621+00:00
Inglaterra Premier League 2026/2027,Tottenham Hotspur - Aston Villa,2026-09-19T11:30:00+00:00,finished,5,2-3,Aston Villa,Victor Lindelöf,D,90,6.2,37,0,0,,0.00149206,0,0,1,28,26,3,2,0,0,0,0,0,2,0,2,0,0,4,1,2,0,0,3,0,0,0,0,0,2,0,2026-09-20T05:01:51.637641+00:00
Inglaterra Premier League 2026/2027,Tottenham Hotspur - Aston Villa,2026-09-19T11:30:00+00:00,finished,5,2-3,Aston Villa,Zion Suzuki,G,90,6.8,57,0,0,,0.00427263,0,0,0,38,22,25,9,0,0,0,0,0,0,0,0,0,0,4,0,12,0,0,16,0,0,0,0,5,2,3,2026-09-20T05:01:51.637604+00:00
Inglaterra Premier League 2026/2027,Brighton & Hove Albion - Arsenal,2026-09-19T14:00:00+00:00,finished,5,3-0,Brighton & Hove Albion,,,0,,0,0,0,,,0,0,0,0,0,0,0,0,0,0,0,0,0,0,0,0,0,0,0,0,0,0,0,0,0,0,0,0,0,0,2026-09-20T05:01:51.993302+00:00
Inglaterra Premier League 2026/2027,Brighton & Hove Albion - Arsenal,2026-09-19T14:00:00+00:00,finished,5,3-0,Brighton & Hove Albion,Bart Verbruggen,G,90,8.2,43,0,0,,0.00179188,0,0,0,40,24,25,10,0,0,0,0,0,0,0,0,0,0,0,0,4,0,0,16,0,0,0,0,2,0,0,2026-09-20T05:01:51.993176+00:00
Inglaterra Premier League 2026/2027,Brighton & Hove Albion - Arsenal,2026-09-19T14:00:00+00:00,finished,5,3-0,Arsenal,Bruno Guimarães,M,60,6.6,48,0,0,,0.00861035,0,0,0,38,32,2,2,1,0,2,1,5,2,0,1,0,0,0,1,4,0,0,9,4,0,0,0,0,3,0,2026-09-20T05:01:51.993394+00:00
Inglaterra Premier League 2026/2027,Brighton & Hove Albion - Arsenal,2026-09-19T14:00:00+00:00,finished,5,3-0,Arsenal,Bukayo Saka,F,81,6.8,39,0,0,0.3216,0.325067,2,1,3,21,16,2,2,5,3,5,3,5,4,0,1,1,1,0,0,1,1,0,11,1,0,0,0,0,3,0,2026-09-20T05:01:51.993372+00:00
Inglaterra Premier League 2026/2027,Brighton & Hove Albion - Arsenal,2026-09-19T14:00:00+00:00,finished,5,3-0,Brighton & Hove Albion,Charalampos Kostoulas,F,76,7.5,38,1,1,0.1759,0.00802205,4,2,1,19,14,1,0,2,0,2,0,2,6,0,1,1,0,0,0,2,0,1,12,1,1,1,0,0,0,0,2026-09-20T05:01:51.993244+00:00
Inglaterra Premier League 2026/2027,Brighton & Hove Albion - Arsenal,2026-09-19T14:00:00+00:00,finished,5,3-0,Brighton & Hove Albion,Chema Andrés,M,85,7.9,42,1,0,0.3199,0.106863,2,1,0,34,26,1,1,0,0,0,0,5,2,5,0,0,0,0,2,7,0,0,9,0,2,0,0,0,0,0,2026-09-20T05:01:51.993236+00:00
Inglaterra Premier League 2026/2027,Brighton & Hove Albion - Arsenal,2026-09-19T14:00:00+00:00,finished,5,3-0,Arsenal,Christos Tzolis,M,73,6.5,33,0,0,,0.0821165,0,0,0,22,19,0,0,4,1,0,0,3,2,2,1,1,1,1,0,1,0,0,9,0,0,0,0,0,3,0,2026-09-20T05:01:51.993386+00:00
Inglaterra Premier League 2026/2027,Brighton & Hove Albion - Arsenal,2026-09-19T14:00:00+00:00,finished,5,3-0,Brighton & Hove Albion,Costinha,D,14,6.7,3,0,0,,0.0103514,0,0,0,2,1,2,1,0,0,0,0,1,3,1,1,0,0,1,0,0,0,0,1,0,1,0,0,0,0,0,2026-09-20T05:01:51.993258+00:00
Inglaterra Premier League 2026/2027,Brighton & Hove Albion - Arsenal,2026-09-19T14:00:00+00:00,finished,5,3-0,Arsenal,David Raya,G,90,6.3,58,0,0,,0.00357537,0,0,0,45,30,26,13,0,0,0,0,1,0,0,0,1,1,0,0,14,0,0,15,0,0,0,0,2,3,0,2026-09-20T05:01:51.993326+00:00
Inglaterra Premier League 2026/2027,Brighton & Hove Albion - Arsenal,2026-09-19T14:00:00+00:00,finished,5,3-0,Arsenal,Declan Rice,M,90,6.6,69,0,0,,0.0371296,0,0,1,56,50,6,2,3,1,2,1,3,3,0,1,2,2,0,1,3,0,1,11,0,0,1,0,0,3,0,2026-09-20T05:01:51.993355+00:00
Inglaterra Premier League 2026/2027,Brighton & Hove Albion - Arsenal,2026-09-19T14:00:00+00:00,finished,5,3-0,Brighton & Hove Albion,Diego Gómez,M,86,7.4,45,0,1,,0.0203563,0,0,2,31,20,3,2,2,0,2,0,9,9,4,3,5,1,0,1,7,0,1,16,0,2,0,0,0,0,0,2026-09-20T05:01:51.993229+00:00
Inglaterra Premier League 2026/2027,Brighton & Hove Albion - Arsenal,2026-09-19T14:00:00+00:00,finished,5,3-0,Arsenal,Eberechi Eze,M,17,6.8,12,0,0,,0.0157794,0,0,0,8,7,0,0,0,0,1,1,3,2,1,2,0,0,0,0,0,0,0,2,1,0,0,0,0,0,0,2026-09-20T05:01:51.993425+00:00
Inglaterra Premier League 2026/2027,Brighton & Hove Albion - Arsenal,2026-09-19T14:00:00+00:00,finished,5,3-0,Arsenal,Ezri Konsa,D,90,6.0,78,0,0,0.1812,0.0134718,1,0,1,68,66,3,2,0,0,0,0,2,2,1,1,0,0,3,1,3,1,1,5,1,1,0,0,0,3,0,2026-09-20T05:01:51.993333+00:00
Inglaterra Premier League 2026/2027,Brighton & Hove Albion - Arsenal,2026-09-19T14:00:00+00:00,finished,5,3-0,Brighton & Hove Albion,Ferdi Kadıoğlu,D,76,6.7,38,0,0,0.0516,0.041208,1,0,1,23,21,3,2,1,0,1,1,1,2,0,2,0,0,1,0,3,0,0,6,0,0,1,0,0,0,0,2026-09-20T05:01:51.993251+00:00
Inglaterra Premier League 2026/2027,Brighton & Hove Albion - Arsenal,2026-09-19T14:00:00+00:00,finished,5,3-0,Arsenal,Gabriel Magalhães,D,90,6.5,78,0,0,,0.0574476,0,0,1,62,55,8,3,1,1,0,0,5,6,1,2,3,2,5,0,4,0,3,10,1,1,0,0,0,3,0,2026-09-20T05:01:51.993340+00:00
Inglaterra Premier League 2026/2027,Brighton & Hove Albion - Arsenal,2026-09-19T14:00:00+00:00,finished,5,3-0,Brighton & Hove Albion,Georginio Rutter,M,14,6.7,10,0,0,0.0456,0.00797964,1,0,0,3,1,0,0,1,0,3,2,2,1,0,0,0,0,0,0,1,0,0,6,0,0,0,0,0,0,0,2026-09-20T05:01:51.993265+00:00
Inglaterra Premier League 2026/2027,Brighton & Hove Albion - Arsenal,2026-09-19T14:00:00+00:00,finished,5,3-0,Brighton & Hove Albion,Ibrahim Osman,M,0,,0,0,0,,,0,0,0,0,0,0,0,0,0,0,0,0,0,0,0,0,0,0,0,0,0,0,0,0,0,0,0,0,0,0,2026-09-20T05:01:51.993311+00:00
Inglaterra Premier League 2026/2027,Brighton & Hove Albion - Arsenal,2026-09-19T14:00:00+00:00,finished,5,3-0,Brighton & Hove Albion,Jason Steele,G,0,,0,0,0,,,0,0,0,0,0,0,0,0,0,0,0,0,0,0,0,0,0,0,0,0,0,0,0,0,0,0,0,0,0,0,2026-09-20T05:01:51.993295+00:00
Inglaterra Premier League 2026/2027,Brighton & Hove Albion - Arsenal,2026-09-19T14:00:00+00:00,finished,5,3-0,Arsenal,Jurriën Timber,D,60,6.1,45,0,0,,0.020149,0,0,0,25,22,1,1,0,0,1,0,4,2,0,0,2,1,0,0,2,0,0,8,2,1,0,0,0,3,0,2026-09-20T05:01:51.993402+00:00
Inglaterra Premier League 2026/2027,Brighton & Hove Albion - Arsenal,2026-09-19T14:00:00+00:00,finished,5,3-0,Arsenal,Kai Havertz,F,90,7.2,41,0,0,0.8179,0.0211802,2,1,0,27,23,1,1,0,0,1,1,5,5,2,3,0,0,1,1,1,0,1,9,2,1,0,0,0,3,0,2026-09-20T05:01:51.993364+00:00
Inglaterra Premier League 2026/2027,Brighton & Hove Albion - Arsenal,2026-09-19T14:00:00+00:00,finished,5,3-0,Arsenal,Kepa Arrizabalaga,G,0,,0,0,0,,,0,0,0,0,0,0,0,0,0,0,0,0,0,0,0,0,0,0,0,0,0,0,0,0,0,0,0,0,0,0,2026-09-20T05:01:51.993456+00:00
Inglaterra Premier League 2026/2027,Brighton & Hove Albion - Arsenal,2026-09-19T14:00:00+00:00,finished,5,3-0,Brighton & Hove Albion,Luka Vušković,D,90,6.9,51,0,0,,0.00212533,0,0,0,35,27,4,1,1,1,0,0,6,4,3,0,0,0,8,1,4,0,0,8,3,4,0,0,0,0,0,2026-09-20T05:01:51.993188+00:00
Inglaterra Premier League 2026/2027,Brighton & Hove Albion - Arsenal,2026-09-19T14:00:00+00:00,finished,5,3-0,Brighton & Hove Albion,Malick Yalcouyé,M,12,6.9,3,0,0,0.0449,0.0237274,1,0,1,1,1,0,0,0,0,0,0,1,0,0,0,1,1,0,0,0,0,0,0,0,0,0,0,0,0,0,2026-09-20T05:01:51.993272+00:00
Inglaterra Premier League 2026/2027,Brighton & Hove Albion - Arsenal,2026-09-19T14:00:00+00:00,finished,5,3-0,Arsenal,Martin Ødegaard,M,73,6.1,47,0,0,0.0695,0.014927,1,0,0,41,37,1,0,0,0,1,0,0,3,0,0,0,0,1,0,1,1,0,6,0,2,0,0,0,3,0,2026-09-20T05:01:51.993379+00:00
Inglaterra Premier League 2026/2027,Brighton & Hove Albion - Arsenal,2026-09-19T14:00:00+00:00,finished,5,3-0,Arsenal,Martín Zubimendi,M,30,6.7,26,0,0,0.029,0.00419293,1,0,0,13,8,2,1,0,0,0,0,3,2,2,1,1,1,0,1,0,0,0,8,0,0,0,0,0,0,0,2026-09-20T05:01:51.993417+00:00
Inglaterra Premier League 2026/2027,Brighton & Hove Albion - Arsenal,2026-09-19T14:00:00+00:00,finished,5,3-0,Brighton & Hove Albion,Matt O'Riley,M,11,6.4,5,0,0,0.3015,3.845e-05,1,1,0,1,1,0,0,0,0,0,0,0,1,0,1,0,0,2,0,0,0,0,0,0,0,0,0,0,0,0,2026-09-20T05:01:51.993288+00:00
Inglaterra Premier League 2026/2027,Brighton & Hove Albion - Arsenal,2026-09-19T14:00:00+00:00,finished,5,3-0,Arsenal,Max Dowman,M,9,6.6,4,0,0,,0.00467849,0,0,0,2,2,0,0,0,0,1,0,1,1,0,0,0,0,0,0,0,0,0,1,1,0,0,0,0,0,0,2026-09-20T05:01:51.993441+00:00
Inglaterra Premier League 2026/2027,Brighton & Hove Albion - Arsenal,2026-09-19T14:00:00+00:00,finished,5,3-0,Brighton & Hove Albion,Maxim De Cuyper,D,90,7.4,41,0,0,0.0178,0.165149,1,0,2,24,16,4,0,4,2,2,1,6,2,0,0,3,3,2,0,4,0,0,11,2,1,1,0,0,0,0,2026-09-20T05:01:51.993212+00:00
Inglaterra Premier League 2026/2027,Brighton & Hove Albion - Arsenal,2026-09-19T14:00:00+00:00,finished,5,3-0,Brighton & Hove Albion,Michael Svoboda,D,11,6.6,3,0,0,,0.00014046,0,0,0,1,1,0,0,0,0,0,0,1,0,0,0,1,1,0,0,1,0,0,1,0,0,0,0,0,0,0,2026-09-20T05:01:51.993281+00:00
Inglaterra Premier League 2026/2027,Brighton & Hove Albion - Arsenal,2026-09-19T14:00:00+00:00,finished,5,3-0,Arsenal,Mikel Merino,M,30,6.2,27,0,0,,0.00152773,0,0,0,21,16,0,0,0,0,2,1,2,6,1,2,0,0,1,0,3,0,1,8,0,1,0,0,0,0,0,2026-09-20T05:01:51.993410+00:00
Inglaterra Premier League 2026/2027,Brighton & Hove Albion - Arsenal,2026-09-19T14:00:00+00:00,finished,5,3-0,Arsenal,Myles Lewis-Skelly,D,0,,0,0,0,,,0,0,0,0,0,0,0,0,0,0,0,0,0,0,0,0,0,0,0,0,0,0,0,0,0,0,0,0,0,0,2026-09-20T05:01:51.993471+00:00
Inglaterra Premier League 2026/2027,Brighton & Hove Albion - Arsenal,2026-09-19T14:00:00+00:00,finished,5,3-0,Arsenal,Noni Madueke,F,0,,0,0,0,,,0,0,0,0,0,0,0,0,0,0,0,0,0,0,0,0,0,0,0,0,0,0,0,0,0,0,0,0,0,0,2026-09-20T05:01:51.993449+00:00
Inglaterra Premier League 2026/2027,Brighton & Hove Albion - Arsenal,2026-09-19T14:00:00+00:00,finished,5,3-0,Brighton & Hove Albion,Olivier Boscagli,D,90,7.3,45,0,0,0.0096,0.0214371,1,0,0,24,17,4,4,2,1,0,0,5,6,2,3,2,2,1,3,2,1,0,12,2,1,0,0,0,0,0,2026-09-20T05:01:51.993197+00:00
Inglaterra Premier League 2026/2027,Brighton & Hove Albion - Arsenal,2026-09-19T14:00:00+00:00,finished,5,3-0,Brighton & Hove Albion,Pascal Groß,M,90,8.3,42,1,1,0.1119,0.25064,2,1,2,29,24,4,1,3,2,0,0,1,4,0,0,1,1,1,2,1,1,1,7,0,1,0,0,0,0,0,2026-09-20T05:01:51.993205+00:00
Inglaterra Premier League 2026/2027,Brighton & Hove Albion - Arsenal,2026-09-19T14:00:00+00:00,finished,5,3-0,Brighton & Hove Albion,Pascal Struijk,D,86,7.4,57,0,0,0.1606,0.00308113,1,0,0,48,42,3,0,0,0,0,0,5,3,3,2,1,1,2,0,6,0,0,6,1,0,1,0,0,0,0,2026-09-20T05:01:51.993220+00:00
Inglaterra Premier League 2026/2027,Brighton & Hove Albion - Arsenal,2026-09-19T14:00:00+00:00,finished,5,3-0,Arsenal,Piero Hincapié,D,0,,0,0,0,,,0,0,0,0,0,0,0,0,0,0,0,0,0,0,0,0,0,0,0,0,0,0,0,0,0,0,0,0,0,0,2026-09-20T05:01:51.993464+00:00
Inglaterra Premier League 2026/2027,Brighton & Hove Albion - Arsenal,2026-09-19T14:00:00+00:00,finished,5,3-0,Brighton & Hove Albion,Promise David,F,0,,0,0,0,,,0,0,0,0,0,0,0,0,0,0,0,0,0,0,0,0,0,0,0,0,0,0,0,0,0,0,0,0,0,0,2026-09-20T05:01:51.993318+00:00
Inglaterra Premier League 2026/2027,Brighton & Hove Albion - Arsenal,2026-09-19T14:00:00+00:00,finished,5,3-0,Arsenal,Riccardo Calafiori,D,90,6.1,64,0,0,0.053,0.0250588,2,0,1,41,32,1,0,2,0,1,0,7,4,5,3,2,0,2,1,5,1,0,14,0,0,0,0,0,3,0,2026-09-20T05:01:51.993347+00:00
Inglaterra Premier League 2026/2027,Brighton & Hove Albion - Arsenal,2026-09-19T14:00:00+00:00,finished,5,3-0,Arsenal,Viktor Gyökeres,F,17,6.4,6,0,0,,0.227365,0,0,1,5,3,0,0,0,0,0,0,0,2,0,0,0,0,0,0,0,0,0,3,0,3,0,0,0,0,0,2026-09-20T05:01:51.993433+00:00
Inglaterra Premier League 2026/2027,Brighton & Hove Albion - Arsenal,2026-09-19T14:00:00+00:00,finished,5,3-0,Brighton & Hove Albion,Yasin Ayari,M,90,6.5,33,0,0,0.1056,0.133454,2,0,1,21,19,2,1,0,0,3,0,2,5,1,1,1,0,0,2,4,1,1,7,0,0,0,0,0,0,0,2026-09-20T05:01:51.993122+00:00
Inglaterra Premier League 2026/2027,Everton - Ipswich Town,2026-09-19T14:00:00+00:00,finished,5,1-0,Everton,,,89,7.8,56,0,0,,0.107825,0,0,2,34,30,2,1,2,1,2,2,7,2,1,1,3,3,4,0,3,0,1,9,1,0,0,0,0,0,0,2026-09-20T05:01:51.891755+00:00
Inglaterra Premier League 2026/2027,Everton - Ipswich Town,2026-09-19T14:00:00+00:00,finished,5,1-0,Ipswich Town,,,17,6.5,8,0,0,,0.00414584,0,0,0,8,8,0,0,0,0,0,0,0,2,0,1,0,0,0,0,0,0,0,0,0,1,0,0,0,0,0,2026-09-20T05:01:51.891963+00:00
Inglaterra Premier League 2026/2027,Everton - Ipswich Town,2026-09-19T14:00:00+00:00,finished,5,1-0,Ipswich Town,,,9,6.4,10,0,0,0.1,0.00442091,1,0,1,5,3,1,0,1,0,0,0,1,3,0,1,1,1,0,0,2,0,0,3,0,2,1,0,0,0,0,2026-09-20T05:01:51.891989+00:00
Inglaterra Premier League 2026/2027,Everton - Ipswich Town,2026-09-19T14:00:00+00:00,finished,5,1-0,Ipswich Town,Abdoul Ouattara,M,90,6.6,69,0,0,0.0171,0.0119202,1,1,1,55,47,5,0,0,0,0,0,3,0,0,0,3,2,2,2,10,0,0,9,0,0,0,0,0,1,0,2026-09-20T05:01:51.891868+00:00
Inglaterra Premier League 2026/2027,Everton - Ipswich Town,2026-09-19T14:00:00+00:00,finished,5,1-0,Ipswich Town,Abdul Fatawu Issahaku,M,67,6.0,31,0,0,0.0572,0.277073,2,1,1,14,11,1,1,4,1,4,2,3,5,0,1,0,0,0,2,2,0,1,10,1,2,2,1,0,1,0,2026-09-20T05:01:51.891936+00:00
Inglaterra Premier League 2026/2027,Everton - Ipswich Town,2026-09-19T14:00:00+00:00,finished,5,1-0,Everton,Braiden Graham,F,0,,0,0,0,,,0,0,0,0,0,0,0,0,0,0,0,0,0,0,0,0,0,0,0,0,0,0,0,0,0,0,0,0,0,0,2026-09-20T05:01:51.891850+00:00
Inglaterra Premier League 2026/2027,Everton - Ipswich Town,2026-09-19T14:00:00+00:00,finished,5,1-0,Everton,Brennan Johnson,F,66,6.5,26,0,0,0.8211,0.00200451,2,0,0,14,7,2,1,1,0,2,1,5,2,1,0,3,3,1,0,4,0,0,9,0,1,0,0,0,0,0,2026-09-20T05:01:51.891774+00:00
Inglaterra Premier League 2026/2027,Everton - Ipswich Town,2026-09-19T14:00:00+00:00,finished,5,1-0,Everton,Carlos Alcaraz,M,0,,0,0,0,,,0,0,0,0,0,0,0,0,0,0,0,0,0,0,0,0,0,0,0,0,0,0,0,0,0,0,0,0,0,0,2026-09-20T05:01:51.891817+00:00
Inglaterra Premier League 2026/2027,Everton - Ipswich Town,2026-09-19T14:00:00+00:00,finished,5,1-0,Ipswich Town,Christian Walton,G,90,7.0,63,0,0,,0.00663076,0,0,0,55,29,38,12,0,0,0,0,1,0,1,0,0,0,2,0,17,0,0,26,0,0,0,0,1,1,2,2026-09-20T05:01:51.891859+00:00
Inglaterra Premier League 2026/2027,Everton - Ipswich Town,2026-09-19T14:00:00+00:00,finished,5,1-0,Ipswich Town,Chuba Akpom,F,9,6.5,10,0,0,0.1682,0.00098158,1,0,0,5,4,0,0,0,0,2,0,2,3,2,1,0,0,0,0,0,1,0,4,0,0,0,0,0,0,0,2026-09-20T05:01:51.891981+00:00
Inglaterra Premier League 2026/2027,Everton - Ipswich Town,2026-09-19T14:00:00+00:00,finished,5,1-0,Ipswich Town,Daizen Maeda,F,16,6.8,6,0,0,,0.00658706,0,0,0,4,4,0,0,0,0,0,0,2,0,1,0,1,1,0,0,0,0,0,0,0,0,0,0,0,0,0,2026-09-20T05:01:51.891972+00:00
Inglaterra Premier League 2026/2027,Everton - Ipswich Town,2026-09-19T14:00:00+00:00,finished,5,1-0,Ipswich Town,Dara O'Shea,D,90,6.7,65,0,0,,0.00233893,0,0,1,53,44,8,3,0,0,1,1,6,5,5,4,0,0,4,2,5,0,0,9,0,0,0,0,0,1,0,2026-09-20T05:01:51.891885+00:00
Inglaterra Premier League 2026/2027,Everton - Ipswich Town,2026-09-19T14:00:00+00:00,finished,5,1-0,Ipswich Town,Darnell Furlong,D,0,,0,0,0,,,0,0,0,0,0,0,0,0,0,0,0,0,0,0,0,0,0,0,0,0,0,0,0,0,0,0,0,0,0,0,2026-09-20T05:01:51.892018+00:00
Inglaterra Premier League 2026/2027,Everton - Ipswich Town,2026-09-19T14:00:00+00:00,finished,5,1-0,Ipswich Town,Emersonn,F,81,6.2,19,0,0,0.1269,0.0105402,2,1,0,10,5,0,0,0,0,0,0,4,6,3,5,1,1,0,0,0,0,0,8,0,0,0,0,0,1,0,2026-09-20T05:01:51.891902+00:00
Inglaterra Premier League 2026/2027,Everton - Ipswich Town,2026-09-19T14:00:00+00:00,finished,5,1-0,Ipswich Town,Exequiel Palacios,M,81,6.9,69,0,0,,0.0217631,0,0,0,55,51,1,1,1,0,1,0,3,3,0,0,2,2,0,1,3,0,1,9,1,1,0,0,0,1,0,2026-09-20T05:01:51.891910+00:00
Inglaterra Premier League 2026/2027,Everton - Ipswich Town,2026-09-19T14:00:00+00:00,finished,5,1-0,Everton,Harrison Armstrong,M,90,6.7,56,0,0,0.1156,0.373254,2,0,2,45,38,2,1,0,0,2,1,3,5,0,1,2,2,0,2,2,0,1,10,0,2,1,0,0,0,0,2026-09-20T05:01:51.891721+00:00
Inglaterra Premier League 2026/2027,Everton - Ipswich Town,2026-09-19T14:00:00+00:00,finished,5,1-0,Everton,Hayden Hackney,M,8,6.3,4,0,0,,9.912e-05,0,0,0,4,3,0,0,0,0,0,0,0,2,0,0,0,0,0,0,0,0,0,1,0,0,0,0,0,0,0,2026-09-20T05:01:51.891809+00:00
Inglaterra Premier League 2026/2027,Everton - Ipswich Town,2026-09-19T14:00:00+00:00,finished,5,1-0,Ipswich Town,Issa Diop,D,90,7.3,85,0,0,0.0606,0.0119248,1,0,1,73,68,5,3,0,0,0,0,4,1,3,0,0,0,5,2,4,1,0,5,1,1,0,0,0,1,0,2026-09-20T05:01:51.891877+00:00
Inglaterra Premier League 2026/2027,Everton - Ipswich Town,2026-09-19T14:00:00+00:00,finished,5,1-0,Ipswich Town,Jack Clarke,M,66,6.6,33,0,0,,0.326221,0,0,2,23,22,0,0,1,1,1,1,2,3,1,0,0,0,1,1,2,0,2,5,0,0,0,0,0,1,0,2026-09-20T05:01:51.891945+00:00
Inglaterra Premier League 2026/2027,Everton - Ipswich Town,2026-09-19T14:00:00+00:00,finished,5,1-0,Everton,Jack Grealish,M,79,7.6,60,0,0,,0.297231,0,0,5,54,46,1,0,2,0,1,0,2,2,0,0,0,0,0,0,7,0,0,11,2,0,0,0,0,0,0,2026-09-20T05:01:51.891765+00:00
Inglaterra Premier League 2026/2027,Everton - Ipswich Town,2026-09-19T14:00:00+00:00,finished,5,1-0,Ipswich Town,Jacob Greaves,D,0,,0,0,0,,,0,0,0,0,0,0,0,0,0,0,0,0,0,0,0,0,0,0,0,0,0,0,0,0,0,0,0,0,0,0,2026-09-20T05:01:51.892006+00:00
Inglaterra Premier League 2026/2027,Everton - Ipswich Town,2026-09-19T14:00:00+00:00,finished,5,1-0,Ipswich Town,Jaden Philogene-Bidace,M,24,6.6,16,0,0,0.035,0.00602822,1,0,0,8,7,1,1,0,0,3,2,3,3,0,0,0,0,0,0,1,1,0,3,1,1,0,0,0,0,0,2026-09-20T05:01:51.891954+00:00
Inglaterra Premier League 2026/2027,Everton - Ipswich Town,2026-09-19T14:00:00+00:00,finished,5,1-0,Everton,Jake O'Brien,D,8,6.6,3,0,0,,1.9e-06,0,0,0,1,1,0,0,0,0,0,0,0,0,0,0,0,0,1,0,1,0,0,0,0,0,0,0,0,0,0,2026-09-20T05:01:51.891800+00:00
Inglaterra Premier League 2026/2027,Everton - Ipswich Town,2026-09-19T14:00:00+00:00,finished,5,1-0,Everton,James Garner,M,90,6.8,72,0,0,0.1232,0.0357465,2,0,1,58,52,3,1,5,0,0,0,0,1,0,0,0,0,4,1,5,2,0,12,0,0,0,0,0,0,0,2026-09-20T05:01:51.891730+00:00
Inglaterra Premier League 2026/2027,Everton - Ipswich Town,2026-09-19T14:00:00+00:00,finished,5,1-0,Everton,James Tarkowski,D,90,7.7,65,0,1,0.0135,0.00551085,1,0,1,46,40,1,0,0,0,0,0,8,1,4,1,1,1,7,4,5,0,0,6,3,0,0,0,0,0,0,2026-09-20T05:01:51.891674+00:00
Inglaterra Premier League 2026/2027,Everton - Ipswich Town,2026-09-19T14:00:00+00:00,finished,5,1-0,Everton,Jarrad Branthwaite,D,90,7.1,82,0,0,,0.00399669,0,0,0,63,52,8,4,0,0,0,0,4,6,3,4,0,0,10,2,3,0,1,13,1,1,0,0,0,0,0,2026-09-20T05:01:51.891695+00:00
Inglaterra Premier League 2026/2027,Everton - Ipswich Town,2026-09-19T14:00:00+00:00,finished,5,1-0,Everton,Jordan Pickford,G,90,7.9,61,0,0,,0.00118744,0,0,0,51,36,23,9,0,0,0,0,1,0,0,0,0,0,1,0,7,0,0,15,1,0,0,0,4,0,1,2026-09-20T05:01:51.891614+00:00
Inglaterra Premier League 2026/2027,Everton - Ipswich Town,2026-09-19T14:00:00+00:00,finished,5,1-0,Ipswich Town,Julio Enciso,M,74,6.7,27,0,0,0.3138,0.0480842,3,1,1,17,12,0,0,0,0,3,1,2,4,0,1,0,0,0,0,5,1,1,9,1,0,0,0,0,1,0,2026-09-20T05:01:51.891919+00:00
Inglaterra Premier League 2026/2027,Everton - Ipswich Town,2026-09-19T14:00:00+00:00,finished,5,1-0,Everton,Kiernan Dewsbury-Hall,M,89,7.4,64,0,0,0.3834,0.32266,6,0,2,43,39,1,0,3,1,1,0,5,3,1,1,2,0,0,0,5,3,1,10,2,0,0,0,0,0,0,2026-09-20T05:01:51.891748+00:00
Inglaterra Premier League 2026/2027,Everton - Ipswich Town,2026-09-19T14:00:00+00:00,finished,5,1-0,Ipswich Town,Kjell Scherpen,G,0,,0,0,0,,,0,0,0,0,0,0,0,0,0,0,0,0,0,0,0,0,0,0,0,0,0,0,0,0,0,0,0,0,0,0,2026-09-20T05:01:51.891997+00:00
Inglaterra Premier League 2026/2027,Everton - Ipswich Town,2026-09-19T14:00:00+00:00,finished,5,1-0,Ipswich Town,Leif Davis,D,90,6.2,59,0,0,0.4214,0.0177322,1,0,0,30,21,0,0,4,1,0,0,2,4,1,2,0,0,3,1,2,0,1,18,1,1,0,0,0,1,0,2026-09-20T05:01:51.891893+00:00
Inglaterra Premier League 2026/2027,Everton - Ipswich Town,2026-09-19T14:00:00+00:00,finished,5,1-0,Ipswich Town,Marcelino Núñez,M,0,,0,0,0,,,0,0,0,0,0,0,0,0,0,0,0,0,0,0,0,0,0,0,0,0,0,0,0,0,0,0,0,0,0,0,2026-09-20T05:01:51.892033+00:00
Inglaterra Premier League 2026/2027,Everton - Ipswich Town,2026-09-19T14:00:00+00:00,finished,5,1-0,Everton,Mark Travers,G,0,,0,0,0,,,0,0,0,0,0,0,0,0,0,0,0,0,0,0,0,0,0,0,0,0,0,0,0,0,0,0,0,0,0,0,2026-09-20T05:01:51.891826+00:00
Inglaterra Premier League 2026/2027,Everton - Ipswich Town,2026-09-19T14:00:00+00:00,finished,5,1-0,Everton,Michael Keane,D,0,,0,0,0,,,0,0,0,0,0,0,0,0,0,0,0,0,0,0,0,0,0,0,0,0,0,0,0,0,0,0,0,0,0,0,2026-09-20T05:01:51.891842+00:00
Inglaterra Premier League 2026/2027,Everton - Ipswich Town,2026-09-19T14:00:00+00:00,finished,5,1-0,Ipswich Town,Saša Lukić,M,73,6.8,62,0,0,,0.248329,0,0,1,54,49,2,1,2,0,0,0,2,3,1,0,1,1,0,1,3,0,0,7,0,3,0,0,0,1,0,2026-09-20T05:01:51.891928+00:00
Inglaterra Premier League 2026/2027,Everton - Ipswich Town,2026-09-19T14:00:00+00:00,finished,5,1-0,Everton,Thierno Barry,F,90,6.1,26,1,0,0.5869,0.0118633,3,1,1,13,11,0,0,0,0,0,0,4,12,4,9,0,0,1,0,3,0,1,7,0,1,0,0,0,0,0,2026-09-20T05:01:51.891739+00:00
Inglaterra Premier League 2026/2027,Everton - Ipswich Town,2026-09-19T14:00:00+00:00,finished,5,1-0,Everton,Tom King,G,0,,0,0,0,,,0,0,0,0,0,0,0,0,0,0,0,0,0,0,0,0,0,0,0,0,0,0,0,0,0,0,0,0,0,0,2026-09-20T05:01:51.891834+00:00
Inglaterra Premier League 2026/2027,Everton - Ipswich Town,2026-09-19T14:00:00+00:00,finished,5,1-0,Everton,Tyler Dibling,M,24,7.2,9,0,0,0.1972,0.162582,3,1,2,3,3,1,1,1,1,0,0,0,1,0,0,0,0,0,0,0,1,0,1,0,0,0,0,0,0,0,2026-09-20T05:01:51.891783+00:00
Inglaterra Premier League 2026/2027,Everton - Ipswich Town,2026-09-19T14:00:00+00:00,finished,5,1-0,Everton,Tyrique George,F,11,6.7,11,0,0,0.0255,0.00972414,1,0,0,8,7,0,0,0,0,0,0,1,0,0,0,0,0,0,0,2,1,0,2,1,0,0,0,0,0,0,2026-09-20T05:01:51.891792+00:00
Inglaterra Premier League 2026/2027,Everton - Ipswich Town,2026-09-19T14:00:00+00:00,finished,5,1-0,Everton,Vitaliy Mykolenko,D,90,7.2,87,0,0,0.044,0.023092,1,0,0,67,57,6,0,2,1,0,0,5,3,2,1,3,3,1,1,11,1,0,14,0,1,1,0,0,0,0,2026-09-20T05:01:51.891709+00:00
Inglaterra Premier League 2026/2027,Newcastle United - Hull City,2026-09-19T14:00:00+00:00,finished,5,2-1,Newcastle United,,,0,,0,0,0,,,0,0,0,0,0,0,0,0,0,0,0,0,0,0,0,0,0,0,0,0,0,0,0,0,0,0,0,0,0,0,2026-09-20T05:01:51.739637+00:00
Inglaterra Premier League 2026/2027,Newcastle United - Hull City,2026-09-19T14:00:00+00:00,finished,5,2-1,Newcastle United,,,0,,0,0,0,,,0,0,0,0,0,0,0,0,0,0,0,0,0,0,0,0,0,0,0,0,0,0,0,0,0,0,0,0,0,0,2026-09-20T05:01:51.739653+00:00
Inglaterra Premier League 2026/2027,Newcastle United - Hull City,2026-09-19T14:00:00+00:00,finished,5,2-1,Newcastle United,,,0,,0,0,0,,,0,0,0,0,0,0,0,0,0,0,0,0,0,0,0,0,0,0,0,0,0,0,0,0,0,0,0,0,0,0,2026-09-20T05:01:51.739662+00:00
Inglaterra Premier League 2026/2027,Newcastle United - Hull City,2026-09-19T14:00:00+00:00,finished,5,2-1,Newcastle United,,,0,,0,0,0,,,0,0,0,0,0,0,0,0,0,0,0,0,0,0,0,0,0,0,0,0,0,0,0,0,0,0,0,0,0,0,2026-09-20T05:01:51.739677+00:00
Inglaterra Premier League 2026/2027,Newcastle United - Hull City,2026-09-19T14:00:00+00:00,finished,5,2-1,Newcastle United,,,0,,0,0,0,,,0,0,0,0,0,0,0,0,0,0,0,0,0,0,0,0,0,0,0,0,0,0,0,0,0,0,0,0,0,0,2026-09-20T05:01:51.739690+00:00
Inglaterra Premier League 2026/2027,Newcastle United - Hull City,2026-09-19T14:00:00+00:00,finished,5,2-1,Hull City,,,63,5.7,34,0,0,0.1667,0.0397834,2,0,1,19,15,2,1,4,0,0,0,1,6,0,2,1,1,0,0,2,1,3,14,0,1,0,0,0,2,0,2026-09-20T05:01:51.739830+00:00
Inglaterra Premier League 2026/2027,Newcastle United - Hull City,2026-09-19T14:00:00+00:00,finished,5,2-1,Hull City,,,27,7.6,11,1,0,0.1446,0.181886,1,1,2,6,4,1,0,2,1,1,1,1,2,0,1,0,0,0,0,0,0,0,3,0,1,0,0,0,0,0,2026-09-20T05:01:51.739852+00:00
Inglaterra Premier League 2026/2027,Newcastle United - Hull City,2026-09-19T14:00:00+00:00,finished,5,2-1,Newcastle United,Aladji Bamba,M,10,6.7,5,0,0,,3e-07,0,0,0,1,1,0,0,0,0,0,0,2,0,0,0,2,1,1,0,1,0,0,0,0,0,0,0,0,0,0,2026-09-20T05:01:51.739626+00:00
Inglaterra Premier League 2026/2027,Newcastle United - Hull City,2026-09-19T14:00:00+00:00,finished,5,2-1,Newcastle United,Bazoumana Touré,M,16,6.2,10,0,0,,,0,0,0,1,0,0,0,0,0,3,0,1,6,1,0,0,0,1,0,1,0,2,8,0,0,0,0,0,0,0,2026-09-20T05:01:51.739618+00:00
Inglaterra Premier League 2026/2027,Newcastle United - Hull City,2026-09-19T14:00:00+00:00,finished,5,2-1,Hull City,Dillon Phillips,G,0,,0,0,0,,,0,0,0,0,0,0,0,0,0,0,0,0,0,0,0,0,0,0,0,0,0,0,0,0,0,0,0,0,0,0,2026-09-20T05:01:51.739880+00:00
Inglaterra Premier League 2026/2027,Newcastle United - Hull City,2026-09-19T14:00:00+00:00,finished,5,2-1,Hull City,Elliot Stroud,M,0,,0,0,0,,,0,0,0,0,0,0,0,0,0,0,0,0,0,0,0,0,0,0,0,0,0,0,0,0,0,0,0,0,0,0,2026-09-20T05:01:51.739887+00:00
Inglaterra Premier League 2026/2027,Newcastle United - Hull City,2026-09-19T14:00:00+00:00,finished,5,2-1,Newcastle United,Fabian Schär,D,24,7.0,15,0,0,,0.011354,0,0,1,7,7,1,1,1,0,0,0,0,3,0,2,0,0,3,0,0,0,0,1,0,1,0,0,0,1,0,2026-09-20T05:01:51.739610+00:00
Inglaterra Premier League 2026/2027,Newcastle United - Hull City,2026-09-19T14:00:00+00:00,finished,5,2-1,Newcastle United,Harvey Barnes,F,90,7.4,48,0,2,0.0745,0.106987,2,1,2,26,23,1,0,4,1,4,2,5,6,2,2,0,0,4,0,5,0,0,11,1,0,0,0,0,1,0,2026-09-20T05:01:51.739549+00:00
Inglaterra Premier League 2026/2027,Newcastle United - Hull City,2026-09-19T14:00:00+00:00,finished,5,2-1,Newcastle United,Jacob Murphy,F,90,7.4,41,0,0,0.036,0.0722404,2,0,1,17,14,0,0,4,1,1,1,5,1,0,1,2,2,3,0,3,0,0,8,2,0,1,0,0,1,0,2026-09-20T05:01:51.739542+00:00
Inglaterra Premier League 2026/2027,Newcastle United - Hull City,2026-09-19T14:00:00+00:00,finished,5,2-1,Hull City,Jens Hjertø-Dahl,M,0,,0,0,0,,,0,0,0,0,0,0,0,0,0,0,0,0,0,0,0,0,0,0,0,0,0,0,0,0,0,0,0,0,0,0,2026-09-20T05:01:51.739901+00:00
Inglaterra Premier League 2026/2027,Newcastle United - Hull City,2026-09-19T14:00:00+00:00,finished,5,2-1,Hull City,Joe Gelhardt,M,14,6.8,19,0,0,0.1146,0.0167192,3,0,0,8,6,0,0,2,0,4,3,3,1,0,0,0,0,0,0,1,2,0,6,0,0,0,0,0,0,0,2026-09-20T05:01:51.739858+00:00
Inglaterra Premier League 2026/2027,Newcastle United - Hull City,2026-09-19T14:00:00+00:00,finished,5,2-1,Newcastle United,Joe Willock,M,87,7.9,67,1,0,0.2414,0.0411025,2,1,0,50,46,2,1,0,0,3,2,6,4,0,0,1,0,0,1,4,1,1,8,3,0,0,0,0,1,0,2026-09-20T05:01:51.739564+00:00
Inglaterra Premier League 2026/2027,Newcastle United - Hull City,2026-09-19T14:00:00+00:00,finished,5,2-1,Hull City,John Egan,D,78,6.4,29,0,0,0.0085,0.0010257,1,1,0,20,18,1,1,0,0,0,0,2,1,0,1,2,1,1,0,2,0,0,3,0,0,0,0,0,2,0,2026-09-20T05:01:51.739813+00:00
Inglaterra Premier League 2026/2027,Newcastle United - Hull City,2026-09-19T14:00:00+00:00,finished,5,2-1,Hull City,Konstantinos Tzolakis,G,90,7.0,41,0,0,,0.00088224,0,0,0,25,16,18,9,0,0,0,0,2,0,1,0,1,0,0,0,11,0,0,11,0,0,1,0,3,2,0,2026-09-20T05:01:51.739705+00:00
Inglaterra Premier League 2026/2027,Newcastle United - Hull City,2026-09-19T14:00:00+00:00,finished,5,2-1,Hull City,Lewie Coyle,D,90,5.8,59,0,0,,0.034052,0,0,0,40,29,3,1,2,0,0,0,1,1,0,0,1,1,0,0,3,0,1,17,0,0,0,0,0,2,0,2026-09-20T05:01:51.739714+00:00
Inglaterra Premier League 2026/2027,Newcastle United - Hull City,2026-09-19T14:00:00+00:00,finished,5,2-1,Newcastle United,Lewis Hall,D,90,7.3,111,1,0,0.1942,0.106551,2,1,2,66,61,5,3,6,1,4,1,4,12,0,3,1,1,7,0,7,0,4,21,2,1,0,0,0,1,0,2026-09-20T05:01:51.739535+00:00
Inglaterra Premier League 2026/2027,Newcastle United - Hull City,2026-09-19T14:00:00+00:00,finished,5,2-1,Newcastle United,Lewis Miley,M,90,6.8,93,0,0,,0.0373913,0,0,1,66,63,2,0,1,0,0,0,5,3,1,1,4,3,4,2,5,0,2,8,0,0,0,0,0,1,0,2026-09-20T05:01:51.739500+00:00
Inglaterra Premier League 2026/2027,Newcastle United - Hull City,2026-09-19T14:00:00+00:00,finished,5,2-1,Hull City,Lucas Gourna-Douath,M,12,6.4,17,0,0,0.0223,0.00628411,1,0,1,11,9,1,0,1,0,0,0,1,4,0,2,1,1,0,0,0,1,0,3,0,1,0,0,0,0,0,2026-09-20T05:01:51.739865+00:00
Inglaterra Premier League 2026/2027,Newcastle United - Hull City,2026-09-19T14:00:00+00:00,finished,5,2-1,Hull City,Lucas Herrington,D,90,6.6,62,0,0,0.0233,0.0258894,1,0,2,50,46,1,1,0,0,0,0,3,2,2,1,1,1,5,1,5,1,0,5,0,0,0,0,0,2,0,2026-09-20T05:01:51.739746+00:00
Inglaterra Premier League 2026/2027,Newcastle United - Hull City,2026-09-19T14:00:00+00:00,finished,5,2-1,Newcastle United,Lukáš Horníček,G,90,6.5,40,0,0,,0.00020637,0,0,0,23,14,14,5,0,0,1,0,0,1,0,0,0,0,3,0,10,0,0,10,0,0,0,0,3,1,2,2026-09-20T05:01:51.739454+00:00
Inglaterra Premier League 2026/2027,Newcastle United - Hull City,2026-09-19T14:00:00+00:00,finished,5,2-1,Newcastle United,Malick Thiaw,D,90,7.2,100,0,0,,0.0114334,0,0,0,83,75,9,3,0,0,0,0,3,2,3,2,0,0,12,1,3,0,0,8,0,0,0,0,0,1,0,2026-09-20T05:01:51.739517+00:00
Inglaterra Premier League 2026/2027,Newcastle United - Hull City,2026-09-19T14:00:00+00:00,finished,5,2-1,Hull City,Matt Crooks,M,45,6.9,19,0,0,,0.115883,0,0,1,13,12,3,3,1,1,0,0,2,1,0,0,2,2,0,0,0,0,0,2,0,0,1,0,0,2,0,2026-09-20T05:01:51.739840+00:00
Inglaterra Premier League 2026/2027,Newcastle United - Hull City,2026-09-19T14:00:00+00:00,finished,5,2-1,Newcastle United,Matías Fernández-Pardo,F,74,6.2,16,0,0,0.0323,0.0025804,1,0,0,11,8,1,1,0,0,0,0,1,4,0,2,1,1,0,0,1,1,0,5,0,0,0,0,0,1,0,2026-09-20T05:01:51.739572+00:00
Inglaterra Premier League 2026/2027,Newcastle United - Hull City,2026-09-19T14:00:00+00:00,finished,5,2-1,Hull City,Mohamed Belloumi,M,83,7.1,65,0,1,0.2494,0.168816,5,2,2,30,24,3,1,5,0,6,3,10,8,1,1,6,3,0,0,5,1,0,19,0,3,1,0,0,2,0,2026-09-20T05:01:51.739797+00:00
Inglaterra Premier League 2026/2027,Newcastle United - Hull City,2026-09-19T14:00:00+00:00,finished,5,2-1,Newcastle United,Nick Pope,G,0,,0,0,0,,,0,0,0,0,0,0,0,0,0,0,0,0,0,0,0,0,0,0,0,0,0,0,0,0,0,0,0,0,0,0,2026-09-20T05:01:51.739670+00:00
Inglaterra Premier League 2026/2027,Newcastle United - Hull City,2026-09-19T14:00:00+00:00,finished,5,2-1,Hull City,Oli McBurnie,F,90,6.7,41,0,0,0.2811,0.0200092,3,0,1,24,17,0,0,0,0,0,0,7,9,5,4,0,0,2,1,4,3,1,12,2,2,0,0,0,2,0,2026-09-20T05:01:51.739783+00:00
Inglaterra Premier League 2026/2027,Newcastle United - Hull City,2026-09-19T14:00:00+00:00,finished,5,2-1,Hull City,Paddy McNair,D,0,,0,0,0,,,0,0,0,0,0,0,0,0,0,0,0,0,0,0,0,0,0,0,0,0,0,0,0,0,0,0,0,0,0,0,2026-09-20T05:01:51.739894+00:00
Inglaterra Premier League 2026/2027,Newcastle United - Hull City,2026-09-19T14:00:00+00:00,finished,5,2-1,Hull City,Regan Slater,M,78,6.4,35,0,0,0.1317,0.0161112,1,0,1,26,22,1,1,0,0,1,1,3,2,1,0,0,0,0,1,2,1,1,7,1,0,0,0,0,2,0,2026-09-20T05:01:51.739805+00:00
Inglaterra Premier League 2026/2027,Newcastle United - Hull City,2026-09-19T14:00:00+00:00,finished,5,2-1,Hull City,Robinio Vaz,F,12,6.5,12,0,0,,0.00907234,0,0,1,8,6,1,0,1,0,0,0,1,1,0,1,0,0,0,0,1,0,0,4,1,0,0,0,0,0,0,2026-09-20T05:01:51.739872+00:00
Inglaterra Premier League 2026/2027,Newcastle United - Hull City,2026-09-19T14:00:00+00:00,finished,5,2-1,Hull City,Ryan Giles,D,90,6.2,48,0,0,,0.051859,0,0,2,22,18,3,3,15,4,2,0,2,3,1,0,1,0,3,1,1,0,0,17,0,1,1,0,0,2,0,2026-09-20T05:01:51.739764+00:00
Inglaterra Premier League 2026/2027,Newcastle United - Hull City,2026-09-19T14:00:00+00:00,finished,5,2-1,Newcastle United,Sean Steur,M,66,7.3,63,0,0,,0.0323923,0,0,2,56,50,3,2,0,0,1,1,3,1,0,0,2,2,2,0,3,0,0,7,0,0,0,0,0,0,0,2026-09-20T05:01:51.739596+00:00
Inglaterra Premier League 2026/2027,Newcastle United - Hull City,2026-09-19T14:00:00+00:00,finished,5,2-1,Hull City,Semi Ajayi,D,90,6.6,56,0,0,0.0066,0.00725187,1,0,0,45,37,8,5,0,0,1,1,5,2,2,0,2,1,1,1,5,0,1,10,0,0,0,0,0,2,0,2026-09-20T05:01:51.739726+00:00
Inglaterra Premier League 2026/2027,Newcastle United - Hull City,2026-09-19T14:00:00+00:00,finished,5,2-1,Newcastle United,Sven Botman,D,90,7.1,97,0,0,0.0467,0.00444456,1,1,0,73,67,7,2,0,0,0,0,6,4,4,3,1,1,13,2,1,0,0,7,1,1,0,0,0,1,0,2026-09-20T05:01:51.739526+00:00
Inglaterra Premier League 2026/2027,Newcastle United - Hull City,2026-09-19T14:00:00+00:00,finished,5,2-1,Hull City,Tim Iroegbunam,M,45,6.9,29,0,0,0.0956,0.0122374,2,0,1,21,16,1,1,0,0,2,1,5,3,2,1,2,1,0,0,5,1,0,7,0,1,0,0,0,0,0,2026-09-20T05:01:51.739846+00:00
Inglaterra Premier League 2026/2027,Newcastle United - Hull City,2026-09-19T14:00:00+00:00,finished,5,2-1,Newcastle United,Yoane Wissa,F,90,6.1,30,0,0,0.7884,0.0087682,1,1,0,22,16,0,0,0,0,2,1,4,3,2,0,0,0,1,0,3,0,0,9,1,1,0,0,0,1,0,2026-09-20T05:01:51.739557+00:00
Inglaterra Premier League 2026/2027,Nottingham Forest - Coventry City,2026-09-19T16:30:00+00:00,finished,5,0-1,Nottingham Forest,,,90,6.9,42,0,0,0.1412,0.206148,4,0,2,19,15,1,0,1,0,3,3,6,7,0,2,1,1,2,0,5,1,3,10,2,2,1,0,0,1,0,2026-09-20T05:01:52.150916+00:00
Inglaterra Premier League 2026/2027,Nottingham Forest - Coventry City,2026-09-19T16:30:00+00:00,finished,5,0-1,Coventry City,,,90,7.2,44,0,0,,0.00885087,0,0,0,32,26,4,2,0,0,0,0,5,3,4,0,1,1,6,0,3,0,1,8,0,1,0,0,0,0,0,2026-09-20T05:01:52.151037+00:00
Inglaterra Premier League 2026/2027,Nottingham Forest - Coventry City,2026-09-19T16:30:00+00:00,finished,5,0-1,Coventry City,,,90,8.1,44,0,0,,0.00497625,0,0,0,20,16,5,4,0,0,0,0,5,4,5,3,0,0,11,2,1,0,0,9,0,0,0,0,0,0,0,2026-09-20T05:01:52.151053+00:00
Inglaterra Premier League 2026/2027,Nottingham Forest - Coventry City,2026-09-19T16:30:00+00:00,finished,5,0-1,Coventry City,,,0,,0,0,0,,,0,0,0,0,0,0,0,0,0,0,0,0,0,0,0,0,0,0,0,0,0,0,0,0,0,0,0,0,0,0,2026-09-20T05:01:52.151180+00:00
Inglaterra Premier League 2026/2027,Nottingham Forest - Coventry City,2026-09-19T16:30:00+00:00,finished,5,0-1,Coventry City,,,0,,0,0,0,,,0,0,0,0,0,0,0,0,0,0,0,0,0,0,0,0,0,0,0,0,0,0,0,0,0,0,0,0,0,0,2026-09-20T05:01:52.151187+00:00
Inglaterra Premier League 2026/2027,Nottingham Forest - Coventry City,2026-09-19T16:30:00+00:00,finished,5,0-1,Coventry City,Bobby Thomas,D,90,8.2,49,0,0,0.0556,0.0377814,1,0,0,32,31,5,5,0,0,0,0,3,4,1,1,1,0,8,2,3,0,0,1,1,1,0,0,0,0,0,2026-09-20T05:01:52.151045+00:00
Inglaterra Premier League 2026/2027,Nottingham Forest - Coventry City,2026-09-19T16:30:00+00:00,finished,5,0-1,Coventry City,Brandon Thomas-Asante,F,90,6.8,43,0,0,0.1152,0.00695161,3,1,0,11,5,0,0,1,0,3,2,13,11,4,7,3,0,2,4,7,0,1,13,4,1,0,0,0,0,0,2026-09-20T05:01:52.151084+00:00
Inglaterra Premier League 2026/2027,Nottingham Forest - Coventry City,2026-09-19T16:30:00+00:00,finished,5,0-1,Coventry City,Caleb Yirenkyi,M,89,6.7,48,0,0,,0.00924008,0,0,1,34,31,4,2,1,0,2,1,4,7,1,1,1,0,2,1,2,0,0,8,1,5,0,0,0,0,0,2026-09-20T05:01:52.151092+00:00
Inglaterra Premier League 2026/2027,Nottingham Forest - Coventry City,2026-09-19T16:30:00+00:00,finished,5,0-1,Nottingham Forest,Callum Hudson Odoi,M,0,,0,0,0,,,0,0,0,0,0,0,0,0,0,0,0,0,0,0,0,0,0,0,0,0,0,0,0,0,0,0,0,0,0,0,2026-09-20T05:01:52.151020+00:00
Inglaterra Premier League 2026/2027,Nottingham Forest - Coventry City,2026-09-19T16:30:00+00:00,finished,5,0-1,Coventry City,Carl Rushworth,G,90,7.0,54,0,1,,0.00363774,0,0,1,48,24,31,8,0,0,0,0,0,0,0,0,0,0,0,0,10,0,0,24,0,0,0,0,2,0,0,2026-09-20T05:01:52.151029+00:00
Inglaterra Premier League 2026/2027,Nottingham Forest - Coventry City,2026-09-19T16:30:00+00:00,finished,5,0-1,Nottingham Forest,Chris Wood,F,17,6.7,7,0,0,,0.00022734,0,0,0,6,3,0,0,0,0,1,1,3,1,2,1,0,0,0,0,0,0,0,3,0,0,0,0,0,0,0,2026-09-20T05:01:52.150965+00:00
Inglaterra Premier League 2026/2027,Nottingham Forest - Coventry City,2026-09-19T16:30:00+00:00,finished,5,0-1,Nottingham Forest,Dan Ndoye,M,59,6.6,23,0,0,0.1605,0.0581012,3,0,2,9,7,0,0,1,0,1,0,1,2,0,1,0,0,1,0,0,1,0,7,1,0,0,0,0,1,0,2026-09-20T05:01:52.150950+00:00
Inglaterra Premier League 2026/2027,Nottingham Forest - Coventry City,2026-09-19T16:30:00+00:00,finished,5,0-1,Coventry City,Daniel Bentley,G,0,,0,0,0,,,0,0,0,0,0,0,0,0,0,0,0,0,0,0,0,0,0,0,0,0,0,0,0,0,0,0,0,0,0,0,2026-09-20T05:01:52.151195+00:00
Inglaterra Premier League 2026/2027,Nottingham Forest - Coventry City,2026-09-19T16:30:00+00:00,finished,5,0-1,Nottingham Forest,Daniel Muñoz,M,83,6.7,49,0,0,0.113,0.0230286,2,0,0,37,33,2,2,1,0,0,0,3,3,2,2,1,0,2,0,3,1,0,5,0,1,0,0,0,1,0,2026-09-20T05:01:52.150925+00:00
Inglaterra Premier League 2026/2027,Nottingham Forest - Coventry City,2026-09-19T16:30:00+00:00,finished,5,0-1,Coventry City,Ellis Simms,F,16,6.6,5,0,0,,0.00038085,0,0,0,5,3,0,0,0,0,0,0,2,0,2,0,0,0,0,0,0,0,0,2,0,0,0,0,0,0,0,2026-09-20T05:01:52.151165+00:00
Inglaterra Premier League 2026/2027,Nottingham Forest - Coventry City,2026-09-19T16:30:00+00:00,finished,5,0-1,Coventry City,Ephron Mason-Clark,M,45,6.2,19,0,0,0.0163,0.049354,1,0,3,11,8,0,0,1,0,1,0,2,4,1,3,0,0,0,0,2,1,0,5,1,0,0,0,0,0,0,2026-09-20T05:01:52.151146+00:00
Inglaterra Premier League 2026/2027,Nottingham Forest - Coventry City,2026-09-19T16:30:00+00:00,finished,5,0-1,Coventry City,Frank Onyeka,M,90,7.0,42,0,0,,0.00328732,0,0,0,29,22,5,1,1,0,1,0,3,2,0,0,2,1,2,2,3,0,0,10,1,0,0,0,0,0,0,2026-09-20T05:01:52.151061+00:00
Inglaterra Premier League 2026/2027,Nottingham Forest - Coventry City,2026-09-19T16:30:00+00:00,finished,5,0-1,Coventry City,Gustavo Hamer,M,0,,0,0,0,,,0,0,0,0,0,0,0,0,0,0,0,0,0,0,0,0,0,0,0,0,0,0,0,0,0,0,0,0,0,0,2026-09-20T05:01:52.151217+00:00
Inglaterra Premier League 2026/2027,Nottingham Forest - Coventry City,2026-09-19T16:30:00+00:00,finished,5,0-1,Nottingham Forest,Ibrahim Sangaré,M,14,6.7,14,0,0,,0.00328306,0,0,0,10,9,0,0,2,0,0,0,1,0,1,0,0,0,0,0,0,0,0,4,0,0,0,0,0,0,0,2026-09-20T05:01:52.150981+00:00
Inglaterra Premier League 2026/2027,Nottingham Forest - Coventry City,2026-09-19T16:30:00+00:00,finished,5,0-1,Nottingham Forest,Igor Jesus,F,31,6.4,24,0,0,0.2662,0.0131115,2,1,0,18,16,0,0,1,0,0,0,2,3,1,1,0,0,0,0,3,1,0,4,1,1,0,0,0,0,0,2026-09-20T05:01:52.150958+00:00
Inglaterra Premier League 2026/2027,Nottingham Forest - Coventry City,2026-09-19T16:30:00+00:00,finished,5,0-1,Coventry City,Jack Rudoni,M,74,7.3,49,0,0,0.0936,0.190735,1,0,1,29,24,2,1,4,2,0,0,4,2,1,1,1,1,2,1,8,0,1,11,2,0,0,0,0,0,0,2026-09-20T05:01:52.151130+00:00
Inglaterra Premier League 2026/2027,Nottingham Forest - Coventry City,2026-09-19T16:30:00+00:00,finished,5,0-1,Nottingham Forest,Jair,D,90,6.6,70,0,0,0.0229,0.0109229,1,0,1,52,42,7,2,2,0,0,0,6,7,4,3,2,1,6,0,3,0,0,14,0,3,1,0,0,1,0,2026-09-20T05:01:52.150869+00:00
Inglaterra Premier League 2026/2027,Nottingham Forest - Coventry City,2026-09-19T16:30:00+00:00,finished,5,0-1,Nottingham Forest,James McAtee,M,83,6.7,68,0,0,0.1827,0.0412249,4,1,1,50,43,8,5,6,2,1,0,1,4,0,1,1,1,1,0,2,3,1,15,0,0,0,0,0,1,0,2026-09-20T05:01:52.150933+00:00
Inglaterra Premier League 2026/2027,Nottingham Forest - Coventry City,2026-09-19T16:30:00+00:00,finished,5,0-1,Coventry City,Jay DaSilva,D,90,7.8,38,1,0,0.3269,0.0426391,2,1,1,23,17,2,0,2,1,1,1,1,4,0,3,0,0,1,2,4,0,0,9,0,1,0,0,0,0,0,2026-09-20T05:01:52.151076+00:00
Inglaterra Premier League 2026/2027,Nottingham Forest - Coventry City,2026-09-19T16:30:00+00:00,finished,5,0-1,Coventry City,Joel Latibeaudiere,D,1,,2,0,0,,,0,0,0,0,0,0,0,0,0,0,0,0,0,0,0,0,0,1,0,0,0,0,0,0,0,0,0,0,0,0,2026-09-20T05:01:52.151173+00:00
Inglaterra Premier League 2026/2027,Nottingham Forest - Coventry City,2026-09-19T16:30:00+00:00,finished,5,0-1,Nottingham Forest,John Victor,G,0,,0,0,0,,,0,0,0,0,0,0,0,0,0,0,0,0,0,0,0,0,0,0,0,0,0,0,0,0,0,0,0,0,0,0,2026-09-20T05:01:52.151012+00:00
Inglaterra Premier League 2026/2027,Nottingham Forest - Coventry City,2026-09-19T16:30:00+00:00,finished,5,0-1,Coventry City,Loum Tchaouna,F,45,6.5,10,0,0,0.0409,0.00014146,1,1,0,5,3,0,0,0,0,1,0,1,2,0,0,0,0,0,0,2,0,0,4,1,0,0,0,0,0,0,2026-09-20T05:01:52.151157+00:00
Inglaterra Premier League 2026/2027,Nottingham Forest - Coventry City,2026-09-19T16:30:00+00:00,finished,5,0-1,Nottingham Forest,Luca Netz,D,14,6.6,12,0,0,,0.0184571,0,0,1,8,8,0,0,2,1,0,0,0,1,0,1,0,0,0,0,0,0,0,2,0,0,0,0,0,0,0,2026-09-20T05:01:52.150973+00:00
Inglaterra Premier League 2026/2027,Nottingham Forest - Coventry City,2026-09-19T16:30:00+00:00,finished,5,0-1,Coventry City,Matt Grimes,M,90,7.2,44,0,0,0.0215,0.0635661,1,0,1,29,23,5,3,3,1,1,0,5,3,2,1,2,1,3,2,3,0,0,9,1,1,0,0,0,0,0,2026-09-20T05:01:52.151069+00:00
Inglaterra Premier League 2026/2027,Nottingham Forest - Coventry City,2026-09-19T16:30:00+00:00,finished,5,0-1,Nottingham Forest,Matz Sels,G,90,6.0,30,0,0,,0.00052501,0,0,0,20,12,11,3,0,0,0,0,0,0,0,0,0,0,0,0,9,0,0,8,0,0,0,0,2,1,0,2026-09-20T05:01:52.150812+00:00
Inglaterra Premier League 2026/2027,Nottingham Forest - Coventry City,2026-09-19T16:30:00+00:00,finished,5,0-1,Nottingham Forest,Morgan Gibbs-White,M,90,8.1,71,0,0,,0.400142,0,0,6,56,49,6,5,6,2,1,1,5,3,1,2,0,0,0,0,2,0,1,15,3,0,0,0,0,1,0,2026-09-20T05:01:52.150908+00:00
Inglaterra Premier League 2026/2027,Nottingham Forest - Coventry City,2026-09-19T16:30:00+00:00,finished,5,0-1,Nottingham Forest,Murillo,D,90,7.5,91,0,0,0.0739,0.0804894,2,0,2,68,63,9,7,0,0,3,1,6,5,3,2,1,1,7,2,2,1,0,8,1,0,0,0,0,1,0,2026-09-20T05:01:52.150881+00:00
Inglaterra Premier League 2026/2027,Nottingham Forest - Coventry City,2026-09-19T16:30:00+00:00,finished,5,0-1,Nottingham Forest,Neco Williams,D,90,7.3,85,0,0,0.0908,0.216474,3,1,4,56,46,5,3,9,4,0,0,5,3,2,2,1,1,1,0,8,2,0,16,2,1,0,0,0,1,0,2026-09-20T05:01:52.150900+00:00
Inglaterra Premier League 2026/2027,Nottingham Forest - Coventry City,2026-09-19T16:30:00+00:00,finished,5,0-1,Nottingham Forest,Nicolás Domínguez,M,0,,0,0,0,,,0,0,0,0,0,0,0,0,0,0,0,0,0,0,0,0,0,0,0,0,0,0,0,0,0,0,0,0,0,0,2026-09-20T05:01:52.150997+00:00
Inglaterra Premier League 2026/2027,Nottingham Forest - Coventry City,2026-09-19T16:30:00+00:00,finished,5,0-1,Nottingham Forest,Ola Aina,D,0,,0,0,0,,,0,0,0,0,0,0,0,0,0,0,0,0,0,0,0,0,0,0,0,0,0,0,0,0,0,0,0,0,0,0,2026-09-20T05:01:52.150989+00:00
Inglaterra Premier League 2026/2027,Nottingham Forest - Coventry City,2026-09-19T16:30:00+00:00,finished,5,0-1,Nottingham Forest,Ousmane Diomande,D,73,6.2,50,0,0,0.0506,0.0113624,1,0,0,42,34,5,2,0,0,0,0,3,6,3,3,0,0,4,0,7,0,0,8,0,3,0,0,0,1,0,2026-09-20T05:01:52.150942+00:00
Inglaterra Premier League 2026/2027,Nottingham Forest - Coventry City,2026-09-19T16:30:00+00:00,finished,5,0-1,Nottingham Forest,Ryan Yates,M,0,,0,0,0,,,0,0,0,0,0,0,0,0,0,0,0,0,0,0,0,0,0,0,0,0,0,0,0,0,0,0,0,0,0,0,2026-09-20T05:01:52.151005+00:00
Inglaterra Premier League 2026/2027,Nottingham Forest - Coventry City,2026-09-19T16:30:00+00:00,finished,5,0-1,Coventry City,Tatsuhiro Sakamoto,M,0,,0,0,0,,,0,0,0,0,0,0,0,0,0,0,0,0,0,0,0,0,0,0,0,0,0,0,0,0,0,0,0,0,0,0,2026-09-20T05:01:52.151202+00:00
Inglaterra Premier League 2026/2027,Nottingham Forest - Coventry City,2026-09-19T16:30:00+00:00,finished,5,0-1,Coventry City,Victor Torp,M,0,,0,0,0,,,0,0,0,0,0,0,0,0,0,0,0,0,0,0,0,0,0,0,0,0,0,0,0,0,0,0,0,0,0,0,2026-09-20T05:01:52.151209+00:00
Inglaterra Premier League 2026/2027,Nottingham Forest - Coventry City,2026-09-19T16:30:00+00:00,finished,5,0-1,Nottingham Forest,Xaver Schlager,M,90,7.4,70,0,0,0.0457,0.103735,2,0,0,55,47,3,0,0,0,1,1,5,3,2,0,2,2,2,0,3,2,2,12,0,1,0,0,0,1,0,2026-09-20T05:01:52.150891+00:00
Inglaterra Premier League 2026/2027,Bournemouth - Liverpool FC,2026-09-20T13:00:00+00:00,finished,5,0-1,Bournemouth,,,0,,0,0,0,,,0,0,0,0,0,0,0,0,0,0,0,0,0,0,0,0,0,0,0,0,0,0,0,0,0,0,0,0,0,0,2026-09-21T05:01:34.227307+00:00
Inglaterra Premier League 2026/2027,Bournemouth - Liverpool FC,2026-09-20T13:00:00+00:00,finished,5,0-1,Bournemouth,,,0,,0,0,0,,,0,0,0,0,0,0,0,0,0,0,0,0,0,0,0,0,0,0,0,0,0,0,0,0,0,0,0,0,0,0,2026-09-21T05:01:34.227345+00:00
Inglaterra Premier League 2026/2027,Bournemouth - Liverpool FC,2026-09-20T13:00:00+00:00,finished,5,0-1,Bournemouth,Adam Smith,D,75,6.6,32,0,0,,0.0203398,0,0,0,15,10,5,4,0,0,0,0,2,2,0,0,0,0,0,0,2,0,0,8,2,1,0,0,0,1,0,2026-09-21T05:01:34.227262+00:00
Inglaterra Premier League 2026/2027,Bournemouth - Liverpool FC,2026-09-20T13:00:00+00:00,finished,5,0-1,Bournemouth,Adrien Truffert,D,90,6.6,71,0,0,0.011,0.0625138,1,0,0,38,29,0,0,7,2,1,0,5,7,3,1,2,1,5,0,3,0,1,22,0,3,0,0,0,1,0,2026-09-21T05:01:34.227195+00:00
Inglaterra Premier League 2026/2027,Bournemouth - Liverpool FC,2026-09-20T13:00:00+00:00,finished,5,0-1,Bournemouth,Alex Scott,M,90,7.1,71,0,0,0.1023,0.0723941,2,0,3,53,42,8,3,4,1,1,1,6,3,0,1,0,0,0,0,8,1,0,19,5,1,0,0,0,1,0,2026-09-21T05:01:34.227164+00:00
Inglaterra Premier League 2026/2027,Bournemouth - Liverpool FC,2026-09-20T13:00:00+00:00,finished,5,0-1,Bournemouth,Alex Tóth,M,2,,3,0,0,,0.0004198,0,0,0,1,1,0,0,0,0,0,0,0,2,0,2,0,0,0,0,0,0,0,0,0,0,0,0,0,0,0,2026-09-21T05:01:34.227293+00:00
Inglaterra Premier League 2026/2027,Bournemouth - Liverpool FC,2026-09-20T13:00:00+00:00,finished,5,0-1,Liverpool FC,Alexander Isak,F,81,7.1,34,1,0,0.7524,0.0221069,3,1,1,16,11,0,0,1,0,2,0,0,5,0,1,0,0,0,1,0,1,2,15,0,0,1,0,0,0,0,2026-09-21T05:01:34.227000+00:00
Inglaterra Premier League 2026/2027,Bournemouth - Liverpool FC,2026-09-20T13:00:00+00:00,finished,5,0-1,Liverpool FC,Alexis Mac Allister,M,90,7.5,66,0,0,,0.0545743,0,0,0,50,43,6,4,2,0,3,1,5,5,2,1,1,1,4,0,7,0,1,14,2,1,0,0,0,0,0,2026-09-21T05:01:34.226960+00:00
Inglaterra Premier League 2026/2027,Bournemouth - Liverpool FC,2026-09-20T13:00:00+00:00,finished,5,0-1,Liverpool FC,Alisson,G,90,7.9,55,0,0,,0.00148384,0,0,0,42,32,17,7,0,0,0,0,1,0,1,0,0,0,4,0,9,0,0,10,0,0,0,0,2,0,2,2026-09-21T05:01:34.226905+00:00
Inglaterra Premier League 2026/2027,Bournemouth - Liverpool FC,2026-09-20T13:00:00+00:00,finished,5,0-1,Bournemouth,António Silva,D,90,7.3,69,0,0,,0.0160878,0,0,0,54,43,8,5,0,0,0,0,4,1,2,0,2,1,6,2,2,0,0,11,0,1,1,0,0,1,0,2026-09-21T05:01:34.227188+00:00
Inglaterra Premier League 2026/2027,Bournemouth - Liverpool FC,2026-09-20T13:00:00+00:00,finished,5,0-1,Bournemouth,Bafodé Diakité,D,0,,0,0,0,,,0,0,0,0,0,0,0,0,0,0,0,0,0,0,0,0,0,0,0,0,0,0,0,0,0,0,0,0,0,0,2026-09-21T05:01:34.227323+00:00
Inglaterra Premier League 2026/2027,Bournemouth - Liverpool FC,2026-09-20T13:00:00+00:00,finished,5,0-1,Bournemouth,Ben Gannon-Doak,M,2,,3,0,0,,0.0210042,0,0,0,3,3,0,0,0,0,0,0,0,1,0,1,0,0,0,0,0,0,0,0,0,0,0,0,0,0,0,2026-09-21T05:01:34.227300+00:00
Inglaterra Premier League 2026/2027,Bournemouth - Liverpool FC,2026-09-20T13:00:00+00:00,finished,5,0-1,Liverpool FC,Bradley Barcola,F,72,6.4,27,0,0,0.0486,0.0261558,1,1,0,17,14,1,1,0,0,3,0,1,3,1,0,0,0,0,0,3,0,0,8,0,0,0,0,0,0,0,2026-09-21T05:01:34.227015+00:00
Inglaterra Premier League 2026/2027,Bournemouth - Liverpool FC,2026-09-20T13:00:00+00:00,finished,5,0-1,Liverpool FC,Cody Gakpo,M,90,7.2,51,0,0,0.1848,0.53949,2,0,3,27,21,0,0,1,1,5,2,9,7,4,1,2,0,0,2,2,2,1,15,1,2,0,0,0,0,0,2026-09-21T05:01:34.226950+00:00
Inglaterra Premier League 2026/2027,Bournemouth - Liverpool FC,2026-09-20T13:00:00+00:00,finished,5,0-1,Bournemouth,Daniel Jebbison,F,15,6.2,10,0,0,,0.00393958,0,0,0,3,3,0,0,2,0,0,0,0,3,0,1,0,0,0,0,0,0,2,6,0,0,0,0,0,0,0,2026-09-21T05:01:34.227285+00:00
Inglaterra Premier League 2026/2027,Bournemouth - Liverpool FC,2026-09-20T13:00:00+00:00,finished,5,0-1,Bournemouth,David Brooks,M,15,6.6,19,0,0,,0.0616722,0,0,2,13,9,0,0,1,0,1,0,0,1,0,0,0,0,0,0,2,0,0,6,0,0,0,0,0,0,0,2026-09-21T05:01:34.227278+00:00
Inglaterra Premier League 2026/2027,Bournemouth - Liverpool FC,2026-09-20T13:00:00+00:00,finished,5,0-1,Liverpool FC,Dominik Szoboszlai,M,81,6.8,54,0,0,0.1323,0.0241633,2,0,0,39,34,4,3,3,0,1,0,2,4,0,1,2,1,1,0,2,0,0,9,0,2,1,0,0,0,0,2026-09-21T05:01:34.227008+00:00
Inglaterra Premier League 2026/2027,Bournemouth - Liverpool FC,2026-09-20T13:00:00+00:00,finished,5,0-1,Bournemouth,Evanilson,F,90,7.0,36,0,0,0.1482,0.00865658,2,2,0,23,17,2,1,0,0,0,0,4,5,0,4,2,2,2,0,2,0,0,9,2,2,0,0,0,1,0,2026-09-21T05:01:34.227171+00:00
Inglaterra Premier League 2026/2027,Bournemouth - Liverpool FC,2026-09-20T13:00:00+00:00,finished,5,0-1,Liverpool FC,Florian Wirtz,M,71,6.5,53,0,0,0.221,0.0480342,2,0,3,37,26,4,1,1,0,2,1,6,2,0,0,3,1,1,0,4,2,0,15,2,1,0,0,0,0,0,2026-09-21T05:01:34.227022+00:00
Inglaterra Premier League 2026/2027,Bournemouth - Liverpool FC,2026-09-20T13:00:00+00:00,finished,5,0-1,Liverpool FC,Giorgi Mamardashvili,G,0,,0,0,0,,,0,0,0,0,0,0,0,0,0,0,0,0,0,0,0,0,0,0,0,0,0,0,0,0,0,0,0,0,0,0,2026-09-21T05:01:34.227093+00:00
Inglaterra Premier League 2026/2027,Bournemouth - Liverpool FC,2026-09-20T13:00:00+00:00,finished,5,0-1,Bournemouth,James Hill,D,90,8.1,55,0,0,,0.0235741,0,0,0,35,28,8,3,1,1,0,0,4,2,0,2,4,2,6,1,3,0,0,9,0,0,0,0,0,1,0,2026-09-21T05:01:34.227156+00:00
Inglaterra Premier League 2026/2027,Bournemouth - Liverpool FC,2026-09-20T13:00:00+00:00,finished,5,0-1,Liverpool FC,Jeremie Frimpong,D,0,,0,0,0,,,0,0,0,0,0,0,0,0,0,0,0,0,0,0,0,0,0,0,0,0,0,0,0,0,0,0,0,0,0,0,2026-09-21T05:01:34.227148+00:00
Inglaterra Premier League 2026/2027,Bournemouth - Liverpool FC,2026-09-20T13:00:00+00:00,finished,5,0-1,Liverpool FC,Joe Gomez,D,0,,0,0,0,,,0,0,0,0,0,0,0,0,0,0,0,0,0,0,0,0,0,0,0,0,0,0,0,0,0,0,0,0,0,0,2026-09-21T05:01:34.227127+00:00
Inglaterra Premier League 2026/2027,Bournemouth - Liverpool FC,2026-09-20T13:00:00+00:00,finished,5,0-1,Bournemouth,Julio Soler,D,0,,0,0,0,,,0,0,0,0,0,0,0,0,0,0,0,0,0,0,0,0,0,0,0,0,0,0,0,0,0,0,0,0,0,0,2026-09-21T05:01:34.227315+00:00
Inglaterra Premier League 2026/2027,Bournemouth - Liverpool FC,2026-09-20T13:00:00+00:00,finished,5,0-1,Liverpool FC,Jérémy Jacquet,D,90,7.4,68,0,0,,0.0183062,0,0,0,58,51,8,4,0,0,0,0,3,1,0,0,3,1,2,2,6,0,0,8,0,1,0,0,0,0,0,2026-09-21T05:01:34.226985+00:00
Inglaterra Premier League 2026/2027,Bournemouth - Liverpool FC,2026-09-20T13:00:00+00:00,finished,5,0-1,Liverpool FC,Kostas Tsimikas,D,0,,0,0,0,,,0,0,0,0,0,0,0,0,0,0,0,0,0,0,0,0,0,0,0,0,0,0,0,0,0,0,0,0,0,0,2026-09-21T05:01:34.227140+00:00
Inglaterra Premier League 2026/2027,Bournemouth - Liverpool FC,2026-09-20T13:00:00+00:00,finished,5,0-1,Bournemouth,Lewis Cook,M,15,6.7,13,0,0,,0.00260852,0,0,0,10,8,3,2,0,0,0,0,0,0,0,0,0,0,1,0,1,0,0,2,0,0,0,0,0,0,0,2026-09-21T05:01:34.227270+00:00
Inglaterra Premier League 2026/2027,Bournemouth - Liverpool FC,2026-09-20T13:00:00+00:00,finished,5,0-1,Liverpool FC,Lewis Koumas,F,9,6.5,8,0,0,0.1659,,1,1,0,1,0,0,0,0,0,1,0,2,3,0,1,0,0,0,0,0,0,1,4,2,0,0,0,0,0,0,2026-09-21T05:01:34.227072+00:00
Inglaterra Premier League 2026/2027,Bournemouth - Liverpool FC,2026-09-20T13:00:00+00:00,finished,5,0-1,Bournemouth,Marcus Tavernier,M,75,6.4,46,0,0,,0.111884,0,0,1,24,20,0,0,7,1,2,1,4,8,0,3,3,2,0,0,3,0,3,17,0,0,0,0,0,1,0,2026-09-21T05:01:34.227255+00:00
Inglaterra Premier League 2026/2027,Bournemouth - Liverpool FC,2026-09-20T13:00:00+00:00,finished,5,0-1,Liverpool FC,Miloš Kerkez,D,90,6.7,63,0,0,0.0662,0.00920405,1,0,0,38,27,3,1,2,0,1,1,3,4,0,0,1,1,5,0,2,1,0,16,1,4,0,0,0,0,0,2026-09-21T05:01:34.226968+00:00
Inglaterra Premier League 2026/2027,Bournemouth - Liverpool FC,2026-09-20T13:00:00+00:00,finished,5,0-1,Bournemouth,Rayan,M,88,7.3,32,0,0,,0.352596,0,0,1,15,10,1,0,4,1,0,0,5,3,1,3,2,2,0,1,1,0,0,11,2,0,0,0,0,1,0,2026-09-21T05:01:34.227239+00:00
Inglaterra Premier League 2026/2027,Bournemouth - Liverpool FC,2026-09-20T13:00:00+00:00,finished,5,0-1,Liverpool FC,Rio Ngumoha,F,0,,0,0,0,,,0,0,0,0,0,0,0,0,0,0,0,0,0,0,0,0,0,0,0,0,0,0,0,0,0,0,0,0,0,0,2026-09-21T05:01:34.227085+00:00
Inglaterra Premier League 2026/2027,Bournemouth - Liverpool FC,2026-09-20T13:00:00+00:00,finished,5,0-1,Liverpool FC,Ronald Araújo,D,90,7.4,73,0,0,,0.012621,0,0,0,44,32,5,2,3,0,2,1,9,2,6,1,2,2,2,1,6,0,0,22,0,0,0,0,0,0,0,2026-09-21T05:01:34.226993+00:00
Inglaterra Premier League 2026/2027,Bournemouth - Liverpool FC,2026-09-20T13:00:00+00:00,finished,5,0-1,Bournemouth,Ryan Christie,M,75,5.9,44,0,0,0.4983,0.0125149,4,0,0,26,20,2,2,1,0,2,0,2,6,2,1,0,0,0,0,5,1,3,15,0,0,0,0,0,1,0,2026-09-21T05:01:34.227247+00:00
Inglaterra Premier League 2026/2027,Bournemouth - Liverpool FC,2026-09-20T13:00:00+00:00,finished,5,0-1,Liverpool FC,Ryan Gravenberch,M,9,6.7,10,0,0,,0.00814232,0,0,0,7,6,0,0,0,0,0,0,2,1,1,0,0,0,0,0,1,0,0,2,1,1,0,0,0,0,0,2026-09-21T05:01:34.227055+00:00
Inglaterra Premier League 2026/2027,Bournemouth - Liverpool FC,2026-09-20T13:00:00+00:00,finished,5,0-1,Liverpool FC,Trey Nyoni,M,19,6.8,17,0,0,,0.0023389,0,0,0,11,9,2,2,0,0,0,0,1,0,0,0,1,0,3,1,0,0,0,2,0,1,0,0,0,0,0,2026-09-21T05:01:34.227029+00:00
Inglaterra Premier League 2026/2027,Bournemouth - Liverpool FC,2026-09-20T13:00:00+00:00,finished,5,0-1,Bournemouth,Tyler Adams,M,88,6.7,60,0,0,,0.0416107,0,0,1,45,39,3,1,0,0,1,0,3,5,1,0,2,1,3,3,6,0,0,8,0,3,0,0,0,1,0,2026-09-21T05:01:34.227225+00:00
Inglaterra Premier League 2026/2027,Bournemouth - Liverpool FC,2026-09-20T13:00:00+00:00,finished,5,0-1,Liverpool FC,Virgil van Dijk,D,90,7.5,89,0,0,,0.00800495,0,0,0,76,68,9,6,0,0,0,0,4,2,4,2,0,0,12,1,2,0,0,8,0,0,0,0,0,0,0,2026-09-21T05:01:34.226976+00:00
Inglaterra Premier League 2026/2027,Bournemouth - Liverpool FC,2026-09-20T13:00:00+00:00,finished,5,0-1,Liverpool FC,Víctor Muñoz,F,18,6.6,12,0,0,,0.0581935,0,0,1,8,6,0,0,0,0,0,0,2,1,0,0,1,1,1,0,1,0,0,3,1,0,0,0,0,0,0,2026-09-21T05:01:34.227037+00:00
Inglaterra Premier League 2026/2027,Bournemouth - Liverpool FC,2026-09-20T13:00:00+00:00,finished,5,0-1,Bournemouth,Đorđe Petrović,G,90,6.5,37,0,0,,0.00030342,0,0,0,22,13,13,4,0,0,0,0,0,0,0,0,0,0,0,0,12,0,0,10,0,0,0,0,2,1,0,2026-09-21T05:01:34.227180+00:00
Inglaterra Premier League 2026/2027,Leeds United - Crystal Palace,2026-09-20T13:00:00+00:00,finished,5,0-0,Crystal Palace,,,90,6.8,50,0,0,0.109,0.0312323,2,0,2,31,27,2,2,1,0,0,0,6,6,1,2,3,1,1,1,1,1,2,11,2,2,0,0,0,0,0,2026-09-21T05:01:34.123461+00:00
Inglaterra Premier League 2026/2027,Leeds United - Crystal Palace,2026-09-20T13:00:00+00:00,finished,5,0-0,Crystal Palace,,,0,,0,0,0,,,0,0,0,0,0,0,0,0,0,0,0,0,0,0,0,0,0,0,0,0,0,0,0,0,0,0,0,0,0,0,2026-09-21T05:01:34.123548+00:00
Inglaterra Premier League 2026/2027,Leeds United - Crystal Palace,2026-09-20T13:00:00+00:00,finished,5,0-0,Crystal Palace,,,0,,0,0,0,,,0,0,0,0,0,0,0,0,0,0,0,0,0,0,0,0,0,0,0,0,0,0,0,0,0,0,0,0,0,0,2026-09-21T05:01:34.123562+00:00
Inglaterra Premier League 2026/2027,Leeds United - Crystal Palace,2026-09-20T13:00:00+00:00,finished,5,0-0,Crystal Palace,,,0,,0,0,0,,,0,0,0,0,0,0,0,0,0,0,0,0,0,0,0,0,0,0,0,0,0,0,0,0,0,0,0,0,0,0,2026-09-21T05:01:34.123579+00:00
Inglaterra Premier League 2026/2027,Leeds United - Crystal Palace,2026-09-20T13:00:00+00:00,finished,5,0-0,Leeds United,,,1,,4,0,0,,0.00083296,0,0,0,1,1,0,0,0,0,1,1,2,0,0,0,0,0,0,0,0,0,0,0,1,0,0,0,0,0,0,2026-09-21T05:01:34.123787+00:00
Inglaterra Premier League 2026/2027,Leeds United - Crystal Palace,2026-09-20T13:00:00+00:00,finished,5,0-0,Crystal Palace,Adam Wharton,M,90,6.7,73,0,0,0.0749,0.217514,3,1,2,54,41,3,2,1,0,0,0,4,3,0,2,2,1,2,1,1,2,0,15,2,1,1,0,0,0,0,2026-09-21T05:01:34.123453+00:00
Inglaterra Premier League 2026/2027,Leeds United - Crystal Palace,2026-09-20T13:00:00+00:00,finished,5,0-0,Crystal Palace,Anan Khalaili,M,90,6.7,65,0,0,,0.0198257,0,0,0,38,26,7,4,1,0,3,1,3,8,0,1,2,1,3,1,11,0,0,20,0,1,0,0,0,0,0,2026-09-21T05:01:34.123472+00:00
Inglaterra Premier League 2026/2027,Leeds United - Crystal Palace,2026-09-20T13:00:00+00:00,finished,5,0-0,Leeds United,Anton Stach,M,90,7.0,55,0,0,0.0371,0.085714,1,0,1,31,24,1,1,7,1,1,0,8,8,5,3,1,0,1,3,5,1,1,19,2,3,0,0,0,0,0,2026-09-21T05:01:34.123655+00:00
Inglaterra Premier League 2026/2027,Leeds United - Crystal Palace,2026-09-20T13:00:00+00:00,finished,5,0-0,Leeds United,Ao Tanaka,M,67,6.6,40,0,0,0.1605,0.00344244,2,0,0,30,29,1,1,0,0,0,0,2,3,0,0,1,1,1,1,2,0,0,2,1,3,1,0,0,0,0,2026-09-21T05:01:34.123737+00:00
Inglaterra Premier League 2026/2027,Leeds United - Crystal Palace,2026-09-20T13:00:00+00:00,finished,5,0-0,Leeds United,Brenden Aaronson,M,23,6.6,17,0,0,,0.00406424,0,0,0,10,8,0,0,0,0,0,0,2,2,1,0,1,1,0,1,3,0,1,5,0,1,0,0,0,0,0,2026-09-21T05:01:34.123762+00:00
Inglaterra Premier League 2026/2027,Leeds United - Crystal Palace,2026-09-20T13:00:00+00:00,finished,5,0-0,Crystal Palace,Chris Richards,D,90,7.4,56,0,0,,0.00354031,0,0,0,38,36,1,1,1,0,1,0,4,2,2,0,2,1,8,0,3,0,1,9,0,0,0,0,0,0,0,2026-09-21T05:01:34.123379+00:00
Inglaterra Premier League 2026/2027,Leeds United - Crystal Palace,2026-09-20T13:00:00+00:00,finished,5,0-0,Crystal Palace,Daichi Kamada,M,90,6.3,56,0,0,0.2607,0.0342533,3,1,0,45,38,3,1,1,0,1,0,2,4,0,0,1,1,0,0,9,0,1,11,1,0,0,0,0,0,0,2026-09-21T05:01:34.123496+00:00
Inglaterra Premier League 2026/2027,Leeds United - Crystal Palace,2026-09-20T13:00:00+00:00,finished,5,0-0,Leeds United,Daniel James,M,23,6.3,11,0,0,,0.00167659,0,0,0,3,2,0,0,1,0,3,0,1,5,1,1,0,0,1,0,0,0,1,7,0,0,0,0,0,0,0,2026-09-21T05:01:34.123753+00:00
Inglaterra Premier League 2026/2027,Leeds United - Crystal Palace,2026-09-20T13:00:00+00:00,finished,5,0-0,Leeds United,Dominic Calvert-Lewin,F,90,6.8,28,0,0,0.523,0.00081933,1,1,0,16,8,0,0,0,0,1,0,5,5,4,3,0,0,4,0,4,0,0,10,1,1,0,0,0,0,0,2026-09-21T05:01:34.123633+00:00
Inglaterra Premier League 2026/2027,Leeds United - Crystal Palace,2026-09-20T13:00:00+00:00,finished,5,0-0,Crystal Palace,Dwight McNeil,M,0,,0,0,0,,,0,0,0,0,0,0,0,0,0,0,0,0,0,0,0,0,0,0,0,0,0,0,0,0,0,0,0,0,0,0,2026-09-21T05:01:34.123598+00:00
Inglaterra Premier League 2026/2027,Leeds United - Crystal Palace,2026-09-20T13:00:00+00:00,finished,5,0-0,Crystal Palace,Eddie Nketiah,F,8,6.4,5,0,0,,0.0151431,0,0,0,5,3,0,0,0,0,0,0,0,1,0,0,0,0,0,0,1,0,0,2,0,1,0,0,0,0,0,2026-09-21T05:01:34.123534+00:00
Inglaterra Premier League 2026/2027,Leeds United - Crystal Palace,2026-09-20T13:00:00+00:00,finished,5,0-0,Leeds United,Ethan Ampadu,M,90,7.5,74,0,0,,0.104582,0,0,2,54,45,2,0,0,0,0,0,4,1,0,0,3,2,3,2,5,0,1,16,1,0,0,0,0,0,0,2026-09-21T05:01:34.123646+00:00
Inglaterra Premier League 2026/2027,Leeds United - Crystal Palace,2026-09-20T13:00:00+00:00,finished,5,0-0,Leeds United,Gabriel Gudmundsson,D,89,7.3,56,0,0,,0.0308208,0,0,1,34,25,3,0,4,2,3,1,6,3,1,0,3,1,0,2,1,0,0,19,1,0,0,0,0,0,0,2026-09-21T05:01:34.123701+00:00
Inglaterra Premier League 2026/2027,Leeds United - Crystal Palace,2026-09-20T13:00:00+00:00,finished,5,0-0,Leeds United,Ilia Gruev,M,0,,0,0,0,,,0,0,0,0,0,0,0,0,0,0,0,0,0,0,0,0,0,0,0,0,0,0,0,0,0,0,0,0,0,0,2026-09-21T05:01:34.123828+00:00
Inglaterra Premier League 2026/2027,Leeds United - Crystal Palace,2026-09-20T13:00:00+00:00,finished,5,0-0,Crystal Palace,Ismaïla Sarr,F,8,6.5,2,0,0,,0.00880131,0,0,0,2,2,0,0,0,0,0,0,0,0,0,0,0,0,0,0,0,0,0,0,0,0,0,0,0,0,0,2026-09-21T05:01:34.123541+00:00
Inglaterra Premier League 2026/2027,Leeds United - Crystal Palace,2026-09-20T13:00:00+00:00,finished,5,0-0,Leeds United,Jaka Bijol,D,0,,0,0,0,,,0,0,0,0,0,0,0,0,0,0,0,0,0,0,0,0,0,0,0,0,0,0,0,0,0,0,0,0,0,0,2026-09-21T05:01:34.123814+00:00
Inglaterra Premier League 2026/2027,Leeds United - Crystal Palace,2026-09-20T13:00:00+00:00,finished,5,0-0,Leeds United,James Justin,D,90,7.3,56,0,0,0.0694,0.124367,1,0,1,38,30,5,4,2,1,0,0,5,1,0,0,3,1,2,3,3,1,0,9,2,0,0,0,0,0,0,2026-09-21T05:01:34.123692+00:00
Inglaterra Premier League 2026/2027,Leeds United - Crystal Palace,2026-09-20T13:00:00+00:00,finished,5,0-0,Leeds United,James Trafford,G,90,8.3,47,0,0,,0.00067635,0,0,0,36,24,19,7,0,0,0,0,0,0,0,0,0,0,0,0,16,0,0,12,0,0,0,0,5,0,0,2026-09-21T05:01:34.123614+00:00
Inglaterra Premier League 2026/2027,Leeds United - Crystal Palace,2026-09-20T13:00:00+00:00,finished,5,0-0,Crystal Palace,Jaydee Canvot,D,90,7.0,62,0,0,,0.118962,0,0,1,46,43,5,3,1,1,0,0,1,5,0,2,1,0,6,3,5,0,1,4,0,2,0,0,0,0,0,2026-09-21T05:01:34.123480+00:00
Inglaterra Premier League 2026/2027,Leeds United - Crystal Palace,2026-09-20T13:00:00+00:00,finished,5,0-0,Leeds United,Jayden Bogle,D,67,6.4,35,0,0,0.0792,0.00183262,2,0,0,18,11,1,0,1,0,0,0,1,2,1,0,0,0,1,0,2,2,1,11,0,1,1,0,0,0,0,2026-09-21T05:01:34.123718+00:00
Inglaterra Premier League 2026/2027,Leeds United - Crystal Palace,2026-09-20T13:00:00+00:00,finished,5,0-0,Crystal Palace,Jefferson Lerma,M,45,7.0,32,0,0,0.1268,0.00141297,1,0,0,18,16,4,3,0,0,1,1,7,6,3,3,2,2,4,1,3,0,0,2,1,2,1,0,0,0,0,2026-09-21T05:01:34.123519+00:00
Inglaterra Premier League 2026/2027,Leeds United - Crystal Palace,2026-09-20T13:00:00+00:00,finished,5,0-0,Crystal Palace,Jørgen Strand Larsen,F,82,6.5,30,0,0,0.0367,0.171922,1,1,1,14,12,0,0,0,0,1,0,4,7,3,3,0,0,2,0,0,0,3,9,1,0,0,0,0,0,0,2026-09-21T05:01:34.123503+00:00
Inglaterra Premier League 2026/2027,Leeds United - Crystal Palace,2026-09-20T13:00:00+00:00,finished,5,0-0,Leeds United,Lukas Nmecha,F,14,6.6,4,0,0,,,0,0,0,1,0,0,0,0,0,0,0,2,1,0,1,1,0,0,0,1,0,0,2,1,0,0,0,0,0,0,2026-09-21T05:01:34.123770+00:00
Inglaterra Premier League 2026/2027,Leeds United - Crystal Palace,2026-09-20T13:00:00+00:00,finished,5,0-0,Leeds United,Melvin Bard,D,0,,0,0,0,,,0,0,0,0,0,0,0,0,0,0,0,0,0,0,0,0,0,0,0,0,0,0,0,0,0,0,0,0,0,0,2026-09-21T05:01:34.123806+00:00
Inglaterra Premier League 2026/2027,Leeds United - Crystal Palace,2026-09-20T13:00:00+00:00,finished,5,0-0,Leeds United,Michael Zetterer,G,0,,0,0,0,,,0,0,0,0,0,0,0,0,0,0,0,0,0,0,0,0,0,0,0,0,0,0,0,0,0,0,0,0,0,0,2026-09-21T05:01:34.123798+00:00
Inglaterra Premier League 2026/2027,Leeds United - Crystal Palace,2026-09-20T13:00:00+00:00,finished,5,0-0,Leeds United,Nico Elvedi,D,90,7.5,66,0,0,0.0475,0.0128789,1,1,0,60,58,5,4,0,0,0,0,1,3,1,2,0,0,1,2,1,0,0,2,0,0,0,0,0,0,0,2026-09-21T05:01:34.123678+00:00
Inglaterra Premier League 2026/2027,Leeds United - Crystal Palace,2026-09-20T13:00:00+00:00,finished,5,0-0,Leeds United,Noah Okafor,F,76,7.0,34,0,0,0.0325,0.0110294,1,0,0,11,10,0,0,2,0,11,6,9,7,0,1,2,1,0,0,3,0,1,12,1,0,0,0,0,0,0,2026-09-21T05:01:34.123708+00:00
Inglaterra Premier League 2026/2027,Leeds United - Crystal Palace,2026-09-20T13:00:00+00:00,finished,5,0-0,Crystal Palace,Remi Matthews,G,0,,0,0,0,,,0,0,0,0,0,0,0,0,0,0,0,0,0,0,0,0,0,0,0,0,0,0,0,0,0,0,0,0,0,0,2026-09-21T05:01:34.123555+00:00
Inglaterra Premier League 2026/2027,Leeds United - Crystal Palace,2026-09-20T13:00:00+00:00,finished,5,0-0,Leeds United,Sean Longstaff,M,0,,0,0,0,,,0,0,0,0,0,0,0,0,0,0,0,0,0,0,0,0,0,0,0,0,0,0,0,0,0,0,0,0,0,0,2026-09-21T05:01:34.123821+00:00
Inglaterra Premier League 2026/2027,Leeds United - Crystal Palace,2026-09-20T13:00:00+00:00,finished,5,0-0,Crystal Palace,Takehiro Tomiyasu,D,45,6.7,26,0,0,,0.00618292,0,0,1,22,20,2,0,0,0,0,0,1,5,1,4,0,0,2,0,0,0,0,2,0,1,0,0,0,0,0,2026-09-21T05:01:34.123527+00:00
Inglaterra Premier League 2026/2027,Leeds United - Crystal Palace,2026-09-20T13:00:00+00:00,finished,5,0-0,Leeds United,Tarik Muharemović,D,90,7.3,87,0,0,0.4131,0.00455258,4,0,0,74,64,9,4,0,0,0,0,7,3,6,2,1,1,4,3,4,2,0,10,0,1,0,0,0,0,0,2026-09-21T05:01:34.123664+00:00
Inglaterra Premier League 2026/2027,Leeds United - Crystal Palace,2026-09-20T13:00:00+00:00,finished,5,0-0,Crystal Palace,Tyrick Mitchell,M,90,6.9,60,0,0,,0.0183248,0,0,0,40,29,3,0,1,0,0,0,7,4,2,2,5,4,2,0,8,0,1,16,0,1,0,0,0,0,0,2026-09-21T05:01:34.123443+00:00
Inglaterra Premier League 2026/2027,Leeds United - Crystal Palace,2026-09-20T13:00:00+00:00,finished,5,0-0,Crystal Palace,Walter Benítez,G,90,7.8,32,0,0,,0.00172937,0,0,0,26,17,14,5,0,0,0,0,0,0,0,0,0,0,1,0,4,0,0,9,0,0,0,0,2,0,1,2026-09-21T05:01:34.123488+00:00
Inglaterra Premier League 2026/2027,Leeds United - Crystal Palace,2026-09-20T13:00:00+00:00,finished,5,0-0,Crystal Palace,Yéremy Pino,F,82,7.1,55,0,0,0.1495,0.153166,2,1,0,35,27,3,1,3,0,4,2,5,4,1,1,0,0,1,0,3,0,0,19,2,1,1,0,0,0,0,2026-09-21T05:01:34.123511+00:00
Inglaterra Premier League 2026/2027,Leeds United - Crystal Palace,2026-09-20T13:00:00+00:00,finished,5,0-0,Crystal Palace,Óscar Mingueza,M,0,,0,0,0,,,0,0,0,0,0,0,0,0,0,0,0,0,0,0,0,0,0,0,0,0,0,0,0,0,0,0,0,0,0,0,2026-09-21T05:01:34.123570+00:00
Inglaterra Premier League 2026/2027,Manchester City - Sunderland,2026-09-20T13:00:00+00:00,finished,5,5-3,Sunderland,,,90,5.4,55,0,0,0.0187,0.00893324,1,0,0,39,35,2,2,1,0,2,2,5,3,2,1,1,1,2,0,4,1,0,7,0,1,1,0,0,5,0,2026-09-21T05:01:34.015275+00:00
Inglaterra Premier League 2026/2027,Manchester City - Sunderland,2026-09-20T13:00:00+00:00,finished,5,5-3,Sunderland,,,30,6.6,16,0,0,0.4003,0.00555372,3,3,0,8,5,0,0,1,0,1,1,2,1,0,0,1,1,0,0,2,0,1,6,0,0,0,0,0,1,0,2026-09-21T05:01:34.015350+00:00
Inglaterra Premier League 2026/2027,Manchester City - Sunderland,2026-09-20T13:00:00+00:00,finished,5,5-3,Sunderland,,,0,,0,0,0,,,0,0,0,0,0,0,0,0,0,0,0,0,0,0,0,0,0,0,0,0,0,0,0,0,0,0,0,0,0,0,2026-09-21T05:01:34.015406+00:00
Inglaterra Premier League 2026/2027,Manchester City - Sunderland,2026-09-20T13:00:00+00:00,finished,5,5-3,Manchester City,,,90,8.2,68,1,0,0.0448,0.234657,1,1,1,54,44,3,3,7,1,0,0,4,5,1,1,0,0,1,0,4,0,1,17,3,2,0,0,0,3,0,2026-09-21T05:01:34.015434+00:00
Inglaterra Premier League 2026/2027,Manchester City - Sunderland,2026-09-20T13:00:00+00:00,finished,5,5-3,Manchester City,Abdukodir Khusanov,D,0,,0,0,0,,,0,0,0,0,0,0,0,0,0,0,0,0,0,0,0,0,0,0,0,0,0,0,0,0,0,0,0,0,0,0,2026-09-21T05:01:34.015526+00:00
Inglaterra Premier League 2026/2027,Manchester City - Sunderland,2026-09-20T13:00:00+00:00,finished,5,5-3,Manchester City,Allan,M,0,,0,0,0,,,0,0,0,0,0,0,0,0,0,0,0,0,0,0,0,0,0,0,0,0,0,0,0,0,0,0,0,0,0,0,2026-09-21T05:01:34.015548+00:00
Inglaterra Premier League 2026/2027,Manchester City - Sunderland,2026-09-20T13:00:00+00:00,finished,5,5-3,Manchester City,Antoine Semenyo,M,90,9.4,52,2,1,0.1424,0.172986,2,2,3,29,29,0,0,5,0,3,0,3,7,0,1,2,1,1,1,3,0,2,14,1,0,0,0,0,3,0,2026-09-21T05:01:34.015469+00:00
Inglaterra Premier League 2026/2027,Manchester City - Sunderland,2026-09-20T13:00:00+00:00,finished,5,5-3,Manchester City,Ayyoub Bouaddi,M,0,,0,0,0,,,0,0,0,0,0,0,0,0,0,0,0,0,0,0,0,0,0,0,0,0,0,0,0,0,0,0,0,0,0,0,2026-09-21T05:01:34.015513+00:00
Inglaterra Premier League 2026/2027,Manchester City - Sunderland,2026-09-20T13:00:00+00:00,finished,5,5-3,Sunderland,Brian Brobbey,F,90,9.9,36,3,0,2.9142,0.0354273,5,4,1,18,15,0,0,1,0,2,2,10,2,4,1,0,0,0,0,0,0,0,7,5,1,0,0,0,5,0,2026-09-21T05:01:34.015306+00:00
Inglaterra Premier League 2026/2027,Manchester City - Sunderland,2026-09-20T13:00:00+00:00,finished,5,5-3,Sunderland,Chemsdine Talbi,M,0,,0,0,0,,,0,0,0,0,0,0,0,0,0,0,0,0,0,0,0,0,0,0,0,0,0,0,0,0,0,0,0,0,0,0,2026-09-21T05:01:34.015378+00:00
Inglaterra Premier League 2026/2027,Manchester City - Sunderland,2026-09-20T13:00:00+00:00,finished,5,5-3,Sunderland,Chris Rigg,M,0,,0,0,0,,,0,0,0,0,0,0,0,0,0,0,0,0,0,0,0,0,0,0,0,0,0,0,0,0,0,0,0,0,0,0,2026-09-21T05:01:34.015413+00:00
Inglaterra Premier League 2026/2027,Manchester City - Sunderland,2026-09-20T13:00:00+00:00,finished,5,5-3,Sunderland,Daniel Ballard,D,90,7.0,51,0,0,0.228,0.00104117,2,0,0,34,26,2,0,0,0,0,0,12,6,6,2,4,1,6,1,3,1,0,8,2,4,0,0,0,5,0,2026-09-21T05:01:34.015283+00:00
Inglaterra Premier League 2026/2027,Manchester City - Sunderland,2026-09-20T13:00:00+00:00,finished,5,5-3,Manchester City,Elliot Anderson,M,90,7.0,86,0,0,0.0158,0.0168736,1,0,0,72,62,5,3,0,0,2,1,8,3,3,1,2,1,3,0,3,0,0,12,2,1,0,0,0,3,0,2026-09-21T05:01:34.015475+00:00
Inglaterra Premier League 2026/2027,Manchester City - Sunderland,2026-09-20T13:00:00+00:00,finished,5,5-3,Sunderland,Enzo Le Fée,M,90,6.8,44,0,1,,0.393625,0,0,5,27,21,3,1,4,3,1,1,5,4,0,2,1,1,0,2,0,0,2,11,3,0,0,0,0,5,0,2026-09-21T05:01:34.015258+00:00
Inglaterra Premier League 2026/2027,Manchester City - Sunderland,2026-09-20T13:00:00+00:00,finished,5,5-3,Manchester City,Erling Haaland,F,90,6.5,25,1,0,1.0873,0.0211881,4,1,0,13,9,0,0,0,0,1,0,1,11,0,6,0,0,1,1,0,1,1,7,1,3,0,0,0,3,0,2026-09-21T05:01:34.015462+00:00
Inglaterra Premier League 2026/2027,Manchester City - Sunderland,2026-09-20T13:00:00+00:00,finished,5,5-3,Manchester City,Gerónimo Rulli,G,0,,0,0,0,,,0,0,0,0,0,0,0,0,0,0,0,0,0,0,0,0,0,0,0,0,0,0,0,0,0,0,0,0,0,0,2026-09-21T05:01:34.015520+00:00
Inglaterra Premier League 2026/2027,Manchester City - Sunderland,2026-09-20T13:00:00+00:00,finished,5,5-3,Manchester City,Gianluigi Donnarumma,G,90,6.3,37,0,0,,0.000546,0,0,0,24,9,20,5,0,0,0,0,1,1,0,1,0,0,2,0,8,0,0,15,1,0,0,0,4,3,0,2026-09-21T05:01:34.015427+00:00
Inglaterra Premier League 2026/2027,Manchester City - Sunderland,2026-09-20T13:00:00+00:00,finished,5,5-3,Sunderland,Granit Xhaka,M,90,7.5,60,0,0,,0.378647,0,0,3,47,42,10,8,2,0,0,0,4,4,0,1,3,2,1,1,2,0,2,10,1,1,0,0,0,5,0,2026-09-21T05:01:34.015268+00:00
Inglaterra Premier League 2026/2027,Manchester City - Sunderland,2026-09-20T13:00:00+00:00,finished,5,5-3,Manchester City,Iliman Ndiaye,M,75,6.7,48,0,0,0.1041,0.157205,2,0,2,33,32,0,0,3,1,2,1,3,3,0,0,0,0,0,1,3,2,0,7,2,1,0,0,0,3,0,2026-09-21T05:01:34.015490+00:00
Inglaterra Premier League 2026/2027,Manchester City - Sunderland,2026-09-20T13:00:00+00:00,finished,5,5-3,Manchester City,Joško Gvardiol,D,90,7.7,50,0,1,,0.536834,0,0,1,24,20,1,0,0,0,0,0,4,5,2,2,0,0,4,2,6,0,3,10,2,0,0,0,0,3,0,2026-09-21T05:01:34.015441+00:00
Inglaterra Premier League 2026/2027,Manchester City - Sunderland,2026-09-20T13:00:00+00:00,finished,5,5-3,Manchester City,Jérémy Doku,M,15,7.1,10,0,0,0.1457,0.319335,1,0,1,4,4,0,0,1,0,1,0,0,2,0,0,0,0,1,0,1,1,1,4,0,0,0,0,0,0,0,2026-09-21T05:01:34.015498+00:00
Inglaterra Premier League 2026/2027,Manchester City - Sunderland,2026-09-20T13:00:00+00:00,finished,5,5-3,Sunderland,Kevin Danso,D,90,5.2,78,0,0,0.0976,0.00523598,1,1,1,60,49,9,3,0,0,0,0,2,3,1,1,0,0,7,1,5,0,0,13,1,2,0,0,0,5,0,2026-09-21T05:01:34.015291+00:00
Inglaterra Premier League 2026/2027,Manchester City - Sunderland,2026-09-20T13:00:00+00:00,finished,5,5-3,Sunderland,Luke O'Nien,D,0,,0,0,0,,,0,0,0,0,0,0,0,0,0,0,0,0,0,0,0,0,0,0,0,0,0,0,0,0,0,0,0,0,0,0,2026-09-21T05:01:34.015393+00:00
Inglaterra Premier League 2026/2027,Manchester City - Sunderland,2026-09-20T13:00:00+00:00,finished,5,5-3,Manchester City,Marc Guéhi,D,90,6.6,67,0,1,0.05,0.0119899,1,0,1,57,54,1,1,0,0,0,0,3,0,2,0,0,0,3,0,2,1,0,4,1,0,0,0,0,3,0,2026-09-21T05:01:34.015449+00:00
Inglaterra Premier League 2026/2027,Manchester City - Sunderland,2026-09-20T13:00:00+00:00,finished,5,5-3,Manchester City,Mateo Kovačić,M,0,,0,0,0,,,0,0,0,0,0,0,0,0,0,0,0,0,0,0,0,0,0,0,0,0,0,0,0,0,0,0,0,0,0,0,2026-09-21T05:01:34.015541+00:00
Inglaterra Premier League 2026/2027,Manchester City - Sunderland,2026-09-20T13:00:00+00:00,finished,5,5-3,Manchester City,Matheus Nunes,D,90,6.3,77,0,0,,0.0130187,0,0,0,58,51,3,1,0,0,0,0,3,3,2,0,1,0,8,0,0,0,0,8,0,1,0,0,0,3,0,2026-09-21T05:01:34.015420+00:00
Inglaterra Premier League 2026/2027,Manchester City - Sunderland,2026-09-20T13:00:00+00:00,finished,5,5-3,Sunderland,Melker Ellborg,G,0,,0,0,0,,,0,0,0,0,0,0,0,0,0,0,0,0,0,0,0,0,0,0,0,0,0,0,0,0,0,0,0,0,0,0,2026-09-21T05:01:34.015386+00:00
Inglaterra Premier League 2026/2027,Manchester City - Sunderland,2026-09-20T13:00:00+00:00,finished,5,5-3,Manchester City,Nico O'Reilly,D,11,6.7,11,0,0,0.783,0.00225166,1,1,0,5,4,0,0,0,0,0,0,2,3,1,0,1,1,0,1,1,0,1,3,0,1,0,0,0,0,0,2026-09-21T05:01:34.015505+00:00
Inglaterra Premier League 2026/2027,Manchester City - Sunderland,2026-09-20T13:00:00+00:00,finished,5,5-3,Sunderland,Nilson Angulo,M,60,5.9,24,0,1,0.4958,0.00750894,2,1,1,12,11,0,0,1,0,2,2,2,4,0,2,0,0,0,2,1,0,1,6,0,1,0,0,0,4,0,2026-09-21T05:01:34.015327+00:00
Inglaterra Premier League 2026/2027,Manchester City - Sunderland,2026-09-20T13:00:00+00:00,finished,5,5-3,Sunderland,Noah Sadiki,M,68,6.3,35,0,0,0.0262,0.00751802,1,0,0,31,26,2,1,0,0,0,0,2,2,1,0,0,0,0,1,2,0,0,5,1,1,0,0,0,4,0,2026-09-21T05:01:34.015320+00:00
Inglaterra Premier League 2026/2027,Manchester City - Sunderland,2026-09-20T13:00:00+00:00,finished,5,5-3,Sunderland,Nordi Mukiele,D,90,6.1,64,0,0,0.0542,0.220283,1,0,2,35,28,3,1,5,2,0,0,5,2,1,2,4,2,1,2,3,1,0,13,0,0,0,0,0,5,0,2026-09-21T05:01:34.015299+00:00
Inglaterra Premier League 2026/2027,Manchester City - Sunderland,2026-09-20T13:00:00+00:00,finished,5,5-3,Sunderland,Omar Alderete,D,0,,0,0,0,,,0,0,0,0,0,0,0,0,0,0,0,0,0,0,0,0,0,0,0,0,0,0,0,0,0,0,0,0,0,0,2026-09-21T05:01:34.015400+00:00
Inglaterra Premier League 2026/2027,Manchester City - Sunderland,2026-09-20T13:00:00+00:00,finished,5,5-3,Manchester City,Rayan Aït-Nouri,D,0,,0,0,0,,,0,0,0,0,0,0,0,0,0,0,0,0,0,0,0,0,0,0,0,0,0,0,0,0,0,0,0,0,0,0,2026-09-21T05:01:34.015555+00:00
Inglaterra Premier League 2026/2027,Manchester City - Sunderland,2026-09-20T13:00:00+00:00,finished,5,5-3,Manchester City,Rayan Cherki,M,85,8.0,80,1,0,0.1297,0.16658,2,1,2,66,59,6,4,3,2,1,0,1,2,0,0,0,0,1,1,3,0,1,11,1,0,0,0,0,3,0,2026-09-21T05:01:34.015483+00:00
Inglaterra Premier League 2026/2027,Manchester City - Sunderland,2026-09-20T13:00:00+00:00,finished,5,5-3,Manchester City,Rico Lewis,D,0,,0,0,0,,,0,0,0,0,0,0,0,0,0,0,0,0,0,0,0,0,0,0,0,0,0,0,0,0,0,0,0,0,0,0,2026-09-21T05:01:34.015534+00:00
Inglaterra Premier League 2026/2027,Manchester City - Sunderland,2026-09-20T13:00:00+00:00,finished,5,5-3,Sunderland,Robin Roefs,G,90,5.2,50,0,0,,0.00549232,0,0,0,43,29,23,9,0,0,0,0,1,0,0,0,0,0,2,0,4,0,0,14,1,0,0,0,1,5,0,2026-09-21T05:01:34.015215+00:00
Inglaterra Premier League 2026/2027,Manchester City - Sunderland,2026-09-20T13:00:00+00:00,finished,5,5-3,Manchester City,Rúben Dias,D,90,5.4,36,0,0,0.2193,0.00080073,1,0,0,31,27,1,0,0,0,0,0,3,10,3,4,0,0,3,0,0,0,0,4,0,5,0,0,0,3,0,2026-09-21T05:01:34.015455+00:00
Inglaterra Premier League 2026/2027,Manchester City - Sunderland,2026-09-20T13:00:00+00:00,finished,5,5-3,Sunderland,Thomas Meunier,D,79,6.6,30,0,1,,0.384308,0,0,1,23,21,3,2,1,0,0,0,2,3,0,2,2,1,2,0,3,0,0,3,0,1,0,0,0,4,0,2026-09-21T05:01:34.015313+00:00
Inglaterra Premier League 2026/2027,Manchester City - Sunderland,2026-09-20T13:00:00+00:00,finished,5,5-3,Sunderland,Trai Hume,D,11,6.6,9,0,0,0.0993,0.0378249,1,0,0,5,5,0,0,1,0,0,0,2,0,1,0,1,0,0,0,0,0,0,1,0,0,0,0,0,1,0,2026-09-21T05:01:34.015372+00:00
Inglaterra Premier League 2026/2027,Manchester City - Sunderland,2026-09-20T13:00:00+00:00,finished,5,5-3,Sunderland,Wilson Isidor,F,22,6.4,4,0,0,,0.00059856,0,0,0,3,2,0,0,0,0,0,0,1,2,0,0,1,1,0,0,1,0,0,1,0,2,0,0,0,1,0,2026-09-21T05:01:34.015364+00:00
Inglaterra Premier League 2026/2027,Fulham - Manchester United,2026-09-20T15:30:00+00:00,finished,5,1-1,Fulham,,,90,6.9,77,0,0,,0.0169556,0,0,1,64,60,4,0,0,0,1,1,3,3,0,2,2,2,7,0,4,0,0,4,0,0,0,0,0,1,0,2026-09-21T05:01:34.346881+00:00
Inglaterra Premier League 2026/2027,Fulham - Manchester United,2026-09-20T15:30:00+00:00,finished,5,1-1,Fulham,Alex Iwobi,M,71,7.3,48,0,0,0.2179,0.40828,2,1,5,36,36,1,1,2,1,3,1,2,2,0,0,1,1,1,0,4,1,0,5,0,0,0,0,0,0,0,2026-09-21T05:01:34.346981+00:00
Inglaterra Premier League 2026/2027,Fulham - Manchester United,2026-09-20T15:30:00+00:00,finished,5,1-1,Manchester United,Andrey Santos,M,0,,0,0,0,,,0,0,0,0,0,0,0,0,0,0,0,0,0,0,0,0,0,0,0,0,0,0,0,0,0,0,0,0,0,0,2026-09-21T05:01:34.349187+00:00
Inglaterra Premier League 2026/2027,Fulham - Manchester United,2026-09-20T15:30:00+00:00,finished,5,1-1,Fulham,Antonee Robinson,D,90,7.4,55,0,0,,0.0873783,0,0,2,34,33,0,0,3,2,2,1,7,4,1,1,3,2,1,1,4,0,0,5,2,1,0,0,0,1,0,2026-09-21T05:01:34.346902+00:00
Inglaterra Premier League 2026/2027,Fulham - Manchester United,2026-09-20T15:30:00+00:00,finished,5,1-1,Fulham,Benjamin Lecomte,G,0,,0,0,0,,,0,0,0,0,0,0,0,0,0,0,0,0,0,0,0,0,0,0,0,0,0,0,0,0,0,0,0,0,0,0,2026-09-21T05:01:34.347834+00:00
Inglaterra Premier League 2026/2027,Fulham - Manchester United,2026-09-20T15:30:00+00:00,finished,5,1-1,Fulham,Bernd Leno,G,90,7.1,58,0,0,,0.00039742,0,0,0,45,33,15,3,0,0,0,0,0,0,0,0,0,0,2,0,8,0,0,12,0,0,0,0,5,1,0,2026-09-21T05:01:34.346911+00:00
Inglaterra Premier League 2026/2027,Fulham - Manchester United,2026-09-20T15:30:00+00:00,finished,5,1-1,Manchester United,Bruno Fernandes,M,90,6.5,80,0,0,0.2779,0.172171,3,0,4,61,51,4,3,12,2,0,0,2,3,1,0,1,1,0,0,5,2,1,21,0,0,0,0,0,1,0,2026-09-21T05:01:34.348468+00:00
Inglaterra Premier League 2026/2027,Fulham - Manchester United,2026-09-20T15:30:00+00:00,finished,5,1-1,Manchester United,Bryan Mbeumo,F,90,6.7,58,0,0,0.2709,0.245212,5,1,3,36,36,1,1,6,2,5,2,4,6,0,1,1,1,1,1,0,2,1,9,1,1,0,0,0,1,0,2026-09-21T05:01:34.348459+00:00
Inglaterra Premier League 2026/2027,Fulham - Manchester United,2026-09-20T15:30:00+00:00,finished,5,1-1,Fulham,Calvin Bassey,D,90,7.2,78,0,0,0.0355,0.0126765,1,1,0,61,55,8,4,0,0,1,1,4,2,0,1,2,1,4,1,7,0,0,7,1,1,0,0,0,1,0,2026-09-21T05:01:34.346893+00:00
Inglaterra Premier League 2026/2027,Fulham - Manchester United,2026-09-20T15:30:00+00:00,finished,5,1-1,Manchester United,Carlos Baleba,M,0,,0,0,0,,,0,0,0,0,0,0,0,0,0,0,0,0,0,0,0,0,0,0,0,0,0,0,0,0,0,0,0,0,0,0,2026-09-21T05:01:34.349247+00:00
Inglaterra Premier League 2026/2027,Fulham - Manchester United,2026-09-20T15:30:00+00:00,finished,5,1-1,Fulham,César Palacios,M,19,6.6,10,0,0,,0.00305068,0,0,1,5,5,1,1,1,0,0,0,1,1,0,0,1,1,1,0,1,0,0,1,0,1,0,0,0,1,0,2026-09-21T05:01:34.346991+00:00
Inglaterra Premier League 2026/2027,Fulham - Manchester United,2026-09-20T15:30:00+00:00,finished,5,1-1,Manchester United,Diogo Dalot,D,90,6.6,66,0,0,0.0566,0.0526425,2,0,1,48,39,6,1,2,0,3,1,5,2,2,0,1,1,0,0,7,0,0,14,1,0,0,0,0,1,0,2026-09-21T05:01:34.348379+00:00
Inglaterra Premier League 2026/2027,Fulham - Manchester United,2026-09-20T15:30:00+00:00,finished,5,1-1,Fulham,Emile Smith Rowe,M,0,,0,0,0,,,0,0,0,0,0,0,0,0,0,0,0,0,0,0,0,0,0,0,0,0,0,0,0,0,0,0,0,0,0,0,2026-09-21T05:01:34.348344+00:00
Inglaterra Premier League 2026/2027,Fulham - Manchester United,2026-09-20T15:30:00+00:00,finished,5,1-1,Fulham,Gonzalo García,F,80,6.6,17,0,0,0.64,0.32582,3,0,1,10,6,0,0,0,0,0,0,3,3,3,2,0,0,1,0,1,0,0,6,0,1,0,0,0,0,0,2026-09-21T05:01:34.346924+00:00
Inglaterra Premier League 2026/2027,Fulham - Manchester United,2026-09-20T15:30:00+00:00,finished,5,1-1,Manchester United,Harry Maguire,D,90,7.2,84,0,0,0.0468,0.0281829,1,0,1,70,67,5,3,2,1,0,0,6,1,2,1,1,0,3,1,4,1,0,5,3,0,0,0,0,1,0,2026-09-21T05:01:34.348402+00:00
Inglaterra Premier League 2026/2027,Fulham - Manchester United,2026-09-20T15:30:00+00:00,finished,5,1-1,Fulham,Hugo Larsson,M,13,6.5,8,0,0,,0.00053975,0,0,0,5,1,0,0,0,0,1,1,1,0,0,0,0,0,2,0,2,0,0,4,0,0,0,0,0,1,0,2026-09-21T05:01:34.347016+00:00
Inglaterra Premier League 2026/2027,Fulham - Manchester United,2026-09-20T15:30:00+00:00,finished,5,1-1,Fulham,Joachim Andersen,D,10,6.5,7,0,0,,,0,0,0,1,0,1,0,0,0,0,0,0,0,0,0,0,0,4,0,0,0,0,1,0,0,0,0,0,1,0,2026-09-21T05:01:34.347783+00:00
Inglaterra Premier League 2026/2027,Fulham - Manchester United,2026-09-20T15:30:00+00:00,finished,5,1-1,Fulham,Joshua King,M,80,6.9,40,0,0,0.3752,0.0344043,3,2,0,30,27,1,0,0,0,2,1,2,2,0,0,0,0,1,0,4,0,0,5,1,2,1,0,0,0,0,2026-09-21T05:01:34.346941+00:00
Inglaterra Premier League 2026/2027,Fulham - Manchester United,2026-09-20T15:30:00+00:00,finished,5,1-1,Manchester United,Joshua Zirkzee,F,13,6.4,6,0,0,,0.0008358,0,0,1,4,3,0,0,0,0,0,0,0,2,0,2,0,0,1,0,0,0,0,1,0,0,0,0,0,0,0,2026-09-21T05:01:34.349087+00:00
Inglaterra Premier League 2026/2027,Fulham - Manchester United,2026-09-20T15:30:00+00:00,finished,5,1-1,Manchester United,Karl Darlow,G,0,,0,0,0,,,0,0,0,0,0,0,0,0,0,0,0,0,0,0,0,0,0,0,0,0,0,0,0,0,0,0,0,0,0,0,2026-09-21T05:01:34.349202+00:00
Inglaterra Premier League 2026/2027,Fulham - Manchester United,2026-09-20T15:30:00+00:00,finished,5,1-1,Fulham,Kevin,M,19,6.5,9,0,0,0.0366,0.00024384,1,1,0,3,3,0,0,0,0,2,1,1,2,0,0,0,0,0,1,1,0,0,2,0,0,0,0,0,1,0,2026-09-21T05:01:34.347000+00:00
Inglaterra Premier League 2026/2027,Fulham - Manchester United,2026-09-20T15:30:00+00:00,finished,5,1-1,Manchester United,Kobbie Mainoo,M,80,6.9,71,0,0,0.0612,0.0983028,1,0,1,67,63,4,4,0,0,1,1,1,4,0,1,0,0,0,1,10,1,1,5,0,1,0,0,0,1,0,2026-09-21T05:01:34.349063+00:00
Inglaterra Premier League 2026/2027,Fulham - Manchester United,2026-09-20T15:30:00+00:00,finished,5,1-1,Manchester United,Leny Yoro,D,0,,0,0,0,,,0,0,0,0,0,0,0,0,0,0,0,0,0,0,0,0,0,0,0,0,0,0,0,0,0,0,0,0,0,0,2026-09-21T05:01:34.349234+00:00
Inglaterra Premier League 2026/2027,Fulham - Manchester United,2026-09-20T15:30:00+00:00,finished,5,1-1,Manchester United,Lisandro Martínez,D,90,6.5,91,0,0,0.1152,0.0217945,4,1,1,83,75,8,7,0,0,0,0,2,0,2,0,0,0,2,1,0,2,0,8,0,0,0,0,0,1,0,2026-09-21T05:01:34.348422+00:00
Inglaterra Premier League 2026/2027,Fulham - Manchester United,2026-09-20T15:30:00+00:00,finished,5,1-1,Manchester United,Luke Shaw,D,84,6.1,68,0,0,0.0083,0.0697988,1,0,0,48,43,2,0,1,0,0,0,1,2,1,0,0,0,1,2,1,1,1,9,0,0,0,0,0,1,0,2026-09-21T05:01:34.348498+00:00
Inglaterra Premier League 2026/2027,Fulham - Manchester United,2026-09-20T15:30:00+00:00,finished,5,1-1,Fulham,Manuel Ángel Morán,M,0,,0,0,0,,,0,0,0,0,0,0,0,0,0,0,0,0,0,0,0,0,0,0,0,0,0,0,0,0,0,0,0,0,0,0,2026-09-21T05:01:34.348316+00:00
Inglaterra Premier League 2026/2027,Fulham - Manchester United,2026-09-20T15:30:00+00:00,finished,5,1-1,Manchester United,Marcus Rashford,F,77,6.7,56,0,0,0.3874,0.137764,6,2,4,35,31,0,0,3,1,2,1,5,2,2,0,0,0,2,0,0,2,1,11,2,0,0,0,0,1,0,2026-09-21T05:01:34.349078+00:00
Inglaterra Premier League 2026/2027,Fulham - Manchester United,2026-09-20T15:30:00+00:00,finished,5,1-1,Manchester United,Mason Mount,F,10,6.5,6,0,0,0.0943,0.00726926,1,0,0,5,5,1,1,0,0,0,0,0,2,0,0,0,0,0,0,1,1,0,0,0,0,0,0,0,0,0,2026-09-21T05:01:34.349161+00:00
Inglaterra Premier League 2026/2027,Fulham - Manchester United,2026-09-20T15:30:00+00:00,finished,5,1-1,Manchester United,Matheus Cunha,F,90,7.5,40,1,0,0.0546,0.394374,3,2,3,27,23,1,1,2,0,1,1,1,5,0,1,0,0,0,1,2,1,0,8,0,3,0,0,0,1,0,2026-09-21T05:01:34.348477+00:00
Inglaterra Premier League 2026/2027,Fulham - Manchester United,2026-09-20T15:30:00+00:00,finished,5,1-1,Manchester United,Noussair Mazraoui,D,0,,0,0,0,,,0,0,0,0,0,0,0,0,0,0,0,0,0,0,0,0,0,0,0,0,0,0,0,0,0,0,0,0,0,0,2026-09-21T05:01:34.349215+00:00
Inglaterra Premier League 2026/2027,Fulham - Manchester United,2026-09-20T15:30:00+00:00,finished,5,1-1,Fulham,Oscar Bobb,M,71,6.7,39,0,0,0.2183,0.0893364,1,0,0,25,24,0,0,3,0,1,0,2,2,0,0,2,0,0,1,3,0,0,8,0,0,0,0,0,0,0,2026-09-21T05:01:34.346966+00:00
Inglaterra Premier League 2026/2027,Fulham - Manchester United,2026-09-20T15:30:00+00:00,finished,5,1-1,Manchester United,Patrick Dorgu,M,10,6.8,11,0,1,0.1302,0.00642559,1,0,1,6,6,0,0,1,0,0,0,1,0,1,0,0,0,1,0,0,0,0,2,0,0,0,0,0,0,0,2026-09-21T05:01:34.349178+00:00
Inglaterra Premier League 2026/2027,Fulham - Manchester United,2026-09-20T15:30:00+00:00,finished,5,1-1,Fulham,Rodrigo Muniz,F,10,6.6,6,0,0,,0.00075668,0,0,0,2,2,0,0,0,0,0,0,2,2,2,1,0,0,2,0,0,0,0,1,0,1,1,0,0,1,0,2026-09-21T05:01:34.347814+00:00
Inglaterra Premier League 2026/2027,Fulham - Manchester United,2026-09-20T15:30:00+00:00,finished,5,1-1,Fulham,Ryan Sessegnon,D,0,,0,0,0,,,0,0,0,0,0,0,0,0,0,0,0,0,0,0,0,0,0,0,0,0,0,0,0,0,0,0,0,0,0,0,2026-09-21T05:01:34.348288+00:00
Inglaterra Premier League 2026/2027,Fulham - Manchester United,2026-09-20T15:30:00+00:00,finished,5,1-1,Fulham,Sander Berge,M,77,7.3,52,0,0,0.05,0.0209861,1,1,1,45,43,2,0,0,0,0,0,2,0,1,0,0,0,2,0,0,0,0,3,1,0,0,0,0,0,0,2026-09-21T05:01:34.346951+00:00
Inglaterra Premier League 2026/2027,Fulham - Manchester United,2026-09-20T15:30:00+00:00,finished,5,1-1,Manchester United,Senne Lammens,G,90,8.6,32,0,0,,0.0009613,0,0,0,24,18,8,2,0,0,0,0,0,0,0,0,0,0,0,0,5,0,0,6,0,0,0,0,6,1,0,2026-09-21T05:01:34.348362+00:00
Inglaterra Premier League 2026/2027,Fulham - Manchester United,2026-09-20T15:30:00+00:00,finished,5,1-1,Fulham,Shea Charles,M,90,7.2,57,0,0,,0.0155466,0,0,0,38,32,2,0,1,0,2,1,4,3,1,0,2,1,4,2,0,0,0,9,0,0,0,0,0,1,0,2026-09-21T05:01:34.346797+00:00
Inglaterra Premier League 2026/2027,Fulham - Manchester United,2026-09-20T15:30:00+00:00,finished,5,1-1,Manchester United,Shea Lacey,F,0,,0,0,0,,,0,0,0,0,0,0,0,0,0,0,0,0,0,0,0,0,0,0,0,0,0,0,0,0,0,0,0,0,0,0,2026-09-21T05:01:34.349195+00:00
Inglaterra Premier League 2026/2027,Fulham - Manchester United,2026-09-20T15:30:00+00:00,finished,5,1-1,Fulham,Timothy Castagne,D,90,6.1,60,0,0,,0.00822269,0,0,0,44,34,4,1,0,0,0,0,0,6,0,3,0,0,7,0,4,0,0,11,0,2,1,0,0,1,0,2026-09-21T05:01:34.346865+00:00
Inglaterra Premier League 2026/2027,Fulham - Manchester United,2026-09-20T15:30:00+00:00,finished,5,1-1,Manchester United,Youri Tielemans,M,90,7.1,88,0,0,0.0858,0.204515,1,0,1,74,67,3,1,2,1,1,0,4,5,0,2,3,3,0,2,8,0,1,12,1,0,0,0,0,1,0,2026-09-21T05:01:34.348442+00:00
