liga,jogo,data,estado,ronda,resultado,equipa,jogador,posicao,minutes_played,rating,touches,goals,goal_assist,expected_goals,expected_assists,total_shots,shots_on_target,key_pass,total_pass,accurate_pass,total_long_balls,accurate_long_balls,total_cross,accurate_cross,total_contest,won_contest,duel_won,duel_lost,aerial_won,aerial_lost,total_tackle,won_tackle,total_clearance,interception,ball_recovery,blocked_scoring_attempt,dispossessed,possession_lost,was_fouled,fouls,yellow_card,red_card,saves,goals_conceded,punches,atualizado_em
Italia Serie A 2026/2027,Inter - Monza,2026-08-22T16:30:00+00:00,finished,1,4-1,Monza,,,20,6.5,17,0,0,0.0331,0.00302827,1,0,0,15,12,1,0,0,0,0,0,0,1,0,0,0,0,0,0,2,0,1,4,0,0,0,0,0,0,0,2026-09-02T00:09:06.324425+00:00
Italia Serie A 2026/2027,Inter - Monza,2026-08-22T16:30:00+00:00,finished,1,4-1,Monza,,,2,,4,0,0,,6.453e-05,0,0,0,4,4,0,0,0,0,0,0,0,0,0,0,0,0,0,0,1,0,0,0,0,0,0,0,0,0,0,2026-09-02T00:09:06.324451+00:00
Italia Serie A 2026/2027,Inter - Monza,2026-08-22T16:30:00+00:00,finished,1,4-1,Monza,,,0,,0,0,0,,,0,0,0,0,0,0,0,0,0,0,0,0,0,0,0,0,0,0,0,0,0,0,0,0,0,0,0,0,0,0,2026-09-02T00:09:06.324485+00:00
Italia Serie A 2026/2027,Inter - Monza,2026-08-22T16:30:00+00:00,finished,1,4-1,Monza,Adam Bakoune,D,70,6.3,45,0,0,,0.00351586,0,0,0,21,15,6,2,1,0,1,0,3,5,0,0,1,1,0,4,11,0,1,11,2,3,0,0,0,4,0,2026-09-02T00:09:06.324389+00:00
Italia Serie A 2026/2027,Inter - Monza,2026-08-22T16:30:00+00:00,finished,1,4-1,Inter,Aleksandar Stanković,M,11,6.7,15,0,0,,0.00082557,0,0,0,13,12,1,0,0,0,0,0,0,0,0,0,0,0,2,0,0,0,0,1,0,0,0,0,0,0,0,2026-09-02T00:09:06.324247+00:00
Italia Serie A 2026/2027,Inter - Monza,2026-08-22T16:30:00+00:00,finished,1,4-1,Inter,Alessandro Bastoni,D,90,6.9,116,0,0,,0.0595945,0,0,1,103,90,6,2,1,0,1,1,4,1,2,0,1,1,1,0,12,0,0,14,0,1,0,0,0,1,0,2026-09-02T00:09:06.324086+00:00
Italia Serie A 2026/2027,Inter - Monza,2026-08-22T16:30:00+00:00,finished,1,4-1,Monza,Aljaz Strajnar,G,0,,0,0,0,,,0,0,0,0,0,0,0,0,0,0,0,0,0,0,0,0,0,0,0,0,0,0,0,0,0,0,0,0,0,0,2026-09-02T00:09:06.324469+00:00
Italia Serie A 2026/2027,Inter - Monza,2026-08-22T16:30:00+00:00,finished,1,4-1,Monza,Andrea Carboni,D,90,5.7,45,0,0,,0.11522,0,0,1,33,25,1,0,1,1,0,0,1,2,1,1,0,0,0,1,3,0,0,13,0,1,0,0,0,4,0,2026-09-02T00:09:06.324337+00:00
Italia Serie A 2026/2027,Inter - Monza,2026-08-22T16:30:00+00:00,finished,1,4-1,Monza,Andrea Colpani,F,70,6.4,25,0,0,,0.0100244,0,0,0,11,8,1,0,2,1,3,1,2,4,0,1,0,0,0,2,1,0,1,10,1,0,0,0,0,4,0,2026-09-02T00:09:06.324399+00:00
Italia Serie A 2026/2027,Inter - Monza,2026-08-22T16:30:00+00:00,finished,1,4-1,Inter,Andy Diouf,M,75,7.6,41,0,2,,0.33947,0,0,3,35,33,0,0,0,0,2,1,2,3,0,0,1,0,0,0,1,0,1,5,0,1,0,0,0,1,0,2026-09-02T00:09:06.324174+00:00
Italia Serie A 2026/2027,Inter - Monza,2026-08-22T16:30:00+00:00,finished,1,4-1,Inter,Ange-Yoan Bonny,F,36,6.7,30,0,0,0.0662,0.0124908,1,0,0,19,17,0,0,2,0,0,0,5,0,1,0,3,2,1,1,0,1,0,6,1,0,0,0,0,0,0,2026-09-02T00:09:06.324220+00:00
Italia Serie A 2026/2027,Inter - Monza,2026-08-22T16:30:00+00:00,finished,1,4-1,Inter,Benjamin Pavard,D,0,,0,0,0,,,0,0,0,0,0,0,0,0,0,0,0,0,0,0,0,0,0,0,0,0,0,0,0,0,0,0,0,0,0,0,2026-09-02T00:09:06.324300+00:00
Italia Serie A 2026/2027,Inter - Monza,2026-08-22T16:30:00+00:00,finished,1,4-1,Inter,Carlos Augusto,D,0,,0,0,0,,,0,0,0,0,0,0,0,0,0,0,0,0,0,0,0,0,0,0,0,0,0,0,0,0,0,0,0,0,0,0,2026-09-02T00:09:06.324292+00:00
Italia Serie A 2026/2027,Inter - Monza,2026-08-22T16:30:00+00:00,finished,1,4-1,Monza,Eddy Kouadio,D,90,5.4,43,0,0,,0.00110043,0,0,0,28,23,6,2,0,0,0,0,2,2,0,0,2,1,1,7,3,0,0,6,0,2,1,0,0,4,0,2026-09-02T00:09:06.324328+00:00
Italia Serie A 2026/2027,Inter - Monza,2026-08-22T16:30:00+00:00,finished,1,4-1,Inter,Federico Dimarco,M,90,6.8,85,0,0,0.0288,0.0695166,1,1,2,61,51,2,2,9,3,1,1,3,4,0,1,1,1,0,1,2,0,1,17,1,1,0,0,0,1,0,2026-09-02T00:09:06.324136+00:00
Italia Serie A 2026/2027,Inter - Monza,2026-08-22T16:30:00+00:00,finished,1,4-1,Monza,Gustavo Varela,F,83,7.1,23,1,0,0.5423,0.0016444,3,1,0,11,10,0,0,0,0,2,0,1,8,1,5,0,0,1,0,1,0,0,6,0,1,0,0,0,4,0,2026-09-02T00:09:06.324380+00:00
Italia Serie A 2026/2027,Inter - Monza,2026-08-22T16:30:00+00:00,finished,1,4-1,Inter,Hakan Çalhanoğlu,M,54,8.0,68,1,0,0.0149,0.0220398,1,1,1,60,56,5,5,1,0,0,0,1,1,0,0,1,0,0,1,7,0,0,5,0,1,1,0,0,1,0,2026-09-02T00:09:06.324193+00:00
Italia Serie A 2026/2027,Inter - Monza,2026-08-22T16:30:00+00:00,finished,1,4-1,Inter,Ivan Provedel,G,0,,0,0,0,,,0,0,0,0,0,0,0,0,0,0,0,0,0,0,0,0,0,0,0,0,0,0,0,0,0,0,0,0,0,0,2026-09-02T00:09:06.324274+00:00
Italia Serie A 2026/2027,Inter - Monza,2026-08-22T16:30:00+00:00,finished,1,4-1,Inter,Jamal Iddrissou,F,0,,0,0,0,,,0,0,0,0,0,0,0,0,0,0,0,0,0,0,0,0,0,0,0,0,0,0,0,0,0,0,0,0,0,0,2026-09-02T00:09:06.324257+00:00
Italia Serie A 2026/2027,Inter - Monza,2026-08-22T16:30:00+00:00,finished,1,4-1,Monza,Jay Robinson,F,11,6.5,3,0,0,,0.00175525,0,0,0,1,1,0,0,0,0,1,0,1,1,0,0,1,0,0,0,1,0,0,1,0,0,0,0,0,0,0,2026-09-02T00:09:06.324442+00:00
Italia Serie A 2026/2027,Inter - Monza,2026-08-22T16:30:00+00:00,finished,1,4-1,Inter,John Stones,D,15,6.6,13,0,0,,0.00054592,0,0,0,12,9,0,0,0,0,0,0,0,0,0,0,0,0,1,0,0,0,0,3,0,0,0,0,0,0,0,2026-09-02T00:09:06.324230+00:00
Italia Serie A 2026/2027,Inter - Monza,2026-08-22T16:30:00+00:00,finished,1,4-1,Inter,Josep Martínez,G,90,7.1,64,0,0,,0.00167682,0,0,0,57,52,13,9,0,0,0,0,0,0,0,0,0,0,1,0,7,0,0,6,0,0,0,0,2,1,0,2026-09-02T00:09:06.324028+00:00
Italia Serie A 2026/2027,Inter - Monza,2026-08-22T16:30:00+00:00,finished,1,4-1,Inter,Lautaro Martínez,F,54,6.1,33,0,0,,0.0112832,0,0,0,25,17,2,0,0,0,2,0,2,5,0,0,0,0,0,0,1,0,2,12,2,1,1,0,0,1,0,2026-09-02T00:09:06.324203+00:00
Italia Serie A 2026/2027,Inter - Monza,2026-08-22T16:30:00+00:00,finished,1,4-1,Inter,Leonardo Bovio,D,0,,0,0,0,,,0,0,0,0,0,0,0,0,0,0,0,0,0,0,0,0,0,0,0,0,0,0,0,0,0,0,0,0,0,0,2026-09-02T00:09:06.324283+00:00
Italia Serie A 2026/2027,Inter - Monza,2026-08-22T16:30:00+00:00,finished,1,4-1,Monza,Lorenzo Lucchesi,D,88,5.8,44,0,0,,0.00132062,0,0,0,31,30,2,1,0,0,0,0,3,6,1,1,2,1,4,4,3,0,1,2,0,4,1,0,0,4,0,2026-09-02T00:09:06.324371+00:00
Italia Serie A 2026/2027,Inter - Monza,2026-08-22T16:30:00+00:00,finished,1,4-1,Inter,Luís Henrique,M,15,6.8,17,0,0,,0.00746787,0,0,0,10,10,0,0,1,0,0,0,1,1,0,0,1,1,0,1,3,0,1,2,0,0,0,0,0,0,0,2026-09-02T00:09:06.324239+00:00
Italia Serie A 2026/2027,Inter - Monza,2026-08-22T16:30:00+00:00,finished,1,4-1,Monza,Manga Foe Ondoa,M,90,6.4,37,0,0,,0.0140258,0,0,1,30,27,1,1,0,0,1,1,2,2,1,0,0,0,0,3,7,0,0,6,0,2,0,0,0,4,0,2026-09-02T00:09:06.324345+00:00
Italia Serie A 2026/2027,Inter - Monza,2026-08-22T16:30:00+00:00,finished,1,4-1,Inter,Manuel Akanji,D,75,6.8,73,0,0,0.0564,0.0113555,1,0,1,62,58,2,1,0,0,0,0,4,0,4,0,0,0,6,3,2,0,0,4,0,0,0,0,0,1,0,2026-09-02T00:09:06.324184+00:00
Italia Serie A 2026/2027,Inter - Monza,2026-08-22T16:30:00+00:00,finished,1,4-1,Inter,Marcus Thuram,F,0,,0,0,0,,,0,0,0,0,0,0,0,0,0,0,0,0,0,0,0,0,0,0,0,0,0,0,0,0,0,0,0,0,0,0,2026-09-02T00:09:06.324309+00:00
Italia Serie A 2026/2027,Inter - Monza,2026-08-22T16:30:00+00:00,finished,1,4-1,Monza,Mathis Mout,M,70,6.8,45,0,1,0.0302,0.0160998,1,0,1,35,25,11,4,0,0,0,0,3,1,0,0,3,2,2,2,6,1,0,11,0,0,0,0,0,4,0,2026-09-02T00:09:06.324408+00:00
Italia Serie A 2026/2027,Inter - Monza,2026-08-22T16:30:00+00:00,finished,1,4-1,Inter,Nicolò Barella,M,90,6.8,60,0,0,0.051,0.0268279,2,0,0,51,47,4,3,0,0,0,0,2,2,0,0,0,0,0,0,0,0,1,8,2,0,0,0,0,1,0,2026-09-02T00:09:06.324095+00:00
Italia Serie A 2026/2027,Inter - Monza,2026-08-22T16:30:00+00:00,finished,1,4-1,Monza,Omari Forson,M,20,6.6,14,0,0,,0.00839538,0,0,1,10,9,1,1,2,0,1,1,1,0,0,0,0,0,0,0,1,0,0,4,0,0,0,0,0,0,0,2026-09-02T00:09:06.324417+00:00
Italia Serie A 2026/2027,Inter - Monza,2026-08-22T16:30:00+00:00,finished,1,4-1,Monza,Patrick Cutrone,F,20,6.6,6,0,0,,0.0327528,0,0,1,5,5,0,0,1,1,0,0,0,0,0,0,0,0,0,0,0,0,0,0,0,0,0,0,0,0,0,2026-09-02T00:09:06.324434+00:00
Italia Serie A 2026/2027,Inter - Monza,2026-08-22T16:30:00+00:00,finished,1,4-1,Inter,Petar Sučić,M,36,7.4,32,0,0,,0.11505,0,0,0,29,26,1,1,0,0,0,0,2,1,0,1,1,1,0,0,3,0,0,4,1,0,0,0,0,0,0,2026-09-02T00:09:06.324211+00:00
Italia Serie A 2026/2027,Inter - Monza,2026-08-22T16:30:00+00:00,finished,1,4-1,Inter,Pio Esposito,F,90,7.7,58,1,1,0.7842,0.0243642,5,1,2,42,30,1,1,0,0,1,0,6,2,1,1,1,1,0,0,3,2,0,15,4,0,0,0,0,1,0,2026-09-02T00:09:06.324153+00:00
Italia Serie A 2026/2027,Inter - Monza,2026-08-22T16:30:00+00:00,finished,1,4-1,Inter,Piotr Zieliński,M,83,7.8,68,1,0,0.0633,0.0186915,1,1,0,64,56,2,2,0,0,0,0,1,1,0,0,0,0,1,0,5,0,0,9,1,0,0,0,0,1,0,2026-09-02T00:09:06.324164+00:00
Italia Serie A 2026/2027,Inter - Monza,2026-08-22T16:30:00+00:00,finished,1,4-1,Inter,Raffaele Di Gennaro,G,0,,0,0,0,,,0,0,0,0,0,0,0,0,0,0,0,0,0,0,0,0,0,0,0,0,0,0,0,0,0,0,0,0,0,0,2026-09-02T00:09:06.324266+00:00
Italia Serie A 2026/2027,Inter - Monza,2026-08-22T16:30:00+00:00,finished,1,4-1,Monza,Ricardo Mangas,D,90,6.5,26,0,0,0.2492,0.0054693,1,1,0,17,12,1,1,0,0,0,0,1,2,0,1,0,0,1,1,2,0,1,10,1,0,0,0,0,4,0,2026-09-02T00:09:06.324363+00:00
Italia Serie A 2026/2027,Inter - Monza,2026-08-22T16:30:00+00:00,finished,1,4-1,Monza,Samuele Birindelli,M,90,6.3,31,0,0,0.2377,0.0190865,1,1,0,15,11,1,0,1,0,0,0,2,1,0,0,1,0,0,0,1,0,0,9,1,1,0,0,0,4,0,2026-09-02T00:09:06.324354+00:00
Italia Serie A 2026/2027,Inter - Monza,2026-08-22T16:30:00+00:00,finished,1,4-1,Monza,Semuel Pizzignacco,G,90,4.0,33,0,0,,0.00034827,0,0,0,23,13,15,5,0,0,0,0,0,0,0,0,0,0,3,0,9,0,0,10,0,0,0,0,1,4,1,2026-09-02T00:09:06.324319+00:00
Italia Serie A 2026/2027,Inter - Monza,2026-08-22T16:30:00+00:00,finished,1,4-1,Monza,Solomon Loubao,M,0,,0,0,0,,,0,0,0,0,0,0,0,0,0,0,0,0,0,0,0,0,0,0,0,0,0,0,0,0,0,0,0,0,0,0,2026-09-02T00:09:06.324460+00:00
Italia Serie A 2026/2027,Inter - Monza,2026-08-22T16:30:00+00:00,finished,1,4-1,Monza,Valentin Antov,D,0,,0,0,0,,,0,0,0,0,0,0,0,0,0,0,0,0,0,0,0,0,0,0,0,0,0,0,0,0,0,0,0,0,0,0,2026-09-02T00:09:06.324477+00:00
Italia Serie A 2026/2027,Inter - Monza,2026-08-22T16:30:00+00:00,finished,1,4-1,Inter,Yann Bisseck,D,90,7.9,77,1,0,0.0941,0.0142978,1,1,1,66,64,2,2,0,0,0,0,2,1,1,1,1,1,3,1,7,0,0,2,0,0,0,0,0,1,0,2026-09-02T00:09:06.324072+00:00
Italia Serie A 2026/2027,Udinese - Como,2026-08-22T16:30:00+00:00,finished,1,1-1,Como,Adrian Lahdo,M,0,,0,0,0,,,0,0,0,0,0,0,0,0,0,0,0,0,0,0,0,0,0,0,0,0,0,0,0,0,0,0,0,0,0,0,2026-09-01T10:43:17.472781+00:00
Italia Serie A 2026/2027,Udinese - Como,2026-08-22T16:30:00+00:00,finished,1,1-1,Como,Alberto Dossena,D,0,,0,0,0,,,0,0,0,0,0,0,0,0,0,0,0,0,0,0,0,0,0,0,0,0,0,0,0,0,0,0,0,0,0,0,2026-09-01T10:43:17.472750+00:00
Italia Serie A 2026/2027,Udinese - Como,2026-08-22T16:30:00+00:00,finished,1,1-1,Como,Anastasios Douvikas,F,96,6.5,21,1,0,0.8232,0.0180372,4,3,0,9,6,0,0,0,0,0,0,2,7,1,4,0,0,1,0,0,1,1,8,1,1,0,0,0,1,0,2026-09-01T10:43:17.472500+00:00
Italia Serie A 2026/2027,Udinese - Como,2026-08-22T16:30:00+00:00,finished,1,1-1,Como,Assane Diao,M,51,6.5,22,0,0,0.0442,0.126311,2,0,2,11,8,0,0,1,0,5,1,1,5,0,1,0,0,0,0,2,0,0,8,0,0,0,0,0,0,0,2026-09-01T10:43:17.472645+00:00
Italia Serie A 2026/2027,Udinese - Como,2026-08-22T16:30:00+00:00,finished,1,1-1,Udinese,Branimir Mlačić,D,0,,0,0,0,,,0,0,0,0,0,0,0,0,0,0,0,0,0,0,0,0,0,0,0,0,0,0,0,0,0,0,0,0,0,0,2026-09-01T10:43:17.472950+00:00
Italia Serie A 2026/2027,Udinese - Como,2026-08-22T16:30:00+00:00,finished,1,1-1,Udinese,Daniele Padelli,G,0,,0,0,0,,,0,0,0,0,0,0,0,0,0,0,0,0,0,0,0,0,0,0,0,0,0,0,0,0,0,0,0,0,0,0,2026-09-01T10:43:17.472933+00:00
Italia Serie A 2026/2027,Udinese - Como,2026-08-22T16:30:00+00:00,finished,1,1-1,Udinese,David Pejičić,M,0,,0,0,0,,,0,0,0,0,0,0,0,0,0,0,0,0,0,0,0,0,0,0,0,0,0,0,0,0,0,0,0,0,0,0,2026-09-01T10:43:17.472975+00:00
Italia Serie A 2026/2027,Udinese - Como,2026-08-22T16:30:00+00:00,finished,1,1-1,Como,Edoardo Goldaniga,D,0,,0,0,0,,,0,0,0,0,0,0,0,0,0,0,0,0,0,0,0,0,0,0,0,0,0,0,0,0,0,0,0,0,0,0,2026-09-01T10:43:17.472759+00:00
Italia Serie A 2026/2027,Udinese - Como,2026-08-22T16:30:00+00:00,finished,1,1-1,Udinese,Edoardo Piana,G,0,,0,0,0,,,0,0,0,0,0,0,0,0,0,0,0,0,0,0,0,0,0,0,0,0,0,0,0,0,0,0,0,0,0,0,2026-09-01T10:43:17.472942+00:00
Italia Serie A 2026/2027,Udinese - Como,2026-08-22T16:30:00+00:00,finished,1,1-1,Como,Emil Audero,G,0,,0,0,0,,,0,0,0,0,0,0,0,0,0,0,0,0,0,0,0,0,0,0,0,0,0,0,0,0,0,0,0,0,0,0,2026-09-01T10:43:17.472742+00:00
Italia Serie A 2026/2027,Udinese - Como,2026-08-22T16:30:00+00:00,finished,1,1-1,Udinese,Enzo Ebosse,D,51,6.6,49,0,0,,0.0257971,0,0,1,41,31,9,4,1,1,0,0,2,2,1,1,1,0,2,1,1,0,1,11,0,0,0,0,0,1,0,2026-09-01T10:43:17.472884+00:00
Italia Serie A 2026/2027,Udinese - Como,2026-08-22T16:30:00+00:00,finished,1,1-1,Udinese,Giulio Vinciati,F,0,,0,0,0,,,0,0,0,0,0,0,0,0,0,0,0,0,0,0,0,0,0,0,0,0,0,0,0,0,0,0,0,0,0,0,2026-09-01T10:43:17.472990+00:00
Italia Serie A 2026/2027,Udinese - Como,2026-08-22T16:30:00+00:00,finished,1,1-1,Udinese,Hassane Kamara,M,96,7.8,62,1,0,0.5822,0.0246608,3,2,0,36,25,5,1,3,0,0,0,3,3,0,0,3,2,2,2,4,0,2,17,0,1,0,0,0,1,0,2026-09-01T10:43:17.472825+00:00
Italia Serie A 2026/2027,Udinese - Como,2026-08-22T16:30:00+00:00,finished,1,1-1,Udinese,Idrissa Gueye,F,72,6.3,27,0,0,0.3655,0.0222749,3,0,2,17,13,0,0,0,0,1,0,6,7,6,4,0,0,1,0,2,0,1,10,0,1,0,0,0,1,0,2026-09-01T10:43:17.472868+00:00
Italia Serie A 2026/2027,Udinese - Como,2026-08-22T16:30:00+00:00,finished,1,1-1,Como,Ivan Smolčić,D,7,,11,0,0,,0.00064403,0,0,0,9,7,2,0,0,0,0,0,0,1,0,0,0,0,1,1,0,0,0,2,0,1,0,0,0,0,0,2026-09-01T10:43:17.472697+00:00
Italia Serie A 2026/2027,Udinese - Como,2026-08-22T16:30:00+00:00,finished,1,1-1,Como,Jacobo Ramón,D,96,6.8,91,0,0,0.2523,0.0236663,1,0,1,77,70,3,1,1,0,2,1,7,2,3,1,2,2,2,0,6,0,0,11,1,0,0,0,0,1,0,2026-09-01T10:43:17.472570+00:00
Italia Serie A 2026/2027,Udinese - Como,2026-08-22T16:30:00+00:00,finished,1,1-1,Udinese,Jakub Piotrowski,M,71,6.7,41,0,0,0.014,0.0193052,1,0,1,30,29,1,1,0,0,1,0,3,4,0,1,0,0,2,0,2,0,0,5,3,1,1,0,0,1,0,2026-09-01T10:43:17.472876+00:00
Italia Serie A 2026/2027,Udinese - Como,2026-08-22T16:30:00+00:00,finished,1,1-1,Udinese,James Abankwah,D,96,6.9,48,0,0,,0.127424,0,0,0,37,32,6,3,0,0,0,0,3,3,1,1,2,2,3,0,4,0,0,7,0,1,1,0,0,1,0,2026-09-01T10:43:17.472816+00:00
Italia Serie A 2026/2027,Udinese - Como,2026-08-22T16:30:00+00:00,finished,1,1-1,Como,Jean Butez,G,96,7.0,40,0,0,,0.00550735,0,0,1,31,23,13,5,0,0,1,1,1,0,0,0,0,0,2,0,9,0,0,8,0,0,0,0,2,1,0,2026-09-01T10:43:17.472551+00:00
Italia Serie A 2026/2027,Udinese - Como,2026-08-22T16:30:00+00:00,finished,1,1-1,Udinese,Jesper Karlström,M,96,7.1,41,0,0,,0.0304802,0,0,2,33,28,4,2,0,0,0,0,2,3,0,0,2,2,2,0,4,0,0,6,0,1,0,0,0,1,0,2026-09-01T10:43:17.472842+00:00
Italia Serie A 2026/2027,Udinese - Como,2026-08-22T16:30:00+00:00,finished,1,1-1,Como,Jesús Rodriguez,M,71,6.2,30,0,0,0.0996,0.0117964,2,0,0,10,8,1,0,2,0,4,1,1,6,0,1,0,0,0,0,0,1,1,15,0,1,0,0,0,1,0,2026-09-01T10:43:17.472627+00:00
Italia Serie A 2026/2027,Udinese - Como,2026-08-22T16:30:00+00:00,finished,1,1-1,Udinese,Juan Arizala,M,0,,0,0,0,,,0,0,0,0,0,0,0,0,0,0,0,0,0,0,0,0,0,0,0,0,0,0,0,0,0,0,0,0,0,0,2026-09-01T10:43:17.472998+00:00
Italia Serie A 2026/2027,Udinese - Como,2026-08-22T16:30:00+00:00,finished,1,1-1,Udinese,Jürgen Ekkelenkamp,M,85,7.2,51,0,1,0.0252,0.151467,1,0,1,29,21,1,1,1,0,4,1,6,5,1,0,4,3,0,3,4,0,1,14,0,0,0,0,0,1,0,2026-09-01T10:43:17.472859+00:00
Italia Serie A 2026/2027,Udinese - Como,2026-08-22T16:30:00+00:00,finished,1,1-1,Como,Kaiki,D,0,,0,0,0,,,0,0,0,0,0,0,0,0,0,0,0,0,0,0,0,0,0,0,0,0,0,0,0,0,0,0,0,0,0,0,2026-09-01T10:43:17.472773+00:00
Italia Serie A 2026/2027,Udinese - Como,2026-08-22T16:30:00+00:00,finished,1,1-1,Udinese,Lennon Miller,M,25,6.6,11,0,0,0.0348,0.0132516,1,1,0,8,8,0,0,0,0,1,1,1,3,0,0,0,0,1,0,1,0,0,0,0,2,0,0,0,0,0,2026-09-01T10:43:17.472901+00:00
Italia Serie A 2026/2027,Udinese - Como,2026-08-22T16:30:00+00:00,finished,1,1-1,Como,Lucas Da Cunha,M,51,6.9,56,0,0,,0.0292906,0,0,1,51,49,3,3,1,0,0,0,2,3,0,1,1,1,0,0,5,0,0,4,1,1,0,0,0,0,0,2026-09-01T10:43:17.472636+00:00
Italia Serie A 2026/2027,Udinese - Como,2026-08-22T16:30:00+00:00,finished,1,1-1,Como,Luis Milla,M,96,7.3,103,0,0,,0.270149,0,0,5,79,69,3,1,10,4,2,2,7,2,0,0,2,0,2,3,6,0,0,16,3,0,0,0,0,1,0,2026-09-01T10:43:17.472600+00:00
Italia Serie A 2026/2027,Udinese - Como,2026-08-22T16:30:00+00:00,finished,1,1-1,Udinese,Maduka Okoye,G,96,7.8,41,0,0,,0.00033332,0,0,0,26,17,11,2,0,0,0,0,0,0,0,0,0,0,0,0,12,0,0,9,0,0,0,0,5,1,0,2026-09-01T10:43:17.472808+00:00
Italia Serie A 2026/2027,Udinese - Como,2026-08-22T16:30:00+00:00,finished,1,1-1,Como,Marc Kempf,D,0,,0,0,0,,,0,0,0,0,0,0,0,0,0,0,0,0,0,0,0,0,0,0,0,0,0,0,0,0,0,0,0,0,0,0,2026-09-01T10:43:17.472766+00:00
Italia Serie A 2026/2027,Udinese - Como,2026-08-22T16:30:00+00:00,finished,1,1-1,Como,Martin Baturina,M,45,6.6,26,0,0,0.0414,0.0369285,1,0,0,19,16,1,0,0,0,0,0,2,2,0,0,1,0,0,0,2,1,1,6,1,0,0,0,0,1,0,2026-09-01T10:43:17.472662+00:00
Italia Serie A 2026/2027,Udinese - Como,2026-08-22T16:30:00+00:00,finished,1,1-1,Udinese,Matteo Palma,D,45,7.1,24,0,0,,0.0016109,0,0,0,17,15,2,1,0,0,0,0,4,0,2,0,1,1,3,0,2,0,0,2,1,0,0,0,0,0,0,2026-09-01T10:43:17.472892+00:00
Italia Serie A 2026/2027,Udinese - Como,2026-08-22T16:30:00+00:00,finished,1,1-1,Como,Mattia Liberali,F,25,6.6,20,0,0,0.0574,0.0326647,2,1,1,10,10,0,0,0,0,1,0,2,2,0,0,1,0,0,1,3,0,1,4,1,0,0,0,0,0,0,2026-09-01T10:43:17.472676+00:00
Italia Serie A 2026/2027,Udinese - Como,2026-08-22T16:30:00+00:00,finished,1,1-1,Como,Mauro Vigorito,G,0,,0,0,0,,,0,0,0,0,0,0,0,0,0,0,0,0,0,0,0,0,0,0,0,0,0,0,0,0,0,0,0,0,0,0,2026-09-01T10:43:17.472726+00:00
Italia Serie A 2026/2027,Udinese - Como,2026-08-22T16:30:00+00:00,finished,1,1-1,Como,Maxence Caqueret,M,7,,3,0,0,,8.155e-05,0,0,0,3,3,0,0,0,0,0,0,0,0,0,0,0,0,0,0,0,0,0,0,0,0,0,0,0,0,0,2026-09-01T10:43:17.472709+00:00
Italia Serie A 2026/2027,Udinese - Como,2026-08-22T16:30:00+00:00,finished,1,1-1,Como,Máximo Perrone,M,45,6.5,52,0,0,,0.00617089,0,0,0,50,47,3,1,0,0,0,0,0,1,0,0,0,0,0,0,2,0,1,4,0,0,0,0,0,1,0,2026-09-01T10:43:17.472654+00:00
Italia Serie A 2026/2027,Udinese - Como,2026-08-22T16:30:00+00:00,finished,1,1-1,Udinese,Mërgim Vojvoda,D,96,7.7,72,0,0,0.0709,0.253128,2,0,2,46,35,6,2,3,1,2,2,8,1,0,0,5,0,1,2,3,0,1,18,1,0,0,0,0,1,0,2026-09-01T10:43:17.472798+00:00
Italia Serie A 2026/2027,Udinese - Como,2026-08-22T16:30:00+00:00,finished,1,1-1,Como,Nico Paz,M,89,6.8,72,0,0,0.1373,0.0305608,4,1,1,48,43,3,2,0,0,2,0,13,9,1,0,8,3,0,0,2,2,0,8,4,5,0,0,0,1,0,2026-09-01T10:43:17.472618+00:00
Italia Serie A 2026/2027,Udinese - Como,2026-08-22T16:30:00+00:00,finished,1,1-1,Udinese,Nicolò Bertola,D,0,,0,0,0,,,0,0,0,0,0,0,0,0,0,0,0,0,0,0,0,0,0,0,0,0,0,0,0,0,0,0,0,0,0,0,2026-09-01T10:43:17.472967+00:00
Italia Serie A 2026/2027,Udinese - Como,2026-08-22T16:30:00+00:00,finished,1,1-1,Udinese,Nicolò Zaniolo,F,90,7.3,49,0,0,0.1473,0.418362,3,0,2,25,17,2,1,2,1,5,3,8,7,0,0,2,2,0,1,2,2,1,15,3,3,0,0,0,1,0,2026-09-01T10:43:17.472850+00:00
Italia Serie A 2026/2027,Udinese - Como,2026-08-22T16:30:00+00:00,finished,1,1-1,Como,Noel Törnqvist,G,0,,0,0,0,,,0,0,0,0,0,0,0,0,0,0,0,0,0,0,0,0,0,0,0,0,0,0,0,0,0,0,0,0,0,0,2026-09-01T10:43:17.472734+00:00
Italia Serie A 2026/2027,Udinese - Como,2026-08-22T16:30:00+00:00,finished,1,1-1,Udinese,Oier Zarraga,M,6,,3,0,0,,0.00100448,0,0,0,2,2,0,0,0,0,0,0,0,0,0,0,0,0,0,0,1,0,0,0,0,0,0,0,0,0,0,2026-09-01T10:43:17.472926+00:00
Italia Serie A 2026/2027,Udinese - Como,2026-08-22T16:30:00+00:00,finished,1,1-1,Udinese,Oumar Solet,D,96,6.6,63,0,0,,0.0399813,0,0,1,48,39,7,3,1,1,2,0,1,5,0,0,0,0,4,1,5,0,1,12,1,2,0,0,0,1,0,2026-09-01T10:43:17.472834+00:00
Italia Serie A 2026/2027,Udinese - Como,2026-08-22T16:30:00+00:00,finished,1,1-1,Como,Riccardo Cassano,M,0,,0,0,0,,,0,0,0,0,0,0,0,0,0,0,0,0,0,0,0,0,0,0,0,0,0,0,0,0,0,0,0,0,0,0,2026-09-01T10:43:17.472790+00:00
Italia Serie A 2026/2027,Udinese - Como,2026-08-22T16:30:00+00:00,finished,1,1-1,Udinese,Saba Goglichidze,D,0,,0,0,0,,,0,0,0,0,0,0,0,0,0,0,0,0,0,0,0,0,0,0,0,0,0,0,0,0,0,0,0,0,0,0,2026-09-01T10:43:17.472959+00:00
Italia Serie A 2026/2027,Udinese - Como,2026-08-22T16:30:00+00:00,finished,1,1-1,Udinese,Sandi Lovrić,M,0,,0,0,0,,,0,0,0,0,0,0,0,0,0,0,0,0,0,0,0,0,0,0,0,0,0,0,0,0,0,0,0,0,0,0,2026-09-01T10:43:17.472983+00:00
Italia Serie A 2026/2027,Udinese - Como,2026-08-22T16:30:00+00:00,finished,1,1-1,Como,Trevoh Chalobah,D,96,7.6,97,0,0,0.0655,0.00946321,1,1,0,81,75,3,1,0,0,1,1,6,4,3,4,2,2,5,2,3,0,0,6,0,0,0,0,0,1,0,2026-09-01T10:43:17.472581+00:00
Italia Serie A 2026/2027,Udinese - Como,2026-08-22T16:30:00+00:00,finished,1,1-1,Udinese,Unai Gómez,M,11,6.7,4,0,0,,0.00394986,0,0,0,1,1,0,0,1,1,0,0,2,1,0,0,0,0,0,0,0,0,0,0,2,1,1,0,0,0,0,2026-09-01T10:43:17.472918+00:00
Italia Serie A 2026/2027,Udinese - Como,2026-08-22T16:30:00+00:00,finished,1,1-1,Udinese,Vakoun Issouf Bayo,F,24,6.4,11,0,0,0.7362,0.00206601,2,0,0,4,3,0,0,0,0,0,0,2,2,2,1,0,0,1,0,2,0,1,4,0,0,0,0,0,0,0,2026-09-01T10:43:17.472910+00:00
Italia Serie A 2026/2027,Udinese - Como,2026-08-22T16:30:00+00:00,finished,1,1-1,Como,Yan Couto,M,89,6.4,44,0,0,0.0169,0.0333224,1,0,2,34,26,0,0,2,0,0,0,0,0,0,0,0,0,2,0,3,0,0,12,0,0,0,0,0,1,0,2026-09-01T10:43:17.472609+00:00
Italia Serie A 2026/2027,Udinese - Como,2026-08-22T16:30:00+00:00,finished,1,1-1,Como,Álex Valle,D,96,6.3,85,0,0,0.0376,0.0230888,2,0,1,60,52,1,0,1,0,1,0,2,6,0,1,1,0,2,2,6,2,2,14,1,2,0,0,0,1,0,2026-09-01T10:43:17.472590+00:00
Italia Serie A 2026/2027,Udinese - Como,2026-08-22T16:30:00+00:00,finished,1,1-1,Como,Álvaro Morata,F,0,,0,0,0,,,0,0,0,0,0,0,0,0,0,0,0,0,0,0,0,0,0,0,0,0,0,0,0,0,0,0,0,0,0,0,2026-09-01T10:43:17.472718+00:00
Italia Serie A 2026/2027,Genoa - SSC Napoli,2026-08-22T18:45:00+00:00,finished,1,0-2,Genoa,,,90,6.3,39,0,0,,0.0308609,0,0,1,22,17,1,0,4,0,1,0,0,3,0,0,0,0,4,0,4,0,1,13,0,0,0,0,0,2,0,2026-09-02T00:09:08.572503+00:00
Italia Serie A 2026/2027,Genoa - SSC Napoli,2026-08-22T18:45:00+00:00,finished,1,0-2,Genoa,,,0,,0,0,0,,,0,0,0,0,0,0,0,0,0,0,0,0,0,0,0,0,0,0,0,0,0,0,0,0,0,0,0,0,0,0,2026-09-02T00:09:08.572659+00:00
Italia Serie A 2026/2027,Genoa - SSC Napoli,2026-08-22T18:45:00+00:00,finished,1,0-2,Genoa,,,0,,0,0,0,,,0,0,0,0,0,0,0,0,0,0,0,0,0,0,0,0,0,0,0,0,0,0,0,0,0,0,0,0,0,0,2026-09-02T00:09:08.572673+00:00
Italia Serie A 2026/2027,Genoa - SSC Napoli,2026-08-22T18:45:00+00:00,finished,1,0-2,SSC Napoli,,,0,,0,0,0,,,0,0,0,0,0,0,0,0,0,0,0,0,0,0,0,0,0,0,0,0,0,0,0,0,0,0,0,0,0,0,2026-09-02T00:09:08.573014+00:00
Italia Serie A 2026/2027,Genoa - SSC Napoli,2026-08-22T18:45:00+00:00,finished,1,0-2,Genoa,Adam Zulevic,F,9,6.4,1,0,0,,,0,0,0,1,1,0,0,0,0,0,0,0,1,0,1,0,0,0,0,0,0,0,0,0,1,0,0,0,1,0,2026-09-02T00:09:08.572643+00:00
Italia Serie A 2026/2027,Genoa - SSC Napoli,2026-08-22T18:45:00+00:00,finished,1,0-2,Genoa,Alessandro Marcandalli,D,90,6.8,60,0,0,,0.00776591,0,0,0,48,44,1,1,1,0,1,1,3,0,0,0,2,2,1,0,3,0,0,6,0,0,0,0,0,2,0,2026-09-02T00:09:08.572460+00:00
Italia Serie A 2026/2027,Genoa - SSC Napoli,2026-08-22T18:45:00+00:00,finished,1,0-2,SSC Napoli,Alex Meret,G,90,7.2,45,0,0,,0.00102625,0,0,0,39,32,17,10,0,0,0,0,1,0,1,0,0,0,1,0,8,0,0,7,1,0,0,0,2,0,1,2026-09-02T00:09:08.572758+00:00
Italia Serie A 2026/2027,Genoa - SSC Napoli,2026-08-22T18:45:00+00:00,finished,1,0-2,Genoa,Alexsandro Amorim,M,75,7.1,66,0,0,0.0191,0.0350178,1,1,1,46,43,6,4,5,0,1,0,5,4,1,0,3,2,1,1,4,0,2,13,1,1,0,0,0,0,0,2026-09-02T00:09:08.572574+00:00
Italia Serie A 2026/2027,Genoa - SSC Napoli,2026-08-22T18:45:00+00:00,finished,1,0-2,SSC Napoli,Alisson Santos,F,66,6.5,31,0,0,0.0593,0.135862,3,0,0,16,12,0,0,8,0,0,0,0,0,0,0,0,0,2,0,0,1,0,13,0,0,0,0,0,0,0,2026-09-02T00:09:08.572928+00:00
Italia Serie A 2026/2027,Genoa - SSC Napoli,2026-08-22T18:45:00+00:00,finished,1,0-2,SSC Napoli,Amir Rrahmani,D,90,8.3,103,0,0,0.0247,0.030146,2,0,0,77,67,6,3,0,0,0,0,13,1,8,1,5,4,12,1,2,1,0,11,0,0,0,0,0,0,0,2026-09-02T00:09:08.572800+00:00
Italia Serie A 2026/2027,Genoa - SSC Napoli,2026-08-22T18:45:00+00:00,finished,1,0-2,SSC Napoli,Antonio Vergara,F,23,8.2,24,1,1,0.1746,0.249766,2,1,1,10,9,2,1,0,0,0,0,6,0,0,0,4,2,0,1,4,1,0,5,2,0,0,0,0,0,0,2026-09-02T00:09:08.572968+00:00
Italia Serie A 2026/2027,Genoa - SSC Napoli,2026-08-22T18:45:00+00:00,finished,1,0-2,SSC Napoli,Billy Gilmour,M,0,,0,0,0,,,0,0,0,0,0,0,0,0,0,0,0,0,0,0,0,0,0,0,0,0,0,0,0,0,0,0,0,0,0,0,2026-09-02T00:09:08.573055+00:00
Italia Serie A 2026/2027,Genoa - SSC Napoli,2026-08-22T18:45:00+00:00,finished,1,0-2,SSC Napoli,Costantino Favasuli,M,0,,0,0,0,,,0,0,0,0,0,0,0,0,0,0,0,0,0,0,0,0,0,0,0,0,0,0,0,0,0,0,0,0,0,0,2026-09-02T00:09:08.573030+00:00
Italia Serie A 2026/2027,Genoa - SSC Napoli,2026-08-22T18:45:00+00:00,finished,1,0-2,Genoa,Daniele Sommariva,G,0,,0,0,0,,,0,0,0,0,0,0,0,0,0,0,0,0,0,0,0,0,0,0,0,0,0,0,0,0,0,0,0,0,0,0,2026-09-02T00:09:08.572737+00:00
Italia Serie A 2026/2027,Genoa - SSC Napoli,2026-08-22T18:45:00+00:00,finished,1,0-2,SSC Napoli,David Neres,F,0,,0,0,0,,,0,0,0,0,0,0,0,0,0,0,0,0,0,0,0,0,0,0,0,0,0,0,0,0,0,0,0,0,0,0,2026-09-02T00:09:08.573047+00:00
Italia Serie A 2026/2027,Genoa - SSC Napoli,2026-08-22T18:45:00+00:00,finished,1,0-2,Genoa,David Puczka,D,0,,0,0,0,,,0,0,0,0,0,0,0,0,0,0,0,0,0,0,0,0,0,0,0,0,0,0,0,0,0,0,0,0,0,0,2026-09-02T00:09:08.572667+00:00
Italia Serie A 2026/2027,Genoa - SSC Napoli,2026-08-22T18:45:00+00:00,finished,1,0-2,Genoa,Djibril Sow,M,15,6.4,9,0,0,0.0512,0.107637,1,0,0,7,6,0,0,1,1,0,0,0,1,0,0,0,0,0,0,1,0,0,1,0,0,0,0,0,2,0,2026-09-02T00:09:08.572635+00:00
Italia Serie A 2026/2027,Genoa - SSC Napoli,2026-08-22T18:45:00+00:00,finished,1,0-2,SSC Napoli,Frank Anguissa,M,67,6.5,38,0,0,,0.0618875,0,0,1,31,27,1,0,0,0,2,0,3,4,0,0,2,2,0,0,6,0,0,7,1,2,0,0,0,0,0,2026-09-02T00:09:08.572910+00:00
Italia Serie A 2026/2027,Genoa - SSC Napoli,2026-08-22T18:45:00+00:00,finished,1,0-2,Genoa,Franz Stolz,G,0,,0,0,0,,,0,0,0,0,0,0,0,0,0,0,0,0,0,0,0,0,0,0,0,0,0,0,0,0,0,0,0,0,0,0,2026-09-02T00:09:08.572651+00:00
Italia Serie A 2026/2027,Genoa - SSC Napoli,2026-08-22T18:45:00+00:00,finished,1,0-2,Genoa,Franz-Ethan Meichtry,M,16,6.0,5,0,0,,0.00042079,0,0,0,1,1,0,0,0,0,1,0,0,4,0,0,0,0,0,0,1,0,1,3,0,1,0,0,0,2,0,2026-09-02T00:09:08.572625+00:00
Italia Serie A 2026/2027,Genoa - SSC Napoli,2026-08-22T18:45:00+00:00,finished,1,0-2,SSC Napoli,Giovane,F,0,,0,0,0,,,0,0,0,0,0,0,0,0,0,0,0,0,0,0,0,0,0,0,0,0,0,0,0,0,0,0,0,0,0,0,2026-09-02T00:09:08.573039+00:00
Italia Serie A 2026/2027,Genoa - SSC Napoli,2026-08-22T18:45:00+00:00,finished,1,0-2,SSC Napoli,Giovanni Di Lorenzo,D,90,7.6,78,0,0,,0.143906,0,0,0,50,47,1,0,3,0,0,0,5,1,2,0,3,2,2,0,2,0,0,10,1,0,0,0,0,0,0,2026-09-02T00:09:08.572778+00:00
Italia Serie A 2026/2027,Genoa - SSC Napoli,2026-08-22T18:45:00+00:00,finished,1,0-2,Genoa,Johan Vásquez,D,87,5.9,80,0,0,,0.0431806,0,0,0,68,58,6,0,1,0,0,0,3,2,1,0,1,0,6,0,9,0,0,12,1,2,0,0,0,2,0,2026-09-02T00:09:08.572564+00:00
Italia Serie A 2026/2027,Genoa - SSC Napoli,2026-08-22T18:45:00+00:00,finished,1,0-2,Genoa,Junior Messias,F,24,7.4,14,0,0,,0.00018249,0,0,1,4,3,0,0,0,0,2,2,6,0,0,0,3,2,2,0,1,0,0,1,1,0,0,0,0,2,0,2026-09-02T00:09:08.572617+00:00
Italia Serie A 2026/2027,Genoa - SSC Napoli,2026-08-22T18:45:00+00:00,finished,1,0-2,Genoa,Justin Bijlow,G,90,6.8,52,0,0,,0.00565024,0,0,0,44,32,20,8,0,0,0,0,0,0,0,0,0,0,1,0,5,0,0,13,0,0,0,0,2,2,1,2026-09-02T00:09:08.572482+00:00
Italia Serie A 2026/2027,Genoa - SSC Napoli,2026-08-22T18:45:00+00:00,finished,1,0-2,SSC Napoli,Kevin De Bruyne,M,23,8.2,33,1,1,0.2672,0.085618,1,1,2,24,19,2,1,2,0,0,0,2,0,0,0,2,1,0,0,3,0,0,8,0,0,0,0,0,0,0,2026-09-02T00:09:08.572959+00:00
Italia Serie A 2026/2027,Genoa - SSC Napoli,2026-08-22T18:45:00+00:00,finished,1,0-2,Genoa,Leo Østigård,D,66,7.1,62,0,0,,0.00415338,0,0,1,52,48,3,0,0,0,0,0,4,5,2,4,2,2,3,2,0,0,0,5,0,2,1,0,0,0,0,2026-09-02T00:09:08.572600+00:00
Italia Serie A 2026/2027,Genoa - SSC Napoli,2026-08-22T18:45:00+00:00,finished,1,0-2,SSC Napoli,Leonardo Spinazzola,D,90,6.9,72,0,0,0.0688,0.163761,2,1,1,55,52,0,0,1,1,0,0,0,3,0,0,0,0,0,1,1,1,2,7,0,0,0,0,0,0,0,2026-09-02T00:09:08.572817+00:00
Italia Serie A 2026/2027,Genoa - SSC Napoli,2026-08-22T18:45:00+00:00,finished,1,0-2,Genoa,Lorenzo Colombo,F,74,6.4,17,0,0,,0.010559,0,0,1,9,8,2,1,0,0,1,1,3,7,0,5,0,0,1,0,0,0,1,4,2,1,0,0,0,0,0,2026-09-02T00:09:08.572584+00:00
Italia Serie A 2026/2027,Genoa - SSC Napoli,2026-08-22T18:45:00+00:00,finished,1,0-2,SSC Napoli,Lorenzo Lucca,F,12,6.4,3,0,0,,0.00040481,0,0,0,1,1,0,0,0,0,0,0,0,2,0,1,0,0,0,1,1,0,1,1,0,0,0,0,0,0,0,2026-09-02T00:09:08.572978+00:00
Italia Serie A 2026/2027,Genoa - SSC Napoli,2026-08-22T18:45:00+00:00,finished,1,0-2,Genoa,Mario Mitaj,D,0,,0,0,0,,,0,0,0,0,0,0,0,0,0,0,0,0,0,0,0,0,0,0,0,0,0,0,0,0,0,0,0,0,0,0,2026-09-02T00:09:08.572697+00:00
Italia Serie A 2026/2027,Genoa - SSC Napoli,2026-08-22T18:45:00+00:00,finished,1,0-2,SSC Napoli,Mathías Olivera,D,9,6.7,9,0,0,,7.991e-05,0,0,0,8,6,2,1,0,0,0,0,0,0,0,0,0,0,0,1,1,0,0,2,0,0,0,0,0,0,0,2026-09-02T00:09:08.572987+00:00
Italia Serie A 2026/2027,Genoa - SSC Napoli,2026-08-22T18:45:00+00:00,finished,1,0-2,SSC Napoli,Matteo Politano,M,67,6.5,38,0,0,,0.0520634,0,0,0,21,18,3,2,5,1,0,0,3,5,0,1,2,1,0,1,1,0,2,13,1,1,1,0,0,0,0,2026-09-02T00:09:08.572920+00:00
Italia Serie A 2026/2027,Genoa - SSC Napoli,2026-08-22T18:45:00+00:00,finished,1,0-2,Genoa,Mikael Ellertsson,M,90,6.8,48,0,0,0.0552,0.0303246,1,0,0,20,18,1,0,4,0,3,2,4,3,0,0,2,2,3,1,4,1,1,14,0,1,0,0,0,2,0,2026-09-02T00:09:08.572546+00:00
Italia Serie A 2026/2027,Genoa - SSC Napoli,2026-08-22T18:45:00+00:00,finished,1,0-2,Genoa,Morten Frendrup,M,90,7.1,61,0,0,0.0222,0.042903,1,0,1,51,49,2,2,1,1,0,0,3,1,0,0,1,1,0,1,1,0,0,3,2,1,0,0,0,2,0,2026-09-02T00:09:08.572523+00:00
Italia Serie A 2026/2027,Genoa - SSC Napoli,2026-08-22T18:45:00+00:00,finished,1,0-2,SSC Napoli,Nikita Contini,G,0,,0,0,0,,,0,0,0,0,0,0,0,0,0,0,0,0,0,0,0,0,0,0,0,0,0,0,0,0,0,0,0,0,0,0,2026-09-02T00:09:08.573005+00:00
Italia Serie A 2026/2027,Genoa - SSC Napoli,2026-08-22T18:45:00+00:00,finished,1,0-2,SSC Napoli,Noa Lang,F,24,6.5,18,0,0,,0.0245303,0,0,0,11,11,0,0,2,0,3,2,2,2,0,0,0,0,0,0,0,0,1,5,0,0,0,0,0,0,0,2026-09-02T00:09:08.572945+00:00
Italia Serie A 2026/2027,Genoa - SSC Napoli,2026-08-22T18:45:00+00:00,finished,1,0-2,SSC Napoli,Rafa Marín,D,81,7.0,49,0,0,,0.00983512,0,0,0,42,39,5,5,0,0,0,0,2,4,0,0,1,1,2,2,1,0,0,3,1,3,0,0,0,0,0,2026-09-02T00:09:08.572868+00:00
Italia Serie A 2026/2027,Genoa - SSC Napoli,2026-08-22T18:45:00+00:00,finished,1,0-2,SSC Napoli,Rasmus Højlund,F,78,6.5,18,0,0,,0.0129618,0,0,1,7,5,0,0,1,0,1,0,4,3,2,2,0,0,0,0,0,0,0,9,2,0,0,0,0,0,0,2026-09-02T00:09:08.572897+00:00
Italia Serie A 2026/2027,Genoa - SSC Napoli,2026-08-22T18:45:00+00:00,finished,1,0-2,SSC Napoli,Sam Beukema,D,0,,0,0,0,,,0,0,0,0,0,0,0,0,0,0,0,0,0,0,0,0,0,0,0,0,0,0,0,0,0,0,0,0,0,0,2026-09-02T00:09:08.573021+00:00
Italia Serie A 2026/2027,Genoa - SSC Napoli,2026-08-22T18:45:00+00:00,finished,1,0-2,Genoa,Samuel Wiafe,M,0,,0,0,0,,,0,0,0,0,0,0,0,0,0,0,0,0,0,0,0,0,0,0,0,0,0,0,0,0,0,0,0,0,0,0,2026-09-02T00:09:08.572716+00:00
Italia Serie A 2026/2027,Genoa - SSC Napoli,2026-08-22T18:45:00+00:00,finished,1,0-2,SSC Napoli,Scott McTominay,M,90,6.8,53,0,0,0.0367,0.0178541,1,1,2,34,32,1,1,1,0,4,2,3,5,1,0,0,0,3,1,3,0,1,7,0,2,0,0,0,0,0,2026-09-02T00:09:08.572846+00:00
Italia Serie A 2026/2027,Genoa - SSC Napoli,2026-08-22T18:45:00+00:00,finished,1,0-2,Genoa,Sebastian Otoa,D,24,6.0,5,0,0,,5.582e-05,0,0,0,5,3,0,0,0,0,0,0,1,0,1,0,0,0,0,0,0,0,0,2,0,0,0,0,0,2,0,2026-09-02T00:09:08.572608+00:00
Italia Serie A 2026/2027,Genoa - SSC Napoli,2026-08-22T18:45:00+00:00,finished,1,0-2,SSC Napoli,Stanislav Lobotka,M,90,7.3,83,0,0,0.1189,0.258658,2,0,1,77,74,3,2,0,0,0,0,3,3,0,0,2,0,0,0,7,2,0,3,1,0,0,0,0,0,0,2026-09-02T00:09:08.572827+00:00
Italia Serie A 2026/2027,Genoa - SSC Napoli,2026-08-22T18:45:00+00:00,finished,1,0-2,Genoa,Stefano Sabelli,M,0,,0,0,0,,,0,0,0,0,0,0,0,0,0,0,0,0,0,0,0,0,0,0,0,0,0,0,0,0,0,1,0,0,0,0,2026-09-02T00:09:08.572682+00:00
Italia Serie A 2026/2027,Genoa - SSC Napoli,2026-08-22T18:45:00+00:00,finished,1,0-2,Genoa,Tommaso Baldanzi,M,66,6.7,40,0,0,0.3295,0.0134819,4,0,0,31,28,0,0,0,0,1,1,1,1,0,0,0,0,2,0,2,4,1,4,0,0,0,0,0,0,0,2026-09-02T00:09:08.572592+00:00
Italia Serie A 2026/2027,Genoa - SSC Napoli,2026-08-22T18:45:00+00:00,finished,1,0-2,SSC Napoli,Vanja Milinković-Savić,G,0,,0,0,0,,,0,0,0,0,0,0,0,0,0,0,0,0,0,0,0,0,0,0,0,0,0,0,0,0,0,0,0,0,0,0,2026-09-02T00:09:08.572996+00:00
Italia Serie A 2026/2027,Genoa - SSC Napoli,2026-08-22T18:45:00+00:00,finished,1,0-2,Genoa,Vitinha,F,90,5.7,40,0,0,0.1774,0.0157242,3,1,0,14,11,2,1,1,0,8,0,2,16,0,4,1,1,1,0,4,0,3,18,1,0,0,0,0,2,0,2026-09-02T00:09:08.572408+00:00
Italia Serie A 2026/2027,Parma - Cagliari,2026-08-22T18:45:00+00:00,finished,1,0-1,Cagliari,,,0,,0,0,0,,,0,0,0,0,0,0,0,0,0,0,0,0,0,0,0,0,0,0,0,0,0,0,0,0,0,0,0,0,0,0,2026-09-02T00:09:06.676736+00:00
Italia Serie A 2026/2027,Parma - Cagliari,2026-08-22T18:45:00+00:00,finished,1,0-1,Parma,,,0,,0,0,0,,,0,0,0,0,0,0,0,0,0,0,0,0,0,0,0,0,0,0,0,0,0,0,0,0,0,0,0,0,0,0,2026-09-02T00:09:06.676964+00:00
Italia Serie A 2026/2027,Parma - Cagliari,2026-08-22T18:45:00+00:00,finished,1,0-1,Parma,Abdou-Salam Konate,M,84,6.7,54,0,0,0.0165,0.00378042,1,0,0,37,31,1,1,0,0,1,1,6,4,1,0,2,2,1,2,6,0,1,9,2,1,0,0,0,1,0,2026-09-02T00:09:06.676835+00:00
Italia Serie A 2026/2027,Parma - Cagliari,2026-08-22T18:45:00+00:00,finished,1,0-1,Parma,Abdoulaye Ndiaye,D,90,6.5,73,0,0,0.448,0.00252128,1,0,0,60,54,4,1,0,0,1,1,6,4,0,0,3,0,4,0,2,0,2,8,2,3,0,0,0,1,0,2026-09-02T00:09:06.676808+00:00
Italia Serie A 2026/2027,Parma - Cagliari,2026-08-22T18:45:00+00:00,finished,1,0-1,Cagliari,Adam Obert,D,87,7.1,61,0,0,,0.0720485,0,0,2,43,40,1,1,5,1,3,1,3,2,0,0,2,2,1,2,5,0,0,9,0,0,0,0,0,0,0,2026-09-02T00:09:06.676623+00:00
Italia Serie A 2026/2027,Parma - Cagliari,2026-08-22T18:45:00+00:00,finished,1,0-1,Parma,Adrián Bernabé,M,66,7.1,51,0,0,0.0166,0.0299491,1,0,2,39,30,6,3,0,0,3,2,6,4,0,1,1,1,0,1,5,0,0,10,3,1,0,0,0,0,0,2026-09-02T00:09:06.676860+00:00
Italia Serie A 2026/2027,Parma - Cagliari,2026-08-22T18:45:00+00:00,finished,1,0-1,Cagliari,Alen Sherri,G,0,,0,0,0,,,0,0,0,0,0,0,0,0,0,0,0,0,0,0,0,0,0,0,0,0,0,0,0,0,0,0,0,0,0,0,2026-09-02T00:09:06.676712+00:00
Italia Serie A 2026/2027,Parma - Cagliari,2026-08-22T18:45:00+00:00,finished,1,0-1,Cagliari,Alessandro Deiola,M,90,6.9,61,0,0,0.1854,0.00724143,1,0,0,49,48,1,0,0,0,0,0,1,1,0,0,1,0,4,1,4,0,0,2,0,1,0,0,0,0,0,2026-09-02T00:09:06.676572+00:00
Italia Serie A 2026/2027,Parma - Cagliari,2026-08-22T18:45:00+00:00,finished,1,0-1,Parma,Alessandro Mazzocchi,G,0,,0,0,0,,,0,0,0,0,0,0,0,0,0,0,0,0,0,0,0,0,0,0,0,0,0,0,0,0,0,0,0,0,0,0,2026-09-02T00:09:06.676941+00:00
Italia Serie A 2026/2027,Parma - Cagliari,2026-08-22T18:45:00+00:00,finished,1,0-1,Cagliari,Alessandro Romano,M,90,8.1,78,1,0,0.1363,0.156824,2,2,1,61,55,5,3,1,0,3,1,6,5,0,1,4,4,2,1,2,0,1,11,1,1,0,0,0,0,0,2026-09-02T00:09:06.676592+00:00
Italia Serie A 2026/2027,Parma - Cagliari,2026-08-22T18:45:00+00:00,finished,1,0-1,Cagliari,Alieu Fadera,F,0,,0,0,0,,,0,0,0,0,0,0,0,0,0,0,0,0,0,0,0,0,0,0,0,0,0,0,0,0,0,0,0,0,0,0,2026-09-02T00:09:06.676697+00:00
Italia Serie A 2026/2027,Parma - Cagliari,2026-08-22T18:45:00+00:00,finished,1,0-1,Parma,Benjamin Cremaschi,M,11,6.7,6,0,0,,0.00017296,0,0,0,3,3,1,1,1,0,0,0,3,3,1,2,1,0,0,0,0,0,0,1,1,0,0,0,0,0,0,2026-09-02T00:09:06.676932+00:00
Italia Serie A 2026/2027,Parma - Cagliari,2026-08-22T18:45:00+00:00,finished,1,0-1,Cagliari,Boris Radunović,G,0,,0,0,0,,,0,0,0,0,0,0,0,0,0,0,0,0,0,0,0,0,0,0,0,0,0,0,0,0,0,0,0,0,0,0,2026-09-02T00:09:06.676705+00:00
Italia Serie A 2026/2027,Parma - Cagliari,2026-08-22T18:45:00+00:00,finished,1,0-1,Parma,Christian Ordoñez,M,90,7.6,66,0,0,0.099,0.0676856,2,0,2,47,41,1,1,0,0,0,0,11,1,0,0,6,4,1,0,3,0,1,8,5,0,0,0,0,1,0,2026-09-02T00:09:06.676792+00:00
Italia Serie A 2026/2027,Parma - Cagliari,2026-08-22T18:45:00+00:00,finished,1,0-1,Cagliari,Daniel Maldini,F,87,6.7,55,0,0,0.0239,0.0986476,1,0,3,39,33,1,0,1,1,3,2,4,7,0,0,1,0,0,1,3,0,1,12,1,3,0,0,0,0,0,2026-09-02T00:09:06.676615+00:00
Italia Serie A 2026/2027,Parma - Cagliari,2026-08-22T18:45:00+00:00,finished,1,0-1,Parma,David Romero,F,0,,0,0,0,,,0,0,0,0,0,0,0,0,0,0,0,0,0,0,0,0,0,0,0,0,0,0,0,0,0,0,0,0,0,0,2026-09-02T00:09:06.676981+00:00
Italia Serie A 2026/2027,Parma - Cagliari,2026-08-22T18:45:00+00:00,finished,1,0-1,Parma,Dominik Drobnic ,D,0,,0,0,0,,,0,0,0,0,0,0,0,0,0,0,0,0,0,0,0,0,0,0,0,0,0,0,0,0,0,0,0,0,0,0,2026-09-02T00:09:06.676972+00:00
Italia Serie A 2026/2027,Parma - Cagliari,2026-08-22T18:45:00+00:00,finished,1,0-1,Parma,Edoardo Corvi,G,90,7.0,45,0,0,,0.00888135,0,0,0,32,30,5,3,0,0,0,0,0,0,0,0,0,0,0,0,13,0,0,2,0,0,0,0,4,1,0,2026-09-02T00:09:06.676817+00:00
Italia Serie A 2026/2027,Parma - Cagliari,2026-08-22T18:45:00+00:00,finished,1,0-1,Parma,El Bilal Touré,M,90,6.4,20,0,0,0.049,0.0117789,1,1,0,14,10,0,0,1,0,1,1,3,6,1,5,0,0,0,0,3,0,1,7,1,0,0,0,0,1,0,2026-09-02T00:09:06.676784+00:00
Italia Serie A 2026/2027,Parma - Cagliari,2026-08-22T18:45:00+00:00,finished,1,0-1,Cagliari,Elia Caprile,G,90,7.1,40,0,0,,0.00099758,0,0,0,26,22,9,5,0,0,0,0,1,0,1,0,0,0,3,0,11,0,0,4,0,0,0,0,2,0,2,2026-09-02T00:09:06.676523+00:00
Italia Serie A 2026/2027,Parma - Cagliari,2026-08-22T18:45:00+00:00,finished,1,0-1,Parma,Emanuele Valeri,M,90,7.1,47,0,0,0.0266,0.198367,2,1,3,22,17,1,0,6,2,1,1,5,1,0,1,3,1,2,1,4,0,0,12,1,0,0,0,0,1,0,2026-09-02T00:09:06.676800+00:00
Italia Serie A 2026/2027,Parma - Cagliari,2026-08-22T18:45:00+00:00,finished,1,0-1,Parma,Enrico Delprato,D,90,6.8,66,0,0,0.0548,0.00890969,2,0,0,47,34,6,0,0,0,0,0,5,0,3,0,2,2,1,0,1,0,0,18,0,0,0,0,0,1,0,2026-09-02T00:09:06.676776+00:00
Italia Serie A 2026/2027,Parma - Cagliari,2026-08-22T18:45:00+00:00,finished,1,0-1,Parma,Franco Carboni,M,0,,0,0,0,,,0,0,0,0,0,0,0,0,0,0,0,0,0,0,0,0,0,0,0,0,0,0,0,0,0,0,0,0,0,0,2026-09-02T00:09:06.677007+00:00
Italia Serie A 2026/2027,Parma - Cagliari,2026-08-22T18:45:00+00:00,finished,1,0-1,Cagliari,Gabriele Zappa,D,24,6.7,15,0,0,,0.0574979,0,0,1,9,7,0,0,2,1,0,0,0,0,0,0,0,0,0,0,0,0,0,4,0,0,0,0,0,0,0,2026-09-02T00:09:06.676665+00:00
Italia Serie A 2026/2027,Parma - Cagliari,2026-08-22T18:45:00+00:00,finished,1,0-1,Cagliari,Gennaro Borrelli,F,24,6.6,15,0,0,0.0541,0.00021312,1,0,0,3,2,0,0,0,0,3,2,6,6,2,2,2,2,0,0,1,0,2,6,0,1,0,0,0,0,0,2026-09-02T00:09:06.676672+00:00
Italia Serie A 2026/2027,Parma - Cagliari,2026-08-22T18:45:00+00:00,finished,1,0-1,Parma,Giovanni Daffara,G,0,,0,0,0,,,0,0,0,0,0,0,0,0,0,0,0,0,0,0,0,0,0,0,0,0,0,0,0,0,0,0,0,0,0,0,2026-09-02T00:09:06.676949+00:00
Italia Serie A 2026/2027,Parma - Cagliari,2026-08-22T18:45:00+00:00,finished,1,0-1,Cagliari,Giuseppe Aurelio,M,9,6.6,4,0,0,,4.56e-06,0,0,0,0,0,0,0,0,0,0,0,0,1,0,0,0,0,1,0,0,0,0,2,0,1,0,0,0,0,0,2026-09-02T00:09:06.676689+00:00
Italia Serie A 2026/2027,Parma - Cagliari,2026-08-22T18:45:00+00:00,finished,1,0-1,Cagliari,Harry Winks,M,90,6.7,79,0,0,0.0759,0.0482615,2,1,0,70,65,3,1,0,0,0,0,2,6,1,0,0,0,1,2,4,0,1,7,1,3,0,0,0,0,0,2026-09-02T00:09:06.676599+00:00
Italia Serie A 2026/2027,Parma - Cagliari,2026-08-22T18:45:00+00:00,finished,1,0-1,Cagliari,Ivan Sulev,M,0,,0,0,0,,,0,0,0,0,0,0,0,0,0,0,0,0,0,0,0,0,0,0,0,0,0,0,0,0,0,0,0,0,0,0,2026-09-02T00:09:06.676744+00:00
Italia Serie A 2026/2027,Parma - Cagliari,2026-08-22T18:45:00+00:00,finished,1,0-1,Cagliari,Jacopo Fazzini,F,66,6.3,48,0,0,0.0397,0.0973438,1,1,1,31,26,1,0,3,1,3,3,4,7,0,0,0,0,1,3,7,0,4,11,1,2,1,0,0,0,0,2026-09-02T00:09:06.676631+00:00
Italia Serie A 2026/2027,Parma - Cagliari,2026-08-22T18:45:00+00:00,finished,1,0-1,Cagliari,Joseph Liteta,M,0,,0,0,0,,,0,0,0,0,0,0,0,0,0,0,0,0,0,0,0,0,0,0,0,0,0,0,0,0,0,0,0,0,0,0,2026-09-02T00:09:06.676760+00:00
Italia Serie A 2026/2027,Parma - Cagliari,2026-08-22T18:45:00+00:00,finished,1,0-1,Cagliari,Juan Rodríguez,D,90,7.2,92,0,0,,0.0106805,0,0,0,76,71,3,0,0,0,0,0,4,3,3,1,1,0,7,4,3,0,0,6,0,2,0,0,0,0,0,2026-09-02T00:09:06.676581+00:00
Italia Serie A 2026/2027,Parma - Cagliari,2026-08-22T18:45:00+00:00,finished,1,0-1,Cagliari,Kevin Carlos Omoruyi,F,0,,0,0,0,,,0,0,0,0,0,0,0,0,0,0,0,0,0,0,0,0,0,0,0,0,0,0,0,0,0,0,0,0,0,0,2026-09-02T00:09:06.676768+00:00
Italia Serie A 2026/2027,Parma - Cagliari,2026-08-22T18:45:00+00:00,finished,1,0-1,Cagliari,Kingstone Mutandwa,F,9,6.2,3,0,0,,,0,0,0,0,0,0,0,0,0,1,0,0,6,0,2,0,0,0,0,0,0,0,2,0,2,0,0,0,0,0,2026-09-02T00:09:06.676680+00:00
Italia Serie A 2026/2027,Parma - Cagliari,2026-08-22T18:45:00+00:00,finished,1,0-1,Parma,Lautaro Valenti,D,0,,0,0,0,,,0,0,0,0,0,0,0,0,0,0,0,0,0,0,0,0,0,0,0,0,0,0,0,0,0,0,0,0,0,0,2026-09-02T00:09:06.676956+00:00
Italia Serie A 2026/2027,Parma - Cagliari,2026-08-22T18:45:00+00:00,finished,1,0-1,Parma,Mandela Keita,M,75,7.0,33,0,0,,0.152779,0,0,1,24,21,0,0,0,0,1,1,3,1,0,0,0,0,0,1,1,0,1,8,2,0,0,0,0,0,0,2026-09-02T00:09:06.676852+00:00
Italia Serie A 2026/2027,Parma - Cagliari,2026-08-22T18:45:00+00:00,finished,1,0-1,Parma,Mariano Troilo,D,85,7.1,89,0,0,,0.042828,0,0,1,79,73,8,3,0,0,0,0,3,5,0,3,2,2,3,1,6,0,0,7,1,0,0,0,0,1,0,2026-09-02T00:09:06.676826+00:00
Italia Serie A 2026/2027,Parma - Cagliari,2026-08-22T18:45:00+00:00,finished,1,0-1,Parma,Matija Frigan,F,0,,0,0,0,,,0,0,0,0,0,0,0,0,0,0,0,0,0,0,0,0,0,0,0,0,0,0,0,0,0,0,0,0,0,0,2026-09-02T00:09:06.676998+00:00
Italia Serie A 2026/2027,Parma - Cagliari,2026-08-22T18:45:00+00:00,finished,1,0-1,Cagliari,Matteo Prati,M,0,,0,0,0,,,0,0,0,0,0,0,0,0,0,0,0,0,0,0,0,0,0,0,0,0,0,0,0,0,0,0,0,0,0,0,2026-09-02T00:09:06.676752+00:00
Italia Serie A 2026/2027,Parma - Cagliari,2026-08-22T18:45:00+00:00,finished,1,0-1,Cagliari,Mattia Felici,F,24,6.3,12,0,0,,0.0103608,0,0,0,6,4,0,0,1,0,2,1,1,4,0,0,0,0,0,0,0,0,2,6,0,1,0,0,0,0,0,2026-09-02T00:09:06.676656+00:00
Italia Serie A 2026/2027,Parma - Cagliari,2026-08-22T18:45:00+00:00,finished,1,0-1,Cagliari,Michel Adopo,M,90,7.0,51,0,1,0.0294,0.0417277,1,0,2,43,39,1,1,0,0,3,1,3,4,2,0,0,0,2,0,6,1,1,7,0,1,0,0,0,0,0,2026-09-02T00:09:06.676608+00:00
Italia Serie A 2026/2027,Parma - Cagliari,2026-08-22T18:45:00+00:00,finished,1,0-1,Parma,Nesta Elphege,F,12,6.4,3,0,0,0.0878,0.00020517,1,0,0,1,1,0,0,0,0,0,0,0,0,0,0,0,0,0,0,0,0,0,1,0,0,0,0,0,0,0,2026-09-02T00:09:06.676922+00:00
Italia Serie A 2026/2027,Parma - Cagliari,2026-08-22T18:45:00+00:00,finished,1,0-1,Parma,Ousmane Diallo,F,15,6.5,2,0,0,,,0,0,0,0,0,0,0,1,0,0,0,0,0,0,0,0,0,0,0,0,0,0,1,0,0,0,0,0,1,0,2026-09-02T00:09:06.676907+00:00
Italia Serie A 2026/2027,Parma - Cagliari,2026-08-22T18:45:00+00:00,finished,1,0-1,Cagliari,Paul Mendy,F,66,6.5,27,0,0,0.274,0.0246855,4,1,1,12,10,0,0,0,0,0,0,5,3,3,1,1,0,0,0,2,2,1,7,1,1,0,0,0,0,0,2026-09-02T00:09:06.676648+00:00
Italia Serie A 2026/2027,Parma - Cagliari,2026-08-22T18:45:00+00:00,finished,1,0-1,Parma,Pontus Almqvist,F,24,6.5,17,0,0,,0.00153454,0,0,0,8,6,0,0,3,0,1,0,1,2,0,0,1,1,0,0,0,0,0,7,0,0,0,0,0,1,0,2026-09-02T00:09:06.676868+00:00
Italia Serie A 2026/2027,Parma - Cagliari,2026-08-22T18:45:00+00:00,finished,1,0-1,Parma,Rachid Kouda,M,15,5.9,15,0,0,,0.0343825,0,0,0,7,3,2,0,2,1,1,0,3,4,1,0,2,1,0,0,1,0,0,8,0,1,0,0,0,1,0,2026-09-02T00:09:06.676877+00:00
Italia Serie A 2026/2027,Parma - Cagliari,2026-08-22T18:45:00+00:00,finished,1,0-1,Cagliari,Raphael Kofler,D,0,,0,0,0,,,0,0,0,0,0,0,0,0,0,0,0,0,0,0,0,0,0,0,0,0,0,0,0,0,0,0,0,0,0,0,2026-09-02T00:09:06.676728+00:00
Italia Serie A 2026/2027,Parma - Cagliari,2026-08-22T18:45:00+00:00,finished,1,0-1,Parma,Simone Lontani,F,75,7.1,41,0,0,0.0879,0.16977,1,0,1,24,18,6,3,1,1,5,2,5,5,0,0,1,1,0,0,2,0,0,12,2,0,0,0,0,0,0,2026-09-02T00:09:06.676843+00:00
Italia Serie A 2026/2027,Parma - Cagliari,2026-08-22T18:45:00+00:00,finished,1,0-1,Parma,Thomas de Martis,F,0,,0,0,0,,,0,0,0,0,0,0,0,0,0,0,0,0,0,0,0,0,0,0,0,0,0,0,0,0,0,0,0,0,0,0,2026-09-02T00:09:06.676990+00:00
Italia Serie A 2026/2027,Parma - Cagliari,2026-08-22T18:45:00+00:00,finished,1,0-1,Cagliari,Yerry Mina,D,0,,0,0,0,,,0,0,0,0,0,0,0,0,0,0,0,0,0,0,0,0,0,0,0,0,0,0,0,0,0,0,0,0,0,0,2026-09-02T00:09:06.676720+00:00
Italia Serie A 2026/2027,Parma - Cagliari,2026-08-22T18:45:00+00:00,finished,1,0-1,Cagliari,Zé Pedro,D,66,6.5,44,0,0,0.1777,0.117846,1,0,1,28,23,2,1,3,1,1,0,0,5,0,0,0,0,1,0,1,0,0,9,0,1,1,0,0,0,0,2026-09-02T00:09:06.676639+00:00
Italia Serie A 2026/2027,Frosinone - Juventus,2026-08-23T16:30:00+00:00,finished,1,0-1,Juventus,,,0,,0,0,0,,,0,0,0,0,0,0,0,0,0,0,0,0,0,0,0,0,0,0,0,0,0,0,0,0,0,0,0,0,0,0,2026-09-02T00:09:09.139351+00:00
Italia Serie A 2026/2027,Frosinone - Juventus,2026-08-23T16:30:00+00:00,finished,1,0-1,Frosinone,Aleksa Terzić,D,14,6.8,15,0,0,0.0109,0.022297,1,0,0,6,4,1,0,2,1,1,1,3,2,2,0,0,0,1,0,0,0,1,4,1,1,0,0,0,0,0,2026-09-02T00:09:09.139445+00:00
Italia Serie A 2026/2027,Frosinone - Juventus,2026-08-23T16:30:00+00:00,finished,1,0-1,Frosinone,Alessio Zerbin,M,31,6.4,13,0,0,,0.0133167,0,0,1,7,4,2,0,1,0,0,0,2,3,1,1,0,0,0,0,1,0,1,7,1,0,0,0,0,0,0,2026-09-02T00:09:09.139423+00:00
Italia Serie A 2026/2027,Frosinone - Juventus,2026-08-23T16:30:00+00:00,finished,1,0-1,Juventus,Andrea Cambiaso,M,21,6.7,24,0,0,,0.00663181,0,0,0,13,12,0,0,0,0,0,0,2,3,0,1,1,0,0,0,0,0,1,4,1,1,1,0,0,0,0,2026-09-02T00:09:09.139276+00:00
Italia Serie A 2026/2027,Frosinone - Juventus,2026-08-23T16:30:00+00:00,finished,1,0-1,Frosinone,Anouar El Azzouzi,M,0,,0,0,0,,,0,0,0,0,0,0,0,0,0,0,0,0,0,0,0,0,0,0,0,0,0,0,0,0,0,0,0,0,0,0,2026-09-02T00:09:09.139473+00:00
Italia Serie A 2026/2027,Frosinone - Juventus,2026-08-23T16:30:00+00:00,finished,1,0-1,Frosinone,Anthony Oyono,D,23,7.3,20,0,0,,0.0702716,0,0,0,10,8,1,0,0,0,0,0,4,0,1,0,2,1,1,1,2,0,0,2,1,0,0,0,0,0,0,2026-09-02T00:09:09.139440+00:00
Italia Serie A 2026/2027,Frosinone - Juventus,2026-08-23T16:30:00+00:00,finished,1,0-1,Frosinone,Antonio Raimondo,F,90,6.1,14,0,0,0.0839,0.0028752,1,0,1,5,3,0,0,1,0,1,0,1,6,1,2,0,0,0,0,2,1,1,7,0,1,0,0,0,1,0,2026-09-02T00:09:09.139370+00:00
Italia Serie A 2026/2027,Frosinone - Juventus,2026-08-23T16:30:00+00:00,finished,1,0-1,Juventus,Arkadiusz Milik,F,0,,0,0,0,,,0,0,0,0,0,0,0,0,0,0,0,0,0,0,0,0,0,0,0,0,0,0,0,0,0,0,0,0,0,0,2026-09-02T00:09:09.139304+00:00
Italia Serie A 2026/2027,Frosinone - Juventus,2026-08-23T16:30:00+00:00,finished,1,0-1,Juventus,Carlo Pinsoglio,G,0,,0,0,0,,,0,0,0,0,0,0,0,0,0,0,0,0,0,0,0,0,0,0,0,0,0,0,0,0,0,0,0,0,0,0,2026-09-02T00:09:09.139309+00:00
Italia Serie A 2026/2027,Frosinone - Juventus,2026-08-23T16:30:00+00:00,finished,1,0-1,Juventus,Daniele Rugani,D,0,,0,0,0,,,0,0,0,0,0,0,0,0,0,0,0,0,0,0,0,0,0,0,0,0,0,0,0,0,0,0,0,0,0,0,2026-09-02T00:09:09.139325+00:00
Italia Serie A 2026/2027,Frosinone - Juventus,2026-08-23T16:30:00+00:00,finished,1,0-1,Juventus,Douglas Luiz,M,79,6.8,61,0,0,0.1224,0.176994,3,0,2,45,42,0,0,7,2,0,0,3,5,0,1,0,0,0,1,3,1,0,8,3,4,0,0,0,0,0,2026-09-02T00:09:09.139254+00:00
Italia Serie A 2026/2027,Frosinone - Juventus,2026-08-23T16:30:00+00:00,finished,1,0-1,Juventus,Edon Zhegrova,F,21,6.5,24,0,0,0.0162,0.0908585,1,0,2,19,16,0,0,1,1,2,0,2,3,1,0,1,1,0,0,5,0,0,5,0,0,0,0,0,0,0,2026-09-02T00:09:09.139288+00:00
Italia Serie A 2026/2027,Frosinone - Juventus,2026-08-23T16:30:00+00:00,finished,1,0-1,Juventus,Fabio Miretti,M,0,,0,0,0,,,0,0,0,0,0,0,0,0,0,0,0,0,0,0,0,0,0,0,0,0,0,0,0,0,0,0,0,0,0,0,2026-09-02T00:09:09.139335+00:00
Italia Serie A 2026/2027,Frosinone - Juventus,2026-08-23T16:30:00+00:00,finished,1,0-1,Frosinone,Florian Grillitsch,M,0,,0,0,0,,,0,0,0,0,0,0,0,0,0,0,0,0,0,0,0,0,0,0,0,0,0,0,0,0,0,0,0,0,0,0,2026-09-02T00:09:09.139467+00:00
Italia Serie A 2026/2027,Frosinone - Juventus,2026-08-23T16:30:00+00:00,finished,1,0-1,Juventus,Francisco Conceição,F,69,7.2,53,0,1,0.5665,0.421296,4,1,2,26,23,1,1,4,3,9,4,5,11,0,0,0,0,0,0,2,1,1,13,1,4,0,0,0,0,0,2026-09-02T00:09:09.139270+00:00
Italia Serie A 2026/2027,Frosinone - Juventus,2026-08-23T16:30:00+00:00,finished,1,0-1,Frosinone,Gabriele Bracaglia,D,76,6.9,32,0,0,0.0318,0.00239795,1,1,0,15,8,3,0,0,0,0,0,4,1,0,1,1,1,4,0,2,0,0,11,3,0,0,0,0,1,0,2026-09-02T00:09:09.139394+00:00
Italia Serie A 2026/2027,Frosinone - Juventus,2026-08-23T16:30:00+00:00,finished,1,0-1,Frosinone,Gabriele Calvani,D,90,6.3,39,0,0,0.0634,0.00077042,2,0,0,27,23,2,0,0,0,0,0,3,4,2,0,1,1,3,1,3,0,0,6,0,2,1,0,0,1,0,2026-09-02T00:09:09.139383+00:00
Italia Serie A 2026/2027,Frosinone - Juventus,2026-08-23T16:30:00+00:00,finished,1,0-1,Frosinone,Giacomo Calò,M,90,6.9,50,0,0,,0.149737,0,0,3,37,27,6,1,4,3,0,0,4,3,0,0,1,1,1,1,6,0,0,12,3,3,0,0,0,1,0,2026-09-02T00:09:09.139377+00:00
Italia Serie A 2026/2027,Frosinone - Juventus,2026-08-23T16:30:00+00:00,finished,1,0-1,Frosinone,Giorgi Kvernadze,F,90,6.4,34,0,0,0.0937,0.0434056,3,0,1,13,10,0,0,1,0,5,2,6,9,0,2,2,1,1,0,3,1,1,9,2,0,0,0,0,1,0,2026-09-02T00:09:09.139357+00:00
Italia Serie A 2026/2027,Frosinone - Juventus,2026-08-23T16:30:00+00:00,finished,1,0-1,Frosinone,Giorgio Cittadini,D,90,7.5,52,0,0,,0.00815855,0,0,0,35,27,4,1,0,0,0,0,13,1,6,0,6,4,5,1,2,0,0,9,1,1,0,0,0,1,0,2026-09-02T00:09:09.139388+00:00
Italia Serie A 2026/2027,Frosinone - Juventus,2026-08-23T16:30:00+00:00,finished,1,0-1,Juventus,Gleison Bremer,D,90,8.3,53,1,0,0.4192,0.255189,2,1,3,36,33,5,3,0,0,1,1,5,3,2,3,2,2,8,1,5,0,0,4,0,1,0,0,0,0,0,2026-09-02T00:09:09.139241+00:00
Italia Serie A 2026/2027,Frosinone - Juventus,2026-08-23T16:30:00+00:00,finished,1,0-1,Juventus,Guglielmo Vicario,G,89,7.1,36,0,0,,0.00059198,0,0,0,31,22,15,7,0,0,0,0,0,0,0,0,0,0,0,0,4,0,0,9,0,0,0,0,2,0,0,2026-09-02T00:09:09.139248+00:00
Italia Serie A 2026/2027,Frosinone - Juventus,2026-08-23T16:30:00+00:00,finished,1,0-1,Frosinone,Ilario Monterisi,D,67,6.5,28,0,0,0.0552,0.00711395,1,0,1,17,11,2,0,0,0,0,0,3,3,1,1,2,1,2,0,0,0,0,7,0,1,0,0,0,1,0,2026-09-02T00:09:09.139399+00:00
Italia Serie A 2026/2027,Frosinone - Juventus,2026-08-23T16:30:00+00:00,finished,1,0-1,Frosinone,Ilias Koutsoupias,M,0,,0,0,0,,,0,0,0,0,0,0,0,0,0,0,0,0,0,0,0,0,0,0,0,0,0,0,0,0,0,0,0,0,0,0,2026-09-02T00:09:09.139457+00:00
Italia Serie A 2026/2027,Frosinone - Juventus,2026-08-23T16:30:00+00:00,finished,1,0-1,Juventus,Jhon Lucumí,D,0,,0,0,0,,,0,0,0,0,0,0,0,0,0,0,0,0,0,0,0,0,0,0,0,0,0,0,0,0,0,0,0,0,0,0,2026-09-02T00:09:09.139319+00:00
Italia Serie A 2026/2027,Frosinone - Juventus,2026-08-23T16:30:00+00:00,finished,1,0-1,Juventus,Juan Cabal,D,0,,0,0,0,,,0,0,0,0,0,0,0,0,0,0,0,0,0,0,0,0,0,0,0,0,0,0,0,0,0,0,0,0,0,0,2026-09-02T00:09:09.139314+00:00
Italia Serie A 2026/2027,Frosinone - Juventus,2026-08-23T16:30:00+00:00,finished,1,0-1,Juventus,Jérémie Boga,F,21,6.4,14,0,0,,0.00110031,0,0,0,6,6,0,0,1,0,3,1,2,4,1,1,0,0,0,0,0,0,1,4,0,0,0,0,0,0,0,2026-09-02T00:09:09.139282+00:00
Italia Serie A 2026/2027,Frosinone - Juventus,2026-08-23T16:30:00+00:00,finished,1,0-1,Juventus,Kenan Yıldız,F,69,7.2,34,0,0,0.1844,0.327644,2,1,3,19,17,0,0,0,0,2,2,4,0,0,0,0,0,0,1,4,1,0,8,2,0,0,0,0,0,0,2026-09-02T00:09:09.139260+00:00
Italia Serie A 2026/2027,Frosinone - Juventus,2026-08-23T16:30:00+00:00,finished,1,0-1,Juventus,Kerim Alajbegović,M,0,,0,0,0,,,0,0,0,0,0,0,0,0,0,0,0,0,0,0,0,0,0,0,0,0,0,0,0,0,0,0,0,0,0,0,2026-09-02T00:09:09.139330+00:00
Italia Serie A 2026/2027,Frosinone - Juventus,2026-08-23T16:30:00+00:00,finished,1,0-1,Frosinone,Kevin Akpoguma,D,0,,0,0,0,,,0,0,0,0,0,0,0,0,0,0,0,0,0,0,0,0,0,0,0,0,0,0,0,0,0,0,0,0,0,0,2026-09-02T00:09:09.139451+00:00
Italia Serie A 2026/2027,Frosinone - Juventus,2026-08-23T16:30:00+00:00,finished,1,0-1,Juventus,Khéphren Thuram,M,0,,0,0,0,,,0,0,0,0,0,0,0,0,0,0,0,0,0,0,0,0,0,0,0,0,0,0,0,0,0,0,0,0,0,0,2026-09-02T00:09:09.139341+00:00
Italia Serie A 2026/2027,Frosinone - Juventus,2026-08-23T16:30:00+00:00,finished,1,0-1,Juventus,Lloyd Kelly,D,90,6.5,73,0,0,0.1009,0.00492971,1,0,0,66,55,11,4,0,0,0,0,1,4,0,3,0,0,2,0,5,0,1,14,1,0,0,0,0,0,0,2026-09-02T00:09:09.139234+00:00
Italia Serie A 2026/2027,Frosinone - Juventus,2026-08-23T16:30:00+00:00,finished,1,0-1,Frosinone,Lorenzo Palmisani,G,90,6.8,48,0,0,,0.00136817,0,0,1,32,17,21,6,0,0,0,0,1,0,1,0,0,0,2,0,9,0,0,16,0,0,0,0,4,1,2,2026-09-02T00:09:09.139364+00:00
Italia Serie A 2026/2027,Frosinone - Juventus,2026-08-23T16:30:00+00:00,finished,1,0-1,Frosinone,Luis Hasa,M,23,6.7,17,0,0,0.0711,0.0178257,1,0,2,13,10,2,1,0,0,0,0,1,1,0,0,0,0,0,0,1,0,0,4,1,1,0,0,0,0,0,2026-09-02T00:09:09.139434+00:00
Italia Serie A 2026/2027,Frosinone - Juventus,2026-08-23T16:30:00+00:00,finished,1,0-1,Juventus,Manuel Locatelli,M,90,7.5,81,0,0,,0.0261346,0,0,1,61,51,10,3,1,0,0,0,8,4,3,1,1,1,5,6,6,0,0,11,4,2,0,0,0,0,0,2026-09-02T00:09:09.139225+00:00
Italia Serie A 2026/2027,Frosinone - Juventus,2026-08-23T16:30:00+00:00,finished,1,0-1,Frosinone,Matteo Cichella,M,67,6.5,31,0,0,,0.00846961,0,0,0,26,19,2,1,0,0,0,0,2,2,2,0,0,0,2,0,4,0,0,7,0,1,0,0,0,1,0,2026-09-02T00:09:09.139405+00:00
Italia Serie A 2026/2027,Frosinone - Juventus,2026-08-23T16:30:00+00:00,finished,1,0-1,Frosinone,Matteo Pisseri,G,0,,0,0,0,,,0,0,0,0,0,0,0,0,0,0,0,0,0,0,0,0,0,0,0,0,0,0,0,0,0,0,0,0,0,0,2026-09-02T00:09:09.139462+00:00
Italia Serie A 2026/2027,Frosinone - Juventus,2026-08-23T16:30:00+00:00,finished,1,0-1,Juventus,Mattia Perin,G,8,6.5,5,0,0,,1.521e-05,0,0,0,3,1,2,0,0,0,0,0,0,0,0,0,0,0,0,0,2,0,0,2,0,0,0,0,0,0,0,2026-09-02T00:09:09.139299+00:00
Italia Serie A 2026/2027,Frosinone - Juventus,2026-08-23T16:30:00+00:00,finished,1,0-1,Juventus,Nicolás González,M,0,,0,0,0,,,0,0,0,0,0,0,0,0,0,0,0,0,0,0,0,0,0,0,0,0,0,0,0,0,0,0,0,0,0,0,2026-09-02T00:09:09.139345+00:00
Italia Serie A 2026/2027,Frosinone - Juventus,2026-08-23T16:30:00+00:00,finished,1,0-1,Frosinone,Patrizio Masini,M,31,7.0,20,0,0,,0.00615934,0,0,0,9,6,1,1,1,0,0,0,4,1,1,0,3,3,1,1,1,0,0,6,1,0,0,0,0,0,0,2026-09-02T00:09:09.139429+00:00
Italia Serie A 2026/2027,Frosinone - Juventus,2026-08-23T16:30:00+00:00,finished,1,0-1,Juventus,Pierre Kalulu,D,90,7.2,60,0,0,0.0323,0.019287,1,1,1,39,32,2,2,1,0,0,0,4,0,1,0,3,1,5,2,2,0,0,12,0,0,0,0,0,0,0,2026-09-02T00:09:09.139119+00:00
Italia Serie A 2026/2027,Frosinone - Juventus,2026-08-23T16:30:00+00:00,finished,1,0-1,Juventus,Randal Kolo Muani,F,90,5.3,39,0,0,0.4024,0.0545954,3,1,1,24,14,0,0,0,0,3,1,3,10,0,5,0,0,0,0,0,1,1,19,2,2,0,0,0,0,0,2026-09-02T00:09:09.139166+00:00
Italia Serie A 2026/2027,Frosinone - Juventus,2026-08-23T16:30:00+00:00,finished,1,0-1,Frosinone,Romano Schmid,M,59,6.2,24,0,0,,0.0166126,0,0,0,14,7,0,0,0,0,0,0,2,5,0,1,0,0,0,0,1,0,0,12,2,4,1,0,0,1,0,2026-09-02T00:09:09.139417+00:00
Italia Serie A 2026/2027,Frosinone - Juventus,2026-08-23T16:30:00+00:00,finished,1,0-1,Frosinone,Sebastiano Desplanches,G,0,,0,0,0,,,0,0,0,0,0,0,0,0,0,0,0,0,0,0,0,0,0,0,0,0,0,0,0,0,0,0,0,0,0,0,2026-09-02T00:09:09.139478+00:00
Italia Serie A 2026/2027,Frosinone - Juventus,2026-08-23T16:30:00+00:00,finished,1,0-1,Frosinone,Seydou Fini,F,59,6.8,17,0,0,0.038,0.00419575,1,1,0,7,3,0,0,0,0,0,0,4,0,0,0,2,1,0,1,2,0,0,6,2,0,0,0,0,1,0,2026-09-02T00:09:09.139411+00:00
Italia Serie A 2026/2027,Frosinone - Juventus,2026-08-23T16:30:00+00:00,finished,1,0-1,Juventus,Teun Koopmeiners,M,11,6.4,12,0,0,0.0297,0.00063861,1,0,0,9,7,1,0,0,0,0,0,0,2,0,1,0,0,0,0,2,1,0,2,0,2,0,0,0,0,0,2026-09-02T00:09:09.139293+00:00
Italia Serie A 2026/2027,Frosinone - Juventus,2026-08-23T16:30:00+00:00,finished,1,0-1,Juventus,Weston McKennie,M,90,6.7,59,0,0,0.1217,0.0397443,2,0,0,45,40,1,1,0,0,1,1,2,4,0,2,0,0,2,0,0,1,2,9,1,0,0,0,0,0,0,2026-09-02T00:09:09.139179+00:00
Italia Serie A 2026/2027,Frosinone - Juventus,2026-08-23T16:30:00+00:00,finished,1,0-1,Frosinone,Wisdom Amey,D,0,,0,0,0,,,0,0,0,0,0,0,0,0,0,0,0,0,0,0,0,0,0,0,0,0,0,0,0,0,0,0,0,0,0,0,2026-09-02T00:09:09.139485+00:00
Italia Serie A 2026/2027,Frosinone - Juventus,2026-08-23T16:30:00+00:00,finished,1,0-1,Juventus,Zeki Çelik,D,69,6.7,54,0,0,,0.228908,0,0,1,38,34,1,0,0,0,1,0,0,4,0,0,0,0,2,2,1,0,1,6,0,2,1,0,0,0,0,2026-09-02T00:09:09.139265+00:00
Italia Serie A 2026/2027,Venezia - Lecce,2026-08-23T16:30:00+00:00,finished,1,0-2,Venezia,,,0,,0,0,0,,,0,0,0,0,0,0,0,0,0,0,0,0,0,0,0,0,0,0,0,0,0,0,0,0,0,0,0,0,0,0,2026-09-02T00:09:08.852506+00:00
Italia Serie A 2026/2027,Venezia - Lecce,2026-08-23T16:30:00+00:00,finished,1,0-2,Venezia,,,0,,0,0,0,,,0,0,0,0,0,0,0,0,0,0,0,0,0,0,0,0,0,0,0,0,0,0,0,0,0,0,0,0,0,0,2026-09-02T00:09:08.852534+00:00
Italia Serie A 2026/2027,Venezia - Lecce,2026-08-23T16:30:00+00:00,finished,1,0-2,Venezia,Akor Adams,F,90,6.6,30,0,0,0.225,0.00821696,3,1,0,14,12,0,0,0,0,3,2,4,6,2,3,0,0,1,1,2,0,1,9,0,1,0,0,0,2,0,2026-09-02T00:09:08.852324+00:00
Italia Serie A 2026/2027,Venezia - Lecce,2026-08-23T16:30:00+00:00,finished,1,0-2,Venezia,Albion Rrahmani,F,9,6.6,8,0,0,0.2238,0.00086993,2,1,0,2,1,0,0,0,0,1,1,2,1,0,0,1,0,0,0,0,0,1,2,0,0,0,0,0,0,0,2026-09-02T00:09:08.852444+00:00
Italia Serie A 2026/2027,Venezia - Lecce,2026-08-23T16:30:00+00:00,finished,1,0-2,Venezia,Ale Gomes,D,0,,0,0,0,,,0,0,0,0,0,0,0,0,0,0,0,0,0,0,0,0,0,0,0,0,0,0,0,0,0,0,0,0,0,0,2026-09-02T00:09:08.852479+00:00
Italia Serie A 2026/2027,Venezia - Lecce,2026-08-23T16:30:00+00:00,finished,1,0-2,Venezia,Antoine Hainaut,M,85,6.7,61,0,0,0.1677,0.253693,2,0,1,38,34,2,1,5,1,1,0,2,3,1,0,1,1,1,0,2,0,0,11,0,0,0,0,0,2,0,2026-09-02T00:09:08.852387+00:00
Italia Serie A 2026/2027,Venezia - Lecce,2026-08-23T16:30:00+00:00,finished,1,0-2,Lecce,Antonino Gallo,D,45,6.7,15,0,0,0.0112,0.00411243,1,0,0,8,5,1,0,0,0,0,0,0,0,0,0,0,0,2,0,0,0,0,5,0,0,0,0,0,0,0,2026-09-02T00:09:08.852229+00:00
Italia Serie A 2026/2027,Venezia - Lecce,2026-08-23T16:30:00+00:00,finished,1,0-2,Venezia,Armel Bella-Kotchap,D,90,7.1,93,0,0,0.2512,0.00722028,1,0,0,76,67,5,3,0,0,0,0,12,3,7,2,2,1,4,2,4,0,1,11,3,0,0,0,0,2,0,2026-09-02T00:09:08.852351+00:00
Italia Serie A 2026/2027,Venezia - Lecce,2026-08-23T16:30:00+00:00,finished,1,0-2,Venezia,Bartol Franjić,D,90,7.3,99,0,0,0.3056,0.0216911,2,2,0,80,72,7,3,1,0,3,2,6,4,2,2,2,1,1,2,5,0,1,15,0,0,0,0,0,2,0,2026-09-02T00:09:08.852378+00:00
Italia Serie A 2026/2027,Venezia - Lecce,2026-08-23T16:30:00+00:00,finished,1,0-2,Lecce,Corrie Ndaba,D,45,6.8,22,0,0,,0.00507124,0,0,0,8,6,2,0,1,0,0,0,0,1,0,1,0,0,3,0,0,0,0,5,0,0,0,0,0,0,0,2026-09-02T00:09:08.852237+00:00
Italia Serie A 2026/2027,Venezia - Lecce,2026-08-23T16:30:00+00:00,finished,1,0-2,Lecce,Danilo Veiga,D,90,7.7,53,0,0,,0.0041904,0,0,0,28,19,1,0,1,0,0,0,6,2,1,0,3,1,3,2,4,0,0,14,2,1,1,0,0,0,0,2026-09-02T00:09:08.852061+00:00
Italia Serie A 2026/2027,Venezia - Lecce,2026-08-23T16:30:00+00:00,finished,1,0-2,Venezia,Filip Stanković,G,90,7.0,61,0,0,,0.00165157,0,0,0,48,43,11,8,0,0,0,0,0,0,0,0,0,0,0,0,9,0,0,5,0,0,0,0,2,2,0,2026-09-02T00:09:08.852333+00:00
Italia Serie A 2026/2027,Venezia - Lecce,2026-08-23T16:30:00+00:00,finished,1,0-2,Venezia,Gianluca Busio,M,90,8.5,121,0,0,0.2276,0.0443306,3,0,1,104,98,8,8,3,0,2,2,6,3,2,0,1,0,1,0,5,1,1,11,1,1,0,0,0,2,0,2026-09-02T00:09:08.852342+00:00
Italia Serie A 2026/2027,Venezia - Lecce,2026-08-23T16:30:00+00:00,finished,1,0-2,Lecce,Hjalte Lærke,M,0,,0,0,0,,,0,0,0,0,0,0,0,0,0,0,0,0,0,0,0,0,0,0,0,0,0,0,0,0,0,0,0,0,0,0,2026-09-02T00:09:08.852316+00:00
Italia Serie A 2026/2027,Venezia - Lecce,2026-08-23T16:30:00+00:00,finished,1,0-2,Lecce,Jamil Siebert,D,90,8.0,42,0,0,,0.262017,0,0,2,23,18,4,1,1,1,1,0,3,3,1,0,2,2,7,4,2,0,0,7,0,0,0,0,0,0,0,2026-09-02T00:09:08.852134+00:00
Italia Serie A 2026/2027,Venezia - Lecce,2026-08-23T16:30:00+00:00,finished,1,0-2,Venezia,Joel Schingtienne,D,90,6.2,88,0,0,,0.00658852,0,0,1,74,69,4,2,0,0,0,0,2,1,1,1,1,0,2,0,8,0,0,9,0,0,0,0,0,2,0,2026-09-02T00:09:08.852360+00:00
Italia Serie A 2026/2027,Venezia - Lecce,2026-08-23T16:30:00+00:00,finished,1,0-2,Venezia,John Yeboah,F,90,7.6,49,0,0,0.2269,0.0744987,2,1,2,30,25,1,1,2,0,6,4,8,5,0,0,2,1,0,0,2,0,2,13,2,0,0,0,0,2,0,2026-09-02T00:09:08.852369+00:00
Italia Serie A 2026/2027,Venezia - Lecce,2026-08-23T16:30:00+00:00,finished,1,0-2,Lecce,Kialonda Gaspar,D,90,7.9,34,0,0,,0.00163221,0,0,0,13,11,2,1,1,0,0,0,5,4,1,2,4,3,13,1,2,0,0,3,0,1,1,0,0,0,0,2026-09-02T00:09:08.852153+00:00
Italia Serie A 2026/2027,Venezia - Lecce,2026-08-23T16:30:00+00:00,finished,1,0-2,Venezia,Kike Pérez,M,70,6.6,63,0,0,,0.10727,0,0,1,53,40,6,2,1,0,0,0,3,4,1,1,0,0,2,0,3,0,1,15,2,1,0,0,0,1,0,2026-09-02T00:09:08.852407+00:00
Italia Serie A 2026/2027,Venezia - Lecce,2026-08-23T16:30:00+00:00,finished,1,0-2,Venezia,Kornel Lisman,M,0,,0,0,0,,,0,0,0,0,0,0,0,0,0,0,0,0,0,0,0,0,0,0,0,0,0,0,0,0,0,0,0,0,0,0,2026-09-02T00:09:08.852525+00:00
Italia Serie A 2026/2027,Venezia - Lecce,2026-08-23T16:30:00+00:00,finished,1,0-2,Venezia,Lamine Fanne,M,0,,0,0,0,,,0,0,0,0,0,0,0,0,0,0,0,0,0,0,0,0,0,0,0,0,0,0,0,0,0,0,0,0,0,0,2026-09-02T00:09:08.852471+00:00
Italia Serie A 2026/2027,Venezia - Lecce,2026-08-23T16:30:00+00:00,finished,1,0-2,Lecce,Lassana Coulibaly,M,90,7.0,55,0,1,0.059,0.0954969,1,0,2,29,23,2,0,0,0,7,4,8,8,1,1,1,0,3,2,7,0,0,12,2,2,0,0,0,0,0,2026-09-02T00:09:08.852182+00:00
Italia Serie A 2026/2027,Venezia - Lecce,2026-08-23T16:30:00+00:00,finished,1,0-2,Venezia,Lion Lauberbach,F,0,,0,0,0,,,0,0,0,0,0,0,0,0,0,0,0,0,0,0,0,0,0,0,0,0,0,0,0,0,0,0,0,0,0,0,2026-09-02T00:09:08.852516+00:00
Italia Serie A 2026/2027,Venezia - Lecce,2026-08-23T16:30:00+00:00,finished,1,0-2,Venezia,Lorenzo Montipò,G,0,,0,0,0,,,0,0,0,0,0,0,0,0,0,0,0,0,0,0,0,0,0,0,0,0,0,0,0,0,0,0,0,0,0,0,2026-09-02T00:09:08.852497+00:00
Italia Serie A 2026/2027,Venezia - Lecce,2026-08-23T16:30:00+00:00,finished,1,0-2,Lecce,Marco Bleve,G,0,,0,0,0,,,0,0,0,0,0,0,0,0,0,0,0,0,0,0,0,0,0,0,0,0,0,0,0,0,0,0,0,0,0,0,2026-09-02T00:09:08.852307+00:00
Italia Serie A 2026/2027,Venezia - Lecce,2026-08-23T16:30:00+00:00,finished,1,0-2,Venezia,Matteo Dagasso,M,20,6.3,24,0,0,,0.00283987,0,0,0,19,17,0,0,1,0,1,0,1,2,1,0,0,0,0,0,0,0,0,4,0,1,1,0,0,1,0,2026-09-02T00:09:08.852435+00:00
Italia Serie A 2026/2027,Venezia - Lecce,2026-08-23T16:30:00+00:00,finished,1,0-2,Lecce,N'Dri Konan,F,74,6.8,30,0,0,0.0375,0.0121715,1,0,0,13,11,0,0,3,0,3,1,4,4,0,1,3,2,1,0,1,0,0,10,0,0,0,0,0,0,0,2026-09-02T00:09:08.852211+00:00
Italia Serie A 2026/2027,Venezia - Lecce,2026-08-23T16:30:00+00:00,finished,1,0-2,Lecce,Nikola Štulić,F,16,6.1,9,0,0,0.7834,0.00368875,3,1,0,4,4,0,0,0,0,0,0,0,0,0,0,0,0,0,0,1,0,0,0,0,0,0,0,0,0,0,2026-09-02T00:09:08.852264+00:00
Italia Serie A 2026/2027,Venezia - Lecce,2026-08-23T16:30:00+00:00,finished,1,0-2,Lecce,Olaf Gorter,M,61,7.5,19,1,0,0.0954,0.00301431,1,1,0,12,9,1,1,1,0,0,0,2,4,1,2,0,0,0,0,0,0,1,7,1,1,0,0,0,0,0,2026-09-02T00:09:08.852220+00:00
Italia Serie A 2026/2027,Venezia - Lecce,2026-08-23T16:30:00+00:00,finished,1,0-2,Lecce,Omri Gandelman,M,1,,1,0,0,,,0,0,0,0,0,0,0,0,0,0,0,0,0,0,0,0,0,0,0,0,0,0,0,0,0,0,0,0,0,0,2026-09-02T00:09:08.852273+00:00
Italia Serie A 2026/2027,Venezia - Lecce,2026-08-23T16:30:00+00:00,finished,1,0-2,Lecce,Oumar Ngom,M,90,6.4,49,0,0,0.0155,0.00594062,1,0,1,34,25,6,2,0,0,1,0,2,6,0,0,2,2,1,2,4,1,1,12,0,3,1,0,0,0,0,2026-09-02T00:09:08.852163+00:00
Italia Serie A 2026/2027,Venezia - Lecce,2026-08-23T16:30:00+00:00,finished,1,0-2,Lecce,Paco Esteban,F,0,,0,0,0,,,0,0,0,0,0,0,0,0,0,0,0,0,0,0,0,0,0,0,0,0,0,0,0,0,0,0,0,0,0,0,2026-09-02T00:09:08.852281+00:00
Italia Serie A 2026/2027,Venezia - Lecce,2026-08-23T16:30:00+00:00,finished,1,0-2,Lecce,Plamen Penev,G,0,,0,0,0,,,0,0,0,0,0,0,0,0,0,0,0,0,0,0,0,0,0,0,0,0,0,0,0,0,0,0,0,0,0,0,2026-09-02T00:09:08.852298+00:00
Italia Serie A 2026/2027,Venezia - Lecce,2026-08-23T16:30:00+00:00,finished,1,0-2,Venezia,Redouane Halhal,D,0,,0,0,0,,,0,0,0,0,0,0,0,0,0,0,0,0,0,0,0,0,0,0,0,0,0,0,0,0,0,0,0,0,0,0,2026-09-02T00:09:08.852488+00:00
Italia Serie A 2026/2027,Venezia - Lecce,2026-08-23T16:30:00+00:00,finished,1,0-2,Venezia,Richie Sagrado,M,9,6.6,10,0,0,,0.00577052,0,0,0,6,4,0,0,1,0,0,0,0,1,0,1,0,0,0,0,2,0,0,3,0,0,0,0,0,0,0,2026-09-02T00:09:08.852453+00:00
Italia Serie A 2026/2027,Venezia - Lecce,2026-08-23T16:30:00+00:00,finished,1,0-2,Venezia,Ridgeciano Haps,M,26,6.8,17,0,0,0.3108,0.0757128,1,1,1,9,7,1,0,3,1,1,0,1,1,0,0,0,0,0,0,0,0,0,5,1,0,0,0,0,1,0,2026-09-02T00:09:08.852425+00:00
Italia Serie A 2026/2027,Venezia - Lecce,2026-08-23T16:30:00+00:00,finished,1,0-2,Lecce,Sadik Fofana,M,0,,0,0,0,,,0,0,0,0,0,0,0,0,0,0,0,0,0,0,0,0,0,0,0,0,0,0,0,0,0,0,0,0,0,0,2026-09-02T00:09:08.852289+00:00
Italia Serie A 2026/2027,Venezia - Lecce,2026-08-23T16:30:00+00:00,finished,1,0-2,Lecce,Santiago Pierotti,F,89,6.8,50,0,0,0.3931,0.0737019,2,1,1,29,25,0,0,1,0,2,1,7,6,4,1,2,2,2,1,6,0,0,8,0,1,0,0,0,0,0,2026-09-02T00:09:08.852193+00:00
Italia Serie A 2026/2027,Venezia - Lecce,2026-08-23T16:30:00+00:00,finished,1,0-2,Venezia,Simon Sohm,M,0,,0,0,0,,,0,0,0,0,0,0,0,0,0,0,0,0,0,0,0,0,0,0,0,0,0,0,0,0,0,0,0,0,0,0,2026-09-02T00:09:08.852551+00:00
Italia Serie A 2026/2027,Venezia - Lecce,2026-08-23T16:30:00+00:00,finished,1,0-2,Venezia,Simone Panada,M,0,,0,0,0,,,0,0,0,0,0,0,0,0,0,0,0,0,0,0,0,0,0,0,0,0,0,0,0,0,0,0,0,0,0,0,2026-09-02T00:09:08.852462+00:00
Italia Serie A 2026/2027,Venezia - Lecce,2026-08-23T16:30:00+00:00,finished,1,0-2,Venezia,Thierry Correia,D,64,6.3,50,0,0,0.2231,0.0408928,3,1,1,26,17,0,0,3,1,4,1,3,6,0,0,2,1,0,0,6,1,1,18,0,3,0,0,0,1,0,2026-09-02T00:09:08.852416+00:00
Italia Serie A 2026/2027,Venezia - Lecce,2026-08-23T16:30:00+00:00,finished,1,0-2,Lecce,Tiago Gabriel,D,16,7.4,9,1,0,0.7875,0.00075558,1,1,0,5,5,1,1,0,0,0,0,1,0,1,0,0,0,3,0,1,0,0,0,0,0,0,0,0,0,0,2026-09-02T00:09:08.852256+00:00
Italia Serie A 2026/2027,Venezia - Lecce,2026-08-23T16:30:00+00:00,finished,1,0-2,Venezia,Toma Bašić,M,85,6.8,71,0,0,,0.375348,0,0,3,51,41,4,2,8,2,1,1,3,4,0,1,1,1,2,0,2,0,0,21,1,1,0,0,0,2,0,2026-09-02T00:09:08.852396+00:00
Italia Serie A 2026/2027,Venezia - Lecce,2026-08-23T16:30:00+00:00,finished,1,0-2,Lecce,Willem Geubbels,F,74,5.8,26,0,0,,0.0218646,0,0,0,9,6,0,0,0,0,4,1,4,14,1,8,1,1,0,0,1,0,0,13,1,3,0,0,0,0,0,2026-09-02T00:09:08.852202+00:00
Italia Serie A 2026/2027,Venezia - Lecce,2026-08-23T16:30:00+00:00,finished,1,0-2,Lecce,Wladimiro Falcone,G,90,9.9,43,0,0,,0.00177402,0,0,0,34,13,28,7,0,0,0,0,0,0,0,0,0,0,0,0,10,0,0,21,0,0,0,0,6,0,0,2026-09-02T00:09:08.852173+00:00
Italia Serie A 2026/2027,Venezia - Lecce,2026-08-23T16:30:00+00:00,finished,1,0-2,Lecce,Youssef Maleh,M,29,6.8,20,0,0,0.0299,0.452369,1,1,1,9,7,0,0,3,1,1,0,2,2,0,1,1,1,0,0,0,0,0,6,1,0,0,0,0,0,0,2026-09-02T00:09:08.852247+00:00
Italia Serie A 2026/2027,Venezia - Lecce,2026-08-23T16:30:00+00:00,finished,1,0-2,Venezia,Þórir Jóhann Helgason,M,0,,0,0,0,,,0,0,0,0,0,0,0,0,0,0,0,0,0,0,0,0,0,0,0,0,0,0,0,0,0,0,0,0,0,0,2026-09-02T00:09:08.852542+00:00
Italia Serie A 2026/2027,Atalanta - Sassuolo,2026-08-23T18:45:00+00:00,finished,1,2-1,Sassuolo,,,74,5.8,47,0,0,,0.00094171,0,0,0,43,42,0,0,0,0,0,0,1,0,1,0,0,0,2,0,1,0,0,3,0,0,0,0,0,2,0,2026-09-02T00:09:09.643762+00:00
Italia Serie A 2026/2027,Atalanta - Sassuolo,2026-08-23T18:45:00+00:00,finished,1,2-1,Sassuolo,,,2,,4,0,0,,0.00431098,0,0,0,4,4,0,0,0,0,0,0,0,0,0,0,0,0,0,0,0,0,0,0,0,0,0,0,0,0,0,2026-09-02T00:09:09.643824+00:00
Italia Serie A 2026/2027,Atalanta - Sassuolo,2026-08-23T18:45:00+00:00,finished,1,2-1,Sassuolo,,,0,,0,0,0,,,0,0,0,0,0,0,0,0,0,0,0,0,0,0,0,0,0,0,0,0,0,0,0,0,0,0,0,0,0,0,2026-09-02T00:09:09.643863+00:00
Italia Serie A 2026/2027,Atalanta - Sassuolo,2026-08-23T18:45:00+00:00,finished,1,2-1,Sassuolo,,,0,,0,0,0,,,0,0,0,0,0,0,0,0,0,0,0,0,0,0,0,0,0,0,0,0,0,0,0,0,0,0,0,0,0,0,2026-09-02T00:09:09.643908+00:00
Italia Serie A 2026/2027,Atalanta - Sassuolo,2026-08-23T18:45:00+00:00,finished,1,2-1,Sassuolo,,,0,,0,0,0,,,0,0,0,0,0,0,0,0,0,0,0,0,0,0,0,0,0,0,0,0,0,0,0,0,0,0,0,0,0,0,2026-09-02T00:09:09.643917+00:00
Italia Serie A 2026/2027,Atalanta - Sassuolo,2026-08-23T18:45:00+00:00,finished,1,2-1,Sassuolo,Andrea Ghion,M,0,,0,0,0,,,0,0,0,0,0,0,0,0,0,0,0,0,0,0,0,0,0,0,0,0,0,0,0,0,0,0,0,0,0,0,2026-09-02T00:09:09.643926+00:00
Italia Serie A 2026/2027,Atalanta - Sassuolo,2026-08-23T18:45:00+00:00,finished,1,2-1,Sassuolo,Arijanet Murić,G,90,6.8,33,0,0,,0.00022505,0,0,0,22,20,3,1,0,0,0,0,0,0,0,0,0,0,1,0,7,0,0,2,0,0,0,0,5,2,0,2026-09-02T00:09:09.643650+00:00
Italia Serie A 2026/2027,Atalanta - Sassuolo,2026-08-23T18:45:00+00:00,finished,1,2-1,Sassuolo,Armand Laurienté,F,90,6.7,55,0,0,0.3268,0.448043,6,2,2,34,33,1,1,2,0,3,1,2,7,0,0,1,0,0,0,3,1,3,9,0,1,0,0,0,2,0,2026-09-02T00:09:09.643694+00:00
Italia Serie A 2026/2027,Atalanta - Sassuolo,2026-08-23T18:45:00+00:00,finished,1,2-1,Sassuolo,Benjamín Domínguez,M,16,6.3,7,0,0,0.0108,0.00067283,1,0,0,3,2,0,0,0,0,1,0,0,2,0,0,0,0,0,0,0,0,0,4,0,1,0,0,0,0,0,2026-09-02T00:09:09.643807+00:00
Italia Serie A 2026/2027,Atalanta - Sassuolo,2026-08-23T18:45:00+00:00,finished,1,2-1,Sassuolo,Cas Odenthal,D,90,7.4,72,1,0,0.6432,0.00525719,1,1,1,67,65,4,3,0,0,0,0,1,3,1,0,0,0,0,0,3,0,0,4,0,2,0,0,0,2,0,2026-09-02T00:09:09.643722+00:00
Italia Serie A 2026/2027,Atalanta - Sassuolo,2026-08-23T18:45:00+00:00,finished,1,2-1,Atalanta,Charles De Ketelaere,F,30,7.1,25,0,0,,0.0471565,0,0,1,19,16,2,0,0,0,1,1,3,1,0,0,1,0,0,0,1,0,1,6,1,0,0,0,0,0,0,2026-09-02T00:09:09.644060+00:00
Italia Serie A 2026/2027,Atalanta - Sassuolo,2026-08-23T18:45:00+00:00,finished,1,2-1,Sassuolo,Cristian Volpato,M,88,7.1,54,0,0,0.0766,0.332963,2,2,5,35,29,1,1,3,1,4,1,4,5,0,0,1,1,0,0,4,0,0,14,2,2,0,0,0,2,0,2026-09-02T00:09:09.643747+00:00
Italia Serie A 2026/2027,Atalanta - Sassuolo,2026-08-23T18:45:00+00:00,finished,1,2-1,Sassuolo,Darryl Bakola,M,90,7.2,70,0,0,0.0733,0.0206983,1,0,0,58,46,4,2,0,0,2,1,9,2,0,0,5,2,0,1,11,0,0,13,3,0,0,0,0,2,0,2026-09-02T00:09:09.643705+00:00
Italia Serie A 2026/2027,Atalanta - Sassuolo,2026-08-23T18:45:00+00:00,finished,1,2-1,Atalanta,Davide Zappacosta,M,90,7.0,77,0,0,0.0519,0.253444,2,0,0,58,53,3,1,4,1,0,0,2,0,0,0,2,2,0,0,3,1,0,10,0,0,0,0,0,1,0,2026-09-02T00:09:09.643964+00:00
Italia Serie A 2026/2027,Atalanta - Sassuolo,2026-08-23T18:45:00+00:00,finished,1,2-1,Atalanta,Eljif Elmas,M,8,6.5,6,0,0,,0.00186764,0,0,0,5,5,0,0,0,0,0,0,0,0,0,0,0,0,0,1,1,0,0,0,0,0,0,0,0,0,0,2026-09-02T00:09:09.644086+00:00
Italia Serie A 2026/2027,Atalanta - Sassuolo,2026-08-23T18:45:00+00:00,finished,1,2-1,Sassuolo,Fedde Leysen,D,16,7.0,23,0,0,,0.00295437,0,0,0,20,19,0,0,0,0,0,0,1,0,1,0,0,0,0,2,2,0,0,1,0,0,0,0,0,0,0,2026-09-02T00:09:09.643815+00:00
Italia Serie A 2026/2027,Atalanta - Sassuolo,2026-08-23T18:45:00+00:00,finished,1,2-1,Atalanta,Federico Cassa,M,0,,0,0,0,,,0,0,0,0,0,0,0,0,0,0,0,0,0,0,0,0,0,0,0,0,0,0,0,0,0,0,0,0,0,0,2026-09-02T00:09:09.645182+00:00
Italia Serie A 2026/2027,Atalanta - Sassuolo,2026-08-23T18:45:00+00:00,finished,1,2-1,Sassuolo,Gabriel Kulla,F,2,,1,0,0,,0.00315939,0,0,0,1,1,1,1,0,0,0,0,0,1,0,1,0,0,0,0,0,0,0,0,0,0,0,0,0,0,0,2026-09-02T00:09:09.643832+00:00
Italia Serie A 2026/2027,Atalanta - Sassuolo,2026-08-23T18:45:00+00:00,finished,1,2-1,Atalanta,Giacomo Raspadori,F,82,8.3,34,1,0,0.2098,0.0647282,3,1,0,17,16,3,3,1,0,0,0,6,1,0,0,3,2,0,2,2,2,0,6,3,1,0,0,0,1,0,2026-09-02T00:09:09.644008+00:00
Italia Serie A 2026/2027,Atalanta - Sassuolo,2026-08-23T18:45:00+00:00,finished,1,2-1,Atalanta,Gianluca Gaetano,M,90,7.1,81,0,1,0.0117,0.045039,1,1,1,68,63,2,0,0,0,0,0,5,4,0,0,4,2,1,1,2,0,2,7,1,1,0,0,0,1,0,2026-09-02T00:09:09.643991+00:00
Italia Serie A 2026/2027,Atalanta - Sassuolo,2026-08-23T18:45:00+00:00,finished,1,2-1,Atalanta,Gianluca Scamacca,F,60,7.1,31,0,0,,0.351536,0,0,1,23,22,0,0,0,0,0,0,2,2,0,0,2,2,0,0,3,0,1,3,0,0,0,0,0,1,0,2026-09-02T00:09:09.644035+00:00
Italia Serie A 2026/2027,Atalanta - Sassuolo,2026-08-23T18:45:00+00:00,finished,1,2-1,Atalanta,Giorgio Scalvini,D,90,6.7,105,0,0,0.0399,0.0130972,1,0,0,98,95,5,3,0,0,0,0,1,4,1,1,0,0,1,0,1,0,1,6,0,1,0,0,0,1,0,2026-09-02T00:09:09.643999+00:00
Italia Serie A 2026/2027,Atalanta - Sassuolo,2026-08-23T18:45:00+00:00,finished,1,2-1,Atalanta,Ibrahim Sulemana,M,0,,0,0,0,,,0,0,0,0,0,0,0,0,0,0,0,0,0,0,0,0,0,0,0,0,0,0,0,0,0,0,0,0,0,0,2026-09-02T00:09:09.645241+00:00
Italia Serie A 2026/2027,Atalanta - Sassuolo,2026-08-23T18:45:00+00:00,finished,1,2-1,Sassuolo,Jay Idzes,D,0,,0,0,0,,,0,0,0,0,0,0,0,0,0,0,0,0,0,0,0,0,0,0,0,0,0,0,0,0,0,0,0,0,0,0,2026-09-02T00:09:09.643855+00:00
Italia Serie A 2026/2027,Atalanta - Sassuolo,2026-08-23T18:45:00+00:00,finished,1,2-1,Sassuolo,Josh Doig,D,90,7.3,63,0,0,0.0202,0.0692839,1,0,3,35,31,3,1,4,1,0,0,5,1,1,0,4,3,4,1,1,1,0,11,0,1,0,0,0,2,0,2026-09-02T00:09:09.643714+00:00
Italia Serie A 2026/2027,Atalanta - Sassuolo,2026-08-23T18:45:00+00:00,finished,1,2-1,Sassuolo,Kieron Bowie,F,88,6.4,20,0,0,0.6156,0.259537,2,0,3,13,10,0,0,0,0,0,0,2,1,1,0,0,0,0,0,1,0,0,6,1,1,0,0,0,2,0,2026-09-02T00:09:09.643738+00:00
Italia Serie A 2026/2027,Atalanta - Sassuolo,2026-08-23T18:45:00+00:00,finished,1,2-1,Sassuolo,Kristian Thorstvedt,M,26,6.7,29,0,0,0.0714,0.0209519,2,1,0,24,23,1,1,0,0,0,0,2,0,0,0,0,0,0,0,3,1,0,1,2,0,0,0,0,1,0,2026-09-02T00:09:09.643798+00:00
Italia Serie A 2026/2027,Atalanta - Sassuolo,2026-08-23T18:45:00+00:00,finished,1,2-1,Atalanta,Lazar Samardžić,M,30,6.9,22,0,0,0.024,0.0286085,1,0,2,14,12,1,1,1,1,1,0,3,3,0,1,2,0,0,0,1,0,0,3,1,1,0,0,0,0,0,2026-09-02T00:09:09.644069+00:00
Italia Serie A 2026/2027,Atalanta - Sassuolo,2026-08-23T18:45:00+00:00,finished,1,2-1,Atalanta,Lorenzo Bernasconi,M,71,6.3,39,0,0,,0.0201057,0,0,0,27,24,3,2,3,0,0,0,0,2,0,1,0,0,0,1,0,0,0,6,0,0,0,0,0,1,0,2026-09-02T00:09:09.644018+00:00
Italia Serie A 2026/2027,Atalanta - Sassuolo,2026-08-23T18:45:00+00:00,finished,1,2-1,Sassuolo,Luca Lipani,M,0,,0,0,0,,,0,0,0,0,0,0,0,0,0,0,0,0,0,0,0,0,0,0,0,0,0,0,0,0,0,0,0,0,0,0,2026-09-02T00:09:09.643935+00:00
Italia Serie A 2026/2027,Atalanta - Sassuolo,2026-08-23T18:45:00+00:00,finished,1,2-1,Atalanta,Marco Carnesecchi,G,90,7.7,52,0,0,,0.00046369,0,0,0,41,28,16,4,0,0,0,0,0,0,0,0,0,0,1,0,9,0,0,13,0,0,0,0,7,1,1,2026-09-02T00:09:09.643972+00:00
Italia Serie A 2026/2027,Atalanta - Sassuolo,2026-08-23T18:45:00+00:00,finished,1,2-1,Atalanta,Marco Sportiello,G,0,,0,0,0,,,0,0,0,0,0,0,0,0,0,0,0,0,0,0,0,0,0,0,0,0,0,0,0,0,0,0,0,0,0,0,2026-09-02T00:09:09.645212+00:00
Italia Serie A 2026/2027,Atalanta - Sassuolo,2026-08-23T18:45:00+00:00,finished,1,2-1,Atalanta,Mario Pašalić,M,60,6.5,46,0,0,,0.00931599,0,0,0,39,35,0,0,0,0,0,0,1,4,0,0,1,1,1,0,0,0,1,6,0,1,0,0,0,1,0,2026-09-02T00:09:09.644027+00:00
Italia Serie A 2026/2027,Atalanta - Sassuolo,2026-08-23T18:45:00+00:00,finished,1,2-1,Atalanta,Marten de Roon,M,0,,0,0,0,,,0,0,0,0,0,0,0,0,0,0,0,0,0,0,0,0,0,0,0,0,0,0,0,0,0,0,0,0,0,0,2026-09-02T00:09:09.645222+00:00
Italia Serie A 2026/2027,Atalanta - Sassuolo,2026-08-23T18:45:00+00:00,finished,1,2-1,Sassuolo,Nemanja Matić,M,74,7.0,62,0,0,0.0214,0.011304,1,0,1,52,46,6,5,0,0,2,2,3,1,0,0,0,0,1,2,9,0,1,7,1,0,0,0,0,2,0,2026-09-02T00:09:09.643778+00:00
Italia Serie A 2026/2027,Atalanta - Sassuolo,2026-08-23T18:45:00+00:00,finished,1,2-1,Sassuolo,Nicholas Pierini,F,0,,0,0,0,,,0,0,0,0,0,0,0,0,0,0,0,0,0,0,0,0,0,0,0,0,0,0,0,0,0,0,0,0,0,0,2026-09-02T00:09:09.643839+00:00
Italia Serie A 2026/2027,Atalanta - Sassuolo,2026-08-23T18:45:00+00:00,finished,1,2-1,Atalanta,Nicola Zalewski,M,60,7.6,43,0,0,0.1361,0.0489046,1,1,2,31,29,2,2,0,0,4,2,3,2,0,0,0,0,3,0,2,0,0,5,1,0,0,0,0,1,0,2026-09-02T00:09:09.644043+00:00
Italia Serie A 2026/2027,Atalanta - Sassuolo,2026-08-23T18:45:00+00:00,finished,1,2-1,Atalanta,Nikola Krstović,F,30,7.2,16,1,0,0.1981,0.00554351,3,2,1,11,9,1,1,0,0,0,0,0,4,0,2,0,0,0,0,2,0,0,3,0,2,0,0,0,0,0,2026-09-02T00:09:09.644052+00:00
Italia Serie A 2026/2027,Atalanta - Sassuolo,2026-08-23T18:45:00+00:00,finished,1,2-1,Atalanta,Odilon Kossounou,D,90,6.3,101,0,0,,0.00722193,0,0,0,92,89,1,0,0,0,0,0,0,3,0,2,0,0,4,1,7,0,1,4,0,0,0,0,0,1,0,2026-09-02T00:09:09.643955+00:00
Italia Serie A 2026/2027,Atalanta - Sassuolo,2026-08-23T18:45:00+00:00,finished,1,2-1,Atalanta,Paolo Vismara,G,0,,0,0,0,,,0,0,0,0,0,0,0,0,0,0,0,0,0,0,0,0,0,0,0,0,0,0,0,0,0,0,0,0,0,0,2026-09-02T00:09:09.645230+00:00
Italia Serie A 2026/2027,Atalanta - Sassuolo,2026-08-23T18:45:00+00:00,finished,1,2-1,Sassuolo,Patrick Amiamo Nuamah,F,0,,0,0,0,,,0,0,0,0,0,0,0,0,0,0,0,0,0,0,0,0,0,0,0,0,0,0,0,0,0,0,0,0,0,0,2026-09-02T00:09:09.643946+00:00
Italia Serie A 2026/2027,Atalanta - Sassuolo,2026-08-23T18:45:00+00:00,finished,1,2-1,Sassuolo,Rafael Obrador,M,0,,0,0,0,,,0,0,0,0,0,0,0,0,0,0,0,0,0,0,0,0,0,0,0,0,0,0,0,0,0,0,0,0,0,0,2026-09-02T00:09:09.643893+00:00
Italia Serie A 2026/2027,Atalanta - Sassuolo,2026-08-23T18:45:00+00:00,finished,1,2-1,Atalanta,Raoul Bellanova,M,0,,0,0,0,,,0,0,0,0,0,0,0,0,0,0,0,0,0,0,0,0,0,0,0,0,0,0,0,0,0,0,0,0,0,0,2026-09-02T00:09:09.644094+00:00
Italia Serie A 2026/2027,Atalanta - Sassuolo,2026-08-23T18:45:00+00:00,finished,1,2-1,Atalanta,Relja Obrić,D,0,,0,0,0,,,0,0,0,0,0,0,0,0,0,0,0,0,0,0,0,0,0,0,0,0,0,0,0,0,0,0,0,0,0,0,2026-09-02T00:09:09.645261+00:00
Italia Serie A 2026/2027,Atalanta - Sassuolo,2026-08-23T18:45:00+00:00,finished,1,2-1,Atalanta,Sead Kolašinac,D,19,6.8,19,0,0,,0.0176303,0,0,0,15,14,2,1,0,0,0,0,0,1,0,0,0,0,2,0,1,0,0,2,0,1,0,0,0,0,0,2026-09-02T00:09:09.644078+00:00
Italia Serie A 2026/2027,Atalanta - Sassuolo,2026-08-23T18:45:00+00:00,finished,1,2-1,Sassuolo,Simone Cinquegrano,D,90,6.6,60,0,0,0.0237,0.047602,1,0,1,35,34,1,1,5,1,3,1,3,4,1,0,1,1,6,1,4,0,0,10,0,2,0,0,0,2,0,2026-09-02T00:09:09.643730+00:00
Italia Serie A 2026/2027,Atalanta - Sassuolo,2026-08-23T18:45:00+00:00,finished,1,2-1,Sassuolo,Stefano Turati,G,0,,0,0,0,,,0,0,0,0,0,0,0,0,0,0,0,0,0,0,0,0,0,0,0,0,0,0,0,0,0,0,0,0,0,0,2026-09-02T00:09:09.643847+00:00
Italia Serie A 2026/2027,Atalanta - Sassuolo,2026-08-23T18:45:00+00:00,finished,1,2-1,Sassuolo,Vasilije Adžić,M,64,6.4,27,0,0,0.8432,0.0385227,4,2,2,16,13,0,0,2,1,0,0,1,2,1,0,0,0,1,0,0,2,2,6,0,0,0,0,0,1,0,2026-09-02T00:09:09.643788+00:00
Italia Serie A 2026/2027,Atalanta - Sassuolo,2026-08-23T18:45:00+00:00,finished,1,2-1,Atalanta,Éderson,M,90,6.5,53,0,0,0.0411,0.00952682,2,2,1,37,33,1,1,1,0,0,0,4,4,0,0,1,1,1,1,4,0,3,9,3,1,0,0,0,1,0,2026-09-02T00:09:09.643982+00:00
Italia Serie A 2026/2027,Torino - AC Milan,2026-08-23T18:45:00+00:00,finished,1,1-2,AC Milan,,,0,,0,0,0,,,0,0,0,0,0,0,0,0,0,0,0,0,0,0,0,0,0,0,0,0,0,0,0,0,0,0,0,0,0,0,2026-09-02T00:09:09.458706+00:00
Italia Serie A 2026/2027,Torino - AC Milan,2026-08-23T18:45:00+00:00,finished,1,1-2,AC Milan,,,0,,0,0,0,,,0,0,0,0,0,0,0,0,0,0,0,0,0,0,0,0,0,0,0,0,0,0,0,0,0,0,0,0,0,0,2026-09-02T00:09:09.458732+00:00
Italia Serie A 2026/2027,Torino - AC Milan,2026-08-23T18:45:00+00:00,finished,1,1-2,Torino,,,70,7.0,28,0,0,,0.0829387,0,0,1,16,12,1,1,1,0,2,1,3,3,0,1,1,1,0,0,2,0,0,7,1,1,0,0,0,2,0,2026-09-02T00:09:09.458821+00:00
Italia Serie A 2026/2027,Torino - AC Milan,2026-08-23T18:45:00+00:00,finished,1,1-2,Torino,,,20,6.9,20,0,0,0.101,0.144984,1,0,1,8,4,0,0,2,1,3,2,4,3,1,0,1,0,0,0,2,0,2,9,0,0,0,0,0,0,0,2026-09-02T00:09:09.458885+00:00
Italia Serie A 2026/2027,Torino - AC Milan,2026-08-23T18:45:00+00:00,finished,1,1-2,Torino,,,0,,0,0,0,,,0,0,0,0,0,0,0,0,0,0,0,0,0,0,0,0,0,0,0,0,0,0,0,0,0,0,0,0,0,0,2026-09-02T00:09:09.458934+00:00
Italia Serie A 2026/2027,Torino - AC Milan,2026-08-23T18:45:00+00:00,finished,1,1-2,Torino,,,0,,0,0,0,,,0,0,0,0,0,0,0,0,0,0,0,0,0,0,0,0,0,0,0,0,0,0,0,0,0,0,0,0,0,0,2026-09-02T00:09:09.458942+00:00
Italia Serie A 2026/2027,Torino - AC Milan,2026-08-23T18:45:00+00:00,finished,1,1-2,AC Milan,Adrien Rabiot,M,34,7.4,20,1,1,0.3437,0.0193354,1,1,1,12,8,0,0,1,1,1,0,2,3,1,0,0,0,1,0,1,0,1,6,1,1,0,0,0,1,0,2026-09-02T00:09:09.458665+00:00
Italia Serie A 2026/2027,Torino - AC Milan,2026-08-23T18:45:00+00:00,finished,1,1-2,Torino,Alberto Paleari,G,0,,0,0,0,,,0,0,0,0,0,0,0,0,0,0,0,0,0,0,0,0,0,0,0,0,0,0,0,0,0,0,0,0,0,0,2026-09-02T00:09:09.458927+00:00
Italia Serie A 2026/2027,Torino - AC Milan,2026-08-23T18:45:00+00:00,finished,1,1-2,Torino,Alessio Cacciamani,M,81,6.5,32,0,0,,0.00391405,0,0,0,15,12,0,0,3,0,2,1,2,2,0,0,1,1,1,1,3,0,0,8,0,1,0,0,0,2,0,2026-09-02T00:09:09.458799+00:00
Italia Serie A 2026/2027,Torino - AC Milan,2026-08-23T18:45:00+00:00,finished,1,1-2,AC Milan,Alexis Saelemaekers,M,24,6.5,19,0,0,0.0691,0.013588,1,0,0,12,10,1,0,0,0,1,0,2,2,0,0,2,2,1,1,3,0,0,4,0,1,0,0,0,1,0,2026-09-02T00:09:09.458679+00:00
Italia Serie A 2026/2027,Torino - AC Milan,2026-08-23T18:45:00+00:00,finished,1,1-2,AC Milan,Alphadjo Cissè,F,66,7.9,43,1,0,0.3124,0.0777314,4,1,1,25,21,2,1,5,1,1,0,6,4,0,0,2,2,0,0,4,1,0,10,4,1,0,0,0,0,0,2026-09-02T00:09:09.458630+00:00
Italia Serie A 2026/2027,Torino - AC Milan,2026-08-23T18:45:00+00:00,finished,1,1-2,Torino,Andrea Luongo,M,0,,0,0,0,,,0,0,0,0,0,0,0,0,0,0,0,0,0,0,0,0,0,0,0,0,0,0,0,0,0,0,0,0,0,0,2026-09-02T00:09:09.458956+00:00
Italia Serie A 2026/2027,Torino - AC Milan,2026-08-23T18:45:00+00:00,finished,1,1-2,Torino,Ardian Ismajli,D,90,6.4,77,0,0,,0.00864259,0,0,0,60,55,3,1,0,0,0,0,3,6,1,5,1,1,6,4,4,0,0,6,1,0,0,0,0,2,0,2026-09-02T00:09:09.458785+00:00
Italia Serie A 2026/2027,Torino - AC Milan,2026-08-23T18:45:00+00:00,finished,1,1-2,AC Milan,Ardon Jashari,M,56,6.9,55,0,0,,0.0381364,0,0,2,50,47,5,4,0,0,0,0,0,2,0,0,0,0,1,0,2,0,0,4,0,2,0,0,0,0,0,2026-09-02T00:09:09.458651+00:00
Italia Serie A 2026/2027,Torino - AC Milan,2026-08-23T18:45:00+00:00,finished,1,1-2,Torino,Cesare Casadei,M,70,6.7,24,0,0,,0.00184517,0,0,0,17,11,2,1,1,0,0,0,5,6,2,3,2,1,1,0,5,0,1,8,1,1,0,0,0,2,0,2026-09-02T00:09:09.458844+00:00
Italia Serie A 2026/2027,Torino - AC Milan,2026-08-23T18:45:00+00:00,finished,1,1-2,Torino,Che Adams,F,20,7.3,15,1,0,0.085,0.00280503,1,1,0,11,8,0,0,0,0,0,0,1,2,1,0,0,0,0,0,0,0,2,6,0,0,0,0,0,0,0,2026-09-02T00:09:09.458860+00:00
Italia Serie A 2026/2027,Torino - AC Milan,2026-08-23T18:45:00+00:00,finished,1,1-2,AC Milan,Christian Comotto,M,0,,0,0,0,,,0,0,0,0,0,0,0,0,0,0,0,0,0,0,0,0,0,0,0,0,0,0,0,0,0,0,0,0,0,0,2026-09-02T00:09:09.458700+00:00
Italia Serie A 2026/2027,Torino - AC Milan,2026-08-23T18:45:00+00:00,finished,1,1-2,AC Milan,Christian Pulišić,F,0,,0,0,0,,,0,0,0,0,0,0,0,0,0,0,0,0,0,0,0,0,0,0,0,0,0,0,0,0,0,0,0,0,0,0,2026-09-02T00:09:09.458692+00:00
Italia Serie A 2026/2027,Torino - AC Milan,2026-08-23T18:45:00+00:00,finished,1,1-2,Torino,Cristiano Biraghi,D,0,,0,0,0,,,0,0,0,0,0,0,0,0,0,0,0,0,0,0,0,0,0,0,0,0,0,0,0,0,0,0,0,0,0,0,2026-09-02T00:09:09.458949+00:00
Italia Serie A 2026/2027,Torino - AC Milan,2026-08-23T18:45:00+00:00,finished,1,1-2,AC Milan,Davide Bartesaghi,M,24,6.8,13,0,0,,0.193473,0,0,2,8,7,0,0,1,1,0,0,1,1,1,0,0,0,1,0,0,0,0,1,0,0,0,0,0,1,0,2026-09-02T00:09:09.458673+00:00
Italia Serie A 2026/2027,Torino - AC Milan,2026-08-23T18:45:00+00:00,finished,1,1-2,Torino,Diego Mascardi,G,90,6.1,51,0,0,,0.00048177,0,0,0,39,21,20,2,0,0,0,0,0,0,0,0,0,0,3,0,9,0,0,19,0,0,0,0,2,2,2,2026-09-02T00:09:09.458758+00:00
Italia Serie A 2026/2027,Torino - AC Milan,2026-08-23T18:45:00+00:00,finished,1,1-2,AC Milan,Diego Moreira,M,0,,0,0,0,,,0,0,0,0,0,0,0,0,0,0,0,0,0,0,0,0,0,0,0,0,0,0,0,0,0,0,0,0,0,0,2026-09-02T00:09:09.458739+00:00
Italia Serie A 2026/2027,Torino - AC Milan,2026-08-23T18:45:00+00:00,finished,1,1-2,Torino,Duván Zapata,F,0,,0,0,0,,,0,0,0,0,0,0,0,0,0,0,0,0,0,0,0,0,0,0,0,0,0,0,0,0,0,0,0,0,0,0,2026-09-02T00:09:09.458920+00:00
Italia Serie A 2026/2027,Torino - AC Milan,2026-08-23T18:45:00+00:00,finished,1,1-2,Torino,Emirhan İlkhan,M,0,,0,0,0,,,0,0,0,0,0,0,0,0,0,0,0,0,0,0,0,0,0,0,0,0,0,0,0,0,0,0,0,0,0,0,2026-09-02T00:09:09.458963+00:00
Italia Serie A 2026/2027,Torino - AC Milan,2026-08-23T18:45:00+00:00,finished,1,1-2,AC Milan,Filippo Terracciano,D,0,,0,0,0,,,0,0,0,0,0,0,0,0,0,0,0,0,0,0,0,0,0,0,0,0,0,0,0,0,0,0,0,0,0,0,2026-09-02T00:09:09.458726+00:00
Italia Serie A 2026/2027,Torino - AC Milan,2026-08-23T18:45:00+00:00,finished,1,1-2,AC Milan,Francesco Camarda,F,0,,0,0,0,,,0,0,0,0,0,0,0,0,0,0,0,0,0,0,0,0,0,0,0,0,0,0,0,0,0,0,0,0,0,0,2026-09-02T00:09:09.458745+00:00
Italia Serie A 2026/2027,Torino - AC Milan,2026-08-23T18:45:00+00:00,finished,1,1-2,Torino,Gaetano Oristanio,M,0,,0,0,0,,,0,0,0,0,0,0,0,0,0,0,0,0,0,0,0,0,0,0,0,0,0,0,0,0,0,0,0,0,0,0,2026-09-02T00:09:09.458970+00:00
Italia Serie A 2026/2027,Torino - AC Milan,2026-08-23T18:45:00+00:00,finished,1,1-2,Torino,Giovanni Simeone,F,70,6.1,20,0,0,0.1728,0.00103512,2,0,0,13,10,0,0,0,0,0,0,1,5,0,3,0,0,0,0,1,2,2,7,1,0,0,0,0,2,0,2026-09-02T00:09:09.458835+00:00
Italia Serie A 2026/2027,Torino - AC Milan,2026-08-23T18:45:00+00:00,finished,1,1-2,AC Milan,Gonçalo Ramos,F,90,6.1,40,0,0,0.3778,0.0543263,5,1,1,25,17,1,1,0,0,3,1,5,6,4,2,0,0,1,1,5,2,1,13,0,1,0,0,0,1,0,2026-09-02T00:09:09.458538+00:00
Italia Serie A 2026/2027,Torino - AC Milan,2026-08-23T18:45:00+00:00,finished,1,1-2,Torino,Gvidas Gineitis,M,90,6.8,42,0,1,,0.0397294,0,0,1,30,26,4,2,3,1,0,0,3,0,0,0,1,1,2,0,2,0,0,6,2,0,0,0,0,2,0,2026-09-02T00:09:09.458779+00:00
Italia Serie A 2026/2027,Torino - AC Milan,2026-08-23T18:45:00+00:00,finished,1,1-2,Torino,Kian Fitz-Jim,M,90,6.9,63,0,0,0.0172,0.202479,1,0,3,54,48,3,1,1,0,1,1,2,1,0,0,1,1,0,1,5,0,1,8,0,0,0,0,0,2,0,2026-09-02T00:09:09.458771+00:00
Italia Serie A 2026/2027,Torino - AC Milan,2026-08-23T18:45:00+00:00,finished,1,1-2,AC Milan,Koni De Winter,D,90,7.4,80,0,0,0.0925,0.00865232,1,0,0,65,62,2,1,0,0,0,0,7,2,2,1,5,4,2,2,1,1,0,3,0,1,0,0,0,1,0,2026-09-02T00:09:09.458591+00:00
Italia Serie A 2026/2027,Torino - AC Milan,2026-08-23T18:45:00+00:00,finished,1,1-2,Torino,Lapo Siviero,G,0,,0,0,0,,,0,0,0,0,0,0,0,0,0,0,0,0,0,0,0,0,0,0,0,0,0,0,0,0,0,0,0,0,0,0,2026-09-02T00:09:09.458977+00:00
Italia Serie A 2026/2027,Torino - AC Milan,2026-08-23T18:45:00+00:00,finished,1,1-2,AC Milan,Lorenzo Torriani,G,0,,0,0,0,,,0,0,0,0,0,0,0,0,0,0,0,0,0,0,0,0,0,0,0,0,0,0,0,0,0,0,0,0,0,0,2026-09-02T00:09:09.458713+00:00
Italia Serie A 2026/2027,Torino - AC Milan,2026-08-23T18:45:00+00:00,finished,1,1-2,AC Milan,Luka Modrić,M,34,6.8,23,0,0,,0.0566854,0,0,1,19,18,5,4,2,1,0,0,0,0,0,0,0,0,1,0,2,0,0,2,0,0,0,0,0,1,0,2026-09-02T00:09:09.458658+00:00
Italia Serie A 2026/2027,Torino - AC Milan,2026-08-23T18:45:00+00:00,finished,1,1-2,AC Milan,Mario Gila,D,76,7.7,87,0,0,,0.115283,0,0,1,76,70,12,10,1,1,0,0,5,4,3,2,1,1,0,1,4,0,0,7,1,1,0,0,0,0,0,2026-09-02T00:09:09.458622+00:00
Italia Serie A 2026/2027,Torino - AC Milan,2026-08-23T18:45:00+00:00,finished,1,1-2,AC Milan,Matteo Gabbia,D,14,6.4,5,0,0,,7.31e-06,0,0,0,1,1,0,0,0,0,0,0,1,1,0,1,1,0,2,0,0,0,0,0,0,0,0,0,0,1,0,2026-09-02T00:09:09.458686+00:00
Italia Serie A 2026/2027,Torino - AC Milan,2026-08-23T18:45:00+00:00,finished,1,1-2,AC Milan,Mike Maignan,G,90,6.4,37,0,0,,0.00017196,0,0,0,33,24,12,3,0,0,0,0,1,0,0,0,0,0,0,0,4,0,0,9,1,0,0,0,0,1,0,2026-09-02T00:09:09.458580+00:00
Italia Serie A 2026/2027,Torino - AC Milan,2026-08-23T18:45:00+00:00,finished,1,1-2,Torino,Niccolò Fortini,D,20,7.0,29,0,0,,0.00271738,0,0,0,16,14,0,0,2,0,0,0,3,0,0,0,1,1,0,0,3,0,0,7,2,0,0,0,0,0,0,2026-09-02T00:09:09.458853+00:00
Italia Serie A 2026/2027,Torino - AC Milan,2026-08-23T18:45:00+00:00,finished,1,1-2,Torino,Nikola Vlašić,M,90,6.3,31,0,0,,0.0062569,0,0,0,20,17,1,1,1,0,0,0,2,7,1,2,1,1,0,0,2,0,3,9,0,1,0,0,0,2,0,2026-09-02T00:09:09.458765+00:00
Italia Serie A 2026/2027,Torino - AC Milan,2026-08-23T18:45:00+00:00,finished,1,1-2,AC Milan,Pervis Estupiñán,M,66,7.4,60,0,0,0.0586,0.0620113,1,0,2,41,38,0,0,2,2,1,1,4,1,2,1,1,0,1,0,1,1,0,4,0,0,0,0,0,0,0,2026-09-02T00:09:09.458637+00:00
Italia Serie A 2026/2027,Torino - AC Milan,2026-08-23T18:45:00+00:00,finished,1,1-2,Torino,Pietro Comuzzo,D,85,6.2,45,0,0,0.2801,0.0115983,1,0,0,39,34,3,2,0,0,0,0,4,5,3,2,1,0,1,0,4,0,0,5,0,2,0,0,0,2,0,2026-09-02T00:09:09.458793+00:00
Italia Serie A 2026/2027,Torino - AC Milan,2026-08-23T18:45:00+00:00,finished,1,1-2,AC Milan,Ruben Loftus-Cheek,M,56,6.3,31,0,0,0.2039,0.0565016,4,0,3,20,20,0,0,1,1,3,1,2,4,1,1,0,0,0,0,0,1,0,4,0,1,1,0,0,0,0,2026-09-02T00:09:09.458644+00:00
Italia Serie A 2026/2027,Torino - AC Milan,2026-08-23T18:45:00+00:00,finished,1,1-2,AC Milan,Samuel Chukwueze,F,90,7.5,69,0,1,0.1493,0.488371,2,1,4,46,35,3,2,7,3,2,1,3,3,0,1,1,1,0,0,7,0,0,19,1,0,0,0,0,1,0,2026-09-02T00:09:09.458606+00:00
Italia Serie A 2026/2027,Torino - AC Milan,2026-08-23T18:45:00+00:00,finished,1,1-2,Torino,Sandro Kulenović,F,9,6.4,0,0,0,,,0,0,0,0,0,0,0,0,0,0,0,0,2,0,1,0,0,0,0,0,0,0,0,0,1,0,0,0,0,0,2026-09-02T00:09:09.458913+00:00
Italia Serie A 2026/2027,Torino - AC Milan,2026-08-23T18:45:00+00:00,finished,1,1-2,AC Milan,Sankhoun Diawara,D,0,,0,0,0,,,0,0,0,0,0,0,0,0,0,0,0,0,0,0,0,0,0,0,0,0,0,0,0,0,0,0,0,0,0,0,2026-09-02T00:09:09.458720+00:00
Italia Serie A 2026/2027,Torino - AC Milan,2026-08-23T18:45:00+00:00,finished,1,1-2,Torino,Saúl Coco,D,90,6.7,53,0,0,0.0187,0.00858958,1,0,0,42,38,3,1,0,0,1,1,5,3,2,0,2,2,5,0,3,0,0,5,0,3,0,0,0,2,0,2026-09-02T00:09:09.458752+00:00
Italia Serie A 2026/2027,Torino - AC Milan,2026-08-23T18:45:00+00:00,finished,1,1-2,AC Milan,Strahinja Pavlović,D,90,6.9,101,0,0,,0.0100151,0,0,0,84,75,7,1,0,0,2,0,6,3,2,1,2,2,4,0,4,0,0,13,2,0,0,0,0,1,0,2026-09-02T00:09:09.458599+00:00
Italia Serie A 2026/2027,Torino - AC Milan,2026-08-23T18:45:00+00:00,finished,1,1-2,AC Milan,Yunus Musah,M,90,6.4,45,0,0,,0.0137534,0,0,0,38,33,3,3,0,0,1,0,0,2,0,1,0,0,1,1,6,0,0,6,0,0,0,0,0,1,0,2026-09-02T00:09:09.458614+00:00
Italia Serie A 2026/2027,Torino - AC Milan,2026-08-23T18:45:00+00:00,finished,1,1-2,Torino,Zakaria Aboukhlal,F,9,6.4,7,0,0,0.3366,0.00147217,1,0,0,5,5,0,0,0,0,0,0,0,0,0,0,0,0,0,0,1,0,0,1,0,0,0,0,0,0,0,2026-09-02T00:09:09.458903+00:00
Italia Serie A 2026/2027,Bologna - Lazio,2026-08-24T16:30:00+00:00,finished,1,0-1,Lazio,,,79,6.6,24,0,1,,0.137264,0,0,4,22,20,1,1,0,0,1,1,2,5,1,2,0,0,0,0,1,0,0,3,0,2,1,0,0,0,0,2026-09-02T00:09:09.851305+00:00
Italia Serie A 2026/2027,Bologna - Lazio,2026-08-24T16:30:00+00:00,finished,1,0-1,Lazio,,,0,,0,0,0,,,0,0,0,0,0,0,0,0,0,0,0,0,0,0,0,0,0,0,0,0,0,0,0,0,0,0,0,0,0,0,2026-09-02T00:09:09.851493+00:00
Italia Serie A 2026/2027,Bologna - Lazio,2026-08-24T16:30:00+00:00,finished,1,0-1,Bologna,Abdel Rahim,D,0,,0,0,0,,,0,0,0,0,0,0,0,0,0,0,0,0,0,0,0,0,0,0,0,0,0,0,0,0,0,0,0,0,0,0,2026-09-02T00:09:09.851249+00:00
Italia Serie A 2026/2027,Bologna - Lazio,2026-08-24T16:30:00+00:00,finished,1,0-1,Lazio,Adam Marušić,D,19,6.6,17,0,0,,0.00045179,0,0,0,10,7,1,0,0,0,0,0,2,3,0,0,1,1,1,0,0,0,2,5,1,1,0,0,0,0,0,2026-09-02T00:09:09.851382+00:00
Italia Serie A 2026/2027,Bologna - Lazio,2026-08-24T16:30:00+00:00,finished,1,0-1,Lazio,Adrian Przyborek,M,0,,0,0,0,,,0,0,0,0,0,0,0,0,0,0,0,0,0,0,0,0,0,0,0,0,0,0,0,0,0,0,0,0,0,0,2026-09-02T00:09:09.851480+00:00
Italia Serie A 2026/2027,Bologna - Lazio,2026-08-24T16:30:00+00:00,finished,1,0-1,Lazio,Alessio Romagnoli,D,0,,0,0,0,,,0,0,0,0,0,0,0,0,0,0,0,0,0,0,0,0,0,0,0,0,0,0,0,0,0,0,0,0,0,0,2026-09-02T00:09:09.851469+00:00
Italia Serie A 2026/2027,Bologna - Lazio,2026-08-24T16:30:00+00:00,finished,1,0-1,Lazio,Alfonso Pedraza,D,78,6.5,25,0,0,0.0523,0.0118241,1,0,1,11,9,0,0,3,1,2,1,1,3,0,0,0,0,0,0,2,1,0,8,0,2,0,0,0,0,0,2026-09-02T00:09:09.851311+00:00
Italia Serie A 2026/2027,Bologna - Lazio,2026-08-24T16:30:00+00:00,finished,1,0-1,Bologna,Artem Dovbyk,F,30,6.3,3,0,0,,0.00074959,0,0,0,1,1,0,0,0,0,0,0,0,1,0,0,0,0,0,0,0,0,0,2,0,1,0,0,0,0,0,2026-09-02T00:09:09.851190+00:00
Italia Serie A 2026/2027,Bologna - Lazio,2026-08-24T16:30:00+00:00,finished,1,0-1,Lazio,Christos Mandas,G,90,8.4,42,0,0,,0.00183467,0,0,0,33,20,16,4,0,0,0,0,0,0,0,0,0,0,0,0,7,0,0,13,0,0,0,0,3,0,0,2026-09-02T00:09:09.851275+00:00
Italia Serie A 2026/2027,Bologna - Lazio,2026-08-24T16:30:00+00:00,finished,1,0-1,Lazio,Danilho Doekhi,D,90,7.0,46,0,0,,0.00225734,0,0,0,35,34,1,1,0,0,0,0,4,3,1,1,0,0,5,1,3,0,0,2,3,1,0,0,0,0,0,2026-09-02T00:09:09.851281+00:00
Italia Serie A 2026/2027,Bologna - Lazio,2026-08-24T16:30:00+00:00,finished,1,0-1,Lazio,Davide Frattesi,M,36,8.3,18,1,0,0.2127,0.00153957,1,1,0,5,5,0,0,0,0,0,0,4,3,0,1,2,1,0,1,1,0,1,2,2,1,0,0,0,0,0,2026-09-02T00:09:09.851373+00:00
Italia Serie A 2026/2027,Bologna - Lazio,2026-08-24T16:30:00+00:00,finished,1,0-1,Lazio,Davide Renzetti,G,0,,0,0,0,,,0,0,0,0,0,0,0,0,0,0,0,0,0,0,0,0,0,0,0,0,0,0,0,0,0,0,0,0,0,0,2026-09-02T00:09:09.851439+00:00
Italia Serie A 2026/2027,Bologna - Lazio,2026-08-24T16:30:00+00:00,finished,1,0-1,Lazio,Edoardo Motta,G,0,,0,0,0,,,0,0,0,0,0,0,0,0,0,0,0,0,0,0,0,0,0,0,0,0,0,0,0,0,0,0,0,0,0,0,2026-09-02T00:09:09.851425+00:00
Italia Serie A 2026/2027,Bologna - Lazio,2026-08-24T16:30:00+00:00,finished,1,0-1,Bologna,Eivind Helland,D,90,6.7,77,0,0,0.1237,0.0052735,2,1,0,69,66,4,2,0,0,0,0,3,0,1,0,2,1,2,0,2,0,0,4,0,1,0,0,0,1,0,2026-09-02T00:09:09.851078+00:00
Italia Serie A 2026/2027,Bologna - Lazio,2026-08-24T16:30:00+00:00,finished,1,0-1,Bologna,Emil Holm,D,21,6.8,21,0,0,0.0398,0.00121854,1,0,0,9,7,1,1,1,0,2,1,2,1,0,0,0,0,1,0,0,1,0,6,1,0,0,0,0,0,0,2026-09-02T00:09:09.851207+00:00
Italia Serie A 2026/2027,Bologna - Lazio,2026-08-24T16:30:00+00:00,finished,1,0-1,Bologna,Federico Bernardeschi,F,30,7.4,25,0,0,0.0681,0.294152,2,1,1,7,7,1,1,4,3,3,1,4,3,1,0,0,0,0,0,1,0,1,4,2,0,0,0,0,0,0,2026-09-02T00:09:09.851196+00:00
Italia Serie A 2026/2027,Bologna - Lazio,2026-08-24T16:30:00+00:00,finished,1,0-1,Lazio,Fisayo Dele-Bashiru,M,54,6.7,27,0,0,,0.00789214,0,0,0,21,19,2,0,0,0,2,1,3,2,0,0,0,0,0,0,1,0,1,5,2,0,0,0,0,0,0,2026-09-02T00:09:09.851326+00:00
Italia Serie A 2026/2027,Bologna - Lazio,2026-08-24T16:30:00+00:00,finished,1,0-1,Lazio,Gustav Isaksen,F,45,6.7,25,0,0,0.096,0.0143567,1,0,0,12,10,1,1,0,0,1,0,4,4,0,1,1,0,1,0,1,0,1,5,3,1,0,0,0,0,0,2026-09-02T00:09:09.851359+00:00
Italia Serie A 2026/2027,Bologna - Lazio,2026-08-24T16:30:00+00:00,finished,1,0-1,Bologna,Jens Odgaard,M,90,6.4,38,0,0,0.6201,0.0124209,3,1,0,22,17,0,0,0,0,2,0,3,10,0,0,0,0,1,0,2,0,3,10,3,4,1,0,0,1,0,2026-09-02T00:09:09.851031+00:00
Italia Serie A 2026/2027,Bologna - Lazio,2026-08-24T16:30:00+00:00,finished,1,0-1,Bologna,Jonathan Rowe,F,30,6.7,18,0,0,0.3363,0.00301765,1,1,0,10,7,1,0,1,0,1,1,3,1,0,0,0,0,0,0,2,0,0,4,2,1,0,0,0,0,0,2026-09-02T00:09:09.851201+00:00
Italia Serie A 2026/2027,Bologna - Lazio,2026-08-24T16:30:00+00:00,finished,1,0-1,Bologna,Juan Miranda,D,90,6.7,61,0,0,,0.177704,0,0,2,35,29,5,2,5,3,1,0,3,3,1,0,2,1,3,1,2,0,1,14,0,0,0,0,0,1,0,2026-09-02T00:09:09.851091+00:00
Italia Serie A 2026/2027,Bologna - Lazio,2026-08-24T16:30:00+00:00,finished,1,0-1,Lazio,Kenneth Taylor,M,90,6.8,26,0,0,,0.0317593,0,0,1,21,19,1,1,0,0,1,0,2,2,0,0,1,1,0,1,3,0,0,3,1,1,0,0,0,0,0,2026-09-02T00:09:09.851293+00:00
Italia Serie A 2026/2027,Bologna - Lazio,2026-08-24T16:30:00+00:00,finished,1,0-1,Bologna,Lewis Ferguson,M,90,7.3,94,0,0,0.3167,0.351018,1,1,2,83,76,4,1,2,1,0,0,3,4,1,1,2,1,1,0,4,0,0,8,0,2,0,0,0,1,0,2026-09-02T00:09:09.851098+00:00
Italia Serie A 2026/2027,Bologna - Lazio,2026-08-24T16:30:00+00:00,finished,1,0-1,Bologna,Lorenzo De Silvestri,D,0,,0,0,0,,,0,0,0,0,0,0,0,0,0,0,0,0,0,0,0,0,0,0,0,0,0,0,0,0,0,0,0,0,0,0,2026-09-02T00:09:09.851243+00:00
Italia Serie A 2026/2027,Bologna - Lazio,2026-08-24T16:30:00+00:00,finished,1,0-1,Lazio,Manuel Lazzari,D,0,,0,0,0,,,0,0,0,0,0,0,0,0,0,0,0,0,0,0,0,0,0,0,0,0,0,0,0,0,0,0,0,0,0,0,2026-09-02T00:09:09.851475+00:00
Italia Serie A 2026/2027,Bologna - Lazio,2026-08-24T16:30:00+00:00,finished,1,0-1,Bologna,Marco Libra,M,0,,0,0,0,,,0,0,0,0,0,0,0,0,0,0,0,0,0,0,0,0,0,0,0,0,0,0,0,0,0,0,0,0,0,0,2026-09-02T00:09:09.851262+00:00
Italia Serie A 2026/2027,Bologna - Lazio,2026-08-24T16:30:00+00:00,finished,1,0-1,Bologna,Martin Vitík,D,0,,0,0,0,,,0,0,0,0,0,0,0,0,0,0,0,0,0,0,0,0,0,0,0,0,0,0,0,0,0,0,0,0,0,0,2026-09-02T00:09:09.851226+00:00
Italia Serie A 2026/2027,Bologna - Lazio,2026-08-24T16:30:00+00:00,finished,1,0-1,Bologna,Massimo Pessina,G,0,,0,0,0,,,0,0,0,0,0,0,0,0,0,0,0,0,0,0,0,0,0,0,0,0,0,0,0,0,0,0,0,0,0,0,2026-09-02T00:09:09.851231+00:00
Italia Serie A 2026/2027,Bologna - Lazio,2026-08-24T16:30:00+00:00,finished,1,0-1,Lazio,Matteo Cancellieri,F,45,6.3,24,0,0,0.0369,0.0114694,2,1,1,12,11,1,1,1,0,2,1,3,6,0,1,1,0,0,0,0,0,2,6,1,2,1,0,0,0,0,2026-09-02T00:09:09.851340+00:00
Italia Serie A 2026/2027,Bologna - Lazio,2026-08-24T16:30:00+00:00,finished,1,0-1,Lazio,Mattia Zaccagni,F,90,6.7,36,0,0,0.1149,0.0787705,3,1,1,17,14,3,2,6,2,2,1,4,3,0,0,2,1,1,1,3,1,0,9,1,1,0,0,0,0,0,2026-09-02T00:09:09.851299+00:00
Italia Serie A 2026/2027,Bologna - Lazio,2026-08-24T16:30:00+00:00,finished,1,0-1,Bologna,Mikel Amondarain,M,11,6.3,15,0,0,,0.0330606,0,0,0,14,12,1,0,1,0,0,0,0,1,0,0,0,0,0,0,1,0,0,3,0,1,0,0,0,0,0,2026-09-02T00:09:09.851213+00:00
Italia Serie A 2026/2027,Bologna - Lazio,2026-08-24T16:30:00+00:00,finished,1,0-1,Bologna,Nadir Zortea,D,69,6.6,39,0,0,0.0314,0.00432553,1,0,0,24,22,4,4,1,0,0,0,3,3,0,0,3,3,0,0,2,1,1,6,0,0,0,0,0,1,0,2026-09-02T00:09:09.851154+00:00
Italia Serie A 2026/2027,Bologna - Lazio,2026-08-24T16:30:00+00:00,finished,1,0-1,Bologna,Nicolò Cambiaghi,F,60,6.4,30,0,0,0.2117,0.00290356,2,0,0,13,11,1,1,2,0,1,1,9,7,0,1,4,2,0,1,3,1,1,6,4,4,1,0,0,1,0,2026-09-02T00:09:09.851184+00:00
Italia Serie A 2026/2027,Bologna - Lazio,2026-08-24T16:30:00+00:00,finished,1,0-1,Lazio,Nicolò Rovella,M,90,7.2,60,0,0,0.0329,0.0179408,1,0,1,47,41,2,1,0,0,1,1,5,3,0,0,2,1,4,1,8,0,1,7,2,1,0,0,0,0,0,2026-09-02T00:09:09.851268+00:00
Italia Serie A 2026/2027,Bologna - Lazio,2026-08-24T16:30:00+00:00,finished,1,0-1,Bologna,Nikola Moro,M,0,,0,0,0,,,0,0,0,0,0,0,0,0,0,0,0,0,0,0,0,0,0,0,0,0,0,0,0,0,0,0,0,0,0,0,2026-09-02T00:09:09.851220+00:00
Italia Serie A 2026/2027,Bologna - Lazio,2026-08-24T16:30:00+00:00,finished,1,0-1,Lazio,Nuno Tavares,D,12,7.0,17,0,0,,0.00033144,0,0,0,5,2,0,0,1,0,1,1,4,0,0,0,3,1,1,0,2,0,0,7,0,0,0,0,0,0,0,2026-09-02T00:09:09.851390+00:00
Italia Serie A 2026/2027,Bologna - Lazio,2026-08-24T16:30:00+00:00,finished,1,0-1,Lazio,Oliver Provstgaard,D,90,6.9,49,0,0,,0.00391111,0,0,0,38,31,6,3,0,0,0,0,2,4,0,0,1,1,3,2,0,0,0,8,1,4,1,0,0,0,0,2026-09-02T00:09:09.851287+00:00
Italia Serie A 2026/2027,Bologna - Lazio,2026-08-24T16:30:00+00:00,finished,1,0-1,Bologna,Oussama El Azzouzi,M,79,6.8,64,0,0,,0.0536252,0,0,1,54,51,1,1,0,0,0,0,3,2,0,0,1,1,0,1,1,0,1,5,2,1,1,0,0,1,0,2026-09-02T00:09:09.851139+00:00
Italia Serie A 2026/2027,Bologna - Lazio,2026-08-24T16:30:00+00:00,finished,1,0-1,Lazio,Reda Belahyane,M,0,,0,0,0,,,0,0,0,0,0,0,0,0,0,0,0,0,0,0,0,0,0,0,0,0,0,0,0,0,0,0,0,0,0,0,2026-09-02T00:09:09.851486+00:00
Italia Serie A 2026/2027,Bologna - Lazio,2026-08-24T16:30:00+00:00,finished,1,0-1,Lazio,Ricardo Bordon,D,0,,0,0,0,,,0,0,0,0,0,0,0,0,0,0,0,0,0,0,0,0,0,0,0,0,0,0,0,0,0,0,0,0,0,0,2026-09-02T00:09:09.851456+00:00
Italia Serie A 2026/2027,Bologna - Lazio,2026-08-24T16:30:00+00:00,finished,1,0-1,Bologna,Riccardo Orsolini,M,60,6.8,18,0,0,,0.163429,0,0,2,8,6,1,1,4,1,0,0,1,2,0,0,0,0,1,0,2,0,1,8,1,0,0,0,0,1,0,2026-09-02T00:09:09.851178+00:00
Italia Serie A 2026/2027,Bologna - Lazio,2026-08-24T16:30:00+00:00,finished,1,0-1,Bologna,Roberto Piccoli,F,60,6.8,17,0,0,0.0712,0.0177466,1,0,0,6,6,0,0,0,0,1,1,4,3,0,1,0,0,2,0,1,0,0,2,3,2,0,0,0,1,0,2026-09-02T00:09:09.851169+00:00
Italia Serie A 2026/2027,Bologna - Lazio,2026-08-24T16:30:00+00:00,finished,1,0-1,Lazio,Romano Floriani Mussolini,M,71,7.5,41,0,0,0.0318,0.0058459,1,0,0,24,22,1,1,3,0,0,0,2,1,1,0,1,1,1,0,1,0,0,7,0,1,1,0,0,0,0,2026-09-02T00:09:09.851318+00:00
Italia Serie A 2026/2027,Bologna - Lazio,2026-08-24T16:30:00+00:00,finished,1,0-1,Lazio,Tijjani Noslin,F,11,6.4,4,0,0,,0.00142125,0,0,0,2,1,0,0,0,0,0,0,0,2,0,0,0,0,1,0,0,0,0,2,0,1,0,0,0,0,0,2026-09-02T00:09:09.851404+00:00
Italia Serie A 2026/2027,Bologna - Lazio,2026-08-24T16:30:00+00:00,finished,1,0-1,Bologna,Tommaso Pobega,M,0,,0,0,0,,,0,0,0,0,0,0,0,0,0,0,0,0,0,0,0,0,0,0,0,0,0,0,0,0,0,0,0,0,0,0,2026-09-02T00:09:09.851256+00:00
Italia Serie A 2026/2027,Bologna - Lazio,2026-08-24T16:30:00+00:00,finished,1,0-1,Bologna,Torbjørn Heggem,D,90,6.9,73,0,0,,0.157998,0,0,1,67,64,6,5,0,0,0,0,2,1,1,0,0,0,2,0,1,0,0,3,1,1,1,0,0,1,0,2026-09-02T00:09:09.851085+00:00
Italia Serie A 2026/2027,Bologna - Lazio,2026-08-24T16:30:00+00:00,finished,1,0-1,Bologna,Ukko Happonen,G,0,,0,0,0,,,0,0,0,0,0,0,0,0,0,0,0,0,0,0,0,0,0,0,0,0,0,0,0,0,0,0,0,0,0,0,2026-09-02T00:09:09.851237+00:00
Italia Serie A 2026/2027,Bologna - Lazio,2026-08-24T16:30:00+00:00,finished,1,0-1,Lazio,Valerio Farcomeni,M,0,,0,0,0,,,0,0,0,0,0,0,0,0,0,0,0,0,0,0,0,0,0,0,0,0,0,0,0,0,0,0,0,0,0,0,2026-09-02T00:09:09.851498+00:00
Italia Serie A 2026/2027,Bologna - Lazio,2026-08-24T16:30:00+00:00,finished,1,0-1,Bologna,Łukasz Skorupski,G,90,6.0,32,0,0,,0.00041472,0,0,0,23,20,5,3,0,0,0,0,1,0,1,0,0,0,3,0,9,0,0,4,0,0,0,0,2,1,1,2026-09-02T00:09:09.851069+00:00
Italia Serie A 2026/2027,AS Roma - Fiorentina,2026-08-24T18:45:00+00:00,finished,1,4-0,AS Roma,,,11,6.7,11,0,0,,0.00155458,0,0,0,10,10,0,0,0,0,0,0,1,0,1,0,0,0,0,0,0,0,0,0,0,0,0,0,0,0,0,2026-09-02T00:09:10.232636+00:00
Italia Serie A 2026/2027,AS Roma - Fiorentina,2026-08-24T18:45:00+00:00,finished,1,4-0,AS Roma,,,0,,0,0,0,,,0,0,0,0,0,0,0,0,0,0,0,0,0,0,0,0,0,0,0,0,0,0,0,0,0,0,0,0,0,0,2026-09-02T00:09:10.232692+00:00
Italia Serie A 2026/2027,AS Roma - Fiorentina,2026-08-24T18:45:00+00:00,finished,1,4-0,AS Roma,,,0,,0,0,0,,,0,0,0,0,0,0,0,0,0,0,0,0,0,0,0,0,0,0,0,0,0,0,0,0,0,0,0,0,0,0,2026-09-02T00:09:10.232701+00:00
Italia Serie A 2026/2027,AS Roma - Fiorentina,2026-08-24T18:45:00+00:00,finished,1,4-0,Fiorentina,,,27,6.4,16,0,0,0.1193,0.0240923,2,2,0,11,10,1,1,0,0,1,0,2,2,0,1,0,0,0,0,0,0,0,2,2,0,0,0,0,1,0,2026-09-02T00:09:10.232840+00:00
Italia Serie A 2026/2027,AS Roma - Fiorentina,2026-08-24T18:45:00+00:00,finished,1,4-0,Fiorentina,,,16,5.8,14,0,0,,0.0107858,0,0,0,11,11,0,0,0,0,1,0,0,3,0,1,0,0,1,0,0,0,0,2,0,1,0,0,0,1,0,2026-09-02T00:09:10.232851+00:00
Italia Serie A 2026/2027,AS Roma - Fiorentina,2026-08-24T18:45:00+00:00,finished,1,4-0,Fiorentina,,,0,,0,0,0,,,0,0,0,0,0,0,0,0,0,0,0,0,0,0,0,0,0,0,0,0,0,0,0,0,0,0,0,0,0,0,2026-09-02T00:09:10.232922+00:00
Italia Serie A 2026/2027,AS Roma - Fiorentina,2026-08-24T18:45:00+00:00,finished,1,4-0,Fiorentina,,,0,,0,0,0,,,0,0,0,0,0,0,0,0,0,0,0,0,0,0,0,0,0,0,0,0,0,0,0,0,0,0,0,0,0,0,2026-09-02T00:09:10.232951+00:00
Italia Serie A 2026/2027,AS Roma - Fiorentina,2026-08-24T18:45:00+00:00,finished,1,4-0,Fiorentina,,,0,,0,0,0,,,0,0,0,0,0,0,0,0,0,0,0,0,0,0,0,0,0,0,0,0,0,0,0,0,0,0,0,0,0,0,2026-09-02T00:09:10.232961+00:00
Italia Serie A 2026/2027,AS Roma - Fiorentina,2026-08-24T18:45:00+00:00,finished,1,4-0,Fiorentina,Arthur Atta,M,74,6.2,53,0,0,,0.0228733,0,0,1,41,37,2,1,1,0,3,0,1,4,1,0,0,0,0,0,2,0,1,12,0,0,0,0,0,3,0,2026-09-02T00:09:10.232780+00:00
Italia Serie A 2026/2027,AS Roma - Fiorentina,2026-08-24T18:45:00+00:00,finished,1,4-0,Fiorentina,Brando Mazzeo,M,0,,0,0,0,,,0,0,0,0,0,0,0,0,0,0,0,0,0,0,0,0,0,0,0,0,0,0,0,0,0,0,0,0,0,0,2026-09-02T00:09:10.232942+00:00
Italia Serie A 2026/2027,AS Roma - Fiorentina,2026-08-24T18:45:00+00:00,finished,1,4-0,AS Roma,Bryan Cristante,M,90,8.4,96,0,0,,0.0456153,0,0,1,83,73,5,3,0,0,1,1,11,3,6,1,4,2,4,2,8,0,0,11,0,0,0,0,0,0,0,2026-09-02T00:09:10.232537+00:00
Italia Serie A 2026/2027,AS Roma - Fiorentina,2026-08-24T18:45:00+00:00,finished,1,4-0,Fiorentina,Cher Ndour,M,90,6.3,46,0,0,0.0628,0.0890363,2,1,1,31,27,1,0,1,1,1,1,4,7,2,1,1,1,0,0,7,0,1,7,0,4,0,0,0,4,0,2026-09-02T00:09:10.232752+00:00
Italia Serie A 2026/2027,AS Roma - Fiorentina,2026-08-24T18:45:00+00:00,finished,1,4-0,Fiorentina,Christ Inao Oulaï,M,28,6.9,27,0,0,0.0158,0.00482167,1,0,0,23,22,1,1,0,0,1,1,3,0,0,0,1,1,0,0,2,0,0,1,1,0,0,0,0,1,0,2026-09-02T00:09:10.232830+00:00
Italia Serie A 2026/2027,AS Roma - Fiorentina,2026-08-24T18:45:00+00:00,finished,1,4-0,AS Roma,Daniele Ghilardi,D,0,,0,0,0,,,0,0,0,0,0,0,0,0,0,0,0,0,0,0,0,0,0,0,0,0,0,0,0,0,0,0,0,0,0,0,2026-09-02T00:09:10.232683+00:00
Italia Serie A 2026/2027,AS Roma - Fiorentina,2026-08-24T18:45:00+00:00,finished,1,4-0,Fiorentina,David De Gea,G,90,5.8,43,0,0,,0.00574795,0,0,0,34,16,26,8,0,0,0,0,0,0,0,0,0,0,0,0,10,0,0,18,0,0,0,0,4,4,0,2026-09-02T00:09:10.232721+00:00
Italia Serie A 2026/2027,AS Roma - Fiorentina,2026-08-24T18:45:00+00:00,finished,1,4-0,Fiorentina,Dodô,M,90,5.7,41,0,0,0.0053,0.00515829,1,0,0,29,24,3,1,0,0,0,0,2,2,0,0,1,1,1,0,2,0,0,8,1,1,0,0,0,4,0,2026-09-02T00:09:10.232711+00:00
Italia Serie A 2026/2027,AS Roma - Fiorentina,2026-08-24T18:45:00+00:00,finished,1,4-0,AS Roma,Donyell Malen,F,68,10.0,37,3,0,1.4047,0.0432607,5,3,1,19,16,0,0,0,0,4,3,5,3,0,0,0,0,0,1,2,1,1,8,2,1,0,0,0,0,0,2026-09-02T00:09:10.232578+00:00
Italia Serie A 2026/2027,AS Roma - Fiorentina,2026-08-24T18:45:00+00:00,finished,1,4-0,AS Roma,Emanuele Lulli,D,90,7.1,56,0,0,0.1212,0.0291284,1,0,1,37,32,1,0,3,0,1,1,7,3,1,1,4,4,1,0,3,0,0,11,1,2,0,0,0,0,0,2026-09-02T00:09:10.232528+00:00
Italia Serie A 2026/2027,AS Roma - Fiorentina,2026-08-24T18:45:00+00:00,finished,1,4-0,AS Roma,Evan Ndicka,D,90,7.6,81,0,0,0.2046,0.00628728,1,0,0,67,65,5,4,0,0,0,0,7,3,4,0,3,1,4,1,5,0,0,4,0,3,0,0,0,0,0,2026-09-02T00:09:10.232517+00:00
Italia Serie A 2026/2027,AS Roma - Fiorentina,2026-08-24T18:45:00+00:00,finished,1,4-0,Fiorentina,Federico Croci,F,0,,0,0,0,,,0,0,0,0,0,0,0,0,0,0,0,0,0,0,0,0,0,0,0,0,0,0,0,0,0,0,0,0,0,0,2026-09-02T00:09:10.232970+00:00
Italia Serie A 2026/2027,AS Roma - Fiorentina,2026-08-24T18:45:00+00:00,finished,1,4-0,Fiorentina,Franco Mastantuono,F,63,6.2,39,0,0,0.0313,0.049289,1,0,0,14,9,0,0,1,0,6,2,7,11,0,2,1,1,0,1,1,0,3,18,4,0,0,0,0,3,0,2026-09-02T00:09:10.232790+00:00
Italia Serie A 2026/2027,AS Roma - Fiorentina,2026-08-24T18:45:00+00:00,finished,1,4-0,AS Roma,Gianluca Mancini,D,90,7.5,53,0,0,,0.0655839,0,0,2,44,42,1,0,0,0,1,1,5,2,1,0,2,2,2,0,4,0,0,4,1,2,0,0,0,0,0,2026-09-02T00:09:10.232461+00:00
Italia Serie A 2026/2027,AS Roma - Fiorentina,2026-08-24T18:45:00+00:00,finished,1,4-0,AS Roma,Giorgio De Marzi,G,0,,0,0,0,,,0,0,0,0,0,0,0,0,0,0,0,0,0,0,0,0,0,0,0,0,0,0,0,0,0,0,0,0,0,0,2026-09-02T00:09:10.232655+00:00
Italia Serie A 2026/2027,AS Roma - Fiorentina,2026-08-24T18:45:00+00:00,finished,1,4-0,Fiorentina,João Mário,D,80,6.1,54,0,0,,0.0476174,0,0,1,31,24,5,2,3,1,2,1,5,4,0,2,1,0,3,1,4,0,0,13,3,1,0,0,0,3,0,2026-09-02T00:09:10.232770+00:00
Italia Serie A 2026/2027,AS Roma - Fiorentina,2026-08-24T18:45:00+00:00,finished,1,4-0,AS Roma,Konstantinos Koulierakis,D,22,6.9,17,0,0,,0.00197112,0,0,0,15,14,0,0,1,0,0,0,1,0,0,0,1,1,0,0,2,0,0,2,0,0,0,0,0,0,0,2026-09-02T00:09:10.232617+00:00
Italia Serie A 2026/2027,AS Roma - Fiorentina,2026-08-24T18:45:00+00:00,finished,1,4-0,Fiorentina,Luca Lezzerini,G,0,,0,0,0,,,0,0,0,0,0,0,0,0,0,0,0,0,0,0,0,0,0,0,0,0,0,0,0,0,0,0,0,0,0,0,2026-09-02T00:09:10.232902+00:00
Italia Serie A 2026/2027,AS Roma - Fiorentina,2026-08-24T18:45:00+00:00,finished,1,4-0,Fiorentina,Luca Ranieri,D,90,5.8,41,0,0,,0.00157854,0,0,0,29,25,3,0,0,0,0,0,2,2,1,0,1,1,9,0,3,0,0,4,0,1,0,0,0,4,0,2026-09-02T00:09:10.232742+00:00
Italia Serie A 2026/2027,AS Roma - Fiorentina,2026-08-24T18:45:00+00:00,finished,1,4-0,AS Roma,Manu Koné,M,79,7.2,63,0,0,,0.0162009,0,0,1,55,52,1,1,0,0,1,0,5,4,0,2,3,3,1,0,5,0,0,4,2,1,1,0,0,0,0,2026-09-02T00:09:10.232559+00:00
Italia Serie A 2026/2027,AS Roma - Fiorentina,2026-08-24T18:45:00+00:00,finished,1,4-0,Fiorentina,Marco Brescianini,M,62,6.1,18,0,0,0.0141,0.00155764,1,1,0,15,14,0,0,0,0,0,0,0,3,0,2,0,0,1,0,2,0,0,2,0,0,0,0,0,3,0,2026-09-02T00:09:10.232810+00:00
Italia Serie A 2026/2027,AS Roma - Fiorentina,2026-08-24T18:45:00+00:00,finished,1,4-0,Fiorentina,Marin Pongračić,D,0,,0,0,0,,,0,0,0,0,0,0,0,0,0,0,0,0,0,0,0,0,0,0,0,0,0,0,0,0,0,0,0,0,0,0,2026-09-02T00:09:10.232932+00:00
Italia Serie A 2026/2027,AS Roma - Fiorentina,2026-08-24T18:45:00+00:00,finished,1,4-0,AS Roma,Mario Hermoso,D,68,7.0,62,0,0,,0.0137098,0,0,0,51,45,8,4,0,0,1,1,6,5,2,2,2,1,2,3,2,0,0,7,1,2,1,0,0,0,0,2026-09-02T00:09:10.232588+00:00
Italia Serie A 2026/2027,AS Roma - Fiorentina,2026-08-24T18:45:00+00:00,finished,1,4-0,Fiorentina,Mateo Pellegrino,F,90,5.8,32,0,0,,0.0131645,0,0,1,16,11,0,0,0,0,2,0,5,14,2,8,0,0,2,0,0,0,3,11,3,0,1,0,0,4,0,2026-09-02T00:09:10.232762+00:00
Italia Serie A 2026/2027,AS Roma - Fiorentina,2026-08-24T18:45:00+00:00,finished,1,4-0,AS Roma,Matías Soulé,F,36,6.8,26,0,0,0.197,0.00861034,2,1,0,17,16,0,0,0,0,1,1,2,0,1,0,0,0,1,1,1,1,0,4,0,0,0,0,0,0,0,2026-09-02T00:09:10.232608+00:00
Italia Serie A 2026/2027,AS Roma - Fiorentina,2026-08-24T18:45:00+00:00,finished,1,4-0,AS Roma,Mile Svilar,G,90,7.1,48,0,0,,0.00063878,0,0,0,33,25,10,2,0,0,0,0,0,0,0,0,0,0,0,0,13,0,0,8,0,0,0,0,4,0,0,2026-09-02T00:09:10.232505+00:00
Italia Serie A 2026/2027,AS Roma - Fiorentina,2026-08-24T18:45:00+00:00,finished,1,4-0,AS Roma,Nahuel Molina,D,0,,0,0,0,,,0,0,0,0,0,0,0,0,0,0,0,0,0,0,0,0,0,0,0,0,0,0,0,0,0,0,0,0,0,0,2026-09-02T00:09:10.232674+00:00
Italia Serie A 2026/2027,AS Roma - Fiorentina,2026-08-24T18:45:00+00:00,finished,1,4-0,AS Roma,Niccolò Pisilli,M,11,7.7,12,1,0,0.4841,0.07243,1,1,1,10,9,1,0,0,0,0,0,0,0,0,0,0,0,0,0,0,0,0,1,0,0,0,0,0,0,0,2026-09-02T00:09:10.232646+00:00
Italia Serie A 2026/2027,AS Roma - Fiorentina,2026-08-24T18:45:00+00:00,finished,1,4-0,Fiorentina,Nicolò Fagioli,M,62,6.3,35,0,0,,0.00968764,0,0,0,24,22,1,0,2,0,0,0,2,1,0,0,2,2,2,1,5,0,0,4,0,1,1,0,0,3,0,2026-09-02T00:09:10.232801+00:00
Italia Serie A 2026/2027,AS Roma - Fiorentina,2026-08-24T18:45:00+00:00,finished,1,4-0,Fiorentina,Oliver Christensen,G,0,,0,0,0,,,0,0,0,0,0,0,0,0,0,0,0,0,0,0,0,0,0,0,0,0,0,0,0,0,0,0,0,0,0,0,2026-09-02T00:09:10.232886+00:00
Italia Serie A 2026/2027,AS Roma - Fiorentina,2026-08-24T18:45:00+00:00,finished,1,4-0,AS Roma,Paulo Dybala,F,79,9.1,62,0,3,0.1999,1.09288,4,1,4,41,33,5,4,6,1,3,0,2,6,0,1,0,0,0,0,4,1,0,20,2,1,0,0,0,0,0,2026-09-02T00:09:10.232568+00:00
Italia Serie A 2026/2027,AS Roma - Fiorentina,2026-08-24T18:45:00+00:00,finished,1,4-0,AS Roma,Pierluigi Gollini,G,0,,0,0,0,,,0,0,0,0,0,0,0,0,0,0,0,0,0,0,0,0,0,0,0,0,0,0,0,0,0,0,0,0,0,0,2026-09-02T00:09:10.232665+00:00
Italia Serie A 2026/2027,AS Roma - Fiorentina,2026-08-24T18:45:00+00:00,finished,1,4-0,Fiorentina,Radu Drăguşin,D,90,6.5,38,0,0,0.0311,0.00441152,1,0,0,24,24,3,3,0,0,0,0,4,4,1,0,2,1,3,2,4,0,0,0,1,2,0,0,0,4,0,2026-09-02T00:09:10.232731+00:00
Italia Serie A 2026/2027,AS Roma - Fiorentina,2026-08-24T18:45:00+00:00,finished,1,4-0,AS Roma,Rodrigo Mora,M,54,6.6,23,0,0,0.059,0.0303262,2,2,1,17,15,0,0,0,0,0,0,1,1,0,0,1,1,0,0,1,0,0,4,0,0,0,0,0,0,0,2026-09-02T00:09:10.232598+00:00
Italia Serie A 2026/2027,AS Roma - Fiorentina,2026-08-24T18:45:00+00:00,finished,1,4-0,AS Roma,Santiago Castro,F,22,6.6,8,0,0,0.1549,0.0442938,1,0,0,3,2,0,0,0,0,0,0,2,2,1,0,0,0,1,1,1,0,0,2,1,2,0,0,0,0,0,2026-09-02T00:09:10.232626+00:00
Italia Serie A 2026/2027,AS Roma - Fiorentina,2026-08-24T18:45:00+00:00,finished,1,4-0,Fiorentina,Viery,D,0,,0,0,0,,,0,0,0,0,0,0,0,0,0,0,0,0,0,0,0,0,0,0,0,0,0,0,0,0,0,0,0,0,0,0,2026-09-02T00:09:10.232913+00:00
Italia Serie A 2026/2027,AS Roma - Fiorentina,2026-08-24T18:45:00+00:00,finished,1,4-0,Fiorentina,Víctor Valdepeñas,D,10,6.2,6,0,0,,0.00220526,0,0,0,4,4,0,0,1,0,0,0,0,2,0,1,0,0,0,0,0,0,0,1,0,0,0,0,0,1,0,2026-09-02T00:09:10.232861+00:00
Italia Serie A 2026/2027,AS Roma - Fiorentina,2026-08-24T18:45:00+00:00,finished,1,4-0,AS Roma,Wesley,M,90,7.2,62,0,0,,0.268002,0,0,3,36,29,1,1,5,3,1,1,5,6,1,0,2,0,0,0,3,0,4,16,1,1,0,0,0,0,0,2026-09-02T00:09:10.232548+00:00
Italia Serie A 2026/2027,AS Roma - Fiorentina,2026-08-24T18:45:00+00:00,finished,1,4-0,Fiorentina,Álex Jiménez,D,28,6.2,12,0,0,,0.0183465,0,0,1,6,5,0,0,2,0,3,1,1,2,0,0,0,0,1,0,0,0,0,5,0,0,0,0,0,1,0,2026-09-02T00:09:10.232820+00:00
Italia Serie A 2026/2027,AC Milan - Venezia,2026-08-28T18:45:00+00:00,finished,2,2-0,Venezia,,,0,,0,0,0,,,0,0,0,0,0,0,0,0,0,0,0,0,0,0,0,0,0,0,0,0,0,0,0,0,0,0,0,0,0,0,2026-09-02T00:09:10.388400+00:00
Italia Serie A 2026/2027,AC Milan - Venezia,2026-08-28T18:45:00+00:00,finished,2,2-0,Venezia,,,0,,0,0,0,,,0,0,0,0,0,0,0,0,0,0,0,0,0,0,0,0,0,0,0,0,0,0,0,0,0,0,0,0,0,0,2026-09-02T00:09:10.388450+00:00
Italia Serie A 2026/2027,AC Milan - Venezia,2026-08-28T18:45:00+00:00,finished,2,2-0,AC Milan,Adrien Rabiot,M,31,6.5,30,0,0,0.0315,0.025552,1,0,0,20,18,1,0,1,0,0,0,2,4,0,2,1,1,1,0,0,1,1,6,1,1,0,0,0,0,0,2026-09-02T00:09:10.388069+00:00
Italia Serie A 2026/2027,AC Milan - Venezia,2026-08-28T18:45:00+00:00,finished,2,2-0,Venezia,Akor Adams,F,90,6.4,27,0,0,0.4682,0.0191129,3,1,1,11,6,1,1,1,0,4,2,4,8,1,2,0,0,1,0,3,2,1,12,1,2,0,0,0,2,0,2026-09-02T00:09:10.388277+00:00
Italia Serie A 2026/2027,AC Milan - Venezia,2026-08-28T18:45:00+00:00,finished,2,2-0,Venezia,Albion Rrahmani,F,10,6.3,7,0,0,0.1303,0.00151158,1,0,0,4,1,0,0,0,0,1,0,1,3,1,1,0,0,0,0,0,1,0,4,0,0,0,0,0,1,0,2026-09-02T00:09:10.388372+00:00
Italia Serie A 2026/2027,AC Milan - Venezia,2026-08-28T18:45:00+00:00,finished,2,2-0,Venezia,Ale Gomes,D,0,,0,0,0,,,0,0,0,0,0,0,0,0,0,0,0,0,0,0,0,0,0,0,0,0,0,0,0,0,0,0,0,0,0,0,2026-09-02T00:09:10.388425+00:00
Italia Serie A 2026/2027,AC Milan - Venezia,2026-08-28T18:45:00+00:00,finished,2,2-0,AC Milan,Alexis Saelemaekers,M,31,7.4,33,0,1,,0.464164,0,0,3,25,23,1,1,2,1,1,0,1,3,0,0,1,1,0,1,3,0,1,7,0,0,0,0,0,0,0,2026-09-02T00:09:10.388079+00:00
Italia Serie A 2026/2027,AC Milan - Venezia,2026-08-28T18:45:00+00:00,finished,2,2-0,AC Milan,Alphadjo Cissè,F,59,6.3,46,0,0,0.0293,0.0127437,1,0,0,30,21,0,0,2,0,2,0,2,4,1,0,0,0,0,0,1,0,1,16,1,1,0,0,0,0,0,2026-09-02T00:09:10.388061+00:00
Italia Serie A 2026/2027,AC Milan - Venezia,2026-08-28T18:45:00+00:00,finished,2,2-0,Venezia,Antoine Hainaut,M,90,6.6,63,0,0,0.0349,0.0335291,1,0,1,36,31,4,2,2,0,4,1,8,7,2,0,4,1,2,2,5,0,1,13,1,2,0,0,0,2,0,2026-09-02T00:09:10.388258+00:00
Italia Serie A 2026/2027,AC Milan - Venezia,2026-08-28T18:45:00+00:00,finished,2,2-0,AC Milan,Ardon Jashari,M,16,6.8,18,0,0,0.5003,0.00778485,1,1,0,16,13,3,3,1,0,0,0,0,1,0,1,0,0,0,0,1,0,0,4,0,0,0,0,0,0,0,2026-09-02T00:09:10.388088+00:00
Italia Serie A 2026/2027,AC Milan - Venezia,2026-08-28T18:45:00+00:00,finished,2,2-0,Venezia,Armel Bella-Kotchap,D,90,6.6,58,0,0,0.0115,0.00523443,1,0,0,42,37,6,2,0,0,0,0,7,3,4,1,1,1,5,2,2,0,1,7,2,1,0,0,0,2,0,2026-09-02T00:09:10.388249+00:00
Italia Serie A 2026/2027,AC Milan - Venezia,2026-08-28T18:45:00+00:00,finished,2,2-0,Venezia,Bartol Franjić,D,44,6.9,22,0,0,,0.00122814,0,0,0,14,13,0,0,1,0,0,0,3,0,0,0,2,0,0,1,4,0,0,2,1,0,0,0,0,0,0,2026-09-02T00:09:10.388346+00:00
Italia Serie A 2026/2027,AC Milan - Venezia,2026-08-28T18:45:00+00:00,finished,2,2-0,AC Milan,Christian Comotto,M,0,,0,0,0,,,0,0,0,0,0,0,0,0,0,0,0,0,0,0,0,0,0,0,0,0,0,0,0,0,0,0,0,0,0,0,2026-09-02T00:09:10.388194+00:00
Italia Serie A 2026/2027,AC Milan - Venezia,2026-08-28T18:45:00+00:00,finished,2,2-0,AC Milan,Christian Pulišić,F,0,,0,0,0,,,0,0,0,0,0,0,0,0,0,0,0,0,0,0,0,0,0,0,0,0,0,0,0,0,0,0,0,0,0,0,2026-09-02T00:09:10.388220+00:00
Italia Serie A 2026/2027,AC Milan - Venezia,2026-08-28T18:45:00+00:00,finished,2,2-0,AC Milan,Davide Bartesaghi,M,87,7.3,68,0,0,,0.166504,0,0,2,42,36,5,2,2,1,1,0,6,6,1,2,4,2,2,1,5,0,1,12,1,1,0,0,0,0,0,2026-09-02T00:09:10.388035+00:00
Italia Serie A 2026/2027,AC Milan - Venezia,2026-08-28T18:45:00+00:00,finished,2,2-0,AC Milan,Diego Moreira,M,0,,0,0,0,,,0,0,0,0,0,0,0,0,0,0,0,0,0,0,0,0,0,0,0,0,0,0,0,0,0,0,0,0,0,0,2026-09-02T00:09:10.388203+00:00
Italia Serie A 2026/2027,AC Milan - Venezia,2026-08-28T18:45:00+00:00,finished,2,2-0,Venezia,Filip Stanković,G,90,7.4,47,0,0,,0.00466722,0,0,0,37,27,16,7,0,0,0,0,0,0,0,0,0,0,1,0,7,0,0,10,0,0,0,0,4,2,0,2026-09-02T00:09:10.388240+00:00
Italia Serie A 2026/2027,AC Milan - Venezia,2026-08-28T18:45:00+00:00,finished,2,2-0,AC Milan,Filippo Terracciano,D,0,,0,0,0,,,0,0,0,0,0,0,0,0,0,0,0,0,0,0,0,0,0,0,0,0,0,0,0,0,0,0,0,0,0,0,2026-09-02T00:09:10.388185+00:00
Italia Serie A 2026/2027,AC Milan - Venezia,2026-08-28T18:45:00+00:00,finished,2,2-0,AC Milan,Francesco Camarda,F,0,,0,0,0,,,0,0,0,0,0,0,0,0,0,0,0,0,0,0,0,0,0,0,0,0,0,0,0,0,0,0,0,0,0,0,2026-09-02T00:09:10.388211+00:00
Italia Serie A 2026/2027,AC Milan - Venezia,2026-08-28T18:45:00+00:00,finished,2,2-0,Venezia,Gianluca Busio,M,90,7.0,53,0,0,,0.0662143,0,0,1,39,36,4,3,3,2,0,0,5,1,1,0,3,0,1,2,3,0,0,4,1,0,0,0,0,2,0,2026-09-02T00:09:10.388267+00:00
Italia Serie A 2026/2027,AC Milan - Venezia,2026-08-28T18:45:00+00:00,finished,2,2-0,AC Milan,Gonçalo Ramos,F,90,6.8,54,1,0,0.9029,0.00304821,8,3,0,28,22,0,0,0,0,1,0,6,13,3,6,1,0,1,0,1,1,5,17,2,1,0,0,0,0,0,2026-09-02T00:09:10.387931+00:00
Italia Serie A 2026/2027,AC Milan - Venezia,2026-08-28T18:45:00+00:00,finished,2,2-0,Venezia,Joel Schingtienne,D,90,6.3,49,0,0,,0.00335402,0,0,0,37,29,1,0,0,0,0,0,2,4,0,3,2,1,3,0,3,0,0,10,0,1,1,0,0,2,0,2026-09-02T00:09:10.388230+00:00
Italia Serie A 2026/2027,AC Milan - Venezia,2026-08-28T18:45:00+00:00,finished,2,2-0,Venezia,John Yeboah,F,80,6.6,39,0,0,0.1768,0.204394,3,1,2,22,21,0,0,0,0,2,0,2,6,0,0,1,1,0,0,6,1,3,10,1,1,0,0,0,1,0,2026-09-02T00:09:10.388296+00:00
Italia Serie A 2026/2027,AC Milan - Venezia,2026-08-28T18:45:00+00:00,finished,2,2-0,Venezia,Kike Pérez,M,80,6.6,55,0,0,,0.0110863,0,0,0,38,32,4,1,1,0,2,1,8,5,0,2,6,3,0,0,2,0,1,12,1,1,1,0,0,1,0,2026-09-02T00:09:10.388287+00:00
Italia Serie A 2026/2027,AC Milan - Venezia,2026-08-28T18:45:00+00:00,finished,2,2-0,AC Milan,Koni De Winter,D,90,6.8,48,0,0,0.2168,0.00590225,2,0,0,34,31,1,0,0,0,0,0,5,5,4,0,1,1,6,1,8,0,1,7,0,2,0,0,0,0,0,2026-09-02T00:09:10.387979+00:00
Italia Serie A 2026/2027,AC Milan - Venezia,2026-08-28T18:45:00+00:00,finished,2,2-0,Venezia,Lamine Fanne,M,0,,0,0,0,,,0,0,0,0,0,0,0,0,0,0,0,0,0,0,0,0,0,0,0,0,0,0,0,0,0,0,0,0,0,0,2026-09-02T00:09:10.388442+00:00
Italia Serie A 2026/2027,AC Milan - Venezia,2026-08-28T18:45:00+00:00,finished,2,2-0,Venezia,Lion Lauberbach,F,10,6.6,7,0,0,,0.0019247,0,0,0,5,2,0,0,1,0,0,0,1,1,0,1,1,1,0,0,1,0,0,4,0,0,0,0,0,1,0,2026-09-02T00:09:10.388382+00:00
Italia Serie A 2026/2027,AC Milan - Venezia,2026-08-28T18:45:00+00:00,finished,2,2-0,Venezia,Lorenzo Montipò,G,0,,0,0,0,,,0,0,0,0,0,0,0,0,0,0,0,0,0,0,0,0,0,0,0,0,0,0,0,0,0,0,0,0,0,0,2026-09-02T00:09:10.388417+00:00
Italia Serie A 2026/2027,AC Milan - Venezia,2026-08-28T18:45:00+00:00,finished,2,2-0,AC Milan,Lorenzo Torriani,G,0,,0,0,0,,,0,0,0,0,0,0,0,0,0,0,0,0,0,0,0,0,0,0,0,0,0,0,0,0,0,0,0,0,0,0,2026-09-02T00:09:10.388159+00:00
Italia Serie A 2026/2027,AC Milan - Venezia,2026-08-28T18:45:00+00:00,finished,2,2-0,AC Milan,Luka Modrić,M,74,7.5,74,0,0,,0.31318,0,0,2,63,57,7,5,3,2,1,1,2,1,0,0,0,0,0,1,5,0,1,10,1,0,0,0,0,0,0,2026-09-02T00:09:10.388044+00:00
Italia Serie A 2026/2027,AC Milan - Venezia,2026-08-28T18:45:00+00:00,finished,2,2-0,AC Milan,Mario Gila,D,87,7.5,65,0,0,,0.0326951,0,0,1,59,54,8,4,0,0,0,0,1,2,0,2,1,0,3,0,5,0,0,5,0,0,0,0,0,0,0,2026-09-02T00:09:10.388026+00:00
Italia Serie A 2026/2027,AC Milan - Venezia,2026-08-28T18:45:00+00:00,finished,2,2-0,Venezia,Matteo Dagasso,M,0,,0,0,0,,,0,0,0,0,0,0,0,0,0,0,0,0,0,0,0,0,0,0,0,0,0,0,0,0,0,0,0,0,0,0,2026-09-02T00:09:10.388434+00:00
Italia Serie A 2026/2027,AC Milan - Venezia,2026-08-28T18:45:00+00:00,finished,2,2-0,AC Milan,Matteo Gabbia,D,3,,2,0,0,,,0,0,0,1,0,1,0,0,0,0,0,0,0,0,0,0,0,1,0,0,0,0,1,0,0,0,0,0,0,0,2026-09-02T00:09:10.388097+00:00
Italia Serie A 2026/2027,AC Milan - Venezia,2026-08-28T18:45:00+00:00,finished,2,2-0,Venezia,Matteo Grandi,G,0,,0,0,0,,,0,0,0,0,0,0,0,0,0,0,0,0,0,0,0,0,0,0,0,0,0,0,0,0,0,0,0,0,0,0,2026-09-02T00:09:10.388391+00:00
Italia Serie A 2026/2027,AC Milan - Venezia,2026-08-28T18:45:00+00:00,finished,2,2-0,AC Milan,Mike Maignan,G,90,7.2,43,0,0,,0.00285337,0,0,0,35,29,9,3,0,0,1,1,1,0,0,0,0,0,0,0,7,0,0,6,0,0,0,0,2,0,0,2026-09-02T00:09:10.388018+00:00
Italia Serie A 2026/2027,AC Milan - Venezia,2026-08-28T18:45:00+00:00,finished,2,2-0,AC Milan,Pervis Estupiñán,M,3,,6,0,0,,0.00941618,0,0,0,2,2,0,0,0,0,0,0,1,1,0,0,1,0,1,0,0,0,0,1,0,1,0,0,0,0,0,2026-09-02T00:09:10.388143+00:00
Italia Serie A 2026/2027,AC Milan - Venezia,2026-08-28T18:45:00+00:00,finished,2,2-0,AC Milan,Pietro Terracciano,G,0,,0,0,0,,,0,0,0,0,0,0,0,0,0,0,0,0,0,0,0,0,0,0,0,0,0,0,0,0,0,0,0,0,0,0,2026-09-02T00:09:10.388168+00:00
Italia Serie A 2026/2027,AC Milan - Venezia,2026-08-28T18:45:00+00:00,finished,2,2-0,Venezia,Redouane Halhal,D,46,5.8,32,0,0,,0.00622813,0,0,0,26,25,2,2,0,0,1,0,6,4,5,1,1,1,2,0,2,0,0,2,0,2,0,0,0,2,0,2026-09-02T00:09:10.388322+00:00
Italia Serie A 2026/2027,AC Milan - Venezia,2026-08-28T18:45:00+00:00,finished,2,2-0,Venezia,Richie Sagrado,M,0,,0,0,0,,,0,0,0,0,0,0,0,0,0,0,0,0,0,0,0,0,0,0,0,0,0,0,0,0,0,0,0,0,0,0,2026-09-02T00:09:10.388458+00:00
Italia Serie A 2026/2027,AC Milan - Venezia,2026-08-28T18:45:00+00:00,finished,2,2-0,Venezia,Ridgeciano Haps,M,66,6.5,27,0,0,,0.0143755,0,0,1,13,11,0,0,3,1,0,0,2,5,1,3,1,1,2,2,2,0,1,6,0,1,1,0,0,0,0,2026-09-02T00:09:10.388304+00:00
Italia Serie A 2026/2027,AC Milan - Venezia,2026-08-28T18:45:00+00:00,finished,2,2-0,AC Milan,Ruben Loftus-Cheek,M,59,6.6,35,0,0,,0.158694,0,0,3,27,26,0,0,1,1,1,0,1,3,0,1,0,0,0,1,1,0,1,5,1,0,0,0,0,0,0,2026-09-02T00:09:10.388052+00:00
Italia Serie A 2026/2027,AC Milan - Venezia,2026-08-28T18:45:00+00:00,finished,2,2-0,AC Milan,Samuel Chukwueze,F,90,7.8,52,0,0,0.0197,0.0936047,1,1,3,31,26,3,1,3,1,2,1,6,1,2,0,3,2,1,0,2,0,0,11,0,0,0,0,0,0,0,2026-09-02T00:09:10.388001+00:00
Italia Serie A 2026/2027,AC Milan - Venezia,2026-08-28T18:45:00+00:00,finished,2,2-0,AC Milan,Sankhoun Diawara,D,0,,0,0,0,,,0,0,0,0,0,0,0,0,0,0,0,0,0,0,0,0,0,0,0,0,0,0,0,0,0,0,0,0,0,0,2026-09-02T00:09:10.388176+00:00
Italia Serie A 2026/2027,AC Milan - Venezia,2026-08-28T18:45:00+00:00,finished,2,2-0,Venezia,Simon Sohm,M,25,6.3,11,0,0,,0.01321,0,0,1,10,7,0,0,0,0,0,0,1,1,1,1,0,0,0,0,1,0,0,3,0,0,0,0,0,2,0,2026-09-02T00:09:10.388355+00:00
Italia Serie A 2026/2027,AC Milan - Venezia,2026-08-28T18:45:00+00:00,finished,2,2-0,Venezia,Simone Panada,M,0,,0,0,0,,,0,0,0,0,0,0,0,0,0,0,0,0,0,0,0,0,0,0,0,0,0,0,0,0,0,0,0,0,0,0,2026-09-02T00:09:10.388467+00:00
Italia Serie A 2026/2027,AC Milan - Venezia,2026-08-28T18:45:00+00:00,finished,2,2-0,AC Milan,Strahinja Pavlović,D,90,7.5,65,0,0,0.0742,0.00598083,1,0,0,47,45,2,1,0,0,2,1,11,6,4,2,5,4,3,0,5,0,2,6,1,1,1,0,0,0,0,2026-09-02T00:09:10.387990+00:00
Italia Serie A 2026/2027,AC Milan - Venezia,2026-08-28T18:45:00+00:00,finished,2,2-0,Venezia,Thierry Correia,D,24,6.2,15,0,0,,0.0110548,0,0,0,8,6,0,0,1,0,1,0,1,2,0,0,1,1,0,0,4,0,0,7,0,0,0,0,0,2,0,2026-09-02T00:09:10.388364+00:00
Italia Serie A 2026/2027,AC Milan - Venezia,2026-08-28T18:45:00+00:00,finished,2,2-0,Venezia,Toma Bašić,M,65,6.7,32,0,0,,0.0239442,0,0,0,25,20,0,0,3,1,0,0,2,2,1,0,1,1,2,0,1,0,1,8,0,0,0,0,0,0,0,2026-09-02T00:09:10.388313+00:00
Italia Serie A 2026/2027,AC Milan - Venezia,2026-08-28T18:45:00+00:00,finished,2,2-0,AC Milan,Yunus Musah,M,90,7.2,63,0,0,0.358,0.0272783,1,0,1,49,45,4,2,0,0,3,2,7,3,0,1,2,1,0,0,4,0,1,6,3,0,0,0,0,0,0,2026-09-02T00:09:10.388009+00:00
Italia Serie A 2026/2027,AC Milan - Venezia,2026-08-28T18:45:00+00:00,finished,2,2-0,Venezia,Þórir Jóhann Helgason,M,0,,0,0,0,,,0,0,0,0,0,0,0,0,0,0,0,0,0,0,0,0,0,0,0,0,0,0,0,0,0,0,0,0,0,0,2026-09-02T00:09:10.388409+00:00
Italia Serie A 2026/2027,Fiorentina - Frosinone,2026-08-29T16:30:00+00:00,finished,2,0-3,Fiorentina,,,71,7.9,30,0,0,0.2617,0.713075,4,1,5,16,14,0,0,3,1,0,0,2,3,0,0,1,1,1,0,1,2,0,5,1,2,1,0,0,3,0,2026-09-02T00:09:11.090440+00:00
Italia Serie A 2026/2027,Fiorentina - Frosinone,2026-08-29T16:30:00+00:00,finished,2,0-3,Fiorentina,,,25,6.8,10,0,0,0.0261,0.00360791,1,1,0,6,6,0,0,0,0,0,0,2,0,0,0,1,0,0,0,1,0,0,0,1,0,0,0,0,0,0,2026-09-02T00:09:11.090496+00:00
Italia Serie A 2026/2027,Fiorentina - Frosinone,2026-08-29T16:30:00+00:00,finished,2,0-3,Frosinone,,,7,,2,0,0,,,0,0,0,0,0,0,0,0,0,0,0,1,2,0,1,1,1,0,0,0,0,0,1,0,1,0,0,0,0,0,2026-09-02T00:09:11.090692+00:00
Italia Serie A 2026/2027,Fiorentina - Frosinone,2026-08-29T16:30:00+00:00,finished,2,0-3,Frosinone,,,0,,0,0,0,,,0,0,0,0,0,0,0,0,0,0,0,0,0,0,0,0,0,0,0,0,0,0,0,0,0,0,0,0,0,0,2026-09-02T00:09:11.090754+00:00
Italia Serie A 2026/2027,Fiorentina - Frosinone,2026-08-29T16:30:00+00:00,finished,2,0-3,Frosinone,Aleksa Terzić,D,22,6.5,9,0,0,,0.0021421,0,0,1,4,3,1,0,0,0,1,0,0,1,0,0,0,0,0,0,1,0,0,3,0,0,0,0,0,0,0,2026-09-02T00:09:11.090665+00:00
Italia Serie A 2026/2027,Fiorentina - Frosinone,2026-08-29T16:30:00+00:00,finished,2,0-3,Frosinone,Alessio Zerbin,M,51,6.8,34,0,0,,0.00797975,0,0,0,18,10,4,2,2,0,3,1,5,6,0,1,3,3,1,2,3,0,1,14,1,1,0,0,0,0,0,2026-09-02T00:09:11.090650+00:00
Italia Serie A 2026/2027,Fiorentina - Frosinone,2026-08-29T16:30:00+00:00,finished,2,0-3,Frosinone,Anouar El Azzouzi,M,0,,0,0,0,,,0,0,0,0,0,0,0,0,0,0,0,0,0,0,0,0,0,0,0,0,0,0,0,0,0,0,0,0,0,0,2026-09-02T00:09:11.090774+00:00
Italia Serie A 2026/2027,Fiorentina - Frosinone,2026-08-29T16:30:00+00:00,finished,2,0-3,Frosinone,Anthony Oyono,D,96,7.3,53,0,0,0.1095,0.00558749,2,1,0,20,16,1,0,2,0,2,1,9,4,1,0,3,2,6,2,7,1,0,12,4,1,0,0,0,0,0,2026-09-02T00:09:11.090567+00:00
Italia Serie A 2026/2027,Fiorentina - Frosinone,2026-08-29T16:30:00+00:00,finished,2,0-3,Fiorentina,Antonio Pirrò,M,0,,0,0,0,,,0,0,0,0,0,0,0,0,0,0,0,0,0,0,0,0,0,0,0,0,0,0,0,0,0,0,0,0,0,0,2026-09-02T00:09:11.090552+00:00
Italia Serie A 2026/2027,Fiorentina - Frosinone,2026-08-29T16:30:00+00:00,finished,2,0-3,Frosinone,Antonio Raimondo,F,89,8.2,25,2,0,0.3733,0.0567985,2,2,2,8,7,0,0,1,0,1,0,2,9,0,4,1,1,0,0,1,0,0,9,1,2,1,0,0,0,0,2026-09-02T00:09:11.090617+00:00
Italia Serie A 2026/2027,Fiorentina - Frosinone,2026-08-29T16:30:00+00:00,finished,2,0-3,Fiorentina,Arthur Atta,M,96,6.3,82,0,0,0.4221,0.285458,5,1,0,47,40,0,0,2,1,4,2,5,11,2,1,0,0,2,1,4,2,7,23,1,1,0,0,0,3,0,2026-09-02T00:09:11.090386+00:00
Italia Serie A 2026/2027,Fiorentina - Frosinone,2026-08-29T16:30:00+00:00,finished,2,0-3,Fiorentina,Brando Mazzeo,M,0,,0,0,0,,,0,0,0,0,0,0,0,0,0,0,0,0,0,0,0,0,0,0,0,0,0,0,0,0,0,0,0,0,0,0,2026-09-02T00:09:11.090543+00:00
Italia Serie A 2026/2027,Fiorentina - Frosinone,2026-08-29T16:30:00+00:00,finished,2,0-3,Fiorentina,Cher Ndour,M,61,6.8,31,0,0,0.0681,0.11246,2,0,1,23,21,0,0,0,0,0,0,2,2,0,0,1,1,0,0,2,1,0,3,1,0,0,0,0,2,0,2026-09-02T00:09:11.090464+00:00
Italia Serie A 2026/2027,Fiorentina - Frosinone,2026-08-29T16:30:00+00:00,finished,2,0-3,Fiorentina,Christ Inao Oulaï,M,71,7.7,52,0,0,,0.0391649,0,0,3,35,31,2,1,0,0,2,2,11,2,1,0,4,3,1,2,6,0,0,6,4,1,0,0,0,3,0,2026-09-02T00:09:11.090449+00:00
Italia Serie A 2026/2027,Fiorentina - Frosinone,2026-08-29T16:30:00+00:00,finished,2,0-3,Fiorentina,David De Gea,G,96,6.0,35,0,0,,0.00122398,0,0,0,28,12,21,5,0,0,0,0,1,0,0,0,0,0,0,0,10,0,0,16,1,0,0,0,3,3,0,2026-09-02T00:09:11.090406+00:00
Italia Serie A 2026/2027,Fiorentina - Frosinone,2026-08-29T16:30:00+00:00,finished,2,0-3,Fiorentina,Dodô,M,0,,0,0,0,,,0,0,0,0,0,0,0,0,0,0,0,0,0,0,0,0,0,0,0,0,0,0,0,0,0,0,0,0,0,0,2026-09-02T00:09:11.090559+00:00
Italia Serie A 2026/2027,Fiorentina - Frosinone,2026-08-29T16:30:00+00:00,finished,2,0-3,Frosinone,Florian Grillitsch,M,14,6.5,10,0,0,,0.00025981,0,0,0,8,5,3,1,0,0,1,1,1,2,0,0,0,0,1,0,1,0,0,3,0,2,0,0,0,0,0,2026-09-02T00:09:11.090682+00:00
Italia Serie A 2026/2027,Fiorentina - Frosinone,2026-08-29T16:30:00+00:00,finished,2,0-3,Fiorentina,Franco Mastantuono,F,96,6.0,52,0,0,0.4256,0.0973276,7,1,2,30,27,0,0,3,0,3,0,2,12,0,3,0,0,0,0,2,1,1,14,2,1,0,0,0,3,0,2026-09-02T00:09:11.090397+00:00
Italia Serie A 2026/2027,Fiorentina - Frosinone,2026-08-29T16:30:00+00:00,finished,2,0-3,Frosinone,Gabriele Bracaglia,D,74,8.3,31,1,1,0.1724,0.103923,2,2,2,17,10,4,0,0,0,0,0,5,4,4,1,1,1,5,1,2,0,0,9,0,3,1,0,0,0,0,2026-09-02T00:09:11.090634+00:00
Italia Serie A 2026/2027,Fiorentina - Frosinone,2026-08-29T16:30:00+00:00,finished,2,0-3,Frosinone,Gabriele Calvani,D,74,7.0,29,0,0,,0.00030096,0,0,0,18,12,2,0,1,0,1,0,2,2,0,0,2,1,4,0,4,0,0,8,0,1,1,0,0,0,0,2026-09-02T00:09:11.090642+00:00
Italia Serie A 2026/2027,Fiorentina - Frosinone,2026-08-29T16:30:00+00:00,finished,2,0-3,Frosinone,Giacomo Calò,M,82,7.8,60,0,1,,0.323775,0,0,5,40,31,10,3,7,5,1,1,4,2,0,0,1,0,1,0,4,0,0,13,2,1,0,0,0,0,0,2026-09-02T00:09:11.090625+00:00
Italia Serie A 2026/2027,Fiorentina - Frosinone,2026-08-29T16:30:00+00:00,finished,2,0-3,Frosinone,Giorgi Kvernadze,F,96,7.6,47,0,1,0.0606,0.431992,2,0,2,18,17,2,2,1,0,12,8,11,11,0,0,2,1,0,0,8,1,3,14,1,1,0,0,0,0,0,2026-09-02T00:09:11.090609+00:00
Italia Serie A 2026/2027,Fiorentina - Frosinone,2026-08-29T16:30:00+00:00,finished,2,0-3,Frosinone,Giorgio Cittadini,D,22,7.1,7,0,0,0.0701,0.00360063,1,0,0,2,2,0,0,0,0,0,0,2,1,1,0,1,1,1,2,0,0,0,0,0,1,0,0,0,0,0,2026-09-02T00:09:11.090673+00:00
Italia Serie A 2026/2027,Fiorentina - Frosinone,2026-08-29T16:30:00+00:00,finished,2,0-3,Frosinone,Ilario Monterisi,D,96,7.5,41,0,0,0.1486,0.00132206,2,1,0,17,12,6,3,0,0,0,0,4,5,0,3,3,2,9,3,1,0,0,6,1,3,0,0,0,0,0,2026-09-02T00:09:11.090584+00:00
Italia Serie A 2026/2027,Fiorentina - Frosinone,2026-08-29T16:30:00+00:00,finished,2,0-3,Fiorentina,João Mário,D,12,7.2,15,0,0,,0.00654025,0,0,0,9,9,2,2,0,0,1,1,4,0,0,0,1,1,0,0,2,0,0,0,2,0,0,0,0,0,0,2026-09-02T00:09:11.090504+00:00
Italia Serie A 2026/2027,Fiorentina - Frosinone,2026-08-29T16:30:00+00:00,finished,2,0-3,Frosinone,Kevin Akpoguma,D,0,,0,0,0,,,0,0,0,0,0,0,0,0,0,0,0,0,0,0,0,0,0,0,0,0,0,0,0,0,0,0,0,0,0,0,2026-09-02T00:09:11.090733+00:00
Italia Serie A 2026/2027,Fiorentina - Frosinone,2026-08-29T16:30:00+00:00,finished,2,0-3,Frosinone,Lorenzo Palmisani,G,96,7.1,38,0,0,,0.00190528,0,0,0,23,8,21,6,0,0,0,0,1,0,0,0,0,0,2,0,11,0,0,15,1,0,0,0,4,0,2,2026-09-02T00:09:11.090576+00:00
Italia Serie A 2026/2027,Fiorentina - Frosinone,2026-08-29T16:30:00+00:00,finished,2,0-3,Fiorentina,Luca Lezzerini,G,0,,0,0,0,,,0,0,0,0,0,0,0,0,0,0,0,0,0,0,0,0,0,0,0,0,0,0,0,0,0,0,0,0,0,0,2026-09-02T00:09:11.090527+00:00
Italia Serie A 2026/2027,Fiorentina - Frosinone,2026-08-29T16:30:00+00:00,finished,2,0-3,Fiorentina,Luca Ranieri,D,0,,0,0,0,,,0,0,0,0,0,0,0,0,0,0,0,0,0,0,0,0,0,0,0,0,0,0,0,0,0,0,0,0,0,0,2026-09-02T00:09:11.090535+00:00
Italia Serie A 2026/2027,Fiorentina - Frosinone,2026-08-29T16:30:00+00:00,finished,2,0-3,Frosinone,Luis Hasa,M,0,,0,0,0,,,0,0,0,0,0,0,0,0,0,0,0,0,0,0,0,0,0,0,0,0,0,0,0,0,0,0,0,0,0,0,2026-09-02T00:09:11.090787+00:00
Italia Serie A 2026/2027,Fiorentina - Frosinone,2026-08-29T16:30:00+00:00,finished,2,0-3,Fiorentina,Marco Brescianini,M,25,6.7,22,0,0,,0.0114274,0,0,0,15,14,1,1,0,0,2,2,3,3,0,1,1,0,0,1,3,0,1,3,0,1,0,0,0,0,0,2026-09-02T00:09:11.090488+00:00
Italia Serie A 2026/2027,Fiorentina - Frosinone,2026-08-29T16:30:00+00:00,finished,2,0-3,Fiorentina,Marin Pongračić,D,61,6.3,53,0,0,,0.00181711,0,0,0,41,39,2,1,0,0,0,0,1,3,1,0,0,0,8,0,4,0,0,3,0,3,0,0,0,2,0,2026-09-02T00:09:11.090457+00:00
Italia Serie A 2026/2027,Fiorentina - Frosinone,2026-08-29T16:30:00+00:00,finished,2,0-3,Fiorentina,Mateo Pellegrino,F,96,7.2,52,0,0,0.3549,0.0944692,3,0,3,27,22,2,2,0,0,3,2,9,7,4,1,0,0,0,0,0,0,4,17,4,1,0,0,0,3,0,2026-09-02T00:09:11.090415+00:00
Italia Serie A 2026/2027,Fiorentina - Frosinone,2026-08-29T16:30:00+00:00,finished,2,0-3,Frosinone,Matteo Cichella,M,0,,0,0,0,,,0,0,0,0,0,0,0,0,0,0,0,0,0,0,0,0,0,0,0,0,0,0,0,0,0,0,0,0,0,0,2026-09-02T00:09:11.090741+00:00
Italia Serie A 2026/2027,Fiorentina - Frosinone,2026-08-29T16:30:00+00:00,finished,2,0-3,Frosinone,Matteo Pisseri,G,0,,0,0,0,,,0,0,0,0,0,0,0,0,0,0,0,0,0,0,0,0,0,0,0,0,0,0,0,0,0,0,0,0,0,0,2026-09-02T00:09:11.090708+00:00
Italia Serie A 2026/2027,Fiorentina - Frosinone,2026-08-29T16:30:00+00:00,finished,2,0-3,Fiorentina,Nicolò Fagioli,M,35,6.4,23,0,0,0.0602,0.0412528,1,0,1,15,12,2,0,2,0,1,0,0,3,0,0,0,0,0,2,0,1,0,6,0,0,0,0,0,1,0,2026-09-02T00:09:11.090480+00:00
Italia Serie A 2026/2027,Fiorentina - Frosinone,2026-08-29T16:30:00+00:00,finished,2,0-3,Fiorentina,Oliver Christensen,G,0,,0,0,0,,,0,0,0,0,0,0,0,0,0,0,0,0,0,0,0,0,0,0,0,0,0,0,0,0,0,0,0,0,0,0,2026-09-02T00:09:11.090520+00:00
Italia Serie A 2026/2027,Fiorentina - Frosinone,2026-08-29T16:30:00+00:00,finished,2,0-3,Frosinone,Omar Fayed,D,0,,0,0,0,,,0,0,0,0,0,0,0,0,0,0,0,0,0,0,0,0,0,0,0,0,0,0,0,0,0,0,0,0,0,0,2026-09-02T00:09:11.090725+00:00
Italia Serie A 2026/2027,Fiorentina - Frosinone,2026-08-29T16:30:00+00:00,finished,2,0-3,Frosinone,Patrizio Masini,M,96,7.6,59,0,0,,0.00830917,0,0,0,36,28,1,1,0,0,1,1,12,6,1,1,9,4,3,1,10,0,0,11,1,2,0,0,0,0,0,2026-09-02T00:09:11.090593+00:00
Italia Serie A 2026/2027,Fiorentina - Frosinone,2026-08-29T16:30:00+00:00,finished,2,0-3,Fiorentina,Radu Drăguşin,D,96,6.2,45,0,0,,0.00485282,0,0,0,32,27,4,2,0,0,0,0,4,4,3,2,0,0,8,1,3,0,0,7,1,1,1,0,0,3,0,2026-09-02T00:09:11.090343+00:00
Italia Serie A 2026/2027,Fiorentina - Frosinone,2026-08-29T16:30:00+00:00,finished,2,0-3,Frosinone,Romano Schmid,M,96,6.8,52,0,0,,0.0142143,0,0,0,39,30,5,4,1,0,2,1,5,5,1,1,2,0,2,0,3,0,0,13,1,2,0,0,0,0,0,2026-09-02T00:09:11.090601+00:00
Italia Serie A 2026/2027,Fiorentina - Frosinone,2026-08-29T16:30:00+00:00,finished,2,0-3,Frosinone,Sebastiano Desplanches,G,0,,0,0,0,,,0,0,0,0,0,0,0,0,0,0,0,0,0,0,0,0,0,0,0,0,0,0,0,0,0,0,0,0,0,0,2026-09-02T00:09:11.090701+00:00
Italia Serie A 2026/2027,Fiorentina - Frosinone,2026-08-29T16:30:00+00:00,finished,2,0-3,Frosinone,Seydou Fini,F,45,6.7,13,0,0,0.1244,0.00269985,1,0,0,6,6,0,0,1,0,1,1,2,2,0,2,0,0,0,1,2,1,0,2,1,0,0,0,0,0,0,2026-09-02T00:09:11.090657+00:00
Italia Serie A 2026/2027,Fiorentina - Frosinone,2026-08-29T16:30:00+00:00,finished,2,0-3,Fiorentina,Sulayman Jallow,F,0,,0,0,0,,,0,0,0,0,0,0,0,0,0,0,0,0,0,0,0,0,0,0,0,0,0,0,0,0,0,0,0,0,0,0,2026-09-02T00:09:11.090512+00:00
Italia Serie A 2026/2027,Fiorentina - Frosinone,2026-08-29T16:30:00+00:00,finished,2,0-3,Fiorentina,Viery,D,35,6.2,21,0,0,,0.0046365,0,0,0,18,16,1,1,0,0,0,0,0,2,0,0,0,0,1,1,1,0,0,2,0,2,0,0,0,1,0,2026-09-02T00:09:11.090472+00:00
Italia Serie A 2026/2027,Fiorentina - Frosinone,2026-08-29T16:30:00+00:00,finished,2,0-3,Fiorentina,Víctor Valdepeñas,D,96,6.5,80,0,0,0.2526,0.18497,1,0,2,45,34,8,3,4,1,4,1,7,6,3,0,1,1,3,0,1,0,2,28,2,0,0,0,0,3,0,2026-09-02T00:09:11.090423+00:00
Italia Serie A 2026/2027,Fiorentina - Frosinone,2026-08-29T16:30:00+00:00,finished,2,0-3,Frosinone,Wisdom Amey,D,0,,0,0,0,,,0,0,0,0,0,0,0,0,0,0,0,0,0,0,0,0,0,0,0,0,0,0,0,0,0,0,0,0,0,0,2026-09-02T00:09:11.090717+00:00
Italia Serie A 2026/2027,Fiorentina - Frosinone,2026-08-29T16:30:00+00:00,finished,2,0-3,Fiorentina,Álex Jiménez,D,84,6.4,59,0,0,0.0233,0.0381163,1,0,2,29,22,2,0,2,0,4,3,10,8,1,0,5,4,3,0,5,1,3,15,1,1,1,0,0,3,0,2026-09-02T00:09:11.090432+00:00
Italia Serie A 2026/2027,Monza - Udinese,2026-08-29T16:30:00+00:00,finished,2,2-3,Udinese,,,0,,0,0,0,,,0,0,0,0,0,0,0,0,0,0,0,0,0,0,0,0,0,0,0,0,0,0,0,0,0,0,0,0,0,0,2026-09-02T00:09:10.932280+00:00
Italia Serie A 2026/2027,Monza - Udinese,2026-08-29T16:30:00+00:00,finished,2,2-3,Monza,,,29,6.8,33,0,0,,0.00403977,0,0,0,27,25,1,0,0,0,0,0,3,3,3,1,0,0,5,0,3,0,0,2,0,2,0,0,0,0,0,2026-09-02T00:09:10.932654+00:00
Italia Serie A 2026/2027,Monza - Udinese,2026-08-29T16:30:00+00:00,finished,2,2-3,Monza,,,0,,0,0,0,,,0,0,0,0,0,0,0,0,0,0,0,0,0,0,0,0,0,0,0,0,0,0,0,0,0,0,0,0,0,0,2026-09-02T00:09:10.932685+00:00
Italia Serie A 2026/2027,Monza - Udinese,2026-08-29T16:30:00+00:00,finished,2,2-3,Monza,Adam Bakoune,D,0,,0,0,0,,,0,0,0,0,0,0,0,0,0,0,0,0,0,0,0,0,0,0,0,0,0,0,0,0,0,0,0,0,0,0,2026-09-02T00:09:10.932790+00:00
Italia Serie A 2026/2027,Monza - Udinese,2026-08-29T16:30:00+00:00,finished,2,2-3,Monza,Aljaz Strajnar,G,0,,0,0,0,,,0,0,0,0,0,0,0,0,0,0,0,0,0,0,0,0,0,0,0,0,0,0,0,0,0,0,0,0,0,0,2026-09-02T00:09:10.932768+00:00
Italia Serie A 2026/2027,Monza - Udinese,2026-08-29T16:30:00+00:00,finished,2,2-3,Monza,Andrea Carboni,D,90,6.3,72,0,0,0.4001,0.0230003,2,1,0,55,43,8,3,2,0,0,0,8,8,6,7,2,1,3,1,1,0,0,15,0,1,0,0,0,3,0,2026-09-02T00:09:10.932568+00:00
Italia Serie A 2026/2027,Monza - Udinese,2026-08-29T16:30:00+00:00,finished,2,2-3,Monza,Andrea Colpani,F,84,7.7,30,1,0,0.3971,0.107145,2,1,2,17,15,2,0,3,1,0,0,1,1,0,0,0,0,1,0,3,0,1,9,1,0,0,0,0,3,0,2026-09-02T00:09:10.932591+00:00
Italia Serie A 2026/2027,Monza - Udinese,2026-08-29T16:30:00+00:00,finished,2,2-3,Udinese,Daniele Padelli,G,0,,0,0,0,,,0,0,0,0,0,0,0,0,0,0,0,0,0,0,0,0,0,0,0,0,0,0,0,0,0,0,0,0,0,0,2026-09-02T00:09:10.932270+00:00
Italia Serie A 2026/2027,Monza - Udinese,2026-08-29T16:30:00+00:00,finished,2,2-3,Monza,Dany Mota,F,11,6.5,5,0,0,0.0234,0.00851165,1,0,1,4,4,0,0,0,0,0,0,0,0,0,0,0,0,0,0,0,0,0,0,0,0,0,0,0,0,0,2026-09-02T00:09:10.932665+00:00
Italia Serie A 2026/2027,Monza - Udinese,2026-08-29T16:30:00+00:00,finished,2,2-3,Udinese,David Pejičić,M,0,,0,0,0,,,0,0,0,0,0,0,0,0,0,0,0,0,0,0,0,0,0,0,0,0,0,0,0,0,0,0,0,0,0,0,2026-09-02T00:09:10.932303+00:00
Italia Serie A 2026/2027,Monza - Udinese,2026-08-29T16:30:00+00:00,finished,2,2-3,Monza,Demba Thiam,G,90,5.6,41,0,0,,0.00596593,0,0,0,30,21,13,4,0,0,0,0,0,0,0,0,0,0,2,0,11,0,0,9,0,0,0,0,2,3,0,2026-09-02T00:09:10.932516+00:00
Italia Serie A 2026/2027,Monza - Udinese,2026-08-29T16:30:00+00:00,finished,2,2-3,Monza,Ebenezer Akinsanmiro,M,36,7.2,36,0,1,,0.204246,0,0,1,32,31,1,0,1,1,0,0,1,1,0,0,0,0,0,1,2,0,0,2,1,1,0,0,0,0,0,2026-09-02T00:09:10.932633+00:00
Italia Serie A 2026/2027,Monza - Udinese,2026-08-29T16:30:00+00:00,finished,2,2-3,Monza,Eddy Kouadio,D,90,6.6,58,0,0,,0.491481,0,0,1,51,41,5,1,1,0,0,0,1,1,0,1,1,1,2,1,3,0,0,11,0,0,0,0,0,3,0,2026-09-02T00:09:10.932335+00:00
Italia Serie A 2026/2027,Monza - Udinese,2026-08-29T16:30:00+00:00,finished,2,2-3,Udinese,Edoardo Piana,G,0,,0,0,0,,,0,0,0,0,0,0,0,0,0,0,0,0,0,0,0,0,0,0,0,0,0,0,0,0,0,0,0,0,0,0,2026-09-02T00:09:10.932261+00:00
Italia Serie A 2026/2027,Monza - Udinese,2026-08-29T16:30:00+00:00,finished,2,2-3,Udinese,Enzo Ebosse,D,68,6.5,59,0,0,,0.0129659,0,0,1,49,45,7,4,0,0,1,0,2,2,1,0,1,0,4,0,3,0,0,6,0,1,0,0,0,2,0,2026-09-02T00:09:10.932127+00:00
Italia Serie A 2026/2027,Monza - Udinese,2026-08-29T16:30:00+00:00,finished,2,2-3,Udinese,Giulio Vinciati,F,0,,0,0,0,,,0,0,0,0,0,0,0,0,0,0,0,0,0,0,0,0,0,0,0,0,0,0,0,0,0,0,0,0,0,0,2026-09-02T00:09:10.932324+00:00
Italia Serie A 2026/2027,Monza - Udinese,2026-08-29T16:30:00+00:00,finished,2,2-3,Monza,Gustavo Varela,F,90,7.1,28,1,0,0.2873,0.0240317,3,1,0,15,10,0,0,0,0,1,0,1,4,1,2,0,0,2,0,0,1,0,11,0,1,0,0,0,3,0,2026-09-02T00:09:10.932532+00:00
Italia Serie A 2026/2027,Monza - Udinese,2026-08-29T16:30:00+00:00,finished,2,2-3,Udinese,Hassane Kamara,M,90,8.3,54,1,1,0.0151,0.0226138,1,1,1,30,25,2,1,3,0,1,1,3,2,0,1,2,2,5,0,4,0,0,9,0,1,0,0,0,2,0,2026-09-02T00:09:10.932035+00:00
Italia Serie A 2026/2027,Monza - Udinese,2026-08-29T16:30:00+00:00,finished,2,2-3,Udinese,Idrissa Gueye,F,22,6.6,17,0,0,0.0537,0.00089929,1,0,0,8,2,0,0,0,0,0,0,6,5,4,4,0,0,1,0,0,0,1,8,2,0,0,0,0,0,0,2026-09-02T00:09:10.932229+00:00
Italia Serie A 2026/2027,Monza - Udinese,2026-08-29T16:30:00+00:00,finished,2,2-3,Udinese,Jakub Piotrowski,M,60,8.2,44,1,0,0.3859,0.0225199,3,1,1,32,26,2,2,0,0,1,1,5,0,1,0,3,2,2,0,4,1,0,7,0,1,0,0,0,1,0,2026-09-02T00:09:10.932144+00:00
Italia Serie A 2026/2027,Monza - Udinese,2026-08-29T16:30:00+00:00,finished,2,2-3,Udinese,James Abankwah,D,90,6.7,51,0,0,,0.00223015,0,0,0,30,26,2,1,0,0,0,0,3,8,1,1,1,1,6,1,4,0,3,8,1,3,0,0,0,2,0,2026-09-02T00:09:10.932070+00:00
Italia Serie A 2026/2027,Monza - Udinese,2026-08-29T16:30:00+00:00,finished,2,2-3,Monza,Jay Robinson,F,0,,0,0,0,,,0,0,0,0,0,0,0,0,0,0,0,0,0,0,0,0,0,0,0,0,0,0,0,0,0,0,0,0,0,0,2026-09-02T00:09:10.932756+00:00
Italia Serie A 2026/2027,Monza - Udinese,2026-08-29T16:30:00+00:00,finished,2,2-3,Udinese,Jesper Karlström,M,90,6.4,50,0,0,,0.0859847,0,0,0,37,33,4,0,4,0,1,0,1,2,0,0,0,0,1,0,4,0,0,13,1,0,0,0,0,2,0,2026-09-02T00:09:10.932047+00:00
Italia Serie A 2026/2027,Monza - Udinese,2026-08-29T16:30:00+00:00,finished,2,2-3,Udinese,Juan Arizala,M,10,6.6,3,0,0,,3.366e-05,0,0,0,1,1,0,0,0,0,0,0,0,0,0,0,0,0,2,0,1,0,0,0,0,0,0,0,0,0,0,2026-09-02T00:09:10.932239+00:00
Italia Serie A 2026/2027,Monza - Udinese,2026-08-29T16:30:00+00:00,finished,2,2-3,Udinese,Jürgen Ekkelenkamp,M,90,7.3,46,1,0,0.2274,0.0179806,3,2,0,26,21,4,3,0,0,1,0,3,5,1,1,0,0,1,0,4,1,1,14,2,1,0,0,0,2,0,2026-09-02T00:09:10.932013+00:00
Italia Serie A 2026/2027,Monza - Udinese,2026-08-29T16:30:00+00:00,finished,2,2-3,Udinese,Keinan Davis,F,68,6.5,30,0,0,0.0583,0.0772893,2,0,2,20,16,0,0,0,0,1,1,4,4,3,3,0,0,0,0,0,1,1,10,0,0,0,0,0,2,0,2026-09-02T00:09:10.932093+00:00
Italia Serie A 2026/2027,Monza - Udinese,2026-08-29T16:30:00+00:00,finished,2,2-3,Udinese,Lennon Miller,M,30,6.2,14,0,0,,0.00354163,0,0,0,8,5,1,0,0,0,0,0,0,4,0,0,0,0,3,1,0,0,0,4,0,4,0,0,0,1,0,2026-09-02T00:09:10.932197+00:00
Italia Serie A 2026/2027,Monza - Udinese,2026-08-29T16:30:00+00:00,finished,2,2-3,Monza,Leonardo Colombo,M,0,,0,0,0,,,0,0,0,0,0,0,0,0,0,0,0,0,0,0,0,0,0,0,0,0,0,0,0,0,0,0,0,0,0,0,2026-09-02T00:09:10.932736+00:00
Italia Serie A 2026/2027,Monza - Udinese,2026-08-29T16:30:00+00:00,finished,2,2-3,Monza,Lorenzo Lucchesi,D,61,6.0,41,0,0,,0.00341061,0,0,0,30,29,1,1,0,0,0,0,1,5,1,2,0,0,2,3,1,0,0,2,0,1,1,0,0,3,0,2026-09-02T00:09:10.932601+00:00
Italia Serie A 2026/2027,Monza - Udinese,2026-08-29T16:30:00+00:00,finished,2,2-3,Udinese,Maduka Okoye,G,90,7.4,55,0,0,,0.00274724,0,0,0,43,25,30,12,0,0,0,0,1,0,0,0,0,0,2,0,12,0,0,18,1,0,0,0,3,2,0,2026-09-02T00:09:10.931823+00:00
Italia Serie A 2026/2027,Monza - Udinese,2026-08-29T16:30:00+00:00,finished,2,2-3,Monza,Manga Foe Ondoa,M,54,6.4,32,0,0,0.0564,0.015098,2,1,1,18,18,1,1,0,0,1,1,3,4,0,1,2,2,0,0,3,1,3,4,0,0,0,0,0,3,0,2026-09-02T00:09:10.932622+00:00
Italia Serie A 2026/2027,Monza - Udinese,2026-08-29T16:30:00+00:00,finished,2,2-3,Monza,Mathis Mout,M,54,6.3,44,0,0,,0.0127687,0,0,0,30,21,9,2,1,0,1,1,5,1,0,0,3,0,0,1,5,0,0,14,1,0,0,0,0,3,0,2026-09-02T00:09:10.932613+00:00
Italia Serie A 2026/2027,Monza - Udinese,2026-08-29T16:30:00+00:00,finished,2,2-3,Monza,Michael Folorunsho,M,36,7.0,40,0,0,0.0684,0.0103106,2,0,0,28,23,4,0,1,0,0,0,5,2,0,1,1,0,0,1,6,1,0,6,4,1,0,0,0,0,0,2026-09-02T00:09:10.932644+00:00
Italia Serie A 2026/2027,Monza - Udinese,2026-08-29T16:30:00+00:00,finished,2,2-3,Udinese,Mërgim Vojvoda,D,85,6.9,70,0,0,,0.141884,0,0,2,54,43,7,2,2,0,1,0,1,1,0,0,1,1,2,0,7,0,0,17,0,0,0,0,0,2,0,2026-09-02T00:09:10.932081+00:00
Italia Serie A 2026/2027,Monza - Udinese,2026-08-29T16:30:00+00:00,finished,2,2-3,Udinese,Nicolò Bertola,D,22,6.6,8,0,0,,0.00024375,0,0,0,6,4,1,0,0,0,0,0,0,0,0,0,0,0,2,0,0,0,0,2,0,0,0,0,0,0,0,2026-09-02T00:09:10.932219+00:00
Italia Serie A 2026/2027,Monza - Udinese,2026-08-29T16:30:00+00:00,finished,2,2-3,Udinese,Oier Zarraga,M,30,6.5,10,0,0,,0.00837065,0,0,0,6,6,0,0,0,0,0,0,1,0,0,0,0,0,0,0,1,0,0,0,1,0,0,0,0,1,0,2026-09-02T00:09:10.932208+00:00
Italia Serie A 2026/2027,Monza - Udinese,2026-08-29T16:30:00+00:00,finished,2,2-3,Monza,Omari Forson,M,11,6.8,10,0,0,,0.0332477,0,0,1,7,7,1,1,3,1,0,0,1,0,1,0,0,0,0,0,0,0,0,2,0,0,0,0,0,0,0,2026-09-02T00:09:10.932676+00:00
Italia Serie A 2026/2027,Monza - Udinese,2026-08-29T16:30:00+00:00,finished,2,2-3,Udinese,Oumar Solet,D,90,6.8,66,0,0,,0.00991163,0,0,1,52,47,5,3,0,0,0,0,4,2,2,1,1,1,5,4,5,0,1,7,1,0,0,0,0,2,0,2026-09-02T00:09:10.932058+00:00
Italia Serie A 2026/2027,Monza - Udinese,2026-08-29T16:30:00+00:00,finished,2,2-3,Monza,Patrick Cutrone,F,90,7.0,35,0,0,0.373,0.124482,1,0,2,17,15,0,0,4,0,1,1,6,2,0,0,2,1,1,0,5,1,0,10,3,2,0,0,0,3,0,2026-09-02T00:09:10.932544+00:00
Italia Serie A 2026/2027,Monza - Udinese,2026-08-29T16:30:00+00:00,finished,2,2-3,Monza,Ricardo Mangas,D,90,7.1,64,0,1,,0.240787,0,0,4,35,24,3,2,7,3,3,0,2,4,1,0,0,0,1,2,2,0,0,22,1,1,0,0,0,3,0,2026-09-02T00:09:10.932556+00:00
Italia Serie A 2026/2027,Monza - Udinese,2026-08-29T16:30:00+00:00,finished,2,2-3,Udinese,Saba Goglichidze,D,0,,0,0,0,,,0,0,0,0,0,0,0,0,0,0,0,0,0,0,0,0,0,0,0,0,0,0,0,0,0,0,0,0,0,0,2026-09-02T00:09:10.932291+00:00
Italia Serie A 2026/2027,Monza - Udinese,2026-08-29T16:30:00+00:00,finished,2,2-3,Monza,Samuele Birindelli,M,84,6.6,51,0,0,0.0336,0.0101,1,1,0,25,18,6,3,4,0,2,0,1,3,0,0,1,0,4,1,7,0,0,13,0,0,0,0,0,3,0,2026-09-02T00:09:10.932580+00:00
Italia Serie A 2026/2027,Monza - Udinese,2026-08-29T16:30:00+00:00,finished,2,2-3,Udinese,Sandi Lovrić,M,0,,0,0,0,,,0,0,0,0,0,0,0,0,0,0,0,0,0,0,0,0,0,0,0,0,0,0,0,0,0,0,0,0,0,0,2026-09-02T00:09:10.932313+00:00
Italia Serie A 2026/2027,Monza - Udinese,2026-08-29T16:30:00+00:00,finished,2,2-3,Udinese,Unai Gómez,M,60,6.5,30,0,0,0.154,0.112207,2,1,1,18,11,0,0,2,1,1,1,5,4,2,2,1,0,0,0,1,1,1,12,1,1,0,0,0,1,0,2026-09-02T00:09:10.932182+00:00
Italia Serie A 2026/2027,Monza - Udinese,2026-08-29T16:30:00+00:00,finished,2,2-3,Udinese,Vakoun Issouf Bayo,F,0,,0,0,0,,,0,0,0,0,0,0,0,0,0,0,0,0,0,0,0,0,0,0,0,0,0,0,0,0,0,0,0,0,0,0,2026-09-02T00:09:10.932250+00:00
Italia Serie A 2026/2027,Monza - Udinese,2026-08-29T16:30:00+00:00,finished,2,2-3,Monza,Valentin Antov,D,0,,0,0,0,,,0,0,0,0,0,0,0,0,0,0,0,0,0,0,0,0,0,0,0,0,0,0,0,0,0,0,0,0,0,0,2026-09-02T00:09:10.932698+00:00
Italia Serie A 2026/2027,Monza - Udinese,2026-08-29T16:30:00+00:00,finished,2,2-3,Monza,Yvan Maye,D,0,,0,0,0,,,0,0,0,0,0,0,0,0,0,0,0,0,0,0,0,0,0,0,0,0,0,0,0,0,0,0,0,0,0,0,2026-09-02T00:09:10.932779+00:00
Italia Serie A 2026/2027,Sassuolo - Torino,2026-08-29T16:30:00+00:00,finished,2,2-1,Sassuolo,,,0,,0,0,0,,,0,0,0,0,0,0,0,0,0,0,0,0,0,0,0,0,0,0,0,0,0,0,0,0,0,0,0,0,0,0,2026-09-02T00:09:10.561641+00:00
Italia Serie A 2026/2027,Sassuolo - Torino,2026-08-29T16:30:00+00:00,finished,2,2-1,Sassuolo,,,0,,0,0,0,,,0,0,0,0,0,0,0,0,0,0,0,0,0,0,0,0,0,0,0,0,0,0,0,0,0,0,0,0,0,0,2026-09-02T00:09:10.561666+00:00
Italia Serie A 2026/2027,Sassuolo - Torino,2026-08-29T16:30:00+00:00,finished,2,2-1,Torino,,,0,,0,0,0,,,0,0,0,0,0,0,0,0,0,0,0,0,0,0,0,0,0,0,0,0,0,0,0,0,0,0,0,0,0,0,2026-09-02T00:09:10.561829+00:00
Italia Serie A 2026/2027,Sassuolo - Torino,2026-08-29T16:30:00+00:00,finished,2,2-1,Torino,,,0,,0,0,0,,,0,0,0,0,0,0,0,0,0,0,0,0,0,0,0,0,0,0,0,0,0,0,0,0,0,0,0,0,0,0,2026-09-02T00:09:10.561836+00:00
Italia Serie A 2026/2027,Sassuolo - Torino,2026-08-29T16:30:00+00:00,finished,2,2-1,Torino,,,0,,0,0,0,,,0,0,0,0,0,0,0,0,0,0,0,0,0,0,0,0,0,0,0,0,0,0,0,0,0,0,0,0,0,0,2026-09-02T00:09:10.561843+00:00
Italia Serie A 2026/2027,Sassuolo - Torino,2026-08-29T16:30:00+00:00,finished,2,2-1,Torino,Alberto Paleari,G,0,,0,0,0,,,0,0,0,0,0,0,0,0,0,0,0,0,0,0,0,0,0,0,0,0,0,0,0,0,0,0,0,0,0,0,2026-09-02T00:09:10.561821+00:00
Italia Serie A 2026/2027,Sassuolo - Torino,2026-08-29T16:30:00+00:00,finished,2,2-1,Torino,Alessio Cacciamani,M,90,7.4,69,0,1,0.0642,0.349594,1,0,1,39,36,2,1,5,2,6,3,8,6,0,2,2,2,2,0,3,1,0,14,3,1,0,0,0,2,0,2026-09-02T00:09:10.561701+00:00
Italia Serie A 2026/2027,Sassuolo - Torino,2026-08-29T16:30:00+00:00,finished,2,2-1,Sassuolo,Andrea Ghion,M,0,,0,0,0,,,0,0,0,0,0,0,0,0,0,0,0,0,0,0,0,0,0,0,0,0,0,0,0,0,0,0,0,0,0,0,2026-09-02T00:09:10.561650+00:00
Italia Serie A 2026/2027,Sassuolo - Torino,2026-08-29T16:30:00+00:00,finished,2,2-1,Torino,Andrea Luongo,M,0,,0,0,0,,,0,0,0,0,0,0,0,0,0,0,0,0,0,0,0,0,0,0,0,0,0,0,0,0,0,0,0,0,0,0,2026-09-02T00:09:10.561851+00:00
Italia Serie A 2026/2027,Sassuolo - Torino,2026-08-29T16:30:00+00:00,finished,2,2-1,Torino,Ardian Ismajli,D,23,6.3,20,0,0,,0.00150392,0,0,0,15,12,2,1,0,0,0,0,1,1,1,1,0,0,4,0,1,0,0,4,0,0,0,0,0,1,0,2026-09-02T00:09:10.561773+00:00
Italia Serie A 2026/2027,Sassuolo - Torino,2026-08-29T16:30:00+00:00,finished,2,2-1,Sassuolo,Arijanet Murić,G,90,8.0,31,0,0,,0.00263473,0,0,0,20,11,14,5,0,0,0,0,1,0,0,0,0,0,0,0,5,0,0,11,1,0,0,0,3,1,0,2026-09-02T00:09:10.561481+00:00
Italia Serie A 2026/2027,Sassuolo - Torino,2026-08-29T16:30:00+00:00,finished,2,2-1,Sassuolo,Armand Laurienté,F,90,7.1,49,0,0,0.3327,0.275212,7,2,2,31,28,0,0,4,1,2,0,1,3,0,0,0,0,0,0,3,2,1,10,1,0,1,0,0,1,0,2026-09-02T00:09:10.561469+00:00
Italia Serie A 2026/2027,Sassuolo - Torino,2026-08-29T16:30:00+00:00,finished,2,2-1,Sassuolo,Benjamín Domínguez,M,30,6.0,25,0,0,,0.00861174,0,0,0,12,10,0,0,2,1,2,0,2,9,0,1,0,0,0,0,0,0,4,12,2,0,0,0,0,0,0,2026-09-02T00:09:10.561563+00:00
Italia Serie A 2026/2027,Sassuolo - Torino,2026-08-29T16:30:00+00:00,finished,2,2-1,Sassuolo,Cas Odenthal,D,0,,0,0,0,,,0,0,0,0,0,0,0,0,0,0,0,0,0,0,0,0,0,0,0,0,0,0,0,0,0,0,0,0,0,0,2026-09-02T00:09:10.561633+00:00
Italia Serie A 2026/2027,Sassuolo - Torino,2026-08-29T16:30:00+00:00,finished,2,2-1,Torino,Che Adams,F,83,6.7,29,0,0,0.3418,0.246772,1,1,1,19,18,0,0,0,0,1,1,3,4,1,1,1,0,0,0,2,0,1,5,0,1,0,0,0,2,0,2026-09-02T00:09:10.561729+00:00
Italia Serie A 2026/2027,Sassuolo - Torino,2026-08-29T16:30:00+00:00,finished,2,2-1,Sassuolo,Cristian Volpato,M,60,8.2,37,1,0,0.107,0.140771,3,2,3,24,20,3,2,1,1,1,1,4,3,1,0,1,1,0,0,3,1,1,7,1,1,1,0,0,1,0,2026-09-02T00:09:10.561554+00:00
Italia Serie A 2026/2027,Sassuolo - Torino,2026-08-29T16:30:00+00:00,finished,2,2-1,Sassuolo,Darryl Bakola,M,90,7.5,73,0,0,,0.20861,0,0,3,52,49,3,3,4,1,5,3,5,9,1,0,1,1,0,0,6,0,2,12,0,2,0,0,0,1,0,2026-09-02T00:09:10.561421+00:00
Italia Serie A 2026/2027,Sassuolo - Torino,2026-08-29T16:30:00+00:00,finished,2,2-1,Torino,Diego Mascardi,G,90,6.5,41,0,0,,0.00054319,0,0,0,32,29,6,5,0,0,0,0,0,0,0,0,0,0,0,0,9,0,0,4,0,0,0,0,5,2,0,2026-09-02T00:09:10.561675+00:00
Italia Serie A 2026/2027,Sassuolo - Torino,2026-08-29T16:30:00+00:00,finished,2,2-1,Sassuolo,Domenico Berardi,F,18,7.9,19,1,0,0.0581,0.0487665,1,1,2,14,13,1,1,1,0,0,0,3,0,1,0,1,0,0,0,3,0,0,3,1,0,0,0,0,0,0,2026-09-02T00:09:10.561590+00:00
Italia Serie A 2026/2027,Sassuolo - Torino,2026-08-29T16:30:00+00:00,finished,2,2-1,Torino,Duván Zapata,F,12,6.6,4,0,0,,0.00682328,0,0,0,1,1,0,0,0,0,0,0,0,1,0,1,0,0,1,0,1,0,0,0,0,0,0,0,0,0,0,2026-09-02T00:09:10.561805+00:00
Italia Serie A 2026/2027,Sassuolo - Torino,2026-08-29T16:30:00+00:00,finished,2,2-1,Torino,Emirhan İlkhan,M,23,6.8,12,0,0,,0.248135,0,0,0,10,9,1,0,0,0,0,0,1,0,0,0,1,1,0,0,1,0,0,2,0,0,0,0,0,1,0,2026-09-02T00:09:10.561781+00:00
Italia Serie A 2026/2027,Sassuolo - Torino,2026-08-29T16:30:00+00:00,finished,2,2-1,Torino,Eray Cömert,D,67,7.2,99,0,0,,0.0161751,0,0,0,88,81,7,3,0,0,0,0,3,1,0,0,1,1,3,1,1,0,1,9,2,0,0,0,0,1,0,2026-09-02T00:09:10.561765+00:00
Italia Serie A 2026/2027,Sassuolo - Torino,2026-08-29T16:30:00+00:00,finished,2,2-1,Sassuolo,Fedde Leysen,D,90,6.8,51,0,1,,0.0314929,0,0,1,42,37,5,2,0,0,0,0,4,2,4,0,0,0,5,0,3,0,0,8,0,0,0,0,0,1,0,2026-09-02T00:09:10.561509+00:00
Italia Serie A 2026/2027,Sassuolo - Torino,2026-08-29T16:30:00+00:00,finished,2,2-1,Sassuolo,Gabriel Kulla,F,0,,0,0,0,,,0,0,0,0,0,0,0,0,0,0,0,0,0,0,0,0,0,0,0,0,0,0,0,0,0,0,0,0,0,0,2026-09-02T00:09:10.561658+00:00
Italia Serie A 2026/2027,Sassuolo - Torino,2026-08-29T16:30:00+00:00,finished,2,2-1,Torino,Gaetano Oristanio,M,0,,0,0,0,,,0,0,0,0,0,0,0,0,0,0,0,0,0,0,0,0,0,0,0,0,0,0,0,0,0,0,0,0,0,0,2026-09-02T00:09:10.561885+00:00
Italia Serie A 2026/2027,Sassuolo - Torino,2026-08-29T16:30:00+00:00,finished,2,2-1,Sassuolo,Giacomo Satalino,G,0,,0,0,0,,,0,0,0,0,0,0,0,0,0,0,0,0,0,0,0,0,0,0,0,0,0,0,0,0,0,0,0,0,0,0,2026-09-02T00:09:10.561624+00:00
Italia Serie A 2026/2027,Sassuolo - Torino,2026-08-29T16:30:00+00:00,finished,2,2-1,Torino,Giovanni Simeone,F,73,6.3,20,0,0,0.1584,0.0093087,1,0,0,14,9,1,0,1,1,0,0,3,2,1,2,1,1,0,0,0,0,0,7,1,0,0,0,0,1,0,2026-09-02T00:09:10.561739+00:00
Italia Serie A 2026/2027,Sassuolo - Torino,2026-08-29T16:30:00+00:00,finished,2,2-1,Torino,Gvidas Gineitis,M,67,6.5,31,0,0,0.088,0.0126584,1,0,0,20,15,3,2,2,0,1,0,5,2,0,0,2,2,0,0,3,0,0,10,3,1,1,0,0,1,0,2026-09-02T00:09:10.561756+00:00
Italia Serie A 2026/2027,Sassuolo - Torino,2026-08-29T16:30:00+00:00,finished,2,2-1,Sassuolo,Jay Idzes,D,90,6.5,50,0,0,,0.00718197,0,0,0,43,41,3,1,0,0,0,0,1,4,0,2,0,0,3,0,3,0,0,2,1,1,0,0,0,1,0,2026-09-02T00:09:10.561500+00:00
Italia Serie A 2026/2027,Sassuolo - Torino,2026-08-29T16:30:00+00:00,finished,2,2-1,Sassuolo,Josh Doig,D,61,6.6,30,0,0,,0.0206175,0,0,1,19,18,0,0,1,1,1,0,1,3,1,0,0,0,3,0,1,0,0,3,0,1,0,0,0,1,0,2026-09-02T00:09:10.561536+00:00
Italia Serie A 2026/2027,Sassuolo - Torino,2026-08-29T16:30:00+00:00,finished,2,2-1,Torino,Kian Fitz-Jim,M,90,7.4,59,0,0,0.0187,0.309654,1,0,1,42,35,5,4,2,0,6,5,9,2,0,0,1,1,1,0,5,0,0,11,3,0,0,0,0,2,0,2026-09-02T00:09:10.561711+00:00
Italia Serie A 2026/2027,Sassuolo - Torino,2026-08-29T16:30:00+00:00,finished,2,2-1,Sassuolo,Kieron Bowie,F,72,6.1,22,0,0,0.5071,0.00410231,3,1,1,12,8,0,0,0,0,0,0,1,6,0,2,0,0,0,1,1,1,0,7,1,2,0,0,0,1,0,2026-09-02T00:09:10.561527+00:00
Italia Serie A 2026/2027,Sassuolo - Torino,2026-08-29T16:30:00+00:00,finished,2,2-1,Sassuolo,Kristian Thorstvedt,M,30,7.0,27,0,0,0.0219,0.121266,1,0,1,24,21,1,1,0,0,1,1,3,1,2,0,0,0,0,0,1,0,1,4,0,0,0,0,0,0,0,2026-09-02T00:09:10.561573+00:00
Italia Serie A 2026/2027,Sassuolo - Torino,2026-08-29T16:30:00+00:00,finished,2,2-1,Torino,Lapo Siviero,G,0,,0,0,0,,,0,0,0,0,0,0,0,0,0,0,0,0,0,0,0,0,0,0,0,0,0,0,0,0,0,0,0,0,0,0,2026-09-02T00:09:10.561813+00:00
Italia Serie A 2026/2027,Sassuolo - Torino,2026-08-29T16:30:00+00:00,finished,2,2-1,Sassuolo,Luca Lipani,M,1,,1,0,0,,8.004e-05,0,0,0,1,1,0,0,0,0,0,0,0,0,0,0,0,0,0,0,0,0,0,0,0,0,0,0,0,0,0,2026-09-02T00:09:10.561598+00:00
Italia Serie A 2026/2027,Sassuolo - Torino,2026-08-29T16:30:00+00:00,finished,2,2-1,Sassuolo,Nemanja Matić,M,89,6.8,71,0,0,0.0146,0.0461938,1,0,1,55,49,6,4,1,0,2,1,3,3,0,0,2,1,3,1,6,1,0,13,0,2,1,0,0,1,0,2026-09-02T00:09:10.561518+00:00
Italia Serie A 2026/2027,Sassuolo - Torino,2026-08-29T16:30:00+00:00,finished,2,2-1,Torino,Niccolò Fortini,D,73,6.6,58,0,0,,0.188956,0,0,1,39,35,3,3,3,1,4,2,3,3,0,0,1,1,2,0,6,0,0,12,0,0,0,0,0,1,0,2026-09-02T00:09:10.561748+00:00
Italia Serie A 2026/2027,Sassuolo - Torino,2026-08-29T16:30:00+00:00,finished,2,2-1,Sassuolo,Nicholas Pierini,F,0,,0,0,0,,,0,0,0,0,0,0,0,0,0,0,0,0,0,0,0,0,0,0,0,0,0,0,0,0,0,0,0,0,0,0,2026-09-02T00:09:10.561606+00:00
Italia Serie A 2026/2027,Sassuolo - Torino,2026-08-29T16:30:00+00:00,finished,2,2-1,Torino,Nikola Vlašić,M,90,6.1,54,0,0,0.1735,0.0749784,2,1,1,44,40,0,0,1,0,1,1,3,6,1,1,1,0,0,0,1,1,1,7,0,2,0,0,0,2,0,2026-09-02T00:09:10.561720+00:00
Italia Serie A 2026/2027,Sassuolo - Torino,2026-08-29T16:30:00+00:00,finished,2,2-1,Torino,Pietro Comuzzo,D,90,8.1,81,1,0,0.0981,0.0256445,1,1,1,59,57,1,1,0,0,0,0,8,3,0,1,8,4,3,1,4,0,0,4,0,1,0,0,0,2,0,2026-09-02T00:09:10.561684+00:00
Italia Serie A 2026/2027,Sassuolo - Torino,2026-08-29T16:30:00+00:00,finished,2,2-1,Sassuolo,Rafael Obrador,M,29,7.0,35,0,0,,0.0118928,0,0,0,24,22,3,3,2,1,0,0,3,2,0,1,2,2,1,0,0,0,0,4,1,0,0,0,0,0,0,2026-09-02T00:09:10.561581+00:00
Italia Serie A 2026/2027,Sassuolo - Torino,2026-08-29T16:30:00+00:00,finished,2,2-1,Torino,Sandro Kulenović,F,17,6.6,1,0,0,,,0,0,0,1,0,0,0,0,0,0,0,1,0,1,0,0,0,0,0,0,0,0,1,0,0,0,0,0,1,0,2026-09-02T00:09:10.561789+00:00
Italia Serie A 2026/2027,Sassuolo - Torino,2026-08-29T16:30:00+00:00,finished,2,2-1,Torino,Saúl Coco,D,90,6.9,113,0,0,0.1826,0.0187204,1,1,1,103,97,10,6,0,0,0,0,1,3,1,2,0,0,8,0,4,0,0,6,0,1,0,0,0,2,0,2026-09-02T00:09:10.561693+00:00
Italia Serie A 2026/2027,Sassuolo - Torino,2026-08-29T16:30:00+00:00,finished,2,2-1,Sassuolo,Simone Cinquegrano,D,90,6.6,65,0,0,0.0621,0.0282564,2,1,0,44,39,2,2,3,0,0,0,2,1,1,0,1,1,0,0,5,0,0,9,0,1,0,0,0,1,0,2026-09-02T00:09:10.561491+00:00
Italia Serie A 2026/2027,Sassuolo - Torino,2026-08-29T16:30:00+00:00,finished,2,2-1,Sassuolo,Stefano Turati,G,0,,0,0,0,,,0,0,0,0,0,0,0,0,0,0,0,0,0,0,0,0,0,0,0,0,0,0,0,0,0,0,0,0,0,0,2026-09-02T00:09:10.561615+00:00
Italia Serie A 2026/2027,Sassuolo - Torino,2026-08-29T16:30:00+00:00,finished,2,2-1,Torino,Tino Anjorin,M,0,,0,0,0,,,0,0,0,0,0,0,0,0,0,0,0,0,0,0,0,0,0,0,0,0,0,0,0,0,0,0,0,0,0,0,2026-09-02T00:09:10.561859+00:00
Italia Serie A 2026/2027,Sassuolo - Torino,2026-08-29T16:30:00+00:00,finished,2,2-1,Sassuolo,Vasilije Adžić,M,60,6.7,25,0,1,0.0191,0.0218323,1,0,4,20,19,2,2,1,0,1,0,1,5,0,0,1,0,0,0,3,1,1,4,0,2,0,0,0,1,0,2026-09-02T00:09:10.561545+00:00
Italia Serie A 2026/2027,Sassuolo - Torino,2026-08-29T16:30:00+00:00,finished,2,2-1,Torino,Zakaria Aboukhlal,F,17,6.5,8,0,0,0.0277,0.017421,1,0,0,5,3,1,0,0,0,2,2,2,2,0,0,0,0,0,0,1,1,0,2,0,2,0,0,0,1,0,2026-09-02T00:09:10.561797+00:00
Italia Serie A 2026/2027,Juventus - Parma,2026-08-29T18:45:00+00:00,finished,2,2-0,Juventus,,,57,6.8,21,0,0,0.09,0.0480738,2,0,1,13,12,0,0,0,0,0,0,4,1,1,1,3,2,0,0,3,1,0,3,0,0,0,0,0,0,0,2026-09-02T00:09:11.245312+00:00
Italia Serie A 2026/2027,Juventus - Parma,2026-08-29T18:45:00+00:00,finished,2,2-0,Parma,,,0,,0,0,0,,,0,0,0,0,0,0,0,0,0,0,0,0,0,0,0,0,0,0,0,0,0,0,0,0,0,0,0,0,0,0,2026-09-02T00:09:11.249037+00:00
Italia Serie A 2026/2027,Juventus - Parma,2026-08-29T18:45:00+00:00,finished,2,2-0,Parma,Abdou-Salam Konate,M,10,5.9,14,0,0,,0.00292225,0,0,0,13,11,1,1,0,0,0,0,1,2,0,0,1,0,0,0,0,0,0,2,0,2,1,0,0,1,0,2026-09-02T00:09:11.245577+00:00
Italia Serie A 2026/2027,Juventus - Parma,2026-08-29T18:45:00+00:00,finished,2,2-0,Parma,Abdoulaye Ndiaye,D,0,,0,0,0,,,0,0,0,0,0,0,0,0,0,0,0,0,0,0,0,0,0,0,0,0,0,0,0,0,0,0,0,0,0,0,2026-09-02T00:09:11.248986+00:00
Italia Serie A 2026/2027,Juventus - Parma,2026-08-29T18:45:00+00:00,finished,2,2-0,Parma,Adrián Bernabé,M,80,6.9,59,0,0,,0.0520792,0,0,1,49,45,3,3,1,1,0,0,4,2,0,0,1,1,2,1,3,0,0,4,3,1,0,0,0,1,0,2026-09-02T00:09:11.245512+00:00
Italia Serie A 2026/2027,Juventus - Parma,2026-08-29T18:45:00+00:00,finished,2,2-0,Parma,Alessandro Mazzocchi,G,0,,0,0,0,,,0,0,0,0,0,0,0,0,0,0,0,0,0,0,0,0,0,0,0,0,0,0,0,0,0,0,0,0,0,0,2026-09-02T00:09:11.248930+00:00
Italia Serie A 2026/2027,Juventus - Parma,2026-08-29T18:45:00+00:00,finished,2,2-0,Juventus,Andrea Cambiaso,M,10,6.7,6,0,0,,0.00056752,0,0,0,3,3,0,0,0,0,0,0,1,0,0,0,1,1,0,0,2,0,0,1,0,0,0,0,0,0,0,2026-09-02T00:09:11.245358+00:00
Italia Serie A 2026/2027,Juventus - Parma,2026-08-29T18:45:00+00:00,finished,2,2-0,Juventus,Arkadiusz Milik,F,0,,0,0,0,,,0,0,0,0,0,0,0,0,0,0,0,0,0,0,0,0,0,0,0,0,0,0,0,0,0,0,0,0,0,0,2026-09-02T00:09:11.245396+00:00
Italia Serie A 2026/2027,Juventus - Parma,2026-08-29T18:45:00+00:00,finished,2,2-0,Parma,Benjamin Cremaschi,M,29,6.2,20,0,0,,0.00088259,0,0,0,11,8,0,0,0,0,1,0,2,4,0,0,1,1,0,0,1,0,2,6,1,1,0,0,0,2,0,2026-09-02T00:09:11.245548+00:00
Italia Serie A 2026/2027,Juventus - Parma,2026-08-29T18:45:00+00:00,finished,2,2-0,Juventus,Carlo Pinsoglio,G,0,,0,0,0,,,0,0,0,0,0,0,0,0,0,0,0,0,0,0,0,0,0,0,0,0,0,0,0,0,0,0,0,0,0,0,2026-09-02T00:09:11.245406+00:00
Italia Serie A 2026/2027,Juventus - Parma,2026-08-29T18:45:00+00:00,finished,2,2-0,Parma,Christian Ordoñez,M,61,6.7,36,0,0,0.0561,0.00142778,1,0,0,22,19,0,0,0,0,2,1,2,4,0,1,0,0,4,2,4,0,1,6,1,1,0,0,0,0,0,2026-09-02T00:09:11.245540+00:00
Italia Serie A 2026/2027,Juventus - Parma,2026-08-29T18:45:00+00:00,finished,2,2-0,Juventus,Daniele Rugani,D,0,,0,0,0,,,0,0,0,0,0,0,0,0,0,0,0,0,0,0,0,0,0,0,0,0,0,0,0,0,0,0,0,0,0,0,2026-09-02T00:09:11.245433+00:00
Italia Serie A 2026/2027,Juventus - Parma,2026-08-29T18:45:00+00:00,finished,2,2-0,Parma,David Romero,F,28,7.2,15,0,0,0.1617,0.00341233,3,3,0,6,3,1,1,0,0,0,0,4,1,1,0,1,1,0,0,2,0,1,6,2,0,0,0,0,2,0,2026-09-02T00:09:11.245558+00:00
Italia Serie A 2026/2027,Juventus - Parma,2026-08-29T18:45:00+00:00,finished,2,2-0,Parma,Dominik Drobnic ,D,90,6.4,59,0,0,,0.00335128,0,0,0,43,36,6,2,0,0,0,0,3,5,2,2,1,1,8,1,0,0,0,9,0,2,0,0,0,2,0,2026-09-02T00:09:11.245472+00:00
Italia Serie A 2026/2027,Juventus - Parma,2026-08-29T18:45:00+00:00,finished,2,2-0,Juventus,Douglas Luiz,M,90,7.2,88,0,0,0.2702,0.0863903,6,2,1,70,65,2,1,3,0,2,1,6,3,1,0,2,1,0,0,4,1,0,10,2,4,0,0,0,0,0,2026-09-02T00:09:11.245274+00:00
Italia Serie A 2026/2027,Juventus - Parma,2026-08-29T18:45:00+00:00,finished,2,2-0,Parma,Edoardo Corvi,G,90,6.6,46,0,0,,0.00095344,0,0,0,36,30,10,5,0,0,0,0,0,1,0,1,0,0,0,0,9,0,0,7,0,0,0,0,4,2,0,2026-09-02T00:09:11.245453+00:00
Italia Serie A 2026/2027,Juventus - Parma,2026-08-29T18:45:00+00:00,finished,2,2-0,Parma,El Bilal Touré,M,80,6.5,22,0,0,,0.00675732,0,0,0,11,7,0,0,0,0,1,0,3,5,2,2,0,0,2,1,3,0,0,8,1,2,0,0,0,1,0,2026-09-02T00:09:11.245521+00:00
Italia Serie A 2026/2027,Juventus - Parma,2026-08-29T18:45:00+00:00,finished,2,2-0,Parma,Emanuele Valeri,M,90,6.0,43,0,0,,0.0108994,0,0,0,25,19,2,0,3,0,0,0,2,5,0,1,2,1,1,0,3,0,1,12,0,1,0,0,0,2,0,2026-09-02T00:09:11.245482+00:00
Italia Serie A 2026/2027,Juventus - Parma,2026-08-29T18:45:00+00:00,finished,2,2-0,Parma,Enrico Delprato,D,90,6.5,58,0,0,,0.0675559,0,0,2,39,31,2,0,1,1,1,1,4,2,1,1,1,1,2,3,4,0,1,10,1,0,1,0,0,2,0,2026-09-02T00:09:11.245442+00:00
Italia Serie A 2026/2027,Juventus - Parma,2026-08-29T18:45:00+00:00,finished,2,2-0,Juventus,Federico Gatti,D,0,,0,0,0,,,0,0,0,0,0,0,0,0,0,0,0,0,0,0,0,0,0,0,0,0,0,0,0,0,0,0,0,0,0,0,2026-09-02T00:09:11.245415+00:00
Italia Serie A 2026/2027,Juventus - Parma,2026-08-29T18:45:00+00:00,finished,2,2-0,Juventus,Francisco Conceição,F,76,7.1,69,0,0,0.071,0.410302,2,0,4,43,39,1,1,11,3,4,2,3,4,0,0,0,0,0,1,2,0,0,19,1,4,0,0,0,0,0,2026-09-02T00:09:11.245293+00:00
Italia Serie A 2026/2027,Juventus - Parma,2026-08-29T18:45:00+00:00,finished,2,2-0,Parma,Franco Carboni,M,0,,0,0,0,,,0,0,0,0,0,0,0,0,0,0,0,0,0,0,0,0,0,0,0,0,0,0,0,0,0,0,0,0,0,0,2026-09-02T00:09:11.249016+00:00
Italia Serie A 2026/2027,Juventus - Parma,2026-08-29T18:45:00+00:00,finished,2,2-0,Parma,Giovanni Daffara,G,0,,0,0,0,,,0,0,0,0,0,0,0,0,0,0,0,0,0,0,0,0,0,0,0,0,0,0,0,0,0,0,0,0,0,0,2026-09-02T00:09:11.248975+00:00
Italia Serie A 2026/2027,Juventus - Parma,2026-08-29T18:45:00+00:00,finished,2,2-0,Parma,Giovanni Fabbian,M,0,,0,0,0,,,0,0,0,0,0,0,0,0,0,0,0,0,0,0,0,0,0,0,0,0,0,0,0,0,0,0,0,0,0,0,2026-09-02T00:09:11.249006+00:00
Italia Serie A 2026/2027,Juventus - Parma,2026-08-29T18:45:00+00:00,finished,2,2-0,Juventus,Gleison Bremer,D,90,7.3,63,0,0,0.0975,0.0725545,1,0,0,52,46,5,1,0,0,0,0,6,4,4,3,2,1,4,2,2,0,0,7,0,2,0,0,0,0,0,2026-09-02T00:09:11.245254+00:00
Italia Serie A 2026/2027,Juventus - Parma,2026-08-29T18:45:00+00:00,finished,2,2-0,Juventus,Guglielmo Vicario,G,90,7.7,23,0,0,,0.00031301,0,0,0,16,12,6,2,0,0,0,0,0,0,0,0,0,0,1,0,4,0,0,5,0,0,0,0,3,0,1,2026-09-02T00:09:11.245171+00:00
Italia Serie A 2026/2027,Juventus - Parma,2026-08-29T18:45:00+00:00,finished,2,2-0,Juventus,Jeff Ekhator,F,0,,0,0,0,,,0,0,0,0,0,0,0,0,0,0,0,0,0,0,0,0,0,0,0,0,0,0,0,0,0,0,0,0,0,0,2026-09-02T00:09:11.245377+00:00
Italia Serie A 2026/2027,Juventus - Parma,2026-08-29T18:45:00+00:00,finished,2,2-0,Juventus,Jhon Lucumí,D,75,6.9,61,0,0,0.0822,0.0375249,1,0,0,57,53,2,1,0,0,0,0,2,2,2,1,0,0,2,0,2,0,0,4,0,1,1,0,0,0,0,2026-09-02T00:09:11.245303+00:00
Italia Serie A 2026/2027,Juventus - Parma,2026-08-29T18:45:00+00:00,finished,2,2-0,Juventus,Juan Cabal,D,0,,0,0,0,,,0,0,0,0,0,0,0,0,0,0,0,0,0,0,0,0,0,0,0,0,0,0,0,0,0,0,0,0,0,0,2026-09-02T00:09:11.245424+00:00
Italia Serie A 2026/2027,Juventus - Parma,2026-08-29T18:45:00+00:00,finished,2,2-0,Juventus,Jérémie Boga,F,57,7.2,37,0,0,,0.183038,0,0,1,25,23,1,1,6,1,1,1,2,1,0,0,1,1,0,0,4,0,1,9,0,0,0,0,0,0,0,2026-09-02T00:09:11.245323+00:00
Italia Serie A 2026/2027,Juventus - Parma,2026-08-29T18:45:00+00:00,finished,2,2-0,Juventus,Kamil Grabara,G,0,,0,0,0,,,0,0,0,0,0,0,0,0,0,0,0,0,0,0,0,0,0,0,0,0,0,0,0,0,0,0,0,0,0,0,2026-09-02T00:09:11.245387+00:00
Italia Serie A 2026/2027,Juventus - Parma,2026-08-29T18:45:00+00:00,finished,2,2-0,Juventus,Kerim Alajbegović,M,33,6.5,11,0,0,,0.0247162,0,0,0,8,6,1,0,1,1,0,0,0,1,0,0,0,0,1,0,2,0,0,3,0,0,0,0,0,0,0,2026-09-02T00:09:11.245341+00:00
Italia Serie A 2026/2027,Juventus - Parma,2026-08-29T18:45:00+00:00,finished,2,2-0,Parma,Lautaro Valenti,D,0,,0,0,0,,,0,0,0,0,0,0,0,0,0,0,0,0,0,0,0,0,0,0,0,0,0,0,0,0,0,0,0,0,0,0,2026-09-02T00:09:11.248997+00:00
Italia Serie A 2026/2027,Juventus - Parma,2026-08-29T18:45:00+00:00,finished,2,2-0,Juventus,Lloyd Kelly,D,15,6.5,9,0,0,,0.00066505,0,0,0,7,7,1,1,0,0,0,0,0,1,0,0,0,0,1,0,2,0,0,1,0,1,0,0,0,0,0,2026-09-02T00:09:11.245349+00:00
Italia Serie A 2026/2027,Juventus - Parma,2026-08-29T18:45:00+00:00,finished,2,2-0,Parma,Mandela Keita,M,90,6.9,53,0,0,,0.0682584,0,0,0,42,39,4,3,0,0,1,0,4,1,0,0,1,0,0,1,2,0,0,4,3,0,0,0,0,2,0,2026-09-02T00:09:11.245493+00:00
Italia Serie A 2026/2027,Juventus - Parma,2026-08-29T18:45:00+00:00,finished,2,2-0,Juventus,Manuel Locatelli,M,90,8.1,106,0,1,,0.223422,0,0,4,98,93,7,5,1,0,0,0,4,7,1,0,1,1,1,1,4,0,1,7,2,5,1,0,0,0,0,2026-09-02T00:09:11.245264+00:00
Italia Serie A 2026/2027,Juventus - Parma,2026-08-29T18:45:00+00:00,finished,2,2-0,Parma,Mariano Troilo,D,90,6.3,75,0,0,,0.00499687,0,0,0,67,61,9,5,0,0,0,0,3,3,1,2,0,0,4,0,0,0,0,7,2,1,1,0,0,2,0,2026-09-02T00:09:11.245462+00:00
Italia Serie A 2026/2027,Juventus - Parma,2026-08-29T18:45:00+00:00,finished,2,2-0,Parma,Matija Frigan,F,0,,0,0,0,,,0,0,0,0,0,0,0,0,0,0,0,0,0,0,0,0,0,0,0,0,0,0,0,0,0,0,0,0,0,0,2026-09-02T00:09:11.249028+00:00
Italia Serie A 2026/2027,Juventus - Parma,2026-08-29T18:45:00+00:00,finished,2,2-0,Parma,Nesta Elphege,F,10,6.4,1,0,0,,,0,0,0,0,0,0,0,0,0,0,0,0,1,0,0,0,0,0,0,0,0,0,1,0,1,0,0,0,1,0,2026-09-02T00:09:11.245587+00:00
Italia Serie A 2026/2027,Juventus - Parma,2026-08-29T18:45:00+00:00,finished,2,2-0,Juventus,Nicolás González,M,33,7.5,26,1,0,0.105,0.182895,4,2,1,13,11,0,0,1,0,1,1,4,0,0,0,1,1,0,3,3,0,0,4,2,0,0,0,0,0,0,2026-09-02T00:09:11.245332+00:00
Italia Serie A 2026/2027,Juventus - Parma,2026-08-29T18:45:00+00:00,finished,2,2-0,Parma,Ousmane Diallo,F,0,,0,0,0,,,0,0,0,0,0,0,0,0,0,0,0,0,0,0,0,0,0,0,0,0,0,0,0,0,0,0,0,0,0,0,2026-09-02T00:09:11.245595+00:00
Italia Serie A 2026/2027,Juventus - Parma,2026-08-29T18:45:00+00:00,finished,2,2-0,Juventus,Pierre Kalulu,D,90,7.4,88,0,0,,0.20795,0,0,2,66,58,1,0,4,2,0,0,2,1,0,1,0,0,2,1,3,0,0,11,2,0,0,0,0,0,0,2026-09-02T00:09:11.245243+00:00
Italia Serie A 2026/2027,Juventus - Parma,2026-08-29T18:45:00+00:00,finished,2,2-0,Parma,Pontus Almqvist,F,11,6.6,7,0,0,,0.0295971,0,0,1,6,6,0,0,1,0,0,0,1,0,1,0,0,0,0,0,0,0,0,1,0,0,0,0,0,1,0,2026-09-02T00:09:11.245567+00:00
Italia Serie A 2026/2027,Juventus - Parma,2026-08-29T18:45:00+00:00,finished,2,2-0,Juventus,Randal Kolo Muani,F,90,6.8,43,0,0,0.9199,0.0878615,4,1,0,28,21,1,0,0,0,2,1,6,10,2,2,0,0,1,0,2,1,1,12,3,6,0,0,0,0,0,2026-09-02T00:09:11.245225+00:00
Italia Serie A 2026/2027,Juventus - Parma,2026-08-29T18:45:00+00:00,finished,2,2-0,Parma,Sascha Britschgi,D,84,6.2,35,0,0,,0.0124482,0,0,0,19,15,1,0,0,0,3,0,3,7,1,1,1,0,2,0,2,0,1,11,1,0,0,0,0,1,0,2026-09-02T00:09:11.245503+00:00
Italia Serie A 2026/2027,Juventus - Parma,2026-08-29T18:45:00+00:00,finished,2,2-0,Parma,Simone Lontani,F,62,6.5,27,0,0,,0.00192926,0,0,0,13,9,3,0,2,0,2,1,4,3,0,1,0,0,1,1,1,0,1,11,3,0,0,0,0,1,0,2026-09-02T00:09:11.245530+00:00
Italia Serie A 2026/2027,Juventus - Parma,2026-08-29T18:45:00+00:00,finished,2,2-0,Juventus,Teun Koopmeiners,M,9,7.7,3,1,0,0.0489,0.00011595,1,1,0,1,1,0,0,0,0,0,0,0,0,0,0,0,0,0,0,0,0,0,1,0,0,0,0,0,0,0,2026-09-02T00:09:11.245368+00:00
Italia Serie A 2026/2027,Juventus - Parma,2026-08-29T18:45:00+00:00,finished,2,2-0,Parma,Thomas de Martis,F,0,,0,0,0,,,0,0,0,0,0,0,0,0,0,0,0,0,0,0,0,0,0,0,0,0,0,0,0,0,0,0,0,0,0,0,2026-09-02T00:09:11.249047+00:00
Italia Serie A 2026/2027,Juventus - Parma,2026-08-29T18:45:00+00:00,finished,2,2-0,Juventus,Zeki Çelik,D,90,7.1,64,0,0,,0.108548,0,0,0,36,32,1,0,0,0,1,0,6,5,1,1,5,4,0,3,3,0,2,10,0,0,0,0,0,0,0,2026-09-02T00:09:11.245284+00:00
Italia Serie A 2026/2027,SSC Napoli - Como,2026-08-30T16:30:00+00:00,finished,2,1-2,SSC Napoli,,,0,,0,0,0,,,0,0,0,0,0,0,0,0,0,0,0,0,0,0,0,0,0,0,0,0,0,0,0,0,0,0,0,0,0,0,2026-09-02T00:09:11.680008+00:00
Italia Serie A 2026/2027,SSC Napoli - Como,2026-08-30T16:30:00+00:00,finished,2,1-2,Como,,,0,,0,0,0,,,0,0,0,0,0,0,0,0,0,0,0,0,0,0,0,0,0,0,0,0,0,0,0,0,0,0,0,0,0,0,2026-09-02T00:09:11.683448+00:00
Italia Serie A 2026/2027,SSC Napoli - Como,2026-08-30T16:30:00+00:00,finished,2,1-2,Como,,,0,,0,0,0,,,0,0,0,0,0,0,0,0,0,0,0,0,0,0,0,0,0,0,0,0,0,0,0,0,0,0,0,0,0,0,2026-09-02T00:09:11.683512+00:00
Italia Serie A 2026/2027,SSC Napoli - Como,2026-08-30T16:30:00+00:00,finished,2,1-2,Como,Adrian Lahdo,M,0,,0,0,0,,,0,0,0,0,0,0,0,0,0,0,0,0,0,0,0,0,0,0,0,0,0,0,0,0,0,0,0,0,0,0,2026-09-02T00:09:11.683494+00:00
Italia Serie A 2026/2027,SSC Napoli - Como,2026-08-30T16:30:00+00:00,finished,2,1-2,Como,Alberto Dossena,D,0,,0,0,0,,,0,0,0,0,0,0,0,0,0,0,0,0,0,0,0,0,0,0,0,0,0,0,0,0,0,0,0,0,0,0,2026-09-02T00:09:11.683462+00:00
Italia Serie A 2026/2027,SSC Napoli - Como,2026-08-30T16:30:00+00:00,finished,2,1-2,SSC Napoli,Alex Meret,G,90,6.8,31,0,0,,0.0002104,0,0,0,20,16,6,2,0,0,0,0,1,0,1,0,0,0,1,0,7,0,0,4,0,0,0,0,4,2,1,2026-09-02T00:09:11.679803+00:00
Italia Serie A 2026/2027,SSC Napoli - Como,2026-08-30T16:30:00+00:00,finished,2,1-2,SSC Napoli,Alisson Santos,F,34,6.5,18,0,0,0.0648,0.0469757,2,0,0,9,7,0,0,1,0,3,1,1,3,0,0,0,0,0,0,0,1,0,5,0,0,0,0,0,0,0,2026-09-02T00:09:11.679970+00:00
Italia Serie A 2026/2027,SSC Napoli - Como,2026-08-30T16:30:00+00:00,finished,2,1-2,SSC Napoli,Amir Rrahmani,D,90,7.2,89,0,1,,0.0331745,0,0,1,71,64,7,5,0,0,0,0,6,6,3,1,2,1,5,1,5,0,1,10,1,4,0,0,0,2,0,2026-09-02T00:09:11.679869+00:00
Italia Serie A 2026/2027,SSC Napoli - Como,2026-08-30T16:30:00+00:00,finished,2,1-2,Como,Anastasios Douvikas,F,90,7.4,31,1,0,0.229,0.127161,3,2,2,15,11,0,0,0,0,2,2,10,9,3,5,0,0,1,0,1,0,2,8,5,1,0,0,0,1,0,2026-09-02T00:09:11.680060+00:00
Italia Serie A 2026/2027,SSC Napoli - Como,2026-08-30T16:30:00+00:00,finished,2,1-2,SSC Napoli,Antonio Vergara,F,0,,0,0,0,,,0,0,0,0,0,0,0,0,0,0,0,0,0,0,0,0,0,0,0,0,0,0,0,0,0,0,0,0,0,0,2026-09-02T00:09:11.680044+00:00
Italia Serie A 2026/2027,SSC Napoli - Como,2026-08-30T16:30:00+00:00,finished,2,1-2,Como,Assane Diao,M,65,6.6,49,0,1,0.0965,0.22171,2,1,2,35,30,1,0,6,2,1,1,4,2,2,1,1,0,0,2,2,0,0,10,0,0,0,0,0,1,0,2026-09-02T00:09:11.683358+00:00
Italia Serie A 2026/2027,SSC Napoli - Como,2026-08-30T16:30:00+00:00,finished,2,1-2,SSC Napoli,Billy Gilmour,M,0,,0,0,0,,,0,0,0,0,0,0,0,0,0,0,0,0,0,0,0,0,0,0,0,0,0,0,0,0,0,0,0,0,0,0,2026-09-02T00:09:11.680030+00:00
Italia Serie A 2026/2027,SSC Napoli - Como,2026-08-30T16:30:00+00:00,finished,2,1-2,SSC Napoli,Costantino Favasuli,M,0,,0,0,0,,,0,0,0,0,0,0,0,0,0,0,0,0,0,0,0,0,0,0,0,0,0,0,0,0,0,0,0,0,0,0,2026-09-02T00:09:11.680024+00:00
Italia Serie A 2026/2027,SSC Napoli - Como,2026-08-30T16:30:00+00:00,finished,2,1-2,SSC Napoli,David Neres,F,10,6.6,6,0,0,0.0147,0.0653886,1,0,0,4,4,0,0,0,0,1,0,0,1,0,0,0,0,0,0,1,1,0,1,0,0,0,0,0,0,0,2026-09-02T00:09:11.679978+00:00
Italia Serie A 2026/2027,SSC Napoli - Como,2026-08-30T16:30:00+00:00,finished,2,1-2,Como,Edoardo Goldaniga,D,0,,0,0,0,,,0,0,0,0,0,0,0,0,0,0,0,0,0,0,0,0,0,0,0,0,0,0,0,0,0,0,0,0,0,0,2026-09-02T00:09:11.683480+00:00
Italia Serie A 2026/2027,SSC Napoli - Como,2026-08-30T16:30:00+00:00,finished,2,1-2,Como,Emil Audero,G,0,,0,0,0,,,0,0,0,0,0,0,0,0,0,0,0,0,0,0,0,0,0,0,0,0,0,0,0,0,0,0,0,0,0,0,2026-09-02T00:09:11.683440+00:00
Italia Serie A 2026/2027,SSC Napoli - Como,2026-08-30T16:30:00+00:00,finished,2,1-2,SSC Napoli,Frank Anguissa,M,80,6.5,39,0,0,0.0278,0.0043851,1,0,0,27,23,2,0,0,0,2,2,6,5,2,2,1,0,0,1,3,0,0,6,1,0,0,0,0,2,0,2026-09-02T00:09:11.679916+00:00
Italia Serie A 2026/2027,SSC Napoli - Como,2026-08-30T16:30:00+00:00,finished,2,1-2,SSC Napoli,Giovane,F,0,,0,0,0,,,0,0,0,0,0,0,0,0,0,0,0,0,0,0,0,0,0,0,0,0,0,0,0,0,0,0,0,0,0,0,2026-09-02T00:09:11.680038+00:00
Italia Serie A 2026/2027,SSC Napoli - Como,2026-08-30T16:30:00+00:00,finished,2,1-2,SSC Napoli,Giovanni Di Lorenzo,D,90,6.3,57,0,0,0.0058,0.0318569,1,0,0,44,39,3,1,2,0,1,0,4,2,2,0,2,2,0,0,3,1,0,10,0,1,1,0,0,2,0,2026-09-02T00:09:11.679846+00:00
Italia Serie A 2026/2027,SSC Napoli - Como,2026-08-30T16:30:00+00:00,finished,2,1-2,Como,Ivan Azón,F,0,,0,0,0,,,0,0,0,0,0,0,0,0,0,0,0,0,0,0,0,0,0,0,0,0,0,0,0,0,0,0,0,0,0,0,2026-09-02T00:09:11.683530+00:00
Italia Serie A 2026/2027,SSC Napoli - Como,2026-08-30T16:30:00+00:00,finished,2,1-2,Como,Ivan Smolčić,D,32,6.9,18,0,0,,4.709e-05,0,0,0,7,5,1,0,0,0,0,0,3,0,0,0,2,1,3,1,1,0,0,4,1,0,0,0,0,0,0,2026-09-02T00:09:11.683387+00:00
Italia Serie A 2026/2027,SSC Napoli - Como,2026-08-30T16:30:00+00:00,finished,2,1-2,Como,Jacobo Ramón,D,90,7.4,103,0,0,0.0241,0.0218081,1,0,1,88,85,6,4,0,0,0,0,4,2,2,1,2,1,8,1,5,0,0,4,0,0,0,0,0,1,0,2026-09-02T00:09:11.680068+00:00
Italia Serie A 2026/2027,SSC Napoli - Como,2026-08-30T16:30:00+00:00,finished,2,1-2,Como,Jean Butez,G,90,7.0,44,0,0,,0.00411308,0,0,0,32,21,18,7,0,0,0,0,2,0,1,0,1,0,2,0,9,0,0,11,0,0,0,0,1,1,0,2026-09-02T00:09:11.680053+00:00
Italia Serie A 2026/2027,SSC Napoli - Como,2026-08-30T16:30:00+00:00,finished,2,1-2,Como,Jesús Rodriguez,M,0,,0,0,0,,,0,0,0,0,0,0,0,0,0,0,0,0,0,0,0,0,0,0,0,0,0,0,0,0,0,0,0,0,0,0,2026-09-02T00:09:11.683503+00:00
Italia Serie A 2026/2027,SSC Napoli - Como,2026-08-30T16:30:00+00:00,finished,2,1-2,Como,Kaiki,D,9,7.0,5,0,0,0.036,0.373116,1,1,1,2,2,0,0,0,0,1,1,1,0,0,0,0,0,0,0,0,0,0,1,0,0,0,0,0,0,0,2026-09-02T00:09:11.683424+00:00
Italia Serie A 2026/2027,SSC Napoli - Como,2026-08-30T16:30:00+00:00,finished,2,1-2,SSC Napoli,Kevin De Bruyne,M,34,7.1,34,0,0,0.0221,0.192201,1,0,4,25,18,3,1,3,3,0,0,1,1,0,0,1,1,0,0,1,0,0,11,0,1,0,0,0,0,0,2026-09-02T00:09:11.679963+00:00
Italia Serie A 2026/2027,SSC Napoli - Como,2026-08-30T16:30:00+00:00,finished,2,1-2,SSC Napoli,Leonardo Spinazzola,D,34,7.2,39,0,0,,0.154113,0,0,0,31,25,2,2,0,0,2,0,0,3,0,0,0,0,0,0,2,0,0,10,0,0,0,0,0,0,0,2026-09-02T00:09:11.679956+00:00
Italia Serie A 2026/2027,SSC Napoli - Como,2026-08-30T16:30:00+00:00,finished,2,1-2,SSC Napoli,Lorenzo Lucca,F,10,6.4,3,0,0,0.1875,0.0230982,1,1,1,2,1,0,0,0,0,0,0,1,1,1,1,0,0,0,0,0,0,0,1,0,1,0,0,0,0,0,2026-09-02T00:09:11.679986+00:00
Italia Serie A 2026/2027,SSC Napoli - Como,2026-08-30T16:30:00+00:00,finished,2,1-2,Como,Lucas Da Cunha,M,66,7.2,67,0,0,0.0424,0.1009,3,0,2,59,57,3,3,1,1,0,0,2,1,0,1,2,1,1,0,2,2,0,2,0,0,0,0,0,1,0,2026-09-02T00:09:11.683347+00:00
Italia Serie A 2026/2027,SSC Napoli - Como,2026-08-30T16:30:00+00:00,finished,2,1-2,Como,Luis Milla,M,90,7.3,106,0,0,,0.104096,0,0,1,81,78,3,2,7,1,0,0,2,2,0,1,2,2,2,5,2,0,0,10,0,1,0,0,0,1,0,2026-09-02T00:09:11.680091+00:00
Italia Serie A 2026/2027,SSC Napoli - Como,2026-08-30T16:30:00+00:00,finished,2,1-2,Como,Marc Kempf,D,25,6.9,9,0,0,,5.557e-05,0,0,0,6,4,1,0,0,0,0,0,2,0,2,0,0,0,2,0,0,0,0,2,1,0,0,0,0,0,0,2026-09-02T00:09:11.683406+00:00
Italia Serie A 2026/2027,SSC Napoli - Como,2026-08-30T16:30:00+00:00,finished,2,1-2,Como,Martin Baturina,M,58,7.7,45,1,1,0.3295,0.113515,4,2,2,34,31,1,1,1,0,1,0,1,3,0,1,0,0,0,0,1,0,0,5,1,0,0,0,0,1,0,2026-09-02T00:09:11.683368+00:00
Italia Serie A 2026/2027,SSC Napoli - Como,2026-08-30T16:30:00+00:00,finished,2,1-2,SSC Napoli,Mathías Olivera,D,56,6.7,42,0,0,0.1809,0.545192,2,0,1,28,22,3,1,0,0,0,0,2,5,0,2,2,0,0,0,5,0,2,8,0,0,0,0,0,2,0,2026-09-02T00:09:11.679932+00:00
Italia Serie A 2026/2027,SSC Napoli - Como,2026-08-30T16:30:00+00:00,finished,2,1-2,SSC Napoli,Matteo Politano,M,90,7.1,43,0,0,,0.206382,0,0,2,26,24,3,3,6,2,1,1,3,0,1,0,1,0,1,1,1,0,0,9,0,0,0,0,0,2,0,2026-09-02T00:09:11.679908+00:00
Italia Serie A 2026/2027,SSC Napoli - Como,2026-08-30T16:30:00+00:00,finished,2,1-2,Como,Mattia Liberali,F,0,,0,0,0,,,0,0,0,0,0,0,0,0,0,0,0,0,0,0,0,0,0,0,0,0,0,0,0,0,0,0,0,0,0,0,2026-09-02T00:09:11.683520+00:00
Italia Serie A 2026/2027,SSC Napoli - Como,2026-08-30T16:30:00+00:00,finished,2,1-2,Como,Mauro Vigorito,G,0,,0,0,0,,,0,0,0,0,0,0,0,0,0,0,0,0,0,0,0,0,0,0,0,0,0,0,0,0,0,0,0,0,0,0,2026-09-02T00:09:11.683431+00:00
Italia Serie A 2026/2027,SSC Napoli - Como,2026-08-30T16:30:00+00:00,finished,2,1-2,Como,Maxence Caqueret,M,32,6.6,27,0,0,,0.0918447,0,0,1,21,19,1,0,0,0,3,0,0,5,0,0,0,0,1,0,3,0,0,6,0,1,0,0,0,0,0,2026-09-02T00:09:11.683396+00:00
Italia Serie A 2026/2027,SSC Napoli - Como,2026-08-30T16:30:00+00:00,finished,2,1-2,Como,Máximo Perrone,M,24,6.6,19,0,0,,0.012364,0,0,1,18,18,0,0,0,0,0,0,0,1,0,0,0,0,1,0,0,0,0,0,0,1,0,0,0,0,0,2026-09-02T00:09:11.683414+00:00
Italia Serie A 2026/2027,SSC Napoli - Como,2026-08-30T16:30:00+00:00,finished,2,1-2,Como,Nico Paz,M,81,6.6,77,0,0,0.1987,0.134965,5,0,2,55,51,1,0,1,1,7,5,8,6,0,0,2,1,0,0,3,3,2,10,1,1,0,0,0,1,0,2026-09-02T00:09:11.683275+00:00
Italia Serie A 2026/2027,SSC Napoli - Como,2026-08-30T16:30:00+00:00,finished,2,1-2,SSC Napoli,Nikita Contini,G,0,,0,0,0,,,0,0,0,0,0,0,0,0,0,0,0,0,0,0,0,0,0,0,0,0,0,0,0,0,0,0,0,0,0,0,2026-09-02T00:09:11.680001+00:00
Italia Serie A 2026/2027,SSC Napoli - Como,2026-08-30T16:30:00+00:00,finished,2,1-2,SSC Napoli,Noa Lang,F,56,6.9,28,0,0,0.2454,0.0296772,1,0,1,14,12,0,0,3,0,2,0,2,2,1,0,1,1,1,0,1,0,0,10,0,0,0,0,0,2,0,2026-09-02T00:09:11.679948+00:00
Italia Serie A 2026/2027,SSC Napoli - Como,2026-08-30T16:30:00+00:00,finished,2,1-2,SSC Napoli,Rafa Marín,D,90,6.6,76,0,0,,0.0200809,0,0,0,64,62,3,2,0,0,0,0,4,3,1,1,2,1,3,1,4,0,0,2,1,1,0,0,0,2,0,2026-09-02T00:09:11.679888+00:00
Italia Serie A 2026/2027,SSC Napoli - Como,2026-08-30T16:30:00+00:00,finished,2,1-2,SSC Napoli,Rasmus Højlund,F,80,6.8,20,1,0,0.3131,0.0109307,2,1,0,9,8,0,0,0,0,4,1,1,6,0,3,0,0,1,0,1,0,0,6,0,0,0,0,0,2,0,2026-09-02T00:09:11.679924+00:00
Italia Serie A 2026/2027,SSC Napoli - Como,2026-08-30T16:30:00+00:00,finished,2,1-2,SSC Napoli,Sam Beukema,D,0,,0,0,0,,,0,0,0,0,0,0,0,0,0,0,0,0,0,0,0,0,0,0,0,0,0,0,0,0,0,0,0,0,0,0,2026-09-02T00:09:11.680016+00:00
Italia Serie A 2026/2027,SSC Napoli - Como,2026-08-30T16:30:00+00:00,finished,2,1-2,SSC Napoli,Scott McTominay,M,56,6.3,20,0,0,0.2847,0.0044205,1,0,0,16,13,1,1,0,0,1,0,0,2,0,0,0,0,0,0,0,1,0,5,0,1,0,0,0,2,0,2026-09-02T00:09:11.679940+00:00
Italia Serie A 2026/2027,SSC Napoli - Como,2026-08-30T16:30:00+00:00,finished,2,1-2,SSC Napoli,Stanislav Lobotka,M,90,6.7,63,0,0,,0.0373348,0,0,0,52,47,2,1,1,0,1,1,3,5,0,2,0,0,1,1,3,0,1,8,2,0,0,0,0,2,0,2026-09-02T00:09:11.679898+00:00
Italia Serie A 2026/2027,SSC Napoli - Como,2026-08-30T16:30:00+00:00,finished,2,1-2,Como,Trevoh Chalobah,D,90,7.1,62,0,0,,0.0265292,0,0,1,56,53,3,1,0,0,0,0,3,1,2,1,1,1,4,1,1,0,0,3,0,0,0,0,0,1,0,2026-09-02T00:09:11.680076+00:00
Italia Serie A 2026/2027,SSC Napoli - Como,2026-08-30T16:30:00+00:00,finished,2,1-2,SSC Napoli,Vanja Milinković-Savić,G,0,,0,0,0,,,0,0,0,0,0,0,0,0,0,0,0,0,0,0,0,0,0,0,0,0,0,0,0,0,0,0,0,0,0,0,2026-09-02T00:09:11.679993+00:00
Italia Serie A 2026/2027,SSC Napoli - Como,2026-08-30T16:30:00+00:00,finished,2,1-2,Como,Yan Couto,M,58,6.5,67,0,0,,0.049283,0,0,0,57,53,1,1,1,0,0,0,2,2,0,1,2,1,0,2,5,0,1,6,0,0,0,0,0,1,0,2026-09-02T00:09:11.683377+00:00
Italia Serie A 2026/2027,SSC Napoli - Como,2026-08-30T16:30:00+00:00,finished,2,1-2,Como,Álex Valle,D,90,6.5,65,0,0,0.0688,0.135648,2,0,3,43,37,4,1,2,1,0,0,1,1,0,0,1,1,1,3,2,0,1,8,0,0,0,0,0,1,0,2026-09-02T00:09:11.680084+00:00
Italia Serie A 2026/2027,Cagliari - Inter,2026-08-30T18:45:00+00:00,finished,2,0-1,Cagliari,,,0,,0,0,0,,,0,0,0,0,0,0,0,0,0,0,0,0,0,0,0,0,0,0,0,0,0,0,0,0,0,0,0,0,0,0,2026-09-02T00:09:11.946621+00:00
Italia Serie A 2026/2027,Cagliari - Inter,2026-08-30T18:45:00+00:00,finished,2,0-1,Inter,,,25,6.6,28,0,0,0.0234,0.00389719,1,0,0,15,14,0,0,0,0,1,0,2,4,0,0,1,1,0,0,3,1,1,7,1,0,0,0,0,0,0,2026-09-02T00:09:11.946727+00:00
Italia Serie A 2026/2027,Cagliari - Inter,2026-08-30T18:45:00+00:00,finished,2,0-1,Cagliari,Adam Obert,D,90,7.8,55,0,0,0.0438,0.0387347,1,0,0,35,30,3,1,5,0,1,1,3,1,0,0,2,1,3,0,5,0,0,12,0,0,0,0,0,1,0,2026-09-02T00:09:11.946490+00:00
Italia Serie A 2026/2027,Cagliari - Inter,2026-08-30T18:45:00+00:00,finished,2,0-1,Inter,Aleksandar Stanković,M,0,,0,0,0,,,0,0,0,0,0,0,0,0,0,0,0,0,0,0,0,0,0,0,0,0,0,0,0,0,0,0,0,0,0,0,2026-09-02T00:09:11.946778+00:00
Italia Serie A 2026/2027,Cagliari - Inter,2026-08-30T18:45:00+00:00,finished,2,0-1,Cagliari,Alen Sherri,G,0,,0,0,0,,,0,0,0,0,0,0,0,0,0,0,0,0,0,0,0,0,0,0,0,0,0,0,0,0,0,0,0,0,0,0,2026-09-02T00:09:11.946606+00:00
Italia Serie A 2026/2027,Cagliari - Inter,2026-08-30T18:45:00+00:00,finished,2,0-1,Inter,Alessandro Bastoni,D,90,8.0,117,0,0,0.1846,0.261462,2,0,4,103,93,10,7,1,1,0,0,5,4,1,0,4,2,2,0,3,0,2,12,0,1,0,0,0,0,0,2026-09-02T00:09:11.946653+00:00
Italia Serie A 2026/2027,Cagliari - Inter,2026-08-30T18:45:00+00:00,finished,2,0-1,Cagliari,Alessandro Deiola,M,83,6.4,37,0,0,,0.00535107,0,0,0,28,22,8,3,0,0,0,0,1,4,0,1,1,1,1,0,2,0,0,9,0,1,1,0,0,1,0,2026-09-02T00:09:11.946498+00:00
Italia Serie A 2026/2027,Cagliari - Inter,2026-08-30T18:45:00+00:00,finished,2,0-1,Cagliari,Alessandro Romano,M,90,6.9,55,0,0,0.0271,0.0458404,1,0,1,38,34,4,3,5,1,1,1,3,4,0,1,1,1,1,1,7,0,0,10,1,2,0,0,0,1,0,2026-09-02T00:09:11.946462+00:00
Italia Serie A 2026/2027,Cagliari - Inter,2026-08-30T18:45:00+00:00,finished,2,0-1,Cagliari,Alieu Fadera,F,33,6.7,29,0,0,0.0622,0.013689,2,0,1,15,12,1,1,3,0,3,1,4,3,1,0,2,0,0,0,3,0,1,9,0,0,0,0,0,0,0,2026-09-02T00:09:11.946536+00:00
Italia Serie A 2026/2027,Cagliari - Inter,2026-08-30T18:45:00+00:00,finished,2,0-1,Inter,Andy Diouf,M,0,,0,0,0,,,0,0,0,0,0,0,0,0,0,0,0,0,0,0,0,0,0,0,0,0,0,0,0,0,0,0,0,0,0,0,2026-09-02T00:09:11.946768+00:00
Italia Serie A 2026/2027,Cagliari - Inter,2026-08-30T18:45:00+00:00,finished,2,0-1,Inter,Ange-Yoan Bonny,F,0,,0,0,0,,,0,0,0,0,0,0,0,0,0,0,0,0,0,0,0,0,0,0,0,0,0,0,0,0,0,0,0,0,0,0,2026-09-02T00:09:11.946784+00:00
Italia Serie A 2026/2027,Cagliari - Inter,2026-08-30T18:45:00+00:00,finished,2,0-1,Inter,Benjamin Pavard,D,90,7.0,108,0,0,0.0329,0.210095,1,0,0,97,93,5,4,1,0,0,0,2,4,0,4,2,1,1,1,2,0,0,5,0,0,0,0,0,0,0,2026-09-02T00:09:11.946645+00:00
Italia Serie A 2026/2027,Cagliari - Inter,2026-08-30T18:45:00+00:00,finished,2,0-1,Cagliari,Boris Radunović,G,0,,0,0,0,,,0,0,0,0,0,0,0,0,0,0,0,0,0,0,0,0,0,0,0,0,0,0,0,0,0,0,0,0,0,0,2026-09-02T00:09:11.946599+00:00
Italia Serie A 2026/2027,Cagliari - Inter,2026-08-30T18:45:00+00:00,finished,2,0-1,Inter,Carlos Augusto,D,0,,0,0,0,,,0,0,0,0,0,0,0,0,0,0,0,0,0,0,0,0,0,0,0,0,0,0,0,0,0,0,0,0,0,0,2026-09-02T00:09:11.946762+00:00
Italia Serie A 2026/2027,Cagliari - Inter,2026-08-30T18:45:00+00:00,finished,2,0-1,Cagliari,Daniel Maldini,F,78,6.5,32,0,0,0.06,0.101302,1,0,0,16,13,0,0,1,1,2,0,4,4,0,0,2,2,0,0,1,1,2,11,2,0,0,0,0,1,0,2026-09-02T00:09:11.946507+00:00
Italia Serie A 2026/2027,Cagliari - Inter,2026-08-30T18:45:00+00:00,finished,2,0-1,Cagliari,Demi Akarakiri,M,0,,0,0,0,,,0,0,0,0,0,0,0,0,0,0,0,0,0,0,0,0,0,0,0,0,0,0,0,0,0,0,0,0,0,0,2026-09-02T00:09:11.946629+00:00
Italia Serie A 2026/2027,Cagliari - Inter,2026-08-30T18:45:00+00:00,finished,2,0-1,Cagliari,Elia Caprile,G,90,7.8,42,0,0,,0.00070905,0,0,0,31,25,11,5,0,0,0,0,1,0,1,0,0,0,1,0,5,0,0,8,0,0,0,0,5,1,0,2026-09-02T00:09:11.946475+00:00
Italia Serie A 2026/2027,Cagliari - Inter,2026-08-30T18:45:00+00:00,finished,2,0-1,Inter,Federico Dimarco,M,90,7.9,71,0,0,0.3931,0.686681,2,1,7,52,47,1,1,9,5,0,0,1,0,0,0,1,1,0,1,3,0,0,9,0,0,0,0,0,0,0,2026-09-02T00:09:11.946670+00:00
Italia Serie A 2026/2027,Cagliari - Inter,2026-08-30T18:45:00+00:00,finished,2,0-1,Cagliari,Gennaro Borrelli,F,12,6.5,13,0,0,0.0519,0.00300495,1,0,0,4,4,0,0,0,0,4,1,3,5,1,1,0,0,0,1,1,0,1,4,1,0,0,0,0,0,0,2026-09-02T00:09:11.946568+00:00
Italia Serie A 2026/2027,Cagliari - Inter,2026-08-30T18:45:00+00:00,finished,2,0-1,Cagliari,Giuseppe Aurelio,M,0,,0,0,0,,,0,0,0,0,0,0,0,0,0,0,0,0,0,0,0,0,0,0,0,0,0,0,0,0,0,0,0,0,0,0,2026-09-02T00:09:11.946614+00:00
Italia Serie A 2026/2027,Cagliari - Inter,2026-08-30T18:45:00+00:00,finished,2,0-1,Inter,Hakan Çalhanoğlu,M,65,8.0,75,1,0,0.071,0.0915943,2,1,2,65,58,6,4,1,1,1,0,3,2,0,0,2,0,0,2,4,1,1,9,1,0,0,0,0,0,0,2026-09-02T00:09:11.946702+00:00
Italia Serie A 2026/2027,Cagliari - Inter,2026-08-30T18:45:00+00:00,finished,2,0-1,Cagliari,Harry Winks,M,57,6.5,21,0,0,,0.00094215,0,0,0,15,12,0,0,0,0,0,0,0,0,0,0,0,0,2,0,2,0,0,3,0,0,0,0,0,1,0,2026-09-02T00:09:11.946515+00:00
Italia Serie A 2026/2027,Cagliari - Inter,2026-08-30T18:45:00+00:00,finished,2,0-1,Inter,Henrikh Mkhitaryan,M,0,,0,0,0,,,0,0,0,0,0,0,0,0,0,0,0,0,0,0,0,0,0,0,0,0,0,0,0,0,0,0,0,0,0,0,2026-09-02T00:09:11.946773+00:00
Italia Serie A 2026/2027,Cagliari - Inter,2026-08-30T18:45:00+00:00,finished,2,0-1,Inter,Ivan Provedel,G,0,,0,0,0,,,0,0,0,0,0,0,0,0,0,0,0,0,0,0,0,0,0,0,0,0,0,0,0,0,0,0,0,0,0,0,2026-09-02T00:09:11.946751+00:00
Italia Serie A 2026/2027,Cagliari - Inter,2026-08-30T18:45:00+00:00,finished,2,0-1,Cagliari,Ivan Sulev,M,0,,0,0,0,,,0,0,0,0,0,0,0,0,0,0,0,0,0,0,0,0,0,0,0,0,0,0,0,0,0,0,0,0,0,0,2026-09-02T00:09:11.946584+00:00
Italia Serie A 2026/2027,Cagliari - Inter,2026-08-30T18:45:00+00:00,finished,2,0-1,Cagliari,Jacopo Fazzini,F,57,6.1,23,0,0,0.0071,0.00257423,1,0,0,15,12,0,0,1,0,1,1,1,3,0,0,0,0,0,0,2,0,2,9,0,1,0,0,0,1,0,2026-09-02T00:09:11.946522+00:00
Italia Serie A 2026/2027,Cagliari - Inter,2026-08-30T18:45:00+00:00,finished,2,0-1,Inter,John Stones,D,22,7.5,19,0,0,0.0857,0.00254004,1,0,0,8,8,1,1,0,0,0,0,9,1,6,0,2,1,6,0,0,0,0,0,1,1,0,0,0,0,0,2026-09-02T00:09:11.946740+00:00
Italia Serie A 2026/2027,Cagliari - Inter,2026-08-30T18:45:00+00:00,finished,2,0-1,Inter,Josep Martínez,G,90,6.8,34,0,0,,0.00036426,0,0,0,24,22,7,5,0,0,0,0,0,0,0,0,0,0,2,0,8,0,0,2,0,0,0,0,0,0,2,2026-09-02T00:09:11.946636+00:00
Italia Serie A 2026/2027,Cagliari - Inter,2026-08-30T18:45:00+00:00,finished,2,0-1,Cagliari,Joseph Liteta,M,0,,0,0,0,,,0,0,0,0,0,0,0,0,0,0,0,0,0,0,0,0,0,0,0,0,0,0,0,0,0,0,0,0,0,0,2026-09-02T00:09:11.946592+00:00
Italia Serie A 2026/2027,Cagliari - Inter,2026-08-30T18:45:00+00:00,finished,2,0-1,Cagliari,Juan Rodríguez,D,90,6.8,64,0,0,0.0245,0.00228161,1,0,2,51,45,5,3,0,0,0,0,2,7,1,4,1,1,5,0,2,0,1,7,0,0,0,0,0,1,0,2026-09-02T00:09:11.946399+00:00
Italia Serie A 2026/2027,Cagliari - Inter,2026-08-30T18:45:00+00:00,finished,2,0-1,Cagliari,Kevin Carlos Omoruyi,F,33,6.4,9,0,0,,6.071e-05,0,0,0,3,2,0,0,1,0,0,0,2,6,1,3,0,0,1,0,1,0,2,4,1,1,1,0,0,0,0,2026-09-02T00:09:11.946552+00:00
Italia Serie A 2026/2027,Cagliari - Inter,2026-08-30T18:45:00+00:00,finished,2,0-1,Inter,Lautaro Martínez,F,90,6.2,57,0,0,1.221,0.0768342,10,1,2,32,27,4,3,0,0,2,1,4,5,1,1,2,1,1,1,1,3,2,11,0,1,0,0,0,0,0,2026-09-02T00:09:11.946678+00:00
Italia Serie A 2026/2027,Cagliari - Inter,2026-08-30T18:45:00+00:00,finished,2,0-1,Inter,Luís Henrique,M,81,6.8,76,0,0,0.0378,0.0288004,1,0,0,70,64,5,4,0,0,0,0,1,1,0,0,0,0,0,1,9,0,1,8,1,0,0,0,0,0,0,2026-09-02T00:09:11.946686+00:00
Italia Serie A 2026/2027,Cagliari - Inter,2026-08-30T18:45:00+00:00,finished,2,0-1,Inter,Manuel Akanji,D,68,7.1,71,0,0,0.0756,0.00828134,1,0,0,64,62,3,3,0,0,0,0,2,1,1,0,1,1,2,1,5,0,0,4,0,1,1,0,0,0,0,2026-09-02T00:09:11.946693+00:00
Italia Serie A 2026/2027,Cagliari - Inter,2026-08-30T18:45:00+00:00,finished,2,0-1,Inter,Marcus Thuram,F,25,6.6,14,0,0,0.3815,0.04162,2,0,1,7,7,0,0,0,0,0,0,2,2,2,1,0,0,2,0,0,0,1,2,0,0,0,0,0,0,0,2026-09-02T00:09:11.946733+00:00
Italia Serie A 2026/2027,Cagliari - Inter,2026-08-30T18:45:00+00:00,finished,2,0-1,Cagliari,Mattia Felici,F,0,,0,0,0,,,0,0,0,0,0,0,0,0,0,0,0,0,0,0,0,0,0,0,0,0,0,0,0,0,0,0,0,0,0,0,2026-09-02T00:09:11.946576+00:00
Italia Serie A 2026/2027,Cagliari - Inter,2026-08-30T18:45:00+00:00,finished,2,0-1,Cagliari,Michel Adopo,M,90,6.7,40,0,0,0.135,0.0402786,1,0,3,36,30,3,2,0,0,1,0,1,3,0,1,1,0,0,0,5,1,0,8,0,0,0,0,0,1,0,2026-09-02T00:09:11.946444+00:00
Italia Serie A 2026/2027,Cagliari - Inter,2026-08-30T18:45:00+00:00,finished,2,0-1,Inter,Nicolò Barella,M,90,7.9,87,0,1,0.1747,0.173382,2,2,4,69,61,5,2,2,2,6,6,8,1,0,0,2,1,1,1,8,0,0,9,0,1,0,0,0,0,0,2026-09-02T00:09:11.946662+00:00
Italia Serie A 2026/2027,Cagliari - Inter,2026-08-30T18:45:00+00:00,finished,2,0-1,Cagliari,Paul Mendy,F,57,6.4,16,0,0,,0.00227715,0,0,0,9,6,0,0,0,0,1,0,2,4,1,1,1,1,1,0,0,0,1,8,0,1,0,0,0,1,0,2026-09-02T00:09:11.946529+00:00
Italia Serie A 2026/2027,Cagliari - Inter,2026-08-30T18:45:00+00:00,finished,2,0-1,Inter,Petar Sučić,M,65,7.3,50,0,0,,0.143983,0,0,1,39,34,4,3,3,1,1,1,4,0,0,0,2,1,0,0,4,0,0,7,1,0,0,0,0,0,0,2026-09-02T00:09:11.946709+00:00
Italia Serie A 2026/2027,Cagliari - Inter,2026-08-30T18:45:00+00:00,finished,2,0-1,Inter,Pio Esposito,F,65,6.9,26,0,0,1.0771,0.093227,4,2,2,17,12,0,0,0,0,0,0,3,3,2,0,0,0,0,0,1,1,2,7,1,0,0,0,0,0,0,2026-09-02T00:09:11.946717+00:00
Italia Serie A 2026/2027,Cagliari - Inter,2026-08-30T18:45:00+00:00,finished,2,0-1,Inter,Piotr Zieliński,M,25,7.0,14,0,0,0.0376,0.0377357,1,0,1,13,13,2,2,0,0,0,0,0,1,0,0,0,0,0,0,2,0,0,0,0,0,0,0,0,0,0,2026-09-02T00:09:11.946722+00:00
Italia Serie A 2026/2027,Cagliari - Inter,2026-08-30T18:45:00+00:00,finished,2,0-1,Inter,Raffaele Di Gennaro,G,0,,0,0,0,,,0,0,0,0,0,0,0,0,0,0,0,0,0,0,0,0,0,0,0,0,0,0,0,0,0,0,0,0,0,0,2026-09-02T00:09:11.946757+00:00
Italia Serie A 2026/2027,Cagliari - Inter,2026-08-30T18:45:00+00:00,finished,2,0-1,Cagliari,Raphael Kofler,D,33,7.1,26,0,0,,0.00087725,0,0,0,20,19,2,1,0,0,0,0,1,0,0,0,1,0,1,1,2,0,0,1,0,0,0,0,0,0,0,2026-09-02T00:09:11.946544+00:00
Italia Serie A 2026/2027,Cagliari - Inter,2026-08-30T18:45:00+00:00,finished,2,0-1,Cagliari,Riccardo Ciervo,M,12,6.6,14,0,0,0.0364,0.104662,1,0,0,10,9,0,0,2,1,1,0,0,1,0,0,0,0,0,0,2,0,0,3,0,0,0,0,0,0,0,2026-09-02T00:09:11.946560+00:00
Italia Serie A 2026/2027,Cagliari - Inter,2026-08-30T18:45:00+00:00,finished,2,0-1,Inter,Yann Bisseck,D,9,6.9,6,0,0,,0.0014596,0,0,0,3,3,0,0,0,0,0,0,1,0,0,0,1,0,0,0,0,0,0,0,0,0,0,0,0,0,0,2026-09-02T00:09:11.946745+00:00
Italia Serie A 2026/2027,Cagliari - Inter,2026-08-30T18:45:00+00:00,finished,2,0-1,Cagliari,Zé Pedro,D,90,6.4,52,0,0,,0.00783965,0,0,0,36,29,6,3,1,0,0,0,1,2,0,1,1,1,2,0,2,0,0,10,0,0,0,0,0,1,0,2026-09-02T00:09:11.946483+00:00
Italia Serie A 2026/2027,Lazio - Genoa,2026-08-30T18:45:00+00:00,finished,2,1-0,Genoa,,,90,6.6,58,0,0,0.047,0.0628939,1,0,3,32,26,2,1,4,2,2,2,3,4,0,1,0,0,1,0,4,0,3,14,1,0,0,0,0,1,0,2026-09-02T00:09:11.806176+00:00
Italia Serie A 2026/2027,Lazio - Genoa,2026-08-30T18:45:00+00:00,finished,2,1-0,Genoa,,,27,6.8,8,0,0,0.019,0.0015987,1,0,1,2,1,0,0,0,0,0,0,4,0,1,0,0,0,0,0,1,0,0,2,3,0,0,0,0,0,0,2026-09-02T00:09:11.806323+00:00
Italia Serie A 2026/2027,Lazio - Genoa,2026-08-30T18:45:00+00:00,finished,2,1-0,Genoa,,,0,,0,0,0,,,0,0,0,0,0,0,0,0,0,0,0,0,0,0,0,0,0,0,0,0,0,0,0,0,0,0,0,0,0,0,2026-09-02T00:09:11.806386+00:00
Italia Serie A 2026/2027,Lazio - Genoa,2026-08-30T18:45:00+00:00,finished,2,1-0,Genoa,,,0,,0,0,0,,,0,0,0,0,0,0,0,0,0,0,0,0,0,0,0,0,0,0,0,0,0,0,0,0,0,0,0,0,0,0,2026-09-02T00:09:11.806394+00:00
Italia Serie A 2026/2027,Lazio - Genoa,2026-08-30T18:45:00+00:00,finished,2,1-0,Genoa,,,0,,0,0,0,,,0,0,0,0,0,0,0,0,0,0,0,0,0,0,0,0,0,0,0,0,0,0,0,0,0,0,0,0,0,0,2026-09-02T00:09:11.806438+00:00
Italia Serie A 2026/2027,Lazio - Genoa,2026-08-30T18:45:00+00:00,finished,2,1-0,Lazio,,,80,6.6,24,0,0,,0.0368344,0,0,0,22,18,3,2,0,0,0,0,1,2,1,1,0,0,0,0,2,0,1,5,0,0,0,0,0,0,0,2026-09-02T00:09:11.806855+00:00
Italia Serie A 2026/2027,Lazio - Genoa,2026-08-30T18:45:00+00:00,finished,2,1-0,Lazio,,,10,6.3,5,0,0,0.0646,0.00061589,1,0,0,3,2,0,0,0,0,0,0,0,1,0,0,0,0,0,0,0,0,0,1,0,1,0,0,0,0,0,2026-09-02T00:09:11.806960+00:00
Italia Serie A 2026/2027,Lazio - Genoa,2026-08-30T18:45:00+00:00,finished,2,1-0,Lazio,Adrian Przyborek,M,0,,0,0,0,,,0,0,0,0,0,0,0,0,0,0,0,0,0,0,0,0,0,0,0,0,0,0,0,0,0,0,0,0,0,0,2026-09-02T00:09:11.807042+00:00
Italia Serie A 2026/2027,Lazio - Genoa,2026-08-30T18:45:00+00:00,finished,2,1-0,Genoa,Alessandro Marcandalli,D,90,6.5,65,0,0,,0.00385389,0,0,0,52,46,2,1,1,0,1,0,3,2,0,0,2,0,4,0,3,0,1,10,1,0,0,0,0,1,0,2026-09-02T00:09:11.806243+00:00
Italia Serie A 2026/2027,Lazio - Genoa,2026-08-30T18:45:00+00:00,finished,2,1-0,Lazio,Alessio Romagnoli,D,0,,0,0,0,,,0,0,0,0,0,0,0,0,0,0,0,0,0,0,0,0,0,0,0,0,0,0,0,0,0,0,0,0,0,0,2026-09-02T00:09:11.807015+00:00
Italia Serie A 2026/2027,Lazio - Genoa,2026-08-30T18:45:00+00:00,finished,2,1-0,Genoa,Alexsandro Amorim,M,12,6.9,15,0,0,,0.0259987,0,0,0,10,10,3,3,1,0,0,0,1,1,0,0,0,0,0,0,0,0,1,2,1,0,1,0,0,0,0,2026-09-02T00:09:11.806341+00:00
Italia Serie A 2026/2027,Lazio - Genoa,2026-08-30T18:45:00+00:00,finished,2,1-0,Lazio,Alfonso Pedraza,D,27,6.6,21,0,0,,0.00303432,0,0,1,6,6,1,1,3,0,1,0,1,3,0,1,0,0,1,0,1,0,1,6,1,0,0,0,0,0,0,2026-09-02T00:09:11.806939+00:00
Italia Serie A 2026/2027,Lazio - Genoa,2026-08-30T18:45:00+00:00,finished,2,1-0,Lazio,Christos Mandas,G,90,7.1,49,0,0,,0.00998695,0,0,0,43,33,15,7,0,0,1,1,1,0,0,0,0,0,0,0,9,0,0,10,0,0,0,0,1,0,0,2026-09-02T00:09:11.806772+00:00
Italia Serie A 2026/2027,Lazio - Genoa,2026-08-30T18:45:00+00:00,finished,2,1-0,Genoa,Daniele Sommariva,G,0,,0,0,0,,,0,0,0,0,0,0,0,0,0,0,0,0,0,0,0,0,0,0,0,0,0,0,0,0,0,0,0,0,0,0,2026-09-02T00:09:11.806360+00:00
Italia Serie A 2026/2027,Lazio - Genoa,2026-08-30T18:45:00+00:00,finished,2,1-0,Lazio,Danilho Doekhi,D,90,7.0,49,0,0,0.7111,0.00216754,2,0,0,37,34,3,2,0,0,0,0,3,4,1,2,2,2,3,0,5,0,0,4,0,2,0,0,0,0,0,2026-09-02T00:09:11.806804+00:00
Italia Serie A 2026/2027,Lazio - Genoa,2026-08-30T18:45:00+00:00,finished,2,1-0,Genoa,David Puczka,D,0,,0,0,0,,,0,0,0,0,0,0,0,0,0,0,0,0,0,0,0,0,0,0,0,0,0,0,0,0,0,0,0,0,0,0,2026-09-02T00:09:11.806412+00:00
Italia Serie A 2026/2027,Lazio - Genoa,2026-08-30T18:45:00+00:00,finished,2,1-0,Lazio,Davide Frattesi,M,90,7.4,36,1,0,0.5014,0.205747,2,1,2,23,17,2,1,0,0,2,1,3,10,0,0,2,1,0,2,4,1,2,12,0,4,0,0,0,0,0,2026-09-02T00:09:11.806814+00:00
Italia Serie A 2026/2027,Lazio - Genoa,2026-08-30T18:45:00+00:00,finished,2,1-0,Lazio,Davide Renzetti,G,0,,0,0,0,,,0,0,0,0,0,0,0,0,0,0,0,0,0,0,0,0,0,0,0,0,0,0,0,0,0,0,0,0,0,0,2026-09-02T00:09:11.806989+00:00
Italia Serie A 2026/2027,Lazio - Genoa,2026-08-30T18:45:00+00:00,finished,2,1-0,Genoa,Djibril Sow,M,58,7.1,55,0,0,,0.0292181,0,0,0,51,47,2,1,0,0,0,0,2,1,0,0,1,1,0,0,3,0,1,5,1,0,0,0,0,1,0,2026-09-02T00:09:11.806307+00:00
Italia Serie A 2026/2027,Lazio - Genoa,2026-08-30T18:45:00+00:00,finished,2,1-0,Lazio,Edoardo Motta,G,0,,0,0,0,,,0,0,0,0,0,0,0,0,0,0,0,0,0,0,0,0,0,0,0,0,0,0,0,0,0,0,0,0,0,0,2026-09-02T00:09:11.806998+00:00
Italia Serie A 2026/2027,Lazio - Genoa,2026-08-30T18:45:00+00:00,finished,2,1-0,Genoa,Elias Havel,F,0,,0,0,0,,,0,0,0,0,0,0,0,0,0,0,0,0,0,0,0,0,0,0,0,0,0,0,0,0,0,0,0,0,0,0,2026-09-02T00:09:11.806369+00:00
Italia Serie A 2026/2027,Lazio - Genoa,2026-08-30T18:45:00+00:00,finished,2,1-0,Lazio,Federico Serra,F,0,,0,0,0,,,0,0,0,0,0,0,0,0,0,0,0,0,0,0,0,0,0,0,0,0,0,0,0,0,0,0,0,0,0,0,2026-09-02T00:09:11.806980+00:00
Italia Serie A 2026/2027,Lazio - Genoa,2026-08-30T18:45:00+00:00,finished,2,1-0,Genoa,Franz Stolz,G,0,,0,0,0,,,0,0,0,0,0,0,0,0,0,0,0,0,0,0,0,0,0,0,0,0,0,0,0,0,0,0,0,0,0,0,2026-09-02T00:09:11.806351+00:00
Italia Serie A 2026/2027,Lazio - Genoa,2026-08-30T18:45:00+00:00,finished,2,1-0,Genoa,Franz-Ethan Meichtry,M,12,6.8,16,0,0,0.2143,0.0010203,1,0,0,8,7,0,0,1,0,2,2,3,0,0,0,0,0,0,0,2,0,0,2,1,0,0,0,0,0,0,2026-09-02T00:09:11.806333+00:00
Italia Serie A 2026/2027,Lazio - Genoa,2026-08-30T18:45:00+00:00,finished,2,1-0,Lazio,Gustav Isaksen,F,27,6.3,14,0,0,0.0084,0.0100167,1,0,1,11,7,0,0,0,0,0,0,0,4,0,2,0,0,0,0,3,1,1,6,0,1,0,0,0,0,0,2026-09-02T00:09:11.806952+00:00
Italia Serie A 2026/2027,Lazio - Genoa,2026-08-30T18:45:00+00:00,finished,2,1-0,Genoa,Johan Vásquez,D,78,7.0,79,0,0,,0.0177965,0,0,0,70,62,5,3,0,0,0,0,4,2,2,1,1,0,3,0,1,0,0,8,1,0,0,0,0,1,0,2026-09-02T00:09:11.806280+00:00
Italia Serie A 2026/2027,Lazio - Genoa,2026-08-30T18:45:00+00:00,finished,2,1-0,Lazio,Josip Šutalo,D,0,,0,0,0,,,0,0,0,0,0,0,0,0,0,0,0,0,0,0,0,0,0,0,0,0,0,0,0,0,0,0,0,0,0,0,2026-09-02T00:09:11.807024+00:00
Italia Serie A 2026/2027,Lazio - Genoa,2026-08-30T18:45:00+00:00,finished,2,1-0,Genoa,Junior Messias,F,32,7.6,25,0,0,0.0608,0.22152,1,0,1,15,13,3,3,1,1,2,2,8,1,1,1,3,1,0,0,1,1,0,3,2,0,0,0,0,0,0,2026-09-02T00:09:11.806315+00:00
Italia Serie A 2026/2027,Lazio - Genoa,2026-08-30T18:45:00+00:00,finished,2,1-0,Genoa,Justin Bijlow,G,90,6.6,83,0,0,,0.00048575,0,0,0,78,64,19,6,0,0,0,0,2,0,1,0,1,1,2,0,5,0,0,14,0,0,0,0,1,1,2,2026-09-02T00:09:11.806232+00:00
Italia Serie A 2026/2027,Lazio - Genoa,2026-08-30T18:45:00+00:00,finished,2,1-0,Lazio,Kenneth Taylor,M,90,6.9,67,0,0,,0.0466991,0,0,2,56,49,4,2,0,0,1,1,4,6,1,0,1,0,0,1,4,0,2,11,1,1,0,0,0,0,0,2026-09-02T00:09:11.806825+00:00
Italia Serie A 2026/2027,Lazio - Genoa,2026-08-30T18:45:00+00:00,finished,2,1-0,Genoa,Leo Østigård,D,90,7.0,107,0,0,,0.0143697,0,0,0,93,84,6,1,0,0,0,0,5,2,3,1,1,1,6,1,4,0,0,10,1,1,1,0,0,1,0,2026-09-02T00:09:11.806253+00:00
Italia Serie A 2026/2027,Lazio - Genoa,2026-08-30T18:45:00+00:00,finished,2,1-0,Genoa,Lorenzo Colombo,F,90,5.8,29,0,0,0.1311,0.0473288,2,0,0,18,12,0,0,0,0,1,0,2,7,0,1,0,0,0,1,2,1,2,10,2,2,0,0,0,1,0,2026-09-02T00:09:11.806263+00:00
Italia Serie A 2026/2027,Lazio - Genoa,2026-08-30T18:45:00+00:00,finished,2,1-0,Lazio,Manuel Lazzari,D,10,6.5,10,0,0,,0.00031853,0,0,0,5,3,0,0,0,0,0,0,0,2,0,1,0,0,1,1,2,0,0,2,0,1,0,0,0,0,0,2026-09-02T00:09:11.806971+00:00
Italia Serie A 2026/2027,Lazio - Genoa,2026-08-30T18:45:00+00:00,finished,2,1-0,Genoa,Mario Mitaj,D,0,,0,0,0,,,0,0,0,0,0,0,0,0,0,0,0,0,0,0,0,0,0,0,0,0,0,0,0,0,0,0,0,0,0,0,2026-09-02T00:09:11.806420+00:00
Italia Serie A 2026/2027,Lazio - Genoa,2026-08-30T18:45:00+00:00,finished,2,1-0,Lazio,Matteo Cancellieri,F,63,7.1,33,0,0,0.0377,0.0989005,1,0,0,23,18,2,2,1,0,2,2,4,3,1,1,1,0,0,0,2,0,0,6,0,2,0,0,0,0,0,2026-09-02T00:09:11.806897+00:00
Italia Serie A 2026/2027,Lazio - Genoa,2026-08-30T18:45:00+00:00,finished,2,1-0,Lazio,Mattia Zaccagni,F,90,7.5,67,0,0,0.0864,0.312563,3,0,4,43,35,5,4,2,1,3,0,5,5,1,0,1,1,0,2,2,2,2,17,3,0,1,0,0,0,0,2026-09-02T00:09:11.806834+00:00
Italia Serie A 2026/2027,Lazio - Genoa,2026-08-30T18:45:00+00:00,finished,2,1-0,Genoa,Mikael Ellertsson,M,90,6.5,39,0,0,,0.0299108,0,0,1,22,17,0,0,1,1,0,0,3,3,0,1,2,0,0,0,1,0,0,9,1,1,0,0,0,1,0,2026-09-02T00:09:11.806220+00:00
Italia Serie A 2026/2027,Lazio - Genoa,2026-08-30T18:45:00+00:00,finished,2,1-0,Genoa,Morten Frendrup,M,90,6.6,89,0,0,0.0633,0.0486807,1,1,2,70,64,1,0,0,0,2,2,7,7,1,2,3,1,1,5,6,0,1,10,1,1,0,0,0,1,0,2026-09-02T00:09:11.806271+00:00
Italia Serie A 2026/2027,Lazio - Genoa,2026-08-30T18:45:00+00:00,finished,2,1-0,Lazio,Nicolò Rovella,M,37,6.9,42,0,0,,0.0375421,0,0,1,36,36,0,0,0,0,1,0,1,2,0,0,1,1,0,1,3,0,0,1,0,0,0,0,0,0,0,2026-09-02T00:09:11.806917+00:00
Italia Serie A 2026/2027,Lazio - Genoa,2026-08-30T18:45:00+00:00,finished,2,1-0,Lazio,Nuno Tavares,D,63,7.4,70,0,1,0.1396,0.110691,5,1,2,52,45,4,3,1,0,1,1,2,1,1,0,0,0,4,0,2,1,0,9,0,1,0,0,0,0,0,2026-09-02T00:09:11.806882+00:00
Italia Serie A 2026/2027,Lazio - Genoa,2026-08-30T18:45:00+00:00,finished,2,1-0,Lazio,Oliver Provstgaard,D,90,7.2,58,0,0,,0.0107187,0,0,0,50,44,6,4,0,0,0,0,2,1,0,0,2,2,3,2,1,0,0,6,0,1,0,0,0,0,0,2026-09-02T00:09:11.806446+00:00
Italia Serie A 2026/2027,Lazio - Genoa,2026-08-30T18:45:00+00:00,finished,2,1-0,Lazio,Reda Belahyane,M,53,6.9,38,0,0,,0.0488611,0,0,1,28,27,3,2,0,0,1,0,2,5,1,2,1,1,0,1,5,0,1,6,0,1,0,0,0,0,0,2026-09-02T00:09:11.806907+00:00
Italia Serie A 2026/2027,Lazio - Genoa,2026-08-30T18:45:00+00:00,finished,2,1-0,Lazio,Ricardo Bordon,D,0,,0,0,0,,,0,0,0,0,0,0,0,0,0,0,0,0,0,0,0,0,0,0,0,0,0,0,0,0,0,0,0,0,0,0,2026-09-02T00:09:11.807006+00:00
Italia Serie A 2026/2027,Lazio - Genoa,2026-08-30T18:45:00+00:00,finished,2,1-0,Lazio,Romano Floriani Mussolini,M,80,6.9,66,0,0,,0.0189291,0,0,0,49,43,2,1,1,0,0,0,4,5,1,0,2,1,3,1,3,0,0,11,1,3,0,0,0,0,0,2026-09-02T00:09:11.806845+00:00
Italia Serie A 2026/2027,Lazio - Genoa,2026-08-30T18:45:00+00:00,finished,2,1-0,Genoa,Samuel Wiafe,M,0,,0,0,0,,,0,0,0,0,0,0,0,0,0,0,0,0,0,0,0,0,0,0,0,0,0,0,0,0,0,0,0,0,0,0,2026-09-02T00:09:11.806403+00:00
Italia Serie A 2026/2027,Lazio - Genoa,2026-08-30T18:45:00+00:00,finished,2,1-0,Genoa,Sebastian Otoa,D,0,,0,0,0,,,0,0,0,0,0,0,0,0,0,0,0,0,0,0,0,0,0,0,0,0,0,0,0,0,0,0,0,0,0,0,2026-09-02T00:09:11.806430+00:00
Italia Serie A 2026/2027,Lazio - Genoa,2026-08-30T18:45:00+00:00,finished,2,1-0,Genoa,Stefano Sabelli,M,0,,0,0,0,,,0,0,0,0,0,0,0,0,0,0,0,0,0,0,0,0,0,0,0,0,0,0,0,0,0,0,0,0,0,0,2026-09-02T00:09:11.806378+00:00
Italia Serie A 2026/2027,Lazio - Genoa,2026-08-30T18:45:00+00:00,finished,2,1-0,Lazio,Tijjani Noslin,F,0,,0,0,0,,,0,0,0,0,0,0,0,0,0,0,0,0,0,0,0,0,0,0,0,0,0,0,0,0,0,0,0,0,0,0,2026-09-02T00:09:11.807050+00:00
Italia Serie A 2026/2027,Lazio - Genoa,2026-08-30T18:45:00+00:00,finished,2,1-0,Genoa,Tommaso Baldanzi,M,78,6.7,41,0,0,,0.0112392,0,0,0,30,26,0,0,1,0,1,0,3,2,1,0,2,1,1,1,1,0,0,7,0,1,0,0,0,1,0,2026-09-02T00:09:11.806289+00:00
Italia Serie A 2026/2027,Lazio - Genoa,2026-08-30T18:45:00+00:00,finished,2,1-0,Lazio,Valerio Farcomeni,M,0,,0,0,0,,,0,0,0,0,0,0,0,0,0,0,0,0,0,0,0,0,0,0,0,0,0,0,0,0,0,0,0,0,0,0,2026-09-02T00:09:11.807032+00:00
Italia Serie A 2026/2027,Lazio - Genoa,2026-08-30T18:45:00+00:00,finished,2,1-0,Genoa,Vitinha,F,63,6.8,26,0,0,0.0486,0.00648441,1,0,0,14,9,2,0,0,0,1,1,4,1,0,0,1,0,0,1,6,1,1,10,2,0,0,0,0,1,0,2026-09-02T00:09:11.806298+00:00
Italia Serie A 2026/2027,Lecce - AS Roma,2026-08-31T16:30:00+00:00,finished,2,0-4,Lecce,,,18,6.7,22,0,0,,0.0482121,0,0,1,18,18,0,0,0,0,1,0,0,3,0,0,0,0,0,0,3,0,1,3,0,1,1,0,0,0,0,2026-09-02T00:09:12.061636+00:00
Italia Serie A 2026/2027,Lecce - AS Roma,2026-08-31T16:30:00+00:00,finished,2,0-4,Lecce,,,0,,0,0,0,,,0,0,0,0,0,0,0,0,0,0,0,0,0,0,0,0,0,0,0,0,0,0,0,0,0,0,0,0,0,0,2026-09-02T00:09:12.061664+00:00
Italia Serie A 2026/2027,Lecce - AS Roma,2026-08-31T16:30:00+00:00,finished,2,0-4,Lecce,Ali Dembélé,D,0,,0,0,0,,,0,0,0,0,0,0,0,0,0,0,0,0,0,0,0,0,0,0,0,0,0,0,0,0,0,0,0,0,0,0,2026-09-02T00:09:12.061684+00:00
Italia Serie A 2026/2027,Lecce - AS Roma,2026-08-31T16:30:00+00:00,finished,2,0-4,Lecce,Amar Fatah,F,18,6.7,18,0,0,,0.0134734,0,0,1,3,2,0,0,1,0,7,5,6,5,0,0,0,0,0,0,0,0,2,9,1,1,0,0,0,0,0,2026-09-02T00:09:12.061646+00:00
Italia Serie A 2026/2027,Lecce - AS Roma,2026-08-31T16:30:00+00:00,finished,2,0-4,Lecce,Antonino Gallo,D,0,,0,0,0,,,0,0,0,0,0,0,0,0,0,0,0,0,0,0,0,0,0,0,0,0,0,0,0,0,0,0,0,0,0,0,2026-09-02T00:09:12.061694+00:00
Italia Serie A 2026/2027,Lecce - AS Roma,2026-08-31T16:30:00+00:00,finished,2,0-4,AS Roma,Bryan Cristante,M,90,7.0,82,0,0,,0.0151764,0,0,0,68,60,6,3,0,0,0,0,6,4,2,1,3,1,0,2,3,0,1,11,1,1,0,0,0,0,0,2026-09-02T00:09:12.061750+00:00
Italia Serie A 2026/2027,Lecce - AS Roma,2026-08-31T16:30:00+00:00,finished,2,0-4,Lecce,Corrie Ndaba,D,90,6.4,47,0,0,,0.00406465,0,0,0,30,26,2,0,0,0,0,0,1,2,0,0,1,0,3,0,5,0,1,7,0,0,0,0,0,4,0,2026-09-02T00:09:12.061349+00:00
Italia Serie A 2026/2027,Lecce - AS Roma,2026-08-31T16:30:00+00:00,finished,2,0-4,AS Roma,Daniele Ghilardi,D,90,7.6,77,0,0,,0.0183345,0,0,0,61,54,4,3,1,0,2,1,11,7,4,2,5,4,3,0,2,0,0,10,1,1,0,0,0,0,0,2026-09-02T00:09:12.061769+00:00
Italia Serie A 2026/2027,Lecce - AS Roma,2026-08-31T16:30:00+00:00,finished,2,0-4,Lecce,Danilo Veiga,D,90,5.8,63,0,0,,0.0102214,0,0,0,35,28,4,0,2,0,2,0,1,9,0,0,1,1,0,2,5,0,3,21,0,1,0,0,0,4,0,2026-09-02T00:09:12.061371+00:00
Italia Serie A 2026/2027,Lecce - AS Roma,2026-08-31T16:30:00+00:00,finished,2,0-4,AS Roma,Donyell Malen,F,67,7.4,34,2,0,1.2912,0.0606722,5,3,1,17,13,0,0,0,0,3,0,1,5,0,0,1,1,0,1,2,0,1,11,0,1,1,0,0,0,0,2026-09-02T00:09:12.061818+00:00
Italia Serie A 2026/2027,Lecce - AS Roma,2026-08-31T16:30:00+00:00,finished,2,0-4,AS Roma,Emanuele Lulli,D,90,7.0,63,0,0,,0.35101,0,0,2,50,44,1,0,0,0,3,1,3,2,0,0,2,1,0,2,9,0,0,10,0,0,0,0,0,0,0,2026-09-02T00:09:12.061760+00:00
Italia Serie A 2026/2027,Lecce - AS Roma,2026-08-31T16:30:00+00:00,finished,2,0-4,AS Roma,Evan Ndicka,D,0,,0,0,0,,,0,0,0,0,0,0,0,0,0,0,0,0,0,0,0,0,0,0,0,0,0,0,0,0,0,0,0,0,0,0,2026-09-02T00:09:12.061958+00:00
Italia Serie A 2026/2027,Lecce - AS Roma,2026-08-31T16:30:00+00:00,finished,2,0-4,AS Roma,Gianluca Mancini,D,90,8.0,78,0,1,,0.567907,0,0,1,67,64,4,2,0,0,0,0,4,3,0,1,2,0,1,2,7,0,1,4,2,1,0,0,0,0,0,2026-09-02T00:09:12.061789+00:00
Italia Serie A 2026/2027,Lecce - AS Roma,2026-08-31T16:30:00+00:00,finished,2,0-4,AS Roma,Giorgio De Marzi,G,0,,0,0,0,,,0,0,0,0,0,0,0,0,0,0,0,0,0,0,0,0,0,0,0,0,0,0,0,0,0,0,0,0,0,0,2026-09-02T00:09:12.061949+00:00
Italia Serie A 2026/2027,Lecce - AS Roma,2026-08-31T16:30:00+00:00,finished,2,0-4,Lecce,Hjalte Lærke,M,0,,0,0,0,,,0,0,0,0,0,0,0,0,0,0,0,0,0,0,0,0,0,0,0,0,0,0,0,0,0,0,0,0,0,0,2026-09-02T00:09:12.061703+00:00
Italia Serie A 2026/2027,Lecce - AS Roma,2026-08-31T16:30:00+00:00,finished,2,0-4,Lecce,Jamil Siebert,D,90,6.0,44,0,0,,0.00400171,0,0,0,29,21,3,0,0,0,2,2,5,2,0,0,3,2,4,1,2,0,0,9,0,1,0,0,0,4,0,2026-09-02T00:09:12.061325+00:00
Italia Serie A 2026/2027,Lecce - AS Roma,2026-08-31T16:30:00+00:00,finished,2,0-4,Lecce,Kialonda Gaspar,D,90,5.9,63,0,0,0.2636,0.00542209,1,1,0,45,38,4,0,0,0,0,0,8,0,1,0,4,0,6,1,4,0,0,8,3,0,0,0,0,4,0,2026-09-02T00:09:12.061359+00:00
Italia Serie A 2026/2027,Lecce - AS Roma,2026-08-31T16:30:00+00:00,finished,2,0-4,AS Roma,Konstantinos Koulierakis,D,0,,0,0,0,,,0,0,0,0,0,0,0,0,0,0,0,0,0,0,0,0,0,0,0,0,0,0,0,0,0,0,0,0,0,0,2026-09-02T00:09:12.061967+00:00
Italia Serie A 2026/2027,Lecce - AS Roma,2026-08-31T16:30:00+00:00,finished,2,0-4,Lecce,Lassana Coulibaly,M,90,7.1,46,0,0,,0.00494976,0,0,1,40,34,3,1,0,0,1,0,2,1,0,0,0,0,0,0,5,0,0,9,2,0,0,0,0,4,0,2026-09-02T00:09:12.061338+00:00
Italia Serie A 2026/2027,Lecce - AS Roma,2026-08-31T16:30:00+00:00,finished,2,0-4,AS Roma,Leonardo Balerdi,D,0,,0,0,0,,,0,0,0,0,0,0,0,0,0,0,0,0,0,0,0,0,0,0,0,0,0,0,0,0,0,0,0,0,0,0,2026-09-02T00:09:12.061930+00:00
Italia Serie A 2026/2027,Lecce - AS Roma,2026-08-31T16:30:00+00:00,finished,2,0-4,AS Roma,Manu Koné,M,67,7.1,64,0,0,,0.102674,0,0,3,55,50,2,1,0,0,3,1,3,2,1,0,1,1,0,0,6,0,0,9,0,0,0,0,0,0,0,2026-09-02T00:09:12.061827+00:00
Italia Serie A 2026/2027,Lecce - AS Roma,2026-08-31T16:30:00+00:00,finished,2,0-4,Lecce,Marco Bleve,G,0,,0,0,0,,,0,0,0,0,0,0,0,0,0,0,0,0,0,0,0,0,0,0,0,0,0,0,0,0,0,0,0,0,0,0,2026-09-02T00:09:12.061655+00:00
Italia Serie A 2026/2027,Lecce - AS Roma,2026-08-31T16:30:00+00:00,finished,2,0-4,AS Roma,Mario Hermoso,D,90,8.5,112,0,0,,0.0581664,0,0,0,92,84,7,4,0,0,0,0,8,2,1,0,6,5,3,4,11,0,1,11,1,0,0,0,0,0,0,2026-09-02T00:09:12.061799+00:00
Italia Serie A 2026/2027,Lecce - AS Roma,2026-08-31T16:30:00+00:00,finished,2,0-4,AS Roma,Marten de Roon,M,12,6.6,12,0,0,,0.00357154,0,0,0,9,7,0,0,0,0,0,0,1,0,0,0,1,1,0,0,0,0,0,2,0,0,0,0,0,0,0,2026-09-02T00:09:12.061920+00:00
Italia Serie A 2026/2027,Lecce - AS Roma,2026-08-31T16:30:00+00:00,finished,2,0-4,AS Roma,Matías Soulé,F,60,6.9,54,1,0,0.8037,0.0608462,4,3,1,41,34,1,0,1,0,2,1,2,2,0,0,0,0,0,1,6,0,0,12,1,0,0,0,0,0,0,2026-09-02T00:09:12.061846+00:00
Italia Serie A 2026/2027,Lecce - AS Roma,2026-08-31T16:30:00+00:00,finished,2,0-4,Lecce,Medon Berisha,M,0,,0,0,0,,,0,0,0,0,0,0,0,0,0,0,0,0,0,0,0,0,0,0,0,0,0,0,0,0,0,0,0,0,0,0,2026-09-02T00:09:12.061712+00:00
Italia Serie A 2026/2027,Lecce - AS Roma,2026-08-31T16:30:00+00:00,finished,2,0-4,AS Roma,Mile Svilar,G,90,7.2,41,0,0,,0.00011791,0,0,0,35,28,8,2,0,0,1,1,2,0,0,0,1,0,0,0,5,0,0,8,0,0,0,0,2,0,0,2026-09-02T00:09:12.061779+00:00
Italia Serie A 2026/2027,Lecce - AS Roma,2026-08-31T16:30:00+00:00,finished,2,0-4,Lecce,N'Dri Konan,F,45,6.4,26,0,0,0.0483,0.0122451,2,0,0,12,5,0,0,1,0,4,2,3,7,0,1,1,1,0,0,3,0,3,15,0,1,0,0,0,1,0,2026-09-02T00:09:12.061412+00:00
Italia Serie A 2026/2027,Lecce - AS Roma,2026-08-31T16:30:00+00:00,finished,2,0-4,AS Roma,Nahuel Molina,D,30,6.9,31,0,0,,0.0444436,0,0,0,25,21,1,1,1,0,1,1,3,1,0,0,2,1,0,1,1,0,0,5,0,0,0,0,0,0,0,2026-09-02T00:09:12.061868+00:00
Italia Serie A 2026/2027,Lecce - AS Roma,2026-08-31T16:30:00+00:00,finished,2,0-4,AS Roma,Niccolò Pisilli,M,23,6.7,28,0,0,,0.00246464,0,0,0,24,23,0,0,0,0,0,0,1,1,0,0,1,0,0,1,2,0,0,2,0,0,0,0,0,0,0,2026-09-02T00:09:12.061909+00:00
Italia Serie A 2026/2027,Lecce - AS Roma,2026-08-31T16:30:00+00:00,finished,2,0-4,Lecce,Nikola Štulić,F,36,6.4,14,0,0,,0.00330552,0,0,0,11,10,0,0,0,0,0,0,1,3,0,2,0,0,0,0,2,0,0,2,1,1,0,0,0,1,0,2026-09-02T00:09:12.061627+00:00
Italia Serie A 2026/2027,Lecce - AS Roma,2026-08-31T16:30:00+00:00,finished,2,0-4,Lecce,Olaf Gorter,M,45,6.1,18,0,0,,0.0570753,0,0,1,12,8,0,0,1,1,1,0,1,5,1,2,0,0,1,0,0,0,2,7,0,0,0,0,0,3,0,2026-09-02T00:09:12.061607+00:00
Italia Serie A 2026/2027,Lecce - AS Roma,2026-08-31T16:30:00+00:00,finished,2,0-4,Lecce,Omri Gandelman,M,0,,0,0,0,,,0,0,0,0,0,0,0,0,0,0,0,0,0,0,0,0,0,0,0,0,0,0,0,0,0,0,0,0,0,0,2026-09-02T00:09:12.061730+00:00
Italia Serie A 2026/2027,Lecce - AS Roma,2026-08-31T16:30:00+00:00,finished,2,0-4,Lecce,Oumar Ngom,M,72,6.2,46,0,0,,0.00729413,0,0,0,36,31,0,0,0,0,0,0,1,3,0,0,1,1,1,1,6,0,2,10,0,0,0,0,0,4,0,2026-09-02T00:09:12.061392+00:00
Italia Serie A 2026/2027,Lecce - AS Roma,2026-08-31T16:30:00+00:00,finished,2,0-4,Lecce,Paco Esteban,F,0,,0,0,0,,,0,0,0,0,0,0,0,0,0,0,0,0,0,0,0,0,0,0,0,0,0,0,0,0,0,0,0,0,0,0,2026-09-02T00:09:12.061741+00:00
Italia Serie A 2026/2027,Lecce - AS Roma,2026-08-31T16:30:00+00:00,finished,2,0-4,AS Roma,Paulo Dybala,F,84,8.1,83,0,0,0.4058,0.852819,3,1,3,73,63,2,2,0,0,2,1,2,1,0,0,1,0,0,0,7,0,0,14,0,0,0,0,0,0,0,2026-09-02T00:09:12.061808+00:00
Italia Serie A 2026/2027,Lecce - AS Roma,2026-08-31T16:30:00+00:00,finished,2,0-4,AS Roma,Pierluigi Gollini,G,0,,0,0,0,,,0,0,0,0,0,0,0,0,0,0,0,0,0,0,0,0,0,0,0,0,0,0,0,0,0,0,0,0,0,0,2026-09-02T00:09:12.061939+00:00
Italia Serie A 2026/2027,Lecce - AS Roma,2026-08-31T16:30:00+00:00,finished,2,0-4,Lecce,Plamen Penev,G,0,,0,0,0,,,0,0,0,0,0,0,0,0,0,0,0,0,0,0,0,0,0,0,0,0,0,0,0,0,0,0,0,0,0,0,2026-09-02T00:09:12.061674+00:00
Italia Serie A 2026/2027,Lecce - AS Roma,2026-08-31T16:30:00+00:00,finished,2,0-4,AS Roma,Rodrigo Mora,M,30,7.4,28,1,0,0.769,0.137196,1,1,1,22,18,1,1,0,0,1,1,4,1,0,0,2,1,0,0,4,0,0,5,1,0,0,0,0,0,0,2026-09-02T00:09:12.061887+00:00
Italia Serie A 2026/2027,Lecce - AS Roma,2026-08-31T16:30:00+00:00,finished,2,0-4,Lecce,Sadik Fofana,M,0,,0,0,0,,,0,0,0,0,0,0,0,0,0,0,0,0,0,0,0,0,0,0,0,0,0,0,0,0,0,0,0,0,0,0,2026-09-02T00:09:12.061720+00:00
Italia Serie A 2026/2027,Lecce - AS Roma,2026-08-31T16:30:00+00:00,finished,2,0-4,AS Roma,Santiago Castro,F,23,5.9,9,0,0,0.0536,0.00569625,1,0,0,3,3,0,0,0,0,0,0,1,3,0,0,1,0,0,0,1,0,0,3,0,3,0,0,0,0,0,2026-09-02T00:09:12.061899+00:00
Italia Serie A 2026/2027,Lecce - AS Roma,2026-08-31T16:30:00+00:00,finished,2,0-4,Lecce,Santiago Pierotti,F,72,6.4,41,0,0,0.0191,0.00322006,1,1,1,26,21,0,0,0,0,3,1,4,8,0,1,3,1,0,1,8,0,2,12,0,2,0,0,0,4,0,2026-09-02T00:09:12.061381+00:00
Italia Serie A 2026/2027,Lecce - AS Roma,2026-08-31T16:30:00+00:00,finished,2,0-4,Lecce,Tiago Gabriel,D,45,6.2,19,0,0,,0.00109924,0,0,0,12,11,0,0,0,0,0,0,3,1,1,0,2,2,3,2,0,0,0,1,0,0,0,0,0,3,0,2026-09-02T00:09:12.061580+00:00
Italia Serie A 2026/2027,Lecce - AS Roma,2026-08-31T16:30:00+00:00,finished,2,0-4,AS Roma,Wesley,M,60,7.2,61,0,1,0.0257,0.494712,1,0,1,38,30,1,0,1,0,2,1,7,3,0,0,4,2,0,0,6,0,1,16,2,1,0,0,0,0,0,2026-09-02T00:09:12.061836+00:00
Italia Serie A 2026/2027,Lecce - AS Roma,2026-08-31T16:30:00+00:00,finished,2,0-4,Lecce,Willem Geubbels,F,54,6.2,21,0,0,0.3777,0.00032369,2,1,0,9,7,0,0,0,0,2,0,1,6,1,0,0,0,0,0,0,0,2,8,0,1,0,0,0,3,0,2026-09-02T00:09:12.061401+00:00
Italia Serie A 2026/2027,Lecce - AS Roma,2026-08-31T16:30:00+00:00,finished,2,0-4,Lecce,Wladimiro Falcone,G,90,6.6,38,0,0,,0.00060488,0,0,0,32,12,26,6,0,0,0,0,0,0,0,0,0,0,1,0,3,0,0,20,0,0,0,0,4,4,0,2026-09-02T00:09:12.061270+00:00
Italia Serie A 2026/2027,Lecce - AS Roma,2026-08-31T16:30:00+00:00,finished,2,0-4,Lecce,Youssef Maleh,M,45,6.2,32,0,0,0.0354,0.0193956,1,0,0,25,21,2,0,1,1,1,0,0,4,0,2,0,0,1,0,3,0,1,6,0,0,0,0,0,1,0,2026-09-02T00:09:12.061619+00:00
Italia Serie A 2026/2027,Atalanta - Bologna,2026-08-31T18:45:00+00:00,finished,2,1-0,Bologna,,,0,,0,0,0,,,0,0,0,0,0,0,0,0,0,0,0,0,0,0,0,0,0,0,0,0,0,0,0,0,0,0,0,0,0,0,2026-09-01T10:30:59.225703+00:00
Italia Serie A 2026/2027,Atalanta - Bologna,2026-08-31T18:45:00+00:00,finished,2,1-0,Bologna,Abdel Rahim,D,90,6.6,101,0,0,,0.0319224,0,0,3,83,69,6,3,1,0,2,2,6,3,1,0,2,0,0,1,6,0,1,16,1,1,0,0,0,1,0,2026-09-01T10:30:59.225516+00:00
Italia Serie A 2026/2027,Atalanta - Bologna,2026-08-31T18:45:00+00:00,finished,2,1-0,Bologna,Artem Dovbyk,F,30,6.5,8,0,0,0.2027,0.00510516,2,0,0,3,3,0,0,0,0,0,0,1,2,1,1,0,0,1,0,0,1,0,2,0,1,0,0,0,1,0,2026-09-01T10:30:59.225571+00:00
Italia Serie A 2026/2027,Atalanta - Bologna,2026-08-31T18:45:00+00:00,finished,2,1-0,Atalanta,Charles De Ketelaere,F,55,6.8,28,0,0,,0.0263071,0,0,1,15,7,0,0,1,1,1,1,6,6,1,2,2,2,0,0,2,0,2,13,2,1,0,0,0,0,0,2026-09-01T10:30:59.225813+00:00
Italia Serie A 2026/2027,Atalanta - Bologna,2026-08-31T18:45:00+00:00,finished,2,1-0,Atalanta,Davide Zappacosta,M,90,7.0,56,0,0,,0.0482689,0,0,0,38,36,3,1,1,0,1,0,0,3,0,0,0,0,2,0,2,0,0,5,0,1,0,0,0,0,0,2026-09-01T10:30:59.225722+00:00
Italia Serie A 2026/2027,Atalanta - Bologna,2026-08-31T18:45:00+00:00,finished,2,1-0,Bologna,Eivind Helland,D,90,7.1,112,0,0,,0.205151,0,0,0,92,89,3,1,0,0,0,0,7,4,1,2,5,3,8,3,2,0,0,4,1,2,0,0,0,1,0,2026-09-01T10:30:59.225498+00:00
Italia Serie A 2026/2027,Atalanta - Bologna,2026-08-31T18:45:00+00:00,finished,2,1-0,Atalanta,Eljif Elmas,M,34,6.5,17,0,0,,0.0224035,0,0,0,9,6,0,0,0,0,2,1,1,3,0,0,0,0,0,0,0,0,2,9,0,0,0,0,0,0,0,2026-09-01T10:30:59.225830+00:00
Italia Serie A 2026/2027,Atalanta - Bologna,2026-08-31T18:45:00+00:00,finished,2,1-0,Bologna,Emil Holm,D,72,7.1,61,0,0,0.0236,0.00392877,1,0,1,45,41,0,0,0,0,0,0,5,2,1,0,4,2,1,0,7,0,1,6,0,0,0,0,0,0,0,2026-09-01T10:30:59.225540+00:00
Italia Serie A 2026/2027,Atalanta - Bologna,2026-08-31T18:45:00+00:00,finished,2,1-0,Bologna,Federico Bernardeschi,F,90,6.9,55,0,0,0.1135,0.0688049,2,1,2,41,39,6,5,2,0,1,0,0,2,0,0,0,0,1,0,3,1,0,9,0,1,0,0,0,1,0,2026-09-01T10:30:59.225533+00:00
Italia Serie A 2026/2027,Atalanta - Bologna,2026-08-31T18:45:00+00:00,finished,2,1-0,Atalanta,Federico Cassa,M,0,,0,0,0,,,0,0,0,0,0,0,0,0,0,0,0,0,0,0,0,0,0,0,0,0,0,0,0,0,0,0,0,0,0,0,2026-09-01T10:30:59.225890+00:00
Italia Serie A 2026/2027,Atalanta - Bologna,2026-08-31T18:45:00+00:00,finished,2,1-0,Atalanta,Giacomo Raspadori,F,56,6.4,17,0,0,0.0554,0.00130899,2,0,0,12,9,0,0,0,0,0,0,1,1,0,1,1,1,0,0,1,0,0,4,0,0,0,0,0,0,0,2026-09-01T10:30:59.225804+00:00
Italia Serie A 2026/2027,Atalanta - Bologna,2026-08-31T18:45:00+00:00,finished,2,1-0,Atalanta,Gianluca Gaetano,M,90,6.8,62,0,0,,0.0112164,0,0,0,55,50,5,4,0,0,1,0,2,5,0,1,1,0,1,2,2,0,0,7,1,2,0,0,0,0,0,2026-09-01T10:30:59.225741+00:00
Italia Serie A 2026/2027,Atalanta - Bologna,2026-08-31T18:45:00+00:00,finished,2,1-0,Atalanta,Gianluca Scamacca,F,68,6.2,32,0,0,0.035,0.0330012,1,1,1,18,11,0,0,0,0,1,0,4,8,1,0,0,0,0,0,0,0,5,15,3,2,0,0,0,0,0,2026-09-01T10:30:59.225785+00:00
Italia Serie A 2026/2027,Atalanta - Bologna,2026-08-31T18:45:00+00:00,finished,2,1-0,Atalanta,Giorgio Scalvini,D,90,7.3,69,0,0,,0.00691175,0,0,0,60,56,5,4,0,0,0,0,5,4,2,1,2,2,3,1,2,0,0,4,1,2,0,0,0,0,0,2026-09-01T10:30:59.225759+00:00
Italia Serie A 2026/2027,Atalanta - Bologna,2026-08-31T18:45:00+00:00,finished,2,1-0,Atalanta,Ibrahim Sulemana,M,0,,0,0,0,,,0,0,0,0,0,0,0,0,0,0,0,0,0,0,0,0,0,0,0,0,0,0,0,0,0,0,0,0,0,0,2026-09-01T10:30:59.225906+00:00
Italia Serie A 2026/2027,Atalanta - Bologna,2026-08-31T18:45:00+00:00,finished,2,1-0,Bologna,Jens Odgaard,M,60,7.0,23,0,0,0.0373,0.177699,2,0,2,14,12,0,0,0,0,2,1,4,1,0,0,0,0,0,0,0,0,0,4,3,0,0,0,0,0,0,2026-09-01T10:30:59.225563+00:00
Italia Serie A 2026/2027,Atalanta - Bologna,2026-08-31T18:45:00+00:00,finished,2,1-0,Bologna,Juan Miranda,D,0,,0,0,0,,,0,0,0,0,0,0,0,0,0,0,0,0,0,0,0,0,0,0,0,0,0,0,0,0,0,0,0,0,0,0,2026-09-01T10:30:59.225655+00:00
Italia Serie A 2026/2027,Atalanta - Bologna,2026-08-31T18:45:00+00:00,finished,2,1-0,Atalanta,Lazar Samardžić,M,22,7.6,18,1,0,0.0161,0.016301,1,1,0,13,10,0,0,1,0,1,0,0,1,0,0,0,0,0,1,0,0,0,6,0,0,0,0,0,0,0,2026-09-01T10:30:59.225847+00:00
Italia Serie A 2026/2027,Atalanta - Bologna,2026-08-31T18:45:00+00:00,finished,2,1-0,Bologna,Lewis Ferguson,M,90,7.1,134,0,0,0.0097,0.0285325,1,0,2,123,111,4,2,0,0,0,0,3,4,0,0,3,2,0,2,5,0,0,12,0,3,0,0,0,1,0,2026-09-01T10:30:59.225524+00:00
Italia Serie A 2026/2027,Atalanta - Bologna,2026-08-31T18:45:00+00:00,finished,2,1-0,Atalanta,Lorenzo Bernasconi,M,0,,0,0,0,,,0,0,0,0,0,0,0,0,0,0,0,0,0,0,0,0,0,0,0,0,0,0,0,0,0,0,0,0,0,0,2026-09-01T10:30:59.225899+00:00
Italia Serie A 2026/2027,Atalanta - Bologna,2026-08-31T18:45:00+00:00,finished,2,1-0,Bologna,Lorenzo De Silvestri,D,0,,0,0,0,,,0,0,0,0,0,0,0,0,0,0,0,0,0,0,0,0,0,0,0,0,0,0,0,0,0,0,0,0,0,0,2026-09-01T10:30:59.225688+00:00
Italia Serie A 2026/2027,Atalanta - Bologna,2026-08-31T18:45:00+00:00,finished,2,1-0,Atalanta,Marco Carnesecchi,G,90,8.3,47,0,0,,0.00237239,0,0,0,35,26,16,7,0,0,0,0,0,0,0,0,0,0,2,0,8,0,0,10,0,0,0,0,3,0,0,2026-09-01T10:30:59.225732+00:00
Italia Serie A 2026/2027,Atalanta - Bologna,2026-08-31T18:45:00+00:00,finished,2,1-0,Bologna,Marco Libra,M,0,,0,0,0,,,0,0,0,0,0,0,0,0,0,0,0,0,0,0,0,0,0,0,0,0,0,0,0,0,0,0,0,0,0,0,2026-09-01T10:30:59.225713+00:00
Italia Serie A 2026/2027,Atalanta - Bologna,2026-08-31T18:45:00+00:00,finished,2,1-0,Atalanta,Marco Sportiello,G,0,,0,0,0,,,0,0,0,0,0,0,0,0,0,0,0,0,0,0,0,0,0,0,0,0,0,0,0,0,0,0,0,0,0,0,2026-09-01T10:30:59.225882+00:00
Italia Serie A 2026/2027,Atalanta - Bologna,2026-08-31T18:45:00+00:00,finished,2,1-0,Atalanta,Mario Pašalić,M,90,6.8,66,0,0,,0.0738412,0,0,2,59,51,0,0,0,0,2,1,1,1,0,0,0,0,1,1,4,0,0,10,0,0,0,0,0,0,0,2026-09-01T10:30:59.225750+00:00
Italia Serie A 2026/2027,Atalanta - Bologna,2026-08-31T18:45:00+00:00,finished,2,1-0,Bologna,Martin Vitík,D,0,,0,0,0,,,0,0,0,0,0,0,0,0,0,0,0,0,0,0,0,0,0,0,0,0,0,0,0,0,0,0,0,0,0,0,2026-09-01T10:30:59.225609+00:00
Italia Serie A 2026/2027,Atalanta - Bologna,2026-08-31T18:45:00+00:00,finished,2,1-0,Bologna,Massimo Pessina,G,0,,0,0,0,,,0,0,0,0,0,0,0,0,0,0,0,0,0,0,0,0,0,0,0,0,0,0,0,0,0,0,0,0,0,0,2026-09-01T10:30:59.225620+00:00
Italia Serie A 2026/2027,Atalanta - Bologna,2026-08-31T18:45:00+00:00,finished,2,1-0,Bologna,Mikel Amondarain,M,18,6.6,12,0,0,0.0522,0.00281517,1,0,0,6,5,1,0,0,0,0,0,2,0,0,0,1,0,1,0,2,0,0,2,1,0,0,0,0,1,0,2026-09-01T10:30:59.225593+00:00
Italia Serie A 2026/2027,Atalanta - Bologna,2026-08-31T18:45:00+00:00,finished,2,1-0,Bologna,Nadir Zortea,D,18,6.5,19,0,0,,0.00234495,0,0,0,14,12,2,1,0,0,1,1,2,0,0,0,1,0,1,0,0,0,0,3,0,0,0,0,0,1,0,2026-09-01T10:30:59.225586+00:00
Italia Serie A 2026/2027,Atalanta - Bologna,2026-08-31T18:45:00+00:00,finished,2,1-0,Atalanta,Nicola Zalewski,M,35,6.9,25,0,1,0.054,0.0526091,2,0,1,14,12,0,0,2,1,0,0,1,1,0,0,0,0,0,4,1,2,0,5,1,1,0,0,0,0,0,2026-09-01T10:30:59.225821+00:00
Italia Serie A 2026/2027,Atalanta - Bologna,2026-08-31T18:45:00+00:00,finished,2,1-0,Bologna,Nicolò Cambiaghi,F,90,6.3,56,0,0,0.1001,0.0907746,3,1,1,41,35,1,0,3,0,0,0,4,6,0,0,1,1,0,1,4,1,2,12,3,3,0,0,0,1,0,2026-09-01T10:30:59.225439+00:00
Italia Serie A 2026/2027,Atalanta - Bologna,2026-08-31T18:45:00+00:00,finished,2,1-0,Bologna,Nicolò Casale,D,0,,0,0,0,,,0,0,0,0,0,0,0,0,0,0,0,0,0,0,0,0,0,0,0,0,0,0,0,0,0,0,0,0,0,0,2026-09-01T10:30:59.225663+00:00
Italia Serie A 2026/2027,Atalanta - Bologna,2026-08-31T18:45:00+00:00,finished,2,1-0,Atalanta,Nikola Krstović,F,22,6.2,15,0,0,,0.0158493,0,0,1,9,6,0,0,0,0,0,0,0,3,0,0,0,0,0,0,0,0,3,7,0,0,1,0,0,0,0,2026-09-01T10:30:59.225839+00:00
Italia Serie A 2026/2027,Atalanta - Bologna,2026-08-31T18:45:00+00:00,finished,2,1-0,Bologna,Nikola Moro,M,10,6.6,12,0,0,,0.00516388,0,0,0,11,9,4,2,0,0,0,0,0,0,0,0,0,0,1,0,0,0,0,2,0,0,0,0,0,1,0,2026-09-01T10:30:59.225601+00:00
Italia Serie A 2026/2027,Atalanta - Bologna,2026-08-31T18:45:00+00:00,finished,2,1-0,Atalanta,Odilon Kossounou,D,90,7.2,70,0,0,,0.00444458,0,0,0,62,61,1,0,0,0,0,0,2,0,0,0,1,1,3,1,3,0,0,1,1,0,0,0,0,0,0,2026-09-01T10:30:59.225767+00:00
Italia Serie A 2026/2027,Atalanta - Bologna,2026-08-31T18:45:00+00:00,finished,2,1-0,Atalanta,Paolo Vismara,G,0,,0,0,0,,,0,0,0,0,0,0,0,0,0,0,0,0,0,0,0,0,0,0,0,0,0,0,0,0,0,0,0,0,0,0,2026-09-01T10:30:59.225865+00:00
Italia Serie A 2026/2027,Atalanta - Bologna,2026-08-31T18:45:00+00:00,finished,2,1-0,Atalanta,Raoul Bellanova,M,12,7.1,16,0,0,,0.00887186,0,0,0,13,12,2,1,0,0,0,0,1,0,0,0,0,0,0,0,1,0,0,1,1,0,0,0,0,0,0,2026-09-01T10:30:59.225856+00:00
Italia Serie A 2026/2027,Atalanta - Bologna,2026-08-31T18:45:00+00:00,finished,2,1-0,Atalanta,Relja Obrić,D,0,,0,0,0,,,0,0,0,0,0,0,0,0,0,0,0,0,0,0,0,0,0,0,0,0,0,0,0,0,0,0,0,0,0,0,2026-09-01T10:30:59.225873+00:00
Italia Serie A 2026/2027,Atalanta - Bologna,2026-08-31T18:45:00+00:00,finished,2,1-0,Bologna,Riccardo Orsolini,M,20,6.5,4,0,0,,0.00081197,0,0,0,4,3,1,0,0,0,0,0,0,0,0,0,0,0,0,0,1,0,0,1,0,0,0,0,0,0,0,2026-09-01T10:30:59.225579+00:00
Italia Serie A 2026/2027,Atalanta - Bologna,2026-08-31T18:45:00+00:00,finished,2,1-0,Bologna,Roberto Piccoli,F,60,6.7,14,0,0,0.7873,0.0018642,3,1,0,5,5,0,0,0,0,1,1,1,1,0,0,0,0,0,1,0,0,1,2,0,0,0,0,0,0,0,2026-09-01T10:30:59.225555+00:00
Italia Serie A 2026/2027,Atalanta - Bologna,2026-08-31T18:45:00+00:00,finished,2,1-0,Atalanta,Sead Kolašinac,D,78,6.9,48,0,0,,0.00776873,0,0,0,36,29,6,3,0,0,0,0,1,1,0,0,0,0,0,1,3,0,0,11,1,0,0,0,0,0,0,2026-09-01T10:30:59.225776+00:00
Italia Serie A 2026/2027,Atalanta - Bologna,2026-08-31T18:45:00+00:00,finished,2,1-0,Bologna,Tommaso Pobega,M,72,6.6,55,0,0,0.0203,0.0160519,1,0,1,49,42,2,1,0,0,0,0,1,3,0,1,1,0,0,1,5,0,1,9,0,1,0,0,0,0,0,2026-09-01T10:30:59.225547+00:00
Italia Serie A 2026/2027,Atalanta - Bologna,2026-08-31T18:45:00+00:00,finished,2,1-0,Bologna,Torbjørn Heggem,D,90,7.1,134,0,0,,0.00549561,0,0,2,124,118,8,5,0,0,0,0,3,1,1,0,1,0,3,1,6,0,0,6,1,1,0,0,0,1,0,2026-09-01T10:30:59.225508+00:00
Italia Serie A 2026/2027,Atalanta - Bologna,2026-08-31T18:45:00+00:00,finished,2,1-0,Bologna,Ukko Happonen,G,0,,0,0,0,,,0,0,0,0,0,0,0,0,0,0,0,0,0,0,0,0,0,0,0,0,0,0,0,0,0,0,0,0,0,0,2026-09-01T10:30:59.225639+00:00
Italia Serie A 2026/2027,Atalanta - Bologna,2026-08-31T18:45:00+00:00,finished,2,1-0,Atalanta,Éderson,M,68,6.9,39,0,0,,0.0131661,0,0,0,30,27,1,0,0,0,1,1,4,2,0,0,1,0,1,1,2,0,1,4,2,1,0,0,0,0,0,2026-09-01T10:30:59.225795+00:00
Italia Serie A 2026/2027,Atalanta - Bologna,2026-08-31T18:45:00+00:00,finished,2,1-0,Bologna,Łukasz Skorupski,G,90,6.2,28,0,0,,0.00056089,0,0,0,26,25,6,5,0,0,0,0,0,0,0,0,0,0,0,0,5,0,0,1,0,0,0,0,1,1,0,2026-09-01T10:30:59.225482+00:00
Italia Serie A 2026/2027,Genoa - Como,2026-09-04T18:45:00+00:00,finished,3,1-4,Genoa,,,90,7.4,18,1,0,0.3182,0.0161266,2,1,2,7,7,0,0,0,0,0,0,1,2,0,0,0,0,1,0,1,0,2,4,1,0,0,0,0,4,0,2026-09-05T05:01:36.134622+00:00
Italia Serie A 2026/2027,Genoa - Como,2026-09-04T18:45:00+00:00,finished,3,1-4,Genoa,,,24,6.5,13,0,0,,0.0144865,0,0,1,10,9,0,0,0,0,0,0,2,0,0,0,1,1,0,0,2,0,0,1,1,0,0,0,0,1,0,2026-09-05T05:01:36.134712+00:00
Italia Serie A 2026/2027,Genoa - Como,2026-09-04T18:45:00+00:00,finished,3,1-4,Genoa,,,0,,0,0,0,,,0,0,0,0,0,0,0,0,0,0,0,0,0,0,0,0,0,0,0,0,0,0,0,0,0,0,0,0,0,0,2026-09-05T05:01:36.134783+00:00
Italia Serie A 2026/2027,Genoa - Como,2026-09-04T18:45:00+00:00,finished,3,1-4,Genoa,,,0,,0,0,0,,,0,0,0,0,0,0,0,0,0,0,0,0,0,0,0,0,0,0,0,0,0,0,0,0,0,0,0,0,0,0,2026-09-05T05:01:36.134811+00:00
Italia Serie A 2026/2027,Genoa - Como,2026-09-04T18:45:00+00:00,finished,3,1-4,Como,,,24,6.7,7,0,1,,0.0948386,0,0,1,6,6,0,0,1,0,0,0,0,2,0,2,0,0,0,0,1,0,0,1,0,0,0,0,0,0,0,2026-09-05T05:01:36.134919+00:00
Italia Serie A 2026/2027,Genoa - Como,2026-09-04T18:45:00+00:00,finished,3,1-4,Como,,,11,6.6,7,0,0,0.0406,0.00023548,1,1,0,4,4,0,0,0,0,1,0,1,1,0,0,1,1,0,0,0,0,0,1,0,0,0,0,0,0,0,2026-09-05T05:01:36.134931+00:00
Italia Serie A 2026/2027,Genoa - Como,2026-09-04T18:45:00+00:00,finished,3,1-4,Como,,,0,,0,0,0,,,0,0,0,0,0,0,0,0,0,0,0,0,0,0,0,0,0,0,0,0,0,0,0,0,0,0,0,0,0,0,2026-09-05T05:01:36.134962+00:00
Italia Serie A 2026/2027,Genoa - Como,2026-09-04T18:45:00+00:00,finished,3,1-4,Como,,,0,,0,0,0,,,0,0,0,0,0,0,0,0,0,0,0,0,0,0,0,0,0,0,0,0,0,0,0,0,0,0,0,0,0,0,2026-09-05T05:01:36.135020+00:00
Italia Serie A 2026/2027,Genoa - Como,2026-09-04T18:45:00+00:00,finished,3,1-4,Como,Adrian Lahdo,M,0,,0,0,0,,,0,0,0,0,0,0,0,0,0,0,0,0,0,0,0,0,0,0,0,0,0,0,0,0,0,0,0,0,0,0,2026-09-05T05:01:36.135004+00:00
Italia Serie A 2026/2027,Genoa - Como,2026-09-04T18:45:00+00:00,finished,3,1-4,Como,Alberto Dossena,D,0,,0,0,0,,,0,0,0,0,0,0,0,0,0,0,0,0,0,0,0,0,0,0,0,0,0,0,0,0,0,0,0,0,0,0,2026-09-05T05:01:36.134984+00:00
Italia Serie A 2026/2027,Genoa - Como,2026-09-04T18:45:00+00:00,finished,3,1-4,Genoa,Alessandro Marcandalli,D,81,5.4,37,0,0,,0.00167495,0,0,0,29,21,2,0,0,0,0,0,1,3,0,2,1,1,1,0,0,0,0,9,0,1,0,0,0,4,0,2026-09-05T05:01:36.134666+00:00
Italia Serie A 2026/2027,Genoa - Como,2026-09-04T18:45:00+00:00,finished,3,1-4,Genoa,Alexsandro Amorim,M,15,6.6,19,0,0,,0.0329818,0,0,1,11,11,1,1,3,1,0,0,1,0,0,0,1,0,0,0,0,0,0,4,0,0,0,0,0,1,0,2026-09-05T05:01:36.134727+00:00
Italia Serie A 2026/2027,Genoa - Como,2026-09-04T18:45:00+00:00,finished,3,1-4,Como,Anastasios Douvikas,F,66,6.2,23,0,0,0.4271,0.0267529,3,0,1,15,9,0,0,0,0,1,0,4,1,2,0,0,0,0,0,1,2,0,9,2,0,0,0,0,1,0,2026-09-05T05:01:36.134909+00:00
Italia Serie A 2026/2027,Genoa - Como,2026-09-04T18:45:00+00:00,finished,3,1-4,Como,Assane Diao,M,84,8.5,64,2,0,0.2763,0.0679939,3,2,2,38,35,0,0,3,0,7,4,8,7,0,1,3,0,2,0,1,0,1,13,1,2,0,0,0,1,0,2026-09-05T05:01:36.134892+00:00
Italia Serie A 2026/2027,Genoa - Como,2026-09-04T18:45:00+00:00,finished,3,1-4,Genoa,Daniele Sommariva,G,0,,0,0,0,,,0,0,0,0,0,0,0,0,0,0,0,0,0,0,0,0,0,0,0,0,0,0,0,0,0,0,0,0,0,0,2026-09-05T05:01:36.134804+00:00
Italia Serie A 2026/2027,Genoa - Como,2026-09-04T18:45:00+00:00,finished,3,1-4,Genoa,David Puczka,D,0,,0,0,0,,,0,0,0,0,0,0,0,0,0,0,0,0,0,0,0,0,0,0,0,0,0,0,0,0,0,0,0,0,0,0,2026-09-05T05:01:36.134748+00:00
Italia Serie A 2026/2027,Genoa - Como,2026-09-04T18:45:00+00:00,finished,3,1-4,Genoa,Djibril Sow,M,75,6.4,41,0,0,,0.03369,0,0,1,33,30,2,1,3,1,0,0,2,1,0,0,1,1,0,1,2,0,0,5,1,1,1,0,0,3,0,2026-09-05T05:01:36.134674+00:00
Italia Serie A 2026/2027,Genoa - Como,2026-09-04T18:45:00+00:00,finished,3,1-4,Como,Edoardo Goldaniga,D,0,,0,0,0,,,0,0,0,0,0,0,0,0,0,0,0,0,0,0,0,0,0,0,0,0,0,0,0,0,0,0,0,0,0,0,2026-09-05T05:01:36.134991+00:00
Italia Serie A 2026/2027,Genoa - Como,2026-09-04T18:45:00+00:00,finished,3,1-4,Genoa,Franz Stolz,G,0,,0,0,0,,,0,0,0,0,0,0,0,0,0,0,0,0,0,0,0,0,0,0,0,0,0,0,0,0,0,0,0,0,0,0,2026-09-05T05:01:36.134796+00:00
Italia Serie A 2026/2027,Genoa - Como,2026-09-04T18:45:00+00:00,finished,3,1-4,Genoa,Franz-Ethan Meichtry,M,9,6.5,8,0,0,,0.00472725,0,0,1,5,5,1,1,0,0,0,0,0,2,0,0,0,0,0,0,0,0,2,3,0,0,0,0,0,0,0,2026-09-05T05:01:36.134734+00:00
Italia Serie A 2026/2027,Genoa - Como,2026-09-04T18:45:00+00:00,finished,3,1-4,Genoa,Hamed Junior Traorè,M,0,,0,0,0,,,0,0,0,0,0,0,0,0,0,0,0,0,0,0,0,0,0,0,0,0,0,0,0,0,0,0,0,0,0,0,2026-09-05T05:01:36.134763+00:00
Italia Serie A 2026/2027,Genoa - Como,2026-09-04T18:45:00+00:00,finished,3,1-4,Como,Ivan Smolčić,D,0,,0,0,0,,,0,0,0,0,0,0,0,0,0,0,0,0,0,0,0,0,0,0,0,0,0,0,0,0,0,0,0,0,0,0,2026-09-05T05:01:36.134976+00:00
Italia Serie A 2026/2027,Genoa - Como,2026-09-04T18:45:00+00:00,finished,3,1-4,Como,Jacobo Ramón,D,90,7.3,65,0,0,0.0275,0.0153131,1,1,0,57,55,3,2,0,0,0,0,1,2,0,0,1,1,2,1,2,0,0,3,0,1,0,0,0,1,0,2026-09-05T05:01:36.134872+00:00
Italia Serie A 2026/2027,Genoa - Como,2026-09-04T18:45:00+00:00,finished,3,1-4,Como,Jean Butez,G,90,6.4,44,0,0,,0.00041185,0,0,0,35,28,10,3,0,0,0,0,1,0,1,0,0,0,2,0,5,0,0,8,0,0,0,0,1,1,1,2026-09-05T05:01:36.134842+00:00
Italia Serie A 2026/2027,Genoa - Como,2026-09-04T18:45:00+00:00,finished,3,1-4,Como,Jesús Rodriguez,M,0,,0,0,0,,,0,0,0,0,0,0,0,0,0,0,0,0,0,0,0,0,0,0,0,0,0,0,0,0,0,0,0,0,0,0,2026-09-05T05:01:36.134949+00:00
Italia Serie A 2026/2027,Genoa - Como,2026-09-04T18:45:00+00:00,finished,3,1-4,Genoa,Johan Vásquez,D,90,5.9,81,0,0,0.0174,0.00576375,1,0,0,59,52,5,1,1,0,3,0,3,3,1,0,1,0,3,0,3,0,0,14,1,0,0,0,0,4,0,2026-09-05T05:01:36.134649+00:00
Italia Serie A 2026/2027,Genoa - Como,2026-09-04T18:45:00+00:00,finished,3,1-4,Genoa,Junior Messias,F,24,6.7,15,0,0,0.1292,0.00129471,2,0,0,5,4,0,0,0,0,3,1,3,4,1,0,1,1,0,1,1,1,2,5,0,0,0,0,0,1,0,2026-09-05T05:01:36.134720+00:00
Italia Serie A 2026/2027,Genoa - Como,2026-09-04T18:45:00+00:00,finished,3,1-4,Genoa,Justin Bijlow,G,90,6.0,51,0,0,,8.707e-05,0,0,0,36,32,5,1,0,0,0,0,0,0,0,0,0,0,1,0,14,0,0,4,0,0,0,0,5,4,1,2026-09-05T05:01:36.134633+00:00
Italia Serie A 2026/2027,Genoa - Como,2026-09-04T18:45:00+00:00,finished,3,1-4,Como,Kaiki,D,0,,0,0,0,,,0,0,0,0,0,0,0,0,0,0,0,0,0,0,0,0,0,0,0,0,0,0,0,0,0,0,0,0,0,0,2026-09-05T05:01:36.134969+00:00
Italia Serie A 2026/2027,Genoa - Como,2026-09-04T18:45:00+00:00,finished,3,1-4,Genoa,Leo Østigård,D,90,6.7,58,0,0,,0.00178528,0,0,0,40,35,3,0,0,0,0,0,4,3,3,1,1,1,8,1,2,0,0,6,0,2,1,0,0,4,0,2026-09-05T05:01:36.134642+00:00
Italia Serie A 2026/2027,Genoa - Como,2026-09-04T18:45:00+00:00,finished,3,1-4,Genoa,Lorenzo Colombo,F,66,7.5,16,0,1,0.0124,0.367961,1,0,3,11,8,3,2,1,1,0,0,2,2,0,1,2,0,0,0,0,0,0,4,0,1,0,0,0,3,0,2026-09-05T05:01:36.134689+00:00
Italia Serie A 2026/2027,Genoa - Como,2026-09-04T18:45:00+00:00,finished,3,1-4,Como,Lucas Da Cunha,M,79,7.4,74,0,0,0.1666,0.0478821,3,0,1,56,52,5,5,3,1,4,2,4,2,0,0,2,1,2,0,5,2,0,9,0,0,0,0,0,1,0,2026-09-05T05:01:36.134903+00:00
Italia Serie A 2026/2027,Genoa - Como,2026-09-04T18:45:00+00:00,finished,3,1-4,Como,Luis Milla,M,10,6.6,7,0,0,,9.315e-05,0,0,0,6,5,0,0,0,0,0,0,0,0,0,0,0,0,1,0,0,0,0,1,0,0,0,0,0,0,0,2026-09-05T05:01:36.134936+00:00
Italia Serie A 2026/2027,Genoa - Como,2026-09-04T18:45:00+00:00,finished,3,1-4,Como,Marc Kempf,D,0,,0,0,0,,,0,0,0,0,0,0,0,0,0,0,0,0,0,0,0,0,0,0,0,0,0,0,0,0,0,0,0,0,0,0,2026-09-05T05:01:36.134997+00:00
Italia Serie A 2026/2027,Genoa - Como,2026-09-04T18:45:00+00:00,finished,3,1-4,Genoa,Mario Mitaj,D,0,,0,0,0,,,0,0,0,0,0,0,0,0,0,0,0,0,0,0,0,0,0,0,0,0,0,0,0,0,0,0,0,0,0,0,2026-09-05T05:01:36.134756+00:00
Italia Serie A 2026/2027,Genoa - Como,2026-09-04T18:45:00+00:00,finished,3,1-4,Como,Martin Baturina,M,66,7.4,53,1,0,0.0282,0.188864,1,1,1,37,33,3,2,3,1,0,0,4,4,0,1,1,1,0,0,2,0,1,11,3,2,1,0,0,1,0,2026-09-05T05:01:36.134913+00:00
Italia Serie A 2026/2027,Genoa - Como,2026-09-04T18:45:00+00:00,finished,3,1-4,Como,Mattia Liberali,F,10,6.5,4,0,0,,6.5e-07,0,0,0,1,1,0,0,0,0,0,0,0,0,0,0,0,0,0,0,0,0,0,3,0,0,0,0,0,0,0,2026-09-05T05:01:36.134942+00:00
Italia Serie A 2026/2027,Genoa - Como,2026-09-04T18:45:00+00:00,finished,3,1-4,Como,Mauro Vigorito,G,0,,0,0,0,,,0,0,0,0,0,0,0,0,0,0,0,0,0,0,0,0,0,0,0,0,0,0,0,0,0,0,0,0,0,0,2026-09-05T05:01:36.134956+00:00
Italia Serie A 2026/2027,Genoa - Como,2026-09-04T18:45:00+00:00,finished,3,1-4,Como,Maxence Caqueret,M,24,6.5,21,0,0,,0.00877354,0,0,1,19,17,0,0,0,0,1,0,0,2,0,0,0,0,0,0,1,0,1,4,0,0,0,0,0,0,0,2026-09-05T05:01:36.134925+00:00
Italia Serie A 2026/2027,Genoa - Como,2026-09-04T18:45:00+00:00,finished,3,1-4,Genoa,Mikael Ellertsson,M,90,6.8,47,0,0,0.0287,0.0756627,1,0,0,26,19,0,0,3,1,1,1,5,4,0,0,3,3,3,1,0,1,0,10,1,1,0,0,0,4,0,2026-09-05T05:01:36.134582+00:00
Italia Serie A 2026/2027,Genoa - Como,2026-09-04T18:45:00+00:00,finished,3,1-4,Genoa,Morten Frendrup,M,90,6.7,54,0,0,,0.00835506,0,0,1,45,40,1,0,0,0,1,0,1,2,0,0,1,1,3,3,3,0,0,6,0,0,0,0,0,4,0,2026-09-05T05:01:36.134656+00:00
Italia Serie A 2026/2027,Genoa - Como,2026-09-04T18:45:00+00:00,finished,3,1-4,Como,Máximo Perrone,M,90,7.2,102,0,0,0.1648,0.0628147,2,0,2,91,89,3,3,0,0,0,0,2,3,0,1,2,1,2,0,4,1,2,4,0,0,0,0,0,1,0,2026-09-05T05:01:36.134825+00:00
Italia Serie A 2026/2027,Genoa - Como,2026-09-04T18:45:00+00:00,finished,3,1-4,Como,Nico Paz,M,80,7.9,81,1,0,0.3341,0.121481,3,2,1,67,60,1,0,2,0,1,0,2,4,0,1,2,1,0,1,2,0,1,14,0,1,0,0,0,1,0,2026-09-05T05:01:36.134898+00:00
Italia Serie A 2026/2027,Genoa - Como,2026-09-04T18:45:00+00:00,finished,3,1-4,Genoa,Samuel Wiafe,M,0,,0,0,0,,,0,0,0,0,0,0,0,0,0,0,0,0,0,0,0,0,0,0,0,0,0,0,0,0,0,0,0,0,0,0,2026-09-05T05:01:36.134770+00:00
Italia Serie A 2026/2027,Genoa - Como,2026-09-04T18:45:00+00:00,finished,3,1-4,Genoa,Sebastian Otoa,D,0,,0,0,0,,,0,0,0,0,0,0,0,0,0,0,0,0,0,0,0,0,0,0,0,0,0,0,0,0,0,0,0,0,0,0,2026-09-05T05:01:36.134741+00:00
Italia Serie A 2026/2027,Genoa - Como,2026-09-04T18:45:00+00:00,finished,3,1-4,Genoa,Stefano Sabelli,M,45,6.3,18,0,0,,0.00294216,0,0,0,8,5,1,0,1,0,0,0,2,3,1,0,0,0,1,2,0,0,1,7,1,2,0,0,0,3,0,2026-09-05T05:01:36.134704+00:00
Italia Serie A 2026/2027,Genoa - Como,2026-09-04T18:45:00+00:00,finished,3,1-4,Genoa,Tommaso Baldanzi,M,66,6.5,34,0,0,0.1361,0.0321653,3,0,2,23,20,2,1,1,1,2,0,2,3,0,0,2,0,0,0,3,2,0,7,0,0,0,0,0,3,0,2026-09-05T05:01:36.134681+00:00
Italia Serie A 2026/2027,Genoa - Como,2026-09-04T18:45:00+00:00,finished,3,1-4,Como,Trevoh Chalobah,D,90,6.8,74,0,0,,0.00532411,0,0,0,69,67,2,2,0,0,0,0,2,0,1,0,0,0,3,0,2,0,0,3,1,0,0,0,0,1,0,2026-09-05T05:01:36.134881+00:00
Italia Serie A 2026/2027,Genoa - Como,2026-09-04T18:45:00+00:00,finished,3,1-4,Genoa,Vitinha,F,45,6.7,24,0,0,0.0253,0.0203402,1,1,0,12,9,1,1,3,1,0,0,2,2,0,0,1,1,0,0,1,0,1,7,1,0,0,0,0,1,0,2026-09-05T05:01:36.134696+00:00
Italia Serie A 2026/2027,Genoa - Como,2026-09-04T18:45:00+00:00,finished,3,1-4,Como,Yan Couto,M,90,7.6,91,0,1,0.0382,0.156388,2,1,2,70,65,9,6,1,1,1,0,1,1,0,0,1,1,3,0,3,0,0,7,0,0,0,0,0,1,0,2026-09-05T05:01:36.134854+00:00
Italia Serie A 2026/2027,Genoa - Como,2026-09-04T18:45:00+00:00,finished,3,1-4,Como,Álex Valle,D,90,6.8,70,0,1,0.0271,0.0899578,1,1,3,46,42,1,1,3,1,1,0,1,3,0,0,0,0,0,1,3,0,0,9,1,1,0,0,0,1,0,2026-09-05T05:01:36.134887+00:00
Italia Serie A 2026/2027,Fiorentina - Torino,2026-09-05T13:00:00+00:00,finished,3,1-2,Torino,Alessio Cacciamani,M,56,6.6,37,0,0,,0.0874789,0,0,1,20,16,0,0,4,1,0,0,3,1,0,0,1,0,1,0,1,0,1,11,2,0,0,0,0,1,0,2026-09-06T05:01:28.634293+00:00
Italia Serie A 2026/2027,Fiorentina - Torino,2026-09-05T13:00:00+00:00,finished,3,1-2,Fiorentina,Alieu Njie,F,79,7.1,35,0,0,0.14,0.0618175,1,1,4,20,17,2,1,2,1,2,2,4,4,0,1,1,1,1,0,2,0,1,8,1,1,0,0,0,1,0,2026-09-06T05:01:28.634048+00:00
Italia Serie A 2026/2027,Fiorentina - Torino,2026-09-05T13:00:00+00:00,finished,3,1-2,Torino,Andrea Luongo,M,0,,0,0,0,,,0,0,0,0,0,0,0,0,0,0,0,0,0,0,0,0,0,0,0,0,0,0,0,0,0,0,0,0,0,0,2026-09-06T05:01:28.634393+00:00
Italia Serie A 2026/2027,Fiorentina - Torino,2026-09-05T13:00:00+00:00,finished,3,1-2,Torino,Ardian Ismajli,D,50,6.6,45,0,0,,0.00125391,0,0,0,38,36,1,1,0,0,0,0,3,2,2,1,0,0,6,0,1,0,0,2,1,0,0,0,0,1,0,2026-09-06T05:01:28.634329+00:00
Italia Serie A 2026/2027,Fiorentina - Torino,2026-09-05T13:00:00+00:00,finished,3,1-2,Fiorentina,Arthur Atta,M,45,6.8,31,0,0,0.7338,0.010107,4,2,1,16,16,2,2,1,0,0,0,1,3,0,0,1,1,1,1,1,0,3,5,0,0,0,0,0,2,0,2026-09-06T05:01:28.634139+00:00
Italia Serie A 2026/2027,Fiorentina - Torino,2026-09-05T13:00:00+00:00,finished,3,1-2,Fiorentina,Beto,F,14,6.5,6,0,0,0.0578,5.047e-05,1,0,0,2,1,0,0,0,0,0,0,2,2,1,0,1,0,0,0,0,0,1,3,0,1,0,0,0,1,0,2026-09-06T05:01:28.634164+00:00
Italia Serie A 2026/2027,Fiorentina - Torino,2026-09-05T13:00:00+00:00,finished,3,1-2,Torino,Che Adams,F,90,7.2,28,1,0,0.3242,0.035047,1,1,1,18,15,0,0,0,0,0,0,3,5,2,2,0,0,2,0,0,0,1,7,2,2,0,0,0,1,0,2026-09-06T05:01:28.634266+00:00
Italia Serie A 2026/2027,Fiorentina - Torino,2026-09-05T13:00:00+00:00,finished,3,1-2,Fiorentina,Cher Ndour,M,66,6.7,43,0,0,,0.0189488,0,0,1,34,27,3,1,1,0,0,0,3,2,1,0,1,1,1,2,2,0,0,8,1,1,0,0,0,2,0,2026-09-06T05:01:28.634067+00:00
Italia Serie A 2026/2027,Fiorentina - Torino,2026-09-05T13:00:00+00:00,finished,3,1-2,Fiorentina,Christ Inao Oulaï,M,24,6.6,7,0,0,,0.00138113,0,0,0,5,5,0,0,0,0,0,0,1,1,0,0,1,1,0,1,1,0,0,0,0,1,0,0,0,0,0,2026-09-06T05:01:28.634156+00:00
Italia Serie A 2026/2027,Fiorentina - Torino,2026-09-05T13:00:00+00:00,finished,3,1-2,Torino,Cristiano Biraghi,D,0,,0,0,0,,,0,0,0,0,0,0,0,0,0,0,0,0,0,0,0,0,0,0,0,0,0,0,0,0,0,0,0,0,0,0,2026-09-06T05:01:28.634425+00:00
Italia Serie A 2026/2027,Fiorentina - Torino,2026-09-05T13:00:00+00:00,finished,3,1-2,Torino,Daniel Bragança,M,20,6.7,22,0,0,,0.00416833,0,0,0,17,16,1,0,0,0,0,0,2,1,0,0,2,1,1,0,1,0,0,2,0,0,0,0,0,0,0,2026-09-06T05:01:28.634369+00:00
Italia Serie A 2026/2027,Fiorentina - Torino,2026-09-05T13:00:00+00:00,finished,3,1-2,Fiorentina,David De Gea,G,90,6.9,28,0,0,,0.00116063,0,0,0,15,11,8,4,0,0,0,0,1,0,0,0,0,0,1,0,6,0,0,5,1,0,0,0,2,2,1,2026-09-06T05:01:28.634005+00:00
Italia Serie A 2026/2027,Fiorentina - Torino,2026-09-05T13:00:00+00:00,finished,3,1-2,Torino,Diego Mascardi,G,0,,0,0,0,,,0,0,0,0,0,0,0,0,0,0,0,0,0,0,0,0,0,0,0,0,0,0,0,0,0,0,0,0,0,0,2026-09-06T05:01:28.634398+00:00
Italia Serie A 2026/2027,Fiorentina - Torino,2026-09-05T13:00:00+00:00,finished,3,1-2,Fiorentina,Dodô,M,0,,0,0,0,,,0,0,0,0,0,0,0,0,0,0,0,0,0,0,0,0,0,0,0,0,0,0,0,0,0,0,0,0,0,0,2026-09-06T05:01:28.634218+00:00
Italia Serie A 2026/2027,Fiorentina - Torino,2026-09-05T13:00:00+00:00,finished,3,1-2,Torino,Duván Zapata,F,0,,0,0,0,,,0,0,0,0,0,0,0,0,0,0,0,0,0,0,0,0,0,0,0,0,0,0,0,0,0,0,0,0,0,0,2026-09-06T05:01:28.634388+00:00
Italia Serie A 2026/2027,Fiorentina - Torino,2026-09-05T13:00:00+00:00,finished,3,1-2,Torino,Emirhan İlkhan,M,0,,0,0,0,,,0,0,0,0,0,0,0,0,0,0,0,0,0,0,0,0,0,0,0,0,0,0,0,0,0,0,0,0,0,0,2026-09-06T05:01:28.634447+00:00
Italia Serie A 2026/2027,Fiorentina - Torino,2026-09-05T13:00:00+00:00,finished,3,1-2,Torino,Eray Cömert,D,90,7.2,96,0,1,,0.0302577,0,0,1,84,79,3,1,0,0,0,0,3,2,1,0,1,1,9,0,0,0,0,5,1,1,0,0,0,1,0,2026-09-06T05:01:28.634252+00:00
Italia Serie A 2026/2027,Fiorentina - Torino,2026-09-05T13:00:00+00:00,finished,3,1-2,Fiorentina,Franco Mastantuono,F,45,6.7,21,0,0,0.3319,0.0316376,2,1,0,12,8,1,0,1,1,2,1,2,4,1,1,0,0,0,0,2,1,1,6,0,0,0,0,0,0,0,2026-09-06T05:01:28.634079+00:00
Italia Serie A 2026/2027,Fiorentina - Torino,2026-09-05T13:00:00+00:00,finished,3,1-2,Torino,Gaetano Oristanio,M,0,,0,0,0,,,0,0,0,0,0,0,0,0,0,0,0,0,0,0,0,0,0,0,0,0,0,0,0,0,0,0,0,0,0,0,2026-09-06T05:01:28.634439+00:00
Italia Serie A 2026/2027,Fiorentina - Torino,2026-09-05T13:00:00+00:00,finished,3,1-2,Torino,Giovanni Simeone,F,20,6.6,11,0,0,,0.0396247,0,0,1,7,5,0,0,0,0,2,1,2,1,0,0,0,0,0,0,4,0,0,3,1,0,0,0,0,0,0,2026-09-06T05:01:28.634374+00:00
Italia Serie A 2026/2027,Fiorentina - Torino,2026-09-05T13:00:00+00:00,finished,3,1-2,Torino,Gvidas Gineitis,M,70,6.1,32,0,0,,0.0649706,0,0,0,20,16,1,0,1,0,1,0,3,7,0,2,2,2,0,0,2,0,2,11,1,1,0,0,0,1,0,2026-09-06T05:01:28.634280+00:00
Italia Serie A 2026/2027,Fiorentina - Torino,2026-09-05T13:00:00+00:00,finished,3,1-2,Fiorentina,João Mário,D,90,6.8,74,0,0,,0.0957782,0,0,1,45,41,5,2,6,1,2,1,5,4,0,0,2,2,4,1,4,0,1,14,2,2,0,0,0,2,0,2026-09-06T05:01:28.633946+00:00
Italia Serie A 2026/2027,Fiorentina - Torino,2026-09-05T13:00:00+00:00,finished,3,1-2,Torino,Kian Fitz-Jim,M,90,6.5,61,0,0,,0.0280839,0,0,1,50,48,3,1,1,0,3,1,2,4,0,1,1,1,1,1,1,0,1,7,0,0,0,0,0,1,0,2026-09-06T05:01:28.634237+00:00
Italia Serie A 2026/2027,Fiorentina - Torino,2026-09-05T13:00:00+00:00,finished,3,1-2,Torino,Lapo Siviero,G,0,,0,0,0,,,0,0,0,0,0,0,0,0,0,0,0,0,0,0,0,0,0,0,0,0,0,0,0,0,0,0,0,0,0,0,2026-09-06T05:01:28.634405+00:00
Italia Serie A 2026/2027,Fiorentina - Torino,2026-09-05T13:00:00+00:00,finished,3,1-2,Fiorentina,Luca Lezzerini,G,0,,0,0,0,,,0,0,0,0,0,0,0,0,0,0,0,0,0,0,0,0,0,0,0,0,0,0,0,0,0,0,0,0,0,0,2026-09-06T05:01:28.634202+00:00
Italia Serie A 2026/2027,Fiorentina - Torino,2026-09-05T13:00:00+00:00,finished,3,1-2,Fiorentina,Luca Ranieri,D,0,,0,0,0,,,0,0,0,0,0,0,0,0,0,0,0,0,0,0,0,0,0,0,0,0,0,0,0,0,0,0,0,0,0,0,2026-09-06T05:01:28.634224+00:00
Italia Serie A 2026/2027,Fiorentina - Torino,2026-09-05T13:00:00+00:00,finished,3,1-2,Torino,Lucas Perri,G,90,7.8,40,0,0,,0.00253816,0,0,0,30,17,19,6,0,0,0,0,0,0,0,0,0,0,0,0,8,0,0,14,0,0,0,0,4,1,0,2026-09-06T05:01:28.634245+00:00
Italia Serie A 2026/2027,Fiorentina - Torino,2026-09-05T13:00:00+00:00,finished,3,1-2,Torino,Manuel Carrascosa,D,0,,0,0,0,,,0,0,0,0,0,0,0,0,0,0,0,0,0,0,0,0,0,0,0,0,0,0,0,0,0,0,0,0,0,0,2026-09-06T05:01:28.634411+00:00
Italia Serie A 2026/2027,Fiorentina - Torino,2026-09-05T13:00:00+00:00,finished,3,1-2,Fiorentina,Marco Brescianini,M,45,6.7,11,0,0,,0.00074576,0,0,0,4,4,0,0,0,0,0,0,1,0,0,0,1,0,1,2,0,0,0,1,0,0,0,0,0,0,0,2026-09-06T05:01:28.634095+00:00
Italia Serie A 2026/2027,Fiorentina - Torino,2026-09-05T13:00:00+00:00,finished,3,1-2,Fiorentina,Marin Pongračić,D,0,,0,0,0,,,0,0,0,0,0,0,0,0,0,0,0,0,0,0,0,0,0,0,0,0,0,0,0,0,0,0,0,0,0,0,2026-09-06T05:01:28.634210+00:00
Italia Serie A 2026/2027,Fiorentina - Torino,2026-09-05T13:00:00+00:00,finished,3,1-2,Fiorentina,Mateo Pellegrino,F,76,7.6,21,1,0,0.0652,0.00582476,1,1,0,12,6,1,1,0,0,1,1,5,5,2,2,1,1,0,0,2,0,2,10,1,1,0,0,0,1,0,2026-09-06T05:01:28.634060+00:00
Italia Serie A 2026/2027,Fiorentina - Torino,2026-09-05T13:00:00+00:00,finished,3,1-2,Torino,Nathan Patterson,D,34,6.9,18,0,0,,0.00471128,0,0,0,14,12,1,0,1,0,0,0,1,0,0,0,1,0,1,0,1,0,0,3,0,0,0,0,0,0,0,2026-09-06T05:01:28.634358+00:00
Italia Serie A 2026/2027,Fiorentina - Torino,2026-09-05T13:00:00+00:00,finished,3,1-2,Torino,Niccolò Fortini,D,56,6.8,47,0,0,0.0432,0.029442,1,0,0,34,31,1,0,3,1,2,1,2,3,0,0,0,0,0,0,1,0,1,8,1,0,0,0,0,1,0,2026-09-06T05:01:28.634310+00:00
Italia Serie A 2026/2027,Fiorentina - Torino,2026-09-05T13:00:00+00:00,finished,3,1-2,Fiorentina,Nicolò Fagioli,M,90,7.3,69,0,0,0.0275,0.152557,1,0,1,58,49,7,4,4,2,0,0,3,3,0,0,3,1,1,1,5,0,0,12,0,2,0,0,0,2,0,2026-09-06T05:01:28.634035+00:00
Italia Serie A 2026/2027,Fiorentina - Torino,2026-09-05T13:00:00+00:00,finished,3,1-2,Torino,Nikola Vlašić,M,90,6.7,50,0,0,0.1374,0.0207168,2,1,0,37,32,0,0,0,0,3,1,6,6,2,1,0,0,0,0,4,1,2,10,3,1,0,0,0,1,0,2026-09-06T05:01:28.634273+00:00
Italia Serie A 2026/2027,Fiorentina - Torino,2026-09-05T13:00:00+00:00,finished,3,1-2,Fiorentina,Oliver Christensen,G,0,,0,0,0,,,0,0,0,0,0,0,0,0,0,0,0,0,0,0,0,0,0,0,0,0,0,0,0,0,0,0,0,0,0,0,2026-09-06T05:01:28.634187+00:00
Italia Serie A 2026/2027,Fiorentina - Torino,2026-09-05T13:00:00+00:00,finished,3,1-2,Fiorentina,Pedro Gonçalves,M,11,6.6,8,0,0,,0.00420869,0,0,0,6,5,2,2,0,0,1,1,1,0,0,0,0,0,0,1,1,0,0,1,0,0,0,0,0,1,0,2026-09-06T05:01:28.634171+00:00
Italia Serie A 2026/2027,Fiorentina - Torino,2026-09-05T13:00:00+00:00,finished,3,1-2,Torino,Pietro Comuzzo,D,70,6.7,59,0,0,,0.0110805,0,0,0,45,43,3,1,0,0,1,1,3,4,0,2,2,1,2,1,3,0,0,4,0,2,0,0,0,1,0,2026-09-06T05:01:28.634287+00:00
Italia Serie A 2026/2027,Fiorentina - Torino,2026-09-05T13:00:00+00:00,finished,3,1-2,Fiorentina,Radu Drăguşin,D,90,6.7,40,0,1,0.1315,0.00879836,1,0,1,27,23,6,3,0,0,0,0,5,4,2,2,1,0,6,2,1,0,0,4,2,2,0,0,0,2,0,2026-09-06T05:01:28.633989+00:00
Italia Serie A 2026/2027,Fiorentina - Torino,2026-09-05T13:00:00+00:00,finished,3,1-2,Torino,Rafik Belghali,M,34,6.7,30,0,1,,0.00427177,0,0,1,18,12,2,0,3,0,2,0,0,2,0,0,0,0,2,0,2,0,0,11,0,0,0,0,0,0,0,2026-09-06T05:01:28.634364+00:00
Italia Serie A 2026/2027,Fiorentina - Torino,2026-09-05T13:00:00+00:00,finished,3,1-2,Torino,Rolando Mandragora,M,90,8.1,105,1,0,0.1216,0.0446044,3,2,1,83,74,11,5,5,0,2,0,4,5,1,0,2,0,2,3,5,1,0,17,1,2,0,0,0,1,0,2026-09-06T05:01:28.634259+00:00
Italia Serie A 2026/2027,Fiorentina - Torino,2026-09-05T13:00:00+00:00,finished,3,1-2,Torino,Sandro Kulenović,F,0,,0,0,0,,,0,0,0,0,0,0,0,0,0,0,0,0,0,0,0,0,0,0,0,0,0,0,0,0,0,0,0,0,0,0,2026-09-06T05:01:28.634379+00:00
Italia Serie A 2026/2027,Fiorentina - Torino,2026-09-05T13:00:00+00:00,finished,3,1-2,Torino,Saúl Coco,D,40,7.1,38,0,0,,0.00570742,0,0,0,34,34,2,2,0,0,0,0,1,0,0,0,1,1,2,0,0,0,0,0,0,0,0,0,0,0,0,2026-09-06T05:01:28.634348+00:00
Italia Serie A 2026/2027,Fiorentina - Torino,2026-09-05T13:00:00+00:00,finished,3,1-2,Fiorentina,Viery,D,90,6.5,45,0,0,,0.0041657,0,0,0,33,26,6,3,0,0,1,0,3,3,1,1,2,1,4,2,1,0,0,8,0,2,0,0,0,2,0,2026-09-06T05:01:28.634019+00:00
Italia Serie A 2026/2027,Fiorentina - Torino,2026-09-05T13:00:00+00:00,finished,3,1-2,Fiorentina,Víctor Valdepeñas,D,90,6.6,58,0,0,,0.0169726,0,0,0,41,35,3,0,1,0,0,0,6,2,1,1,4,1,3,0,3,0,0,11,1,0,0,0,0,2,0,2026-09-06T05:01:28.634028+00:00
Italia Serie A 2026/2027,Fiorentina - Torino,2026-09-05T13:00:00+00:00,finished,3,1-2,Fiorentina,Wilfried Gnonto,F,45,6.4,29,0,0,0.1257,0.0145377,3,1,0,20,17,0,0,4,0,1,0,0,1,0,0,0,0,0,0,0,1,0,8,0,0,0,0,0,2,0,2026-09-06T05:01:28.634149+00:00
Italia Serie A 2026/2027,Fiorentina - Torino,2026-09-05T13:00:00+00:00,finished,3,1-2,Torino,Zakaria Aboukhlal,F,0,,0,0,0,,,0,0,0,0,0,0,0,0,0,0,0,0,0,0,0,0,0,0,0,0,0,0,0,0,0,0,0,0,0,0,2026-09-06T05:01:28.634383+00:00
Italia Serie A 2026/2027,Fiorentina - Torino,2026-09-05T13:00:00+00:00,finished,3,1-2,Fiorentina,Álex Jiménez,D,0,,0,0,0,,,0,0,0,0,0,0,0,0,0,0,0,0,0,0,0,0,0,0,0,0,0,0,0,0,0,0,0,0,0,0,2026-09-06T05:01:28.634231+00:00
Italia Serie A 2026/2027,Inter - SSC Napoli,2026-09-05T16:00:00+00:00,finished,3,3-2,Inter,,,45,6.7,45,0,0,0.0222,0.0836424,1,0,1,34,30,1,0,1,0,2,1,5,4,1,1,2,1,1,0,4,1,1,9,1,1,0,0,0,2,0,2026-09-06T05:01:28.727511+00:00
Italia Serie A 2026/2027,Inter - SSC Napoli,2026-09-05T16:00:00+00:00,finished,3,3-2,Inter,Aleksandar Stanković,M,0,,0,0,0,,,0,0,0,0,0,0,0,0,0,0,0,0,0,0,0,0,0,0,0,0,0,0,0,0,0,0,0,0,0,0,2026-09-06T05:01:28.727570+00:00
Italia Serie A 2026/2027,Inter - SSC Napoli,2026-09-05T16:00:00+00:00,finished,3,3-2,Inter,Alessandro Bastoni,D,79,6.9,83,0,0,,0.0744471,0,0,0,66,61,6,3,5,1,0,0,3,1,0,1,3,3,2,0,4,0,0,9,0,0,0,0,0,2,0,2026-09-06T05:01:28.727472+00:00
Italia Serie A 2026/2027,Inter - SSC Napoli,2026-09-05T16:00:00+00:00,finished,3,3-2,SSC Napoli,Alex Meret,G,90,7.0,36,0,0,,0.00088092,0,0,0,31,15,24,8,0,0,0,0,0,0,0,0,0,0,0,0,1,0,0,16,0,0,0,0,5,3,0,2026-09-06T05:01:28.727340+00:00
Italia Serie A 2026/2027,Inter - SSC Napoli,2026-09-05T16:00:00+00:00,finished,3,3-2,SSC Napoli,Alisson Santos,F,80,6.9,39,0,0,0.077,0.0767288,3,1,2,15,11,0,0,3,1,2,1,4,3,0,0,2,2,1,0,4,2,1,14,1,0,0,0,0,1,0,2026-09-06T05:01:28.727368+00:00
Italia Serie A 2026/2027,Inter - SSC Napoli,2026-09-05T16:00:00+00:00,finished,3,3-2,SSC Napoli,Amir Rrahmani,D,90,6.4,54,0,0,,0.0102588,0,0,0,38,32,4,1,0,0,0,0,7,5,6,3,1,0,12,1,3,0,0,6,0,1,0,0,0,3,0,2026-09-06T05:01:28.727309+00:00
Italia Serie A 2026/2027,Inter - SSC Napoli,2026-09-05T16:00:00+00:00,finished,3,3-2,Inter,Andy Diouf,M,90,8.1,66,0,0,0.068,0.727353,2,1,7,48,43,1,1,3,1,0,0,4,1,1,0,3,3,3,1,3,0,1,9,0,0,0,0,0,2,0,2026-09-06T05:01:28.727458+00:00
Italia Serie A 2026/2027,Inter - SSC Napoli,2026-09-05T16:00:00+00:00,finished,3,3-2,Inter,Ange-Yoan Bonny,F,11,6.6,11,0,0,,0.00225462,0,0,0,4,3,0,0,1,0,0,0,3,2,0,0,3,0,0,0,0,0,1,5,0,1,0,0,0,0,0,2026-09-06T05:01:28.727542+00:00
Italia Serie A 2026/2027,Inter - SSC Napoli,2026-09-05T16:00:00+00:00,finished,3,3-2,SSC Napoli,Antonio Vergara,F,62,6.3,29,0,0,,0.00807065,0,0,1,12,11,0,0,1,0,2,1,3,7,0,0,2,2,1,1,3,0,5,9,0,1,1,0,0,1,0,2026-09-06T05:01:28.727387+00:00
Italia Serie A 2026/2027,Inter - SSC Napoli,2026-09-05T16:00:00+00:00,finished,3,3-2,Inter,Benjamin Pavard,D,0,,0,0,0,,,0,0,0,0,0,0,0,0,0,0,0,0,0,0,0,0,0,0,0,0,0,0,0,0,0,0,0,0,0,0,2026-09-06T05:01:28.727556+00:00
Italia Serie A 2026/2027,Inter - SSC Napoli,2026-09-05T16:00:00+00:00,finished,3,3-2,SSC Napoli,Benoît Badiashile,D,10,6.0,7,0,0,,0.00022489,0,0,0,7,7,0,0,0,0,0,0,0,1,0,1,0,0,0,0,1,0,0,0,0,0,0,0,0,2,0,2026-09-06T05:01:28.727411+00:00
Italia Serie A 2026/2027,Inter - SSC Napoli,2026-09-05T16:00:00+00:00,finished,3,3-2,SSC Napoli,Billy Gilmour,M,11,6.3,16,0,0,,0.00238344,0,0,0,14,10,1,0,0,0,1,0,0,1,0,0,0,0,0,0,1,0,0,5,0,0,0,0,0,2,0,2026-09-06T05:01:28.727405+00:00
Italia Serie A 2026/2027,Inter - SSC Napoli,2026-09-05T16:00:00+00:00,finished,3,3-2,Inter,Carlos Augusto,D,28,7.0,29,0,1,,0.0707092,0,0,1,15,13,1,0,4,2,0,0,2,2,1,2,1,1,2,0,1,0,0,8,0,0,0,0,0,0,0,2026-09-06T05:01:28.727533+00:00
Italia Serie A 2026/2027,Inter - SSC Napoli,2026-09-05T16:00:00+00:00,finished,3,3-2,SSC Napoli,Costantino Favasuli,M,0,,0,0,0,,,0,0,0,0,0,0,0,0,0,0,0,0,0,0,0,0,0,0,0,0,0,0,0,0,0,0,0,0,0,0,2026-09-06T05:01:28.727415+00:00
Italia Serie A 2026/2027,Inter - SSC Napoli,2026-09-05T16:00:00+00:00,finished,3,3-2,SSC Napoli,David Neres,F,28,6.2,15,0,0,0.2825,0.0285429,1,0,0,9,8,0,0,0,0,1,0,0,3,0,1,0,0,0,0,0,0,0,3,0,1,0,0,0,2,0,2026-09-06T05:01:28.727392+00:00
Italia Serie A 2026/2027,Inter - SSC Napoli,2026-09-05T16:00:00+00:00,finished,3,3-2,Inter,Federico Dimarco,M,62,7.7,45,0,1,0.159,0.581497,4,0,3,29,24,4,2,5,3,1,0,3,1,1,0,2,0,0,1,1,0,0,8,0,0,0,0,0,2,0,2026-09-06T05:01:28.727499+00:00
Italia Serie A 2026/2027,Inter - SSC Napoli,2026-09-05T16:00:00+00:00,finished,3,3-2,SSC Napoli,Frank Anguissa,M,90,6.8,36,0,0,1.2653,0.0362435,4,1,0,24,18,0,0,0,0,0,0,3,3,2,1,0,0,2,0,1,2,2,8,1,0,0,0,0,3,0,2026-09-06T05:01:28.727352+00:00
Italia Serie A 2026/2027,Inter - SSC Napoli,2026-09-05T16:00:00+00:00,finished,3,3-2,SSC Napoli,Giovanni Di Lorenzo,D,90,6.3,63,0,1,,0.109404,0,0,2,36,29,4,1,0,0,2,0,7,4,2,1,4,2,2,2,1,0,1,15,1,0,0,0,0,3,0,2026-09-06T05:01:28.727347+00:00
Italia Serie A 2026/2027,Inter - SSC Napoli,2026-09-05T16:00:00+00:00,finished,3,3-2,Inter,Hakan Çalhanoğlu,M,18,7.0,32,0,0,,0.120604,0,0,2,26,22,3,1,3,1,0,0,1,2,1,0,0,0,0,0,2,0,0,7,0,1,0,0,0,0,0,2026-09-06T05:01:28.727537+00:00
Italia Serie A 2026/2027,Inter - SSC Napoli,2026-09-05T16:00:00+00:00,finished,3,3-2,Inter,Henrikh Mkhitaryan,M,0,,0,0,0,,,0,0,0,0,0,0,0,0,0,0,0,0,0,0,0,0,0,0,0,0,0,0,0,0,0,0,0,0,0,0,2026-09-06T05:01:28.727565+00:00
Italia Serie A 2026/2027,Inter - SSC Napoli,2026-09-05T16:00:00+00:00,finished,3,3-2,Inter,Ivan Provedel,G,0,,0,0,0,,,0,0,0,0,0,0,0,0,0,0,0,0,0,0,0,0,0,0,0,0,0,0,0,0,0,0,0,0,0,0,2026-09-06T05:01:28.727546+00:00
Italia Serie A 2026/2027,Inter - SSC Napoli,2026-09-05T16:00:00+00:00,finished,3,3-2,Inter,John Stones,D,0,,0,0,0,,,0,0,0,0,0,0,0,0,0,0,0,0,0,0,0,0,0,0,0,0,0,0,0,0,0,0,0,0,0,0,2026-09-06T05:01:28.727561+00:00
Italia Serie A 2026/2027,Inter - SSC Napoli,2026-09-05T16:00:00+00:00,finished,3,3-2,Inter,Josep Martínez,G,90,7.7,49,0,0,,0.00013516,0,0,0,31,25,7,1,0,0,0,0,1,0,0,0,0,0,3,0,13,0,0,6,1,0,0,0,6,2,1,2026-09-06T05:01:28.727443+00:00
Italia Serie A 2026/2027,Inter - SSC Napoli,2026-09-05T16:00:00+00:00,finished,3,3-2,SSC Napoli,Kevin De Bruyne,M,28,6.3,15,0,0,,0.0341212,0,0,1,10,8,1,0,0,0,1,1,2,3,0,2,0,0,0,1,2,0,1,4,1,0,0,0,0,2,0,2026-09-06T05:01:28.727396+00:00
Italia Serie A 2026/2027,Inter - SSC Napoli,2026-09-05T16:00:00+00:00,finished,3,3-2,Inter,Lautaro Martínez,F,90,8.8,48,2,0,1.4122,0.081188,6,3,2,26,20,0,0,2,1,2,1,5,7,0,2,2,1,1,0,1,2,2,10,2,2,1,0,0,2,0,2026-09-06T05:01:28.727467+00:00
Italia Serie A 2026/2027,Inter - SSC Napoli,2026-09-05T16:00:00+00:00,finished,3,3-2,SSC Napoli,Leonardo Spinazzola,D,90,5.8,68,0,0,,0.0426058,0,0,2,43,34,7,3,0,0,1,0,0,2,0,0,0,0,2,0,2,0,1,16,0,0,0,0,0,3,0,2026-09-06T05:01:28.727363+00:00
Italia Serie A 2026/2027,Inter - SSC Napoli,2026-09-05T16:00:00+00:00,finished,3,3-2,SSC Napoli,Lorenzo Lucca,F,18,6.5,13,0,0,0.0746,0.00457007,1,0,1,7,5,0,0,0,0,1,0,2,3,2,0,0,0,1,0,0,0,2,6,0,0,0,0,0,2,0,2026-09-06T05:01:28.727400+00:00
Italia Serie A 2026/2027,Inter - SSC Napoli,2026-09-05T16:00:00+00:00,finished,3,3-2,Inter,Luís Henrique,M,0,,0,0,0,,,0,0,0,0,0,0,0,0,0,0,0,0,0,0,0,0,0,0,0,0,0,0,0,0,0,0,0,0,0,0,2026-09-06T05:01:28.727575+00:00
Italia Serie A 2026/2027,Inter - SSC Napoli,2026-09-05T16:00:00+00:00,finished,3,3-2,Inter,Manuel Akanji,D,90,7.7,79,0,1,0.5174,0.0149569,2,0,1,60,58,4,4,1,0,0,0,10,2,6,2,4,2,7,0,3,0,0,3,0,0,0,0,0,2,0,2026-09-06T05:01:28.727453+00:00
Italia Serie A 2026/2027,Inter - SSC Napoli,2026-09-05T16:00:00+00:00,finished,3,3-2,Inter,Marcus Thuram,F,45,7.4,13,1,0,0.5226,0.0212107,5,1,1,5,5,0,0,1,0,0,0,1,2,1,2,0,0,0,0,0,1,0,2,0,0,0,0,0,2,0,2026-09-06T05:01:28.727523+00:00
Italia Serie A 2026/2027,Inter - SSC Napoli,2026-09-05T16:00:00+00:00,finished,3,3-2,SSC Napoli,Mathías Olivera,D,0,,0,0,0,,,0,0,0,0,0,0,0,0,0,0,0,0,0,0,0,0,0,0,0,0,0,0,0,0,0,0,0,0,0,0,2026-09-06T05:01:28.727434+00:00
Italia Serie A 2026/2027,Inter - SSC Napoli,2026-09-05T16:00:00+00:00,finished,3,3-2,SSC Napoli,Matteo Politano,M,62,7.5,38,1,0,0.4151,0.1531,3,2,1,23,18,5,2,4,1,0,0,0,4,0,1,0,0,2,0,1,1,1,11,0,1,0,0,0,1,0,2026-09-06T05:01:28.727383+00:00
Italia Serie A 2026/2027,Inter - SSC Napoli,2026-09-05T16:00:00+00:00,finished,3,3-2,Inter,Nicolò Barella,M,90,6.4,73,0,0,0.0431,0.115895,1,1,2,51,46,3,1,6,1,1,1,4,3,0,0,3,2,0,0,4,0,1,17,0,2,0,0,0,2,0,2026-09-06T05:01:28.727463+00:00
Italia Serie A 2026/2027,Inter - SSC Napoli,2026-09-05T16:00:00+00:00,finished,3,3-2,SSC Napoli,Nikita Contini,G,0,,0,0,0,,,0,0,0,0,0,0,0,0,0,0,0,0,0,0,0,0,0,0,0,0,0,0,0,0,0,0,0,0,0,0,2026-09-06T05:01:28.727420+00:00
Italia Serie A 2026/2027,Inter - SSC Napoli,2026-09-05T16:00:00+00:00,finished,3,3-2,SSC Napoli,Noa Lang,F,0,,0,0,0,,,0,0,0,0,0,0,0,0,0,0,0,0,0,0,0,0,0,0,0,0,0,0,0,0,0,0,0,0,0,0,2026-09-06T05:01:28.727430+00:00
Italia Serie A 2026/2027,Inter - SSC Napoli,2026-09-05T16:00:00+00:00,finished,3,3-2,Inter,Petar Sučić,M,45,7.1,31,0,0,,0.0240449,0,0,0,27,22,7,7,0,0,2,1,2,2,1,0,0,0,0,0,3,0,1,7,0,0,0,0,0,0,0,2026-09-06T05:01:28.727518+00:00
Italia Serie A 2026/2027,Inter - SSC Napoli,2026-09-05T16:00:00+00:00,finished,3,3-2,Inter,Pio Esposito,F,45,6.8,20,0,0,0.1214,0.00435046,2,1,0,6,3,0,0,0,0,0,0,5,3,4,1,0,0,2,0,0,0,2,10,1,0,0,0,0,0,0,2026-09-06T05:01:28.727528+00:00
Italia Serie A 2026/2027,Inter - SSC Napoli,2026-09-05T16:00:00+00:00,finished,3,3-2,Inter,Piotr Zieliński,M,72,7.4,76,0,0,0.1746,0.0687514,4,1,1,62,62,1,1,3,2,0,0,3,1,0,0,2,1,0,1,4,3,1,3,1,0,0,0,0,2,0,2026-09-06T05:01:28.727476+00:00
Italia Serie A 2026/2027,Inter - SSC Napoli,2026-09-05T16:00:00+00:00,finished,3,3-2,SSC Napoli,Rafa Marín,D,90,6.6,58,0,0,0.0459,0.0110936,1,0,1,41,36,6,3,0,0,0,0,3,9,0,4,2,1,10,0,3,0,0,5,1,3,1,0,0,3,0,2026-09-06T05:01:28.727358+00:00
Italia Serie A 2026/2027,Inter - SSC Napoli,2026-09-05T16:00:00+00:00,finished,3,3-2,Inter,Raffaele Di Gennaro,G,0,,0,0,0,,,0,0,0,0,0,0,0,0,0,0,0,0,0,0,0,0,0,0,0,0,0,0,0,0,0,0,0,0,0,0,2026-09-06T05:01:28.727551+00:00
Italia Serie A 2026/2027,Inter - SSC Napoli,2026-09-05T16:00:00+00:00,finished,3,3-2,SSC Napoli,Rasmus Højlund,F,72,7.1,19,1,0,0.0711,0.00060533,2,2,0,9,3,0,0,0,0,2,0,1,8,1,4,0,0,2,0,0,0,2,10,0,0,0,0,0,1,0,2026-09-06T05:01:28.727378+00:00
Italia Serie A 2026/2027,Inter - SSC Napoli,2026-09-05T16:00:00+00:00,finished,3,3-2,SSC Napoli,Sam Beukema,D,0,,0,0,0,,,0,0,0,0,0,0,0,0,0,0,0,0,0,0,0,0,0,0,0,0,0,0,0,0,0,0,0,0,0,0,2026-09-06T05:01:28.727438+00:00
Italia Serie A 2026/2027,Inter - SSC Napoli,2026-09-05T16:00:00+00:00,finished,3,3-2,SSC Napoli,Stanislav Lobotka,M,79,6.9,36,0,0,0.0188,0.010884,1,1,0,22,19,0,0,0,0,0,0,4,2,0,1,3,2,4,1,8,0,1,4,1,0,0,0,0,1,0,2026-09-06T05:01:28.727373+00:00
Italia Serie A 2026/2027,Inter - SSC Napoli,2026-09-05T16:00:00+00:00,finished,3,3-2,SSC Napoli,Vanja Milinković-Savić,G,0,,0,0,0,,,0,0,0,0,0,0,0,0,0,0,0,0,0,0,0,0,0,0,0,0,0,0,0,0,0,0,0,0,0,0,2026-09-06T05:01:28.727425+00:00
Italia Serie A 2026/2027,Inter - SSC Napoli,2026-09-05T16:00:00+00:00,finished,3,3-2,Inter,Yann Bisseck,D,90,7.0,76,0,0,0.1495,0.173737,2,0,1,51,47,2,0,3,1,2,2,6,3,1,2,3,2,3,2,3,0,0,7,0,0,0,0,0,2,0,2026-09-06T05:01:28.727448+00:00
Italia Serie A 2026/2027,AS Roma - Atalanta,2026-09-05T18:45:00+00:00,finished,3,2-1,AS Roma,,,0,,0,0,0,,,0,0,0,0,0,0,0,0,0,0,0,0,0,0,0,0,0,0,0,0,0,0,0,0,0,0,0,0,0,0,2026-09-06T05:01:28.824074+00:00
Italia Serie A 2026/2027,AS Roma - Atalanta,2026-09-05T18:45:00+00:00,finished,3,2-1,Atalanta,,,0,,0,0,0,,,0,0,0,0,0,0,0,0,0,0,0,0,0,0,0,0,0,0,0,0,0,0,0,0,0,0,0,0,0,0,2026-09-06T05:01:28.824188+00:00
Italia Serie A 2026/2027,AS Roma - Atalanta,2026-09-05T18:45:00+00:00,finished,3,2-1,Atalanta,,,0,,0,0,0,,,0,0,0,0,0,0,0,0,0,0,0,0,0,0,0,0,0,0,0,0,0,0,0,0,0,0,0,0,0,0,2026-09-06T05:01:28.824212+00:00
Italia Serie A 2026/2027,AS Roma - Atalanta,2026-09-05T18:45:00+00:00,finished,3,2-1,AS Roma,Bryan Cristante,M,90,7.3,107,0,0,0.2375,0.0461921,4,1,0,94,85,9,5,2,0,0,0,4,4,2,2,1,0,0,0,6,2,0,13,1,2,0,0,0,1,0,2026-09-06T05:01:28.823975+00:00
Italia Serie A 2026/2027,AS Roma - Atalanta,2026-09-05T18:45:00+00:00,finished,3,2-1,Atalanta,Charles De Ketelaere,F,90,7.0,49,0,0,0.053,0.0508924,1,0,2,30,21,3,2,1,1,3,0,7,7,4,2,2,2,1,1,5,1,0,17,1,1,0,0,0,2,0,2026-09-06T05:01:28.824131+00:00
Italia Serie A 2026/2027,AS Roma - Atalanta,2026-09-05T18:45:00+00:00,finished,3,2-1,AS Roma,Daniele Ghilardi,D,28,7.0,26,0,0,,0.00978131,0,0,0,21,19,2,1,0,0,1,1,4,1,0,1,2,0,0,1,4,0,0,2,1,0,0,0,0,0,0,2026-09-06T05:01:28.824031+00:00
Italia Serie A 2026/2027,AS Roma - Atalanta,2026-09-05T18:45:00+00:00,finished,3,2-1,Atalanta,Davide Zappacosta,M,17,6.0,16,0,0,,0.00281995,0,0,0,8,7,0,0,1,0,1,0,0,1,0,0,0,0,1,0,2,0,0,6,0,0,0,0,0,2,0,2026-09-06T05:01:28.824178+00:00
Italia Serie A 2026/2027,AS Roma - Atalanta,2026-09-05T18:45:00+00:00,finished,3,2-1,AS Roma,Devyne Rensch,M,0,,0,0,0,,,0,0,0,0,0,0,0,0,0,0,0,0,0,0,0,0,0,0,0,0,0,0,0,0,0,0,0,0,0,0,2026-09-06T05:01:28.824069+00:00
Italia Serie A 2026/2027,AS Roma - Atalanta,2026-09-05T18:45:00+00:00,finished,3,2-1,AS Roma,Donyell Malen,F,63,7.0,19,0,0,0.0672,0.0660831,3,1,1,6,6,1,1,1,0,4,3,4,1,0,0,0,0,0,0,0,1,0,6,1,0,0,0,0,1,0,2026-09-06T05:01:28.824002+00:00
Italia Serie A 2026/2027,AS Roma - Atalanta,2026-09-05T18:45:00+00:00,finished,3,2-1,Atalanta,Eljif Elmas,M,66,6.4,18,0,0,,0.00775011,0,0,0,12,9,1,0,0,0,0,0,1,3,0,1,1,1,1,1,2,0,0,5,0,2,0,0,0,0,0,2026-09-06T05:01:28.824147+00:00
Italia Serie A 2026/2027,AS Roma - Atalanta,2026-09-05T18:45:00+00:00,finished,3,2-1,AS Roma,Emanuele Lulli,D,54,7.0,38,0,0,,0.125648,0,0,1,27,24,1,0,4,3,1,1,3,1,0,0,0,0,0,0,3,0,1,6,2,0,0,0,0,1,0,2026-09-06T05:01:28.824016+00:00
Italia Serie A 2026/2027,AS Roma - Atalanta,2026-09-05T18:45:00+00:00,finished,3,2-1,AS Roma,Evan Ndicka,D,67,6.4,54,0,0,0.128,0.00742928,1,0,0,42,39,2,1,0,0,0,0,4,6,2,2,1,1,3,2,7,0,0,4,1,4,0,0,0,1,0,2026-09-06T05:01:28.823998+00:00
Italia Serie A 2026/2027,AS Roma - Atalanta,2026-09-05T18:45:00+00:00,finished,3,2-1,Atalanta,Franck Kessié,M,11,6.2,8,0,0,,0.00166474,0,0,0,8,6,1,0,0,0,0,0,0,1,0,0,0,0,0,0,1,0,0,2,0,1,0,0,0,2,0,2026-09-06T05:01:28.824183+00:00
Italia Serie A 2026/2027,AS Roma - Atalanta,2026-09-05T18:45:00+00:00,finished,3,2-1,Atalanta,Giacomo Raspadori,F,0,,0,0,0,,,0,0,0,0,0,0,0,0,0,0,0,0,0,0,0,0,0,0,0,0,0,0,0,0,0,0,0,0,0,0,2026-09-06T05:01:28.824217+00:00
Italia Serie A 2026/2027,AS Roma - Atalanta,2026-09-05T18:45:00+00:00,finished,3,2-1,Atalanta,Gianluca Gaetano,M,90,6.6,40,0,0,,0.00846408,0,0,1,27,21,2,0,0,0,1,1,3,2,1,0,1,1,3,1,6,0,0,10,0,2,0,0,0,2,0,2026-09-06T05:01:28.824119+00:00
Italia Serie A 2026/2027,AS Roma - Atalanta,2026-09-05T18:45:00+00:00,finished,3,2-1,AS Roma,Gianluca Mancini,D,62,6.5,52,0,0,0.218,0.0144896,2,1,0,46,44,4,3,0,0,0,0,1,1,1,0,0,0,0,1,4,0,0,3,0,1,0,0,0,1,0,2026-09-06T05:01:28.824007+00:00
Italia Serie A 2026/2027,AS Roma - Atalanta,2026-09-05T18:45:00+00:00,finished,3,2-1,Atalanta,Gianluca Scamacca,F,45,6.8,19,0,0,0.0594,0.00500742,1,1,0,8,4,0,0,0,0,0,0,5,2,2,1,0,0,1,0,0,0,0,8,3,1,0,0,0,0,0,2026-09-06T05:01:28.824157+00:00
Italia Serie A 2026/2027,AS Roma - Atalanta,2026-09-05T18:45:00+00:00,finished,3,2-1,AS Roma,Giorgio De Marzi,G,0,,0,0,0,,,0,0,0,0,0,0,0,0,0,0,0,0,0,0,0,0,0,0,0,0,0,0,0,0,0,0,0,0,0,0,2026-09-06T05:01:28.824045+00:00
Italia Serie A 2026/2027,AS Roma - Atalanta,2026-09-05T18:45:00+00:00,finished,3,2-1,Atalanta,Giorgio Scalvini,D,90,7.0,42,0,0,,0.00041402,0,0,0,21,21,0,0,0,0,0,0,6,3,2,2,3,2,8,0,1,0,0,2,1,1,0,0,0,2,0,2026-09-06T05:01:28.824095+00:00
Italia Serie A 2026/2027,AS Roma - Atalanta,2026-09-05T18:45:00+00:00,finished,3,2-1,AS Roma,Konstantinos Koulierakis,D,0,,0,0,0,,,0,0,0,0,0,0,0,0,0,0,0,0,0,0,0,0,0,0,0,0,0,0,0,0,0,0,0,0,0,0,2026-09-06T05:01:28.824055+00:00
Italia Serie A 2026/2027,AS Roma - Atalanta,2026-09-05T18:45:00+00:00,finished,3,2-1,Atalanta,Lazar Samardžić,M,66,6.4,25,0,0,0.1588,0.0302556,1,0,1,16,14,2,2,1,1,3,0,2,5,1,0,1,1,1,1,2,0,0,6,0,0,0,0,0,0,0,2026-09-06T05:01:28.824152+00:00
Italia Serie A 2026/2027,AS Roma - Atalanta,2026-09-05T18:45:00+00:00,finished,3,2-1,AS Roma,Leonardo Balerdi,D,23,7.1,28,0,0,,0.00545645,0,0,0,23,21,0,0,0,0,0,0,2,0,1,0,1,0,0,2,3,0,0,2,0,0,0,0,0,0,0,2026-09-06T05:01:28.824041+00:00
Italia Serie A 2026/2027,AS Roma - Atalanta,2026-09-05T18:45:00+00:00,finished,3,2-1,Atalanta,Lorenzo Bernasconi,M,0,,0,0,0,,,0,0,0,0,0,0,0,0,0,0,0,0,0,0,0,0,0,0,0,0,0,0,0,0,0,0,0,0,0,0,2026-09-06T05:01:28.824208+00:00
Italia Serie A 2026/2027,AS Roma - Atalanta,2026-09-05T18:45:00+00:00,finished,3,2-1,AS Roma,Manu Koné,M,90,7.3,76,0,0,0.1778,0.250186,4,1,2,65,57,3,3,0,0,0,0,2,2,0,1,2,2,0,2,7,1,0,10,0,1,0,0,0,1,0,2026-09-06T05:01:28.823982+00:00
Italia Serie A 2026/2027,AS Roma - Atalanta,2026-09-05T18:45:00+00:00,finished,3,2-1,Atalanta,Marco Carnesecchi,G,90,9.1,74,0,0,,0.00556856,0,0,0,55,33,40,19,0,0,0,0,0,0,0,0,0,0,3,0,9,0,0,22,0,0,0,0,9,2,2,2026-09-06T05:01:28.824080+00:00
Italia Serie A 2026/2027,AS Roma - Atalanta,2026-09-05T18:45:00+00:00,finished,3,2-1,Atalanta,Marco Sportiello,G,0,,0,0,0,,,0,0,0,0,0,0,0,0,0,0,0,0,0,0,0,0,0,0,0,0,0,0,0,0,0,0,0,0,0,0,2026-09-06T05:01:28.824193+00:00
Italia Serie A 2026/2027,AS Roma - Atalanta,2026-09-05T18:45:00+00:00,finished,3,2-1,AS Roma,Mario Hermoso,D,90,8.4,95,1,0,0.2037,0.306428,2,1,4,77,67,4,2,1,1,0,0,3,4,1,3,1,0,1,6,7,1,1,11,1,0,0,0,0,1,0,2026-09-06T05:01:28.823968+00:00
Italia Serie A 2026/2027,AS Roma - Atalanta,2026-09-05T18:45:00+00:00,finished,3,2-1,Atalanta,Mario Pašalić,M,24,6.3,9,0,0,,0.00141442,0,0,0,6,6,0,0,0,0,1,0,0,2,0,1,0,0,0,0,1,0,0,1,0,0,0,0,0,2,0,2026-09-06T05:01:28.824173+00:00
Italia Serie A 2026/2027,AS Roma - Atalanta,2026-09-05T18:45:00+00:00,finished,3,2-1,AS Roma,Marten de Roon,M,0,,0,0,0,,,0,0,0,0,0,0,0,0,0,0,0,0,0,0,0,0,0,0,0,0,0,0,0,0,0,0,0,0,0,0,2026-09-06T05:01:28.824060+00:00
Italia Serie A 2026/2027,AS Roma - Atalanta,2026-09-05T18:45:00+00:00,finished,3,2-1,AS Roma,Matías Soulé,F,36,8.7,45,1,1,0.4219,0.196375,7,3,2,27,25,5,4,3,2,2,0,3,2,1,0,2,2,0,1,3,2,0,7,0,0,0,0,0,0,0,2026-09-06T05:01:28.824026+00:00
Italia Serie A 2026/2027,AS Roma - Atalanta,2026-09-05T18:45:00+00:00,finished,3,2-1,AS Roma,Mile Svilar,G,90,6.2,36,0,0,,8.162e-05,0,0,0,32,29,5,2,0,0,0,0,0,0,0,0,0,0,0,0,5,0,0,3,0,0,0,0,1,1,0,2026-09-06T05:01:28.823934+00:00
Italia Serie A 2026/2027,AS Roma - Atalanta,2026-09-05T18:45:00+00:00,finished,3,2-1,AS Roma,Nahuel Molina,D,36,7.6,46,0,0,,0.247498,0,0,5,31,28,0,0,6,2,1,1,2,0,0,0,1,1,0,0,3,0,0,8,0,0,0,0,0,0,0,2026-09-06T05:01:28.824021+00:00
Italia Serie A 2026/2027,AS Roma - Atalanta,2026-09-05T18:45:00+00:00,finished,3,2-1,AS Roma,Niccolò Pisilli,M,0,,0,0,0,,,0,0,0,0,0,0,0,0,0,0,0,0,0,0,0,0,0,0,0,0,0,0,0,0,0,0,0,0,0,0,2026-09-06T05:01:28.824065+00:00
Italia Serie A 2026/2027,AS Roma - Atalanta,2026-09-05T18:45:00+00:00,finished,3,2-1,Atalanta,Nicola Zalewski,M,24,6.5,14,0,0,,0.00403415,0,0,0,9,6,1,1,0,0,0,0,1,1,0,0,1,1,0,0,2,0,1,5,0,0,0,0,0,2,0,2026-09-06T05:01:28.824168+00:00
Italia Serie A 2026/2027,AS Roma - Atalanta,2026-09-05T18:45:00+00:00,finished,3,2-1,Atalanta,Nikola Krstović,F,45,6.4,31,0,0,0.3941,0.0170157,1,0,0,17,11,1,0,0,0,1,0,1,3,0,1,0,0,0,0,0,0,1,14,1,0,0,0,0,2,0,2026-09-06T05:01:28.824162+00:00
Italia Serie A 2026/2027,AS Roma - Atalanta,2026-09-05T18:45:00+00:00,finished,3,2-1,Atalanta,Odilon Kossounou,D,90,6.8,45,0,0,0.0296,0.0146774,1,0,0,34,32,3,3,0,0,0,0,3,3,1,0,2,0,3,0,2,0,0,2,0,1,0,0,0,2,0,2026-09-06T05:01:28.824090+00:00
Italia Serie A 2026/2027,AS Roma - Atalanta,2026-09-05T18:45:00+00:00,finished,3,2-1,AS Roma,Paulo Dybala,F,90,8.3,78,0,1,0.8187,0.994557,6,2,6,48,38,2,2,10,4,1,0,4,8,0,2,2,1,0,0,1,0,3,23,2,1,0,0,0,1,0,2026-09-06T05:01:28.823992+00:00
Italia Serie A 2026/2027,AS Roma - Atalanta,2026-09-05T18:45:00+00:00,finished,3,2-1,AS Roma,Pierluigi Gollini,G,0,,0,0,0,,,0,0,0,0,0,0,0,0,0,0,0,0,0,0,0,0,0,0,0,0,0,0,0,0,0,0,0,0,0,0,2026-09-06T05:01:28.824050+00:00
Italia Serie A 2026/2027,AS Roma - Atalanta,2026-09-05T18:45:00+00:00,finished,3,2-1,Atalanta,Raoul Bellanova,M,90,7.1,52,0,0,,0.117678,0,0,1,25,24,2,2,1,0,1,0,3,3,1,1,1,0,8,2,1,0,0,6,1,0,1,0,0,2,0,2026-09-06T05:01:28.824085+00:00
Italia Serie A 2026/2027,AS Roma - Atalanta,2026-09-05T18:45:00+00:00,finished,3,2-1,Atalanta,Relja Obrić,D,0,,0,0,0,,,0,0,0,0,0,0,0,0,0,0,0,0,0,0,0,0,0,0,0,0,0,0,0,0,0,0,0,0,0,0,2026-09-06T05:01:28.824204+00:00
Italia Serie A 2026/2027,AS Roma - Atalanta,2026-09-05T18:45:00+00:00,finished,3,2-1,AS Roma,Rodrigo Mora,M,54,6.4,32,0,0,0.4768,0.109738,6,0,1,19,15,0,0,4,1,2,1,2,2,1,1,0,0,0,0,1,2,0,9,0,0,0,0,0,1,0,2026-09-06T05:01:28.824012+00:00
Italia Serie A 2026/2027,AS Roma - Atalanta,2026-09-05T18:45:00+00:00,finished,3,2-1,AS Roma,Santiago Castro,F,27,6.0,17,0,0,0.488,0.0711315,4,0,2,6,6,0,0,2,0,1,1,2,1,0,0,0,0,0,0,0,0,1,4,1,0,0,0,0,0,0,2026-09-06T05:01:28.824036+00:00
Italia Serie A 2026/2027,AS Roma - Atalanta,2026-09-05T18:45:00+00:00,finished,3,2-1,Atalanta,Sead Kolašinac,D,73,7.3,31,0,0,,0.00240043,0,0,0,20,17,3,2,0,0,0,0,3,3,1,1,1,1,2,0,6,0,0,3,1,0,0,0,0,0,0,2026-09-06T05:01:28.824142+00:00
Italia Serie A 2026/2027,AS Roma - Atalanta,2026-09-05T18:45:00+00:00,finished,3,2-1,Atalanta,Thomas Kristensen,D,0,,0,0,0,,,0,0,0,0,0,0,0,0,0,0,0,0,0,0,0,0,0,0,0,0,0,0,0,0,0,0,0,0,0,0,2026-09-06T05:01:28.824198+00:00
Italia Serie A 2026/2027,AS Roma - Atalanta,2026-09-05T18:45:00+00:00,finished,3,2-1,AS Roma,Wesley,M,90,8.0,76,0,0,,0.579193,0,0,9,51,47,1,1,9,5,1,0,3,3,1,1,2,2,1,0,5,0,1,13,0,0,0,0,0,1,0,2026-09-06T05:01:28.823987+00:00
Italia Serie A 2026/2027,AS Roma - Atalanta,2026-09-05T18:45:00+00:00,finished,3,2-1,Atalanta,Éderson,M,79,7.4,35,1,0,0.0802,0.0091294,1,1,0,27,22,3,1,0,0,2,0,1,4,0,0,0,0,1,0,2,0,1,9,1,1,0,0,0,0,0,2026-09-06T05:01:28.824137+00:00
Italia Serie A 2026/2027,Frosinone - Venezia,2026-09-06T13:00:00+00:00,finished,3,3-2,Frosinone,,,11,6.5,3,0,0,,8.149e-05,0,0,0,2,2,0,0,0,0,0,0,1,1,0,1,1,1,0,0,1,0,0,0,0,0,0,0,0,0,0,2026-09-07T05:01:47.292993+00:00
Italia Serie A 2026/2027,Frosinone - Venezia,2026-09-06T13:00:00+00:00,finished,3,3-2,Frosinone,,,0,,0,0,0,,,0,0,0,0,0,0,0,0,0,0,0,0,0,0,0,0,0,0,0,0,0,0,0,0,0,0,0,0,0,0,2026-09-07T05:01:47.293035+00:00
Italia Serie A 2026/2027,Frosinone - Venezia,2026-09-06T13:00:00+00:00,finished,3,3-2,Venezia,Akor Adams,F,70,6.5,22,0,0,0.2932,0.00634653,2,1,1,14,7,1,1,0,0,0,0,4,1,3,1,0,0,0,0,0,0,0,9,1,0,0,0,0,2,0,2026-09-07T05:01:47.293226+00:00
Italia Serie A 2026/2027,Frosinone - Venezia,2026-09-06T13:00:00+00:00,finished,3,3-2,Venezia,Albion Rrahmani,F,45,6.4,18,0,0,0.0173,0.00189991,1,0,0,8,7,0,0,0,0,1,0,2,5,1,1,1,1,0,1,1,1,2,6,0,1,0,0,0,2,0,2026-09-07T05:01:47.293276+00:00
Italia Serie A 2026/2027,Frosinone - Venezia,2026-09-06T13:00:00+00:00,finished,3,3-2,Venezia,Ale Gomes,D,0,,0,0,0,,,0,0,0,0,0,0,0,0,0,0,0,0,0,0,0,0,0,0,0,0,0,0,0,0,0,0,0,0,0,0,2026-09-07T05:01:47.293344+00:00
Italia Serie A 2026/2027,Frosinone - Venezia,2026-09-06T13:00:00+00:00,finished,3,3-2,Frosinone,Aleksa Terzić,D,0,,0,0,0,,,0,0,0,0,0,0,0,0,0,0,0,0,0,0,0,0,0,0,0,0,0,0,0,0,0,0,0,0,0,0,2026-09-07T05:01:47.293047+00:00
Italia Serie A 2026/2027,Frosinone - Venezia,2026-09-06T13:00:00+00:00,finished,3,3-2,Frosinone,Alessio Zerbin,M,0,,0,0,0,,,0,0,0,0,0,0,0,0,0,0,0,0,0,0,0,0,0,0,0,0,0,0,0,0,0,0,0,0,0,0,2026-09-07T05:01:47.293083+00:00
Italia Serie A 2026/2027,Frosinone - Venezia,2026-09-06T13:00:00+00:00,finished,3,3-2,Frosinone,Anouar El Azzouzi,M,0,,0,0,0,,,0,0,0,0,0,0,0,0,0,0,0,0,0,0,0,0,0,0,0,0,0,0,0,0,0,0,0,0,0,0,2026-09-07T05:01:47.293141+00:00
Italia Serie A 2026/2027,Frosinone - Venezia,2026-09-06T13:00:00+00:00,finished,3,3-2,Frosinone,Anthony Oyono,D,90,6.6,44,0,1,0.0331,0.109494,1,0,1,20,10,5,0,1,1,1,1,8,8,1,3,5,4,3,0,7,0,1,13,1,4,1,0,0,2,0,2026-09-07T05:01:47.292825+00:00
Italia Serie A 2026/2027,Frosinone - Venezia,2026-09-06T13:00:00+00:00,finished,3,3-2,Venezia,Antoine Hainaut,M,90,7.7,66,0,1,0.0514,0.665044,1,0,3,34,29,2,2,4,2,0,0,4,5,2,1,0,0,1,0,5,0,0,15,2,4,0,0,0,3,0,2026-09-07T05:01:47.293197+00:00
Italia Serie A 2026/2027,Frosinone - Venezia,2026-09-06T13:00:00+00:00,finished,3,3-2,Frosinone,Antonio Raimondo,F,79,8.1,27,2,0,1.1049,0.00303051,4,2,0,10,4,0,0,0,0,1,0,4,9,1,3,0,0,0,0,2,2,2,11,3,2,0,0,0,2,0,2026-09-07T05:01:47.292945+00:00
Italia Serie A 2026/2027,Frosinone - Venezia,2026-09-06T13:00:00+00:00,finished,3,3-2,Venezia,Armel Bella-Kotchap,D,16,6.8,15,0,0,,0.00024059,0,0,0,13,11,4,2,0,0,0,0,1,0,0,0,1,1,1,0,1,0,0,2,0,0,0,0,0,0,0,2026-09-07T05:01:47.293315+00:00
Italia Serie A 2026/2027,Frosinone - Venezia,2026-09-06T13:00:00+00:00,finished,3,3-2,Frosinone,Farès Ghedjemis,F,33,7.0,18,0,0,0.0536,0.0062725,2,2,0,7,5,0,0,2,0,1,1,4,2,0,2,2,2,0,0,2,0,0,5,1,0,0,0,0,2,0,2026-09-07T05:01:47.292972+00:00
Italia Serie A 2026/2027,Frosinone - Venezia,2026-09-06T13:00:00+00:00,finished,3,3-2,Venezia,Filip Stanković,G,90,7.3,75,0,0,,0.00443882,0,0,0,63,44,33,14,0,0,0,0,0,0,0,0,0,0,2,0,16,0,0,19,0,0,0,0,5,3,0,2026-09-07T05:01:47.293175+00:00
Italia Serie A 2026/2027,Frosinone - Venezia,2026-09-06T13:00:00+00:00,finished,3,3-2,Frosinone,Florian Grillitsch,M,0,,0,0,0,,,0,0,0,0,0,0,0,0,0,0,0,0,0,0,0,0,0,0,0,0,0,0,0,0,0,0,0,0,0,0,2026-09-07T05:01:47.293121+00:00
Italia Serie A 2026/2027,Frosinone - Venezia,2026-09-06T13:00:00+00:00,finished,3,3-2,Frosinone,Gabriele Bracaglia,D,90,6.9,58,0,0,,0.0357128,0,0,3,28,19,9,4,1,1,0,0,4,4,1,2,0,0,6,0,3,0,1,17,3,1,0,0,0,2,0,2026-09-07T05:01:47.292907+00:00
Italia Serie A 2026/2027,Frosinone - Venezia,2026-09-06T13:00:00+00:00,finished,3,3-2,Frosinone,Gabriele Calvani,D,90,7.0,44,0,0,0.0378,0.0225125,1,0,1,21,15,2,1,0,0,0,0,11,3,4,1,5,3,4,3,5,0,1,8,2,0,0,0,0,2,0,2026-09-07T05:01:47.292921+00:00
Italia Serie A 2026/2027,Frosinone - Venezia,2026-09-06T13:00:00+00:00,finished,3,3-2,Frosinone,Giacomo Calò,M,88,7.0,44,0,0,0.0319,0.0797537,1,1,3,30,27,1,1,3,2,1,1,6,1,2,1,1,0,1,0,4,0,0,6,2,1,0,0,0,2,0,2026-09-07T05:01:47.292937+00:00
Italia Serie A 2026/2027,Frosinone - Venezia,2026-09-06T13:00:00+00:00,finished,3,3-2,Venezia,Gianluca Busio,M,90,6.3,59,0,1,0.0687,0.0510687,2,0,2,44,39,3,2,0,0,3,1,6,5,1,0,3,1,0,0,4,1,0,10,1,1,1,0,0,3,0,2026-09-07T05:01:47.293159+00:00
Italia Serie A 2026/2027,Frosinone - Venezia,2026-09-06T13:00:00+00:00,finished,3,3-2,Frosinone,Giorgi Kvernadze,F,90,7.9,46,1,0,0.3933,0.47732,2,1,1,26,21,3,2,2,2,4,1,3,7,0,0,2,1,0,0,0,1,3,13,0,1,0,0,0,2,0,2026-09-07T05:01:47.292929+00:00
Italia Serie A 2026/2027,Frosinone - Venezia,2026-09-06T13:00:00+00:00,finished,3,3-2,Frosinone,Giorgio Cittadini,D,79,6.2,36,0,0,,0.00220572,0,0,0,19,14,5,2,0,0,0,0,2,2,1,1,1,1,6,6,5,0,0,5,0,1,0,0,0,2,0,2026-09-07T05:01:47.292952+00:00
Italia Serie A 2026/2027,Frosinone - Venezia,2026-09-06T13:00:00+00:00,finished,3,3-2,Frosinone,Ilario Monterisi,D,11,6.7,7,0,0,,4.307e-05,0,0,0,3,2,0,0,0,0,0,0,1,3,0,1,1,1,2,0,0,0,1,2,0,1,0,0,0,0,0,2026-09-07T05:01:47.292986+00:00
Italia Serie A 2026/2027,Frosinone - Venezia,2026-09-06T13:00:00+00:00,finished,3,3-2,Venezia,Joel Schingtienne,D,90,6.4,50,0,0,,0.00416092,0,0,1,38,30,3,1,0,0,1,1,6,2,1,2,4,4,1,2,7,0,0,8,0,0,0,0,0,3,0,2026-09-07T05:01:47.293183+00:00
Italia Serie A 2026/2027,Frosinone - Venezia,2026-09-06T13:00:00+00:00,finished,3,3-2,Venezia,John Yeboah,F,45,7.6,31,1,0,0.4009,0.0398766,4,2,1,15,12,3,3,0,0,4,1,3,6,0,2,2,2,0,0,2,2,0,10,0,1,0,0,0,1,0,2026-09-07T05:01:47.293238+00:00
Italia Serie A 2026/2027,Frosinone - Venezia,2026-09-06T13:00:00+00:00,finished,3,3-2,Venezia,Kike Pérez,M,90,7.2,74,0,0,,0.298707,0,0,4,54,44,3,2,4,2,2,0,6,4,0,0,3,2,0,0,9,0,1,16,3,0,0,0,0,3,0,2026-09-07T05:01:47.293205+00:00
Italia Serie A 2026/2027,Frosinone - Venezia,2026-09-06T13:00:00+00:00,finished,3,3-2,Venezia,Kornel Lisman,M,0,,0,0,0,,,0,0,0,0,0,0,0,0,0,0,0,0,0,0,0,0,0,0,0,0,0,0,0,0,0,0,0,0,0,0,2026-09-07T05:01:47.293384+00:00
Italia Serie A 2026/2027,Frosinone - Venezia,2026-09-06T13:00:00+00:00,finished,3,3-2,Venezia,Lamine Fanne,M,0,,0,0,0,,,0,0,0,0,0,0,0,0,0,0,0,0,0,0,0,0,0,0,0,0,0,0,0,0,0,0,0,0,0,0,2026-09-07T05:01:47.293376+00:00
Italia Serie A 2026/2027,Frosinone - Venezia,2026-09-06T13:00:00+00:00,finished,3,3-2,Venezia,Lion Lauberbach,F,20,6.4,13,0,0,,0.00245022,0,0,0,8,6,1,0,0,0,2,0,2,3,1,0,0,0,0,0,0,0,1,5,1,0,0,0,0,1,0,2026-09-07T05:01:47.293307+00:00
Italia Serie A 2026/2027,Frosinone - Venezia,2026-09-06T13:00:00+00:00,finished,3,3-2,Venezia,Lorenzo Berardi,M,0,,0,0,0,,,0,0,0,0,0,0,0,0,0,0,0,0,0,0,0,0,0,0,0,0,0,0,0,0,0,0,0,0,0,0,2026-09-07T05:01:47.293390+00:00
Italia Serie A 2026/2027,Frosinone - Venezia,2026-09-06T13:00:00+00:00,finished,3,3-2,Venezia,Lorenzo Montipò,G,0,,0,0,0,,,0,0,0,0,0,0,0,0,0,0,0,0,0,0,0,0,0,0,0,0,0,0,0,0,0,0,0,0,0,0,2026-09-07T05:01:47.293337+00:00
Italia Serie A 2026/2027,Frosinone - Venezia,2026-09-06T13:00:00+00:00,finished,3,3-2,Frosinone,Lorenzo Palmisani,G,90,6.0,36,0,0,,0.00220189,0,0,0,30,6,28,4,0,0,0,0,0,1,0,1,0,0,1,0,10,0,0,25,0,0,0,0,2,2,0,2026-09-07T05:01:47.292887+00:00
Italia Serie A 2026/2027,Frosinone - Venezia,2026-09-06T13:00:00+00:00,finished,3,3-2,Frosinone,Luis Hasa,M,0,,0,0,0,,,0,0,0,0,0,0,0,0,0,0,0,0,0,0,0,0,0,0,0,0,0,0,0,0,0,0,0,0,0,0,2026-09-07T05:01:47.293064+00:00
Italia Serie A 2026/2027,Frosinone - Venezia,2026-09-06T13:00:00+00:00,finished,3,3-2,Venezia,Matias Moreno,D,15,6.4,12,0,0,0.1214,0.00159398,1,0,0,7,4,0,0,0,0,0,0,3,1,3,0,0,0,1,0,1,0,0,4,0,1,1,0,0,1,0,2026-09-07T05:01:47.293322+00:00
Italia Serie A 2026/2027,Frosinone - Venezia,2026-09-06T13:00:00+00:00,finished,3,3-2,Frosinone,Matteo Cichella,M,33,6.4,16,0,0,0.0405,0.00320623,1,1,0,12,7,3,0,0,0,0,0,1,0,0,0,1,0,0,1,1,0,0,6,0,0,0,0,0,2,0,2026-09-07T05:01:47.292979+00:00
Italia Serie A 2026/2027,Frosinone - Venezia,2026-09-06T13:00:00+00:00,finished,3,3-2,Venezia,Matteo Dagasso,M,0,,0,0,0,,,0,0,0,0,0,0,0,0,0,0,0,0,0,0,0,0,0,0,0,0,0,0,0,0,0,0,0,0,0,0,2026-09-07T05:01:47.293370+00:00
Italia Serie A 2026/2027,Frosinone - Venezia,2026-09-06T13:00:00+00:00,finished,3,3-2,Frosinone,Matteo Pisseri,G,0,,0,0,0,,,0,0,0,0,0,0,0,0,0,0,0,0,0,0,0,0,0,0,0,0,0,0,0,0,0,0,0,0,0,0,2026-09-07T05:01:47.293014+00:00
Italia Serie A 2026/2027,Frosinone - Venezia,2026-09-06T13:00:00+00:00,finished,3,3-2,Frosinone,Omar Fayed,D,0,,0,0,0,,,0,0,0,0,0,0,0,0,0,0,0,0,0,0,0,0,0,0,0,0,0,0,0,0,0,0,0,0,0,0,2026-09-07T05:01:47.293028+00:00
Italia Serie A 2026/2027,Frosinone - Venezia,2026-09-06T13:00:00+00:00,finished,3,3-2,Venezia,Pasquale Mazzocchi,M,0,,0,0,0,,,0,0,0,0,0,0,0,0,0,0,0,0,0,0,0,0,0,0,0,0,0,0,0,0,0,0,0,0,0,0,2026-09-07T05:01:47.293356+00:00
Italia Serie A 2026/2027,Frosinone - Venezia,2026-09-06T13:00:00+00:00,finished,3,3-2,Frosinone,Patrizio Masini,M,90,7.6,35,0,1,0.0333,0.634135,1,1,1,15,11,0,0,1,0,2,0,4,6,0,2,2,1,2,2,2,0,0,10,2,3,0,0,0,2,0,2026-09-07T05:01:47.292867+00:00
Italia Serie A 2026/2027,Frosinone - Venezia,2026-09-06T13:00:00+00:00,finished,3,3-2,Venezia,Redouane Halhal,D,90,6.2,45,0,0,0.1048,0.00068041,1,0,0,25,23,1,0,0,0,0,0,6,3,3,0,2,1,9,1,1,0,0,4,1,3,1,0,0,3,0,2026-09-07T05:01:47.293190+00:00
Italia Serie A 2026/2027,Frosinone - Venezia,2026-09-06T13:00:00+00:00,finished,3,3-2,Venezia,Richie Sagrado,M,74,6.1,32,1,0,1.1272,0.0388661,3,1,0,11,8,1,0,1,1,1,0,3,8,1,2,0,0,1,0,2,1,3,10,2,1,0,0,0,3,0,2026-09-07T05:01:47.293219+00:00
Italia Serie A 2026/2027,Frosinone - Venezia,2026-09-06T13:00:00+00:00,finished,3,3-2,Venezia,Ridgeciano Haps,M,75,7.0,35,0,0,,0.00315635,0,0,0,20,15,2,1,0,0,1,1,7,2,1,1,1,1,2,1,5,0,1,7,4,0,0,0,0,2,0,2026-09-07T05:01:47.293212+00:00
Italia Serie A 2026/2027,Frosinone - Venezia,2026-09-06T13:00:00+00:00,finished,3,3-2,Frosinone,Romano Schmid,M,57,6.3,16,0,0,,0.0127259,0,0,0,12,8,0,0,0,0,1,0,0,2,0,0,0,0,0,0,1,0,0,7,0,0,1,0,0,0,0,2026-09-07T05:01:47.292965+00:00
Italia Serie A 2026/2027,Frosinone - Venezia,2026-09-06T13:00:00+00:00,finished,3,3-2,Frosinone,Sebastiano Desplanches,G,0,,0,0,0,,,0,0,0,0,0,0,0,0,0,0,0,0,0,0,0,0,0,0,0,0,0,0,0,0,0,0,0,0,0,0,2026-09-07T05:01:47.293021+00:00
Italia Serie A 2026/2027,Frosinone - Venezia,2026-09-06T13:00:00+00:00,finished,3,3-2,Frosinone,Seydou Fini,F,57,6.2,11,0,0,,0.00271567,0,0,0,5,4,0,0,0,0,0,0,0,5,0,0,0,0,0,0,2,0,1,5,0,4,0,0,0,0,0,2026-09-07T05:01:47.292959+00:00
Italia Serie A 2026/2027,Frosinone - Venezia,2026-09-06T13:00:00+00:00,finished,3,3-2,Venezia,Simon Sohm,M,45,6.2,13,0,0,,0.00189672,0,0,1,11,8,0,0,0,0,1,0,1,3,1,1,0,0,1,0,1,0,0,4,0,1,1,0,0,2,0,2026-09-07T05:01:47.293257+00:00
Italia Serie A 2026/2027,Frosinone - Venezia,2026-09-06T13:00:00+00:00,finished,3,3-2,Venezia,Simone Panada,M,0,,0,0,0,,,0,0,0,0,0,0,0,0,0,0,0,0,0,0,0,0,0,0,0,0,0,0,0,0,0,0,0,0,0,0,2026-09-07T05:01:47.293363+00:00
Italia Serie A 2026/2027,Frosinone - Venezia,2026-09-06T13:00:00+00:00,finished,3,3-2,Venezia,Thierry Correia,D,0,,0,0,0,,,0,0,0,0,0,0,0,0,0,0,0,0,0,0,0,0,0,0,0,0,0,0,0,0,0,0,0,0,0,0,2026-09-07T05:01:47.293350+00:00
Italia Serie A 2026/2027,Frosinone - Venezia,2026-09-06T13:00:00+00:00,finished,3,3-2,Frosinone,Tomáš Bobček,F,0,,0,0,0,,,0,0,0,0,0,0,0,0,0,0,0,0,0,0,0,0,0,0,0,0,0,0,0,0,0,0,0,0,0,0,2026-09-07T05:01:47.293007+00:00
Italia Serie A 2026/2027,Frosinone - Venezia,2026-09-06T13:00:00+00:00,finished,3,3-2,Venezia,Toni Fernández,M,45,6.2,27,0,0,,0.0523447,0,0,0,20,14,0,0,0,0,1,0,1,3,1,0,0,0,1,0,1,0,1,9,0,1,0,0,0,1,0,2026-09-07T05:01:47.293294+00:00
Italia Serie A 2026/2027,Frosinone - Venezia,2026-09-06T13:00:00+00:00,finished,3,3-2,Frosinone,Wisdom Amey,D,10,6.8,3,0,0,,3.52e-06,0,0,0,1,1,0,0,0,0,0,0,2,1,1,1,1,0,1,0,1,0,0,0,0,0,0,0,0,0,0,2026-09-07T05:01:47.293001+00:00
Italia Serie A 2026/2027,Frosinone - Venezia,2026-09-06T13:00:00+00:00,finished,3,3-2,Venezia,Þórir Jóhann Helgason,M,0,,0,0,0,,,0,0,0,0,0,0,0,0,0,0,0,0,0,0,0,0,0,0,0,0,0,0,0,0,0,0,0,0,0,0,2026-09-07T05:01:47.293329+00:00
Italia Serie A 2026/2027,Parma - Monza,2026-09-06T13:00:00+00:00,finished,3,1-1,Parma,,,45,6.7,34,0,0,,0.0343606,0,0,0,26,21,5,1,2,1,0,0,2,5,0,1,1,1,1,1,5,0,1,7,1,3,0,0,0,0,0,2026-09-07T05:01:47.169223+00:00
Italia Serie A 2026/2027,Parma - Monza,2026-09-06T13:00:00+00:00,finished,3,1-1,Parma,Abdou-Salam Konate,M,0,,0,0,0,,,0,0,0,0,0,0,0,0,0,0,0,0,0,0,0,0,0,0,0,0,0,0,0,0,0,0,0,0,0,0,2026-09-07T05:01:47.169339+00:00
Italia Serie A 2026/2027,Parma - Monza,2026-09-06T13:00:00+00:00,finished,3,1-1,Parma,Abdoulaye Ndiaye,D,0,,0,0,0,,,0,0,0,0,0,0,0,0,0,0,0,0,0,0,0,0,0,0,0,0,0,0,0,0,0,0,0,0,0,0,2026-09-07T05:01:47.169358+00:00
Italia Serie A 2026/2027,Parma - Monza,2026-09-06T13:00:00+00:00,finished,3,1-1,Monza,Adam Bakoune,D,9,6.7,6,0,0,,0.00125219,0,0,0,5,4,1,1,0,0,0,0,0,0,0,0,0,0,1,0,0,0,0,1,0,0,0,0,0,0,0,2026-09-07T05:01:47.169557+00:00
Italia Serie A 2026/2027,Parma - Monza,2026-09-06T13:00:00+00:00,finished,3,1-1,Monza,Aljaz Strajnar,G,0,,0,0,0,,,0,0,0,0,0,0,0,0,0,0,0,0,0,0,0,0,0,0,0,0,0,0,0,0,0,0,0,0,0,0,2026-09-07T05:01:47.169602+00:00
Italia Serie A 2026/2027,Parma - Monza,2026-09-06T13:00:00+00:00,finished,3,1-1,Monza,Andrea Carboni,D,81,6.8,68,0,0,0.0605,0.141894,1,0,1,58,52,9,7,1,0,0,0,3,5,3,2,0,0,4,1,2,0,0,7,0,2,0,0,0,1,0,2026-09-07T05:01:47.169487+00:00
Italia Serie A 2026/2027,Parma - Monza,2026-09-06T13:00:00+00:00,finished,3,1-1,Monza,Andrea Colpani,F,36,6.8,20,0,0,0.0668,0.283806,1,1,3,15,12,0,0,3,3,0,0,0,0,0,0,0,0,1,0,0,0,0,3,0,0,0,0,0,1,0,2026-09-07T05:01:47.169532+00:00
Italia Serie A 2026/2027,Parma - Monza,2026-09-06T13:00:00+00:00,finished,3,1-1,Parma,Benjamin Cremaschi,M,0,,0,0,0,,,0,0,0,0,0,0,0,0,0,0,0,0,0,0,0,0,0,0,0,0,0,0,0,0,0,0,0,0,0,0,2026-09-07T05:01:47.169372+00:00
Italia Serie A 2026/2027,Parma - Monza,2026-09-06T13:00:00+00:00,finished,3,1-1,Parma,Christian Ordoñez,M,45,6.8,22,0,0,,0.268761,0,0,0,18,17,1,0,1,0,0,0,1,1,0,1,0,0,0,0,2,0,0,2,1,0,0,0,0,1,0,2026-09-07T05:01:47.169254+00:00
Italia Serie A 2026/2027,Parma - Monza,2026-09-06T13:00:00+00:00,finished,3,1-1,Monza,Dany Mota,F,62,6.9,31,0,0,0.8635,0.00512233,3,1,2,13,11,1,1,1,0,2,1,4,3,1,1,1,1,1,0,3,0,0,11,1,1,0,0,0,1,0,2026-09-07T05:01:47.169502+00:00
Italia Serie A 2026/2027,Parma - Monza,2026-09-06T13:00:00+00:00,finished,3,1-1,Parma,David Romero,F,55,6.3,15,0,0,,0.00071499,0,0,0,7,5,0,0,0,0,1,0,1,4,1,1,0,0,0,0,2,0,1,7,0,1,0,0,0,1,0,2026-09-07T05:01:47.169217+00:00
Italia Serie A 2026/2027,Parma - Monza,2026-09-06T13:00:00+00:00,finished,3,1-1,Monza,Demba Thiam,G,90,6.9,45,0,0,,0.00486264,0,0,1,32,16,22,6,0,0,0,0,4,0,3,0,0,0,1,0,16,0,0,16,1,0,0,0,2,1,1,2026-09-07T05:01:47.169403+00:00
Italia Serie A 2026/2027,Parma - Monza,2026-09-06T13:00:00+00:00,finished,3,1-1,Parma,Diego Carlos,D,45,6.1,45,0,0,0.0377,0.121543,1,0,0,41,33,8,3,0,0,0,0,0,3,0,1,0,0,3,0,2,0,0,8,0,2,0,0,0,1,0,2026-09-07T05:01:47.169238+00:00
Italia Serie A 2026/2027,Parma - Monza,2026-09-06T13:00:00+00:00,finished,3,1-1,Parma,Dominik Drobnic ,D,0,,0,0,0,,,0,0,0,0,0,0,0,0,0,0,0,0,0,0,0,0,0,0,0,0,0,0,0,0,0,0,0,0,0,0,2026-09-07T05:01:47.169346+00:00
Italia Serie A 2026/2027,Parma - Monza,2026-09-06T13:00:00+00:00,finished,3,1-1,Monza,Ebenezer Akinsanmiro,M,90,6.6,63,0,0,,0.03145,0,0,0,52,48,1,1,0,0,0,0,5,7,2,0,2,1,2,1,4,0,2,9,1,4,0,0,0,1,0,2026-09-07T05:01:47.169418+00:00
Italia Serie A 2026/2027,Parma - Monza,2026-09-06T13:00:00+00:00,finished,3,1-1,Monza,Eddy Kouadio,D,81,6.9,42,0,0,0.1619,0.0197867,1,1,1,32,31,1,0,0,0,0,0,2,1,2,0,0,0,3,1,4,0,1,3,0,0,0,0,0,1,0,2026-09-07T05:01:47.169468+00:00
Italia Serie A 2026/2027,Parma - Monza,2026-09-06T13:00:00+00:00,finished,3,1-1,Parma,Edoardo Corvi,G,90,8.2,50,0,0,,0.00256602,0,0,0,41,30,20,9,0,0,0,0,0,0,0,0,0,0,2,0,5,0,0,11,0,0,0,0,4,1,0,2026-09-07T05:01:47.169171+00:00
Italia Serie A 2026/2027,Parma - Monza,2026-09-06T13:00:00+00:00,finished,3,1-1,Parma,El Bilal Touré,M,90,6.8,37,0,0,0.2757,0.014967,2,1,0,23,18,1,1,0,0,1,1,8,5,4,5,0,0,0,0,4,0,0,9,3,0,0,0,0,1,0,2026-09-07T05:01:47.169183+00:00
Italia Serie A 2026/2027,Parma - Monza,2026-09-06T13:00:00+00:00,finished,3,1-1,Parma,Emanuele Valeri,M,90,7.1,51,0,0,,0.310941,0,0,3,23,12,4,0,14,3,2,1,2,3,1,0,0,0,1,1,2,0,1,25,0,1,0,0,0,1,0,2026-09-07T05:01:47.169195+00:00
Italia Serie A 2026/2027,Parma - Monza,2026-09-06T13:00:00+00:00,finished,3,1-1,Parma,Enrico Delprato,D,90,6.5,46,0,0,0.0307,0.0647469,1,0,1,32,23,8,3,0,0,0,0,1,1,0,0,1,1,1,0,6,1,0,12,0,1,0,0,0,1,0,2026-09-07T05:01:47.169189+00:00
Italia Serie A 2026/2027,Parma - Monza,2026-09-06T13:00:00+00:00,finished,3,1-1,Parma,Franco Carboni,M,0,,0,0,0,,,0,0,0,0,0,0,0,0,0,0,0,0,0,0,0,0,0,0,0,0,0,0,0,0,0,0,0,0,0,0,2026-09-07T05:01:47.169380+00:00
Italia Serie A 2026/2027,Parma - Monza,2026-09-06T13:00:00+00:00,finished,3,1-1,Parma,Giovanni Daffara,G,0,,0,0,0,,,0,0,0,0,0,0,0,0,0,0,0,0,0,0,0,0,0,0,0,0,0,0,0,0,0,0,0,0,0,0,2026-09-07T05:01:47.169332+00:00
Italia Serie A 2026/2027,Parma - Monza,2026-09-06T13:00:00+00:00,finished,3,1-1,Parma,Giovanni Fabbian,M,45,6.4,14,0,0,0.1453,0.001112,1,0,0,8,5,0,0,0,0,0,0,3,4,0,3,2,0,0,1,0,1,0,4,1,1,0,0,0,1,0,2026-09-07T05:01:47.169265+00:00
Italia Serie A 2026/2027,Parma - Monza,2026-09-06T13:00:00+00:00,finished,3,1-1,Monza,Jay Robinson,F,81,8.1,32,1,0,0.0291,0.0148201,1,1,0,18,14,1,1,2,0,3,1,8,4,1,0,1,0,0,0,2,0,1,10,5,1,0,0,0,1,0,2026-09-07T05:01:47.169475+00:00
Italia Serie A 2026/2027,Parma - Monza,2026-09-06T13:00:00+00:00,finished,3,1-1,Parma,Lautaro Valenti,D,45,6.8,25,0,0,,0.0132432,0,0,0,17,15,3,3,0,0,0,0,1,2,1,2,0,0,0,1,0,0,0,7,0,0,0,0,0,0,0,2026-09-07T05:01:47.169281+00:00
Italia Serie A 2026/2027,Parma - Monza,2026-09-06T13:00:00+00:00,finished,3,1-1,Monza,Leonardo Colombo,M,28,6.3,17,0,0,,0.00290149,0,0,0,16,11,1,0,0,0,0,0,0,1,0,0,0,0,0,0,0,0,0,6,0,1,1,0,0,0,0,2026-09-07T05:01:47.169543+00:00
Italia Serie A 2026/2027,Parma - Monza,2026-09-06T13:00:00+00:00,finished,3,1-1,Monza,Lorenzo Lucchesi,D,90,6.9,58,0,0,0.1092,0.00463378,2,1,0,43,38,4,3,0,0,0,0,5,4,2,3,1,0,6,1,4,0,0,5,2,1,0,0,0,1,0,2026-09-07T05:01:47.169447+00:00
Italia Serie A 2026/2027,Parma - Monza,2026-09-06T13:00:00+00:00,finished,3,1-1,Parma,Mandela Keita,M,90,6.6,38,0,0,,0.00635607,0,0,0,22,18,1,1,0,0,1,0,6,7,0,1,1,0,1,2,3,0,2,10,5,2,1,0,0,1,0,2026-09-07T05:01:47.169129+00:00
Italia Serie A 2026/2027,Parma - Monza,2026-09-06T13:00:00+00:00,finished,3,1-1,Monza,Manga Foe Ondoa,M,0,,0,0,0,,,0,0,0,0,0,0,0,0,0,0,0,0,0,0,0,0,0,0,0,0,0,0,0,0,0,0,0,0,0,0,2026-09-07T05:01:47.169618+00:00
Italia Serie A 2026/2027,Parma - Monza,2026-09-06T13:00:00+00:00,finished,3,1-1,Parma,Mariano Troilo,D,90,6.8,74,0,0,,0.114049,0,0,1,61,54,7,4,0,0,0,0,4,2,3,0,1,1,7,2,5,0,0,7,0,1,0,0,0,1,0,2026-09-07T05:01:47.169201+00:00
Italia Serie A 2026/2027,Parma - Monza,2026-09-06T13:00:00+00:00,finished,3,1-1,Monza,Mathis Mout,M,9,6.8,5,0,0,,0.00099573,0,0,0,2,2,0,0,1,0,0,0,1,0,0,0,0,0,0,0,1,0,0,1,1,0,0,0,0,0,0,2026-09-07T05:01:47.169578+00:00
Italia Serie A 2026/2027,Parma - Monza,2026-09-06T13:00:00+00:00,finished,3,1-1,Parma,Matija Frigan,F,45,6.6,12,0,0,,0.0309221,0,0,1,5,4,0,0,1,0,1,0,3,3,0,0,1,1,0,1,1,0,0,4,2,2,0,0,0,0,0,2026-09-07T05:01:47.169290+00:00
Italia Serie A 2026/2027,Parma - Monza,2026-09-06T13:00:00+00:00,finished,3,1-1,Monza,Michael Folorunsho,M,90,6.1,60,0,0,0.2879,0.0666595,3,0,1,44,37,2,1,2,1,0,0,1,7,0,3,0,0,1,0,0,1,0,12,1,3,1,0,0,1,0,2026-09-07T05:01:47.169410+00:00
Italia Serie A 2026/2027,Parma - Monza,2026-09-06T13:00:00+00:00,finished,3,1-1,Parma,Nesta Elphege,F,0,,0,0,0,,,0,0,0,0,0,0,0,0,0,0,0,0,0,0,0,0,0,0,0,0,0,0,0,0,0,0,0,0,0,0,2026-09-07T05:01:47.169396+00:00
Italia Serie A 2026/2027,Parma - Monza,2026-09-06T13:00:00+00:00,finished,3,1-1,Monza,Noel Törnqvist,G,0,,0,0,0,,,0,0,0,0,0,0,0,0,0,0,0,0,0,0,0,0,0,0,0,0,0,0,0,0,0,0,0,0,0,0,2026-09-07T05:01:47.169594+00:00
Italia Serie A 2026/2027,Parma - Monza,2026-09-06T13:00:00+00:00,finished,3,1-1,Monza,Omari Forson,M,54,6.6,26,0,0,0.0882,0.041506,2,0,1,18,16,0,0,3,1,1,1,1,0,0,0,0,0,0,0,0,1,0,6,0,0,0,0,0,0,0,2026-09-07T05:01:47.169516+00:00
Italia Serie A 2026/2027,Parma - Monza,2026-09-06T13:00:00+00:00,finished,3,1-1,Parma,Pontus Almqvist,F,13,6.6,6,0,0,,,0,0,0,0,0,0,0,1,0,1,0,2,2,0,0,1,0,0,0,0,0,0,3,1,1,1,0,0,0,0,2026-09-07T05:01:47.169317+00:00
Italia Serie A 2026/2027,Parma - Monza,2026-09-06T13:00:00+00:00,finished,3,1-1,Monza,Ricardo Mangas,D,90,6.9,54,0,1,,0.252984,0,0,2,23,18,5,4,2,0,1,0,7,7,2,2,3,2,3,0,6,0,2,15,2,2,0,0,0,1,0,2026-09-07T05:01:47.169430+00:00
Italia Serie A 2026/2027,Parma - Monza,2026-09-06T13:00:00+00:00,finished,3,1-1,Monza,Saba Goglichidze,D,0,,0,0,0,,,0,0,0,0,0,0,0,0,0,0,0,0,0,0,0,0,0,0,0,0,0,0,0,0,0,0,0,0,0,0,2026-09-07T05:01:47.169607+00:00
Italia Serie A 2026/2027,Parma - Monza,2026-09-06T13:00:00+00:00,finished,3,1-1,Monza,Samuele Birindelli,M,90,6.9,52,0,0,0.0175,0.291692,1,0,3,33,30,1,0,4,2,1,0,2,5,0,2,1,1,1,1,6,0,0,8,1,1,0,0,0,1,0,2026-09-07T05:01:47.169460+00:00
Italia Serie A 2026/2027,Parma - Monza,2026-09-06T13:00:00+00:00,finished,3,1-1,Parma,Sascha Britschgi,D,77,6.8,21,0,0,,0.0287825,0,0,0,14,10,0,0,0,0,1,1,6,3,2,2,2,2,0,0,4,0,0,6,1,1,0,0,0,1,0,2026-09-07T05:01:47.169210+00:00
Italia Serie A 2026/2027,Parma - Monza,2026-09-06T13:00:00+00:00,finished,3,1-1,Parma,Simone Ghidotti,G,0,,0,0,0,,,0,0,0,0,0,0,0,0,0,0,0,0,0,0,0,0,0,0,0,0,0,0,0,0,0,0,0,0,0,0,2026-09-07T05:01:47.169324+00:00
Italia Serie A 2026/2027,Parma - Monza,2026-09-06T13:00:00+00:00,finished,3,1-1,Parma,Simone Lontani,F,35,7.9,18,1,0,0.2139,0.00108442,2,2,0,9,6,1,0,4,0,1,1,4,1,1,1,1,0,0,0,0,0,0,7,1,0,0,0,0,0,0,2026-09-07T05:01:47.169303+00:00
Italia Serie A 2026/2027,Parma - Monza,2026-09-06T13:00:00+00:00,finished,3,1-1,Parma,Thomas de Martis,F,0,,0,0,0,,,0,0,0,0,0,0,0,0,0,0,0,0,0,0,0,0,0,0,0,0,0,0,0,0,0,0,0,0,0,0,2026-09-07T05:01:47.169388+00:00
Italia Serie A 2026/2027,Parma - Monza,2026-09-06T13:00:00+00:00,finished,3,1-1,Monza,Valentin Antov,D,0,,0,0,0,,,0,0,0,0,0,0,0,0,0,0,0,0,0,0,0,0,0,0,0,0,0,0,0,0,0,0,0,0,0,0,2026-09-07T05:01:47.169612+00:00
Italia Serie A 2026/2027,Parma - Monza,2026-09-06T13:00:00+00:00,finished,3,1-1,Monza,Yvan Maye,D,9,6.9,9,0,0,0.0201,0.00200506,1,0,0,6,6,1,1,0,0,0,0,3,0,2,0,0,0,0,0,0,0,0,0,1,0,0,0,0,0,0,2026-09-07T05:01:47.169565+00:00
Italia Serie A 2026/2027,Bologna - Sassuolo,2026-09-06T16:00:00+00:00,finished,3,2-2,Bologna,,,96,6.5,77,0,0,0.0685,0.0143452,2,0,0,63,61,2,1,1,0,0,0,3,2,2,0,1,1,3,2,2,0,1,4,0,1,0,0,0,2,0,2026-09-07T05:01:47.407906+00:00
Italia Serie A 2026/2027,Bologna - Sassuolo,2026-09-06T16:00:00+00:00,finished,3,2-2,Bologna,,,10,6.5,9,0,0,,0.00417234,0,0,0,5,5,0,0,1,0,2,1,1,2,0,0,0,0,0,0,1,0,1,3,0,0,0,0,0,0,0,2026-09-07T05:01:47.407979+00:00
Italia Serie A 2026/2027,Bologna - Sassuolo,2026-09-06T16:00:00+00:00,finished,3,2-2,Bologna,,,0,,0,0,0,,,0,0,0,0,0,0,0,0,0,0,0,0,0,0,0,0,0,0,0,0,0,0,0,0,0,0,0,0,0,0,2026-09-07T05:01:47.408017+00:00
Italia Serie A 2026/2027,Bologna - Sassuolo,2026-09-06T16:00:00+00:00,finished,3,2-2,Bologna,Abdel Rahim,D,45,6.3,28,0,0,0.2523,0.0081239,2,0,0,16,14,1,0,2,1,0,0,2,2,0,0,2,1,2,1,0,1,0,3,0,2,0,0,0,1,0,2026-09-07T05:01:47.407968+00:00
Italia Serie A 2026/2027,Bologna - Sassuolo,2026-09-06T16:00:00+00:00,finished,3,2-2,Sassuolo,Andrea Ghion,M,16,6.6,11,0,0,,0.00015302,0,0,0,10,9,0,0,0,0,0,0,1,1,0,0,1,0,0,0,4,0,0,1,0,0,0,0,0,1,0,2026-09-07T05:01:47.407783+00:00
Italia Serie A 2026/2027,Bologna - Sassuolo,2026-09-06T16:00:00+00:00,finished,3,2-2,Sassuolo,Arijanet Murić,G,96,7.1,46,0,0,,0.00242994,0,0,0,34,24,18,9,0,0,0,0,1,0,0,0,0,0,1,0,7,0,0,11,1,0,0,0,3,2,0,2026-09-07T05:01:47.407040+00:00
Italia Serie A 2026/2027,Bologna - Sassuolo,2026-09-06T16:00:00+00:00,finished,3,2-2,Sassuolo,Armand Laurienté,F,96,7.3,53,0,0,0.2118,0.0779069,3,0,0,28,25,0,0,2,1,8,4,6,7,0,1,0,0,0,0,2,2,1,13,2,1,0,0,0,2,0,2026-09-07T05:01:47.407404+00:00
Italia Serie A 2026/2027,Bologna - Sassuolo,2026-09-06T16:00:00+00:00,finished,3,2-2,Bologna,Artem Dovbyk,F,30,7.1,15,1,0,0.6455,0.020776,2,1,1,6,6,1,1,0,0,2,0,0,3,0,0,0,0,0,0,0,0,1,3,0,0,1,0,0,0,0,2026-09-07T05:01:47.407974+00:00
Italia Serie A 2026/2027,Bologna - Sassuolo,2026-09-06T16:00:00+00:00,finished,3,2-2,Sassuolo,Benjamín Domínguez,M,0,,0,0,0,,,0,0,0,0,0,0,0,0,0,0,0,0,0,0,0,0,0,0,0,0,0,0,0,0,0,0,0,0,0,0,2026-09-07T05:01:47.407863+00:00
Italia Serie A 2026/2027,Bologna - Sassuolo,2026-09-06T16:00:00+00:00,finished,3,2-2,Sassuolo,Cas Odenthal,D,0,,0,0,0,,,0,0,0,0,0,0,0,0,0,0,0,0,0,0,0,0,0,0,0,0,0,0,0,0,0,0,0,0,0,0,2026-09-07T05:01:47.407842+00:00
Italia Serie A 2026/2027,Bologna - Sassuolo,2026-09-06T16:00:00+00:00,finished,3,2-2,Sassuolo,Cristian Volpato,M,38,6.6,16,0,0,,0.00785674,0,0,0,12,11,0,0,0,0,1,0,1,1,0,0,1,0,2,0,0,0,0,2,0,0,0,0,0,0,0,2026-09-07T05:01:47.407757+00:00
Italia Serie A 2026/2027,Bologna - Sassuolo,2026-09-06T16:00:00+00:00,finished,3,2-2,Sassuolo,Domenico Berardi,F,58,7.1,38,0,0,0.1363,0.0500551,3,2,0,18,17,2,2,3,1,1,0,3,4,0,0,1,1,0,1,2,1,2,8,2,0,0,0,0,2,0,2026-09-07T05:01:47.407730+00:00
Italia Serie A 2026/2027,Bologna - Sassuolo,2026-09-06T16:00:00+00:00,finished,3,2-2,Sassuolo,Duje Ćaleta-Car,D,0,,0,0,0,,,0,0,0,0,0,0,0,0,0,0,0,0,0,0,0,0,0,0,0,0,0,0,0,0,0,0,0,0,0,0,2026-09-07T05:01:47.407849+00:00
Italia Serie A 2026/2027,Bologna - Sassuolo,2026-09-06T16:00:00+00:00,finished,3,2-2,Bologna,Eivind Helland,D,0,,0,0,0,,,0,0,0,0,0,0,0,0,0,0,0,0,0,0,0,0,0,0,0,0,0,0,0,0,0,0,0,0,0,0,2026-09-07T05:01:47.407990+00:00
Italia Serie A 2026/2027,Bologna - Sassuolo,2026-09-06T16:00:00+00:00,finished,3,2-2,Bologna,Emil Holm,D,96,7.9,88,0,0,0.0519,0.0677301,1,0,0,54,48,4,3,7,1,3,3,11,2,0,0,5,4,2,0,8,1,0,14,3,0,1,0,0,2,0,2026-09-07T05:01:47.407925+00:00
Italia Serie A 2026/2027,Bologna - Sassuolo,2026-09-06T16:00:00+00:00,finished,3,2-2,Sassuolo,Fedde Leysen,D,96,7.4,45,0,0,,0.00057968,0,0,0,30,30,2,2,0,0,0,0,6,5,2,2,4,4,5,0,2,0,0,1,0,2,0,0,0,2,0,2026-09-07T05:01:47.407430+00:00
Italia Serie A 2026/2027,Bologna - Sassuolo,2026-09-06T16:00:00+00:00,finished,3,2-2,Bologna,Federico Bernardeschi,F,86,7.0,69,0,0,0.1674,0.271819,3,2,3,47,41,2,1,13,4,2,1,2,2,0,0,0,0,1,0,2,0,0,16,1,0,0,0,0,2,0,2026-09-07T05:01:47.407930+00:00
Italia Serie A 2026/2027,Bologna - Sassuolo,2026-09-06T16:00:00+00:00,finished,3,2-2,Sassuolo,Giacomo Satalino,G,0,,0,0,0,,,0,0,0,0,0,0,0,0,0,0,0,0,0,0,0,0,0,0,0,0,0,0,0,0,0,0,0,0,0,0,2026-09-07T05:01:47.407825+00:00
Italia Serie A 2026/2027,Bologna - Sassuolo,2026-09-06T16:00:00+00:00,finished,3,2-2,Sassuolo,Ibrahim Sulemana,M,36,7.0,31,0,0,,0.00293043,0,0,0,26,25,1,1,0,0,0,0,2,0,1,0,0,0,2,0,3,0,0,1,1,0,0,0,0,1,0,2026-09-07T05:01:47.407776+00:00
Italia Serie A 2026/2027,Bologna - Sassuolo,2026-09-06T16:00:00+00:00,finished,3,2-2,Sassuolo,Ignace Van der Brempt,D,0,,0,0,0,,,0,0,0,0,0,0,0,0,0,0,0,0,0,0,0,0,0,0,0,0,0,0,0,0,0,0,0,0,0,0,2026-09-07T05:01:47.407834+00:00
Italia Serie A 2026/2027,Bologna - Sassuolo,2026-09-06T16:00:00+00:00,finished,3,2-2,Sassuolo,Jay Idzes,D,96,6.5,32,0,0,,0.00134953,0,0,1,21,17,4,2,1,0,0,0,2,1,2,0,0,0,4,1,1,0,0,5,0,1,1,0,0,2,0,2026-09-07T05:01:47.407674+00:00
Italia Serie A 2026/2027,Bologna - Sassuolo,2026-09-06T16:00:00+00:00,finished,3,2-2,Bologna,Jens Odgaard,M,45,6.2,20,0,0,0.096,0.00372835,1,0,0,10,8,0,0,1,0,4,1,2,4,0,1,1,0,0,1,0,1,0,6,0,0,0,0,0,1,0,2026-09-07T05:01:47.407963+00:00
Italia Serie A 2026/2027,Bologna - Sassuolo,2026-09-06T16:00:00+00:00,finished,3,2-2,Sassuolo,Josh Doig,D,80,7.3,44,1,0,0.1092,0.00996858,1,1,0,25,20,3,0,0,0,0,0,2,2,0,0,2,2,1,2,1,0,0,12,0,1,0,0,0,1,0,2026-09-07T05:01:47.407705+00:00
Italia Serie A 2026/2027,Bologna - Sassuolo,2026-09-06T16:00:00+00:00,finished,3,2-2,Bologna,Juan Miranda,D,51,7.0,42,0,1,,0.180358,0,0,2,25,23,0,0,8,2,1,1,2,2,0,0,1,1,1,0,2,0,1,10,0,1,0,0,0,1,0,2026-09-07T05:01:47.407953+00:00
Italia Serie A 2026/2027,Bologna - Sassuolo,2026-09-06T16:00:00+00:00,finished,3,2-2,Sassuolo,Kieron Bowie,F,96,6.8,26,0,0,0.0633,0.0163697,2,1,1,14,12,0,0,0,0,0,0,5,2,0,1,1,1,1,0,0,1,0,4,4,1,0,0,0,2,0,2026-09-07T05:01:47.407421+00:00
Italia Serie A 2026/2027,Bologna - Sassuolo,2026-09-06T16:00:00+00:00,finished,3,2-2,Sassuolo,Kristian Thorstvedt,M,36,6.5,29,0,0,0.251,0.00220692,1,1,0,21,20,0,0,1,0,1,1,3,4,0,0,1,1,0,0,2,0,2,4,1,1,0,0,0,1,0,2026-09-07T05:01:47.407768+00:00
Italia Serie A 2026/2027,Bologna - Sassuolo,2026-09-06T16:00:00+00:00,finished,3,2-2,Sassuolo,Laurs Skjellerup,F,0,,0,0,0,,,0,0,0,0,0,0,0,0,0,0,0,0,0,0,0,0,0,0,0,0,0,0,0,0,0,0,0,0,0,0,2026-09-07T05:01:47.407887+00:00
Italia Serie A 2026/2027,Bologna - Sassuolo,2026-09-06T16:00:00+00:00,finished,3,2-2,Bologna,Lewis Ferguson,M,96,8.4,137,0,0,0.04,0.266573,1,0,1,120,117,2,1,1,0,0,0,7,2,0,0,4,1,1,0,3,0,0,4,3,2,0,0,0,2,0,2026-09-07T05:01:47.407894+00:00
Italia Serie A 2026/2027,Bologna - Sassuolo,2026-09-06T16:00:00+00:00,finished,3,2-2,Bologna,Lorenzo De Silvestri,D,0,,0,0,0,,,0,0,0,0,0,0,0,0,0,0,0,0,0,0,0,0,0,0,0,0,0,0,0,0,0,0,0,0,0,0,2026-09-07T05:01:47.408003+00:00
Italia Serie A 2026/2027,Bologna - Sassuolo,2026-09-06T16:00:00+00:00,finished,3,2-2,Sassuolo,Luca Lipani,M,60,6.3,30,0,0,,0.044238,0,0,0,20,17,0,0,0,0,1,0,1,5,0,0,1,1,2,2,3,0,2,7,0,0,0,0,0,1,0,2026-09-07T05:01:47.407721+00:00
Italia Serie A 2026/2027,Bologna - Sassuolo,2026-09-06T16:00:00+00:00,finished,3,2-2,Bologna,Marco Libra,M,51,6.5,30,0,0,0.0815,0.0330841,1,1,1,21,19,1,1,0,0,1,1,3,4,0,1,2,1,0,0,3,0,1,5,0,1,0,0,0,1,0,2026-09-07T05:01:47.407947+00:00
Italia Serie A 2026/2027,Bologna - Sassuolo,2026-09-06T16:00:00+00:00,finished,3,2-2,Bologna,Martin Vitík,D,0,,0,0,0,,,0,0,0,0,0,0,0,0,0,0,0,0,0,0,0,0,0,0,0,0,0,0,0,0,0,0,0,0,0,0,2026-09-07T05:01:47.407999+00:00
Italia Serie A 2026/2027,Bologna - Sassuolo,2026-09-06T16:00:00+00:00,finished,3,2-2,Bologna,Massimo Pessina,G,0,,0,0,0,,,0,0,0,0,0,0,0,0,0,0,0,0,0,0,0,0,0,0,0,0,0,0,0,0,0,0,0,0,0,0,2026-09-07T05:01:47.407984+00:00
Italia Serie A 2026/2027,Bologna - Sassuolo,2026-09-06T16:00:00+00:00,finished,3,2-2,Bologna,Mikel Amondarain,M,0,,0,0,0,,,0,0,0,0,0,0,0,0,0,0,0,0,0,0,0,0,0,0,0,0,0,0,0,0,0,0,0,0,0,0,2026-09-07T05:01:47.408010+00:00
Italia Serie A 2026/2027,Bologna - Sassuolo,2026-09-06T16:00:00+00:00,finished,3,2-2,Bologna,Nadir Zortea,D,0,,0,0,0,,,0,0,0,0,0,0,0,0,0,0,0,0,0,0,0,0,0,0,0,0,0,0,0,0,0,0,0,0,0,0,2026-09-07T05:01:47.407994+00:00
Italia Serie A 2026/2027,Bologna - Sassuolo,2026-09-06T16:00:00+00:00,finished,3,2-2,Sassuolo,Nemanja Matić,M,80,6.9,57,0,0,0.0176,0.123353,1,0,4,38,29,1,0,3,2,1,1,3,3,0,0,2,1,4,2,2,1,1,11,0,1,0,0,0,1,0,2026-09-07T05:01:47.407697+00:00
Italia Serie A 2026/2027,Bologna - Sassuolo,2026-09-06T16:00:00+00:00,finished,3,2-2,Sassuolo,Nicholas Pierini,F,0,,0,0,0,,,0,0,0,0,0,0,0,0,0,0,0,0,0,0,0,0,0,0,0,0,0,0,0,0,0,0,0,0,0,0,2026-09-07T05:01:47.407799+00:00
Italia Serie A 2026/2027,Bologna - Sassuolo,2026-09-06T16:00:00+00:00,finished,3,2-2,Bologna,Nicolò Cambiaghi,F,66,6.9,37,0,0,0.1311,0.104128,3,0,2,21,19,0,0,3,0,3,2,3,4,0,0,0,0,0,0,2,3,0,7,1,1,0,0,0,2,0,2026-09-07T05:01:47.407935+00:00
Italia Serie A 2026/2027,Bologna - Sassuolo,2026-09-06T16:00:00+00:00,finished,3,2-2,Bologna,Nikola Moro,M,51,6.7,33,0,0,,0.0242347,0,0,0,27,23,5,3,2,0,0,0,1,2,1,0,0,0,1,0,3,0,1,8,0,1,0,0,0,1,0,2026-09-07T05:01:47.407941+00:00
Italia Serie A 2026/2027,Bologna - Sassuolo,2026-09-06T16:00:00+00:00,finished,3,2-2,Sassuolo,Rafael Obrador,M,16,6.3,11,0,0,,0.00029762,0,0,0,6,5,1,0,0,0,0,0,1,0,0,0,1,0,2,0,0,0,0,2,0,0,0,0,0,1,0,2026-09-07T05:01:47.407791+00:00
Italia Serie A 2026/2027,Bologna - Sassuolo,2026-09-06T16:00:00+00:00,finished,3,2-2,Bologna,Roberto Piccoli,F,96,7.5,17,1,0,0.2833,0.0323362,3,1,1,8,7,0,0,0,0,0,0,1,5,0,2,0,0,0,0,0,1,2,4,1,1,1,0,0,2,0,2026-09-07T05:01:47.407913+00:00
Italia Serie A 2026/2027,Bologna - Sassuolo,2026-09-06T16:00:00+00:00,finished,3,2-2,Sassuolo,Sebastiano Esposito,F,0,,0,0,0,,,0,0,0,0,0,0,0,0,0,0,0,0,0,0,0,0,0,0,0,0,0,0,0,0,0,0,0,0,0,0,2026-09-07T05:01:47.407880+00:00
Italia Serie A 2026/2027,Bologna - Sassuolo,2026-09-06T16:00:00+00:00,finished,3,2-2,Sassuolo,Simone Cinquegrano,D,96,6.9,58,0,0,0.083,0.00885489,1,0,0,34,27,4,3,0,0,1,1,3,3,0,1,0,0,4,0,2,1,1,10,2,0,0,0,0,2,0,2026-09-07T05:01:47.407689+00:00
Italia Serie A 2026/2027,Bologna - Sassuolo,2026-09-06T16:00:00+00:00,finished,3,2-2,Sassuolo,Stefano Turati,G,0,,0,0,0,,,0,0,0,0,0,0,0,0,0,0,0,0,0,0,0,0,0,0,0,0,0,0,0,0,0,0,0,0,0,0,2026-09-07T05:01:47.407811+00:00
Italia Serie A 2026/2027,Bologna - Sassuolo,2026-09-06T16:00:00+00:00,finished,3,2-2,Bologna,Tommaso Pobega,M,45,6.5,30,0,0,0.0491,0.0185177,1,0,1,26,26,0,0,0,0,0,0,0,2,0,0,0,0,0,1,2,1,0,2,0,1,0,0,0,1,0,2026-09-07T05:01:47.407958+00:00
Italia Serie A 2026/2027,Bologna - Sassuolo,2026-09-06T16:00:00+00:00,finished,3,2-2,Bologna,Torbjørn Heggem,D,96,6.4,99,0,0,0.0768,0.0157113,1,0,0,86,84,1,1,0,0,0,0,2,6,2,1,0,0,5,1,4,1,0,2,0,3,0,0,0,2,0,2026-09-07T05:01:47.407900+00:00
Italia Serie A 2026/2027,Bologna - Sassuolo,2026-09-06T16:00:00+00:00,finished,3,2-2,Bologna,Ukko Happonen,G,0,,0,0,0,,,0,0,0,0,0,0,0,0,0,0,0,0,0,0,0,0,0,0,0,0,0,0,0,0,0,0,0,0,0,0,2026-09-07T05:01:47.408023+00:00
Italia Serie A 2026/2027,Bologna - Sassuolo,2026-09-06T16:00:00+00:00,finished,3,2-2,Sassuolo,Vasilije Adžić,M,60,7.9,34,1,0,0.5245,0.129628,3,1,4,18,16,1,0,2,1,2,2,4,2,0,0,1,1,2,1,1,2,0,4,1,1,0,0,0,1,0,2026-09-07T05:01:47.407713+00:00
Italia Serie A 2026/2027,Bologna - Sassuolo,2026-09-06T16:00:00+00:00,finished,3,2-2,Bologna,Łukasz Skorupski,G,96,6.7,27,0,0,,0.00015727,0,0,0,18,15,3,1,0,0,0,0,0,0,0,0,0,0,1,0,9,0,0,3,0,0,0,0,4,2,1,2026-09-07T05:01:47.407919+00:00
Italia Serie A 2026/2027,Juventus - AC Milan,2026-09-06T18:45:00+00:00,finished,3,1-1,Juventus,,,0,,0,0,0,,,0,0,0,0,0,0,0,0,0,0,0,0,0,0,0,0,0,0,0,0,0,0,0,0,0,0,0,0,0,0,2026-09-07T05:01:47.516703+00:00
Italia Serie A 2026/2027,Juventus - AC Milan,2026-09-06T18:45:00+00:00,finished,3,1-1,AC Milan,Adrien Rabiot,M,61,6.7,46,0,0,0.0475,0.0274054,1,0,0,38,30,2,1,0,0,0,0,4,1,1,1,1,1,1,0,3,0,0,8,2,0,0,0,0,0,0,2026-09-07T05:01:47.516424+00:00
Italia Serie A 2026/2027,Juventus - AC Milan,2026-09-06T18:45:00+00:00,finished,3,1-1,AC Milan,Alexis Saelemaekers,M,61,6.4,33,0,0,,0.0357577,0,0,0,24,19,0,0,0,0,3,0,2,4,0,0,1,1,0,0,4,0,0,9,1,0,0,0,0,0,0,2026-09-07T05:01:47.516431+00:00
Italia Serie A 2026/2027,Juventus - AC Milan,2026-09-06T18:45:00+00:00,finished,3,1-1,AC Milan,Alphadjo Cissè,F,29,7.3,9,1,0,0.0357,0.00144425,1,1,0,4,4,0,0,0,0,3,1,1,3,0,1,0,0,0,0,0,0,0,2,0,0,1,0,0,1,0,2026-09-07T05:01:47.516453+00:00
Italia Serie A 2026/2027,Juventus - AC Milan,2026-09-06T18:45:00+00:00,finished,3,1-1,AC Milan,Ardon Jashari,M,8,6.5,4,0,0,,0.00238267,0,0,0,3,2,1,1,0,0,0,0,0,0,0,0,0,0,0,0,0,0,0,1,0,0,0,0,0,1,0,2026-09-07T05:01:47.516475+00:00
Italia Serie A 2026/2027,Juventus - AC Milan,2026-09-06T18:45:00+00:00,finished,3,1-1,Juventus,Augusto Owusu,M,0,,0,0,0,,,0,0,0,0,0,0,0,0,0,0,0,0,0,0,0,0,0,0,0,0,0,0,0,0,0,0,0,0,0,0,2026-09-07T05:01:47.516681+00:00
Italia Serie A 2026/2027,Juventus - AC Milan,2026-09-06T18:45:00+00:00,finished,3,1-1,Juventus,Carlo Pinsoglio,G,0,,0,0,0,,,0,0,0,0,0,0,0,0,0,0,0,0,0,0,0,0,0,0,0,0,0,0,0,0,0,0,0,0,0,0,2026-09-07T05:01:47.516697+00:00
Italia Serie A 2026/2027,Juventus - AC Milan,2026-09-06T18:45:00+00:00,finished,3,1-1,AC Milan,Christian Comotto,M,0,,0,0,0,,,0,0,0,0,0,0,0,0,0,0,0,0,0,0,0,0,0,0,0,0,0,0,0,0,0,0,0,0,0,0,2026-09-07T05:01:47.516523+00:00
Italia Serie A 2026/2027,Juventus - AC Milan,2026-09-06T18:45:00+00:00,finished,3,1-1,AC Milan,Christian Pulišić,F,0,,0,0,0,,,0,0,0,0,0,0,0,0,0,0,0,0,0,0,0,0,0,0,0,0,0,0,0,0,0,0,0,0,0,0,2026-09-07T05:01:47.516482+00:00
Italia Serie A 2026/2027,Juventus - AC Milan,2026-09-06T18:45:00+00:00,finished,3,1-1,Juventus,Daniele Rugani,D,0,,0,0,0,,,0,0,0,0,0,0,0,0,0,0,0,0,0,0,0,0,0,0,0,0,0,0,0,0,0,0,0,0,0,0,2026-09-07T05:01:47.516666+00:00
Italia Serie A 2026/2027,Juventus - AC Milan,2026-09-06T18:45:00+00:00,finished,3,1-1,AC Milan,Davide Bartesaghi,M,0,,0,0,0,,,0,0,0,0,0,0,0,0,0,0,0,0,0,0,0,0,0,0,0,0,0,0,0,0,0,0,0,0,0,0,2026-09-07T05:01:47.516516+00:00
Italia Serie A 2026/2027,Juventus - AC Milan,2026-09-06T18:45:00+00:00,finished,3,1-1,AC Milan,Diego Moreira,M,61,6.3,60,0,0,,0.019439,0,0,0,31,27,2,0,5,0,2,0,2,6,0,0,2,1,2,1,1,0,0,18,0,1,0,0,0,0,0,2026-09-07T05:01:47.516438+00:00
Italia Serie A 2026/2027,Juventus - AC Milan,2026-09-06T18:45:00+00:00,finished,3,1-1,Juventus,Douglas Luiz,M,76,6.8,67,0,0,0.0195,0.142669,1,0,2,52,42,5,4,5,0,2,1,3,4,0,0,1,1,0,0,2,1,0,17,1,1,0,0,0,1,0,2026-09-07T05:01:47.516603+00:00
Italia Serie A 2026/2027,Juventus - AC Milan,2026-09-06T18:45:00+00:00,finished,3,1-1,Juventus,Edon Zhegrova,F,8,6.6,4,0,0,,0.00148941,0,0,0,2,2,1,1,0,0,0,0,0,0,0,0,0,0,2,0,1,0,0,0,0,0,0,0,0,0,0,2026-09-07T05:01:47.516647+00:00
Italia Serie A 2026/2027,Juventus - AC Milan,2026-09-06T18:45:00+00:00,finished,3,1-1,Juventus,Federico Gatti,D,8,7.6,3,1,0,0.2803,0.00222165,1,1,0,2,2,0,0,0,0,0,0,0,0,0,0,0,0,0,0,0,0,0,0,0,0,1,0,0,0,0,2026-09-07T05:01:47.516654+00:00
Italia Serie A 2026/2027,Juventus - AC Milan,2026-09-06T18:45:00+00:00,finished,3,1-1,AC Milan,Fikayo Tomori,D,0,,0,0,0,,,0,0,0,0,0,0,0,0,0,0,0,0,0,0,0,0,0,0,0,0,0,0,0,0,0,0,0,0,0,0,2026-09-07T05:01:47.516509+00:00
Italia Serie A 2026/2027,Juventus - AC Milan,2026-09-06T18:45:00+00:00,finished,3,1-1,AC Milan,Filippo Terracciano,D,8,6.5,6,0,0,,0.00089496,0,0,0,4,4,0,0,0,0,0,0,2,0,1,0,0,0,1,0,0,0,0,0,1,0,0,0,0,1,0,2026-09-07T05:01:47.516468+00:00
Italia Serie A 2026/2027,Juventus - AC Milan,2026-09-06T18:45:00+00:00,finished,3,1-1,AC Milan,Francesco Camarda,F,0,,0,0,0,,,0,0,0,0,0,0,0,0,0,0,0,0,0,0,0,0,0,0,0,0,0,0,0,0,0,0,0,0,0,0,2026-09-07T05:01:47.516537+00:00
Italia Serie A 2026/2027,Juventus - AC Milan,2026-09-06T18:45:00+00:00,finished,3,1-1,Juventus,Francisco Conceição,F,88,7.3,43,0,0,0.2499,0.0493504,3,2,0,30,24,1,1,3,0,1,0,2,5,0,0,1,1,0,0,4,0,1,13,1,2,0,0,0,1,0,2026-09-07T05:01:47.516588+00:00
Italia Serie A 2026/2027,Juventus - AC Milan,2026-09-06T18:45:00+00:00,finished,3,1-1,Juventus,Gleison Bremer,D,90,6.7,64,0,0,,0.0137793,0,0,1,48,43,4,2,0,0,1,1,4,4,2,3,1,1,6,2,5,0,1,8,0,1,0,0,0,1,0,2026-09-07T05:01:47.516573+00:00
Italia Serie A 2026/2027,Juventus - AC Milan,2026-09-06T18:45:00+00:00,finished,3,1-1,AC Milan,Gonçalo Ramos,F,90,6.7,35,0,0,,0.0297302,0,0,1,21,14,1,1,0,0,0,0,9,7,5,2,3,1,1,0,1,0,2,14,1,4,0,0,0,1,0,2026-09-07T05:01:47.516330+00:00
Italia Serie A 2026/2027,Juventus - AC Milan,2026-09-06T18:45:00+00:00,finished,3,1-1,Juventus,Guglielmo Vicario,G,90,6.3,26,0,0,,0.00106969,0,0,0,20,15,11,6,0,0,0,0,1,0,1,0,0,0,1,0,5,0,0,6,0,0,0,0,0,1,0,2026-09-07T05:01:47.516544+00:00
Italia Serie A 2026/2027,Juventus - AC Milan,2026-09-06T18:45:00+00:00,finished,3,1-1,Juventus,Jhon Lucumí,D,90,7.0,68,0,0,,0.0238882,0,0,1,60,54,7,3,0,0,0,0,5,2,2,1,3,3,2,1,4,0,0,6,0,0,0,0,0,1,0,2026-09-07T05:01:47.516564+00:00
Italia Serie A 2026/2027,Juventus - AC Milan,2026-09-06T18:45:00+00:00,finished,3,1-1,Juventus,Jérémie Boga,F,26,7.0,13,0,0,0.0295,0.249842,1,1,1,6,5,0,0,3,1,0,0,0,0,0,0,0,0,0,0,0,0,0,5,0,0,0,0,0,1,0,2026-09-07T05:01:47.516632+00:00
Italia Serie A 2026/2027,Juventus - AC Milan,2026-09-06T18:45:00+00:00,finished,3,1-1,Juventus,Kamil Grabara,G,0,,0,0,0,,,0,0,0,0,0,0,0,0,0,0,0,0,0,0,0,0,0,0,0,0,0,0,0,0,0,0,0,0,0,0,2026-09-07T05:01:47.516689+00:00
Italia Serie A 2026/2027,Juventus - AC Milan,2026-09-06T18:45:00+00:00,finished,3,1-1,Juventus,Kerim Alajbegović,M,64,6.7,39,0,0,0.0254,0.0220672,2,0,0,25,23,0,0,2,0,4,2,3,5,0,1,0,0,0,0,7,0,1,8,1,1,0,0,0,0,0,2026-09-07T05:01:47.516610+00:00
Italia Serie A 2026/2027,Juventus - AC Milan,2026-09-06T18:45:00+00:00,finished,3,1-1,AC Milan,Koni De Winter,D,90,7.3,58,0,0,,0.00161601,0,0,0,45,42,1,1,0,0,1,1,3,2,1,1,1,1,9,1,2,0,0,3,0,1,1,0,0,1,0,2026-09-07T05:01:47.516379+00:00
Italia Serie A 2026/2027,Juventus - AC Milan,2026-09-06T18:45:00+00:00,finished,3,1-1,Juventus,Lloyd Kelly,D,0,,0,0,0,,,0,0,0,0,0,0,0,0,0,0,0,0,0,0,0,0,0,0,0,0,0,0,0,0,0,0,0,0,0,0,2026-09-07T05:01:47.516712+00:00
Italia Serie A 2026/2027,Juventus - AC Milan,2026-09-06T18:45:00+00:00,finished,3,1-1,AC Milan,Lorenzo Torriani,G,0,,0,0,0,,,0,0,0,0,0,0,0,0,0,0,0,0,0,0,0,0,0,0,0,0,0,0,0,0,0,0,0,0,0,0,2026-09-07T05:01:47.516488+00:00
Italia Serie A 2026/2027,Juventus - AC Milan,2026-09-06T18:45:00+00:00,finished,3,1-1,AC Milan,Luka Modrić,M,82,7.4,83,0,0,,0.0529913,0,0,0,70,66,3,2,1,0,2,0,5,2,0,0,3,1,0,2,8,0,0,7,2,0,0,0,0,0,0,2026-09-07T05:01:47.516417+00:00
Italia Serie A 2026/2027,Juventus - AC Milan,2026-09-06T18:45:00+00:00,finished,3,1-1,Juventus,Manuel Locatelli,M,90,7.0,92,0,0,0.6545,0.269974,2,0,1,74,59,7,3,0,0,0,0,6,6,1,2,3,2,3,0,1,0,2,18,2,1,0,0,0,1,0,2026-09-07T05:01:47.516558+00:00
Italia Serie A 2026/2027,Juventus - AC Milan,2026-09-06T18:45:00+00:00,finished,3,1-1,AC Milan,Mario Gila,D,88,6.8,69,0,0,,0.00814039,0,0,0,60,56,8,6,0,0,1,0,3,5,3,0,0,0,1,1,2,0,0,6,0,2,0,0,0,0,0,2026-09-07T05:01:47.516410+00:00
Italia Serie A 2026/2027,Juventus - AC Milan,2026-09-06T18:45:00+00:00,finished,3,1-1,AC Milan,Mike Maignan,G,90,7.7,40,0,0,,0.00276669,0,0,0,30,20,17,7,0,0,0,0,1,0,1,0,0,0,1,0,7,0,0,10,0,0,0,0,4,1,1,2026-09-07T05:01:47.516370+00:00
Italia Serie A 2026/2027,Juventus - AC Milan,2026-09-06T18:45:00+00:00,finished,3,1-1,Juventus,Nick Woltemade,F,14,6.6,8,0,0,0.0888,0.00121498,1,0,0,4,3,0,0,0,0,0,0,2,0,0,0,0,0,0,0,0,0,0,2,2,0,0,0,0,0,0,2026-09-07T05:01:47.516639+00:00
Italia Serie A 2026/2027,Juventus - AC Milan,2026-09-06T18:45:00+00:00,finished,3,1-1,Juventus,Nicolás González,M,64,6.8,38,0,0,0.0583,0.0247092,1,1,1,25,20,1,0,0,0,4,2,4,5,0,2,1,0,0,1,8,0,1,10,1,0,0,0,0,0,0,2026-09-07T05:01:47.516618+00:00
Italia Serie A 2026/2027,Juventus - AC Milan,2026-09-06T18:45:00+00:00,finished,3,1-1,AC Milan,Omari Hutchinson,M,0,,0,0,0,,,0,0,0,0,0,0,0,0,0,0,0,0,0,0,0,0,0,0,0,0,0,0,0,0,0,0,0,0,0,0,2026-09-07T05:01:47.516530+00:00
Italia Serie A 2026/2027,Juventus - AC Milan,2026-09-06T18:45:00+00:00,finished,3,1-1,AC Milan,Pervis Estupiñán,M,90,6.5,66,0,0,0.0092,0.0274766,1,0,0,39,34,1,1,2,0,0,0,2,5,1,1,1,1,6,3,3,1,1,11,0,3,1,0,0,1,0,2026-09-07T05:01:47.516402+00:00
Italia Serie A 2026/2027,Juventus - AC Milan,2026-09-06T18:45:00+00:00,finished,3,1-1,Juventus,Pierre Kalulu,D,90,6.5,68,0,0,,0.0133512,0,0,0,41,36,0,0,2,0,0,0,3,2,0,1,2,1,2,0,5,0,0,12,1,1,0,0,0,1,0,2026-09-07T05:01:47.516580+00:00
Italia Serie A 2026/2027,Juventus - AC Milan,2026-09-06T18:45:00+00:00,finished,3,1-1,AC Milan,Pietro Terracciano,G,0,,0,0,0,,,0,0,0,0,0,0,0,0,0,0,0,0,0,0,0,0,0,0,0,0,0,0,0,0,0,0,0,0,0,0,2026-09-07T05:01:47.516495+00:00
Italia Serie A 2026/2027,Juventus - AC Milan,2026-09-06T18:45:00+00:00,finished,3,1-1,Juventus,Randal Kolo Muani,F,90,5.8,32,0,0,0.1691,0.0102254,1,0,0,16,11,1,0,1,0,3,0,2,9,1,4,1,0,1,0,2,1,0,14,0,1,0,0,0,1,0,2026-09-07T05:01:47.516551+00:00
Italia Serie A 2026/2027,Juventus - AC Milan,2026-09-06T18:45:00+00:00,finished,3,1-1,AC Milan,Ruben Loftus-Cheek,M,29,6.5,15,0,0,,0.00603247,0,0,0,10,10,1,1,0,0,2,1,1,4,0,3,0,0,0,0,0,0,0,1,0,0,0,0,0,1,0,2026-09-07T05:01:47.516446+00:00
Italia Serie A 2026/2027,Juventus - AC Milan,2026-09-06T18:45:00+00:00,finished,3,1-1,AC Milan,Samuel Chukwueze,F,29,6.7,18,0,1,,0.00979166,0,0,1,13,7,1,1,1,0,0,0,0,0,0,0,0,0,0,0,2,0,0,8,0,0,0,0,0,1,0,2026-09-07T05:01:47.516461+00:00
Italia Serie A 2026/2027,Juventus - AC Milan,2026-09-06T18:45:00+00:00,finished,3,1-1,AC Milan,Sankhoun Diawara,D,0,,0,0,0,,,0,0,0,0,0,0,0,0,0,0,0,0,0,0,0,0,0,0,0,0,0,0,0,0,0,0,0,0,0,0,2026-09-07T05:01:47.516502+00:00
Italia Serie A 2026/2027,Juventus - AC Milan,2026-09-06T18:45:00+00:00,finished,3,1-1,AC Milan,Strahinja Pavlović,D,90,7.1,68,0,0,,0.00662256,0,0,0,47,40,3,0,0,0,2,2,9,1,2,0,4,3,7,1,5,0,0,7,1,0,0,0,0,1,0,2026-09-07T05:01:47.516387+00:00
Italia Serie A 2026/2027,Juventus - AC Milan,2026-09-06T18:45:00+00:00,finished,3,1-1,Juventus,Teun Koopmeiners,M,26,7.0,25,0,1,0.0376,0.183949,1,0,1,16,15,0,0,3,1,0,0,1,1,1,0,0,0,1,1,3,1,0,4,0,1,0,0,0,1,0,2026-09-07T05:01:47.516624+00:00
Italia Serie A 2026/2027,Juventus - AC Milan,2026-09-06T18:45:00+00:00,finished,3,1-1,AC Milan,Yunus Musah,M,90,6.4,51,0,0,,0.0144553,0,0,0,40,37,0,0,0,0,2,1,3,1,1,0,0,0,1,1,6,0,0,7,1,0,0,0,0,1,0,2026-09-07T05:01:47.516395+00:00
Italia Serie A 2026/2027,Juventus - AC Milan,2026-09-06T18:45:00+00:00,finished,3,1-1,Juventus,Zeki Çelik,D,88,6.5,59,0,0,,0.0164029,0,0,1,33,27,3,1,2,0,2,1,5,4,1,2,2,2,1,0,2,0,0,10,1,1,0,0,0,1,0,2026-09-07T05:01:47.516595+00:00
Italia Serie A 2026/2027,Cagliari - Lecce,2026-09-07T16:30:00+00:00,finished,3,1-0,Lecce,,,66,6.8,64,0,0,0.0367,0.0126297,1,0,0,55,51,4,4,3,0,0,0,1,1,0,0,1,1,2,0,3,0,0,7,0,0,0,0,0,1,0,2026-09-08T05:01:43.514860+00:00
Italia Serie A 2026/2027,Cagliari - Lecce,2026-09-07T16:30:00+00:00,finished,3,1-0,Lecce,,,0,,0,0,0,,,0,0,0,0,0,0,0,0,0,0,0,0,0,0,0,0,0,0,0,0,0,0,0,0,0,0,0,0,0,0,2026-09-08T05:01:43.515020+00:00
Italia Serie A 2026/2027,Cagliari - Lecce,2026-09-07T16:30:00+00:00,finished,3,1-0,Cagliari,,,16,6.7,9,0,0,0.0921,0.00327068,1,1,0,5,5,0,0,0,0,1,0,0,2,0,1,0,0,0,0,3,0,0,2,0,0,0,0,0,0,0,2026-09-08T05:01:43.515198+00:00
Italia Serie A 2026/2027,Cagliari - Lecce,2026-09-07T16:30:00+00:00,finished,3,1-0,Cagliari,Adam Obert,D,90,6.6,46,0,0,0.0118,0.00674532,1,1,1,28,23,2,1,3,0,0,0,1,4,1,2,0,0,3,1,4,0,0,10,0,1,0,0,0,0,0,2026-09-08T05:01:43.515081+00:00
Italia Serie A 2026/2027,Cagliari - Lecce,2026-09-07T16:30:00+00:00,finished,3,1-0,Cagliari,Alen Sherri,G,0,,0,0,0,,,0,0,0,0,0,0,0,0,0,0,0,0,0,0,0,0,0,0,0,0,0,0,0,0,0,0,0,0,0,0,2026-09-08T05:01:43.515278+00:00
Italia Serie A 2026/2027,Cagliari - Lecce,2026-09-07T16:30:00+00:00,finished,3,1-0,Cagliari,Alessandro Deiola,M,90,7.3,51,0,0,,0.0170868,0,0,0,37,32,6,3,0,0,0,0,4,1,0,1,3,2,5,1,5,0,0,6,1,0,1,0,0,0,0,2026-09-08T05:01:43.515074+00:00
Italia Serie A 2026/2027,Cagliari - Lecce,2026-09-07T16:30:00+00:00,finished,3,1-0,Cagliari,Alessandro Romano,M,90,6.8,56,0,0,0.0235,0.15826,2,1,1,34,27,1,0,5,2,0,0,4,5,0,1,2,2,4,0,3,0,2,13,2,1,0,0,0,0,0,2026-09-08T05:01:43.515088+00:00
Italia Serie A 2026/2027,Cagliari - Lecce,2026-09-07T16:30:00+00:00,finished,3,1-0,Lecce,Ali Dembélé,D,0,,0,0,0,,,0,0,0,0,0,0,0,0,0,0,0,0,0,0,0,0,0,0,0,0,0,0,0,0,0,0,0,0,0,0,2026-09-08T05:01:43.515029+00:00
Italia Serie A 2026/2027,Cagliari - Lecce,2026-09-07T16:30:00+00:00,finished,3,1-0,Cagliari,Alieu Fadera,F,24,6.6,15,0,0,0.0813,0.00185,2,1,1,6,3,2,1,1,0,0,0,2,4,0,0,1,1,0,1,2,0,1,6,1,3,0,0,0,0,0,2026-09-08T05:01:43.515184+00:00
Italia Serie A 2026/2027,Cagliari - Lecce,2026-09-07T16:30:00+00:00,finished,3,1-0,Lecce,Amar Fatah,F,45,6.8,17,0,0,0.012,0.0138185,1,0,0,11,7,1,0,0,0,1,1,3,0,0,0,2,1,0,0,0,1,0,4,0,0,0,0,0,0,0,2026-09-08T05:01:43.514922+00:00
Italia Serie A 2026/2027,Cagliari - Lecce,2026-09-07T16:30:00+00:00,finished,3,1-0,Lecce,Antonino Gallo,D,90,6.8,55,0,0,,0.241821,0,0,1,32,21,8,4,1,0,0,0,1,3,0,3,1,0,3,1,3,0,0,18,0,0,0,0,0,1,0,2026-09-08T05:01:43.514822+00:00
Italia Serie A 2026/2027,Cagliari - Lecce,2026-09-07T16:30:00+00:00,finished,3,1-0,Cagliari,Boris Radunović,G,0,,0,0,0,,,0,0,0,0,0,0,0,0,0,0,0,0,0,0,0,0,0,0,0,0,0,0,0,0,0,0,0,0,0,0,2026-09-08T05:01:43.515272+00:00
Italia Serie A 2026/2027,Cagliari - Lecce,2026-09-07T16:30:00+00:00,finished,3,1-0,Lecce,Corrie Ndaba,D,0,,0,0,0,,,0,0,0,0,0,0,0,0,0,0,0,0,0,0,0,0,0,0,0,0,0,0,0,0,0,0,0,0,0,0,2026-09-08T05:01:43.515037+00:00
Italia Serie A 2026/2027,Cagliari - Lecce,2026-09-07T16:30:00+00:00,finished,3,1-0,Cagliari,Daniel Maldini,F,66,7.9,42,1,0,0.704,0.0983414,5,1,1,16,13,0,0,0,0,2,1,4,4,0,1,0,0,2,1,1,1,2,13,3,0,0,0,0,0,0,2026-09-08T05:01:43.515169+00:00
Italia Serie A 2026/2027,Cagliari - Lecce,2026-09-07T16:30:00+00:00,finished,3,1-0,Lecce,Danilo Veiga,D,90,6.7,73,0,0,,0.0967786,0,0,1,49,38,4,1,3,1,1,0,3,3,1,1,1,1,3,0,2,0,0,17,1,1,0,0,0,1,0,2026-09-08T05:01:43.514797+00:00
Italia Serie A 2026/2027,Cagliari - Lecce,2026-09-07T16:30:00+00:00,finished,3,1-0,Cagliari,Demi Akarakiri,M,0,,0,0,0,,,0,0,0,0,0,0,0,0,0,0,0,0,0,0,0,0,0,0,0,0,0,0,0,0,0,0,0,0,0,0,2026-09-08T05:01:43.515223+00:00
Italia Serie A 2026/2027,Cagliari - Lecce,2026-09-07T16:30:00+00:00,finished,3,1-0,Cagliari,Elia Caprile,G,90,7.8,39,0,0,,0.0013065,0,0,0,32,19,15,3,0,0,0,0,1,0,1,0,0,0,1,0,11,0,0,13,0,0,0,0,3,0,1,2026-09-08T05:01:43.515059+00:00
Italia Serie A 2026/2027,Cagliari - Lecce,2026-09-07T16:30:00+00:00,finished,3,1-0,Lecce,Gaby Jean,D,0,,0,0,0,,,0,0,0,0,0,0,0,0,0,0,0,0,0,0,0,0,0,0,0,0,0,0,0,0,0,0,0,0,0,0,2026-09-08T05:01:43.514993+00:00
Italia Serie A 2026/2027,Cagliari - Lecce,2026-09-07T16:30:00+00:00,finished,3,1-0,Cagliari,Giuseppe Aurelio,M,0,,0,0,0,,,0,0,0,0,0,0,0,0,0,0,0,0,0,0,0,0,0,0,0,0,0,0,0,0,0,0,0,0,0,0,2026-09-08T05:01:43.515251+00:00
Italia Serie A 2026/2027,Cagliari - Lecce,2026-09-07T16:30:00+00:00,finished,3,1-0,Cagliari,Harry Winks,M,90,7.2,65,0,0,0.0167,0.0237548,1,0,0,53,47,4,2,1,0,0,0,2,1,0,0,1,1,1,3,6,1,0,7,1,0,0,0,0,0,0,2026-09-08T05:01:43.515095+00:00
Italia Serie A 2026/2027,Cagliari - Lecce,2026-09-07T16:30:00+00:00,finished,3,1-0,Cagliari,Ivan Sulev,M,0,,0,0,0,,,0,0,0,0,0,0,0,0,0,0,0,0,0,0,0,0,0,0,0,0,0,0,0,0,0,0,0,0,0,0,2026-09-08T05:01:43.515258+00:00
Italia Serie A 2026/2027,Cagliari - Lecce,2026-09-07T16:30:00+00:00,finished,3,1-0,Cagliari,Jacopo Fazzini,F,61,7.4,54,0,1,0.0688,0.228534,2,0,3,29,27,0,0,6,2,3,1,5,4,0,0,2,2,2,1,4,1,1,12,2,0,0,0,0,0,0,2026-09-08T05:01:43.515176+00:00
Italia Serie A 2026/2027,Cagliari - Lecce,2026-09-07T16:30:00+00:00,finished,3,1-0,Lecce,Jamil Siebert,D,24,6.4,32,0,0,0.1455,0.00171921,1,0,0,24,20,4,2,0,0,0,0,3,2,1,1,0,0,1,0,2,0,1,5,2,0,1,0,0,0,0,2026-09-08T05:01:43.514956+00:00
Italia Serie A 2026/2027,Cagliari - Lecce,2026-09-07T16:30:00+00:00,finished,3,1-0,Cagliari,Joseph Liteta,M,0,,0,0,0,,,0,0,0,0,0,0,0,0,0,0,0,0,0,0,0,0,0,0,0,0,0,0,0,0,0,0,0,0,0,0,2026-09-08T05:01:43.515230+00:00
Italia Serie A 2026/2027,Cagliari - Lecce,2026-09-07T16:30:00+00:00,finished,3,1-0,Lecce,Joël Monteiro,M,66,6.4,32,0,0,0.0156,0.0162756,1,0,1,14,9,1,1,0,0,6,2,8,8,3,0,3,2,2,0,0,0,0,13,0,4,0,0,0,1,0,2026-09-08T05:01:43.514845+00:00
Italia Serie A 2026/2027,Cagliari - Lecce,2026-09-07T16:30:00+00:00,finished,3,1-0,Cagliari,Juan Rodríguez,D,66,7.2,43,0,0,,0.00232775,0,0,0,36,31,6,3,0,0,0,0,3,0,1,0,1,1,1,2,2,0,0,6,1,0,0,0,0,0,0,2026-09-08T05:01:43.515160+00:00
Italia Serie A 2026/2027,Cagliari - Lecce,2026-09-07T16:30:00+00:00,finished,3,1-0,Lecce,Kialonda Gaspar,D,66,6.3,70,0,0,,0.00417018,0,0,0,61,53,6,0,0,0,0,0,3,4,1,0,2,2,3,0,1,0,0,8,0,3,1,0,0,1,0,2026-09-08T05:01:43.514853+00:00
Italia Serie A 2026/2027,Cagliari - Lecce,2026-09-07T16:30:00+00:00,finished,3,1-0,Lecce,Lassana Coulibaly,M,90,6.9,68,0,0,0.0967,0.0209861,1,1,2,55,47,2,0,0,0,0,0,4,3,1,0,1,0,0,0,4,0,2,13,2,0,0,0,0,1,0,2026-09-08T05:01:43.514830+00:00
Italia Serie A 2026/2027,Cagliari - Lecce,2026-09-07T16:30:00+00:00,finished,3,1-0,Lecce,Marco Bleve,G,0,,0,0,0,,,0,0,0,0,0,0,0,0,0,0,0,0,0,0,0,0,0,0,0,0,0,0,0,0,0,0,0,0,0,0,2026-09-08T05:01:43.515044+00:00
Italia Serie A 2026/2027,Cagliari - Lecce,2026-09-07T16:30:00+00:00,finished,3,1-0,Cagliari,Mattia Felici,F,13,6.8,9,0,0,0.0832,0.00262188,1,1,1,5,3,0,0,0,0,1,1,1,0,0,0,0,0,0,0,1,0,0,4,0,0,0,0,0,0,0,2026-09-08T05:01:43.515215+00:00
Italia Serie A 2026/2027,Cagliari - Lecce,2026-09-07T16:30:00+00:00,finished,3,1-0,Lecce,Medon Berisha,M,8,6.8,15,0,0,0.0124,0.0234479,1,1,0,9,4,0,0,4,0,0,0,0,0,0,0,0,0,0,0,2,0,0,9,0,0,0,0,0,0,0,2026-09-08T05:01:43.514971+00:00
Italia Serie A 2026/2027,Cagliari - Lecce,2026-09-07T16:30:00+00:00,finished,3,1-0,Cagliari,Michel Adopo,M,90,6.7,45,0,0,0.0457,0.0662693,2,2,1,36,32,1,1,1,0,1,0,2,5,2,2,0,0,1,0,4,0,1,9,0,2,0,0,0,0,0,2026-09-08T05:01:43.515051+00:00
Italia Serie A 2026/2027,Cagliari - Lecce,2026-09-07T16:30:00+00:00,finished,3,1-0,Lecce,N'Dri Konan,F,24,6.7,16,0,0,,0.00745248,0,0,0,7,4,0,0,1,0,1,1,3,0,0,0,0,0,0,0,2,0,0,7,2,0,0,0,0,0,0,2026-09-08T05:01:43.514948+00:00
Italia Serie A 2026/2027,Cagliari - Lecce,2026-09-07T16:30:00+00:00,finished,3,1-0,Cagliari,Nicola Grandu,D,0,,0,0,0,,,0,0,0,0,0,0,0,0,0,0,0,0,0,0,0,0,0,0,0,0,0,0,0,0,0,0,0,0,0,0,2026-09-08T05:01:43.515237+00:00
Italia Serie A 2026/2027,Cagliari - Lecce,2026-09-07T16:30:00+00:00,finished,3,1-0,Lecce,Nikola Štulić,F,90,6.0,25,0,0,0.0712,0.0131982,2,1,0,16,13,0,0,0,0,0,0,1,4,1,1,0,0,1,0,3,1,2,7,0,1,0,0,0,1,0,2026-09-08T05:01:43.514752+00:00
Italia Serie A 2026/2027,Cagliari - Lecce,2026-09-07T16:30:00+00:00,finished,3,1-0,Lecce,Olaf Gorter,M,0,,0,0,0,,,0,0,0,0,0,0,0,0,0,0,0,0,0,0,0,0,0,0,0,0,0,0,0,0,0,0,0,0,0,0,2026-09-08T05:01:43.514999+00:00
Italia Serie A 2026/2027,Cagliari - Lecce,2026-09-07T16:30:00+00:00,finished,3,1-0,Lecce,Omri Gandelman,M,0,,0,0,0,,,0,0,0,0,0,0,0,0,0,0,0,0,0,0,0,0,0,0,0,0,0,0,0,0,0,0,0,0,0,0,2026-09-08T05:01:43.515013+00:00
Italia Serie A 2026/2027,Cagliari - Lecce,2026-09-07T16:30:00+00:00,finished,3,1-0,Lecce,Oumar Ngom,M,45,7.2,41,0,0,0.0166,0.0226502,2,0,1,33,24,5,4,1,0,0,0,5,0,0,0,5,3,0,0,5,1,0,10,0,0,0,0,0,1,0,2026-09-08T05:01:43.514939+00:00
Italia Serie A 2026/2027,Cagliari - Lecce,2026-09-07T16:30:00+00:00,finished,3,1-0,Lecce,Paco Esteban,F,0,,0,0,0,,,0,0,0,0,0,0,0,0,0,0,0,0,0,0,0,0,0,0,0,0,0,0,0,0,0,0,0,0,0,0,2026-09-08T05:01:43.514978+00:00
Italia Serie A 2026/2027,Cagliari - Lecce,2026-09-07T16:30:00+00:00,finished,3,1-0,Cagliari,Paul Mendy,F,74,6.0,34,0,0,0.1978,0.0105415,2,1,1,16,13,0,0,1,0,0,0,3,12,1,4,0,0,1,0,4,0,6,12,2,2,0,0,0,0,0,2026-09-08T05:01:43.515144+00:00
Italia Serie A 2026/2027,Cagliari - Lecce,2026-09-07T16:30:00+00:00,finished,3,1-0,Lecce,Plamen Penev,G,0,,0,0,0,,,0,0,0,0,0,0,0,0,0,0,0,0,0,0,0,0,0,0,0,0,0,0,0,0,0,0,0,0,0,0,2026-09-08T05:01:43.514986+00:00
Italia Serie A 2026/2027,Cagliari - Lecce,2026-09-07T16:30:00+00:00,finished,3,1-0,Cagliari,Raphael Kofler,D,24,7.0,10,0,0,0.0327,0.0178093,1,0,1,3,2,1,0,0,0,0,0,1,0,1,0,0,0,5,0,0,1,0,1,0,0,0,0,0,0,0,2026-09-08T05:01:43.515191+00:00
Italia Serie A 2026/2027,Cagliari - Lecce,2026-09-07T16:30:00+00:00,finished,3,1-0,Cagliari,Riccardo Ciervo,M,0,,0,0,0,,,0,0,0,0,0,0,0,0,0,0,0,0,0,0,0,0,0,0,0,0,0,0,0,0,0,0,0,0,0,0,2026-09-08T05:01:43.515244+00:00
Italia Serie A 2026/2027,Cagliari - Lecce,2026-09-07T16:30:00+00:00,finished,3,1-0,Cagliari,Roberto Gagliardini,M,16,6.8,15,0,0,,0.0110332,0,0,1,9,7,1,1,0,0,0,0,0,0,0,0,0,0,3,2,2,0,0,2,0,0,0,0,0,0,0,2026-09-08T05:01:43.515207+00:00
Italia Serie A 2026/2027,Cagliari - Lecce,2026-09-07T16:30:00+00:00,finished,3,1-0,Lecce,Sadik Fofana,M,0,,0,0,0,,,0,0,0,0,0,0,0,0,0,0,0,0,0,0,0,0,0,0,0,0,0,0,0,0,0,0,0,0,0,0,2026-09-08T05:01:43.515006+00:00
Italia Serie A 2026/2027,Cagliari - Lecce,2026-09-07T16:30:00+00:00,finished,3,1-0,Lecce,Santiago Pierotti,F,82,6.4,39,0,0,,0.102255,0,0,0,23,17,0,0,1,0,2,1,4,3,1,0,2,1,2,0,3,0,1,16,0,1,0,0,0,1,0,2026-09-08T05:01:43.514837+00:00
Italia Serie A 2026/2027,Cagliari - Lecce,2026-09-07T16:30:00+00:00,finished,3,1-0,Lecce,Tiago Gabriel,D,90,7.3,95,0,0,,0.0159523,0,0,0,82,77,5,2,0,0,0,0,6,4,3,1,2,2,5,0,5,0,0,6,1,2,0,0,0,1,0,2026-09-08T05:01:43.514815+00:00
Italia Serie A 2026/2027,Cagliari - Lecce,2026-09-07T16:30:00+00:00,finished,3,1-0,Lecce,Wladimiro Falcone,G,90,8.3,43,0,0,,0.00084991,0,0,0,26,20,6,1,0,0,0,0,0,1,0,1,0,0,2,0,9,0,0,6,0,0,1,0,8,1,0,2026-09-08T05:01:43.514807+00:00
Italia Serie A 2026/2027,Cagliari - Lecce,2026-09-07T16:30:00+00:00,finished,3,1-0,Cagliari,Yanis Massolin,M,0,,0,0,0,,,0,0,0,0,0,0,0,0,0,0,0,0,0,0,0,0,0,0,0,0,0,0,0,0,0,0,0,0,0,0,2026-09-08T05:01:43.515264+00:00
Italia Serie A 2026/2027,Cagliari - Lecce,2026-09-07T16:30:00+00:00,finished,3,1-0,Lecce,Youssef Maleh,M,24,6.6,27,0,0,,0.00812589,0,0,1,20,20,0,0,2,0,0,0,1,1,0,0,1,0,0,2,1,0,0,4,0,1,0,0,0,0,0,2026-09-08T05:01:43.514963+00:00
Italia Serie A 2026/2027,Cagliari - Lecce,2026-09-07T16:30:00+00:00,finished,3,1-0,Cagliari,Zé Pedro,D,90,7.1,53,0,0,,0.0294899,0,0,1,27,20,1,0,3,2,3,1,4,4,1,0,2,2,7,1,2,0,1,14,0,0,0,0,0,0,0,2026-09-08T05:01:43.515066+00:00
Italia Serie A 2026/2027,Udinese - Lazio,2026-09-07T18:45:00+00:00,finished,3,1-2,Lazio,,,53,6.1,13,0,0,,0.00012642,0,0,0,10,6,0,0,0,0,0,0,2,7,1,4,0,0,0,0,1,0,1,6,1,2,0,0,0,1,0,2026-09-08T05:01:43.608282+00:00
Italia Serie A 2026/2027,Udinese - Lazio,2026-09-07T18:45:00+00:00,finished,3,1-2,Udinese,,,0,,0,0,0,,,0,0,0,0,0,0,0,0,0,0,0,0,0,0,0,0,0,0,0,0,0,0,0,0,0,0,0,0,0,0,2026-09-08T05:01:43.608578+00:00
Italia Serie A 2026/2027,Udinese - Lazio,2026-09-07T18:45:00+00:00,finished,3,1-2,Udinese,,,0,,0,0,0,,,0,0,0,0,0,0,0,0,0,0,0,0,0,0,0,0,0,0,0,0,0,0,0,0,0,0,0,0,0,0,2026-09-08T05:01:43.608609+00:00
Italia Serie A 2026/2027,Udinese - Lazio,2026-09-07T18:45:00+00:00,finished,3,1-2,Lazio,Adrian Przyborek,M,0,,0,0,0,,,0,0,0,0,0,0,0,0,0,0,0,0,0,0,0,0,0,0,0,0,0,0,0,0,0,0,0,0,0,0,2026-09-08T05:01:43.608386+00:00
Italia Serie A 2026/2027,Udinese - Lazio,2026-09-07T18:45:00+00:00,finished,3,1-2,Lazio,Albert Guðmundsson,F,10,7.5,10,1,0,0.128,0.0213201,2,1,1,7,7,0,0,0,0,0,0,0,0,0,0,0,0,0,0,1,0,0,0,0,0,0,0,0,0,0,2026-09-08T05:01:43.608304+00:00
Italia Serie A 2026/2027,Udinese - Lazio,2026-09-07T18:45:00+00:00,finished,3,1-2,Lazio,Alfonso Pedraza,D,1,,2,0,0,,0.00253974,0,0,0,2,2,0,0,0,0,0,0,0,1,0,0,0,0,0,0,0,0,0,0,0,1,0,0,0,0,0,2026-09-08T05:01:43.608313+00:00
Italia Serie A 2026/2027,Udinese - Lazio,2026-09-07T18:45:00+00:00,finished,3,1-2,Udinese,Christian Kabasele,D,52,6.5,17,0,0,,0.0322752,0,0,0,11,10,1,0,0,0,0,0,3,2,2,1,1,1,4,0,0,0,0,1,0,1,0,0,0,2,0,2026-09-08T05:01:43.608509+00:00
Italia Serie A 2026/2027,Udinese - Lazio,2026-09-07T18:45:00+00:00,finished,3,1-2,Lazio,Christos Mandas,G,90,7.4,37,0,0,,0.00062559,0,0,0,22,17,8,3,0,0,0,0,0,0,0,0,0,0,1,0,9,0,0,6,0,0,0,0,5,1,1,2026-09-08T05:01:43.608162+00:00
Italia Serie A 2026/2027,Udinese - Lazio,2026-09-07T18:45:00+00:00,finished,3,1-2,Udinese,Daniele Padelli,G,0,,0,0,0,,,0,0,0,0,0,0,0,0,0,0,0,0,0,0,0,0,0,0,0,0,0,0,0,0,0,0,0,0,0,0,2026-09-08T05:01:43.608570+00:00
Italia Serie A 2026/2027,Udinese - Lazio,2026-09-07T18:45:00+00:00,finished,3,1-2,Lazio,Danilho Doekhi,D,90,7.2,74,0,1,0.0463,0.253117,1,0,2,59,56,2,1,1,1,0,0,3,2,3,2,0,0,8,1,0,0,0,3,0,0,0,0,0,1,0,2026-09-08T05:01:43.608240+00:00
Italia Serie A 2026/2027,Udinese - Lazio,2026-09-07T18:45:00+00:00,finished,3,1-2,Lazio,Davide Frattesi,M,80,7.4,46,1,0,0.7277,0.330144,3,1,0,27,22,2,0,0,0,3,1,5,10,0,0,1,0,0,1,4,2,5,13,3,0,0,0,0,1,0,2026-09-08T05:01:43.608265+00:00
Italia Serie A 2026/2027,Udinese - Lazio,2026-09-07T18:45:00+00:00,finished,3,1-2,Lazio,Davide Renzetti,G,0,,0,0,0,,,0,0,0,0,0,0,0,0,0,0,0,0,0,0,0,0,0,0,0,0,0,0,0,0,0,0,0,0,0,0,2026-09-08T05:01:43.608334+00:00
Italia Serie A 2026/2027,Udinese - Lazio,2026-09-07T18:45:00+00:00,finished,3,1-2,Lazio,Edoardo Motta,G,0,,0,0,0,,,0,0,0,0,0,0,0,0,0,0,0,0,0,0,0,0,0,0,0,0,0,0,0,0,0,0,0,0,0,0,2026-09-08T05:01:43.608327+00:00
Italia Serie A 2026/2027,Udinese - Lazio,2026-09-07T18:45:00+00:00,finished,3,1-2,Udinese,Enzo Ebosse,D,90,6.5,52,0,0,,0.00406525,0,0,0,41,38,10,7,2,0,0,0,3,3,2,1,0,0,3,2,2,0,0,5,1,1,0,0,0,2,0,2026-09-08T05:01:43.608443+00:00
Italia Serie A 2026/2027,Udinese - Lazio,2026-09-07T18:45:00+00:00,finished,3,1-2,Lazio,Federico Serra,F,0,,0,0,0,,,0,0,0,0,0,0,0,0,0,0,0,0,0,0,0,0,0,0,0,0,0,0,0,0,0,0,0,0,0,0,2026-09-08T05:01:43.608320+00:00
Italia Serie A 2026/2027,Udinese - Lazio,2026-09-07T18:45:00+00:00,finished,3,1-2,Udinese,Giorgi Chakvetadze,M,0,,0,0,0,,,0,0,0,0,0,0,0,0,0,0,0,0,0,0,0,0,0,0,0,0,0,0,0,0,0,0,0,0,0,0,2026-09-08T05:01:43.608586+00:00
Italia Serie A 2026/2027,Udinese - Lazio,2026-09-07T18:45:00+00:00,finished,3,1-2,Udinese,Giulio Vinciati,F,0,,0,0,0,,,0,0,0,0,0,0,0,0,0,0,0,0,0,0,0,0,0,0,0,0,0,0,0,0,0,0,0,0,0,0,2026-09-08T05:01:43.608562+00:00
Italia Serie A 2026/2027,Udinese - Lazio,2026-09-07T18:45:00+00:00,finished,3,1-2,Lazio,Gustav Isaksen,F,53,6.7,36,0,0,0.064,0.0138087,1,0,0,22,18,2,1,2,0,0,0,3,3,1,0,0,0,3,0,4,0,2,10,3,0,1,0,0,1,0,2026-09-08T05:01:43.608274+00:00
Italia Serie A 2026/2027,Udinese - Lazio,2026-09-07T18:45:00+00:00,finished,3,1-2,Udinese,Hassane Kamara,M,90,7.3,51,0,0,0.1211,0.0543466,3,2,0,19,15,3,2,5,2,3,2,6,2,0,1,4,3,0,1,3,0,0,16,0,0,0,0,0,2,0,2026-09-08T05:01:43.608419+00:00
Italia Serie A 2026/2027,Udinese - Lazio,2026-09-07T18:45:00+00:00,finished,3,1-2,Udinese,Idrissa Gueye,F,0,,0,0,0,,,0,0,0,0,0,0,0,0,0,0,0,0,0,0,0,0,0,0,0,0,0,0,0,0,0,0,0,0,0,0,2026-09-08T05:01:43.608602+00:00
Italia Serie A 2026/2027,Udinese - Lazio,2026-09-07T18:45:00+00:00,finished,3,1-2,Udinese,Jakub Piotrowski,M,15,6.4,4,0,0,,0.00714261,0,0,1,3,3,1,1,0,0,0,0,0,2,0,0,0,0,0,0,0,0,0,1,0,2,1,0,0,0,0,2026-09-08T05:01:43.608539+00:00
Italia Serie A 2026/2027,Udinese - Lazio,2026-09-07T18:45:00+00:00,finished,3,1-2,Udinese,James Abankwah,D,76,6.6,39,0,0,,0.00765565,0,0,1,26,24,4,2,1,0,0,0,3,2,0,1,2,2,3,0,6,0,0,5,1,1,0,0,0,1,0,2026-09-08T05:01:43.608451+00:00
Italia Serie A 2026/2027,Udinese - Lazio,2026-09-07T18:45:00+00:00,finished,3,1-2,Udinese,Jesper Karlström,M,90,7.4,55,1,0,0.2668,0.0115906,1,1,0,43,33,7,2,1,1,0,0,3,4,0,0,3,2,1,1,3,0,0,12,0,3,1,0,0,2,0,2026-09-08T05:01:43.608427+00:00
Italia Serie A 2026/2027,Udinese - Lazio,2026-09-07T18:45:00+00:00,finished,3,1-2,Lazio,Josip Šutalo,D,0,,0,0,0,,,0,0,0,0,0,0,0,0,0,0,0,0,0,0,0,0,0,0,0,0,0,0,0,0,0,0,0,0,0,0,2026-09-08T05:01:43.608342+00:00
Italia Serie A 2026/2027,Udinese - Lazio,2026-09-07T18:45:00+00:00,finished,3,1-2,Udinese,Jürgen Ekkelenkamp,M,90,7.0,40,0,0,0.0731,0.0698737,2,1,1,26,18,1,1,0,0,4,2,5,5,0,1,2,2,1,0,9,1,2,12,1,1,0,0,0,2,0,2026-09-08T05:01:43.608411+00:00
Italia Serie A 2026/2027,Udinese - Lazio,2026-09-07T18:45:00+00:00,finished,3,1-2,Udinese,Keinan Davis,F,76,7.2,35,0,1,0.2763,0.0993326,3,2,2,27,17,0,0,0,0,0,0,7,3,6,2,1,1,1,0,4,1,1,12,0,0,0,0,0,1,0,2026-09-08T05:01:43.608458+00:00
Italia Serie A 2026/2027,Udinese - Lazio,2026-09-07T18:45:00+00:00,finished,3,1-2,Lazio,Kenneth Taylor,M,90,6.8,77,0,0,0.0612,0.165627,2,1,2,64,57,3,1,1,1,3,1,5,7,0,0,4,3,0,1,6,0,1,10,0,2,0,0,0,1,0,2026-09-08T05:01:43.608206+00:00
Italia Serie A 2026/2027,Udinese - Lazio,2026-09-07T18:45:00+00:00,finished,3,1-2,Udinese,Lennon Miller,M,75,7.3,52,0,0,,0.0144637,0,0,1,28,26,2,2,1,1,4,3,8,5,0,0,3,2,2,4,6,0,2,7,2,2,1,0,0,2,0,2026-09-08T05:01:43.608495+00:00
Italia Serie A 2026/2027,Udinese - Lazio,2026-09-07T18:45:00+00:00,finished,3,1-2,Udinese,Maduka Okoye,G,90,8.0,43,0,0,,0.00893945,0,0,0,28,23,17,12,0,0,0,0,0,0,0,0,0,0,3,0,10,0,0,5,0,0,0,0,5,2,3,2026-09-08T05:01:43.608402+00:00
Italia Serie A 2026/2027,Udinese - Lazio,2026-09-07T18:45:00+00:00,finished,3,1-2,Lazio,Manuel Lazzari,D,0,,0,0,0,,,0,0,0,0,0,0,0,0,0,0,0,0,0,0,0,0,0,0,0,0,0,0,0,0,0,0,0,0,0,0,2026-09-08T05:01:43.608354+00:00
Italia Serie A 2026/2027,Udinese - Lazio,2026-09-07T18:45:00+00:00,finished,3,1-2,Lazio,Matteo Cancellieri,F,37,6.9,24,0,0,0.1918,0.610193,2,1,4,16,16,1,1,2,0,1,0,0,3,0,2,0,0,0,1,3,1,0,3,0,0,0,0,0,0,0,2026-09-08T05:01:43.608297+00:00
Italia Serie A 2026/2027,Udinese - Lazio,2026-09-07T18:45:00+00:00,finished,3,1-2,Lazio,Mattia Zaccagni,F,89,7.4,66,0,1,0.3899,0.557879,4,2,2,46,39,3,2,5,1,3,2,3,3,0,1,1,1,2,1,2,0,1,16,0,0,0,0,0,1,0,2026-09-08T05:01:43.608257+00:00
Italia Serie A 2026/2027,Udinese - Lazio,2026-09-07T18:45:00+00:00,finished,3,1-2,Udinese,Mërgim Vojvoda,D,90,6.8,74,0,0,,0.0383501,0,0,1,49,38,10,5,4,0,1,1,6,2,1,0,3,2,2,1,3,0,0,17,1,0,0,0,0,2,0,2026-09-08T05:01:43.608435+00:00
Italia Serie A 2026/2027,Udinese - Lazio,2026-09-07T18:45:00+00:00,finished,3,1-2,Udinese,Nicolò Bertola,D,14,6.3,14,0,0,,0.00177037,0,0,0,12,11,1,0,0,0,0,0,1,2,0,0,1,1,1,0,1,0,0,1,0,1,1,0,0,1,0,2026-09-08T05:01:43.608547+00:00
Italia Serie A 2026/2027,Udinese - Lazio,2026-09-07T18:45:00+00:00,finished,3,1-2,Lazio,Nuno Tavares,D,90,7.0,105,0,0,0.0798,0.0644001,2,1,2,65,56,4,2,10,1,5,3,8,4,0,0,1,1,0,1,8,1,1,24,4,1,0,0,0,1,0,2026-09-08T05:01:43.608225+00:00
Italia Serie A 2026/2027,Udinese - Lazio,2026-09-07T18:45:00+00:00,finished,3,1-2,Udinese,Oier Zarraga,M,14,6.5,5,0,0,,0.00077486,0,0,0,3,3,0,0,0,0,0,0,1,0,0,0,0,0,0,0,0,0,0,1,1,0,0,0,0,1,0,2026-09-08T05:01:43.608554+00:00
Italia Serie A 2026/2027,Udinese - Lazio,2026-09-07T18:45:00+00:00,finished,3,1-2,Lazio,Oliver Provstgaard,D,90,6.3,82,0,0,0.1483,0.0109951,1,0,0,73,68,2,0,0,0,0,0,4,9,3,7,1,0,3,0,6,1,0,6,0,2,0,0,0,1,0,2026-09-08T05:01:43.608233+00:00
Italia Serie A 2026/2027,Udinese - Lazio,2026-09-07T18:45:00+00:00,finished,3,1-2,Udinese,Oumar Solet,D,38,6.8,31,0,0,,0.00310243,0,0,0,24,22,2,1,0,0,0,0,3,3,1,1,1,1,1,0,2,0,1,3,1,0,0,0,0,0,0,2026-09-08T05:01:43.608532+00:00
Italia Serie A 2026/2027,Udinese - Lazio,2026-09-07T18:45:00+00:00,finished,3,1-2,Lazio,Reda Belahyane,M,90,7.0,77,0,0,,0.0411978,0,0,1,67,62,1,1,0,0,1,0,4,2,0,0,3,2,1,1,11,0,0,7,1,0,0,0,0,1,0,2026-09-08T05:01:43.608216+00:00
Italia Serie A 2026/2027,Udinese - Lazio,2026-09-07T18:45:00+00:00,finished,3,1-2,Lazio,Ricardo Bordon,D,0,,0,0,0,,,0,0,0,0,0,0,0,0,0,0,0,0,0,0,0,0,0,0,0,0,0,0,0,0,0,0,0,0,0,0,2026-09-08T05:01:43.608375+00:00
Italia Serie A 2026/2027,Udinese - Lazio,2026-09-07T18:45:00+00:00,finished,3,1-2,Lazio,Romano Floriani Mussolini,M,90,6.3,72,0,0,,0.0215453,0,0,1,48,43,0,0,2,0,0,0,3,4,0,1,3,1,2,2,6,0,1,12,0,1,0,0,0,1,0,2026-09-08T05:01:43.608249+00:00
Italia Serie A 2026/2027,Udinese - Lazio,2026-09-07T18:45:00+00:00,finished,3,1-2,Udinese,Sandi Lovrić,M,0,,0,0,0,,,0,0,0,0,0,0,0,0,0,0,0,0,0,0,0,0,0,0,0,0,0,0,0,0,0,0,0,0,0,0,2026-09-08T05:01:43.608594+00:00
Italia Serie A 2026/2027,Udinese - Lazio,2026-09-07T18:45:00+00:00,finished,3,1-2,Lazio,Tijjani Noslin,F,37,6.0,19,0,0,0.0249,0.119523,1,0,0,12,9,0,0,0,0,0,0,0,1,0,0,0,0,0,0,1,0,1,6,0,0,0,0,0,0,0,2026-09-08T05:01:43.608289+00:00
Italia Serie A 2026/2027,Udinese - Lazio,2026-09-07T18:45:00+00:00,finished,3,1-2,Udinese,Unai Gómez,M,45,6.5,16,0,0,0.0304,0.0949435,1,0,1,8,5,2,0,1,1,1,0,1,4,0,0,1,1,0,0,3,1,3,7,0,0,0,0,0,0,0,2026-09-08T05:01:43.608517+00:00
Italia Serie A 2026/2027,Udinese - Lazio,2026-09-07T18:45:00+00:00,finished,3,1-2,Udinese,Vakoun Issouf Bayo,F,45,6.8,16,0,0,,0.0108734,0,0,0,11,6,0,0,0,0,0,0,5,1,4,0,0,0,1,0,2,0,0,7,1,1,1,0,0,2,0,2026-09-08T05:01:43.608525+00:00
Italia Serie A 2026/2027,Udinese - Lazio,2026-09-07T18:45:00+00:00,finished,3,1-2,Lazio,Valerio Farcomeni,M,0,,0,0,0,,,0,0,0,0,0,0,0,0,0,0,0,0,0,0,0,0,0,0,0,0,0,0,0,0,0,0,0,0,0,0,2026-09-08T05:01:43.608394+00:00
Italia Serie A 2026/2027,Venezia - Fiorentina,2026-09-11T18:45:00+00:00,finished,4,2-4,Venezia,Akor Adams,F,90,7.2,28,1,0,0.1811,0.0171039,4,1,0,12,10,0,0,1,0,1,0,2,5,1,3,0,0,0,0,2,1,0,7,1,0,0,0,0,4,0,2026-09-12T05:01:27.691161+00:00
Italia Serie A 2026/2027,Venezia - Fiorentina,2026-09-11T18:45:00+00:00,finished,4,2-4,Venezia,Albion Rrahmani,F,0,,0,0,0,,,0,0,0,0,0,0,0,0,0,0,0,0,0,0,0,0,0,0,0,0,0,0,0,0,0,0,0,0,0,0,2026-09-12T05:01:27.691255+00:00
Italia Serie A 2026/2027,Venezia - Fiorentina,2026-09-11T18:45:00+00:00,finished,4,2-4,Venezia,Ale Gomes,D,0,,0,0,0,,,0,0,0,0,0,0,0,0,0,0,0,0,0,0,0,0,0,0,0,0,0,0,0,0,0,0,0,0,0,0,2026-09-12T05:01:27.691288+00:00
Italia Serie A 2026/2027,Venezia - Fiorentina,2026-09-11T18:45:00+00:00,finished,4,2-4,Fiorentina,Alieu Njie,F,80,7.5,40,0,0,0.6958,0.73555,3,2,3,20,16,1,1,1,0,3,3,10,5,0,1,3,2,1,0,2,0,1,7,4,1,1,0,0,1,0,2026-09-12T05:01:27.690958+00:00
Italia Serie A 2026/2027,Venezia - Fiorentina,2026-09-11T18:45:00+00:00,finished,4,2-4,Venezia,Antoine Hainaut,M,90,7.6,84,1,0,0.0983,0.216045,1,1,2,55,46,0,0,9,1,1,1,7,9,4,2,1,0,2,0,4,0,2,22,1,3,0,0,0,4,0,2026-09-12T05:01:27.691133+00:00
Italia Serie A 2026/2027,Venezia - Fiorentina,2026-09-11T18:45:00+00:00,finished,4,2-4,Fiorentina,Arthur Atta,M,60,6.9,38,0,0,,0.0942712,0,0,2,28,23,0,0,0,0,4,2,4,2,2,0,0,0,0,1,2,0,0,10,0,0,0,0,0,1,0,2026-09-12T05:01:27.690967+00:00
Italia Serie A 2026/2027,Venezia - Fiorentina,2026-09-11T18:45:00+00:00,finished,4,2-4,Fiorentina,Beto,F,60,5.7,22,0,1,0.8582,0.00468616,3,1,1,6,4,1,0,0,0,2,1,1,7,0,3,0,0,0,0,0,1,2,10,0,0,0,0,0,1,0,2026-09-12T05:01:27.690975+00:00
Italia Serie A 2026/2027,Venezia - Fiorentina,2026-09-11T18:45:00+00:00,finished,4,2-4,Fiorentina,Cher Ndour,M,90,6.5,52,0,0,0.0406,0.355802,1,0,1,37,32,1,1,1,0,1,1,3,2,0,0,2,0,1,1,3,0,1,10,0,0,0,0,0,2,0,2026-09-12T05:01:27.690840+00:00
Italia Serie A 2026/2027,Venezia - Fiorentina,2026-09-11T18:45:00+00:00,finished,4,2-4,Fiorentina,Christ Inao Oulaï,M,0,,0,0,0,,,0,0,0,0,0,0,0,0,0,0,0,0,0,0,0,0,0,0,0,0,0,0,0,0,0,0,0,0,0,0,2026-09-12T05:01:27.691049+00:00
Italia Serie A 2026/2027,Venezia - Fiorentina,2026-09-11T18:45:00+00:00,finished,4,2-4,Fiorentina,David De Gea,G,90,6.3,26,0,0,,0.003469,0,0,1,22,13,19,10,0,0,0,0,0,0,0,0,0,0,0,0,3,0,0,9,0,0,0,0,2,2,0,2026-09-12T05:01:27.690913+00:00
Italia Serie A 2026/2027,Venezia - Fiorentina,2026-09-11T18:45:00+00:00,finished,4,2-4,Fiorentina,Dodô,M,0,,0,0,0,,,0,0,0,0,0,0,0,0,0,0,0,0,0,0,0,0,0,0,0,0,0,0,0,0,0,0,0,0,0,0,2026-09-12T05:01:27.691057+00:00
Italia Serie A 2026/2027,Venezia - Fiorentina,2026-09-11T18:45:00+00:00,finished,4,2-4,Venezia,Filip Stanković,G,90,8.4,71,0,0,,0.00098127,0,0,0,52,45,10,4,0,0,1,0,0,1,0,0,0,0,2,0,15,0,0,8,0,0,0,0,6,4,1,2026-09-12T05:01:27.691074+00:00
Italia Serie A 2026/2027,Venezia - Fiorentina,2026-09-11T18:45:00+00:00,finished,4,2-4,Fiorentina,Franco Mastantuono,F,89,9.9,54,3,0,1.2297,0.284365,8,5,4,27,22,1,0,4,1,4,3,6,6,0,3,1,0,0,1,5,2,1,12,2,1,0,0,0,2,0,2026-09-12T05:01:27.690949+00:00
Italia Serie A 2026/2027,Venezia - Fiorentina,2026-09-11T18:45:00+00:00,finished,4,2-4,Venezia,Gianluca Busio,M,44,7.0,30,0,1,,0.0264656,0,0,1,23,21,2,1,2,0,0,0,2,2,0,0,2,1,2,0,2,0,0,4,0,1,0,0,0,2,0,2026-09-12T05:01:27.691212+00:00
Italia Serie A 2026/2027,Venezia - Fiorentina,2026-09-11T18:45:00+00:00,finished,4,2-4,Venezia,Joel Schingtienne,D,90,6.2,85,0,0,,0.0255651,0,0,0,76,73,1,0,0,0,1,1,3,2,1,0,1,0,3,0,4,0,0,5,0,1,1,0,0,4,0,2026-09-12T05:01:27.691082+00:00
Italia Serie A 2026/2027,Venezia - Fiorentina,2026-09-11T18:45:00+00:00,finished,4,2-4,Venezia,John Yeboah,F,80,6.8,35,0,0,0.3442,0.0423584,3,1,2,20,19,3,3,0,0,4,0,3,5,0,1,2,1,0,0,1,0,0,6,1,0,0,0,0,3,0,2026-09-12T05:01:27.691179+00:00
Italia Serie A 2026/2027,Venezia - Fiorentina,2026-09-11T18:45:00+00:00,finished,4,2-4,Fiorentina,João Mário,D,0,,0,0,0,,,0,0,0,0,0,0,0,0,0,0,0,0,0,0,0,0,0,0,0,0,0,0,0,0,0,0,0,0,0,0,2026-09-12T05:01:27.691066+00:00
Italia Serie A 2026/2027,Venezia - Fiorentina,2026-09-11T18:45:00+00:00,finished,4,2-4,Venezia,Juan Jesus,D,21,6.6,26,0,0,,0.0046769,0,0,0,22,22,0,0,0,0,0,0,2,1,0,0,2,1,1,1,4,0,0,0,0,1,0,0,0,1,0,2026-09-12T05:01:27.691220+00:00
Italia Serie A 2026/2027,Venezia - Fiorentina,2026-09-11T18:45:00+00:00,finished,4,2-4,Venezia,Kike Pérez,M,90,6.5,90,0,0,0.0441,0.15373,1,0,2,66,55,5,4,4,1,2,0,3,8,0,2,2,1,1,2,2,0,0,20,1,2,0,0,0,4,0,2026-09-12T05:01:27.691151+00:00
Italia Serie A 2026/2027,Venezia - Fiorentina,2026-09-11T18:45:00+00:00,finished,4,2-4,Venezia,Kornel Lisman,M,0,,0,0,0,,,0,0,0,0,0,0,0,0,0,0,0,0,0,0,0,0,0,0,0,0,0,0,0,0,0,0,0,0,0,0,2026-09-12T05:01:27.691295+00:00
Italia Serie A 2026/2027,Venezia - Fiorentina,2026-09-11T18:45:00+00:00,finished,4,2-4,Venezia,Lamine Fanne,M,0,,0,0,0,,,0,0,0,0,0,0,0,0,0,0,0,0,0,0,0,0,0,0,0,0,0,0,0,0,0,0,0,0,0,0,2026-09-12T05:01:27.691303+00:00
Italia Serie A 2026/2027,Venezia - Fiorentina,2026-09-11T18:45:00+00:00,finished,4,2-4,Venezia,Lion Lauberbach,F,10,6.5,4,0,0,,0.00050997,0,0,0,1,1,0,0,0,0,0,0,0,0,0,0,0,0,1,0,0,0,0,1,0,0,0,0,0,1,0,2026-09-12T05:01:27.691246+00:00
Italia Serie A 2026/2027,Venezia - Fiorentina,2026-09-11T18:45:00+00:00,finished,4,2-4,Venezia,Lorenzo Berardi,M,0,,0,0,0,,,0,0,0,0,0,0,0,0,0,0,0,0,0,0,0,0,0,0,0,0,0,0,0,0,0,0,0,0,0,0,2026-09-12T05:01:27.691319+00:00
Italia Serie A 2026/2027,Venezia - Fiorentina,2026-09-11T18:45:00+00:00,finished,4,2-4,Venezia,Lorenzo Montipò,G,0,,0,0,0,,,0,0,0,0,0,0,0,0,0,0,0,0,0,0,0,0,0,0,0,0,0,0,0,0,0,0,0,0,0,0,2026-09-12T05:01:27.691264+00:00
Italia Serie A 2026/2027,Venezia - Fiorentina,2026-09-11T18:45:00+00:00,finished,4,2-4,Fiorentina,Luca Lezzerini,G,0,,0,0,0,,,0,0,0,0,0,0,0,0,0,0,0,0,0,0,0,0,0,0,0,0,0,0,0,0,0,0,0,0,0,0,2026-09-12T05:01:27.691034+00:00
Italia Serie A 2026/2027,Venezia - Fiorentina,2026-09-11T18:45:00+00:00,finished,4,2-4,Fiorentina,Luca Ranieri,D,89,6.3,34,0,0,0.039,0.0208538,1,0,1,29,25,5,2,0,0,0,0,2,1,1,0,1,0,0,2,2,0,0,5,0,1,0,0,0,2,0,2026-09-12T05:01:27.690941+00:00
Italia Serie A 2026/2027,Venezia - Fiorentina,2026-09-11T18:45:00+00:00,finished,4,2-4,Fiorentina,Marco Brescianini,M,1,,1,0,0,,0.035055,0,0,0,1,1,0,0,0,0,0,0,0,0,0,0,0,0,0,0,0,0,0,0,0,0,0,0,0,0,0,2026-09-12T05:01:27.691010+00:00
Italia Serie A 2026/2027,Venezia - Fiorentina,2026-09-11T18:45:00+00:00,finished,4,2-4,Fiorentina,Marin Pongračić,D,1,,0,0,0,,,0,0,0,0,0,0,0,0,0,0,0,0,0,0,0,0,0,0,0,0,0,0,0,0,0,0,0,0,0,0,2026-09-12T05:01:27.691018+00:00
Italia Serie A 2026/2027,Venezia - Fiorentina,2026-09-11T18:45:00+00:00,finished,4,2-4,Fiorentina,Mateo Pellegrino,F,30,7.6,15,1,0,0.2628,0.0122444,1,1,1,8,3,0,0,0,0,0,0,2,0,1,0,0,0,0,0,2,0,0,10,1,0,0,0,0,1,0,2026-09-12T05:01:27.690993+00:00
Italia Serie A 2026/2027,Venezia - Fiorentina,2026-09-11T18:45:00+00:00,finished,4,2-4,Venezia,Matias Moreno,D,69,6.7,61,0,0,,0.00929094,0,0,0,51,43,4,3,0,0,1,0,4,3,3,1,1,0,4,1,3,0,0,11,0,0,0,0,0,3,0,2026-09-12T05:01:27.691187+00:00
Italia Serie A 2026/2027,Venezia - Fiorentina,2026-09-11T18:45:00+00:00,finished,4,2-4,Fiorentina,Nicolò Fagioli,M,90,7.6,78,0,1,0.047,0.0594232,1,1,1,59,50,4,1,1,0,2,2,9,2,0,0,4,2,3,1,9,0,1,12,3,0,0,0,0,2,0,2026-09-12T05:01:27.690932+00:00
Italia Serie A 2026/2027,Venezia - Fiorentina,2026-09-11T18:45:00+00:00,finished,4,2-4,Fiorentina,Oliver Christensen,G,0,,0,0,0,,,0,0,0,0,0,0,0,0,0,0,0,0,0,0,0,0,0,0,0,0,0,0,0,0,0,0,0,0,0,0,2026-09-12T05:01:27.691026+00:00
Italia Serie A 2026/2027,Venezia - Fiorentina,2026-09-11T18:45:00+00:00,finished,4,2-4,Venezia,Pasquale Mazzocchi,M,0,,0,0,0,,,0,0,0,0,0,0,0,0,0,0,0,0,0,0,0,0,0,0,0,0,0,0,0,0,0,0,0,0,0,0,2026-09-12T05:01:27.691327+00:00
Italia Serie A 2026/2027,Venezia - Fiorentina,2026-09-11T18:45:00+00:00,finished,4,2-4,Fiorentina,Pedro Gonçalves,M,10,6.3,7,0,0,,0.00929114,0,0,0,7,5,0,0,0,0,0,0,0,0,0,0,0,0,0,0,1,0,0,2,0,0,0,0,0,1,0,2026-09-12T05:01:27.691001+00:00
Italia Serie A 2026/2027,Venezia - Fiorentina,2026-09-11T18:45:00+00:00,finished,4,2-4,Fiorentina,Radu Drăguşin,D,90,6.9,37,0,0,,0.103,0,0,0,20,14,4,2,0,0,0,0,5,2,4,1,1,0,8,6,4,0,0,6,0,1,0,0,0,2,0,2026-09-12T05:01:27.690903+00:00
Italia Serie A 2026/2027,Venezia - Fiorentina,2026-09-11T18:45:00+00:00,finished,4,2-4,Venezia,Redouane Halhal,D,0,,0,0,0,,,0,0,0,0,0,0,0,0,0,0,0,0,0,0,0,0,0,0,0,0,0,0,0,0,0,0,0,0,0,0,2026-09-12T05:01:27.691271+00:00
Italia Serie A 2026/2027,Venezia - Fiorentina,2026-09-11T18:45:00+00:00,finished,4,2-4,Venezia,Richie Sagrado,M,69,6.2,26,0,0,0.0303,0.00565617,1,0,0,17,15,0,0,0,0,2,0,0,2,0,0,0,0,2,1,2,0,0,5,0,0,0,0,0,3,0,2026-09-12T05:01:27.691195+00:00
Italia Serie A 2026/2027,Venezia - Fiorentina,2026-09-11T18:45:00+00:00,finished,4,2-4,Venezia,Ridgeciano Haps,M,90,6.3,92,0,1,,0.054638,0,0,1,64,59,6,4,3,2,1,1,5,2,2,0,1,1,3,2,5,0,0,12,1,0,0,0,0,4,0,2026-09-12T05:01:27.691090+00:00
Italia Serie A 2026/2027,Venezia - Fiorentina,2026-09-11T18:45:00+00:00,finished,4,2-4,Venezia,Rufai Mohammed,D,0,,0,0,0,,,0,0,0,0,0,0,0,0,0,0,0,0,0,0,0,0,0,0,0,0,0,0,0,0,0,0,0,0,0,0,2026-09-12T05:01:27.691279+00:00
Italia Serie A 2026/2027,Venezia - Fiorentina,2026-09-11T18:45:00+00:00,finished,4,2-4,Venezia,Simon Sohm,M,80,6.2,58,0,0,,0.0209356,0,0,0,53,49,3,2,0,0,1,0,0,3,0,0,0,0,1,0,6,0,0,7,0,1,1,0,0,3,0,2026-09-12T05:01:27.691170+00:00
Italia Serie A 2026/2027,Venezia - Fiorentina,2026-09-11T18:45:00+00:00,finished,4,2-4,Venezia,Simone Panada,M,0,,0,0,0,,,0,0,0,0,0,0,0,0,0,0,0,0,0,0,0,0,0,0,0,0,0,0,0,0,0,0,0,0,0,0,2026-09-12T05:01:27.691311+00:00
Italia Serie A 2026/2027,Venezia - Fiorentina,2026-09-11T18:45:00+00:00,finished,4,2-4,Venezia,Thierry Correia,D,21,6.6,27,0,0,,0.0206766,0,0,1,15,11,0,0,1,1,4,3,4,1,1,0,0,0,1,0,3,0,0,7,0,0,0,0,0,1,0,2026-09-12T05:01:27.691228+00:00
Italia Serie A 2026/2027,Venezia - Fiorentina,2026-09-11T18:45:00+00:00,finished,4,2-4,Venezia,Toni Fernández,M,10,6.6,13,0,0,,0.0214543,0,0,0,7,7,1,1,1,0,2,1,1,2,0,0,0,0,0,0,1,0,0,2,0,0,0,0,0,1,0,2026-09-12T05:01:27.691236+00:00
Italia Serie A 2026/2027,Venezia - Fiorentina,2026-09-11T18:45:00+00:00,finished,4,2-4,Fiorentina,Viery,D,90,6.5,47,0,0,,0.00899612,0,0,0,32,25,3,0,0,0,0,0,6,3,1,2,5,2,4,0,4,0,0,7,0,1,0,0,0,2,0,2026-09-12T05:01:27.690891+00:00
Italia Serie A 2026/2027,Venezia - Fiorentina,2026-09-11T18:45:00+00:00,finished,4,2-4,Fiorentina,Víctor Valdepeñas,D,0,,0,0,0,,,0,0,0,0,0,0,0,0,0,0,0,0,0,0,0,0,0,0,0,0,0,0,0,0,0,0,0,0,0,0,2026-09-12T05:01:27.691042+00:00
Italia Serie A 2026/2027,Venezia - Fiorentina,2026-09-11T18:45:00+00:00,finished,4,2-4,Fiorentina,Wilfried Gnonto,F,30,6.3,18,0,0,,0.00096236,0,0,0,11,9,0,0,0,0,1,1,1,5,0,2,0,0,2,0,1,0,1,4,0,1,0,0,0,1,0,2026-09-12T05:01:27.690985+00:00
Italia Serie A 2026/2027,Venezia - Fiorentina,2026-09-11T18:45:00+00:00,finished,4,2-4,Fiorentina,Álex Jiménez,D,90,6.4,62,0,1,0.1819,0.0262011,1,0,1,35,31,1,1,2,1,0,0,2,2,0,0,2,2,3,2,5,0,2,12,0,0,0,0,0,2,0,2026-09-12T05:01:27.690922+00:00
Italia Serie A 2026/2027,Venezia - Fiorentina,2026-09-11T18:45:00+00:00,finished,4,2-4,Venezia,Þórir Jóhann Helgason,M,46,6.2,41,0,0,0.0104,0.0328911,1,1,2,27,22,2,1,0,0,1,0,1,5,0,0,1,0,1,0,1,0,2,9,0,1,0,0,0,2,0,2026-09-12T05:01:27.691203+00:00
Italia Serie A 2026/2027,Genoa - Frosinone,2026-09-12T13:00:00+00:00,finished,4,1-1,Genoa,,,90,6.4,27,0,0,0.0746,0.0134571,1,0,1,10,7,1,0,0,0,2,1,4,7,1,3,0,0,1,0,2,0,1,13,2,2,0,0,0,1,0,2026-09-13T05:01:46.142282+00:00
Italia Serie A 2026/2027,Genoa - Frosinone,2026-09-12T13:00:00+00:00,finished,4,1-1,Genoa,,,60,6.5,37,0,0,0.08,0.0085353,3,0,0,19,12,5,1,1,0,1,0,3,4,0,1,2,2,3,1,2,2,0,11,1,2,1,0,0,1,0,2026-09-13T05:01:46.142386+00:00
Italia Serie A 2026/2027,Genoa - Frosinone,2026-09-12T13:00:00+00:00,finished,4,1-1,Genoa,,,30,6.6,17,0,0,,0.0176541,0,0,0,9,8,0,0,1,0,0,0,1,1,0,0,1,0,0,0,1,0,0,5,0,0,0,0,0,0,0,2026-09-13T05:01:46.142407+00:00
Italia Serie A 2026/2027,Genoa - Frosinone,2026-09-12T13:00:00+00:00,finished,4,1-1,Frosinone,,,0,,0,0,0,,,0,0,0,0,0,0,0,0,0,0,0,0,0,0,0,0,0,0,0,0,0,0,0,0,0,0,0,0,0,0,2026-09-13T05:01:46.142621+00:00
Italia Serie A 2026/2027,Genoa - Frosinone,2026-09-12T13:00:00+00:00,finished,4,1-1,Frosinone,,,0,,0,0,0,,,0,0,0,0,0,0,0,0,0,0,0,0,0,0,0,0,0,0,0,0,0,0,0,0,0,0,0,0,0,0,2026-09-13T05:01:46.142642+00:00
Italia Serie A 2026/2027,Genoa - Frosinone,2026-09-12T13:00:00+00:00,finished,4,1-1,Frosinone,Aleksa Terzić,D,0,,0,0,0,,,0,0,0,0,0,0,0,0,0,0,0,0,0,0,0,0,0,0,0,0,0,0,0,0,0,0,0,0,0,0,2026-09-13T05:01:46.142663+00:00
Italia Serie A 2026/2027,Genoa - Frosinone,2026-09-12T13:00:00+00:00,finished,4,1-1,Genoa,Alessandro Marcandalli,D,90,6.9,48,0,0,,0.036125,0,0,2,26,18,4,0,2,1,0,0,6,3,4,0,1,0,8,0,1,0,1,16,1,1,0,0,0,1,0,2026-09-13T05:01:46.142319+00:00
Italia Serie A 2026/2027,Genoa - Frosinone,2026-09-12T13:00:00+00:00,finished,4,1-1,Frosinone,Alessio Zerbin,M,8,6.5,4,0,0,0.1284,0.00026469,2,1,0,0,0,0,0,1,0,0,0,0,0,0,0,0,0,0,0,0,1,0,1,0,0,0,0,0,0,0,2026-09-13T05:01:46.142614+00:00
Italia Serie A 2026/2027,Genoa - Frosinone,2026-09-12T13:00:00+00:00,finished,4,1-1,Genoa,Alexsandro Amorim,M,11,6.8,9,0,0,,0.0229555,0,0,1,4,3,1,1,2,1,0,0,2,1,1,0,1,0,1,1,0,0,0,2,0,0,0,0,0,0,0,2026-09-13T05:01:46.142422+00:00
Italia Serie A 2026/2027,Genoa - Frosinone,2026-09-12T13:00:00+00:00,finished,4,1-1,Frosinone,Anouar El Azzouzi,M,0,,0,0,0,,,0,0,0,0,0,0,0,0,0,0,0,0,0,0,0,0,0,0,0,0,0,0,0,0,0,0,0,0,0,0,2026-09-13T05:01:46.142684+00:00
Italia Serie A 2026/2027,Genoa - Frosinone,2026-09-12T13:00:00+00:00,finished,4,1-1,Frosinone,Anthony Oyono,D,90,6.1,80,0,0,0.1125,0.024807,3,0,0,40,34,2,0,2,0,3,1,3,8,1,2,0,0,7,3,8,2,2,16,1,1,0,0,0,1,0,2026-09-13T05:01:46.142517+00:00
Italia Serie A 2026/2027,Genoa - Frosinone,2026-09-12T13:00:00+00:00,finished,4,1-1,Frosinone,Antonio Raimondo,F,71,6.4,16,0,0,0.1666,0.00140057,1,0,0,7,5,0,0,0,0,0,0,2,4,1,3,0,0,0,0,0,1,0,5,1,1,0,0,0,1,0,2026-09-13T05:01:46.142570+00:00
Italia Serie A 2026/2027,Genoa - Frosinone,2026-09-12T13:00:00+00:00,finished,4,1-1,Genoa,Cody Drameh,D,0,,0,0,0,,,0,0,0,0,0,0,0,0,0,0,0,0,0,0,0,0,0,0,0,0,0,0,0,0,0,0,0,0,0,0,2026-09-13T05:01:46.142473+00:00
Italia Serie A 2026/2027,Genoa - Frosinone,2026-09-12T13:00:00+00:00,finished,4,1-1,Genoa,Daniele Sommariva,G,0,,0,0,0,,,0,0,0,0,0,0,0,0,0,0,0,0,0,0,0,0,0,0,0,0,0,0,0,0,0,0,0,0,0,0,2026-09-13T05:01:46.142444+00:00
Italia Serie A 2026/2027,Genoa - Frosinone,2026-09-12T13:00:00+00:00,finished,4,1-1,Genoa,David Puczka,D,0,,0,0,0,,,0,0,0,0,0,0,0,0,0,0,0,0,0,0,0,0,0,0,0,0,0,0,0,0,0,0,0,0,0,0,2026-09-13T05:01:46.142458+00:00
Italia Serie A 2026/2027,Genoa - Frosinone,2026-09-12T13:00:00+00:00,finished,4,1-1,Genoa,Djibril Sow,M,79,6.9,45,0,1,,0.159989,0,0,4,26,20,3,1,11,3,0,0,3,3,1,1,1,1,0,0,1,0,0,18,1,1,0,0,0,1,0,2026-09-13T05:01:46.142370+00:00
Italia Serie A 2026/2027,Genoa - Frosinone,2026-09-12T13:00:00+00:00,finished,4,1-1,Frosinone,Farès Ghedjemis,F,72,6.5,35,0,0,0.2275,0.100705,2,0,1,20,18,0,0,3,0,5,1,4,7,1,2,0,0,1,0,2,1,0,9,2,1,0,0,0,1,0,2026-09-13T05:01:46.142555+00:00
Italia Serie A 2026/2027,Genoa - Frosinone,2026-09-12T13:00:00+00:00,finished,4,1-1,Genoa,Franz Stolz,G,0,,0,0,0,,,0,0,0,0,0,0,0,0,0,0,0,0,0,0,0,0,0,0,0,0,0,0,0,0,0,0,0,0,0,0,2026-09-13T05:01:46.142437+00:00
Italia Serie A 2026/2027,Genoa - Frosinone,2026-09-12T13:00:00+00:00,finished,4,1-1,Genoa,Franz-Ethan Meichtry,M,10,6.8,5,0,0,0.0921,0.00401282,1,0,0,2,2,0,0,0,0,1,1,1,0,0,0,0,0,0,0,1,1,0,0,0,0,0,0,0,0,0,2026-09-13T05:01:46.142429+00:00
Italia Serie A 2026/2027,Genoa - Frosinone,2026-09-12T13:00:00+00:00,finished,4,1-1,Frosinone,Gabriele Bracaglia,D,90,6.2,53,0,0,0.1292,0.00967586,2,0,1,27,17,4,0,1,0,1,1,3,4,1,1,1,1,6,0,2,2,0,14,0,3,1,0,0,1,0,2026-09-13T05:01:46.142533+00:00
Italia Serie A 2026/2027,Genoa - Frosinone,2026-09-12T13:00:00+00:00,finished,4,1-1,Frosinone,Gabriele Calvani,D,90,7.0,44,0,0,0.0952,0.00311351,1,0,0,22,16,4,3,0,0,1,0,8,4,4,1,2,2,9,1,5,1,0,9,2,2,0,0,0,1,0,2026-09-13T05:01:46.142525+00:00
Italia Serie A 2026/2027,Genoa - Frosinone,2026-09-12T13:00:00+00:00,finished,4,1-1,Frosinone,Giacomo Calò,M,90,6.9,94,0,0,0.3327,0.249249,5,1,4,74,61,11,5,11,4,1,1,2,1,0,1,0,0,1,0,1,2,0,20,1,0,0,0,0,1,0,2026-09-13T05:01:46.142541+00:00
Italia Serie A 2026/2027,Genoa - Frosinone,2026-09-12T13:00:00+00:00,finished,4,1-1,Frosinone,Giorgi Kvernadze,F,87,8.0,34,1,0,0.3721,0.083268,2,2,6,9,8,0,0,1,0,4,1,5,4,0,1,1,1,1,0,4,0,0,10,3,0,0,0,0,1,0,2026-09-13T05:01:46.142548+00:00
Italia Serie A 2026/2027,Genoa - Frosinone,2026-09-12T13:00:00+00:00,finished,4,1-1,Frosinone,Giorgio Cittadini,D,45,6.7,35,0,0,,0.00809585,0,0,0,21,19,2,1,0,0,0,0,6,4,5,1,1,1,7,1,0,0,1,5,0,3,1,0,0,0,0,2026-09-13T05:01:46.142577+00:00
Italia Serie A 2026/2027,Genoa - Frosinone,2026-09-12T13:00:00+00:00,finished,4,1-1,Genoa,Hamed Junior Traorè,M,0,,0,0,0,,,0,0,0,0,0,0,0,0,0,0,0,0,0,0,0,0,0,0,0,0,0,0,0,0,0,0,0,0,0,0,2026-09-13T05:01:46.142487+00:00
Italia Serie A 2026/2027,Genoa - Frosinone,2026-09-12T13:00:00+00:00,finished,4,1-1,Frosinone,Ilario Monterisi,D,45,7.1,26,0,0,0.0163,0.042447,1,0,2,16,14,1,1,0,0,0,0,7,2,5,2,2,0,6,0,0,0,0,2,0,0,0,0,0,1,0,2026-09-13T05:01:46.142584+00:00
Italia Serie A 2026/2027,Genoa - Frosinone,2026-09-12T13:00:00+00:00,finished,4,1-1,Genoa,Johan Vásquez,D,86,7.4,49,1,0,0.1338,0.0213738,2,1,0,32,18,5,1,0,0,0,0,7,4,3,2,3,2,4,1,6,0,0,18,1,1,2,1,0,1,0,2026-09-13T05:01:46.142355+00:00
Italia Serie A 2026/2027,Genoa - Frosinone,2026-09-12T13:00:00+00:00,finished,4,1-1,Genoa,Junior Messias,F,45,7.1,29,0,0,0.085,0.0468311,3,0,2,13,9,0,0,3,0,3,2,4,3,0,1,1,1,1,0,2,2,0,9,1,0,0,0,0,0,0,2026-09-13T05:01:46.142393+00:00
Italia Serie A 2026/2027,Genoa - Frosinone,2026-09-12T13:00:00+00:00,finished,4,1-1,Genoa,Justin Bijlow,G,90,7.7,54,0,0,,0.00892975,0,0,0,44,20,34,11,0,0,0,0,0,0,0,0,0,0,0,0,8,0,0,25,0,0,0,0,5,1,0,2026-09-13T05:01:46.142330+00:00
Italia Serie A 2026/2027,Genoa - Frosinone,2026-09-12T13:00:00+00:00,finished,4,1-1,Frosinone,Kevin Akpoguma,D,0,,0,0,0,,,0,0,0,0,0,0,0,0,0,0,0,0,0,0,0,0,0,0,0,0,0,0,0,0,0,0,0,0,0,0,2026-09-13T05:01:46.142656+00:00
Italia Serie A 2026/2027,Genoa - Frosinone,2026-09-12T13:00:00+00:00,finished,4,1-1,Genoa,Leo Østigård,D,90,7.3,37,0,0,0.0864,0.0131627,2,1,0,25,19,2,1,0,0,0,0,6,2,5,1,1,1,3,0,2,0,0,6,0,1,0,0,0,1,0,2026-09-13T05:01:46.142348+00:00
Italia Serie A 2026/2027,Genoa - Frosinone,2026-09-12T13:00:00+00:00,finished,4,1-1,Genoa,Lorenzo Colombo,F,70,5.7,26,0,0,0.8144,0.0149522,2,1,1,11,5,2,1,0,0,1,0,4,11,1,8,1,1,1,0,0,0,1,11,2,1,0,0,0,1,0,2026-09-13T05:01:46.142378+00:00
Italia Serie A 2026/2027,Genoa - Frosinone,2026-09-12T13:00:00+00:00,finished,4,1-1,Frosinone,Lorenzo Palmisani,G,90,6.8,34,0,0,,0.00026303,0,0,0,22,9,15,2,0,0,0,0,1,0,1,0,0,0,1,0,6,0,0,13,0,0,0,0,4,1,1,2026-09-13T05:01:46.142510+00:00
Italia Serie A 2026/2027,Genoa - Frosinone,2026-09-12T13:00:00+00:00,finished,4,1-1,Frosinone,Luis Hasa,M,19,6.7,22,0,0,0.2678,0.06281,4,1,2,13,11,3,2,1,0,0,0,0,1,0,1,0,0,0,0,3,2,0,7,0,0,0,0,0,0,0,2026-09-13T05:01:46.142599+00:00
Italia Serie A 2026/2027,Genoa - Frosinone,2026-09-12T13:00:00+00:00,finished,4,1-1,Genoa,Mario Mitaj,D,0,,0,0,0,,,0,0,0,0,0,0,0,0,0,0,0,0,0,0,0,0,0,0,0,0,0,0,0,0,0,0,0,0,0,0,2026-09-13T05:01:46.142465+00:00
Italia Serie A 2026/2027,Genoa - Frosinone,2026-09-12T13:00:00+00:00,finished,4,1-1,Frosinone,Matteo Cichella,M,0,,0,0,0,,,0,0,0,0,0,0,0,0,0,0,0,0,0,0,0,0,0,0,0,0,0,0,0,0,0,0,0,0,0,0,2026-09-13T05:01:46.142677+00:00
Italia Serie A 2026/2027,Genoa - Frosinone,2026-09-12T13:00:00+00:00,finished,4,1-1,Frosinone,Matteo Pisseri,G,0,,0,0,0,,,0,0,0,0,0,0,0,0,0,0,0,0,0,0,0,0,0,0,0,0,0,0,0,0,0,0,0,0,0,0,2026-09-13T05:01:46.142636+00:00
Italia Serie A 2026/2027,Genoa - Frosinone,2026-09-12T13:00:00+00:00,finished,4,1-1,Genoa,Mikael Ellertsson,M,80,6.8,37,0,0,,0.00389779,0,0,1,20,12,2,1,1,0,0,0,5,4,0,1,5,4,2,0,4,0,1,14,0,2,0,0,0,1,0,2026-09-13T05:01:46.142363+00:00
Italia Serie A 2026/2027,Genoa - Frosinone,2026-09-12T13:00:00+00:00,finished,4,1-1,Genoa,Morten Frendrup,M,90,6.9,35,0,0,,0.00157393,0,0,0,21,14,2,0,0,0,2,1,4,2,1,1,1,1,4,5,3,0,0,8,1,0,0,0,0,1,0,2026-09-13T05:01:46.142339+00:00
Italia Serie A 2026/2027,Genoa - Frosinone,2026-09-12T13:00:00+00:00,finished,4,1-1,Frosinone,Omar Fayed,D,0,,0,0,0,,,0,0,0,0,0,0,0,0,0,0,0,0,0,0,0,0,0,0,0,0,0,0,0,0,0,0,0,0,0,0,2026-09-13T05:01:46.142670+00:00
Italia Serie A 2026/2027,Genoa - Frosinone,2026-09-12T13:00:00+00:00,finished,4,1-1,Frosinone,Patrizio Masini,M,90,6.4,57,0,0,0.0435,0.0088062,3,0,0,39,28,5,0,0,0,0,0,3,5,1,2,1,1,5,3,5,1,0,13,1,0,0,0,0,1,0,2026-09-13T05:01:46.142502+00:00
Italia Serie A 2026/2027,Genoa - Frosinone,2026-09-12T13:00:00+00:00,finished,4,1-1,Frosinone,Romano Schmid,M,71,6.5,39,0,1,,0.0355429,0,0,1,28,22,2,1,0,0,1,0,2,4,1,0,1,1,0,0,1,0,1,13,0,1,0,0,0,1,0,2026-09-13T05:01:46.142563+00:00
Italia Serie A 2026/2027,Genoa - Frosinone,2026-09-12T13:00:00+00:00,finished,4,1-1,Genoa,Samuel Wiafe,M,0,,0,0,0,,,0,0,0,0,0,0,0,0,0,0,0,0,0,0,0,0,0,0,0,0,0,0,0,0,0,0,0,0,0,0,2026-09-13T05:01:46.142481+00:00
Italia Serie A 2026/2027,Genoa - Frosinone,2026-09-12T13:00:00+00:00,finished,4,1-1,Genoa,Sebastian Otoa,D,0,,0,0,0,,,0,0,0,0,0,0,0,0,0,0,0,0,0,0,0,0,0,0,0,0,0,0,0,0,0,0,0,0,0,0,2026-09-13T05:01:46.142452+00:00
Italia Serie A 2026/2027,Genoa - Frosinone,2026-09-12T13:00:00+00:00,finished,4,1-1,Frosinone,Sebastiano Desplanches,G,0,,0,0,0,,,0,0,0,0,0,0,0,0,0,0,0,0,0,0,0,0,0,0,0,0,0,0,0,0,0,0,0,0,0,0,2026-09-13T05:01:46.142629+00:00
Italia Serie A 2026/2027,Genoa - Frosinone,2026-09-12T13:00:00+00:00,finished,4,1-1,Frosinone,Seydou Fini,F,18,6.9,22,0,0,,0.145155,0,0,3,13,12,1,0,3,1,3,2,3,2,0,0,0,0,0,0,1,0,1,6,1,0,0,0,0,0,0,2026-09-13T05:01:46.142606+00:00
Italia Serie A 2026/2027,Genoa - Frosinone,2026-09-12T13:00:00+00:00,finished,4,1-1,Genoa,Stefano Sabelli,M,0,,0,0,0,,,0,0,0,0,0,0,0,0,0,0,0,0,0,0,0,0,0,0,0,0,0,0,0,0,0,0,0,0,0,0,2026-09-13T05:01:46.142494+00:00
Italia Serie A 2026/2027,Genoa - Frosinone,2026-09-12T13:00:00+00:00,finished,4,1-1,Genoa,Tommaso Baldanzi,M,45,6.7,15,0,0,0.3492,0.00341114,2,1,1,10,8,0,0,0,0,0,0,0,2,0,1,0,0,0,0,0,1,0,2,0,1,0,0,0,1,0,2026-09-13T05:01:46.142400+00:00
Italia Serie A 2026/2027,Genoa - Frosinone,2026-09-12T13:00:00+00:00,finished,4,1-1,Frosinone,Tomáš Bobček,F,19,6.7,9,0,0,0.1429,0.0459512,1,1,2,4,4,1,1,0,0,0,0,1,1,0,0,1,1,0,0,1,0,1,1,0,0,0,0,0,0,0,2026-09-13T05:01:46.142591+00:00
Italia Serie A 2026/2027,Genoa - Frosinone,2026-09-12T13:00:00+00:00,finished,4,1-1,Genoa,Vitinha,F,20,6.5,11,0,0,0.1426,0.00322083,1,1,0,4,2,0,0,0,0,2,1,2,3,1,1,0,0,0,0,2,0,0,4,0,0,0,0,0,0,0,2026-09-13T05:01:46.142414+00:00
Italia Serie A 2026/2027,Genoa - Frosinone,2026-09-12T13:00:00+00:00,finished,4,1-1,Frosinone,Wisdom Amey,D,0,,0,0,0,,,0,0,0,0,0,0,0,0,0,0,0,0,0,0,0,0,0,0,0,0,0,0,0,0,0,0,0,0,0,0,2026-09-13T05:01:46.142649+00:00
Italia Serie A 2026/2027,Lazio - AC Milan,2026-09-12T16:00:00+00:00,finished,4,2-2,Lazio,,,32,6.3,8,0,0,,4.132e-05,0,0,0,5,3,0,0,0,0,0,0,0,2,0,0,0,0,0,0,0,0,1,5,0,1,0,0,0,2,0,2026-09-13T05:01:46.310165+00:00
Italia Serie A 2026/2027,Lazio - AC Milan,2026-09-12T16:00:00+00:00,finished,4,2-2,Lazio,,,11,6.7,8,0,0,,2.087e-05,0,0,0,5,5,0,0,0,0,0,0,0,0,0,0,0,0,3,0,1,0,0,0,0,0,0,0,0,0,0,2026-09-13T05:01:46.310180+00:00
Italia Serie A 2026/2027,Lazio - AC Milan,2026-09-12T16:00:00+00:00,finished,4,2-2,Lazio,Adrian Przyborek,M,0,,0,0,0,,,0,0,0,0,0,0,0,0,0,0,0,0,0,0,0,0,0,0,0,0,0,0,0,0,0,0,0,0,0,0,2026-09-13T05:01:46.310247+00:00
Italia Serie A 2026/2027,Lazio - AC Milan,2026-09-12T16:00:00+00:00,finished,4,2-2,AC Milan,Adrien Rabiot,M,90,6.4,71,0,1,,0.0529707,0,0,2,63,57,3,0,1,0,1,0,0,4,0,0,0,0,2,0,5,0,0,9,0,3,0,0,0,2,0,2026-09-13T05:01:46.309691+00:00
Italia Serie A 2026/2027,Lazio - AC Milan,2026-09-12T16:00:00+00:00,finished,4,2-2,Lazio,Albert Guðmundsson,F,16,6.3,6,0,0,,0.00072856,0,0,0,6,5,0,0,0,0,0,0,0,3,0,0,0,0,0,0,0,0,0,1,0,3,0,0,0,0,0,2026-09-13T05:01:46.310173+00:00
Italia Serie A 2026/2027,Lazio - AC Milan,2026-09-12T16:00:00+00:00,finished,4,2-2,AC Milan,Alexis Saelemaekers,M,0,,0,0,0,,,0,0,0,0,0,0,0,0,0,0,0,0,0,0,0,0,0,0,0,0,0,0,0,0,0,0,0,0,0,0,2026-09-13T05:01:46.309858+00:00
Italia Serie A 2026/2027,Lazio - AC Milan,2026-09-12T16:00:00+00:00,finished,4,2-2,Lazio,Alfonso Pedraza,D,0,,0,0,0,,,0,0,0,0,0,0,0,0,0,0,0,0,0,0,0,0,0,0,0,0,0,0,0,0,0,0,0,0,0,0,2026-09-13T05:01:46.310201+00:00
Italia Serie A 2026/2027,Lazio - AC Milan,2026-09-12T16:00:00+00:00,finished,4,2-2,AC Milan,Alphadjo Cissè,F,77,6.2,51,0,0,0.0719,0.0221473,1,0,1,35,31,2,1,1,0,2,0,3,8,0,1,0,0,0,0,2,0,4,12,3,0,0,0,0,2,0,2026-09-13T05:01:46.309754+00:00
Italia Serie A 2026/2027,Lazio - AC Milan,2026-09-12T16:00:00+00:00,finished,4,2-2,AC Milan,Ardon Jashari,M,0,,0,0,0,,,0,0,0,0,0,0,0,0,0,0,0,0,0,0,0,0,0,0,0,0,0,0,0,0,0,0,0,0,0,0,2026-09-13T05:01:46.309999+00:00
Italia Serie A 2026/2027,Lazio - AC Milan,2026-09-12T16:00:00+00:00,finished,4,2-2,AC Milan,Christian Comotto,M,0,,0,0,0,,,0,0,0,0,0,0,0,0,0,0,0,0,0,0,0,0,0,0,0,0,0,0,0,0,0,0,0,0,0,0,2026-09-13T05:01:46.309980+00:00
Italia Serie A 2026/2027,Lazio - AC Milan,2026-09-12T16:00:00+00:00,finished,4,2-2,AC Milan,Christian Pulišić,F,45,6.9,30,0,1,0.0524,0.141931,1,1,4,21,21,0,0,3,0,2,2,2,3,0,0,0,0,0,0,2,0,0,6,0,2,1,0,0,0,0,2026-09-13T05:01:46.309817+00:00
Italia Serie A 2026/2027,Lazio - AC Milan,2026-09-12T16:00:00+00:00,finished,4,2-2,Lazio,Christos Mandas,G,90,7.5,54,0,0,,0.00302546,0,0,0,37,25,15,4,0,0,0,0,1,0,1,0,0,0,1,0,12,0,0,13,0,0,0,0,5,2,0,2026-09-13T05:01:46.310016+00:00
Italia Serie A 2026/2027,Lazio - AC Milan,2026-09-12T16:00:00+00:00,finished,4,2-2,Lazio,Danilo Cataldi,M,0,,0,0,0,,,0,0,0,0,0,0,0,0,0,0,0,0,0,0,0,0,0,0,0,0,0,0,0,0,0,0,0,0,0,0,2026-09-13T05:01:46.310221+00:00
Italia Serie A 2026/2027,Lazio - AC Milan,2026-09-12T16:00:00+00:00,finished,4,2-2,AC Milan,Davide Bartesaghi,M,0,,0,0,0,,,0,0,0,0,0,0,0,0,0,0,0,0,0,0,0,0,0,0,0,0,0,0,0,0,0,0,0,0,0,0,2026-09-13T05:01:46.309992+00:00
Italia Serie A 2026/2027,Lazio - AC Milan,2026-09-12T16:00:00+00:00,finished,4,2-2,Lazio,Davide Frattesi,M,90,7.0,35,0,0,0.1023,0.361646,2,0,1,22,19,2,1,0,0,2,0,3,2,0,0,1,0,2,0,6,0,0,6,2,0,0,0,0,2,0,2026-09-13T05:01:46.310061+00:00
Italia Serie A 2026/2027,Lazio - AC Milan,2026-09-12T16:00:00+00:00,finished,4,2-2,Lazio,Davide Renzetti,G,0,,0,0,0,,,0,0,0,0,0,0,0,0,0,0,0,0,0,0,0,0,0,0,0,0,0,0,0,0,0,0,0,0,0,0,2026-09-13T05:01:46.310255+00:00
Italia Serie A 2026/2027,Lazio - AC Milan,2026-09-12T16:00:00+00:00,finished,4,2-2,AC Milan,Diego Moreira,M,45,9.0,41,2,0,0.2381,0.110069,4,2,0,25,23,1,1,2,0,1,1,2,1,0,0,0,0,0,0,2,1,1,8,1,0,0,0,0,0,0,2026-09-13T05:01:46.309790+00:00
Italia Serie A 2026/2027,Lazio - AC Milan,2026-09-12T16:00:00+00:00,finished,4,2-2,Lazio,Edoardo Motta,G,0,,0,0,0,,,0,0,0,0,0,0,0,0,0,0,0,0,0,0,0,0,0,0,0,0,0,0,0,0,0,0,0,0,0,0,2026-09-13T05:01:46.310214+00:00
Italia Serie A 2026/2027,Lazio - AC Milan,2026-09-12T16:00:00+00:00,finished,4,2-2,Lazio,Federico Serra,F,0,,0,0,0,,,0,0,0,0,0,0,0,0,0,0,0,0,0,0,0,0,0,0,0,0,0,0,0,0,0,0,0,0,0,0,2026-09-13T05:01:46.310231+00:00
Italia Serie A 2026/2027,Lazio - AC Milan,2026-09-12T16:00:00+00:00,finished,4,2-2,AC Milan,Fikayo Tomori,D,0,,0,0,0,,,0,0,0,0,0,0,0,0,0,0,0,0,0,0,0,0,0,0,0,0,0,0,0,0,0,0,0,0,0,0,2026-09-13T05:01:46.309962+00:00
Italia Serie A 2026/2027,Lazio - AC Milan,2026-09-12T16:00:00+00:00,finished,4,2-2,AC Milan,Filippo Terracciano,D,0,,0,0,0,,,0,0,0,0,0,0,0,0,0,0,0,0,0,0,0,0,0,0,0,0,0,0,0,0,0,0,0,0,0,0,2026-09-13T05:01:46.309926+00:00
Italia Serie A 2026/2027,Lazio - AC Milan,2026-09-12T16:00:00+00:00,finished,4,2-2,AC Milan,Francesco Camarda,F,10,6.4,3,0,0,,0.00901105,0,0,0,3,2,0,0,0,0,0,0,0,0,0,0,0,0,0,0,0,0,0,1,0,0,0,0,0,0,0,2026-09-13T05:01:46.309842+00:00
Italia Serie A 2026/2027,Lazio - AC Milan,2026-09-12T16:00:00+00:00,finished,4,2-2,AC Milan,Gonçalo Ramos,F,85,6.7,31,0,0,0.0557,0.00316843,1,0,0,14,13,0,0,0,0,1,0,4,3,0,1,2,1,2,0,1,0,1,5,2,1,0,0,0,2,0,2026-09-13T05:01:46.309744+00:00
Italia Serie A 2026/2027,Lazio - AC Milan,2026-09-12T16:00:00+00:00,finished,4,2-2,Lazio,Gustav Isaksen,F,32,6.4,11,0,0,,0.00145867,0,0,0,6,3,0,0,0,0,0,0,1,3,0,2,0,0,2,0,1,0,0,5,1,1,0,0,0,2,0,2026-09-13T05:01:46.310159+00:00
Italia Serie A 2026/2027,Lazio - AC Milan,2026-09-12T16:00:00+00:00,finished,4,2-2,Lazio,Josip Šutalo,D,84,6.0,34,0,0,,0.00040993,0,0,0,24,21,2,0,0,0,0,0,0,2,0,1,0,0,3,1,5,0,0,5,0,0,0,0,0,2,0,2026-09-13T05:01:46.310093+00:00
Italia Serie A 2026/2027,Lazio - AC Milan,2026-09-12T16:00:00+00:00,finished,4,2-2,Lazio,Kenneth Taylor,M,74,6.6,40,0,0,,0.105212,0,0,1,31,28,3,1,1,0,1,0,3,4,0,0,1,1,1,1,4,0,0,7,2,1,0,0,0,2,0,2026-09-13T05:01:46.310130+00:00
Italia Serie A 2026/2027,Lazio - AC Milan,2026-09-12T16:00:00+00:00,finished,4,2-2,AC Milan,Koni De Winter,D,90,6.7,87,0,0,,0.00326779,0,0,0,80,80,1,1,0,0,0,0,4,3,2,0,1,1,4,1,8,0,0,0,1,3,0,0,0,2,0,2026-09-13T05:01:46.309716+00:00
Italia Serie A 2026/2027,Lazio - AC Milan,2026-09-12T16:00:00+00:00,finished,4,2-2,AC Milan,Lorenzo Torriani,G,0,,0,0,0,,,0,0,0,0,0,0,0,0,0,0,0,0,0,0,0,0,0,0,0,0,0,0,0,0,0,0,0,0,0,0,2026-09-13T05:01:46.309871+00:00
Italia Serie A 2026/2027,Lazio - AC Milan,2026-09-12T16:00:00+00:00,finished,4,2-2,AC Milan,Luka Modrić,M,45,6.3,53,0,0,,0.0840313,0,0,1,43,37,2,1,4,1,0,0,0,1,0,0,0,0,1,1,2,0,0,13,0,0,0,0,0,2,0,2026-09-13T05:01:46.309782+00:00
Italia Serie A 2026/2027,Lazio - AC Milan,2026-09-12T16:00:00+00:00,finished,4,2-2,Lazio,Manuel Lazzari,D,11,6.7,5,0,0,,2.637e-05,0,0,0,3,3,0,0,1,0,0,0,1,0,0,0,0,0,0,0,1,0,0,1,1,0,0,0,0,0,0,2026-09-13T05:01:46.310187+00:00
Italia Serie A 2026/2027,Lazio - AC Milan,2026-09-12T16:00:00+00:00,finished,4,2-2,AC Milan,Mario Gila,D,90,7.2,93,0,0,0.3031,0.0505554,1,1,2,75,66,9,4,1,0,0,0,5,4,0,1,3,3,2,1,2,0,1,12,2,2,1,0,0,2,0,2026-09-13T05:01:46.309728+00:00
Italia Serie A 2026/2027,Lazio - AC Milan,2026-09-12T16:00:00+00:00,finished,4,2-2,Lazio,Matteo Cancellieri,F,58,7.3,17,1,0,0.3021,0.00199318,1,1,0,7,6,1,1,0,0,0,0,2,3,0,1,2,1,1,0,0,0,0,3,0,1,0,0,0,0,0,2026-09-13T05:01:46.310143+00:00
Italia Serie A 2026/2027,Lazio - AC Milan,2026-09-12T16:00:00+00:00,finished,4,2-2,AC Milan,Matteo Gabbia,D,0,,0,0,0,,,0,0,0,0,0,0,0,0,0,0,0,0,0,0,0,0,0,0,0,0,0,0,0,0,0,0,0,0,0,0,2026-09-13T05:01:46.309945+00:00
Italia Serie A 2026/2027,Lazio - AC Milan,2026-09-12T16:00:00+00:00,finished,4,2-2,Lazio,Mattia Zaccagni,F,90,7.4,54,0,1,0.5913,0.36563,3,3,1,31,20,4,1,1,0,1,0,6,6,1,1,2,1,1,3,4,0,1,18,3,2,1,0,0,2,0,2026-09-13T05:01:46.310042+00:00
Italia Serie A 2026/2027,Lazio - AC Milan,2026-09-12T16:00:00+00:00,finished,4,2-2,AC Milan,Mike Maignan,G,90,7.4,48,0,0,,0.00085128,0,0,0,35,27,11,3,0,0,0,0,1,0,1,0,0,0,0,0,9,0,0,8,1,0,0,0,4,2,0,2026-09-13T05:01:46.309649+00:00
Italia Serie A 2026/2027,Lazio - AC Milan,2026-09-12T16:00:00+00:00,finished,4,2-2,Lazio,Nuno Tavares,D,90,6.9,62,0,0,,0.0421982,0,0,1,37,31,3,1,7,1,1,1,5,2,0,0,2,0,2,0,5,0,0,14,2,0,0,0,0,2,0,2026-09-13T05:01:46.310053+00:00
Italia Serie A 2026/2027,Lazio - AC Milan,2026-09-12T16:00:00+00:00,finished,4,2-2,Lazio,Oliver Provstgaard,D,90,6.5,50,0,0,,0.0299279,0,0,1,42,42,0,0,0,0,1,1,2,4,1,1,0,0,3,1,3,0,0,2,0,3,0,0,0,2,0,2026-09-13T05:01:46.310023+00:00
Italia Serie A 2026/2027,Lazio - AC Milan,2026-09-12T16:00:00+00:00,finished,4,2-2,AC Milan,Omari Hutchinson,M,13,6.5,15,0,0,0.0124,0.00425411,1,1,0,7,6,0,0,1,0,1,0,1,1,0,0,0,0,0,0,0,0,0,4,1,0,0,0,0,0,0,2026-09-13T05:01:46.309835+00:00
Italia Serie A 2026/2027,Lazio - AC Milan,2026-09-12T16:00:00+00:00,finished,4,2-2,AC Milan,Pervis Estupiñán,M,45,6.4,34,0,0,0.0177,0.0060492,1,0,0,28,26,1,1,1,0,0,0,0,0,0,0,0,0,1,0,3,1,0,3,0,0,0,0,0,2,0,2026-09-13T05:01:46.309766+00:00
Italia Serie A 2026/2027,Lazio - AC Milan,2026-09-12T16:00:00+00:00,finished,4,2-2,AC Milan,Pietro Terracciano,G,0,,0,0,0,,,0,0,0,0,0,0,0,0,0,0,0,0,0,0,0,0,0,0,0,0,0,0,0,0,0,0,0,0,0,0,2026-09-13T05:01:46.309892+00:00
Italia Serie A 2026/2027,Lazio - AC Milan,2026-09-12T16:00:00+00:00,finished,4,2-2,Lazio,Reda Belahyane,M,90,6.9,37,0,0,,0.00271511,0,0,0,28,26,0,0,0,0,0,0,3,2,0,0,3,2,1,0,3,0,0,4,0,2,1,0,0,2,0,2026-09-13T05:01:46.310007+00:00
Italia Serie A 2026/2027,Lazio - AC Milan,2026-09-12T16:00:00+00:00,finished,4,2-2,Lazio,Ricardo Bordon,D,0,,0,0,0,,,0,0,0,0,0,0,0,0,0,0,0,0,0,0,0,0,0,0,0,0,0,0,0,0,0,0,0,0,0,0,2026-09-13T05:01:46.310194+00:00
Italia Serie A 2026/2027,Lazio - AC Milan,2026-09-12T16:00:00+00:00,finished,4,2-2,Lazio,Romano Floriani Mussolini,M,84,6.5,37,0,0,,0.0765918,0,0,1,22,17,0,0,1,0,2,1,5,3,1,0,3,1,2,2,5,0,0,11,0,1,0,0,0,2,0,2026-09-13T05:01:46.310069+00:00
Italia Serie A 2026/2027,Lazio - AC Milan,2026-09-12T16:00:00+00:00,finished,4,2-2,AC Milan,Ruben Loftus-Cheek,M,45,6.5,23,0,0,0.0247,0.0762188,1,0,2,17,14,0,0,2,0,0,0,2,3,1,1,0,0,0,0,2,1,1,6,1,1,0,0,0,2,0,2026-09-13T05:01:46.309804+00:00
Italia Serie A 2026/2027,Lazio - AC Milan,2026-09-12T16:00:00+00:00,finished,4,2-2,AC Milan,Samuel Chukwueze,F,90,7.3,91,0,0,0.155,0.163928,3,1,2,60,53,8,4,7,2,5,4,5,1,1,0,0,0,1,4,6,1,0,15,0,0,0,0,0,2,0,2026-09-13T05:01:46.309701+00:00
Italia Serie A 2026/2027,Lazio - AC Milan,2026-09-12T16:00:00+00:00,finished,4,2-2,AC Milan,Sankhoun Diawara,D,0,,0,0,0,,,0,0,0,0,0,0,0,0,0,0,0,0,0,0,0,0,0,0,0,0,0,0,0,0,0,0,0,0,0,0,2026-09-13T05:01:46.309909+00:00
Italia Serie A 2026/2027,Lazio - AC Milan,2026-09-12T16:00:00+00:00,finished,4,2-2,AC Milan,Strahinja Pavlović,D,90,6.4,96,0,0,0.1623,0.0204218,2,1,0,90,85,2,2,0,0,0,0,4,1,2,0,1,1,1,0,1,0,0,5,1,1,1,0,0,2,0,2026-09-13T05:01:46.309709+00:00
Italia Serie A 2026/2027,Lazio - AC Milan,2026-09-12T16:00:00+00:00,finished,4,2-2,Lazio,Tijjani Noslin,F,58,7.4,21,1,0,1.0561,0.0127304,2,2,0,11,7,1,1,0,0,0,0,2,2,0,1,0,0,2,0,0,0,1,7,2,0,0,0,0,0,0,2026-09-13T05:01:46.310152+00:00
Italia Serie A 2026/2027,Lazio - AC Milan,2026-09-12T16:00:00+00:00,finished,4,2-2,Lazio,Valerio Farcomeni,M,0,,0,0,0,,,0,0,0,0,0,0,0,0,0,0,0,0,0,0,0,0,0,0,0,0,0,0,0,0,0,0,0,0,0,0,2026-09-13T05:01:46.310207+00:00
Italia Serie A 2026/2027,Lazio - AC Milan,2026-09-12T16:00:00+00:00,finished,4,2-2,AC Milan,Yunus Musah,M,45,7.0,41,0,0,,0.0354626,0,0,0,33,30,0,0,1,1,1,1,4,1,0,0,1,1,0,1,2,0,0,3,2,1,0,0,0,0,0,2026-09-13T05:01:46.309826+00:00
Italia Serie A 2026/2027,Atalanta - Cagliari,2026-09-12T18:45:00+00:00,finished,4,1-2,Cagliari,,,0,,0,0,0,,,0,0,0,0,0,0,0,0,0,0,0,0,0,0,0,0,0,0,0,0,0,0,0,0,0,0,0,0,0,0,2026-09-13T05:01:46.421011+00:00
Italia Serie A 2026/2027,Atalanta - Cagliari,2026-09-12T18:45:00+00:00,finished,4,1-2,Atalanta,,,96,7.4,65,0,0,0.0839,0.0974105,3,0,2,33,30,0,0,8,1,5,3,10,5,1,0,3,3,0,0,3,2,3,20,3,0,0,0,0,2,0,2026-09-13T05:01:46.421152+00:00
Italia Serie A 2026/2027,Atalanta - Cagliari,2026-09-12T18:45:00+00:00,finished,4,1-2,Atalanta,,,0,,0,0,0,,,0,0,0,0,0,0,0,0,0,0,0,0,0,0,0,0,0,0,0,0,0,0,0,0,0,0,0,0,0,0,2026-09-13T05:01:46.421336+00:00
Italia Serie A 2026/2027,Atalanta - Cagliari,2026-09-12T18:45:00+00:00,finished,4,1-2,Cagliari,Adam Obert,D,96,6.7,55,0,0,0.0305,0.00750439,1,1,1,39,29,4,3,1,0,0,0,5,1,0,0,5,3,1,1,4,0,0,13,0,0,0,0,0,1,0,2026-09-13T05:01:46.420935+00:00
Italia Serie A 2026/2027,Atalanta - Cagliari,2026-09-12T18:45:00+00:00,finished,4,1-2,Cagliari,Alen Sherri,G,0,,0,0,0,,,0,0,0,0,0,0,0,0,0,0,0,0,0,0,0,0,0,0,0,0,0,0,0,0,0,0,0,0,0,0,2026-09-13T05:01:46.421025+00:00
Italia Serie A 2026/2027,Atalanta - Cagliari,2026-09-12T18:45:00+00:00,finished,4,1-2,Cagliari,Alessandro Deiola,M,96,7.1,72,0,0,,0.00085544,0,0,0,58,52,4,3,0,0,0,0,4,1,1,0,3,1,6,2,3,0,0,6,0,1,0,0,0,1,0,2026-09-13T05:01:46.420920+00:00
Italia Serie A 2026/2027,Atalanta - Cagliari,2026-09-12T18:45:00+00:00,finished,4,1-2,Cagliari,Alessandro Romano,M,96,6.5,70,0,0,0.0253,0.02622,1,1,0,52,46,3,1,0,0,3,0,0,3,0,0,0,0,4,0,6,0,0,14,0,0,0,0,0,1,0,2026-09-13T05:01:46.420949+00:00
Italia Serie A 2026/2027,Atalanta - Cagliari,2026-09-12T18:45:00+00:00,finished,4,1-2,Cagliari,Alieu Fadera,F,39,6.6,16,0,0,,0.0240962,0,0,1,10,9,1,1,0,0,0,0,2,3,0,1,1,0,0,0,0,0,2,4,1,0,0,0,0,0,0,2026-09-13T05:01:46.420984+00:00
Italia Serie A 2026/2027,Atalanta - Cagliari,2026-09-12T18:45:00+00:00,finished,4,1-2,Cagliari,Boris Radunović,G,0,,0,0,0,,,0,0,0,0,0,0,0,0,0,0,0,0,0,0,0,0,0,0,0,0,0,0,0,0,0,0,0,0,0,0,2026-09-13T05:01:46.421019+00:00
Italia Serie A 2026/2027,Atalanta - Cagliari,2026-09-12T18:45:00+00:00,finished,4,1-2,Atalanta,Charles De Ketelaere,F,96,6.6,60,0,1,,0.171349,0,0,3,40,31,0,0,6,1,5,1,1,7,0,0,0,0,0,0,1,0,2,22,0,1,0,0,0,2,0,2026-09-13T05:01:46.421208+00:00
Italia Serie A 2026/2027,Atalanta - Cagliari,2026-09-12T18:45:00+00:00,finished,4,1-2,Cagliari,Daniel Maldini,F,79,6.8,60,1,0,0.8051,0.00734055,2,2,0,34,26,3,0,0,0,5,2,4,7,1,0,0,0,0,2,7,0,3,20,1,1,0,0,0,1,0,2026-09-13T05:01:46.420963+00:00
Italia Serie A 2026/2027,Atalanta - Cagliari,2026-09-12T18:45:00+00:00,finished,4,1-2,Atalanta,Davide Zappacosta,M,0,,0,0,0,,,0,0,0,0,0,0,0,0,0,0,0,0,0,0,0,0,0,0,0,0,0,0,0,0,0,0,0,0,0,0,2026-09-13T05:01:46.421330+00:00
Italia Serie A 2026/2027,Atalanta - Cagliari,2026-09-12T18:45:00+00:00,finished,4,1-2,Cagliari,Demi Akarakiri,M,0,,0,0,0,,,0,0,0,0,0,0,0,0,0,0,0,0,0,0,0,0,0,0,0,0,0,0,0,0,0,0,0,0,0,0,2026-09-13T05:01:46.421122+00:00
Italia Serie A 2026/2027,Atalanta - Cagliari,2026-09-12T18:45:00+00:00,finished,4,1-2,Cagliari,Elia Caprile,G,96,8.1,56,0,0,,0.00065184,0,0,0,43,34,15,6,0,0,0,0,0,0,0,0,0,0,0,0,11,0,0,10,0,0,0,0,3,1,0,2026-09-13T05:01:46.420910+00:00
Italia Serie A 2026/2027,Atalanta - Cagliari,2026-09-12T18:45:00+00:00,finished,4,1-2,Atalanta,Eljif Elmas,M,0,,0,0,0,,,0,0,0,0,0,0,0,0,0,0,0,0,0,0,0,0,0,0,0,0,0,0,0,0,0,0,0,0,0,0,2026-09-13T05:01:46.421325+00:00
Italia Serie A 2026/2027,Atalanta - Cagliari,2026-09-12T18:45:00+00:00,finished,4,1-2,Atalanta,Franck Kessié,M,86,7.6,91,0,0,0.295,0.0994396,3,1,2,69,66,1,0,1,0,2,2,8,3,0,1,5,1,1,0,9,0,1,6,1,1,0,0,0,2,0,2026-09-13T05:01:46.421226+00:00
Italia Serie A 2026/2027,Atalanta - Cagliari,2026-09-12T18:45:00+00:00,finished,4,1-2,Atalanta,Giacomo Raspadori,F,20,7.0,23,0,0,0.0988,0.255975,3,0,2,16,16,1,1,1,1,0,0,0,2,0,0,0,0,0,0,1,2,1,3,0,1,0,0,0,0,0,2026-09-13T05:01:46.421308+00:00
Italia Serie A 2026/2027,Atalanta - Cagliari,2026-09-12T18:45:00+00:00,finished,4,1-2,Atalanta,Gianluca Scamacca,F,68,7.5,27,1,0,0.1701,0.0695142,4,2,2,20,15,1,0,0,0,0,0,0,3,0,0,0,0,0,0,1,0,2,7,0,1,0,0,0,2,0,2026-09-13T05:01:46.421247+00:00
Italia Serie A 2026/2027,Atalanta - Cagliari,2026-09-12T18:45:00+00:00,finished,4,1-2,Atalanta,Giorgio Scalvini,D,96,6.7,92,0,0,,0.030169,0,0,0,83,80,1,1,0,0,0,0,3,2,2,1,1,1,1,1,5,0,0,4,0,1,0,0,0,2,0,2026-09-13T05:01:46.421167+00:00
Italia Serie A 2026/2027,Atalanta - Cagliari,2026-09-12T18:45:00+00:00,finished,4,1-2,Cagliari,Giuseppe Aurelio,M,0,,0,0,0,,,0,0,0,0,0,0,0,0,0,0,0,0,0,0,0,0,0,0,0,0,0,0,0,0,0,0,0,0,0,0,2026-09-13T05:01:46.421038+00:00
Italia Serie A 2026/2027,Atalanta - Cagliari,2026-09-12T18:45:00+00:00,finished,4,1-2,Cagliari,Harry Winks,M,96,7.2,75,0,0,,0.00259852,0,0,0,60,56,2,1,0,0,0,0,5,3,0,0,3,2,1,4,9,0,0,6,2,2,0,0,0,1,0,2026-09-13T05:01:46.420869+00:00
Italia Serie A 2026/2027,Atalanta - Cagliari,2026-09-12T18:45:00+00:00,finished,4,1-2,Cagliari,Ivan Sulev,M,0,,0,0,0,,,0,0,0,0,0,0,0,0,0,0,0,0,0,0,0,0,0,0,0,0,0,0,0,0,0,0,0,0,0,0,2026-09-13T05:01:46.421051+00:00
Italia Serie A 2026/2027,Atalanta - Cagliari,2026-09-12T18:45:00+00:00,finished,4,1-2,Cagliari,Jacopo Fazzini,F,57,6.0,28,0,0,,0.00039466,0,0,0,17,12,1,0,1,0,0,0,1,6,0,0,1,0,0,0,2,0,2,12,0,0,0,0,0,1,0,2026-09-13T05:01:46.420977+00:00
Italia Serie A 2026/2027,Atalanta - Cagliari,2026-09-12T18:45:00+00:00,finished,4,1-2,Cagliari,Joseph Liteta,M,0,,0,0,0,,,0,0,0,0,0,0,0,0,0,0,0,0,0,0,0,0,0,0,0,0,0,0,0,0,0,0,0,0,0,0,2026-09-13T05:01:46.421064+00:00
Italia Serie A 2026/2027,Atalanta - Cagliari,2026-09-12T18:45:00+00:00,finished,4,1-2,Cagliari,Juan Rodríguez,D,96,7.2,56,0,0,,0.00049151,0,0,0,44,44,2,2,0,0,0,0,3,3,0,1,3,2,2,2,0,0,0,0,0,0,0,0,0,1,0,2026-09-13T05:01:46.420928+00:00
Italia Serie A 2026/2027,Atalanta - Cagliari,2026-09-12T18:45:00+00:00,finished,4,1-2,Cagliari,Kevin Carlos Omoruyi,F,17,6.7,8,0,0,,3.593e-05,0,0,0,4,2,0,0,0,0,0,0,2,0,2,0,0,0,1,0,1,0,0,2,0,0,0,0,0,0,0,2026-09-13T05:01:46.421005+00:00
Italia Serie A 2026/2027,Atalanta - Cagliari,2026-09-12T18:45:00+00:00,finished,4,1-2,Atalanta,Lazar Samardžić,M,76,7.1,96,0,0,0.3453,0.0617263,4,0,1,74,64,5,2,2,0,5,5,7,4,0,1,2,1,1,0,6,3,3,17,0,0,0,0,0,2,0,2026-09-13T05:01:46.421239+00:00
Italia Serie A 2026/2027,Atalanta - Cagliari,2026-09-12T18:45:00+00:00,finished,4,1-2,Atalanta,Lorenzo Bernasconi,M,28,6.9,33,0,0,0.0252,0.023994,1,0,0,28,27,0,0,2,0,0,0,0,0,0,0,0,0,0,0,1,0,0,5,0,0,0,0,0,0,0,2026-09-13T05:01:46.421293+00:00
Italia Serie A 2026/2027,Atalanta - Cagliari,2026-09-12T18:45:00+00:00,finished,4,1-2,Atalanta,Marco Carnesecchi,G,96,6.2,27,0,0,,0.00013,0,0,0,22,22,0,0,0,0,0,0,0,0,0,0,0,0,1,0,9,0,0,0,0,0,0,0,3,2,0,2026-09-13T05:01:46.421140+00:00
Italia Serie A 2026/2027,Atalanta - Cagliari,2026-09-12T18:45:00+00:00,finished,4,1-2,Atalanta,Marco Sportiello,G,0,,0,0,0,,,0,0,0,0,0,0,0,0,0,0,0,0,0,0,0,0,0,0,0,0,0,0,0,0,0,0,0,0,0,0,2026-09-13T05:01:46.421346+00:00
Italia Serie A 2026/2027,Atalanta - Cagliari,2026-09-12T18:45:00+00:00,finished,4,1-2,Atalanta,Mario Pašalić,M,10,6.8,12,0,0,,0.0444143,0,0,0,12,11,0,0,0,0,0,0,0,0,0,0,0,0,0,0,0,0,0,1,0,0,0,0,0,0,0,2026-09-13T05:01:46.421314+00:00
Italia Serie A 2026/2027,Atalanta - Cagliari,2026-09-12T18:45:00+00:00,finished,4,1-2,Cagliari,Michel Adopo,M,96,6.8,41,0,1,,0.192011,0,0,2,32,27,2,1,0,0,0,0,2,3,0,1,1,1,1,1,3,0,0,7,1,0,0,0,0,1,0,2026-09-13T05:01:46.420942+00:00
Italia Serie A 2026/2027,Atalanta - Cagliari,2026-09-12T18:45:00+00:00,finished,4,1-2,Atalanta,Nicola Zalewski,M,0,,0,0,0,,,0,0,0,0,0,0,0,0,0,0,0,0,0,0,0,0,0,0,0,0,0,0,0,0,0,0,0,0,0,0,2026-09-13T05:01:46.421320+00:00
Italia Serie A 2026/2027,Atalanta - Cagliari,2026-09-12T18:45:00+00:00,finished,4,1-2,Atalanta,Nikola Krstović,F,28,6.2,19,0,0,0.1747,0.0406814,1,1,1,10,7,0,0,0,0,1,0,2,3,2,2,0,0,1,0,0,0,0,8,0,0,0,0,0,0,0,2026-09-13T05:01:46.421274+00:00
Italia Serie A 2026/2027,Atalanta - Cagliari,2026-09-12T18:45:00+00:00,finished,4,1-2,Atalanta,Odilon Kossounou,D,96,6.9,102,0,0,,0.1014,0,0,0,97,95,0,0,0,0,0,0,2,2,0,1,2,1,1,1,6,0,0,2,0,0,0,0,0,2,0,2026-09-13T05:01:46.421174+00:00
Italia Serie A 2026/2027,Atalanta - Cagliari,2026-09-12T18:45:00+00:00,finished,4,1-2,Cagliari,Paul Mendy,F,79,7.5,21,1,0,0.2381,0.002786,1,1,0,9,8,0,0,0,0,1,1,5,6,1,2,2,0,2,0,3,0,2,6,1,2,0,0,0,1,0,2026-09-13T05:01:46.420956+00:00
Italia Serie A 2026/2027,Atalanta - Cagliari,2026-09-12T18:45:00+00:00,finished,4,1-2,Atalanta,Raoul Bellanova,M,96,6.2,95,0,0,0.0409,0.0398426,1,0,0,64,58,1,0,5,0,1,1,4,6,0,0,3,2,3,1,10,0,3,18,0,3,0,0,0,2,0,2026-09-13T05:01:46.421188+00:00
Italia Serie A 2026/2027,Atalanta - Cagliari,2026-09-12T18:45:00+00:00,finished,4,1-2,Cagliari,Raphael Kofler,D,17,7.2,6,0,0,,1.17e-06,0,0,0,1,1,0,0,0,0,0,0,3,0,2,0,1,1,4,0,0,0,0,0,0,0,0,0,0,0,0,2026-09-13T05:01:46.420998+00:00
Italia Serie A 2026/2027,Atalanta - Cagliari,2026-09-12T18:45:00+00:00,finished,4,1-2,Atalanta,Relja Obrić,D,0,,0,0,0,,,0,0,0,0,0,0,0,0,0,0,0,0,0,0,0,0,0,0,0,0,0,0,0,0,0,0,0,0,0,0,2026-09-13T05:01:46.421341+00:00
Italia Serie A 2026/2027,Atalanta - Cagliari,2026-09-12T18:45:00+00:00,finished,4,1-2,Cagliari,Riccardo Ciervo,M,0,,0,0,0,,,0,0,0,0,0,0,0,0,0,0,0,0,0,0,0,0,0,0,0,0,0,0,0,0,0,0,0,0,0,0,2026-09-13T05:01:46.421044+00:00
Italia Serie A 2026/2027,Atalanta - Cagliari,2026-09-12T18:45:00+00:00,finished,4,1-2,Cagliari,Roberto Gagliardini,M,0,,0,0,0,,,0,0,0,0,0,0,0,0,0,0,0,0,0,0,0,0,0,0,0,0,0,0,0,0,0,0,0,0,0,0,2026-09-13T05:01:46.421070+00:00
Italia Serie A 2026/2027,Atalanta - Cagliari,2026-09-12T18:45:00+00:00,finished,4,1-2,Atalanta,Sead Kolašinac,D,68,6.1,40,0,0,0.0112,0.0417415,1,0,0,34,31,0,0,0,0,0,0,1,2,0,1,1,1,0,0,6,0,0,3,0,1,0,0,0,2,0,2026-09-13T05:01:46.421255+00:00
Italia Serie A 2026/2027,Atalanta - Cagliari,2026-09-12T18:45:00+00:00,finished,4,1-2,Atalanta,Thomas Kristensen,D,0,,0,0,0,,,0,0,0,0,0,0,0,0,0,0,0,0,0,0,0,0,0,0,0,0,0,0,0,0,0,0,0,0,0,0,2026-09-13T05:01:46.421352+00:00
Italia Serie A 2026/2027,Atalanta - Cagliari,2026-09-12T18:45:00+00:00,finished,4,1-2,Cagliari,Yanis Massolin,M,0,,0,0,0,,,0,0,0,0,0,0,0,0,0,0,0,0,0,0,0,0,0,0,0,0,0,0,0,0,0,0,0,0,0,0,2026-09-13T05:01:46.421057+00:00
Italia Serie A 2026/2027,Atalanta - Cagliari,2026-09-12T18:45:00+00:00,finished,4,1-2,Cagliari,Yerry Mina,D,0,,0,0,0,,,0,0,0,0,0,0,0,0,0,0,0,0,0,0,0,0,0,0,0,0,0,0,0,0,0,0,0,0,0,0,2026-09-13T05:01:46.421032+00:00
Italia Serie A 2026/2027,Atalanta - Cagliari,2026-09-12T18:45:00+00:00,finished,4,1-2,Cagliari,Yukinari Sugawara,D,28,6.8,11,0,0,,0.00417085,0,0,0,6,3,4,2,1,1,0,0,0,1,0,0,0,0,2,0,2,0,0,4,0,1,0,0,0,0,0,2026-09-13T05:01:46.420991+00:00
Italia Serie A 2026/2027,Atalanta - Cagliari,2026-09-12T18:45:00+00:00,finished,4,1-2,Cagliari,Zé Pedro,D,68,6.7,51,0,0,,0.00312509,0,0,0,31,26,3,1,1,0,2,2,4,4,0,0,2,1,1,2,4,0,2,9,0,1,0,0,0,1,0,2026-09-13T05:01:46.420970+00:00
Italia Serie A 2026/2027,Atalanta - Cagliari,2026-09-12T18:45:00+00:00,finished,4,1-2,Atalanta,Éderson,M,96,7.0,104,0,0,0.0147,0.104118,1,0,1,91,81,2,0,0,0,0,0,3,1,0,0,0,0,0,0,7,1,0,13,3,0,0,0,0,2,0,2026-09-13T05:01:46.421160+00:00
Italia Serie A 2026/2027,Lecce - Monza,2026-09-13T13:00:00+00:00,finished,4,3-2,Lecce,,,66,7.6,51,0,2,,0.201964,0,0,2,38,32,4,3,6,2,2,1,2,4,0,1,1,0,1,2,2,0,0,12,0,1,0,0,0,1,0,2026-09-14T05:01:16.603578+00:00
Italia Serie A 2026/2027,Lecce - Monza,2026-09-13T13:00:00+00:00,finished,4,3-2,Lecce,,,0,,0,0,0,,,0,0,0,0,0,0,0,0,0,0,0,0,0,0,0,0,0,0,0,0,0,0,0,0,0,0,0,0,0,0,2026-09-14T05:01:16.603725+00:00
Italia Serie A 2026/2027,Lecce - Monza,2026-09-13T13:00:00+00:00,finished,4,3-2,Monza,Adam Bakoune,D,45,6.6,35,0,0,0.047,0.0146083,1,0,0,19,10,3,2,2,1,0,0,2,1,2,1,0,0,1,1,2,0,0,11,0,0,0,0,0,0,0,2026-09-14T05:01:16.603853+00:00
Italia Serie A 2026/2027,Lecce - Monza,2026-09-13T13:00:00+00:00,finished,4,3-2,Lecce,Alexandru Borbei,G,0,,0,0,0,,,0,0,0,0,0,0,0,0,0,0,0,0,0,0,0,0,0,0,0,0,0,0,0,0,0,0,0,0,0,0,2026-09-14T05:01:16.603668+00:00
Italia Serie A 2026/2027,Lecce - Monza,2026-09-13T13:00:00+00:00,finished,4,3-2,Lecce,Ali Dembélé,D,0,,0,0,0,,,0,0,0,0,0,0,0,0,0,0,0,0,0,0,0,0,0,0,0,0,0,0,0,0,0,0,0,0,0,0,2026-09-14T05:01:16.603719+00:00
Italia Serie A 2026/2027,Lecce - Monza,2026-09-13T13:00:00+00:00,finished,4,3-2,Monza,Aljaz Strajnar,G,0,,0,0,0,,,0,0,0,0,0,0,0,0,0,0,0,0,0,0,0,0,0,0,0,0,0,0,0,0,0,0,0,0,0,0,2026-09-14T05:01:16.603921+00:00
Italia Serie A 2026/2027,Lecce - Monza,2026-09-13T13:00:00+00:00,finished,4,3-2,Lecce,Amar Fatah,F,16,6.5,8,0,0,0.0274,0.00124741,1,0,0,5,4,2,1,0,0,0,0,0,1,0,0,0,0,1,1,1,0,0,1,0,0,0,0,0,1,0,2026-09-14T05:01:16.603651+00:00
Italia Serie A 2026/2027,Lecce - Monza,2026-09-13T13:00:00+00:00,finished,4,3-2,Monza,Andrea Carboni,D,90,6.9,101,0,0,0.0112,0.0279972,1,1,0,80,69,8,6,1,0,1,0,7,2,4,1,2,1,1,2,5,0,0,13,1,0,0,0,0,3,0,2026-09-14T05:01:16.603772+00:00
Italia Serie A 2026/2027,Lecce - Monza,2026-09-13T13:00:00+00:00,finished,4,3-2,Monza,Andrea Colpani,F,64,6.4,30,0,0,0.4066,0.0647859,3,2,1,15,13,2,1,4,2,2,1,3,5,2,1,0,0,0,0,4,0,2,8,0,0,0,0,0,3,0,2026-09-14T05:01:16.603834+00:00
Italia Serie A 2026/2027,Lecce - Monza,2026-09-13T13:00:00+00:00,finished,4,3-2,Lecce,Antonino Gallo,D,90,7.2,66,0,0,,0.0088764,0,0,0,36,21,9,3,1,0,1,0,5,5,2,3,3,3,7,0,3,0,1,26,0,0,0,0,0,2,0,2026-09-14T05:01:16.603532+00:00
Italia Serie A 2026/2027,Lecce - Monza,2026-09-13T13:00:00+00:00,finished,4,3-2,Lecce,Corrie Ndaba,D,0,,0,0,0,,,0,0,0,0,0,0,0,0,0,0,0,0,0,0,0,0,0,0,0,0,0,0,0,0,0,0,0,0,0,0,2026-09-14T05:01:16.603690+00:00
Italia Serie A 2026/2027,Lecce - Monza,2026-09-13T13:00:00+00:00,finished,4,3-2,Lecce,Danilo Veiga,D,90,7.7,67,0,1,,0.258126,0,0,1,22,18,6,4,3,1,3,1,10,7,0,4,6,3,4,0,5,0,0,18,3,1,1,0,0,2,0,2026-09-14T05:01:16.603550+00:00
Italia Serie A 2026/2027,Lecce - Monza,2026-09-13T13:00:00+00:00,finished,4,3-2,Monza,Dany Mota,F,0,,0,0,0,,,0,0,0,0,0,0,0,0,0,0,0,0,0,0,0,0,0,0,0,0,0,0,0,0,0,0,0,0,0,0,2026-09-14T05:01:16.604020+00:00
Italia Serie A 2026/2027,Lecce - Monza,2026-09-13T13:00:00+00:00,finished,4,3-2,Monza,Demba Thiam,G,90,5.6,33,0,0,,0.00377463,0,0,0,24,15,14,5,0,0,0,0,0,0,0,0,0,0,1,0,7,0,0,10,0,0,0,0,0,3,0,2026-09-14T05:01:16.603748+00:00
Italia Serie A 2026/2027,Lecce - Monza,2026-09-13T13:00:00+00:00,finished,4,3-2,Monza,Ebenezer Akinsanmiro,M,84,6.5,70,0,0,,0.266897,0,0,2,59,54,5,4,0,0,1,1,3,7,0,0,1,0,1,1,8,0,3,11,1,3,0,0,0,3,0,2026-09-14T05:01:16.603812+00:00
Italia Serie A 2026/2027,Lecce - Monza,2026-09-13T13:00:00+00:00,finished,4,3-2,Monza,Eddy Kouadio,D,90,6.3,76,0,0,,0.00433336,0,0,0,57,45,11,2,0,0,0,0,9,5,2,1,7,3,6,2,6,0,1,14,0,2,0,0,0,3,0,2026-09-14T05:01:16.603756+00:00
Italia Serie A 2026/2027,Lecce - Monza,2026-09-13T13:00:00+00:00,finished,4,3-2,Monza,Exequiel Zeballos,F,26,7.3,25,1,0,0.06,0.0680013,2,1,0,13,10,0,0,1,0,4,1,3,8,1,0,1,1,0,0,0,1,1,10,0,3,0,0,0,0,0,2026-09-14T05:01:16.603859+00:00
Italia Serie A 2026/2027,Lecce - Monza,2026-09-13T13:00:00+00:00,finished,4,3-2,Lecce,Gaby Jean,D,0,,0,0,0,,,0,0,0,0,0,0,0,0,0,0,0,0,0,0,0,0,0,0,0,0,0,0,0,0,0,0,0,0,0,0,2026-09-14T05:01:16.603708+00:00
Italia Serie A 2026/2027,Lecce - Monza,2026-09-13T13:00:00+00:00,finished,4,3-2,Monza,Gustavo Varela,F,75,6.8,25,0,0,0.2884,0.0770192,2,1,3,12,9,0,0,0,0,5,1,3,6,2,0,0,0,0,0,2,0,0,10,0,2,0,0,0,3,0,2026-09-14T05:01:16.603827+00:00
Italia Serie A 2026/2027,Lecce - Monza,2026-09-13T13:00:00+00:00,finished,4,3-2,Lecce,Jamil Siebert,D,90,6.5,46,0,0,,0.00370157,0,0,0,30,21,8,3,0,0,0,0,4,3,2,3,2,1,10,2,2,0,0,10,0,0,0,0,0,2,0,2026-09-14T05:01:16.603504+00:00
Italia Serie A 2026/2027,Lecce - Monza,2026-09-13T13:00:00+00:00,finished,4,3-2,Monza,Jay Robinson,F,64,6.6,42,0,0,0.4336,0.0248956,3,2,0,15,11,1,1,4,0,1,0,6,8,1,1,1,0,1,0,1,0,5,20,4,0,0,0,0,3,0,2026-09-14T05:01:16.603840+00:00
Italia Serie A 2026/2027,Lecce - Monza,2026-09-13T13:00:00+00:00,finished,4,3-2,Lecce,Joël Monteiro,M,74,6.8,46,0,0,,0.00383904,0,0,0,18,14,0,0,0,0,2,1,8,6,4,3,3,2,1,1,1,0,2,17,0,0,0,0,0,1,0,2026-09-14T05:01:16.603565+00:00
Italia Serie A 2026/2027,Lecce - Monza,2026-09-13T13:00:00+00:00,finished,4,3-2,Lecce,Kialonda Gaspar,D,0,,0,0,0,,,0,0,0,0,0,0,0,0,0,0,0,0,0,0,0,0,0,0,0,0,0,0,0,0,0,0,0,0,0,0,2026-09-14T05:01:16.603675+00:00
Italia Serie A 2026/2027,Lecce - Monza,2026-09-13T13:00:00+00:00,finished,4,3-2,Lecce,Lassana Coulibaly,M,90,8.9,51,2,0,0.7756,0.00503678,3,2,0,31,25,2,0,0,0,0,0,10,7,3,1,4,1,0,0,7,0,3,12,3,1,0,0,0,2,0,2026-09-14T05:01:16.603542+00:00
Italia Serie A 2026/2027,Lecce - Monza,2026-09-13T13:00:00+00:00,finished,4,3-2,Monza,Leonardo Colombo,M,0,,0,0,0,,,0,0,0,0,0,0,0,0,0,0,0,0,0,0,0,0,0,0,0,0,0,0,0,0,0,0,0,0,0,0,2026-09-14T05:01:16.604000+00:00
Italia Serie A 2026/2027,Lecce - Monza,2026-09-13T13:00:00+00:00,finished,4,3-2,Monza,Lorenzo Lucchesi,D,90,6.6,80,0,0,0.4534,0.00577368,1,1,0,65,62,4,2,0,0,0,0,7,8,4,4,3,1,5,3,13,0,1,4,0,2,0,0,0,3,0,2026-09-14T05:01:16.603764+00:00
Italia Serie A 2026/2027,Lecce - Monza,2026-09-13T13:00:00+00:00,finished,4,3-2,Monza,Manga Foe Ondoa,M,0,,0,0,0,,,0,0,0,0,0,0,0,0,0,0,0,0,0,0,0,0,0,0,0,0,0,0,0,0,0,0,0,0,0,0,2026-09-14T05:01:16.603983+00:00
Italia Serie A 2026/2027,Lecce - Monza,2026-09-13T13:00:00+00:00,finished,4,3-2,Lecce,Marco Bleve,G,0,,0,0,0,,,0,0,0,0,0,0,0,0,0,0,0,0,0,0,0,0,0,0,0,0,0,0,0,0,0,0,0,0,0,0,2026-09-14T05:01:16.603661+00:00
Italia Serie A 2026/2027,Lecce - Monza,2026-09-13T13:00:00+00:00,finished,4,3-2,Monza,Mathis Mout,M,11,6.9,14,0,0,0.0239,0.0224711,1,0,0,10,9,3,2,0,0,0,0,1,1,0,1,1,1,1,0,0,1,0,2,0,0,0,0,0,0,0,2026-09-14T05:01:16.603905+00:00
Italia Serie A 2026/2027,Lecce - Monza,2026-09-13T13:00:00+00:00,finished,4,3-2,Monza,Michael Folorunsho,M,90,7.2,90,0,0,0.018,0.0269799,1,0,2,67,53,4,1,2,0,2,1,9,6,3,2,3,3,1,1,6,1,3,22,2,0,0,0,0,3,0,2026-09-14T05:01:16.603791+00:00
Italia Serie A 2026/2027,Lecce - Monza,2026-09-13T13:00:00+00:00,finished,4,3-2,Lecce,Mohamed Kaba,M,10,6.4,0,0,0,,,0,0,0,0,0,0,0,0,0,0,0,0,1,0,0,0,0,0,0,0,0,0,0,0,1,0,0,0,1,0,2026-09-14T05:01:16.603657+00:00
Italia Serie A 2026/2027,Lecce - Monza,2026-09-13T13:00:00+00:00,finished,4,3-2,Lecce,N'Dri Konan,F,45,6.1,27,0,0,,3.934e-05,0,0,0,7,3,1,0,1,0,2,0,3,8,0,2,3,2,1,1,4,0,0,13,0,3,1,0,0,1,0,2026-09-14T05:01:16.603611+00:00
Italia Serie A 2026/2027,Lecce - Monza,2026-09-13T13:00:00+00:00,finished,4,3-2,Lecce,Nikola Štulić,F,74,6.3,24,0,0,,0.0932803,0,0,0,12,8,0,0,0,0,1,0,3,8,2,3,0,0,0,0,0,0,2,10,1,2,0,0,0,1,0,2026-09-14T05:01:16.603572+00:00
Italia Serie A 2026/2027,Lecce - Monza,2026-09-13T13:00:00+00:00,finished,4,3-2,Monza,Noel Törnqvist,G,0,,0,0,0,,,0,0,0,0,0,0,0,0,0,0,0,0,0,0,0,0,0,0,0,0,0,0,0,0,0,0,0,0,0,0,2026-09-14T05:01:16.603914+00:00
Italia Serie A 2026/2027,Lecce - Monza,2026-09-13T13:00:00+00:00,finished,4,3-2,Lecce,Olaf Gorter,M,0,,0,0,0,,,0,0,0,0,0,0,0,0,0,0,0,0,0,0,0,0,0,0,0,0,0,0,0,0,0,0,0,0,0,0,2026-09-14T05:01:16.603740+00:00
Italia Serie A 2026/2027,Lecce - Monza,2026-09-13T13:00:00+00:00,finished,4,3-2,Monza,Omari Forson,M,15,6.6,10,0,0,,0.0197961,0,0,1,3,3,0,0,3,1,0,0,2,2,0,1,0,0,0,0,1,0,1,3,2,0,0,0,0,0,0,2026-09-14T05:01:16.603893+00:00
Italia Serie A 2026/2027,Lecce - Monza,2026-09-13T13:00:00+00:00,finished,4,3-2,Lecce,Oumar Ngom,M,24,7.0,18,0,0,,0.00572308,0,0,0,10,8,3,2,0,0,1,1,3,0,1,0,1,1,0,1,3,0,0,3,0,0,0,0,0,1,0,2026-09-14T05:01:16.603630+00:00
Italia Serie A 2026/2027,Lecce - Monza,2026-09-13T13:00:00+00:00,finished,4,3-2,Lecce,Paco Esteban,F,16,6.9,12,0,0,,3.514e-05,0,0,0,3,2,0,0,0,0,1,1,6,3,1,1,2,2,0,0,2,0,2,4,2,0,0,0,0,1,0,2026-09-14T05:01:16.603644+00:00
Italia Serie A 2026/2027,Lecce - Monza,2026-09-13T13:00:00+00:00,finished,4,3-2,Monza,Patrick Cutrone,F,26,6.3,13,0,0,0.1652,0.0136544,2,1,0,8,4,1,0,1,1,0,0,2,3,1,2,1,1,0,0,2,0,0,4,0,1,0,0,0,0,0,2026-09-14T05:01:16.603874+00:00
Italia Serie A 2026/2027,Lecce - Monza,2026-09-13T13:00:00+00:00,finished,4,3-2,Monza,Ricardo Mangas,D,45,7.2,41,1,0,0.9105,0.0916131,1,1,1,15,12,0,0,4,1,2,0,4,4,1,0,1,1,1,0,2,0,2,13,2,0,0,0,0,3,0,2026-09-14T05:01:16.603845+00:00
Italia Serie A 2026/2027,Lecce - Monza,2026-09-13T13:00:00+00:00,finished,4,3-2,Monza,Saba Goglichidze,D,0,,0,0,0,,,0,0,0,0,0,0,0,0,0,0,0,0,0,0,0,0,0,0,0,0,0,0,0,0,0,0,0,0,0,0,2026-09-14T05:01:16.603952+00:00
Italia Serie A 2026/2027,Lecce - Monza,2026-09-13T13:00:00+00:00,finished,4,3-2,Lecce,Sadik Fofana,M,0,,0,0,0,,,0,0,0,0,0,0,0,0,0,0,0,0,0,0,0,0,0,0,0,0,0,0,0,0,0,0,0,0,0,0,2026-09-14T05:01:16.603733+00:00
Italia Serie A 2026/2027,Lecce - Monza,2026-09-13T13:00:00+00:00,finished,4,3-2,Monza,Samuele Birindelli,M,90,7.1,56,0,1,0.0259,0.664753,1,1,3,31,27,1,0,5,1,0,0,3,4,0,3,1,1,1,0,1,0,1,10,2,0,0,0,0,3,0,2026-09-14T05:01:16.603779+00:00
Italia Serie A 2026/2027,Lecce - Monza,2026-09-13T13:00:00+00:00,finished,4,3-2,Lecce,Santiago Pierotti,F,45,6.5,18,0,0,,0.00183643,0,0,0,9,7,2,2,1,0,3,1,5,6,1,1,3,3,0,0,3,0,0,6,0,3,0,0,0,1,0,2026-09-14T05:01:16.603592+00:00
Italia Serie A 2026/2027,Lecce - Monza,2026-09-13T13:00:00+00:00,finished,4,3-2,Lecce,Tiago Gabriel,D,90,7.8,43,1,0,0.1543,0.00097352,1,1,0,30,27,2,1,0,0,0,0,8,1,2,1,4,3,4,1,0,0,0,3,2,0,0,0,0,2,0,2026-09-14T05:01:16.603521+00:00
Italia Serie A 2026/2027,Lecce - Monza,2026-09-13T13:00:00+00:00,finished,4,3-2,Monza,Valentin Antov,D,0,,0,0,0,,,0,0,0,0,0,0,0,0,0,0,0,0,0,0,0,0,0,0,0,0,0,0,0,0,0,0,0,0,0,0,2026-09-14T05:01:16.603965+00:00
Italia Serie A 2026/2027,Lecce - Monza,2026-09-13T13:00:00+00:00,finished,4,3-2,Lecce,Wladimiro Falcone,G,90,7.8,55,0,0,,0.00596858,0,0,0,41,20,37,16,0,0,0,0,1,0,0,0,0,0,1,0,13,0,0,21,1,0,0,0,8,2,1,2026-09-14T05:01:16.603461+00:00
Italia Serie A 2026/2027,Lecce - Monza,2026-09-13T13:00:00+00:00,finished,4,3-2,Lecce,Youssef Maleh,M,85,6.5,42,0,0,0.1254,0.00693968,2,0,0,30,25,1,1,1,0,0,0,2,4,0,0,1,1,1,1,4,1,2,8,1,2,0,0,0,1,0,2026-09-14T05:01:16.603557+00:00
Italia Serie A 2026/2027,Lecce - Monza,2026-09-13T13:00:00+00:00,finished,4,3-2,Monza,Yvan Maye,D,0,,0,0,0,,,0,0,0,0,0,0,0,0,0,0,0,0,0,0,0,0,0,0,0,0,0,0,0,0,0,0,0,0,0,0,2026-09-14T05:01:16.603934+00:00
Italia Serie A 2026/2027,SSC Napoli - Bologna,2026-09-13T16:00:00+00:00,finished,4,1-0,SSC Napoli,,,0,,0,0,0,,,0,0,0,0,0,0,0,0,0,0,0,0,0,0,0,0,0,0,0,0,0,0,0,0,0,0,0,0,0,0,2026-09-14T05:01:16.721001+00:00
Italia Serie A 2026/2027,SSC Napoli - Bologna,2026-09-13T16:00:00+00:00,finished,4,1-0,Bologna,,,90,6.6,63,0,0,,0.00255745,0,0,0,51,48,4,1,0,0,0,0,1,1,0,0,0,0,7,2,3,0,0,3,1,0,0,0,0,1,0,2026-09-14T05:01:16.721054+00:00
Italia Serie A 2026/2027,SSC Napoli - Bologna,2026-09-13T16:00:00+00:00,finished,4,1-0,Bologna,,,8,6.4,11,0,0,0.1095,0.00443339,1,1,0,7,7,0,0,1,0,0,0,0,1,0,0,0,0,0,0,0,0,1,3,0,0,0,0,0,0,0,2026-09-14T05:01:16.721174+00:00
Italia Serie A 2026/2027,SSC Napoli - Bologna,2026-09-13T16:00:00+00:00,finished,4,1-0,Bologna,,,8,6.5,3,0,0,0.0458,0.0786643,1,0,1,2,2,0,0,0,0,0,0,1,1,1,1,0,0,0,0,0,0,0,0,0,0,0,0,0,0,0,2026-09-14T05:01:16.721181+00:00
Italia Serie A 2026/2027,SSC Napoli - Bologna,2026-09-13T16:00:00+00:00,finished,4,1-0,Bologna,,,0,,0,0,0,,,0,0,0,0,0,0,0,0,0,0,0,0,0,0,0,0,0,0,0,0,0,0,0,0,0,0,0,0,0,0,2026-09-14T05:01:16.721196+00:00
Italia Serie A 2026/2027,SSC Napoli - Bologna,2026-09-13T16:00:00+00:00,finished,4,1-0,Bologna,Abdel Rahim,D,0,,0,0,0,,,0,0,0,0,0,0,0,0,0,0,0,0,0,0,0,0,0,0,0,0,0,0,0,0,0,0,0,0,0,0,2026-09-14T05:01:16.721217+00:00
Italia Serie A 2026/2027,SSC Napoli - Bologna,2026-09-13T16:00:00+00:00,finished,4,1-0,SSC Napoli,Amir Rrahmani,D,90,7.6,81,0,0,0.0463,0.0179921,2,0,0,68,63,3,1,0,0,0,0,9,1,6,0,1,1,3,1,5,1,0,6,2,2,0,0,0,0,0,2026-09-14T05:01:16.720885+00:00
Italia Serie A 2026/2027,SSC Napoli - Bologna,2026-09-13T16:00:00+00:00,finished,4,1-0,SSC Napoli,Antonio Vergara,F,45,6.1,26,0,0,0.2041,0.0023818,1,0,0,7,4,0,0,3,0,1,0,5,6,1,0,4,3,1,0,2,0,4,14,0,0,0,0,0,0,0,2026-09-14T05:01:16.720950+00:00
Italia Serie A 2026/2027,SSC Napoli - Bologna,2026-09-13T16:00:00+00:00,finished,4,1-0,SSC Napoli,Benoît Badiashile,D,0,,0,0,0,,,0,0,0,0,0,0,0,0,0,0,0,0,0,0,0,0,0,0,0,0,0,0,0,0,0,0,0,0,0,0,2026-09-14T05:01:16.721009+00:00
Italia Serie A 2026/2027,SSC Napoli - Bologna,2026-09-13T16:00:00+00:00,finished,4,1-0,SSC Napoli,Billy Gilmour,M,90,7.0,72,0,0,0.0391,0.0324977,1,0,0,61,56,4,3,0,0,1,1,4,2,1,1,0,0,0,0,2,1,1,10,2,0,0,0,0,0,0,2026-09-14T05:01:16.720913+00:00
Italia Serie A 2026/2027,SSC Napoli - Bologna,2026-09-13T16:00:00+00:00,finished,4,1-0,SSC Napoli,Costantino Favasuli,M,45,7.5,28,0,1,0.0548,0.106726,1,1,2,14,13,0,0,2,1,3,2,5,2,0,0,3,2,0,0,4,0,0,3,0,1,0,0,0,0,0,2026-09-14T05:01:16.720964+00:00
Italia Serie A 2026/2027,SSC Napoli - Bologna,2026-09-13T16:00:00+00:00,finished,4,1-0,SSC Napoli,David Neres,F,0,,0,0,0,,,0,0,0,0,0,0,0,0,0,0,0,0,0,0,0,0,0,0,0,0,0,0,0,0,0,0,0,0,0,0,2026-09-14T05:01:16.721024+00:00
Italia Serie A 2026/2027,SSC Napoli - Bologna,2026-09-13T16:00:00+00:00,finished,4,1-0,Bologna,Eivind Helland,D,0,,0,0,0,,,0,0,0,0,0,0,0,0,0,0,0,0,0,0,0,0,0,0,0,0,0,0,0,0,0,0,0,0,0,0,2026-09-14T05:01:16.721210+00:00
Italia Serie A 2026/2027,SSC Napoli - Bologna,2026-09-13T16:00:00+00:00,finished,4,1-0,Bologna,Emil Holm,D,90,7.2,65,0,0,,0.00755388,0,0,0,33,27,3,1,0,0,3,1,8,7,0,3,5,2,4,2,5,0,2,14,2,0,0,0,0,1,0,2026-09-14T05:01:16.721031+00:00
Italia Serie A 2026/2027,SSC Napoli - Bologna,2026-09-13T16:00:00+00:00,finished,4,1-0,Bologna,Federico Bernardeschi,F,82,6.8,42,0,0,0.0158,0.0271644,1,0,0,26,22,1,1,2,0,1,1,5,5,1,0,2,1,0,1,4,0,2,12,1,2,0,0,0,1,0,2026-09-14T05:01:16.721084+00:00
Italia Serie A 2026/2027,SSC Napoli - Bologna,2026-09-13T16:00:00+00:00,finished,4,1-0,SSC Napoli,Giovanni Di Lorenzo,D,90,6.5,61,0,0,,0.0177601,0,0,0,49,43,0,0,1,0,0,0,1,4,0,1,1,1,0,0,2,0,1,9,0,2,0,0,0,0,0,2026-09-14T05:01:16.720868+00:00
Italia Serie A 2026/2027,SSC Napoli - Bologna,2026-09-13T16:00:00+00:00,finished,4,1-0,Bologna,Jens Odgaard,M,32,6.3,11,0,0,,0.00056994,0,0,0,5,4,1,1,0,0,2,0,1,4,1,2,0,0,1,0,0,0,0,3,0,1,0,0,0,1,0,2026-09-14T05:01:16.721151+00:00
Italia Serie A 2026/2027,SSC Napoli - Bologna,2026-09-13T16:00:00+00:00,finished,4,1-0,Bologna,Juan Miranda,D,90,7.0,72,0,0,,0.0964507,0,0,1,48,41,4,1,2,2,1,1,7,1,2,0,3,1,2,1,4,0,0,13,1,0,0,0,0,1,0,2026-09-14T05:01:16.721062+00:00
Italia Serie A 2026/2027,SSC Napoli - Bologna,2026-09-13T16:00:00+00:00,finished,4,1-0,SSC Napoli,Kevin De Bruyne,M,88,8.0,85,0,0,0.2601,0.546883,3,0,4,61,52,2,2,12,4,3,2,2,4,0,1,0,0,0,0,1,1,1,22,0,1,0,0,0,0,0,2026-09-14T05:01:16.720925+00:00
Italia Serie A 2026/2027,SSC Napoli - Bologna,2026-09-13T16:00:00+00:00,finished,4,1-0,SSC Napoli,Leonardo Spinazzola,D,90,8.0,88,0,0,0.0347,0.121585,1,0,2,61,55,2,2,4,0,2,1,5,5,1,0,3,3,2,0,8,0,1,17,0,2,0,0,0,0,0,2026-09-14T05:01:16.720905+00:00
Italia Serie A 2026/2027,SSC Napoli - Bologna,2026-09-13T16:00:00+00:00,finished,4,1-0,Bologna,Lewis Ferguson,M,90,7.2,79,0,0,,0.0334963,0,0,0,65,61,3,2,1,1,0,0,4,6,1,0,2,2,2,1,3,0,1,7,1,3,0,0,0,1,0,2026-09-14T05:01:16.721069+00:00
Italia Serie A 2026/2027,SSC Napoli - Bologna,2026-09-13T16:00:00+00:00,finished,4,1-0,Bologna,Lorenzo De Silvestri,D,0,,0,0,0,,,0,0,0,0,0,0,0,0,0,0,0,0,0,0,0,0,0,0,0,0,0,0,0,0,0,0,0,0,0,0,2026-09-14T05:01:16.721203+00:00
Italia Serie A 2026/2027,SSC Napoli - Bologna,2026-09-13T16:00:00+00:00,finished,4,1-0,SSC Napoli,Lorenzo Lucca,F,15,6.4,15,0,0,,0.00974414,0,0,1,11,11,0,0,0,0,0,0,2,4,2,0,0,0,0,1,1,0,2,3,0,2,0,0,0,0,0,2026-09-14T05:01:16.720979+00:00
Italia Serie A 2026/2027,SSC Napoli - Bologna,2026-09-13T16:00:00+00:00,finished,4,1-0,Bologna,Marco Libra,M,32,6.3,11,0,0,,0.00422039,0,0,0,8,7,1,1,0,0,0,0,0,1,0,0,0,0,1,0,0,0,0,1,0,0,0,0,0,1,0,2026-09-14T05:01:16.721159+00:00
Italia Serie A 2026/2027,SSC Napoli - Bologna,2026-09-13T16:00:00+00:00,finished,4,1-0,Bologna,Martin Vitík,D,0,,0,0,0,,,0,0,0,0,0,0,0,0,0,0,0,0,0,0,0,0,0,0,0,0,0,0,0,0,0,0,0,0,0,0,2026-09-14T05:01:16.721224+00:00
Italia Serie A 2026/2027,SSC Napoli - Bologna,2026-09-13T16:00:00+00:00,finished,4,1-0,Bologna,Massimo Pessina,G,90,6.7,43,0,0,,0.00074931,0,0,0,33,25,17,10,0,0,0,0,2,0,2,0,0,0,2,0,5,0,0,8,0,0,0,0,3,1,2,2026-09-14T05:01:16.721039+00:00
Italia Serie A 2026/2027,SSC Napoli - Bologna,2026-09-13T16:00:00+00:00,finished,4,1-0,SSC Napoli,Mathías Olivera,D,8,6.7,3,0,0,,5e-08,0,0,0,0,0,0,0,1,0,0,0,1,0,1,0,0,0,1,0,0,0,0,1,0,0,0,0,0,0,0,2026-09-14T05:01:16.720986+00:00
Italia Serie A 2026/2027,SSC Napoli - Bologna,2026-09-13T16:00:00+00:00,finished,4,1-0,SSC Napoli,Matteo Politano,M,45,6.8,19,0,0,,0.072341,0,0,1,17,16,0,0,1,1,0,0,1,1,0,0,0,0,0,0,1,0,0,1,1,0,0,0,0,0,0,2026-09-14T05:01:16.720957+00:00
Italia Serie A 2026/2027,SSC Napoli - Bologna,2026-09-13T16:00:00+00:00,finished,4,1-0,Bologna,Mikel Amondarain,M,66,6.0,29,0,0,,0.0222421,0,0,1,17,12,1,0,1,1,2,0,3,9,0,3,2,1,0,0,2,0,0,11,1,3,1,0,0,1,0,2026-09-14T05:01:16.721093+00:00
Italia Serie A 2026/2027,SSC Napoli - Bologna,2026-09-13T16:00:00+00:00,finished,4,1-0,Bologna,Nicolò Cambiaghi,F,82,6.3,36,0,0,,0.0149966,0,0,1,27,24,1,0,1,0,1,0,2,3,0,1,0,0,0,0,1,0,1,8,2,0,0,0,0,1,0,2026-09-14T05:01:16.721077+00:00
Italia Serie A 2026/2027,SSC Napoli - Bologna,2026-09-13T16:00:00+00:00,finished,4,1-0,Bologna,Nicolò Casale,D,0,,0,0,0,,,0,0,0,0,0,0,0,0,0,0,0,0,0,0,0,0,0,0,0,0,0,0,0,0,0,0,0,0,0,0,2026-09-14T05:01:16.721231+00:00
Italia Serie A 2026/2027,SSC Napoli - Bologna,2026-09-13T16:00:00+00:00,finished,4,1-0,SSC Napoli,Nikita Contini,G,0,,0,0,0,,,0,0,0,0,0,0,0,0,0,0,0,0,0,0,0,0,0,0,0,0,0,0,0,0,0,0,0,0,0,0,2026-09-14T05:01:16.721017+00:00
Italia Serie A 2026/2027,SSC Napoli - Bologna,2026-09-13T16:00:00+00:00,finished,4,1-0,Bologna,Nikola Moro,M,24,7.1,26,0,0,,0.0142507,0,0,0,21,19,6,5,2,0,0,0,3,0,0,0,1,1,0,0,3,0,0,4,2,0,0,0,0,1,0,2026-09-14T05:01:16.721167+00:00
Italia Serie A 2026/2027,SSC Napoli - Bologna,2026-09-13T16:00:00+00:00,finished,4,1-0,SSC Napoli,Noa Lang,F,45,7.0,39,0,0,0.014,0.219051,1,0,1,29,27,2,2,3,1,3,1,2,4,0,2,1,0,0,0,0,0,0,6,0,0,0,0,0,0,0,2026-09-14T05:01:16.720972+00:00
Italia Serie A 2026/2027,SSC Napoli - Bologna,2026-09-13T16:00:00+00:00,finished,4,1-0,SSC Napoli,Rafa Marín,D,90,6.9,75,0,0,0.1204,0.0124051,1,0,0,66,64,3,1,0,0,0,0,3,6,0,3,3,3,1,1,3,1,0,3,0,2,0,0,0,0,0,2026-09-14T05:01:16.720896+00:00
Italia Serie A 2026/2027,SSC Napoli - Bologna,2026-09-13T16:00:00+00:00,finished,4,1-0,SSC Napoli,Rasmus Højlund,F,75,6.0,19,0,0,0.6298,0.0152352,3,1,0,9,8,0,0,0,0,0,0,1,6,1,3,0,0,1,0,0,1,1,7,0,2,0,0,0,0,0,2026-09-14T05:01:16.720940+00:00
Italia Serie A 2026/2027,SSC Napoli - Bologna,2026-09-13T16:00:00+00:00,finished,4,1-0,Bologna,Roberto Piccoli,F,58,6.5,25,0,0,,0.00158823,0,0,0,8,5,0,0,0,0,4,1,5,6,1,3,1,1,1,0,2,0,0,11,2,0,0,0,0,0,0,2026-09-14T05:01:16.721142+00:00
Italia Serie A 2026/2027,SSC Napoli - Bologna,2026-09-13T16:00:00+00:00,finished,4,1-0,SSC Napoli,Sam Beukema,D,0,,0,0,0,,,0,0,0,0,0,0,0,0,0,0,0,0,0,0,0,0,0,0,0,0,0,0,0,0,0,0,0,0,0,0,2026-09-14T05:01:16.720994+00:00
Italia Serie A 2026/2027,SSC Napoli - Bologna,2026-09-13T16:00:00+00:00,finished,4,1-0,SSC Napoli,Stanislav Lobotka,M,90,8.8,75,1,0,0.4046,0.124762,1,1,2,62,57,3,2,0,0,0,0,8,2,2,0,2,0,2,0,4,0,1,8,4,1,0,0,0,0,0,2026-09-14T05:01:16.720770+00:00
Italia Serie A 2026/2027,SSC Napoli - Bologna,2026-09-13T16:00:00+00:00,finished,4,1-0,Bologna,Tommaso Pobega,M,58,6.9,28,0,0,0.0789,0.00406311,2,1,0,21,21,2,2,0,0,0,0,2,1,0,0,1,1,1,0,2,0,0,0,1,1,0,0,0,0,0,2026-09-14T05:01:16.721124+00:00
Italia Serie A 2026/2027,SSC Napoli - Bologna,2026-09-13T16:00:00+00:00,finished,4,1-0,Bologna,Torbjørn Heggem,D,90,7.0,55,0,0,,0.00282461,0,0,0,41,37,1,0,0,0,0,0,3,3,2,3,1,0,6,1,2,0,0,4,0,0,0,0,0,1,0,2026-09-14T05:01:16.721046+00:00
Italia Serie A 2026/2027,SSC Napoli - Bologna,2026-09-13T16:00:00+00:00,finished,4,1-0,SSC Napoli,Vanja Milinković-Savić,G,90,7.1,38,0,0,,0.0067519,0,0,0,34,25,16,7,0,0,0,0,0,0,0,0,0,0,0,0,5,0,0,9,0,0,0,0,2,0,0,2026-09-14T05:01:16.720814+00:00
Italia Serie A 2026/2027,SSC Napoli - Bologna,2026-09-13T16:00:00+00:00,finished,4,1-0,Bologna,Łukasz Skorupski,G,0,,0,0,0,,,0,0,0,0,0,0,0,0,0,0,0,0,0,0,0,0,0,0,0,0,0,0,0,0,0,0,0,0,0,0,2026-09-14T05:01:16.721189+00:00
Italia Serie A 2026/2027,Sassuolo - Juventus,2026-09-13T18:45:00+00:00,finished,4,3-2,Juventus,,,0,,0,0,0,,,0,0,0,0,0,0,0,0,0,0,0,0,0,0,0,0,0,0,0,0,0,0,0,0,0,0,0,0,0,0,2026-09-14T05:01:16.920528+00:00
Italia Serie A 2026/2027,Sassuolo - Juventus,2026-09-13T18:45:00+00:00,finished,4,3-2,Sassuolo,Andrea Ghion,M,0,,0,0,0,,,0,0,0,0,0,0,0,0,0,0,0,0,0,0,0,0,0,0,0,0,0,0,0,0,0,0,0,0,0,0,2026-09-14T05:01:16.920332+00:00
Italia Serie A 2026/2027,Sassuolo - Juventus,2026-09-13T18:45:00+00:00,finished,4,3-2,Sassuolo,Arijanet Murić,G,90,8.2,45,0,0,,0.00021611,0,0,0,34,29,8,3,0,0,0,0,1,0,1,0,0,0,1,0,7,0,0,6,0,0,0,0,6,2,0,2026-09-14T05:01:16.920132+00:00
Italia Serie A 2026/2027,Sassuolo - Juventus,2026-09-13T18:45:00+00:00,finished,4,3-2,Sassuolo,Armand Laurienté,F,90,7.0,44,0,1,,0.0379539,0,0,2,29,24,3,2,6,1,3,2,4,1,1,0,1,0,0,0,4,0,0,14,0,0,0,0,0,2,0,2026-09-14T05:01:16.920147+00:00
Italia Serie A 2026/2027,Sassuolo - Juventus,2026-09-13T18:45:00+00:00,finished,4,3-2,Juventus,Augusto Owusu,M,0,,0,0,0,,,0,0,0,0,0,0,0,0,0,0,0,0,0,0,0,0,0,0,0,0,0,0,0,0,0,0,0,0,0,0,2026-09-14T05:01:16.920521+00:00
Italia Serie A 2026/2027,Sassuolo - Juventus,2026-09-13T18:45:00+00:00,finished,4,3-2,Sassuolo,Benjamín Domínguez,M,20,6.5,7,0,0,,7.734e-05,0,0,0,4,3,0,0,1,0,0,0,1,2,0,1,1,1,0,0,1,0,0,3,0,0,0,0,0,2,0,2026-09-14T05:01:16.920244+00:00
Italia Serie A 2026/2027,Sassuolo - Juventus,2026-09-13T18:45:00+00:00,finished,4,3-2,Juventus,Carlo Pinsoglio,G,0,,0,0,0,,,0,0,0,0,0,0,0,0,0,0,0,0,0,0,0,0,0,0,0,0,0,0,0,0,0,0,0,0,0,0,2026-09-14T05:01:16.920492+00:00
Italia Serie A 2026/2027,Sassuolo - Juventus,2026-09-13T18:45:00+00:00,finished,4,3-2,Sassuolo,Cas Odenthal,D,0,,0,0,0,,,0,0,0,0,0,0,0,0,0,0,0,0,0,0,0,0,0,0,0,0,0,0,0,0,0,0,0,0,0,0,2026-09-14T05:01:16.920326+00:00
Italia Serie A 2026/2027,Sassuolo - Juventus,2026-09-13T18:45:00+00:00,finished,4,3-2,Juventus,Daniele Rugani,D,0,,0,0,0,,,0,0,0,0,0,0,0,0,0,0,0,0,0,0,0,0,0,0,0,0,0,0,0,0,0,0,0,0,0,0,2026-09-14T05:01:16.920514+00:00
Italia Serie A 2026/2027,Sassuolo - Juventus,2026-09-13T18:45:00+00:00,finished,4,3-2,Sassuolo,Darryl Bakola,M,35,7.0,28,0,1,,0.043713,0,0,1,20,17,1,1,0,0,1,1,3,2,0,0,1,1,1,0,1,0,1,5,1,0,0,0,0,2,0,2026-09-14T05:01:16.920232+00:00
Italia Serie A 2026/2027,Sassuolo - Juventus,2026-09-13T18:45:00+00:00,finished,4,3-2,Sassuolo,Domenico Berardi,F,71,7.1,42,0,0,0.3116,0.052306,3,3,0,28,22,3,1,1,0,1,0,3,3,0,1,2,1,0,1,2,0,1,10,1,0,0,0,0,0,0,2026-09-14T05:01:16.920191+00:00
Italia Serie A 2026/2027,Sassuolo - Juventus,2026-09-13T18:45:00+00:00,finished,4,3-2,Juventus,Douglas Luiz,M,90,6.5,65,0,0,0.0757,0.0246044,1,1,1,54,51,4,2,0,0,1,0,1,7,0,0,1,0,1,0,5,0,2,8,0,4,1,0,0,3,0,2026-09-14T05:01:16.920407+00:00
Italia Serie A 2026/2027,Sassuolo - Juventus,2026-09-13T18:45:00+00:00,finished,4,3-2,Sassuolo,Duje Ćaleta-Car,D,9,6.1,3,0,0,,0.00013036,0,0,0,3,3,1,1,0,0,0,0,0,0,0,0,0,0,0,0,0,0,0,0,0,0,0,0,0,2,0,2026-09-14T05:01:16.920294+00:00
Italia Serie A 2026/2027,Sassuolo - Juventus,2026-09-13T18:45:00+00:00,finished,4,3-2,Juventus,Edon Zhegrova,F,30,9.3,32,2,0,0.3549,0.147429,3,2,3,16,12,0,0,3,2,4,3,6,2,0,0,2,1,0,0,1,1,1,8,1,0,0,0,0,3,0,2026-09-14T05:01:16.920469+00:00
Italia Serie A 2026/2027,Sassuolo - Juventus,2026-09-13T18:45:00+00:00,finished,4,3-2,Sassuolo,Fedde Leysen,D,90,6.4,54,0,0,,0.00166246,0,0,0,43,37,6,1,0,0,0,0,3,3,1,1,2,1,4,3,3,0,0,6,0,1,1,0,0,2,0,2026-09-14T05:01:16.920054+00:00
Italia Serie A 2026/2027,Sassuolo - Juventus,2026-09-13T18:45:00+00:00,finished,4,3-2,Juventus,Federico Gatti,D,0,,0,0,0,,,0,0,0,0,0,0,0,0,0,0,0,0,0,0,0,0,0,0,0,0,0,0,0,0,0,0,0,0,0,0,2026-09-14T05:01:16.920507+00:00
Italia Serie A 2026/2027,Sassuolo - Juventus,2026-09-13T18:45:00+00:00,finished,4,3-2,Juventus,Francisco Conceição,F,60,7.1,36,0,0,0.0153,0.0606731,1,1,2,27,19,2,1,3,1,0,0,2,0,0,0,1,1,0,0,3,0,0,11,1,0,0,0,0,0,0,2026-09-14T05:01:16.920431+00:00
Italia Serie A 2026/2027,Sassuolo - Juventus,2026-09-13T18:45:00+00:00,finished,4,3-2,Juventus,Gleison Bremer,D,90,6.2,75,0,0,,0.0130548,0,0,1,66,61,2,2,0,0,0,0,5,3,3,0,1,0,2,2,3,0,0,6,1,2,0,0,0,3,0,2026-09-14T05:01:16.920383+00:00
Italia Serie A 2026/2027,Sassuolo - Juventus,2026-09-13T18:45:00+00:00,finished,4,3-2,Juventus,Guglielmo Vicario,G,90,6.3,30,0,0,,8.073e-05,0,0,0,21,20,1,0,0,0,0,0,1,0,1,0,0,0,2,0,6,0,0,1,0,0,0,0,3,3,1,2026-09-14T05:01:16.920376+00:00
Italia Serie A 2026/2027,Sassuolo - Juventus,2026-09-13T18:45:00+00:00,finished,4,3-2,Sassuolo,Ibrahim Sulemana,M,0,,0,0,0,,,0,0,0,0,0,0,0,0,0,0,0,0,0,0,0,0,0,0,0,0,0,0,0,0,0,0,0,0,0,0,2026-09-14T05:01:16.920347+00:00
Italia Serie A 2026/2027,Sassuolo - Juventus,2026-09-13T18:45:00+00:00,finished,4,3-2,Sassuolo,Ignace Van der Brempt,D,0,,0,0,0,,,0,0,0,0,0,0,0,0,0,0,0,0,0,0,0,0,0,0,0,0,0,0,0,0,0,0,0,0,0,0,2026-09-14T05:01:16.920303+00:00
Italia Serie A 2026/2027,Sassuolo - Juventus,2026-09-13T18:45:00+00:00,finished,4,3-2,Sassuolo,Jay Idzes,D,81,6.9,44,0,0,0.0118,0.00111254,1,0,0,36,32,3,0,0,0,1,1,3,1,0,0,0,0,2,1,3,0,0,4,2,1,0,0,0,0,0,2026-09-14T05:01:16.920175+00:00
Italia Serie A 2026/2027,Sassuolo - Juventus,2026-09-13T18:45:00+00:00,finished,4,3-2,Juventus,Jhon Lucumí,D,45,6.7,48,0,0,,0.0111899,0,0,0,47,45,0,0,0,0,0,0,0,1,0,0,0,0,0,0,1,0,0,3,0,1,1,0,0,0,0,2026-09-14T05:01:16.920454+00:00
Italia Serie A 2026/2027,Sassuolo - Juventus,2026-09-13T18:45:00+00:00,finished,4,3-2,Sassuolo,Josh Doig,D,90,6.5,48,0,0,0.0324,0.0161059,2,0,0,25,22,0,0,0,0,0,0,3,5,0,0,1,0,4,3,2,1,2,7,2,1,0,0,0,2,0,2026-09-14T05:01:16.920157+00:00
Italia Serie A 2026/2027,Sassuolo - Juventus,2026-09-13T18:45:00+00:00,finished,4,3-2,Juventus,Justin Oboavwoduo,F,8,6.5,2,0,0,,0.00019531,0,0,0,1,1,0,0,0,0,0,0,0,0,0,0,0,0,0,0,0,0,0,1,0,0,0,0,0,2,0,2026-09-14T05:01:16.920484+00:00
Italia Serie A 2026/2027,Sassuolo - Juventus,2026-09-13T18:45:00+00:00,finished,4,3-2,Juventus,Kamil Grabara,G,0,,0,0,0,,,0,0,0,0,0,0,0,0,0,0,0,0,0,0,0,0,0,0,0,0,0,0,0,0,0,0,0,0,0,0,2026-09-14T05:01:16.920499+00:00
Italia Serie A 2026/2027,Sassuolo - Juventus,2026-09-13T18:45:00+00:00,finished,4,3-2,Juventus,Kerim Alajbegović,M,87,6.6,51,0,0,0.1938,0.0690899,6,3,0,34,26,2,1,0,0,3,2,3,3,0,0,0,0,0,0,2,2,0,11,1,1,0,0,0,1,0,2026-09-14T05:01:16.920415+00:00
Italia Serie A 2026/2027,Sassuolo - Juventus,2026-09-13T18:45:00+00:00,finished,4,3-2,Sassuolo,Kieron Bowie,F,19,7.7,12,1,0,0.0858,0.0305113,1,1,0,6,5,0,0,0,0,0,0,1,2,0,2,1,0,0,0,2,0,0,4,0,0,0,0,0,2,0,2026-09-14T05:01:16.920285+00:00
Italia Serie A 2026/2027,Sassuolo - Juventus,2026-09-13T18:45:00+00:00,finished,4,3-2,Sassuolo,Kristian Thorstvedt,M,71,6.9,31,0,0,,0.0168834,0,0,0,23,21,3,3,0,0,0,0,3,1,0,0,0,0,0,1,3,0,1,5,3,0,0,0,0,0,0,2026-09-14T05:01:16.920183+00:00
Italia Serie A 2026/2027,Sassuolo - Juventus,2026-09-13T18:45:00+00:00,finished,4,3-2,Sassuolo,Laurs Skjellerup,F,0,,0,0,0,,,0,0,0,0,0,0,0,0,0,0,0,0,0,0,0,0,0,0,0,0,0,0,0,0,0,0,0,0,0,0,2026-09-14T05:01:16.920354+00:00
Italia Serie A 2026/2027,Sassuolo - Juventus,2026-09-13T18:45:00+00:00,finished,4,3-2,Juventus,Lloyd Kelly,D,45,6.0,39,0,0,,0.0118905,0,0,0,36,32,2,1,1,0,1,1,1,1,0,0,0,0,0,0,4,0,0,5,0,1,0,0,0,3,0,2026-09-14T05:01:16.920447+00:00
Italia Serie A 2026/2027,Sassuolo - Juventus,2026-09-13T18:45:00+00:00,finished,4,3-2,Sassuolo,Lorenzo Nyarko,G,0,,0,0,0,,,0,0,0,0,0,0,0,0,0,0,0,0,0,0,0,0,0,0,0,0,0,0,0,0,0,0,0,0,0,0,2026-09-14T05:01:16.920319+00:00
Italia Serie A 2026/2027,Sassuolo - Juventus,2026-09-13T18:45:00+00:00,finished,4,3-2,Sassuolo,Luca Lipani,M,55,6.5,25,0,0,,0.00396268,0,0,0,17,15,0,0,0,0,0,0,1,2,0,0,1,0,0,0,1,0,0,3,0,2,1,0,0,0,0,2026-09-14T05:01:16.920213+00:00
Italia Serie A 2026/2027,Sassuolo - Juventus,2026-09-13T18:45:00+00:00,finished,4,3-2,Sassuolo,Nemanja Matić,M,90,7.6,82,0,1,,0.0835962,0,0,1,68,60,4,1,0,0,1,1,5,3,0,1,4,2,3,0,5,0,2,11,0,0,0,0,0,2,0,2026-09-14T05:01:16.920166+00:00
Italia Serie A 2026/2027,Sassuolo - Juventus,2026-09-13T18:45:00+00:00,finished,4,3-2,Sassuolo,Nicholas Pierini,F,0,,0,0,0,,,0,0,0,0,0,0,0,0,0,0,0,0,0,0,0,0,0,0,0,0,0,0,0,0,0,0,0,0,0,0,2026-09-14T05:01:16.920361+00:00
Italia Serie A 2026/2027,Sassuolo - Juventus,2026-09-13T18:45:00+00:00,finished,4,3-2,Juventus,Nick Woltemade,F,30,6.2,13,0,0,0.1502,0.0199263,2,0,0,7,6,0,0,0,0,0,0,1,2,0,1,0,0,0,0,2,0,0,3,1,2,0,0,0,3,0,2026-09-14T05:01:16.920461+00:00
Italia Serie A 2026/2027,Sassuolo - Juventus,2026-09-13T18:45:00+00:00,finished,4,3-2,Juventus,Nicolás González,M,60,6.7,30,0,0,0.0575,0.0745758,2,0,1,22,17,0,0,0,0,1,0,3,1,0,0,2,1,1,0,1,1,0,6,1,0,0,0,0,0,0,2026-09-14T05:01:16.920438+00:00
Italia Serie A 2026/2027,Sassuolo - Juventus,2026-09-13T18:45:00+00:00,finished,4,3-2,Juventus,Pape Matar Sarr,M,19,6.4,21,0,0,,0.0097953,0,0,0,19,19,0,0,0,0,1,0,0,1,0,0,0,0,0,0,2,0,0,1,0,0,0,0,0,2,0,2026-09-14T05:01:16.920477+00:00
Italia Serie A 2026/2027,Sassuolo - Juventus,2026-09-13T18:45:00+00:00,finished,4,3-2,Juventus,Pierre Kalulu,D,90,5.9,67,0,0,,0.0380043,0,0,0,48,41,1,0,3,2,2,0,1,4,0,1,1,1,3,0,6,0,0,10,0,0,0,0,0,3,0,2026-09-14T05:01:16.920391+00:00
Italia Serie A 2026/2027,Sassuolo - Juventus,2026-09-13T18:45:00+00:00,finished,4,3-2,Sassuolo,Rafael Obrador,M,0,,0,0,0,,,0,0,0,0,0,0,0,0,0,0,0,0,0,0,0,0,0,0,0,0,0,0,0,0,0,0,0,0,0,0,2026-09-14T05:01:16.920339+00:00
Italia Serie A 2026/2027,Sassuolo - Juventus,2026-09-13T18:45:00+00:00,finished,4,3-2,Juventus,Randal Kolo Muani,F,90,6.3,22,0,1,0.0253,0.0381917,1,0,2,12,9,0,0,0,0,4,0,3,9,1,1,1,0,0,0,1,1,1,9,1,1,0,0,0,3,0,2026-09-14T05:01:16.920368+00:00
Italia Serie A 2026/2027,Sassuolo - Juventus,2026-09-13T18:45:00+00:00,finished,4,3-2,Sassuolo,Sebastiano Esposito,F,70,8.0,41,1,0,0.2462,0.194168,2,1,3,31,28,2,2,0,0,2,0,3,5,0,2,0,0,0,0,2,0,0,8,3,1,0,0,0,0,0,2026-09-14T05:01:16.920199+00:00
Italia Serie A 2026/2027,Sassuolo - Juventus,2026-09-13T18:45:00+00:00,finished,4,3-2,Sassuolo,Simone Cinquegrano,D,90,6.2,38,0,0,,0.00195082,0,0,0,16,14,1,0,1,0,0,0,2,3,0,0,2,2,2,1,3,0,0,7,0,1,0,0,0,2,0,2026-09-14T05:01:16.920095+00:00
Italia Serie A 2026/2027,Sassuolo - Juventus,2026-09-13T18:45:00+00:00,finished,4,3-2,Sassuolo,Stefano Turati,G,0,,0,0,0,,,0,0,0,0,0,0,0,0,0,0,0,0,0,0,0,0,0,0,0,0,0,0,0,0,0,0,0,0,0,0,2026-09-14T05:01:16.920311+00:00
Italia Serie A 2026/2027,Sassuolo - Juventus,2026-09-13T18:45:00+00:00,finished,4,3-2,Juventus,Teun Koopmeiners,M,71,6.8,49,0,0,0.0998,0.0401369,1,1,0,45,40,2,2,2,0,1,1,2,1,1,0,0,0,0,0,4,0,0,7,0,1,0,0,0,1,0,2026-09-14T05:01:16.920423+00:00
Italia Serie A 2026/2027,Sassuolo - Juventus,2026-09-13T18:45:00+00:00,finished,4,3-2,Sassuolo,Vasilije Adžić,M,19,7.3,15,1,0,0.2091,0.00041997,1,1,0,10,8,0,0,1,0,0,0,0,1,0,0,0,0,0,0,0,0,1,4,0,0,0,0,0,2,0,2026-09-14T05:01:16.920268+00:00
Italia Serie A 2026/2027,Sassuolo - Juventus,2026-09-13T18:45:00+00:00,finished,4,3-2,Juventus,Zeki Çelik,D,90,6.4,38,0,0,0.0347,0.0853724,1,0,2,23,19,1,1,2,1,1,0,5,1,2,0,3,3,1,0,3,1,0,9,0,0,0,0,0,3,0,2026-09-14T05:01:16.920399+00:00
Italia Serie A 2026/2027,Como - Parma,2026-09-14T16:30:00+00:00,finished,4,2-1,Como,,,90,6.9,37,0,0,,0.00361824,0,0,0,27,19,14,6,0,0,0,0,0,0,0,0,0,0,0,0,9,0,0,8,0,0,0,0,3,1,0,2026-09-15T05:01:25.156411+00:00
Italia Serie A 2026/2027,Como - Parma,2026-09-14T16:30:00+00:00,finished,4,2-1,Como,,,64,6.7,18,0,0,0.1277,0.0406846,2,1,1,9,8,0,0,0,0,0,0,3,1,1,0,1,1,0,0,1,1,1,3,1,0,0,0,0,0,0,2026-09-15T05:01:25.156443+00:00
Italia Serie A 2026/2027,Como - Parma,2026-09-14T16:30:00+00:00,finished,4,2-1,Como,,,10,6.5,15,0,0,,0.0567966,0,0,2,12,12,0,0,1,0,0,0,0,0,0,0,0,0,0,0,0,0,0,2,0,0,0,0,0,1,0,2026-09-15T05:01:25.156492+00:00
Italia Serie A 2026/2027,Como - Parma,2026-09-14T16:30:00+00:00,finished,4,2-1,Como,,,0,,0,0,0,,,0,0,0,0,0,0,0,0,0,0,0,0,0,0,0,0,0,0,0,0,0,0,0,0,0,0,0,0,0,0,2026-09-15T05:01:25.156534+00:00
Italia Serie A 2026/2027,Como - Parma,2026-09-14T16:30:00+00:00,finished,4,2-1,Parma,,,64,6.9,41,0,0,0.0575,0.523178,1,0,1,32,25,3,0,3,2,1,0,1,4,0,1,0,0,1,0,5,0,0,10,1,0,0,0,0,1,0,2026-09-15T05:01:25.156667+00:00
Italia Serie A 2026/2027,Como - Parma,2026-09-14T16:30:00+00:00,finished,4,2-1,Parma,Abdou-Salam Konate,M,0,,0,0,0,,,0,0,0,0,0,0,0,0,0,0,0,0,0,0,0,0,0,0,0,0,0,0,0,0,0,0,0,0,0,0,2026-09-15T05:01:25.156762+00:00
Italia Serie A 2026/2027,Como - Parma,2026-09-14T16:30:00+00:00,finished,4,2-1,Parma,Abdoulaye Ndiaye,D,0,,0,0,0,,,0,0,0,0,0,0,0,0,0,0,0,0,0,0,0,0,0,0,0,0,0,0,0,0,0,0,0,0,0,0,2026-09-15T05:01:25.156846+00:00
Italia Serie A 2026/2027,Como - Parma,2026-09-14T16:30:00+00:00,finished,4,2-1,Como,Adrian Lahdo,M,0,,0,0,0,,,0,0,0,0,0,0,0,0,0,0,0,0,0,0,0,0,0,0,0,0,0,0,0,0,0,0,0,0,0,0,2026-09-15T05:01:25.156555+00:00
Italia Serie A 2026/2027,Como - Parma,2026-09-14T16:30:00+00:00,finished,4,2-1,Parma,Adrián Bernabé,M,26,6.6,21,0,0,,0.0360938,0,0,0,18,14,1,1,0,0,0,0,1,1,0,0,0,0,0,0,0,0,1,6,1,0,0,0,0,1,0,2026-09-15T05:01:25.156726+00:00
Italia Serie A 2026/2027,Como - Parma,2026-09-14T16:30:00+00:00,finished,4,2-1,Como,Alberto Dossena,D,0,,0,0,0,,,0,0,0,0,0,0,0,0,0,0,0,0,0,0,0,0,0,0,0,0,0,0,0,0,0,0,0,0,0,0,2026-09-15T05:01:25.156541+00:00
Italia Serie A 2026/2027,Como - Parma,2026-09-14T16:30:00+00:00,finished,4,2-1,Como,Anastasios Douvikas,F,26,6.7,7,0,0,0.4756,0.00261637,1,1,1,4,4,0,0,0,0,0,0,1,1,0,1,1,0,1,0,0,0,0,0,0,0,0,0,0,1,0,2026-09-15T05:01:25.156478+00:00
Italia Serie A 2026/2027,Como - Parma,2026-09-14T16:30:00+00:00,finished,4,2-1,Como,Assane Diao,M,55,7.1,44,0,0,,0.0878476,0,0,2,30,25,1,0,4,1,3,2,4,3,2,0,0,0,0,0,4,0,0,13,0,1,0,0,0,0,0,2026-09-15T05:01:25.156458+00:00
Italia Serie A 2026/2027,Como - Parma,2026-09-14T16:30:00+00:00,finished,4,2-1,Parma,Benjamin Cremaschi,M,0,,0,0,0,,,0,0,0,0,0,0,0,0,0,0,0,0,0,0,0,0,0,0,0,0,0,0,0,0,0,0,0,0,0,0,2026-09-15T05:01:25.156774+00:00
Italia Serie A 2026/2027,Como - Parma,2026-09-14T16:30:00+00:00,finished,4,2-1,Parma,Christian Ordoñez,M,0,,0,0,0,,,0,0,0,0,0,0,0,0,0,0,0,0,0,0,0,0,0,0,0,0,0,0,0,0,0,0,0,0,0,0,2026-09-15T05:01:25.156804+00:00
Italia Serie A 2026/2027,Como - Parma,2026-09-14T16:30:00+00:00,finished,4,2-1,Parma,David Romero,F,26,7.2,15,1,0,0.607,0.0121255,4,3,0,6,5,0,0,0,0,0,0,1,3,0,2,0,0,0,1,1,0,1,3,1,0,0,0,0,1,0,2026-09-15T05:01:25.156739+00:00
Italia Serie A 2026/2027,Como - Parma,2026-09-14T16:30:00+00:00,finished,4,2-1,Parma,Diego Carlos,D,90,7.0,74,0,0,,0.0118151,0,0,0,54,44,12,5,1,0,0,0,1,1,1,0,0,0,10,0,2,0,0,14,0,1,0,0,0,2,0,2026-09-15T05:01:25.156597+00:00
Italia Serie A 2026/2027,Como - Parma,2026-09-14T16:30:00+00:00,finished,4,2-1,Parma,Dominik Drobnic ,D,0,,0,0,0,,,0,0,0,0,0,0,0,0,0,0,0,0,0,0,0,0,0,0,0,0,0,0,0,0,0,0,0,0,0,0,2026-09-15T05:01:25.156839+00:00
Italia Serie A 2026/2027,Como - Parma,2026-09-14T16:30:00+00:00,finished,4,2-1,Parma,Edoardo Corvi,G,90,8.5,40,0,0,,0.00056243,0,0,0,30,23,11,6,0,0,0,0,0,1,0,0,0,0,0,0,9,0,1,8,0,0,0,0,5,2,0,2026-09-15T05:01:25.156585+00:00
Italia Serie A 2026/2027,Como - Parma,2026-09-14T16:30:00+00:00,finished,4,2-1,Como,Edoardo Goldaniga,D,0,,0,0,0,,,0,0,0,0,0,0,0,0,0,0,0,0,0,0,0,0,0,0,0,0,0,0,0,0,0,0,0,0,0,0,2026-09-15T05:01:25.156527+00:00
Italia Serie A 2026/2027,Como - Parma,2026-09-14T16:30:00+00:00,finished,4,2-1,Parma,El Bilal Touré,M,55,6.6,14,0,0,0.0194,0.0159792,1,1,1,3,2,0,0,2,1,1,0,1,5,0,4,1,1,1,0,0,0,0,4,0,0,0,0,0,1,0,2026-09-15T05:01:25.156701+00:00
Italia Serie A 2026/2027,Como - Parma,2026-09-14T16:30:00+00:00,finished,4,2-1,Parma,Emanuele Valeri,M,90,7.3,38,0,0,,0.477822,0,0,2,17,13,1,1,7,2,0,0,3,1,0,0,2,2,3,1,4,0,0,12,1,0,0,0,0,2,0,2026-09-15T05:01:25.156631+00:00
Italia Serie A 2026/2027,Como - Parma,2026-09-14T16:30:00+00:00,finished,4,2-1,Parma,Enrico Delprato,D,90,6.2,54,0,0,,0.00532139,0,0,1,39,33,4,2,0,0,0,0,1,3,1,2,0,0,3,4,4,0,1,9,0,0,0,0,0,2,0,2026-09-15T05:01:25.156623+00:00
Italia Serie A 2026/2027,Como - Parma,2026-09-14T16:30:00+00:00,finished,4,2-1,Parma,Franco Carboni,M,0,,0,0,0,,,0,0,0,0,0,0,0,0,0,0,0,0,0,0,0,0,0,0,0,0,0,0,0,0,0,0,0,0,0,0,2026-09-15T05:01:25.156791+00:00
Italia Serie A 2026/2027,Como - Parma,2026-09-14T16:30:00+00:00,finished,4,2-1,Parma,Giovanni Daffara,G,0,,0,0,0,,,0,0,0,0,0,0,0,0,0,0,0,0,0,0,0,0,0,0,0,0,0,0,0,0,0,0,0,0,0,0,2026-09-15T05:01:25.156826+00:00
Italia Serie A 2026/2027,Como - Parma,2026-09-14T16:30:00+00:00,finished,4,2-1,Parma,Giovanni Fabbian,M,10,6.3,2,0,0,,2.77e-06,0,0,0,2,1,1,0,0,0,0,0,0,1,0,0,0,0,0,0,0,0,0,1,0,1,0,0,0,1,0,2026-09-15T05:01:25.156755+00:00
Italia Serie A 2026/2027,Como - Parma,2026-09-14T16:30:00+00:00,finished,4,2-1,Como,Ivan Smolčić,D,0,,0,0,0,,,0,0,0,0,0,0,0,0,0,0,0,0,0,0,0,0,0,0,0,0,0,0,0,0,0,0,0,0,0,0,2026-09-15T05:01:25.156514+00:00
Italia Serie A 2026/2027,Como - Parma,2026-09-14T16:30:00+00:00,finished,4,2-1,Como,Jacobo Ramón,D,90,7.5,87,1,0,0.7658,0.0630464,1,1,0,80,71,1,0,0,0,0,0,6,3,5,2,1,0,3,0,5,0,0,10,0,1,0,0,0,1,0,2026-09-15T05:01:25.156386+00:00
Italia Serie A 2026/2027,Como - Parma,2026-09-14T16:30:00+00:00,finished,4,2-1,Como,Jean Butez,G,0,,0,0,0,,,0,0,0,0,0,0,0,0,0,0,0,0,0,0,0,0,0,0,0,0,0,0,0,0,0,0,0,0,0,0,2026-09-15T05:01:25.156507+00:00
Italia Serie A 2026/2027,Como - Parma,2026-09-14T16:30:00+00:00,finished,4,2-1,Como,Jesús Rodriguez,M,35,7.5,37,0,0,0.3096,0.0777038,6,1,1,21,20,0,0,2,0,2,1,3,1,0,0,2,2,0,0,1,4,0,7,0,0,0,0,0,1,0,2026-09-15T05:01:25.156472+00:00
Italia Serie A 2026/2027,Como - Parma,2026-09-14T16:30:00+00:00,finished,4,2-1,Como,Kaiki,D,90,8.1,69,1,0,0.608,0.101203,3,1,2,33,27,0,0,6,3,5,5,11,3,2,3,3,2,5,0,5,0,0,11,1,0,0,0,0,1,0,2026-09-15T05:01:25.156404+00:00
Italia Serie A 2026/2027,Como - Parma,2026-09-14T16:30:00+00:00,finished,4,2-1,Parma,Lautaro Valenti,D,0,,0,0,0,,,0,0,0,0,0,0,0,0,0,0,0,0,0,0,0,0,0,0,0,0,0,0,0,0,0,0,0,0,0,0,2026-09-15T05:01:25.156812+00:00
Italia Serie A 2026/2027,Como - Parma,2026-09-14T16:30:00+00:00,finished,4,2-1,Como,Lucas Da Cunha,M,80,7.4,90,0,0,0.0192,0.20515,1,0,4,76,71,3,2,7,4,1,1,3,1,0,0,2,1,2,0,6,1,0,8,0,0,0,0,0,0,0,2026-09-15T05:01:25.156429+00:00
Italia Serie A 2026/2027,Como - Parma,2026-09-14T16:30:00+00:00,finished,4,2-1,Como,Luis Milla,M,10,6.5,14,0,0,0.1584,0.0024909,1,0,0,11,11,0,0,0,0,0,0,0,0,0,0,0,0,2,0,0,0,0,0,0,0,0,0,0,1,0,2026-09-15T05:01:25.156486+00:00
Italia Serie A 2026/2027,Como - Parma,2026-09-14T16:30:00+00:00,finished,4,2-1,Parma,Mandela Keita,M,90,6.5,56,0,0,0.047,0.0203218,1,0,2,40,35,1,1,0,0,2,0,3,6,0,0,1,1,2,1,6,0,3,12,2,0,0,0,0,2,0,2026-09-15T05:01:25.156569+00:00
Italia Serie A 2026/2027,Como - Parma,2026-09-14T16:30:00+00:00,finished,4,2-1,Como,Marc Kempf,D,90,6.8,81,0,0,0.0495,0.0181701,2,0,1,73,69,1,1,0,0,0,0,4,2,4,1,0,0,4,1,3,1,1,5,0,0,0,0,0,1,0,2026-09-15T05:01:25.156396+00:00
Italia Serie A 2026/2027,Como - Parma,2026-09-14T16:30:00+00:00,finished,4,2-1,Parma,Mariano Troilo,D,90,7.3,77,0,0,,0.00903965,0,0,0,61,52,7,5,0,0,1,1,3,1,1,1,1,1,5,3,6,0,0,10,0,0,0,0,0,2,0,2026-09-15T05:01:25.156610+00:00
Italia Serie A 2026/2027,Como - Parma,2026-09-14T16:30:00+00:00,finished,4,2-1,Como,Martin Baturina,M,55,7.6,47,0,0,0.158,0.338799,2,0,1,38,35,4,3,4,1,2,2,2,1,0,0,0,0,0,0,6,1,0,6,0,0,0,0,0,0,0,2026-09-15T05:01:25.156451+00:00
Italia Serie A 2026/2027,Como - Parma,2026-09-14T16:30:00+00:00,finished,4,2-1,Parma,Matija Frigan,F,35,6.5,5,0,0,0.2392,0.00761355,1,0,1,4,4,0,0,0,0,0,0,1,1,1,1,0,0,0,0,0,1,0,0,0,0,0,0,0,1,0,2026-09-15T05:01:25.156713+00:00
Italia Serie A 2026/2027,Como - Parma,2026-09-14T16:30:00+00:00,finished,4,2-1,Como,Mattia Liberali,F,0,,0,0,0,,,0,0,0,0,0,0,0,0,0,0,0,0,0,0,0,0,0,0,0,0,0,0,0,0,0,0,0,0,0,0,2026-09-15T05:01:25.156563+00:00
Italia Serie A 2026/2027,Como - Parma,2026-09-14T16:30:00+00:00,finished,4,2-1,Como,Mauro Vigorito,G,0,,0,0,0,,,0,0,0,0,0,0,0,0,0,0,0,0,0,0,0,0,0,0,0,0,0,0,0,0,0,0,0,0,0,0,2026-09-15T05:01:25.156500+00:00
Italia Serie A 2026/2027,Como - Parma,2026-09-14T16:30:00+00:00,finished,4,2-1,Como,Maxence Caqueret,M,35,6.5,36,0,0,,0.0438077,0,0,1,29,22,3,3,2,1,0,0,0,2,0,0,0,0,0,0,1,0,0,11,0,1,1,0,0,1,0,2026-09-15T05:01:25.156464+00:00
Italia Serie A 2026/2027,Como - Parma,2026-09-14T16:30:00+00:00,finished,4,2-1,Como,Máximo Perrone,M,90,7.8,95,0,1,0.2113,0.125286,2,0,4,81,74,5,4,0,0,1,0,4,3,1,0,2,2,1,2,4,1,0,9,1,2,0,0,0,1,0,2026-09-15T05:01:25.156421+00:00
Italia Serie A 2026/2027,Como - Parma,2026-09-14T16:30:00+00:00,finished,4,2-1,Parma,Nesta Elphege,F,64,6.7,20,0,0,0.0122,0.0124869,1,0,1,14,10,2,1,0,0,1,1,4,3,3,2,0,0,0,0,1,0,1,8,0,0,0,0,0,1,0,2026-09-15T05:01:25.156686+00:00
Italia Serie A 2026/2027,Como - Parma,2026-09-14T16:30:00+00:00,finished,4,2-1,Como,Nico Paz,M,80,8.1,87,0,1,0.2822,0.161034,5,0,2,64,56,4,4,2,2,1,1,6,3,0,1,5,1,0,1,5,3,0,11,0,2,0,0,0,0,0,2026-09-15T05:01:25.156436+00:00
Italia Serie A 2026/2027,Como - Parma,2026-09-14T16:30:00+00:00,finished,4,2-1,Parma,Pontus Almqvist,F,10,6.6,6,0,1,,0.079202,0,0,1,3,2,0,0,0,0,0,0,0,1,0,0,0,0,0,1,0,0,1,3,0,0,0,0,0,1,0,2026-09-15T05:01:25.156747+00:00
Italia Serie A 2026/2027,Como - Parma,2026-09-14T16:30:00+00:00,finished,4,2-1,Parma,Sascha Britschgi,D,80,6.0,38,0,0,0.0171,0.00736621,1,0,0,22,20,0,0,1,0,0,0,2,8,1,1,0,0,2,0,1,0,0,5,1,2,0,0,0,1,0,2026-09-15T05:01:25.156650+00:00
Italia Serie A 2026/2027,Como - Parma,2026-09-14T16:30:00+00:00,finished,4,2-1,Parma,Simone Ghidotti,G,0,,0,0,0,,,0,0,0,0,0,0,0,0,0,0,0,0,0,0,0,0,0,0,0,0,0,0,0,0,0,0,0,0,0,0,2026-09-15T05:01:25.156819+00:00
Italia Serie A 2026/2027,Como - Parma,2026-09-14T16:30:00+00:00,finished,4,2-1,Parma,Simone Lontani,F,80,6.4,34,0,0,0.2334,0.00658626,2,0,0,18,12,4,1,1,0,2,2,4,7,0,1,1,1,0,1,7,0,4,14,1,0,0,0,0,1,0,2026-09-15T05:01:25.156639+00:00
Italia Serie A 2026/2027,Como - Parma,2026-09-14T16:30:00+00:00,finished,4,2-1,Parma,Thomas de Martis,F,0,,0,0,0,,,0,0,0,0,0,0,0,0,0,0,0,0,0,0,0,0,0,0,0,0,0,0,0,0,0,0,0,0,0,0,2026-09-15T05:01:25.156832+00:00
Italia Serie A 2026/2027,Como - Parma,2026-09-14T16:30:00+00:00,finished,4,2-1,Como,Trevoh Chalobah,D,0,,0,0,0,,,0,0,0,0,0,0,0,0,0,0,0,0,0,0,0,0,0,0,0,0,0,0,0,0,0,0,0,0,0,0,2026-09-15T05:01:25.156548+00:00
Italia Serie A 2026/2027,Como - Parma,2026-09-14T16:30:00+00:00,finished,4,2-1,Como,Yan Couto,M,90,6.6,85,0,0,0.1843,0.0754069,2,2,1,64,60,1,0,2,0,1,0,0,2,0,0,0,0,1,0,2,0,0,10,0,1,0,0,0,1,0,2026-09-15T05:01:25.156338+00:00
Italia Serie A 2026/2027,Como - Parma,2026-09-14T16:30:00+00:00,finished,4,2-1,Como,Álex Valle,D,0,,0,0,0,,,0,0,0,0,0,0,0,0,0,0,0,0,0,0,0,0,0,0,0,0,0,0,0,0,0,0,0,0,0,0,2026-09-15T05:01:25.156520+00:00
Italia Serie A 2026/2027,Torino - AS Roma,2026-09-14T16:30:00+00:00,finished,4,0-2,Torino,,,17,6.3,18,0,0,,0.00073075,0,0,0,12,12,0,0,1,0,0,0,1,1,0,1,1,0,0,0,2,0,0,2,0,0,0,0,0,1,0,2026-09-15T05:01:25.083223+00:00
Italia Serie A 2026/2027,Torino - AS Roma,2026-09-14T16:30:00+00:00,finished,4,0-2,Torino,Alessio Cacciamani,M,45,6.7,31,0,0,,0.0031584,0,0,0,14,12,0,0,3,0,1,0,3,2,0,0,0,0,0,0,4,0,0,8,3,0,0,0,0,1,0,2026-09-15T05:01:25.083186+00:00
Italia Serie A 2026/2027,Torino - AS Roma,2026-09-14T16:30:00+00:00,finished,4,0-2,Torino,Ardian Ismajli,D,0,,0,0,0,,,0,0,0,0,0,0,0,0,0,0,0,0,0,0,0,0,0,0,0,0,0,0,0,0,0,0,0,0,0,0,2026-09-15T05:01:25.083258+00:00
Italia Serie A 2026/2027,Torino - AS Roma,2026-09-14T16:30:00+00:00,finished,4,0-2,AS Roma,Bryan Cristante,M,64,6.5,51,0,0,0.1427,0.0151649,2,0,0,41,35,5,2,0,0,1,0,4,8,1,2,3,2,1,0,2,0,1,8,0,3,0,0,0,0,0,2026-09-15T05:01:25.082919+00:00
Italia Serie A 2026/2027,Torino - AS Roma,2026-09-14T16:30:00+00:00,finished,4,0-2,Torino,Cristiano Biraghi,D,0,,0,0,0,,,0,0,0,0,0,0,0,0,0,0,0,0,0,0,0,0,0,0,0,0,0,0,0,0,0,0,0,0,0,0,2026-09-15T05:01:25.083264+00:00
Italia Serie A 2026/2027,Torino - AS Roma,2026-09-14T16:30:00+00:00,finished,4,0-2,Torino,Daniel Bragança,M,45,7.4,36,0,0,,0.256018,0,0,1,24,20,2,2,0,0,3,2,7,3,1,0,1,1,1,1,4,0,1,6,3,0,0,0,0,1,0,2026-09-15T05:01:25.083175+00:00
Italia Serie A 2026/2027,Torino - AS Roma,2026-09-14T16:30:00+00:00,finished,4,0-2,AS Roma,Daniele Ghilardi,D,0,,0,0,0,,,0,0,0,0,0,0,0,0,0,0,0,0,0,0,0,0,0,0,0,0,0,0,0,0,0,0,0,0,0,0,2026-09-15T05:01:25.083009+00:00
Italia Serie A 2026/2027,Torino - AS Roma,2026-09-14T16:30:00+00:00,finished,4,0-2,AS Roma,Devyne Rensch,M,8,6.7,4,0,0,,3.235e-05,0,0,0,3,3,0,0,0,0,0,0,0,0,0,0,0,0,0,0,1,0,0,0,0,0,0,0,0,0,0,2026-09-15T05:01:25.082958+00:00
Italia Serie A 2026/2027,Torino - AS Roma,2026-09-14T16:30:00+00:00,finished,4,0-2,Torino,Diego Mascardi,G,0,,0,0,0,,,0,0,0,0,0,0,0,0,0,0,0,0,0,0,0,0,0,0,0,0,0,0,0,0,0,0,0,0,0,0,2026-09-15T05:01:25.083245+00:00
Italia Serie A 2026/2027,Torino - AS Roma,2026-09-14T16:30:00+00:00,finished,4,0-2,AS Roma,Donyell Malen,F,57,7.8,13,1,0,1.2948,0.0305879,4,2,1,8,7,1,1,0,0,0,0,2,1,1,0,0,0,0,0,3,1,0,1,1,1,0,0,0,0,0,2026-09-15T05:01:25.082929+00:00
Italia Serie A 2026/2027,Torino - AS Roma,2026-09-14T16:30:00+00:00,finished,4,0-2,Torino,Duván Zapata,F,13,6.5,7,0,0,,1.993e-05,0,0,0,2,1,1,0,0,0,0,0,0,1,0,0,0,0,1,0,1,0,1,3,0,0,0,0,0,1,0,2026-09-15T05:01:25.083230+00:00
Italia Serie A 2026/2027,Torino - AS Roma,2026-09-14T16:30:00+00:00,finished,4,0-2,AS Roma,Emanuele Lulli,D,88,6.8,68,0,0,,0.0310937,0,0,0,34,30,1,0,6,1,1,1,4,4,0,0,3,2,3,0,7,0,2,19,0,1,0,0,0,0,0,2026-09-15T05:01:25.082914+00:00
Italia Serie A 2026/2027,Torino - AS Roma,2026-09-14T16:30:00+00:00,finished,4,0-2,Torino,Emirhan İlkhan,M,31,6.5,24,0,0,,0.0883603,0,0,1,20,16,2,1,0,0,1,0,1,3,0,1,0,0,0,0,2,0,0,6,1,0,0,0,0,1,0,2026-09-15T05:01:25.083215+00:00
Italia Serie A 2026/2027,Torino - AS Roma,2026-09-14T16:30:00+00:00,finished,4,0-2,Torino,Eray Cömert,D,90,6.5,74,0,0,0.047,0.0122328,1,0,0,60,53,7,5,0,0,0,0,4,2,1,1,3,2,4,0,3,0,0,7,0,0,0,0,0,2,0,2026-09-15T05:01:25.083057+00:00
Italia Serie A 2026/2027,Torino - AS Roma,2026-09-14T16:30:00+00:00,finished,4,0-2,Torino,Gaetano Oristanio,M,0,,0,0,0,,,0,0,0,0,0,0,0,0,0,0,0,0,0,0,0,0,0,0,0,0,0,0,0,0,0,0,0,0,0,0,2026-09-15T05:01:25.083271+00:00
Italia Serie A 2026/2027,Torino - AS Roma,2026-09-14T16:30:00+00:00,finished,4,0-2,AS Roma,Gianluca Mancini,D,90,6.9,65,0,0,0.0505,0.0961454,1,1,1,47,38,7,3,1,0,2,2,8,6,2,2,4,3,2,4,4,0,1,14,0,2,0,0,0,0,0,2026-09-15T05:01:25.082848+00:00
Italia Serie A 2026/2027,Torino - AS Roma,2026-09-14T16:30:00+00:00,finished,4,0-2,AS Roma,Giorgio De Marzi,G,0,,0,0,0,,,0,0,0,0,0,0,0,0,0,0,0,0,0,0,0,0,0,0,0,0,0,0,0,0,0,0,0,0,0,0,2026-09-15T05:01:25.082964+00:00
Italia Serie A 2026/2027,Torino - AS Roma,2026-09-14T16:30:00+00:00,finished,4,0-2,Torino,Giovanni Simeone,F,90,6.5,37,0,0,0.6207,0.00197762,3,1,0,14,8,0,0,0,0,1,0,8,12,5,5,0,0,1,1,0,0,5,17,3,2,0,0,0,2,0,2026-09-15T05:01:25.083129+00:00
Italia Serie A 2026/2027,Torino - AS Roma,2026-09-14T16:30:00+00:00,finished,4,0-2,Torino,Gvidas Gineitis,M,45,6.5,23,0,0,,0.00478183,0,0,0,16,14,0,0,0,0,0,0,4,3,1,0,1,1,1,0,2,0,2,4,2,1,0,0,0,1,0,2026-09-15T05:01:25.083208+00:00
Italia Serie A 2026/2027,Torino - AS Roma,2026-09-14T16:30:00+00:00,finished,4,0-2,Torino,Kian Fitz-Jim,M,59,6.4,45,0,0,,0.01759,0,0,1,35,32,0,0,1,0,1,0,1,3,0,0,0,0,1,1,2,0,1,8,1,1,0,0,0,1,0,2026-09-15T05:01:25.083168+00:00
Italia Serie A 2026/2027,Torino - AS Roma,2026-09-14T16:30:00+00:00,finished,4,0-2,AS Roma,Konstantinos Koulierakis,D,0,,0,0,0,,,0,0,0,0,0,0,0,0,0,0,0,0,0,0,0,0,0,0,0,0,0,0,0,0,0,0,0,0,0,0,2026-09-15T05:01:25.083002+00:00
Italia Serie A 2026/2027,Torino - AS Roma,2026-09-14T16:30:00+00:00,finished,4,0-2,Torino,Lapo Siviero,G,0,,0,0,0,,,0,0,0,0,0,0,0,0,0,0,0,0,0,0,0,0,0,0,0,0,0,0,0,0,0,0,0,0,0,0,2026-09-15T05:01:25.083238+00:00
Italia Serie A 2026/2027,Torino - AS Roma,2026-09-14T16:30:00+00:00,finished,4,0-2,AS Roma,Leonardo Balerdi,D,90,7.3,52,0,0,0.1456,0.00739274,1,0,0,33,30,6,4,0,0,0,0,7,5,5,4,1,1,6,3,3,0,0,4,1,1,0,0,0,0,0,2026-09-15T05:01:25.082903+00:00
Italia Serie A 2026/2027,Torino - AS Roma,2026-09-14T16:30:00+00:00,finished,4,0-2,AS Roma,Lorenzo Pellegrini,F,0,,0,0,0,,,0,0,0,0,0,0,0,0,0,0,0,0,0,0,0,0,0,0,0,0,0,0,0,0,0,0,0,0,0,0,2026-09-15T05:01:25.083020+00:00
Italia Serie A 2026/2027,Torino - AS Roma,2026-09-14T16:30:00+00:00,finished,4,0-2,Torino,Lucas Perri,G,90,6.9,74,0,0,,0.00610329,0,0,0,63,36,39,13,0,0,0,0,1,0,1,0,0,0,1,0,9,0,0,27,0,0,0,0,3,2,1,2026-09-15T05:01:25.083037+00:00
Italia Serie A 2026/2027,Torino - AS Roma,2026-09-14T16:30:00+00:00,finished,4,0-2,AS Roma,Manu Koné,M,26,6.3,13,0,0,,0.00149779,0,0,0,9,9,1,1,0,0,0,0,1,6,0,0,0,0,0,1,2,0,1,2,1,4,0,0,0,0,0,2026-09-15T05:01:25.082954+00:00
Italia Serie A 2026/2027,Torino - AS Roma,2026-09-14T16:30:00+00:00,finished,4,0-2,AS Roma,Mario Hermoso,D,90,7.1,62,0,0,,0.450499,0,0,1,50,40,7,0,1,1,0,0,2,1,0,0,1,0,4,3,1,0,0,10,1,1,1,0,0,0,0,2026-09-15T05:01:25.082909+00:00
Italia Serie A 2026/2027,Torino - AS Roma,2026-09-14T16:30:00+00:00,finished,4,0-2,AS Roma,Marten de Roon,M,26,6.7,27,0,0,,0.0108047,0,0,1,20,16,2,0,0,0,1,1,2,1,0,0,1,0,1,4,1,0,0,4,0,1,0,0,0,0,0,2026-09-15T05:01:25.082949+00:00
Italia Serie A 2026/2027,Torino - AS Roma,2026-09-14T16:30:00+00:00,finished,4,0-2,AS Roma,Matías Soulé,F,57,7.2,48,0,0,0.0212,0.10004,1,0,1,29,24,7,5,5,2,3,3,6,4,0,1,2,2,0,0,7,0,2,14,1,1,0,0,0,0,0,2026-09-15T05:01:25.082934+00:00
Italia Serie A 2026/2027,Torino - AS Roma,2026-09-14T16:30:00+00:00,finished,4,0-2,AS Roma,Mile Svilar,G,90,7.5,33,0,0,,4.703e-05,0,0,0,22,10,14,2,0,0,0,0,0,0,0,0,0,0,0,0,7,0,0,12,0,0,0,0,3,0,0,2026-09-15T05:01:25.082892+00:00
Italia Serie A 2026/2027,Torino - AS Roma,2026-09-14T16:30:00+00:00,finished,4,0-2,AS Roma,Nahuel Molina,D,90,6.9,76,0,0,0.0906,0.0322888,2,1,0,51,44,5,3,4,0,0,0,5,5,1,1,4,3,1,0,7,0,1,16,0,3,0,0,0,0,0,2026-09-15T05:01:25.082898+00:00
Italia Serie A 2026/2027,Torino - AS Roma,2026-09-14T16:30:00+00:00,finished,4,0-2,Torino,Nathan Patterson,D,0,,0,0,0,,,0,0,0,0,0,0,0,0,0,0,0,0,0,0,0,0,0,0,0,0,0,0,0,0,0,0,0,0,0,0,2026-09-15T05:01:25.083251+00:00
Italia Serie A 2026/2027,Torino - AS Roma,2026-09-14T16:30:00+00:00,finished,4,0-2,Torino,Niccolò Fortini,D,73,6.9,55,0,0,,0.0307495,0,0,0,31,28,0,0,0,0,2,2,8,5,1,1,4,2,3,0,2,0,3,10,1,0,0,0,0,1,0,2026-09-15T05:01:25.083161+00:00
Italia Serie A 2026/2027,Torino - AS Roma,2026-09-14T16:30:00+00:00,finished,4,0-2,AS Roma,Niccolò Pisilli,M,90,7.4,50,1,0,0.036,0.126184,1,1,2,38,29,4,0,3,2,0,0,1,6,0,3,1,1,2,0,3,0,1,12,0,2,1,0,0,0,0,2026-09-15T05:01:25.082885+00:00
Italia Serie A 2026/2027,Torino - AS Roma,2026-09-14T16:30:00+00:00,finished,4,0-2,Torino,Nikola Vlašić,M,90,6.3,42,0,0,0.037,0.0183485,1,0,1,27,23,0,0,0,0,0,0,1,6,0,1,0,0,1,0,2,1,1,14,1,2,0,0,0,2,0,2026-09-15T05:01:25.083145+00:00
Italia Serie A 2026/2027,Torino - AS Roma,2026-09-14T16:30:00+00:00,finished,4,0-2,AS Roma,Paulo Dybala,F,64,6.8,47,0,0,0.1228,0.099359,1,0,3,28,24,7,4,5,0,3,2,4,4,0,1,1,1,0,1,5,0,2,15,1,0,0,0,0,0,0,2026-09-15T05:01:25.082924+00:00
Italia Serie A 2026/2027,Torino - AS Roma,2026-09-14T16:30:00+00:00,finished,4,0-2,AS Roma,Pierluigi Gollini,G,0,,0,0,0,,,0,0,0,0,0,0,0,0,0,0,0,0,0,0,0,0,0,0,0,0,0,0,0,0,0,0,0,0,0,0,2026-09-15T05:01:25.082989+00:00
Italia Serie A 2026/2027,Torino - AS Roma,2026-09-14T16:30:00+00:00,finished,4,0-2,Torino,Pietro Comuzzo,D,90,6.5,69,0,0,,0.020585,0,0,1,50,44,2,1,2,1,0,0,6,3,3,1,2,1,3,1,5,0,0,9,1,1,0,0,0,2,0,2026-09-15T05:01:25.083084+00:00
Italia Serie A 2026/2027,Torino - AS Roma,2026-09-14T16:30:00+00:00,finished,4,0-2,Torino,Rafik Belghali,M,45,6.3,18,0,0,,0.00683092,0,0,0,12,9,2,1,0,0,1,1,1,1,0,1,0,0,0,0,0,0,0,4,0,0,0,0,0,1,0,2026-09-15T05:01:25.083201+00:00
Italia Serie A 2026/2027,Torino - AS Roma,2026-09-14T16:30:00+00:00,finished,4,0-2,AS Roma,Rodrigo Mora,M,33,7.2,19,0,0,,0.488729,0,0,1,12,10,2,1,1,1,2,2,2,3,0,1,0,0,0,1,2,0,1,4,0,0,0,0,0,0,0,2026-09-15T05:01:25.082944+00:00
Italia Serie A 2026/2027,Torino - AS Roma,2026-09-14T16:30:00+00:00,finished,4,0-2,Torino,Rolando Mandragora,M,83,7.0,64,0,0,0.058,0.0251781,2,2,0,55,47,1,0,0,0,0,0,7,4,2,0,2,2,0,0,4,0,1,9,3,0,0,0,0,1,0,2026-09-15T05:01:25.083153+00:00
Italia Serie A 2026/2027,Torino - AS Roma,2026-09-14T16:30:00+00:00,finished,4,0-2,Torino,Sandro Kulenović,F,0,,0,0,0,,,0,0,0,0,0,0,0,0,0,0,0,0,0,0,0,0,0,0,0,0,0,0,0,0,0,0,0,0,0,0,2026-09-15T05:01:25.083277+00:00
Italia Serie A 2026/2027,Torino - AS Roma,2026-09-14T16:30:00+00:00,finished,4,0-2,AS Roma,Santiago Castro,F,33,6.4,15,0,0,0.0083,0.00940654,1,0,0,12,10,2,2,0,0,0,0,2,1,2,1,0,0,0,0,0,0,0,3,0,0,0,0,0,0,0,2026-09-15T05:01:25.082939+00:00
Italia Serie A 2026/2027,Torino - AS Roma,2026-09-14T16:30:00+00:00,finished,4,0-2,Torino,Saúl Coco,D,90,6.4,89,0,0,,0.00658196,0,0,0,74,64,5,1,0,0,1,0,2,1,1,0,0,0,5,3,3,0,0,11,1,0,0,0,0,2,0,2026-09-15T05:01:25.083067+00:00
Italia Serie A 2026/2027,Torino - AS Roma,2026-09-14T16:30:00+00:00,finished,4,0-2,AS Roma,Wesley,M,0,,0,0,0,,,0,0,0,0,0,0,0,0,0,0,0,0,0,0,0,0,0,0,0,0,0,0,0,0,0,0,0,0,0,0,2026-09-15T05:01:25.082970+00:00
Italia Serie A 2026/2027,Torino - AS Roma,2026-09-14T16:30:00+00:00,finished,4,0-2,Torino,Zakaria Aboukhlal,F,0,,0,0,0,,,0,0,0,0,0,0,0,0,0,0,0,0,0,0,0,0,0,0,0,0,0,0,0,0,0,0,0,0,0,0,2026-09-15T05:01:25.083284+00:00
Italia Serie A 2026/2027,Inter - Udinese,2026-09-14T18:45:00+00:00,finished,4,5-3,Udinese,,,0,,0,0,0,,,0,0,0,0,0,0,0,0,0,0,0,0,0,0,0,0,0,0,0,0,0,0,0,0,0,0,0,0,0,0,2026-09-15T05:01:25.238286+00:00
Italia Serie A 2026/2027,Inter - Udinese,2026-09-14T18:45:00+00:00,finished,4,5-3,Udinese,,,0,,0,0,0,,,0,0,0,0,0,0,0,0,0,0,0,0,0,0,0,0,0,0,0,0,0,0,0,0,0,0,0,0,0,0,2026-09-15T05:01:25.238314+00:00
Italia Serie A 2026/2027,Inter - Udinese,2026-09-14T18:45:00+00:00,finished,4,5-3,Inter,,,28,7.1,44,0,0,,0.103948,0,0,0,39,39,3,3,0,0,1,1,1,0,0,0,0,0,1,1,2,0,0,2,0,0,0,0,0,1,0,2026-09-15T05:01:25.238444+00:00
Italia Serie A 2026/2027,Inter - Udinese,2026-09-14T18:45:00+00:00,finished,4,5-3,Inter,Aleksandar Stanković,M,8,6.5,13,0,0,0.0785,0.00022916,1,0,0,12,12,1,1,0,0,0,0,0,0,0,0,0,0,0,0,0,0,0,0,0,0,0,0,0,1,0,2026-09-15T05:01:25.238481+00:00
Italia Serie A 2026/2027,Inter - Udinese,2026-09-14T18:45:00+00:00,finished,4,5-3,Inter,Alessandro Bastoni,D,70,6.8,87,0,0,,0.246145,0,0,0,74,67,3,2,2,0,0,0,3,1,1,0,1,1,2,2,5,0,0,9,1,1,0,0,0,2,0,2026-09-15T05:01:25.238405+00:00
Italia Serie A 2026/2027,Inter - Udinese,2026-09-14T18:45:00+00:00,finished,4,5-3,Inter,Andy Diouf,M,90,6.1,55,0,1,0.0251,0.206275,1,0,3,44,40,0,0,0,0,4,0,1,6,1,2,0,0,0,1,2,1,0,10,0,0,0,0,0,3,0,2026-09-15T05:01:25.238353+00:00
Italia Serie A 2026/2027,Inter - Udinese,2026-09-14T18:45:00+00:00,finished,4,5-3,Inter,Ange-Yoan Bonny,F,20,6.8,14,1,0,0.9108,0.00132029,2,2,0,5,4,0,0,2,0,1,0,0,1,0,0,0,0,0,2,1,0,0,5,0,0,0,0,0,1,0,2026-09-15T05:01:25.238462+00:00
Italia Serie A 2026/2027,Inter - Udinese,2026-09-14T18:45:00+00:00,finished,4,5-3,Inter,Benjamin Pavard,D,28,6.5,31,0,0,,0.00203931,0,0,0,28,28,3,3,1,0,0,0,0,1,0,0,0,0,1,0,1,0,0,1,0,0,0,0,0,1,0,2026-09-15T05:01:25.238453+00:00
Italia Serie A 2026/2027,Inter - Udinese,2026-09-14T18:45:00+00:00,finished,4,5-3,Inter,Carlos Augusto,D,90,8.1,72,1,0,0.0757,0.0813115,2,2,2,54,52,4,2,2,1,0,0,6,1,6,0,0,0,5,2,4,0,0,6,0,1,0,0,0,3,0,2026-09-15T05:01:25.238374+00:00
Italia Serie A 2026/2027,Inter - Udinese,2026-09-14T18:45:00+00:00,finished,4,5-3,Udinese,Christian Kabasele,D,90,5.7,46,0,0,,0.00161285,0,0,0,35,33,3,2,0,0,0,0,2,1,0,0,0,0,5,1,1,0,0,2,2,1,0,0,0,5,0,2026-09-15T05:01:25.238170+00:00
Italia Serie A 2026/2027,Inter - Udinese,2026-09-14T18:45:00+00:00,finished,4,5-3,Udinese,Daniele Padelli,G,0,,0,0,0,,,0,0,0,0,0,0,0,0,0,0,0,0,0,0,0,0,0,0,0,0,0,0,0,0,0,0,0,0,0,0,2026-09-15T05:01:25.238296+00:00
Italia Serie A 2026/2027,Inter - Udinese,2026-09-14T18:45:00+00:00,finished,4,5-3,Udinese,Enzo Ebosse,D,90,5.9,58,0,0,,0.00554697,0,0,0,48,40,13,7,2,0,0,0,2,4,0,2,2,2,1,1,2,0,1,11,0,0,0,0,0,5,0,2026-09-15T05:01:25.238180+00:00
Italia Serie A 2026/2027,Inter - Udinese,2026-09-14T18:45:00+00:00,finished,4,5-3,Inter,Federico Dimarco,M,20,6.7,27,0,0,,0.131812,0,0,2,22,20,1,1,4,2,0,0,0,0,0,0,0,0,0,0,1,0,0,4,0,0,0,0,0,1,0,2026-09-15T05:01:25.238472+00:00
Italia Serie A 2026/2027,Inter - Udinese,2026-09-14T18:45:00+00:00,finished,4,5-3,Udinese,Giorgi Chakvetadze,M,17,6.5,8,0,0,,0.00480502,0,0,0,7,5,1,1,0,0,0,0,1,0,0,0,1,0,0,0,0,0,0,2,0,0,0,0,0,1,0,2026-09-15T05:01:25.238249+00:00
Italia Serie A 2026/2027,Inter - Udinese,2026-09-14T18:45:00+00:00,finished,4,5-3,Udinese,Giulio Vinciati,F,0,,0,0,0,,,0,0,0,0,0,0,0,0,0,0,0,0,0,0,0,0,0,0,0,0,0,0,0,0,0,0,0,0,0,0,2026-09-15T05:01:25.238306+00:00
Italia Serie A 2026/2027,Inter - Udinese,2026-09-14T18:45:00+00:00,finished,4,5-3,Udinese,Hassane Kamara,M,90,6.8,39,0,0,,0.0191338,0,0,1,20,19,5,4,1,1,1,0,6,3,1,0,3,1,3,1,3,0,0,4,2,0,0,0,0,5,0,2026-09-15T05:01:25.238091+00:00
Italia Serie A 2026/2027,Inter - Udinese,2026-09-14T18:45:00+00:00,finished,4,5-3,Inter,Henrikh Mkhitaryan,M,62,6.9,50,0,0,0.3895,0.058208,6,1,2,33,31,1,0,1,0,1,0,3,2,0,0,2,0,0,1,5,3,1,6,1,0,1,0,0,2,0,2026-09-15T05:01:25.238434+00:00
Italia Serie A 2026/2027,Inter - Udinese,2026-09-14T18:45:00+00:00,finished,4,5-3,Udinese,Idrissa Gueye,F,29,7.5,10,1,0,0.1767,8.877e-05,1,1,0,4,3,0,0,0,0,1,1,1,2,0,1,0,0,0,0,2,0,0,3,0,0,0,0,0,2,0,2026-09-15T05:01:25.238239+00:00
Italia Serie A 2026/2027,Inter - Udinese,2026-09-14T18:45:00+00:00,finished,4,5-3,Inter,Ivan Provedel,G,0,,0,0,0,,,0,0,0,0,0,0,0,0,0,0,0,0,0,0,0,0,0,0,0,0,0,0,0,0,0,0,0,0,0,0,2026-09-15T05:01:25.238490+00:00
Italia Serie A 2026/2027,Inter - Udinese,2026-09-14T18:45:00+00:00,finished,4,5-3,Udinese,James Abankwah,D,90,6.5,54,1,0,0.3439,0.00200503,1,1,0,38,35,4,2,0,0,0,0,2,5,0,3,0,0,4,0,1,0,0,6,2,2,0,0,0,5,0,2026-09-15T05:01:25.238159+00:00
Italia Serie A 2026/2027,Inter - Udinese,2026-09-14T18:45:00+00:00,finished,4,5-3,Udinese,Jesper Karlström,M,90,6.6,48,0,0,0.0114,0.00542698,1,1,0,31,24,5,3,0,0,1,1,2,1,0,0,1,1,3,3,3,0,1,11,0,0,0,0,0,5,0,2026-09-15T05:01:25.232349+00:00
Italia Serie A 2026/2027,Inter - Udinese,2026-09-14T18:45:00+00:00,finished,4,5-3,Inter,John Stones,D,62,6.4,73,0,0,0.0319,0.0180345,1,0,0,66,64,3,2,0,0,0,0,2,2,1,2,1,0,5,0,1,1,0,2,0,0,0,0,0,2,0,2026-09-15T05:01:25.238424+00:00
Italia Serie A 2026/2027,Inter - Udinese,2026-09-14T18:45:00+00:00,finished,4,5-3,Inter,Josep Martínez,G,90,6.0,32,0,0,,5.831e-05,0,0,0,22,18,6,2,0,0,0,0,0,0,0,0,0,0,1,0,9,0,0,5,0,0,0,0,2,3,1,2026-09-15T05:01:25.238385+00:00
Italia Serie A 2026/2027,Inter - Udinese,2026-09-14T18:45:00+00:00,finished,4,5-3,Udinese,Jürgen Ekkelenkamp,M,80,7.7,24,1,0,0.3157,0.0403763,2,1,0,15,11,1,1,1,1,0,0,3,0,1,0,1,1,1,1,3,1,0,4,1,0,0,0,0,5,0,2026-09-15T05:01:25.238191+00:00
Italia Serie A 2026/2027,Inter - Udinese,2026-09-14T18:45:00+00:00,finished,4,5-3,Udinese,Keinan Davis,F,80,6.4,33,0,1,,0.251752,0,0,1,24,17,1,1,0,0,1,0,2,6,2,3,0,0,0,0,1,0,1,13,0,1,1,0,0,5,0,2026-09-15T05:01:25.238200+00:00
Italia Serie A 2026/2027,Inter - Udinese,2026-09-14T18:45:00+00:00,finished,4,5-3,Inter,Lautaro Martínez,F,0,,0,0,0,,,0,0,0,0,0,0,0,0,0,0,0,0,0,0,0,0,0,0,0,0,0,0,0,0,0,0,0,0,0,0,2026-09-15T05:01:25.238538+00:00
Italia Serie A 2026/2027,Inter - Udinese,2026-09-14T18:45:00+00:00,finished,4,5-3,Udinese,Lennon Miller,M,73,5.7,24,0,0,,0.00042416,0,0,0,17,11,2,0,0,0,1,1,2,2,0,0,1,1,1,0,2,0,0,8,0,2,0,0,0,4,0,2026-09-15T05:01:25.238220+00:00
Italia Serie A 2026/2027,Inter - Udinese,2026-09-14T18:45:00+00:00,finished,4,5-3,Inter,Luís Henrique,M,0,,0,0,0,,,0,0,0,0,0,0,0,0,0,0,0,0,0,0,0,0,0,0,0,0,0,0,0,0,0,0,0,0,0,0,2026-09-15T05:01:25.238529+00:00
Italia Serie A 2026/2027,Inter - Udinese,2026-09-14T18:45:00+00:00,finished,4,5-3,Udinese,Maduka Okoye,G,90,8.6,56,0,0,,0.00167874,0,0,0,41,30,19,8,0,0,0,0,0,0,0,0,0,0,2,0,10,0,0,11,0,0,0,0,7,5,1,2026-09-15T05:01:25.238144+00:00
Italia Serie A 2026/2027,Inter - Udinese,2026-09-14T18:45:00+00:00,finished,4,5-3,Inter,Manuel Akanji,D,90,6.2,81,0,0,0.1277,0.0310409,2,1,0,66,63,5,4,0,0,1,0,3,3,2,0,1,1,2,2,2,0,0,4,0,2,0,0,0,3,0,2026-09-15T05:01:25.238342+00:00
Italia Serie A 2026/2027,Inter - Udinese,2026-09-14T18:45:00+00:00,finished,4,5-3,Inter,Marcus Thuram,F,70,8.6,30,1,1,0.6686,0.0433444,4,3,3,17,13,0,0,1,0,2,2,7,3,2,0,1,1,0,0,0,1,0,7,2,2,0,0,0,2,0,2026-09-15T05:01:25.238414+00:00
Italia Serie A 2026/2027,Inter - Udinese,2026-09-14T18:45:00+00:00,finished,4,5-3,Inter,Mattia Mosconi,F,0,,0,0,0,,,0,0,0,0,0,0,0,0,0,0,0,0,0,0,0,0,0,0,0,0,0,0,0,0,0,0,0,0,0,0,2026-09-15T05:01:25.238546+00:00
Italia Serie A 2026/2027,Inter - Udinese,2026-09-14T18:45:00+00:00,finished,4,5-3,Udinese,Mërgim Vojvoda,D,74,6.5,39,0,0,,0.0108291,0,0,0,26,23,2,1,2,0,0,0,3,1,0,1,1,1,0,0,2,0,0,7,2,0,0,0,0,4,0,2026-09-15T05:01:25.238209+00:00
Italia Serie A 2026/2027,Inter - Udinese,2026-09-14T18:45:00+00:00,finished,4,5-3,Inter,Nicolò Barella,M,90,8.6,82,1,0,0.2191,0.524965,3,2,6,63,59,7,7,5,2,1,1,2,2,0,0,0,0,0,0,4,1,2,12,1,0,0,0,0,3,0,2026-09-15T05:01:25.238363+00:00
Italia Serie A 2026/2027,Inter - Udinese,2026-09-14T18:45:00+00:00,finished,4,5-3,Udinese,Nicolò Bertola,D,16,6.2,7,0,0,,0.0048002,0,0,0,5,3,1,0,0,0,0,0,0,0,0,0,0,0,0,0,1,0,0,3,0,0,0,0,0,1,0,2026-09-15T05:01:25.238259+00:00
Italia Serie A 2026/2027,Inter - Udinese,2026-09-14T18:45:00+00:00,finished,4,5-3,Udinese,Oier Zarraga,M,0,,0,0,0,,,0,0,0,0,0,0,0,0,0,0,0,0,0,0,0,0,0,0,0,0,0,0,0,0,0,0,0,0,0,0,2026-09-15T05:01:25.238323+00:00
Italia Serie A 2026/2027,Inter - Udinese,2026-09-14T18:45:00+00:00,finished,4,5-3,Inter,Petar Sučić,M,0,,0,0,0,,,0,0,0,0,0,0,0,0,0,0,0,0,0,0,0,0,0,0,0,0,0,0,0,0,0,0,0,0,0,0,2026-09-15T05:01:25.238519+00:00
Italia Serie A 2026/2027,Inter - Udinese,2026-09-14T18:45:00+00:00,finished,4,5-3,Inter,Pio Esposito,F,90,7.5,25,1,0,0.4753,0.129419,2,1,0,17,12,1,0,2,1,0,0,2,3,0,0,0,0,0,0,0,1,1,8,2,2,0,0,0,3,0,2026-09-15T05:01:25.238332+00:00
Italia Serie A 2026/2027,Inter - Udinese,2026-09-14T18:45:00+00:00,finished,4,5-3,Inter,Piotr Zieliński,M,82,7.2,86,0,1,0.1053,0.161872,3,0,1,78,72,1,0,1,0,0,0,2,2,0,0,1,0,0,0,3,2,0,8,1,1,0,0,0,2,0,2026-09-15T05:01:25.238395+00:00
Italia Serie A 2026/2027,Inter - Udinese,2026-09-14T18:45:00+00:00,finished,4,5-3,Inter,Raffaele Di Gennaro,G,0,,0,0,0,,,0,0,0,0,0,0,0,0,0,0,0,0,0,0,0,0,0,0,0,0,0,0,0,0,0,0,0,0,0,0,2026-09-15T05:01:25.238500+00:00
Italia Serie A 2026/2027,Inter - Udinese,2026-09-14T18:45:00+00:00,finished,4,5-3,Udinese,Sandi Lovrić,M,10,6.9,9,0,0,,0.115077,0,0,2,4,4,1,1,2,1,0,0,1,0,0,0,1,1,0,0,0,0,0,2,0,1,0,0,0,0,0,2026-09-15T05:01:25.238277+00:00
Italia Serie A 2026/2027,Inter - Udinese,2026-09-14T18:45:00+00:00,finished,4,5-3,Udinese,Unai Gómez,M,61,6.5,21,0,1,,0.257011,0,0,1,13,12,1,1,1,1,0,0,0,7,0,3,0,0,0,0,0,0,2,4,0,2,0,0,0,3,0,2026-09-15T05:01:25.238230+00:00
Italia Serie A 2026/2027,Inter - Udinese,2026-09-14T18:45:00+00:00,finished,4,5-3,Udinese,Vakoun Issouf Bayo,F,10,6.6,4,0,1,0.0493,0.00044909,1,1,1,2,2,0,0,0,0,0,0,0,0,0,0,0,0,0,0,0,0,0,0,0,0,0,0,0,0,0,2026-09-15T05:01:25.238268+00:00
Italia Serie A 2026/2027,Inter - Udinese,2026-09-14T18:45:00+00:00,finished,4,5-3,Inter,Yann Bisseck,D,0,,0,0,0,,,0,0,0,0,0,0,0,0,0,0,0,0,0,0,0,0,0,0,0,0,0,0,0,0,0,0,0,0,0,0,2026-09-15T05:01:25.238509+00:00
