liga,jogo,data,estado,ronda,resultado,equipa,jogador,posicao,minutes_played,rating,touches,goals,goal_assist,expected_goals,expected_assists,total_shots,shots_on_target,key_pass,total_pass,accurate_pass,total_long_balls,accurate_long_balls,total_cross,accurate_cross,total_contest,won_contest,duel_won,duel_lost,aerial_won,aerial_lost,total_tackle,won_tackle,total_clearance,interception,ball_recovery,blocked_scoring_attempt,dispossessed,possession_lost,was_fouled,fouls,yellow_card,red_card,saves,goals_conceded,punches,atualizado_em
Liga Mexicana 2026/2027,Club Necaxa - Atlante FC,2026-07-17T01:00:00+00:00,finished,1,2-1,Atlante FC,,,21,6.3,10,0,0,0.1544,2.104e-05,1,0,0,4,1,0,0,0,0,2,0,2,2,2,0,0,0,0,0,0,0,0,7,0,0,0,0,0,1,0,2026-08-09T05:19:52.561952+00:00
Liga Mexicana 2026/2027,Club Necaxa - Atlante FC,2026-07-17T01:00:00+00:00,finished,1,2-1,Club Necaxa,Agustín Oliveros,D,54,6.5,26,0,0,0.083,0.00502773,2,0,0,20,19,4,3,0,0,0,0,1,1,1,1,0,0,0,0,1,0,0,1,0,0,0,0,0,1,0,2026-08-22T05:27:58.184944+00:00
Liga Mexicana 2026/2027,Club Necaxa - Atlante FC,2026-07-17T01:00:00+00:00,finished,1,2-1,Club Necaxa,Alexis Peña,D,90,6.9,56,0,0,,0.00235168,0,0,0,42,37,4,3,0,0,0,0,8,3,5,1,2,1,4,3,2,0,0,5,1,1,0,0,0,1,0,2026-08-22T05:27:58.184865+00:00
Liga Mexicana 2026/2027,Club Necaxa - Atlante FC,2026-07-17T01:00:00+00:00,finished,1,2-1,Atlante FC,Armando Escobar,D,64,6.6,19,0,0,,0.00206554,0,0,0,7,5,1,1,0,0,0,0,1,4,0,1,1,1,4,0,1,0,1,5,0,2,0,0,0,0,0,2026-08-22T05:27:58.185296+00:00
Liga Mexicana 2026/2027,Club Necaxa - Atlante FC,2026-07-17T01:00:00+00:00,finished,1,2-1,Atlante FC,Axl Padilla,D,21,6.3,7,0,0,,0.00452525,0,0,0,4,2,3,1,0,0,1,0,1,1,0,0,1,0,1,0,0,0,0,3,0,0,0,0,0,1,0,2026-08-22T05:27:58.185342+00:00
Liga Mexicana 2026/2027,Club Necaxa - Atlante FC,2026-07-17T01:00:00+00:00,finished,1,2-1,Club Necaxa,Carlos Vargas,D,54,6.7,37,0,0,,0.0473085,0,0,2,21,14,0,0,5,1,2,1,3,2,1,0,1,1,0,1,1,0,0,13,0,1,0,0,0,1,0,2026-08-22T05:27:58.184928+00:00
Liga Mexicana 2026/2027,Club Necaxa - Atlante FC,2026-07-17T01:00:00+00:00,finished,1,2-1,Club Necaxa,Christopher Andrade,G,0,,0,0,0,,,0,0,0,0,0,0,0,0,0,0,0,0,0,0,0,0,0,0,0,0,0,0,0,0,0,0,0,0,0,0,2026-08-22T05:27:58.185037+00:00
Liga Mexicana 2026/2027,Club Necaxa - Atlante FC,2026-07-17T01:00:00+00:00,finished,1,2-1,Club Necaxa,Danny Leyva,M,90,7.0,89,0,0,,0.266583,0,0,3,59,47,9,4,11,4,0,0,5,6,0,1,3,1,4,1,10,0,3,23,2,1,0,0,0,1,0,2026-08-22T05:27:58.184832+00:00
Liga Mexicana 2026/2027,Club Necaxa - Atlante FC,2026-07-17T01:00:00+00:00,finished,1,2-1,Atlante FC,Eduardo Tercero,D,83,6.1,35,0,0,,0.00029433,0,0,0,23,16,7,2,0,0,0,0,2,7,0,5,2,1,4,2,2,0,0,8,0,1,0,0,0,1,0,2026-08-22T05:27:58.185236+00:00
Liga Mexicana 2026/2027,Club Necaxa - Atlante FC,2026-07-17T01:00:00+00:00,finished,1,2-1,Club Necaxa,Emilio Martinez,D,0,,0,0,0,,,0,0,0,0,0,0,0,0,0,0,0,0,0,0,0,0,0,0,0,0,0,0,0,0,0,0,0,0,0,0,2026-08-22T05:27:58.185052+00:00
Liga Mexicana 2026/2027,Club Necaxa - Atlante FC,2026-07-17T01:00:00+00:00,finished,1,2-1,Club Necaxa,Emilio Rodriguez,M,36,6.8,30,0,0,,0.00925661,0,0,0,15,13,0,0,1,0,1,1,3,1,1,0,1,1,1,0,2,0,1,8,0,1,0,0,0,0,0,2026-08-22T05:27:58.184976+00:00
Liga Mexicana 2026/2027,Club Necaxa - Atlante FC,2026-07-17T01:00:00+00:00,finished,1,2-1,Atlante FC,Eugenio Pizzuto,M,72,7.9,34,1,0,0.1673,0.0827583,3,1,2,18,12,1,0,3,2,1,1,3,1,0,1,1,0,2,0,3,1,0,11,1,0,0,0,0,0,0,2026-08-22T05:27:58.185265+00:00
Liga Mexicana 2026/2027,Club Necaxa - Atlante FC,2026-07-17T01:00:00+00:00,finished,1,2-1,Club Necaxa,Francisco Méndez,D,36,7.0,29,0,0,0.0323,0.00432076,1,0,0,19,15,6,3,0,0,0,0,4,3,3,2,1,1,3,1,2,0,1,5,0,0,0,0,0,0,0,2026-08-22T05:27:58.184959+00:00
Liga Mexicana 2026/2027,Club Necaxa - Atlante FC,2026-07-17T01:00:00+00:00,finished,1,2-1,Atlante FC,Gilberto Adame,F,0,,0,0,0,,,0,0,0,0,0,0,0,0,0,0,0,0,0,0,0,0,0,0,0,0,0,0,0,0,0,0,0,0,0,0,2026-08-22T05:27:58.185430+00:00
Liga Mexicana 2026/2027,Club Necaxa - Atlante FC,2026-07-17T01:00:00+00:00,finished,1,2-1,Atlante FC,Jairón Charcopa,F,21,6.3,10,0,0,0.1544,2.104e-05,1,0,0,4,1,0,0,0,0,2,0,2,2,2,0,0,0,0,0,0,0,0,7,0,0,0,0,0,1,0,2026-08-22T05:27:58.185325+00:00
Liga Mexicana 2026/2027,Club Necaxa - Atlante FC,2026-07-17T01:00:00+00:00,finished,1,2-1,Atlante FC,Javier Ibarra,M,0,,0,0,0,,,0,0,0,0,0,0,0,0,0,0,0,0,0,0,0,0,0,0,0,0,0,0,0,0,0,0,0,0,0,0,2026-08-22T05:27:58.185385+00:00
Liga Mexicana 2026/2027,Club Necaxa - Atlante FC,2026-07-17T01:00:00+00:00,finished,1,2-1,Club Necaxa,Javier Ruiz,M,90,7.2,50,0,0,,0.150069,0,0,3,26,20,2,2,3,1,7,4,8,9,0,1,2,2,0,1,5,0,3,16,2,1,0,0,0,1,0,2026-08-22T05:27:58.184735+00:00
Liga Mexicana 2026/2027,Club Necaxa - Atlante FC,2026-07-17T01:00:00+00:00,finished,1,2-1,Atlante FC,Jhojan Julio,M,90,6.9,33,0,0,0.0539,0.343125,1,0,2,17,13,1,0,3,1,3,0,3,7,0,1,1,1,0,0,3,1,1,12,2,1,0,0,0,2,0,2026-08-22T05:27:58.185154+00:00
Liga Mexicana 2026/2027,Club Necaxa - Atlante FC,2026-07-17T01:00:00+00:00,finished,1,2-1,Atlante FC,José González,M,18,6.1,12,0,0,,0.00066341,0,0,0,3,3,1,1,1,0,0,0,1,6,0,3,0,0,1,0,0,0,2,3,1,1,0,0,0,2,0,2026-08-22T05:27:58.185370+00:00
Liga Mexicana 2026/2027,Club Necaxa - Atlante FC,2026-07-17T01:00:00+00:00,finished,1,2-1,Club Necaxa,Juan Torres,M,66,6.2,32,0,0,0.1222,0.00723371,1,1,0,20,16,1,0,1,0,0,0,1,2,0,0,1,0,0,1,3,0,1,11,0,1,0,0,0,1,0,2026-08-22T05:27:58.184912+00:00
Liga Mexicana 2026/2027,Club Necaxa - Atlante FC,2026-07-17T01:00:00+00:00,finished,1,2-1,Club Necaxa,Juan Valencia,F,0,,0,0,0,,,0,0,0,0,0,0,0,0,0,0,0,0,0,0,0,0,0,0,0,0,0,0,0,0,0,0,0,0,0,0,2026-08-22T05:27:58.185096+00:00
Liga Mexicana 2026/2027,Club Necaxa - Atlante FC,2026-07-17T01:00:00+00:00,finished,1,2-1,Club Necaxa,Julián Carranza,F,90,9.2,51,1,1,1.0122,0.224702,3,2,1,32,21,0,0,0,0,0,0,10,4,6,1,2,2,1,0,5,0,2,17,2,2,0,0,0,1,0,2026-08-22T05:27:58.184796+00:00
Liga Mexicana 2026/2027,Club Necaxa - Atlante FC,2026-07-17T01:00:00+00:00,finished,1,2-1,Atlante FC,Leonardo Mejía,M,18,6.0,10,0,0,0.018,0.0105047,1,0,0,6,5,1,1,0,0,0,0,1,1,0,0,1,1,0,0,2,0,0,1,0,1,0,0,0,2,0,2026-08-22T05:27:58.185357+00:00
Liga Mexicana 2026/2027,Club Necaxa - Atlante FC,2026-07-17T01:00:00+00:00,finished,1,2-1,Club Necaxa,Lorenzo Faravelli,M,81,6.7,32,0,0,0.1757,0.0191397,1,1,0,24,20,2,1,0,0,0,0,3,4,0,3,2,1,0,0,5,0,1,6,1,1,0,0,0,1,0,2026-08-22T05:27:58.184897+00:00
Liga Mexicana 2026/2027,Club Necaxa - Atlante FC,2026-07-17T01:00:00+00:00,finished,1,2-1,Atlante FC,Luis Calzadilla,M,72,7.3,31,0,1,0.04,0.0438965,2,1,2,14,7,2,1,1,0,1,0,7,2,1,0,4,4,0,2,6,1,1,11,2,1,0,0,0,0,0,2026-08-22T05:27:58.185281+00:00
Liga Mexicana 2026/2027,Club Necaxa - Atlante FC,2026-07-17T01:00:00+00:00,finished,1,2-1,Club Necaxa,Luis Jimenez,G,90,6.7,39,0,0,,0.0030278,0,0,0,34,27,14,8,0,0,0,0,0,0,0,0,0,0,2,0,3,0,0,7,0,0,0,0,2,1,1,2026-08-22T05:27:58.184881+00:00
Liga Mexicana 2026/2027,Club Necaxa - Atlante FC,2026-07-17T01:00:00+00:00,finished,1,2-1,Atlante FC,Luis Puente,F,83,6.4,42,0,0,0.0751,0.0440544,3,1,1,19,13,3,2,0,0,1,1,6,9,4,5,1,0,5,0,4,0,2,11,0,1,0,0,0,1,0,2026-08-22T05:27:58.185250+00:00
Liga Mexicana 2026/2027,Club Necaxa - Atlante FC,2026-07-17T01:00:00+00:00,finished,1,2-1,Atlante FC,Luis Sánchez,D,90,6.6,41,0,0,0.0089,0.00343667,1,0,0,19,12,4,2,1,0,1,1,8,3,4,2,2,2,8,0,3,0,1,12,1,0,0,0,0,2,0,2026-08-22T05:27:58.185220+00:00
Liga Mexicana 2026/2027,Club Necaxa - Atlante FC,2026-07-17T01:00:00+00:00,finished,1,2-1,Atlante FC,Martín Fernández,M,90,5.9,32,0,0,,0.00462623,0,0,1,15,6,2,0,0,0,1,0,2,8,1,0,1,0,1,1,5,0,2,14,0,4,0,0,0,2,0,2026-08-22T05:27:58.185172+00:00
Liga Mexicana 2026/2027,Club Necaxa - Atlante FC,2026-07-17T01:00:00+00:00,finished,1,2-1,Club Necaxa,Matías Espíndola,M,0,,0,0,0,,,0,0,0,0,0,0,0,0,0,0,0,0,0,0,0,0,0,0,0,0,0,0,0,0,0,0,0,0,0,0,2026-08-22T05:27:58.185067+00:00
Liga Mexicana 2026/2027,Club Necaxa - Atlante FC,2026-07-17T01:00:00+00:00,finished,1,2-1,Club Necaxa,Mauro Zaleta,M,0,,0,0,0,,,0,0,0,0,0,0,0,0,0,0,0,0,0,0,0,0,0,0,0,0,0,0,0,0,0,0,0,0,0,0,2026-08-22T05:27:58.185081+00:00
Liga Mexicana 2026/2027,Club Necaxa - Atlante FC,2026-07-17T01:00:00+00:00,finished,1,2-1,Atlante FC,Maximiliano García,M,0,,0,0,0,,,0,0,0,0,0,0,0,0,0,0,0,0,0,0,0,0,0,0,0,0,0,0,0,0,0,0,0,0,0,0,2026-08-22T05:27:58.185399+00:00
Liga Mexicana 2026/2027,Club Necaxa - Atlante FC,2026-07-17T01:00:00+00:00,finished,1,2-1,Club Necaxa,Miguel Pedroza,F,9,7.8,7,1,0,0.9018,0.178017,1,1,0,4,3,0,0,0,0,0,0,1,0,0,0,0,0,0,0,1,0,0,2,1,0,0,0,0,0,0,2026-08-22T05:27:58.185006+00:00
Liga Mexicana 2026/2027,Club Necaxa - Atlante FC,2026-07-17T01:00:00+00:00,finished,1,2-1,Atlante FC,Nicolas Carrera,D,90,6.1,43,0,0,,0.00098476,0,0,0,21,14,4,1,0,0,0,0,2,4,0,0,2,1,10,3,1,0,0,11,0,3,1,0,0,2,0,2026-08-22T05:27:58.185203+00:00
Liga Mexicana 2026/2027,Club Necaxa - Atlante FC,2026-07-17T01:00:00+00:00,finished,1,2-1,Club Necaxa,Pedro Pedraza,M,0,,0,0,0,,,0,0,0,0,0,0,0,0,0,0,0,0,0,0,0,0,0,0,0,0,0,0,0,0,0,0,0,0,0,0,2026-08-22T05:27:58.185021+00:00
Liga Mexicana 2026/2027,Club Necaxa - Atlante FC,2026-07-17T01:00:00+00:00,finished,1,2-1,Club Necaxa,Raúl Martínez,D,90,6.3,72,0,0,,0.0769629,0,0,0,47,38,7,2,2,0,0,0,4,3,0,2,2,1,1,0,6,0,0,18,2,1,1,0,0,1,0,2026-08-22T05:27:58.184849+00:00
Liga Mexicana 2026/2027,Club Necaxa - Atlante FC,2026-07-17T01:00:00+00:00,finished,1,2-1,Club Necaxa,Ricardo Monreal,F,90,7.1,61,0,0,0.0937,0.0653044,3,0,1,34,27,3,2,3,0,5,1,10,8,6,1,1,1,3,1,8,1,2,19,2,1,0,0,0,1,0,2026-08-22T05:27:58.184816+00:00
Liga Mexicana 2026/2027,Club Necaxa - Atlante FC,2026-07-17T01:00:00+00:00,finished,1,2-1,Atlante FC,Roberto Barragan,G,0,,0,0,0,,,0,0,0,0,0,0,0,0,0,0,0,0,0,0,0,0,0,0,0,0,0,0,0,0,0,0,0,0,0,0,2026-08-22T05:27:58.185444+00:00
Liga Mexicana 2026/2027,Club Necaxa - Atlante FC,2026-07-17T01:00:00+00:00,finished,1,2-1,Club Necaxa,Rogelio Cortéz Pineda,M,24,7.2,19,0,0,,0.0169078,0,0,0,12,8,2,2,0,0,0,0,3,0,0,0,1,0,2,1,0,0,0,4,2,0,0,0,0,0,0,2026-08-22T05:27:58.184992+00:00
Liga Mexicana 2026/2027,Club Necaxa - Atlante FC,2026-07-17T01:00:00+00:00,finished,1,2-1,Atlante FC,Rubén Coubert,F,0,,0,0,0,,,0,0,0,0,0,0,0,0,0,0,0,0,0,0,0,0,0,0,0,0,0,0,0,0,0,0,0,0,0,0,2026-08-22T05:27:58.185414+00:00
Liga Mexicana 2026/2027,Club Necaxa - Atlante FC,2026-07-17T01:00:00+00:00,finished,1,2-1,Atlante FC,Walter Clar,M,26,5.9,18,0,0,,0.00289641,0,0,0,6,5,2,1,0,0,0,0,0,4,0,4,0,0,4,0,1,0,0,2,0,0,0,0,0,2,0,2026-08-22T05:27:58.185310+00:00
Liga Mexicana 2026/2027,Club Necaxa - Atlante FC,2026-07-17T01:00:00+00:00,finished,1,2-1,Atlante FC,Walter Portales,D,90,6.5,42,0,0,,0.0733682,0,0,2,26,19,4,2,3,1,0,0,6,5,0,1,5,4,2,0,4,0,1,12,1,1,1,0,0,2,0,2026-08-22T05:27:58.185135+00:00
Liga Mexicana 2026/2027,Club Necaxa - Atlante FC,2026-07-17T01:00:00+00:00,finished,1,2-1,Atlante FC,Óscar Jiménez,G,90,7.4,32,0,0,,0.00032225,0,0,0,25,16,13,4,0,0,0,0,1,0,1,0,0,0,0,0,6,0,0,10,1,0,0,0,3,2,0,2026-08-22T05:27:58.185188+00:00
Liga Mexicana 2026/2027,Club Tijuana - Tigres UANL,2026-07-17T03:10:00+00:00,finished,1,3-1,Tigres UANL,,,0,,0,0,0,,,0,0,0,0,0,0,0,0,0,0,0,0,0,0,0,0,0,0,0,0,0,0,0,0,0,0,0,0,0,0,2026-08-22T05:27:58.246846+00:00
Liga Mexicana 2026/2027,Club Tijuana - Tigres UANL,2026-07-17T03:10:00+00:00,finished,1,3-1,Club Tijuana,Adonis Preciado,M,90,7.4,28,0,0,0.2368,0.034754,2,0,1,13,10,1,0,1,0,3,1,8,4,3,1,3,3,1,0,2,2,1,10,1,0,1,0,0,1,0,2026-08-22T05:27:58.246276+00:00
Liga Mexicana 2026/2027,Club Tijuana - Tigres UANL,2026-07-17T03:10:00+00:00,finished,1,3-1,Club Tijuana,Aldahir Pérez,M,25,7.2,18,0,0,0.2287,0.0240423,3,0,0,8,6,1,1,1,0,0,0,3,2,1,1,2,1,1,0,2,0,1,4,0,0,0,0,0,0,0,2026-08-22T05:27:58.246430+00:00
Liga Mexicana 2026/2027,Club Tijuana - Tigres UANL,2026-07-17T03:10:00+00:00,finished,1,3-1,Club Tijuana,Alejandro Magallon,D,0,,0,0,0,,,0,0,0,0,0,0,0,0,0,0,0,0,0,0,0,0,0,0,0,0,0,0,0,0,0,0,0,0,0,0,2026-08-22T05:27:58.246535+00:00
Liga Mexicana 2026/2027,Club Tijuana - Tigres UANL,2026-07-17T03:10:00+00:00,finished,1,3-1,Club Tijuana,Antonio Rodríguez,G,90,7.5,42,0,0,,0.00028165,0,0,0,36,28,15,7,0,0,0,0,1,0,0,0,0,0,1,0,9,0,0,8,1,0,0,0,3,1,0,2026-08-22T05:27:58.246255+00:00
Liga Mexicana 2026/2027,Club Tijuana - Tigres UANL,2026-07-17T03:10:00+00:00,finished,1,3-1,Tigres UANL,Antonio de María y Campos,F,0,,0,0,0,,,0,0,0,0,0,0,0,0,0,0,0,0,0,0,0,0,0,0,0,0,0,0,0,0,0,0,0,0,0,0,2026-08-22T05:27:58.246832+00:00
Liga Mexicana 2026/2027,Club Tijuana - Tigres UANL,2026-07-17T03:10:00+00:00,finished,1,3-1,Tigres UANL,Carlos Rodríguez,G,0,,0,0,0,,,0,0,0,0,0,0,0,0,0,0,0,0,0,0,0,0,0,0,0,0,0,0,0,0,0,0,0,0,0,0,2026-08-22T05:27:58.246789+00:00
Liga Mexicana 2026/2027,Club Tijuana - Tigres UANL,2026-07-17T03:10:00+00:00,finished,1,3-1,Tigres UANL,César Araújo,M,90,7.2,69,0,0,,0.0192572,0,0,1,57,52,3,2,0,0,0,0,6,1,3,0,0,0,2,2,4,0,0,5,3,1,0,0,0,3,0,2026-08-22T05:27:58.246610+00:00
Liga Mexicana 2026/2027,Club Tijuana - Tigres UANL,2026-07-17T03:10:00+00:00,finished,1,3-1,Club Tijuana,David Orduño,M,0,,0,0,0,,,0,0,0,0,0,0,0,0,0,0,0,0,0,0,0,0,0,0,0,0,0,0,0,0,0,0,0,0,0,0,2026-08-17T05:28:32.589843+00:00
Liga Mexicana 2026/2027,Club Tijuana - Tigres UANL,2026-07-17T03:10:00+00:00,finished,1,3-1,Club Tijuana,Diego Abreu,F,65,6.4,11,0,0,0.0404,0.00533898,1,1,0,7,6,0,0,0,0,0,0,2,5,1,3,0,0,0,0,0,0,0,2,2,0,0,0,0,1,0,2026-08-22T05:27:58.246385+00:00
Liga Mexicana 2026/2027,Club Tijuana - Tigres UANL,2026-07-17T03:10:00+00:00,finished,1,3-1,Tigres UANL,Diego Lainez,M,83,6.3,44,0,0,0.0216,0.0597167,1,1,0,19,14,0,0,6,1,3,0,3,6,0,0,2,0,1,0,0,0,1,17,1,1,0,0,0,1,0,2026-08-22T05:27:58.246686+00:00
Liga Mexicana 2026/2027,Club Tijuana - Tigres UANL,2026-07-17T03:10:00+00:00,finished,1,3-1,Tigres UANL,Diego Sánchez,F,15,6.6,6,0,0,,0.146415,0,0,0,1,1,0,0,1,1,0,0,0,1,0,1,0,0,0,0,0,0,0,1,0,0,0,0,0,2,0,2026-08-22T05:27:58.246774+00:00
Liga Mexicana 2026/2027,Club Tijuana - Tigres UANL,2026-07-17T03:10:00+00:00,finished,1,3-1,Tigres UANL,Fernando Gorriarán,M,90,5.8,68,0,0,,0.0492321,0,0,2,54,44,5,2,1,0,0,0,4,8,0,1,2,2,2,2,1,0,1,14,2,6,1,0,0,3,0,2026-08-22T05:27:58.246625+00:00
Liga Mexicana 2026/2027,Club Tijuana - Tigres UANL,2026-07-17T03:10:00+00:00,finished,1,3-1,Tigres UANL,Fernando Ordoñez,D,16,5.7,8,0,0,,0.0006144,0,0,0,3,1,2,0,0,0,1,0,2,3,0,0,2,2,0,0,0,0,0,3,0,1,0,0,0,2,0,2026-08-22T05:27:58.246745+00:00
Liga Mexicana 2026/2027,Club Tijuana - Tigres UANL,2026-07-17T03:10:00+00:00,finished,1,3-1,Club Tijuana,Frank Boya,M,16,6.5,12,0,0,,0.000122,0,0,0,6,5,0,0,0,0,1,1,3,2,0,0,1,0,0,0,0,0,0,3,1,2,0,0,0,0,0,2026-08-22T05:27:58.246476+00:00
Liga Mexicana 2026/2027,Club Tijuana - Tigres UANL,2026-07-17T03:10:00+00:00,finished,1,3-1,Tigres UANL,Isaias Galvan,F,0,,0,0,0,,,0,0,0,0,0,0,0,0,0,0,0,0,0,0,0,0,0,0,0,0,0,0,0,0,0,0,0,0,0,0,2026-08-12T05:17:08.523301+00:00
Liga Mexicana 2026/2027,Club Tijuana - Tigres UANL,2026-07-17T03:10:00+00:00,finished,1,3-1,Club Tijuana,Iván Tona,M,90,7.5,85,0,0,0.02,0.0802565,1,0,1,65,59,15,11,1,1,3,2,6,7,0,0,3,2,2,2,8,0,1,11,1,3,0,0,0,1,0,2026-08-22T05:27:58.246307+00:00
Liga Mexicana 2026/2027,Club Tijuana - Tigres UANL,2026-07-17T03:10:00+00:00,finished,1,3-1,Club Tijuana,Jackson Porozo,D,90,6.9,61,0,0,0.0531,0.0311568,1,0,1,44,40,3,0,0,0,1,1,5,0,2,0,1,1,8,2,4,0,0,4,1,0,1,0,0,1,0,2026-08-22T05:27:58.246323+00:00
Liga Mexicana 2026/2027,Club Tijuana - Tigres UANL,2026-07-17T03:10:00+00:00,finished,1,3-1,Tigres UANL,Jesus Garza,D,90,5.8,52,0,0,0.0277,0.00926808,1,1,0,26,19,3,0,0,0,2,2,7,8,2,2,3,1,3,1,3,0,1,11,0,3,0,0,0,3,0,2026-08-22T05:27:58.246657+00:00
Liga Mexicana 2026/2027,Club Tijuana - Tigres UANL,2026-07-17T03:10:00+00:00,finished,1,3-1,Club Tijuana,Jesús Gómez,D,90,6.9,77,0,0,0.2068,0.00926293,2,2,0,61,53,11,6,0,0,0,0,5,1,2,0,0,0,3,1,2,0,0,10,3,1,0,0,0,1,0,2026-08-22T05:27:58.246199+00:00
Liga Mexicana 2026/2027,Club Tijuana - Tigres UANL,2026-07-17T03:10:00+00:00,finished,1,3-1,Club Tijuana,Jesús Vega,D,25,7.0,24,0,0,,0.128918,0,0,0,14,13,0,0,3,1,2,1,1,1,0,0,0,0,2,0,1,0,0,5,0,0,0,0,0,0,0,2026-08-22T05:27:58.246415+00:00
Liga Mexicana 2026/2027,Club Tijuana - Tigres UANL,2026-07-17T03:10:00+00:00,finished,1,3-1,Tigres UANL,Joaquim,D,90,6.9,67,0,1,,0.26816,0,0,1,52,47,5,2,0,0,1,1,3,3,1,1,0,0,8,2,4,0,0,6,1,0,0,0,0,3,0,2026-08-22T05:27:58.246672+00:00
Liga Mexicana 2026/2027,Club Tijuana - Tigres UANL,2026-07-17T03:10:00+00:00,finished,1,3-1,Club Tijuana,Joban González,,0,,0,0,0,,,0,0,0,0,0,0,0,0,0,0,0,0,0,0,0,0,0,0,0,0,0,0,0,0,0,0,0,0,0,0,2026-08-12T05:17:08.522913+00:00
Liga Mexicana 2026/2027,Club Tijuana - Tigres UANL,2026-07-17T03:10:00+00:00,finished,1,3-1,Club Tijuana,Jorge Hernández,G,0,,0,0,0,,,0,0,0,0,0,0,0,0,0,0,0,0,0,0,0,0,0,0,0,0,0,0,0,0,0,0,0,0,0,0,2026-08-22T05:27:58.246521+00:00
Liga Mexicana 2026/2027,Club Tijuana - Tigres UANL,2026-07-17T03:10:00+00:00,finished,1,3-1,Club Tijuana,José Rivero,M,17,6.5,4,0,0,,0.00259218,0,0,0,3,2,0,0,0,0,0,0,0,1,0,0,0,0,0,0,0,0,0,2,0,1,0,0,0,0,0,2026-08-22T05:27:58.246461+00:00
Liga Mexicana 2026/2027,Club Tijuana - Tigres UANL,2026-07-17T03:10:00+00:00,finished,1,3-1,Tigres UANL,Juan Brunetta,M,90,6.4,60,0,0,0.2614,0.0488234,4,1,1,37,30,1,0,3,1,3,1,5,8,0,0,1,1,0,0,6,0,2,18,3,0,0,0,0,3,0,2026-08-22T05:27:58.246595+00:00
Liga Mexicana 2026/2027,Club Tijuana - Tigres UANL,2026-07-17T03:10:00+00:00,finished,1,3-1,Tigres UANL,Juan José Purata,D,0,,0,0,0,,,0,0,0,0,0,0,0,0,0,0,0,0,0,0,0,0,0,0,0,0,0,0,0,0,0,0,0,0,0,0,2026-08-22T05:27:58.246817+00:00
Liga Mexicana 2026/2027,Club Tijuana - Tigres UANL,2026-07-17T03:10:00+00:00,finished,1,3-1,Tigres UANL,Juan Vigón,M,15,6.4,8,0,0,,0.546608,0,0,2,7,4,1,0,1,0,0,0,0,1,0,1,0,0,0,0,1,0,0,4,0,0,1,0,0,2,0,2026-08-22T05:27:58.246760+00:00
Liga Mexicana 2026/2027,Club Tijuana - Tigres UANL,2026-07-17T03:10:00+00:00,finished,1,3-1,Tigres UANL,Marcelo Salinas,G,0,,0,0,0,,,0,0,0,0,0,0,0,0,0,0,0,0,0,0,0,0,0,0,0,0,0,0,0,0,0,0,0,0,0,0,2026-08-17T05:28:32.590251+00:00
Liga Mexicana 2026/2027,Club Tijuana - Tigres UANL,2026-07-17T03:10:00+00:00,finished,1,3-1,Club Tijuana,Mourad El Ghezouani,F,25,8.2,5,2,0,0.9616,0.0516352,3,2,0,2,1,0,0,0,0,0,0,0,1,0,0,0,0,0,0,0,0,0,1,0,1,0,0,0,0,0,2026-08-22T05:27:58.246445+00:00
Liga Mexicana 2026/2027,Club Tijuana - Tigres UANL,2026-07-17T03:10:00+00:00,finished,1,3-1,Tigres UANL,Nahuel Guzmán,G,90,5.9,33,0,0,,0.00236933,0,0,0,23,17,10,5,0,0,0,0,0,0,0,0,0,0,0,0,11,0,0,6,0,0,1,0,4,3,0,2026-08-22T05:27:58.246642+00:00
Liga Mexicana 2026/2027,Club Tijuana - Tigres UANL,2026-07-17T03:10:00+00:00,finished,1,3-1,Tigres UANL,Ozziel Herrera,M,83,7.4,34,1,0,0.2801,0.0296641,2,1,0,17,14,0,0,2,1,3,2,5,3,0,1,2,2,0,0,1,1,0,11,1,0,0,0,0,1,0,2026-08-22T05:27:58.246701+00:00
Liga Mexicana 2026/2027,Club Tijuana - Tigres UANL,2026-07-17T03:10:00+00:00,finished,1,3-1,Club Tijuana,Pablo Nicolás Ortíz,D,65,6.3,36,0,0,,0.0189063,0,0,0,19,11,4,1,2,1,2,1,2,2,0,0,1,1,3,1,1,0,0,12,0,0,0,0,0,1,0,2026-08-22T05:27:58.246399+00:00
Liga Mexicana 2026/2027,Club Tijuana - Tigres UANL,2026-07-17T03:10:00+00:00,finished,1,3-1,Club Tijuana,Rafael Fernández,D,74,7.2,46,0,0,,0.0431849,0,0,3,32,25,5,2,3,2,1,1,4,2,1,1,1,1,1,0,1,0,0,12,1,0,0,0,0,1,0,2026-08-22T05:27:58.246339+00:00
Liga Mexicana 2026/2027,Club Tijuana - Tigres UANL,2026-07-17T03:10:00+00:00,finished,1,3-1,Club Tijuana,Ramiro Árciga,M,90,8.0,43,1,0,0.3335,0.0719053,1,1,2,26,21,2,0,4,3,3,3,5,2,1,1,0,0,1,0,3,0,0,7,1,1,0,0,0,1,0,2026-08-22T05:27:58.246292+00:00
Liga Mexicana 2026/2027,Club Tijuana - Tigres UANL,2026-07-17T03:10:00+00:00,finished,1,3-1,Tigres UANL,Rodrigo Aguirre,F,46,5.2,6,0,0,,0.00040617,0,0,0,5,3,0,0,0,0,0,0,1,6,1,3,0,0,0,0,1,0,1,3,0,3,0,1,0,3,0,2026-08-22T05:27:58.246731+00:00
Liga Mexicana 2026/2027,Club Tijuana - Tigres UANL,2026-07-17T03:10:00+00:00,finished,1,3-1,Tigres UANL,Rômulo Zwarg,D,90,5.8,61,0,0,,0.0137178,0,0,1,50,43,5,0,1,0,0,0,1,2,1,1,0,0,6,2,3,0,0,8,0,2,0,0,0,3,0,2026-08-22T05:27:58.246564+00:00
Liga Mexicana 2026/2027,Club Tijuana - Tigres UANL,2026-07-17T03:10:00+00:00,finished,1,3-1,Club Tijuana,Unai Bilbao,D,0,,0,0,0,,,0,0,0,0,0,0,0,0,0,0,0,0,0,0,0,0,0,0,0,0,0,0,0,0,0,0,0,0,0,0,2026-08-22T05:27:58.246507+00:00
Liga Mexicana 2026/2027,Club Tijuana - Tigres UANL,2026-07-17T03:10:00+00:00,finished,1,3-1,Tigres UANL,Vladimir Loroña,D,74,6.2,26,0,0,,0.0058807,0,0,0,23,19,1,1,0,0,0,0,1,1,1,0,0,0,0,0,2,0,0,5,0,0,1,0,0,1,0,2026-08-22T05:27:58.246716+00:00
Liga Mexicana 2026/2027,Club Tijuana - Tigres UANL,2026-07-17T03:10:00+00:00,finished,1,3-1,Club Tijuana,Yael Padilla,F,65,6.8,36,0,1,0.0396,0.16033,1,1,1,20,13,2,1,3,0,2,1,4,5,0,2,0,0,0,0,1,0,1,14,3,1,0,0,0,1,0,2026-08-22T05:27:58.246370+00:00
Liga Mexicana 2026/2027,Club Tijuana - Tigres UANL,2026-07-17T03:10:00+00:00,finished,1,3-1,Club Tijuana,Ángel Zapata,M,73,6.8,47,0,0,,0.0287984,0,0,0,38,35,4,3,0,0,1,1,2,3,0,0,1,1,1,0,3,0,2,5,0,1,0,0,0,1,0,2026-08-22T05:27:58.246354+00:00
Liga Mexicana 2026/2027,Atlético San Luis - Cruz Azul,2026-07-18T01:00:00+00:00,finished,1,2-3,Atlético San Luis,,,0,,0,0,0,,,0,0,0,0,0,0,0,0,0,0,0,0,0,0,0,0,0,0,0,0,0,0,0,0,0,0,0,0,0,0,2026-08-22T05:27:58.200138+00:00
Liga Mexicana 2026/2027,Atlético San Luis - Cruz Azul,2026-07-18T01:00:00+00:00,finished,1,2-3,Cruz Azul,Agustín Palavecino,M,56,6.3,40,0,0,0.0371,0.0362332,2,0,1,25,19,2,1,2,0,1,0,3,4,0,0,3,2,0,0,4,1,1,13,0,2,0,0,0,2,0,2026-08-22T05:27:58.199655+00:00
Liga Mexicana 2026/2027,Atlético San Luis - Cruz Azul,2026-07-18T01:00:00+00:00,finished,1,2-3,Cruz Azul,Alan Montes,D,0,,0,0,0,,,0,0,0,0,0,0,0,0,0,0,0,0,0,0,0,0,0,0,0,0,0,0,0,0,0,0,0,0,0,0,2026-08-22T05:27:58.199781+00:00
Liga Mexicana 2026/2027,Atlético San Luis - Cruz Azul,2026-07-18T01:00:00+00:00,finished,1,2-3,Atlético San Luis,Aldo Cruz,D,90,6.2,57,0,0,,0.0017037,0,0,0,38,31,1,0,1,0,1,1,4,1,1,0,1,1,2,1,4,0,0,12,1,0,0,0,0,3,0,2026-08-22T05:27:58.199856+00:00
Liga Mexicana 2026/2027,Atlético San Luis - Cruz Azul,2026-07-18T01:00:00+00:00,finished,1,2-3,Cruz Azul,Amaury Garcia,D,12,6.8,5,0,0,,3.566e-05,0,0,0,2,2,0,0,0,0,0,0,2,0,0,0,2,0,0,0,1,0,0,1,0,0,0,0,0,0,0,2026-08-22T05:27:58.199765+00:00
Liga Mexicana 2026/2027,Atlético San Luis - Cruz Azul,2026-07-18T01:00:00+00:00,finished,1,2-3,Atlético San Luis,Anderson Duarte,F,13,6.2,19,0,0,,0.00693977,0,0,0,5,4,0,0,2,1,4,1,1,7,0,0,0,0,0,0,4,0,2,10,0,0,0,0,0,2,0,2026-08-22T05:27:58.200045+00:00
Liga Mexicana 2026/2027,Atlético San Luis - Cruz Azul,2026-07-18T01:00:00+00:00,finished,1,2-3,Cruz Azul,Andres Montaño,M,13,6.5,12,0,0,,0.002331,0,0,0,9,7,0,0,0,0,0,0,1,1,0,0,1,1,0,1,2,0,0,3,0,1,0,0,0,0,0,2026-08-22T05:27:58.199750+00:00
Liga Mexicana 2026/2027,Atlético San Luis - Cruz Azul,2026-07-18T01:00:00+00:00,finished,1,2-3,Cruz Azul,Andrés Gudiño,G,0,,0,0,0,,,0,0,0,0,0,0,0,0,0,0,0,0,0,0,0,0,0,0,0,0,0,0,0,0,0,0,0,0,0,0,2026-08-22T05:27:58.199841+00:00
Liga Mexicana 2026/2027,Atlético San Luis - Cruz Azul,2026-07-18T01:00:00+00:00,finished,1,2-3,Atlético San Luis,Andrés Sánchez,G,90,6.9,36,0,0,,6.783e-05,0,0,0,23,15,9,2,0,0,0,0,0,1,0,1,0,0,1,0,7,0,0,8,0,0,0,0,6,3,0,2026-08-22T05:27:58.199871+00:00
Liga Mexicana 2026/2027,Atlético San Luis - Cruz Azul,2026-07-18T01:00:00+00:00,finished,1,2-3,Atlético San Luis,Benjamín Galindo,D,0,,0,0,0,,,0,0,0,0,0,0,0,0,0,0,0,0,0,0,0,0,0,0,0,0,0,0,0,0,0,0,0,0,0,0,2026-08-22T05:27:58.200167+00:00
Liga Mexicana 2026/2027,Atlético San Luis - Cruz Azul,2026-07-18T01:00:00+00:00,finished,1,2-3,Cruz Azul,Carlos Rodríguez,M,90,7.4,60,0,1,0.0946,0.733841,1,0,4,47,41,5,3,2,0,1,1,1,2,0,1,0,0,0,1,7,0,0,12,0,2,1,0,0,2,0,2026-08-22T05:27:58.199463+00:00
Liga Mexicana 2026/2027,Atlético San Luis - Cruz Azul,2026-07-18T01:00:00+00:00,finished,1,2-3,Cruz Azul,Carlos Rotondi,M,90,6.9,52,0,0,0.707,0.0711013,4,3,2,22,15,2,0,6,1,1,1,5,1,0,1,3,3,2,1,2,0,0,14,1,0,0,0,0,2,0,2026-08-22T05:27:58.199524+00:00
Liga Mexicana 2026/2027,Atlético San Luis - Cruz Azul,2026-07-18T01:00:00+00:00,finished,1,2-3,Atlético San Luis,David Rodriguez,F,76,7.1,42,0,0,0.1114,0.0266945,2,1,1,19,18,1,1,1,0,6,3,5,9,0,0,0,0,2,0,5,0,3,10,2,0,0,0,0,1,0,2026-08-22T05:27:58.199986+00:00
Liga Mexicana 2026/2027,Atlético San Luis - Cruz Azul,2026-07-18T01:00:00+00:00,finished,1,2-3,Atlético San Luis,Eduardo Águila,D,90,5.8,63,0,0,0.0278,0.00262308,1,0,0,43,40,3,1,0,0,0,0,4,6,1,6,3,1,10,0,0,0,0,5,0,0,0,0,0,3,0,2026-08-22T05:27:58.199900+00:00
Liga Mexicana 2026/2027,Atlético San Luis - Cruz Azul,2026-07-18T01:00:00+00:00,finished,1,2-3,Cruz Azul,Erik Lira,D,77,6.9,57,0,0,,0.0216288,0,0,0,44,40,4,2,1,1,3,2,6,2,0,0,2,1,0,3,4,0,0,6,2,0,0,0,0,2,0,2026-08-22T05:27:58.199640+00:00
Liga Mexicana 2026/2027,Atlético San Luis - Cruz Azul,2026-07-18T01:00:00+00:00,finished,1,2-3,Cruz Azul,Gabriel Fernández,F,34,7.1,16,1,0,0.8435,0.107632,2,2,0,9,6,0,0,0,0,0,0,4,0,2,0,0,0,0,0,0,0,0,5,2,0,0,0,0,0,0,2026-08-22T05:27:58.199734+00:00
Liga Mexicana 2026/2027,Atlético San Luis - Cruz Azul,2026-07-18T01:00:00+00:00,finished,1,2-3,Atlético San Luis,Gibran Lajud,G,0,,0,0,0,,,0,0,0,0,0,0,0,0,0,0,0,0,0,0,0,0,0,0,0,0,0,0,0,0,0,0,0,0,0,0,2026-08-22T05:27:58.200088+00:00
Liga Mexicana 2026/2027,Atlético San Luis - Cruz Azul,2026-07-18T01:00:00+00:00,finished,1,2-3,Cruz Azul,Gonzalo Piovi,D,90,6.6,92,0,0,0.0966,0.0141299,2,1,0,75,63,11,7,0,0,1,0,7,8,2,5,4,2,3,2,4,0,0,14,1,2,0,0,0,2,0,2026-08-22T05:27:58.199560+00:00
Liga Mexicana 2026/2027,Atlético San Luis - Cruz Azul,2026-07-18T01:00:00+00:00,finished,1,2-3,Cruz Azul,Jeremy Márquez,M,90,8.9,85,2,0,0.3827,0.177934,2,2,2,56,50,4,3,5,3,4,1,3,5,0,1,1,1,1,3,4,0,0,13,1,0,0,0,0,2,0,2026-08-22T05:27:58.199606+00:00
Liga Mexicana 2026/2027,Atlético San Luis - Cruz Azul,2026-07-18T01:00:00+00:00,finished,1,2-3,Cruz Azul,Jesús Orozco,D,0,,0,0,0,,,0,0,0,0,0,0,0,0,0,0,0,0,0,0,0,0,0,0,0,0,0,0,0,0,0,0,0,0,0,0,2026-08-22T05:27:58.199827+00:00
Liga Mexicana 2026/2027,Atlético San Luis - Cruz Azul,2026-07-18T01:00:00+00:00,finished,1,2-3,Cruz Azul,Jorge Rodarte Barragan,D,0,,0,0,0,,,0,0,0,0,0,0,0,0,0,0,0,0,0,0,0,0,0,0,0,0,0,0,0,0,0,0,0,0,0,0,2026-08-22T05:27:58.199797+00:00
Liga Mexicana 2026/2027,Atlético San Luis - Cruz Azul,2026-07-18T01:00:00+00:00,finished,1,2-3,Cruz Azul,José Paradela,F,87,6.5,57,0,0,0.1684,0.0639921,3,0,0,40,24,2,1,2,0,3,2,3,3,0,0,0,0,0,1,2,1,0,23,1,1,0,0,0,2,0,2026-08-22T05:27:58.199623+00:00
Liga Mexicana 2026/2027,Atlético San Luis - Cruz Azul,2026-07-18T01:00:00+00:00,finished,1,2-3,Cruz Azul,Kevin Mier,G,90,6.0,33,0,0,,8.401e-05,0,0,0,27,26,3,2,0,0,0,0,0,0,0,0,0,0,0,0,5,0,0,1,0,0,0,0,4,2,0,2026-08-22T05:27:58.199590+00:00
Liga Mexicana 2026/2027,Atlético San Luis - Cruz Azul,2026-07-18T01:00:00+00:00,finished,1,2-3,Atlético San Luis,Leonardo Flores,F,70,6.9,24,0,1,0.1048,0.0760822,1,0,1,10,5,0,0,1,1,0,0,6,4,2,2,3,1,1,1,2,0,1,9,1,1,0,0,0,1,0,2026-08-22T05:27:58.200000+00:00
Liga Mexicana 2026/2027,Atlético San Luis - Cruz Azul,2026-07-18T01:00:00+00:00,finished,1,2-3,Atlético San Luis,Lucas Esteves,D,77,6.3,31,0,0,,0.0227394,0,0,0,23,18,1,1,1,1,1,0,2,5,1,0,1,1,1,0,3,0,1,7,0,0,0,0,0,1,0,2026-08-22T05:27:58.199972+00:00
Liga Mexicana 2026/2027,Atlético San Luis - Cruz Azul,2026-07-18T01:00:00+00:00,finished,1,2-3,Atlético San Luis,Luis Carillo,D,0,,0,0,0,,,0,0,0,0,0,0,0,0,0,0,0,0,0,0,0,0,0,0,0,0,0,0,0,0,0,0,0,0,0,0,2026-08-09T05:19:52.561351+00:00
Liga Mexicana 2026/2027,Atlético San Luis - Cruz Azul,2026-07-18T01:00:00+00:00,finished,1,2-3,Cruz Azul,Luka Romero,F,34,7.3,21,0,1,,0.135441,0,0,1,11,10,0,0,2,1,2,2,6,2,1,0,2,2,0,0,1,0,1,3,1,0,0,0,0,0,0,2026-08-22T05:27:58.199703+00:00
Liga Mexicana 2026/2027,Atlético San Luis - Cruz Azul,2026-07-18T01:00:00+00:00,finished,1,2-3,Atlético San Luis,Miguel Alonso García,M,14,6.5,15,0,0,,0.00944943,0,0,0,14,12,1,1,0,0,0,0,0,0,0,0,0,0,1,0,0,0,0,2,0,0,0,0,0,2,0,2026-08-22T05:27:58.200030+00:00
Liga Mexicana 2026/2027,Atlético San Luis - Cruz Azul,2026-07-18T01:00:00+00:00,finished,1,2-3,Cruz Azul,Nicolás Ibáñez,F,34,6.4,11,0,0,0.1359,0.0523562,3,2,0,4,3,0,0,0,0,0,0,3,2,3,2,0,0,2,0,1,0,0,2,0,0,0,0,0,0,0,2026-08-22T05:27:58.199719+00:00
Liga Mexicana 2026/2027,Atlético San Luis - Cruz Azul,2026-07-18T01:00:00+00:00,finished,1,2-3,Cruz Azul,Omar Campos,M,56,5.9,37,0,0,,0.027242,0,0,1,24,19,1,0,1,0,0,0,2,3,1,0,1,0,1,2,3,0,0,7,0,0,0,0,0,2,0,2026-08-22T05:27:58.199671+00:00
Liga Mexicana 2026/2027,Atlético San Luis - Cruz Azul,2026-07-18T01:00:00+00:00,finished,1,2-3,Atlético San Luis,Oscar Macías,M,90,6.9,69,0,0,,0.0888131,0,0,0,53,46,3,2,0,0,1,0,1,2,0,0,1,0,3,3,7,0,1,10,0,0,0,0,0,3,0,2026-08-22T05:27:58.199929+00:00
Liga Mexicana 2026/2027,Atlético San Luis - Cruz Azul,2026-07-18T01:00:00+00:00,finished,1,2-3,Cruz Azul,Osinachi Ebere,F,56,6.2,24,0,0,0.6721,0.240807,1,0,2,13,11,0,0,0,0,0,0,3,1,1,0,2,1,0,1,0,1,1,7,0,1,0,0,0,2,0,2026-08-22T05:27:58.199687+00:00
Liga Mexicana 2026/2027,Atlético San Luis - Cruz Azul,2026-07-18T01:00:00+00:00,finished,1,2-3,Atlético San Luis,Roberto Meraz,M,0,,0,0,0,,,0,0,0,0,0,0,0,0,0,0,0,0,0,0,0,0,0,0,0,0,0,0,0,0,0,0,0,0,0,0,2026-08-22T05:27:58.200153+00:00
Liga Mexicana 2026/2027,Atlético San Luis - Cruz Azul,2026-07-18T01:00:00+00:00,finished,1,2-3,Atlético San Luis,Robson Bambu,D,90,5.9,79,0,0,,0.00894464,0,0,0,65,56,10,4,0,0,0,0,4,5,3,1,1,1,8,0,6,0,1,10,0,3,1,0,0,3,0,2026-08-22T05:27:58.199885+00:00
Liga Mexicana 2026/2027,Atlético San Luis - Cruz Azul,2026-07-18T01:00:00+00:00,finished,1,2-3,Cruz Azul,Rogelio González,M,0,,0,0,0,,,0,0,0,0,0,0,0,0,0,0,0,0,0,0,0,0,0,0,0,0,0,0,0,0,0,0,0,0,0,0,2026-08-22T05:27:58.199812+00:00
Liga Mexicana 2026/2027,Atlético San Luis - Cruz Azul,2026-07-18T01:00:00+00:00,finished,1,2-3,Atlético San Luis,Román Torres,D,90,7.1,56,0,0,,0.0192125,0,0,0,33,20,2,0,4,0,1,1,1,0,0,0,0,0,4,0,6,0,0,21,0,0,0,0,0,3,0,2026-08-22T05:27:58.199914+00:00
Liga Mexicana 2026/2027,Atlético San Luis - Cruz Azul,2026-07-18T01:00:00+00:00,finished,1,2-3,Atlético San Luis,Ronaldo Nájera,M,20,6.5,14,0,0,0.0272,0.0135872,1,0,0,7,7,1,1,1,0,0,0,1,2,1,0,0,0,2,0,0,1,1,3,0,1,0,0,0,2,0,2026-08-22T05:27:58.200014+00:00
Liga Mexicana 2026/2027,Atlético San Luis - Cruz Azul,2026-07-18T01:00:00+00:00,finished,1,2-3,Atlético San Luis,Santiago Muñoz,F,11,6.5,1,0,0,,,0,0,0,1,0,0,0,0,0,0,0,1,1,1,1,0,0,0,0,0,0,0,1,0,0,0,0,0,1,0,2026-08-22T05:27:58.200060+00:00
Liga Mexicana 2026/2027,Atlético San Luis - Cruz Azul,2026-07-18T01:00:00+00:00,finished,1,2-3,Atlético San Luis,Sebastián Pérez Bouquet,M,0,,0,0,0,,,0,0,0,0,0,0,0,0,0,0,0,0,0,0,0,0,0,0,0,0,0,0,0,0,0,0,0,0,0,0,2026-08-22T05:27:58.200073+00:00
Liga Mexicana 2026/2027,Atlético San Luis - Cruz Azul,2026-07-18T01:00:00+00:00,finished,1,2-3,Atlético San Luis,Sergio,M,88,7.8,30,1,0,0.8875,0.00965886,5,3,1,12,10,0,0,0,0,1,0,3,5,2,0,0,0,0,1,2,1,2,9,1,2,1,0,0,2,0,2026-08-12T05:17:08.554720+00:00
Liga Mexicana 2026/2027,Atlético San Luis - Cruz Azul,2026-07-18T01:00:00+00:00,finished,1,2-3,Atlético San Luis,Sébastien Salles-Lamonge,M,90,7.2,81,1,0,0.1506,0.266878,3,1,4,54,49,4,1,4,2,2,1,5,7,0,1,1,0,0,2,5,1,3,14,3,2,0,0,0,3,0,2026-08-22T05:27:58.199944+00:00
Liga Mexicana 2026/2027,Atlético San Luis - Cruz Azul,2026-07-18T01:00:00+00:00,finished,1,2-3,Cruz Azul,Willer Ditta,D,90,6.9,87,0,0,,0.0122242,0,0,1,73,68,6,4,1,0,2,1,4,5,0,2,3,3,5,1,4,0,0,7,0,1,0,0,0,2,0,2026-08-22T05:27:58.199543+00:00
Liga Mexicana 2026/2027,Atlético San Luis - Cruz Azul,2026-07-18T01:00:00+00:00,finished,1,2-3,Atlético San Luis,Ángel Reyes,M,0,,0,0,0,,,0,0,0,0,0,0,0,0,0,0,0,0,0,0,0,0,0,0,0,0,0,0,0,0,0,0,0,0,0,0,2026-08-17T05:28:32.664027+00:00
Liga Mexicana 2026/2027,Club León - Atlas FC,2026-07-18T01:00:00+00:00,finished,1,2-3,Atlas FC,,,0,,0,0,0,,,0,0,0,0,0,0,0,0,0,0,0,0,0,0,0,0,0,0,0,0,0,0,0,0,0,0,0,0,0,0,2026-08-22T05:27:58.262615+00:00
Liga Mexicana 2026/2027,Club León - Atlas FC,2026-07-18T01:00:00+00:00,finished,1,2-3,Club León,Abraham Villegas Maciel,D,0,,0,0,0,,,0,0,0,0,0,0,0,0,0,0,0,0,0,0,0,0,0,0,0,0,0,0,0,0,0,0,0,0,0,0,2026-08-22T05:27:58.262948+00:00
Liga Mexicana 2026/2027,Club León - Atlas FC,2026-07-18T01:00:00+00:00,finished,1,2-3,Atlas FC,Adrián Mora,D,0,,0,0,0,,,0,0,0,0,0,0,0,0,0,0,0,0,0,0,0,0,0,0,0,0,0,0,0,0,0,0,0,0,0,0,2026-08-22T05:27:58.262629+00:00
Liga Mexicana 2026/2027,Club León - Atlas FC,2026-07-18T01:00:00+00:00,finished,1,2-3,Atlas FC,Aldo Rocha,M,90,7.2,65,1,0,0.7884,0.0156009,1,1,1,57,47,4,3,0,0,1,1,5,3,0,0,3,2,0,1,4,0,1,11,1,1,1,0,0,2,0,2026-08-22T05:27:58.262410+00:00
Liga Mexicana 2026/2027,Club León - Atlas FC,2026-07-18T01:00:00+00:00,finished,1,2-3,Atlas FC,Antonio Sánchez,G,90,6.5,46,0,0,,0.00109731,0,0,0,30,22,13,6,0,0,0,0,0,0,0,0,0,0,1,0,10,0,0,8,0,0,0,0,6,2,1,2026-08-22T05:27:58.262468+00:00
Liga Mexicana 2026/2027,Club León - Atlas FC,2026-07-18T01:00:00+00:00,finished,1,2-3,Atlas FC,Arturo González,F,57,7.2,46,1,0,0.1674,0.00488592,3,2,0,26,22,1,0,1,0,1,0,5,8,0,4,2,1,0,1,5,0,3,11,3,0,0,0,0,1,0,2026-08-22T05:27:58.262523+00:00
Liga Mexicana 2026/2027,Club León - Atlas FC,2026-07-18T01:00:00+00:00,finished,1,2-3,Club León,Bryan Colula,D,0,,0,0,0,,,0,0,0,0,0,0,0,0,0,0,0,0,0,0,0,0,0,0,0,0,0,0,0,0,0,0,0,0,0,0,2026-08-22T05:27:58.262974+00:00
Liga Mexicana 2026/2027,Club León - Atlas FC,2026-07-18T01:00:00+00:00,finished,1,2-3,Club León,Christopher Mora,D,0,,0,0,0,,,0,0,0,0,0,0,0,0,0,0,0,0,0,0,0,0,0,0,0,0,0,0,0,0,0,0,0,0,0,0,2026-08-22T05:27:58.262934+00:00
Liga Mexicana 2026/2027,Club León - Atlas FC,2026-07-18T01:00:00+00:00,finished,1,2-3,Club León,Daniel Arcila,M,56,6.7,30,0,0,0.0159,0.142384,1,0,4,15,13,2,2,7,4,0,0,1,4,0,0,1,1,0,0,3,0,4,9,0,0,0,0,0,2,0,2026-08-22T05:27:58.262799+00:00
Liga Mexicana 2026/2027,Club León - Atlas FC,2026-07-18T01:00:00+00:00,finished,1,2-3,Club León,Diber Cambindo,F,42,6.3,15,1,0,0.7551,0.0201539,3,1,1,10,7,0,0,0,0,0,0,1,3,1,0,0,0,0,0,0,1,1,4,0,1,0,1,0,3,0,2026-08-22T05:27:58.262840+00:00
Liga Mexicana 2026/2027,Club León - Atlas FC,2026-07-18T01:00:00+00:00,finished,1,2-3,Atlas FC,Duk,F,89,7.9,44,1,0,0.281,0.00957539,1,1,0,22,16,1,1,3,0,5,3,10,4,1,0,5,3,1,0,4,0,2,16,1,0,0,0,0,2,0,2026-08-22T05:27:58.262495+00:00
Liga Mexicana 2026/2027,Club León - Atlas FC,2026-07-18T01:00:00+00:00,finished,1,2-3,Club León,Edgar Guerra,M,34,6.5,29,0,0,0.0263,0.0224,1,1,0,10,8,1,0,1,0,5,1,4,4,0,0,3,2,0,0,0,0,0,11,0,0,0,0,0,1,0,2026-08-22T05:27:58.262880+00:00
Liga Mexicana 2026/2027,Club León - Atlas FC,2026-07-18T01:00:00+00:00,finished,1,2-3,Atlas FC,Edgar Zaldívar,M,64,6.9,42,0,0,,0.00840151,0,0,0,32,29,3,2,0,0,1,1,4,2,2,1,1,0,0,0,6,0,1,6,0,0,0,0,0,1,0,2026-08-22T05:27:58.262509+00:00
Liga Mexicana 2026/2027,Club León - Atlas FC,2026-07-18T01:00:00+00:00,finished,1,2-3,Club León,Fernando Beltrán,M,8,6.9,14,0,0,0.0389,0.0289283,2,1,2,7,6,2,1,2,1,0,0,2,0,0,0,1,0,0,0,1,0,0,2,1,0,0,0,0,0,0,2026-08-22T05:27:58.262907+00:00
Liga Mexicana 2026/2027,Club León - Atlas FC,2026-07-18T01:00:00+00:00,finished,1,2-3,Atlas FC,Gaddi Aguirre,D,0,,0,0,0,,,0,0,0,0,0,0,0,0,0,0,0,0,0,0,0,0,0,0,0,0,0,0,0,0,0,0,0,0,0,0,2026-08-22T05:27:58.262643+00:00
Liga Mexicana 2026/2027,Club León - Atlas FC,2026-07-18T01:00:00+00:00,finished,1,2-3,Atlas FC,Gustavo Ferrareis,D,90,6.8,54,0,1,,0.0410154,0,0,1,37,33,4,3,0,0,0,0,2,3,0,1,2,1,3,0,3,0,1,9,0,1,0,0,0,2,0,2026-08-22T05:27:58.262454+00:00
Liga Mexicana 2026/2027,Club León - Atlas FC,2026-07-18T01:00:00+00:00,finished,1,2-3,Club León,Ismael Díaz,M,55,6.5,28,0,0,0.0403,0.0176528,2,1,0,16,14,2,2,0,0,2,1,4,4,0,1,1,1,0,0,4,0,2,8,2,0,0,0,0,2,0,2026-08-22T05:27:58.262812+00:00
Liga Mexicana 2026/2027,Club León - Atlas FC,2026-07-18T01:00:00+00:00,finished,1,2-3,Club León,Iván Moreno,D,82,6.4,64,0,0,0.1076,0.0140071,1,0,0,37,28,2,0,0,0,0,0,5,4,2,0,3,0,1,0,3,1,2,16,0,0,0,0,0,3,0,2026-08-22T05:27:58.262772+00:00
Liga Mexicana 2026/2027,Club León - Atlas FC,2026-07-18T01:00:00+00:00,finished,1,2-3,Atlas FC,Jesús Serrato,M,0,,0,0,0,,,0,0,0,0,0,0,0,0,0,0,0,0,0,0,0,0,0,0,0,0,0,0,0,0,0,0,0,0,0,0,2026-08-22T05:27:58.262657+00:00
Liga Mexicana 2026/2027,Club León - Atlas FC,2026-07-18T01:00:00+00:00,finished,1,2-3,Club León,Jordan García,G,0,,0,0,0,,,0,0,0,0,0,0,0,0,0,0,0,0,0,0,0,0,0,0,0,0,0,0,0,0,0,0,0,0,0,0,2026-08-22T05:27:58.262921+00:00
Liga Mexicana 2026/2027,Club León - Atlas FC,2026-07-18T01:00:00+00:00,finished,1,2-3,Club León,Jordi Cortizo,M,35,7.8,30,1,0,0.1039,0.018346,1,1,1,18,17,1,1,2,0,1,1,4,1,0,0,2,1,0,0,5,0,0,4,1,0,0,0,0,1,0,2026-08-22T05:27:58.262868+00:00
Liga Mexicana 2026/2027,Club León - Atlas FC,2026-07-18T01:00:00+00:00,finished,1,2-3,Atlas FC,Jorge Rodríguez,D,45,6.5,24,0,0,,0.00026801,0,0,0,14,9,3,1,1,0,0,0,3,1,0,1,1,1,1,1,1,0,0,8,2,0,0,0,0,1,0,2026-08-22T05:27:58.262549+00:00
Liga Mexicana 2026/2027,Club León - Atlas FC,2026-07-18T01:00:00+00:00,finished,1,2-3,Atlas FC,Jose Lozano,D,13,6.8,5,0,0,,0.000785,0,0,0,3,2,1,0,0,0,0,0,2,0,0,0,0,0,0,0,0,0,0,1,2,0,0,0,0,0,0,2026-08-22T05:27:58.262602+00:00
Liga Mexicana 2026/2027,Club León - Atlas FC,2026-07-18T01:00:00+00:00,finished,1,2-3,Atlas FC,Jose Martin,F,0,,0,0,0,,,0,0,0,0,0,0,0,0,0,0,0,0,0,0,0,0,0,0,0,0,0,0,0,0,0,0,0,0,0,0,2026-08-17T05:28:32.711981+00:00
Liga Mexicana 2026/2027,Club León - Atlas FC,2026-07-18T01:00:00+00:00,finished,1,2-3,Club León,José Alvarado,F,35,6.7,11,0,1,0.0374,0.0508805,1,1,1,7,6,1,1,0,0,1,0,2,5,2,2,0,0,0,0,0,0,0,3,0,2,1,0,0,1,0,2026-08-22T05:27:58.262854+00:00
Liga Mexicana 2026/2027,Club León - Atlas FC,2026-07-18T01:00:00+00:00,finished,1,2-3,Club León,José Rodríguez,M,90,6.2,35,0,0,0.0083,0.0173093,1,0,0,24,20,4,2,0,0,0,0,3,2,2,0,1,1,1,2,2,0,0,4,0,2,0,0,0,3,0,2026-08-22T05:27:58.262700+00:00
Liga Mexicana 2026/2027,Club León - Atlas FC,2026-07-18T01:00:00+00:00,finished,1,2-3,Club León,Juan Guevara,D,90,6.0,66,0,0,0.0212,0.0429786,1,0,0,48,41,7,2,0,0,0,0,8,8,3,2,2,0,6,1,4,0,1,8,3,4,0,0,0,3,0,2026-08-22T05:27:58.262728+00:00
Liga Mexicana 2026/2027,Club León - Atlas FC,2026-07-18T01:00:00+00:00,finished,1,2-3,Atlas FC,Luis Hernández,G,0,,0,0,0,,,0,0,0,0,0,0,0,0,0,0,0,0,0,0,0,0,0,0,0,0,0,0,0,0,0,0,0,0,0,0,2026-08-22T05:27:58.262684+00:00
Liga Mexicana 2026/2027,Club León - Atlas FC,2026-07-18T01:00:00+00:00,finished,1,2-3,Club León,Luis Valadez,M,16,6.5,10,0,0,,0.00520134,0,0,0,8,8,0,0,0,0,0,0,0,2,0,0,0,0,0,1,2,0,0,1,0,2,0,0,0,0,0,2026-08-22T05:27:58.262894+00:00
Liga Mexicana 2026/2027,Club León - Atlas FC,2026-07-18T01:00:00+00:00,finished,1,2-3,Atlas FC,Luís Esteves,M,33,6.1,26,0,0,0.0551,0.0379317,1,1,0,15,11,1,1,0,0,4,1,2,6,0,1,0,0,0,0,2,0,1,9,1,1,0,0,0,1,0,2026-08-22T05:27:58.262562+00:00
Liga Mexicana 2026/2027,Club León - Atlas FC,2026-07-18T01:00:00+00:00,finished,1,2-3,Atlas FC,Manuel Capasso,D,90,6.5,68,0,0,,0.00979281,0,0,1,55,47,11,4,0,0,0,0,3,4,1,1,2,2,6,3,1,0,0,9,0,2,1,0,0,2,0,2026-08-22T05:27:58.262439+00:00
Liga Mexicana 2026/2027,Club León - Atlas FC,2026-07-18T01:00:00+00:00,finished,1,2-3,Atlas FC,Milton Valenzuela,D,45,7.0,49,0,0,0.0109,0.00543967,1,1,0,32,25,4,3,0,0,1,1,6,3,1,1,4,3,1,1,2,0,1,8,0,0,0,0,0,1,0,2026-08-22T05:27:58.262536+00:00
Liga Mexicana 2026/2027,Club León - Atlas FC,2026-07-18T01:00:00+00:00,finished,1,2-3,Club León,Oscar García,G,90,6.6,41,0,0,,0.00037333,0,0,1,32,23,14,5,0,0,0,0,0,0,0,0,0,0,0,0,11,0,0,9,0,0,0,0,4,3,0,2026-08-22T05:27:58.262714+00:00
Liga Mexicana 2026/2027,Club León - Atlas FC,2026-07-18T01:00:00+00:00,finished,1,2-3,Club León,Paul Bellón,D,0,,0,0,0,,,0,0,0,0,0,0,0,0,0,0,0,0,0,0,0,0,0,0,0,0,0,0,0,0,0,0,0,0,0,0,2026-08-22T05:27:58.262961+00:00
Liga Mexicana 2026/2027,Club León - Atlas FC,2026-07-18T01:00:00+00:00,finished,1,2-3,Atlas FC,Paulo Ramírez,M,0,,0,0,0,,,0,0,0,0,0,0,0,0,0,0,0,0,0,0,0,0,0,0,0,0,0,0,0,0,0,0,0,0,0,0,2026-08-22T05:27:58.262671+00:00
Liga Mexicana 2026/2027,Club León - Atlas FC,2026-07-18T01:00:00+00:00,finished,1,2-3,Club León,Rodrigo Echeverría,M,74,6.7,32,0,0,,0.0172463,0,0,0,19,14,2,0,0,0,1,0,6,3,1,1,4,2,0,1,3,0,0,6,1,1,1,0,0,3,0,2026-08-22T05:27:58.262785+00:00
Liga Mexicana 2026/2027,Club León - Atlas FC,2026-07-18T01:00:00+00:00,finished,1,2-3,Atlas FC,Rodrigo Schlegel,D,90,6.1,64,0,0,,0.00355726,0,0,0,50,45,5,2,0,0,0,0,2,1,2,1,0,0,9,2,2,0,0,5,0,0,0,0,0,2,0,2026-08-22T05:27:58.262424+00:00
Liga Mexicana 2026/2027,Club León - Atlas FC,2026-07-18T01:00:00+00:00,finished,1,2-3,Atlas FC,Ryan Mmaee,F,90,6.3,39,0,0,0.297,0.0485902,1,1,2,20,17,1,1,0,0,4,0,2,11,0,2,0,0,1,0,1,0,3,14,2,2,0,0,0,2,0,2026-08-22T05:27:58.262482+00:00
Liga Mexicana 2026/2027,Club León - Atlas FC,2026-07-18T01:00:00+00:00,finished,1,2-3,Club León,Salvador Reyes,D,90,5.8,55,0,0,0.0476,0.044204,1,1,1,31,23,3,2,3,1,2,0,5,8,3,3,2,2,2,3,4,0,2,15,0,0,0,0,0,3,0,2026-08-22T05:27:58.262758+00:00
Liga Mexicana 2026/2027,Club León - Atlas FC,2026-07-18T01:00:00+00:00,finished,1,2-3,Club León,Sebastián Santos,D,55,6.1,40,0,0,0.0293,0.00935399,1,1,1,30,23,3,3,3,0,0,0,1,6,0,0,1,1,0,0,1,0,3,15,0,2,0,0,0,2,0,2026-08-22T05:27:58.262826+00:00
Liga Mexicana 2026/2027,Club León - Atlas FC,2026-07-18T01:00:00+00:00,finished,1,2-3,Club León,Sebastián Vegas,D,90,7.3,58,0,0,,0.0167613,0,0,0,39,32,7,4,0,0,0,0,9,1,1,0,6,3,4,4,2,0,0,7,2,1,0,0,0,3,0,2026-08-22T05:27:58.262743+00:00
Liga Mexicana 2026/2027,Club León - Atlas FC,2026-07-18T01:00:00+00:00,finished,1,2-3,Atlas FC,Sergio Hernandez,M,90,6.8,39,0,0,0.1152,0.0153164,1,0,0,17,11,2,0,0,0,2,0,7,8,2,2,3,3,0,1,4,1,2,16,2,2,0,0,0,2,0,2026-08-22T05:27:58.262389+00:00
Liga Mexicana 2026/2027,Club León - Atlas FC,2026-07-18T01:00:00+00:00,finished,1,2-3,Atlas FC,Victor Rios,M,26,6.7,16,0,0,,0.00227621,0,0,0,14,14,1,1,0,0,0,0,1,1,0,0,1,0,1,0,1,0,0,0,0,1,0,0,0,1,0,2026-08-22T05:27:58.262588+00:00
Liga Mexicana 2026/2027,FC Juárez - Club Puebla,2026-07-18T03:00:00+00:00,finished,1,0-1,FC Juárez,,,0,,0,0,0,,,0,0,0,0,0,0,0,0,0,0,0,0,0,0,0,0,0,0,0,0,0,0,0,0,0,0,0,0,0,0,2026-08-21T05:17:57.712771+00:00
Liga Mexicana 2026/2027,FC Juárez - Club Puebla,2026-07-18T03:00:00+00:00,finished,1,0-1,Club Puebla,Alberto Herrera,M,90,6.6,29,0,1,0.0479,0.00907373,1,1,1,19,19,0,0,1,0,0,0,1,5,0,0,0,0,2,2,2,0,0,2,1,4,0,0,0,0,0,2026-08-22T05:27:58.150230+00:00
Liga Mexicana 2026/2027,FC Juárez - Club Puebla,2026-07-18T03:00:00+00:00,finished,1,0-1,FC Juárez,Alejandro Mayorga,D,90,6.6,82,0,0,,0.0390062,0,0,0,52,42,6,2,4,0,1,0,0,3,0,2,0,0,6,1,4,0,0,22,0,0,0,0,0,1,0,2026-08-22T05:27:58.150510+00:00
Liga Mexicana 2026/2027,FC Juárez - Club Puebla,2026-07-18T03:00:00+00:00,finished,1,0-1,Club Puebla,Alejandro Organista,M,66,6.9,48,0,0,0.0087,0.0844299,1,0,1,34,27,7,5,3,2,0,0,5,3,0,2,4,2,0,0,5,1,0,9,1,1,0,0,0,0,0,2026-08-22T05:27:58.150321+00:00
Liga Mexicana 2026/2027,FC Juárez - Club Puebla,2026-07-18T03:00:00+00:00,finished,1,0-1,Club Puebla,Alonso Ramirez,M,45,6.9,21,0,0,,0.124109,0,0,1,17,13,2,1,0,0,0,0,3,1,3,1,0,0,0,2,1,0,0,5,1,0,0,0,0,0,0,2026-08-22T05:27:58.150360+00:00
Liga Mexicana 2026/2027,FC Juárez - Club Puebla,2026-07-18T03:00:00+00:00,finished,1,0-1,Club Puebla,Angel Leyva,D,24,6.6,6,0,0,,0.00023108,0,0,0,2,0,0,0,0,0,0,0,2,3,0,1,2,2,0,0,0,0,0,2,0,1,0,0,0,0,0,2026-08-22T05:27:58.150371+00:00
Liga Mexicana 2026/2027,FC Juárez - Club Puebla,2026-07-18T03:00:00+00:00,finished,1,0-1,Club Puebla,Carlos Baltazar,M,0,,0,0,0,,,0,0,0,0,0,0,0,0,0,0,0,0,0,0,0,0,0,0,0,0,0,0,0,0,0,0,0,0,0,0,2026-08-22T05:27:58.150408+00:00
Liga Mexicana 2026/2027,FC Juárez - Club Puebla,2026-07-18T03:00:00+00:00,finished,1,0-1,Club Puebla,Daniel Gutierrez,G,90,6.5,32,0,0,,0.0020116,0,0,0,28,7,24,3,0,0,0,0,1,0,0,0,0,0,0,0,4,0,0,21,1,0,0,0,1,0,0,2026-08-22T05:27:58.150085+00:00
Liga Mexicana 2026/2027,FC Juárez - Club Puebla,2026-07-18T03:00:00+00:00,finished,1,0-1,FC Juárez,Denzell Garcia,M,83,7.2,77,0,0,0.0174,0.0313291,1,0,1,66,61,8,7,0,0,2,1,4,2,2,0,0,0,1,1,8,0,1,7,1,0,0,0,0,1,0,2026-08-22T05:27:58.150549+00:00
Liga Mexicana 2026/2027,FC Juárez - Club Puebla,2026-07-18T03:00:00+00:00,finished,1,0-1,Club Puebla,Eduardo Mustre,F,9,6.4,4,0,0,,1.277e-05,0,0,0,3,2,0,0,0,0,0,0,0,1,0,1,0,0,0,0,1,0,0,1,0,0,0,0,0,0,0,2026-08-22T05:27:58.150384+00:00
Liga Mexicana 2026/2027,FC Juárez - Club Puebla,2026-07-18T03:00:00+00:00,finished,1,0-1,Club Puebla,Emiliano Gómez,M,90,6.8,41,0,0,0.0496,0.0806648,2,1,3,20,15,2,0,1,1,4,1,6,8,1,2,4,3,0,0,3,1,2,13,0,2,0,0,0,0,0,2026-08-22T05:27:58.150038+00:00
Liga Mexicana 2026/2027,FC Juárez - Club Puebla,2026-07-18T03:00:00+00:00,finished,1,0-1,FC Juárez,Ettson Ayón,F,0,,0,0,0,,,0,0,0,0,0,0,0,0,0,0,0,0,0,0,0,0,0,0,0,0,0,0,0,0,0,0,0,0,0,0,2026-08-22T05:27:58.150729+00:00
Liga Mexicana 2026/2027,FC Juárez - Club Puebla,2026-07-18T03:00:00+00:00,finished,1,0-1,Club Puebla,Facundo Almada,D,90,7.0,37,0,0,0.5321,0.00235991,2,0,0,26,17,10,2,0,0,0,0,3,1,3,1,0,0,8,0,1,0,0,9,0,0,0,0,0,0,0,2026-08-22T05:27:58.150071+00:00
Liga Mexicana 2026/2027,FC Juárez - Club Puebla,2026-07-18T03:00:00+00:00,finished,1,0-1,Club Puebla,Fernando Monarrez,D,90,6.5,52,0,0,0.0133,0.00552336,1,0,1,28,22,4,1,0,0,3,2,6,10,1,3,1,0,5,2,4,0,0,11,2,4,0,0,0,0,0,2026-08-22T05:27:58.149135+00:00
Liga Mexicana 2026/2027,FC Juárez - Club Puebla,2026-07-18T03:00:00+00:00,finished,1,0-1,FC Juárez,Francisco Nevarez,D,32,6.9,24,0,0,,0.0587769,0,0,1,16,15,0,0,2,1,1,0,4,4,2,1,2,1,0,0,2,0,1,4,1,1,0,0,0,0,0,2026-08-22T05:27:58.150642+00:00
Liga Mexicana 2026/2027,FC Juárez - Club Puebla,2026-07-18T03:00:00+00:00,finished,1,0-1,FC Juárez,Gilberto Sepúlveda,D,0,,0,0,0,,,0,0,0,0,0,0,0,0,0,0,0,0,0,0,0,0,0,0,0,0,0,0,0,0,0,0,0,0,0,0,2026-08-22T05:27:58.150705+00:00
Liga Mexicana 2026/2027,FC Juárez - Club Puebla,2026-07-18T03:00:00+00:00,finished,1,0-1,FC Juárez,Guilherme Castilho,M,90,6.7,57,0,0,0.0659,0.0678651,1,0,2,41,35,4,2,4,1,1,0,6,6,1,2,3,2,0,1,1,0,0,10,2,3,1,0,0,1,0,2026-08-22T05:27:58.150523+00:00
Liga Mexicana 2026/2027,FC Juárez - Club Puebla,2026-07-18T03:00:00+00:00,finished,1,0-1,FC Juárez,Guillermo Ruiz,G,0,,0,0,0,,,0,0,0,0,0,0,0,0,0,0,0,0,0,0,0,0,0,0,0,0,0,0,0,0,0,0,0,0,0,0,2026-08-22T05:27:58.150692+00:00
Liga Mexicana 2026/2027,FC Juárez - Club Puebla,2026-07-18T03:00:00+00:00,finished,1,0-1,FC Juárez,Haret Ortega,D,90,7.5,72,0,0,,0.00700628,0,0,0,59,54,1,1,0,0,0,0,10,1,7,0,1,0,4,1,1,0,0,5,2,1,0,0,0,1,0,2026-08-22T05:27:58.150497+00:00
Liga Mexicana 2026/2027,FC Juárez - Club Puebla,2026-07-18T03:00:00+00:00,finished,1,0-1,Club Puebla,Ignacio Maestro Puch,F,81,7.5,27,1,0,0.43,0.00232155,4,3,0,8,5,0,0,1,0,1,1,5,9,3,6,1,0,0,0,0,0,0,9,0,7,1,0,0,0,0,2026-08-22T05:27:58.150307+00:00
Liga Mexicana 2026/2027,FC Juárez - Club Puebla,2026-07-18T03:00:00+00:00,finished,1,0-1,Club Puebla,Iker Moreno,D,64,5.9,27,0,0,,0.00577498,0,0,0,20,18,2,1,1,0,0,0,1,5,0,2,1,1,1,0,4,0,0,4,0,1,0,1,0,0,0,2026-08-22T05:27:58.150335+00:00
Liga Mexicana 2026/2027,FC Juárez - Club Puebla,2026-07-18T03:00:00+00:00,finished,1,0-1,FC Juárez,Jairo Torres,F,32,6.5,22,0,0,0.3342,0.00464157,3,0,0,12,10,0,0,1,0,1,1,3,3,0,1,0,0,0,0,1,1,1,5,2,1,0,0,0,0,0,2026-08-22T05:27:58.150655+00:00
Liga Mexicana 2026/2027,FC Juárez - Club Puebla,2026-07-18T03:00:00+00:00,finished,1,0-1,FC Juárez,Jan Carmona,M,0,,0,0,0,,,0,0,0,0,0,0,0,0,0,0,0,0,0,0,0,0,0,0,0,0,0,0,0,0,0,0,0,0,0,0,2026-08-22T05:27:58.150741+00:00
Liga Mexicana 2026/2027,FC Juárez - Club Puebla,2026-07-18T03:00:00+00:00,finished,1,0-1,FC Juárez,Javier Aquino,D,58,7.2,66,0,0,,0.0172111,0,0,0,40,36,7,5,2,0,0,0,7,2,2,2,2,0,6,0,1,0,0,10,3,0,0,0,0,1,0,2026-08-22T05:27:58.150604+00:00
Liga Mexicana 2026/2027,FC Juárez - Club Puebla,2026-07-18T03:00:00+00:00,finished,1,0-1,FC Juárez,Jesús Murillo,D,90,6.5,71,0,0,0.168,0.00907269,3,0,0,58,47,6,1,0,0,0,0,5,1,4,1,0,0,5,1,2,1,0,11,1,0,0,0,0,1,0,2026-08-22T05:27:58.150484+00:00
Liga Mexicana 2026/2027,FC Juárez - Club Puebla,2026-07-18T03:00:00+00:00,finished,1,0-1,Club Puebla,Jesús Rodríguez,G,0,,0,0,0,,,0,0,0,0,0,0,0,0,0,0,0,0,0,0,0,0,0,0,0,0,0,0,0,0,0,0,0,0,0,0,2026-08-22T05:27:58.150420+00:00
Liga Mexicana 2026/2027,FC Juárez - Club Puebla,2026-07-18T03:00:00+00:00,finished,1,0-1,FC Juárez,José Luis Rodríguez,M,45,7.1,35,0,0,,0.196732,0,0,2,19,17,2,1,9,2,2,1,4,3,1,1,1,1,0,0,1,0,1,11,1,0,0,0,0,0,0,2026-08-22T05:27:58.150630+00:00
Liga Mexicana 2026/2027,FC Juárez - Club Puebla,2026-07-18T03:00:00+00:00,finished,1,0-1,Club Puebla,Juan Pablo Vargas,D,90,7.0,42,0,0,,0.00746913,0,0,0,32,24,8,3,0,0,0,0,0,0,0,0,0,0,7,1,4,0,0,9,0,0,0,0,0,0,0,2026-08-22T05:27:58.150055+00:00
Liga Mexicana 2026/2027,FC Juárez - Club Puebla,2026-07-18T03:00:00+00:00,finished,1,0-1,Club Puebla,Kevin Velasco,F,87,6.4,44,0,0,0.0231,0.131589,1,0,2,18,16,3,1,8,3,2,1,3,10,2,6,0,0,2,1,0,1,2,14,0,1,0,0,0,0,0,2026-08-22T05:27:58.150254+00:00
Liga Mexicana 2026/2027,FC Juárez - Club Puebla,2026-07-18T03:00:00+00:00,finished,1,0-1,FC Juárez,Luca Martínez Dupuy,F,31,6.4,2,0,0,,,0,0,0,0,0,0,0,0,0,1,0,0,1,0,0,0,0,0,0,0,0,0,1,0,0,0,0,0,0,0,2026-08-22T05:27:58.150667+00:00
Liga Mexicana 2026/2027,FC Juárez - Club Puebla,2026-07-18T03:00:00+00:00,finished,1,0-1,FC Juárez,Lucas Romero,M,7,,1,0,0,,,0,0,0,1,0,0,0,0,0,0,0,1,0,1,0,0,0,0,0,0,0,0,1,0,0,0,0,0,0,0,2026-08-22T05:27:58.150680+00:00
Liga Mexicana 2026/2027,FC Juárez - Club Puebla,2026-07-18T03:00:00+00:00,finished,1,0-1,FC Juárez,Madson de Souza Silva,M,45,6.5,30,0,0,0.0441,0.111899,1,1,1,19,15,2,0,2,1,1,0,3,4,1,0,1,1,0,0,2,0,1,10,1,1,0,0,0,1,0,2026-08-22T05:27:58.150617+00:00
Liga Mexicana 2026/2027,FC Juárez - Club Puebla,2026-07-18T03:00:00+00:00,finished,1,0-1,Club Puebla,Mathías Tomás,M,0,,0,0,0,,,0,0,0,0,0,0,0,0,0,0,0,0,0,0,0,0,0,0,0,0,0,0,0,0,0,0,0,0,0,0,2026-08-22T05:27:58.150457+00:00
Liga Mexicana 2026/2027,FC Juárez - Club Puebla,2026-07-18T03:00:00+00:00,finished,1,0-1,FC Juárez,Monchu,M,58,6.6,34,0,0,0.0613,0.230656,1,0,1,29,26,4,4,1,0,1,0,1,3,1,0,0,0,0,0,3,0,1,6,0,1,0,0,0,1,0,2026-08-22T05:27:58.150589+00:00
Liga Mexicana 2026/2027,FC Juárez - Club Puebla,2026-07-18T03:00:00+00:00,finished,1,0-1,Club Puebla,Omar Moreno,M,0,,0,0,0,,,0,0,0,0,0,0,0,0,0,0,0,0,0,0,0,0,0,0,0,0,0,0,0,0,0,0,0,0,0,0,2026-08-22T05:27:58.150445+00:00
Liga Mexicana 2026/2027,FC Juárez - Club Puebla,2026-07-18T03:00:00+00:00,finished,1,0-1,FC Juárez,Raymundo Fulgencio,M,0,,0,0,0,,,0,0,0,0,0,0,0,0,0,0,0,0,0,0,0,0,0,0,0,0,0,0,0,0,0,0,0,0,0,0,2026-08-22T05:27:58.150717+00:00
Liga Mexicana 2026/2027,FC Juárez - Club Puebla,2026-07-18T03:00:00+00:00,finished,1,0-1,Club Puebla,Raúl Castillo,M,0,,0,0,0,,,0,0,0,0,0,0,0,0,0,0,0,0,0,0,0,0,0,0,0,0,0,0,0,0,0,0,0,0,0,0,2026-08-22T05:27:58.150432+00:00
Liga Mexicana 2026/2027,FC Juárez - Club Puebla,2026-07-18T03:00:00+00:00,finished,1,0-1,FC Juárez,Ricardinho,M,90,7.0,61,0,0,0.2188,0.0484176,3,0,1,38,31,5,0,3,1,4,4,9,4,1,1,0,0,2,0,4,0,0,11,4,1,0,0,0,1,0,2026-08-22T05:27:58.150471+00:00
Liga Mexicana 2026/2027,FC Juárez - Club Puebla,2026-07-18T03:00:00+00:00,finished,1,0-1,FC Juárez,Sebastián Jurado,G,90,6.9,33,0,0,,0.00101749,0,0,0,20,18,3,1,0,0,0,0,1,1,1,0,0,0,2,0,9,0,0,3,0,0,0,0,4,1,2,2026-08-22T05:27:58.150537+00:00
Liga Mexicana 2026/2027,FC Juárez - Club Puebla,2026-07-18T03:00:00+00:00,finished,1,0-1,Club Puebla,Sergio Sanabria,M,45,7.0,23,0,0,0.0684,0.0013762,1,0,0,12,9,1,0,0,0,0,0,4,1,1,0,1,0,3,2,2,1,0,3,2,0,0,0,0,0,0,2026-08-22T05:27:58.150347+00:00
Liga Mexicana 2026/2027,FC Juárez - Club Puebla,2026-07-18T03:00:00+00:00,finished,1,0-1,FC Juárez,Óscar Estupiñán,F,59,6.3,15,0,0,,0.00586935,0,0,0,13,7,2,1,0,0,0,0,1,4,1,4,0,0,0,0,1,0,0,7,0,0,0,0,0,1,0,2026-08-22T05:27:58.150563+00:00
Liga Mexicana 2026/2027,FC Juárez - Club Puebla,2026-07-18T03:00:00+00:00,finished,1,0-1,Club Puebla,Óscar Villa,D,9,6.7,2,0,0,,,0,0,0,0,0,0,0,0,0,1,0,2,2,1,0,0,0,0,0,0,0,0,1,1,1,0,0,0,0,0,2026-08-22T05:27:58.150396+00:00
Liga Mexicana 2026/2027,Pumas UNAM - CF Pachuca,2026-07-18T23:00:00+00:00,finished,1,0-3,CF Pachuca,,,0,,0,0,0,,,0,0,0,0,0,0,0,0,0,0,0,0,0,0,0,0,0,0,0,0,0,0,0,0,0,0,0,0,0,0,2026-08-21T05:17:57.740575+00:00
Liga Mexicana 2026/2027,Pumas UNAM - CF Pachuca,2026-07-18T23:00:00+00:00,finished,1,0-3,CF Pachuca,Alan Bautista,M,12,6.7,4,0,0,,0.00145373,0,0,0,2,1,0,0,0,0,0,0,1,0,0,0,1,1,0,0,0,0,0,1,0,0,0,0,0,0,0,2026-08-22T05:27:58.297962+00:00
Liga Mexicana 2026/2027,Pumas UNAM - CF Pachuca,2026-07-18T23:00:00+00:00,finished,1,0-3,Pumas UNAM,Alan Medina,M,52,7.1,44,0,0,0.0486,0.0334291,2,0,1,32,27,3,2,3,1,1,1,3,2,0,0,0,0,0,0,3,1,2,10,2,0,0,0,0,1,0,2026-08-22T05:27:58.297451+00:00
Liga Mexicana 2026/2027,Pumas UNAM - CF Pachuca,2026-07-18T23:00:00+00:00,finished,1,0-3,CF Pachuca,Alan Mozo,D,85,7.0,53,0,0,,0.0172359,0,0,0,30,25,6,3,3,0,3,3,5,7,0,1,2,1,3,0,6,0,1,11,0,1,0,0,0,0,0,2026-08-22T05:27:58.297875+00:00
Liga Mexicana 2026/2027,Pumas UNAM - CF Pachuca,2026-07-18T23:00:00+00:00,finished,1,0-3,CF Pachuca,Alexei Domínguez,M,25,6.5,27,0,0,0.0577,0.0200636,1,0,0,12,8,0,0,0,0,3,1,6,4,0,1,3,2,1,1,3,0,0,8,2,1,0,0,0,0,0,2026-08-22T05:27:58.297947+00:00
Liga Mexicana 2026/2027,Pumas UNAM - CF Pachuca,2026-07-18T23:00:00+00:00,finished,1,0-3,Pumas UNAM,Angel Azuaje,D,0,,0,0,0,,,0,0,0,0,0,0,0,0,0,0,0,0,0,0,0,0,0,0,0,0,0,0,0,0,0,0,0,0,0,0,2026-08-22T05:27:58.297691+00:00
Liga Mexicana 2026/2027,Pumas UNAM - CF Pachuca,2026-07-18T23:00:00+00:00,finished,1,0-3,Pumas UNAM,Antonio Leone,D,0,,0,0,0,,,0,0,0,0,0,0,0,0,0,0,0,0,0,0,0,0,0,0,0,0,0,0,0,0,0,0,0,0,0,0,2026-08-22T05:27:58.297759+00:00
Liga Mexicana 2026/2027,Pumas UNAM - CF Pachuca,2026-07-18T23:00:00+00:00,finished,1,0-3,CF Pachuca,Carlos Moreno,G,97,7.5,52,0,0,,0.00267461,0,0,0,33,21,23,11,0,0,0,0,2,0,0,0,0,0,2,0,11,0,0,13,2,0,0,0,2,0,0,2026-08-22T05:27:58.297801+00:00
Liga Mexicana 2026/2027,Pumas UNAM - CF Pachuca,2026-07-18T23:00:00+00:00,finished,1,0-3,CF Pachuca,Carlos Sánchez,D,12,6.7,5,0,0,,0.0135873,0,0,0,5,3,1,0,0,0,0,0,0,0,0,0,0,0,0,0,0,0,0,2,0,0,0,0,0,0,0,2026-08-22T05:27:58.297976+00:00
Liga Mexicana 2026/2027,Pumas UNAM - CF Pachuca,2026-07-18T23:00:00+00:00,finished,1,0-3,CF Pachuca,Christian Rivera,M,97,7.2,62,0,0,,0.0111935,0,0,0,43,35,5,1,0,0,0,0,10,4,1,1,7,3,2,2,3,0,2,12,2,1,0,0,0,0,0,2026-08-22T05:27:58.297846+00:00
Liga Mexicana 2026/2027,Pumas UNAM - CF Pachuca,2026-07-18T23:00:00+00:00,finished,1,0-3,Pumas UNAM,Cristian Calderón,D,16,6.4,14,0,0,,0.00087754,0,0,0,9,9,0,0,2,0,0,0,0,3,0,0,0,0,0,0,0,0,2,4,0,0,0,0,0,0,0,2026-08-22T05:27:58.297663+00:00
Liga Mexicana 2026/2027,Pumas UNAM - CF Pachuca,2026-07-18T23:00:00+00:00,finished,1,0-3,CF Pachuca,Eduardo Bauermann,D,97,7.1,32,0,0,,0.00191541,0,0,0,19,17,0,0,0,0,0,0,5,2,2,2,3,3,4,0,2,0,0,3,0,0,0,0,0,0,0,2026-08-22T05:27:58.297816+00:00
Liga Mexicana 2026/2027,Pumas UNAM - CF Pachuca,2026-07-18T23:00:00+00:00,finished,1,0-3,CF Pachuca,Elías Montiel,M,85,8.6,50,1,1,0.0351,0.102078,2,1,2,34,28,5,3,1,1,2,2,5,2,1,0,1,1,0,2,6,1,1,9,1,0,0,0,0,0,0,2026-08-22T05:27:58.297889+00:00
Liga Mexicana 2026/2027,Pumas UNAM - CF Pachuca,2026-07-18T23:00:00+00:00,finished,1,0-3,CF Pachuca,Francisco Venegas,D,92,6.9,76,0,0,0.1607,0.0863297,3,1,0,44,32,7,1,5,2,1,1,3,3,1,1,1,1,1,5,1,1,0,17,0,1,0,0,0,0,0,2026-08-22T05:27:58.297861+00:00
Liga Mexicana 2026/2027,Pumas UNAM - CF Pachuca,2026-07-18T23:00:00+00:00,finished,1,0-3,CF Pachuca,Gael Álvarez,M,0,,0,0,0,,,0,0,0,0,0,0,0,0,0,0,0,0,0,0,0,0,0,0,0,0,0,0,0,0,0,0,0,0,0,0,2026-08-22T05:27:58.298061+00:00
Liga Mexicana 2026/2027,Pumas UNAM - CF Pachuca,2026-07-18T23:00:00+00:00,finished,1,0-3,Pumas UNAM,Guillermo Martínez,F,28,6.5,4,0,0,,,0,0,0,1,0,0,0,0,0,0,0,1,1,0,0,1,0,0,0,0,0,1,2,0,0,0,0,0,1,0,2026-08-22T05:27:58.297650+00:00
Liga Mexicana 2026/2027,Pumas UNAM - CF Pachuca,2026-07-18T23:00:00+00:00,finished,1,0-3,CF Pachuca,Illian Hernandez,F,0,,0,0,0,,,0,0,0,0,0,0,0,0,0,0,0,0,0,0,0,0,0,0,0,0,0,0,0,0,0,0,0,0,0,0,2026-08-22T05:27:58.298033+00:00
Liga Mexicana 2026/2027,Pumas UNAM - CF Pachuca,2026-07-18T23:00:00+00:00,finished,1,0-3,CF Pachuca,Jorge Berlanga,D,0,,0,0,0,,,0,0,0,0,0,0,0,0,0,0,0,0,0,0,0,0,0,0,0,0,0,0,0,0,0,0,0,0,0,0,2026-08-22T05:27:58.298005+00:00
Liga Mexicana 2026/2027,Pumas UNAM - CF Pachuca,2026-07-18T23:00:00+00:00,finished,1,0-3,CF Pachuca,Jose Eulogio,G,0,,0,0,0,,,0,0,0,0,0,0,0,0,0,0,0,0,0,0,0,0,0,0,0,0,0,0,0,0,0,0,0,0,0,0,2026-08-22T05:27:58.298019+00:00
Liga Mexicana 2026/2027,Pumas UNAM - CF Pachuca,2026-07-18T23:00:00+00:00,finished,1,0-3,Pumas UNAM,Juninho,F,97,6.2,25,0,0,,0.0117804,0,0,0,10,8,1,0,0,0,4,2,6,16,2,6,1,1,0,0,2,0,3,8,1,3,0,0,0,3,0,2026-08-22T05:27:58.297323+00:00
Liga Mexicana 2026/2027,Pumas UNAM - CF Pachuca,2026-07-18T23:00:00+00:00,finished,1,0-3,CF Pachuca,Kenedy,M,72,6.9,32,0,0,0.0155,0.0595198,1,0,1,16,14,0,0,0,0,5,3,5,4,0,0,0,0,0,1,4,0,2,9,2,0,0,0,0,0,0,2026-08-22T05:27:58.297918+00:00
Liga Mexicana 2026/2027,Pumas UNAM - CF Pachuca,2026-07-18T23:00:00+00:00,finished,1,0-3,Pumas UNAM,Keylor Navas,G,97,6.4,54,0,0,,0.00240141,0,0,0,47,38,18,9,0,0,0,0,0,0,0,0,0,0,1,0,8,0,0,9,0,0,0,0,3,3,0,2026-08-22T05:27:58.297340+00:00
Liga Mexicana 2026/2027,Pumas UNAM - CF Pachuca,2026-07-18T23:00:00+00:00,finished,1,0-3,Pumas UNAM,Kleber Carranza,D,0,,0,0,0,,,0,0,0,0,0,0,0,0,0,0,0,0,0,0,0,0,0,0,0,0,0,0,0,0,0,0,0,0,0,0,2026-08-07T05:38:32.287175+00:00
Liga Mexicana 2026/2027,Pumas UNAM - CF Pachuca,2026-07-18T23:00:00+00:00,finished,1,0-3,Pumas UNAM,Kléber Carranza,D,0,,0,0,0,,,0,0,0,0,0,0,0,0,0,0,0,0,0,0,0,0,0,0,0,0,0,0,0,0,0,0,0,0,0,0,2026-08-22T05:27:58.297678+00:00
Liga Mexicana 2026/2027,Pumas UNAM - CF Pachuca,2026-07-18T23:00:00+00:00,finished,1,0-3,CF Pachuca,Mauricio Isais,D,5,,5,0,0,,0.00034313,0,0,0,4,2,1,0,0,0,0,0,1,0,0,0,1,1,0,0,1,0,0,2,0,0,0,0,0,0,0,2026-08-22T05:27:58.297991+00:00
Liga Mexicana 2026/2027,Pumas UNAM - CF Pachuca,2026-07-18T23:00:00+00:00,finished,1,0-3,Pumas UNAM,Nathan Silva,D,97,6.1,93,0,0,,0.0083886,0,0,0,80,75,8,5,1,0,0,0,3,3,1,2,2,2,5,1,4,0,0,6,0,1,0,0,0,3,0,2026-08-22T05:27:58.297370+00:00
Liga Mexicana 2026/2027,Pumas UNAM - CF Pachuca,2026-07-18T23:00:00+00:00,finished,1,0-3,CF Pachuca,Nicolás Vallejo,F,25,6.6,11,0,0,,0.013084,0,0,0,9,9,0,0,0,0,0,0,0,0,0,0,0,0,0,1,2,0,0,0,0,0,0,0,0,0,0,2026-08-22T05:27:58.297933+00:00
Liga Mexicana 2026/2027,Pumas UNAM - CF Pachuca,2026-07-18T23:00:00+00:00,finished,1,0-3,CF Pachuca,Oussama Idrissi,M,97,7.6,62,0,1,0.0844,0.290431,1,0,2,38,34,3,2,4,1,4,2,7,3,0,0,4,3,0,0,3,1,0,14,1,1,0,0,0,0,0,2026-08-22T05:27:58.297774+00:00
Liga Mexicana 2026/2027,Pumas UNAM - CF Pachuca,2026-07-18T23:00:00+00:00,finished,1,0-3,Pumas UNAM,Pablo Bennevendo,D,0,,0,0,0,,,0,0,0,0,0,0,0,0,0,0,0,0,0,0,0,0,0,0,0,0,0,0,0,0,0,0,0,0,0,0,2026-08-22T05:27:58.297743+00:00
Liga Mexicana 2026/2027,Pumas UNAM - CF Pachuca,2026-07-18T23:00:00+00:00,finished,1,0-3,Pumas UNAM,Pablo Lara,G,0,,0,0,0,,,0,0,0,0,0,0,0,0,0,0,0,0,0,0,0,0,0,0,0,0,0,0,0,0,0,0,0,0,0,0,2026-08-22T05:27:58.297723+00:00
Liga Mexicana 2026/2027,Pumas UNAM - CF Pachuca,2026-07-18T23:00:00+00:00,finished,1,0-3,Pumas UNAM,Pedro Vite,M,97,6.7,91,0,0,,0.0261834,0,0,1,81,72,5,3,0,0,1,1,5,5,2,1,2,1,1,2,10,0,0,11,0,2,1,0,0,3,0,2026-08-22T05:27:58.297403+00:00
Liga Mexicana 2026/2027,Pumas UNAM - CF Pachuca,2026-07-18T23:00:00+00:00,finished,1,0-3,Pumas UNAM,Robert Morales,F,97,6.6,32,0,0,0.1434,0.0490829,2,0,0,16,15,2,2,1,0,2,1,5,5,3,1,1,1,0,0,1,1,2,7,0,1,0,0,0,3,0,2026-08-22T05:27:58.297259+00:00
Liga Mexicana 2026/2027,Pumas UNAM - CF Pachuca,2026-07-18T23:00:00+00:00,finished,1,0-3,CF Pachuca,Rodolfo Pizarro,M,72,6.6,45,0,0,0.0292,0.068113,1,1,2,27,21,0,0,2,1,2,1,2,4,1,2,0,0,0,0,3,0,0,13,0,0,0,0,0,0,0,2026-08-22T05:27:58.297904+00:00
Liga Mexicana 2026/2027,Pumas UNAM - CF Pachuca,2026-07-18T23:00:00+00:00,finished,1,0-3,Pumas UNAM,Rodrigo Lopez,D,97,6.2,85,0,0,,0.111075,0,0,2,53,42,8,4,7,1,3,1,2,5,0,1,1,1,3,0,5,0,1,25,0,0,0,0,0,3,0,2026-08-22T05:27:58.297355+00:00
Liga Mexicana 2026/2027,Pumas UNAM - CF Pachuca,2026-07-18T23:00:00+00:00,finished,1,0-3,Pumas UNAM,Rubén Duarte,D,97,7.1,101,0,0,,0.0276852,0,0,1,89,87,11,11,0,0,0,0,3,2,2,2,1,0,6,0,1,0,0,3,0,0,0,0,0,3,0,2026-08-22T05:27:58.297387+00:00
Liga Mexicana 2026/2027,Pumas UNAM - CF Pachuca,2026-07-18T23:00:00+00:00,finished,1,0-3,CF Pachuca,Salomón Rondón,F,97,8.9,22,2,0,0.762,0.0266861,5,3,1,15,12,1,0,0,0,0,0,5,2,5,2,0,0,1,0,1,1,0,4,0,0,0,0,0,0,0,2026-08-22T05:27:58.297788+00:00
Liga Mexicana 2026/2027,Pumas UNAM - CF Pachuca,2026-07-18T23:00:00+00:00,finished,1,0-3,Pumas UNAM,Santiago López,F,0,,0,0,0,,,0,0,0,0,0,0,0,0,0,0,0,0,0,0,0,0,0,0,0,0,0,0,0,0,0,0,0,0,0,0,2026-08-22T05:27:58.297706+00:00
Liga Mexicana 2026/2027,Pumas UNAM - CF Pachuca,2026-07-18T23:00:00+00:00,finished,1,0-3,Pumas UNAM,Santiago Trigos,M,45,6.6,39,0,0,,0.0219862,0,0,0,34,28,2,2,0,0,0,0,2,3,0,0,1,0,0,0,1,0,1,9,1,0,0,0,0,2,0,2026-08-22T05:27:58.297618+00:00
Liga Mexicana 2026/2027,Pumas UNAM - CF Pachuca,2026-07-18T23:00:00+00:00,finished,1,0-3,Pumas UNAM,Sebastián Córdova,M,69,6.1,42,0,0,0.0118,0.157082,1,0,3,22,16,1,1,10,2,0,0,3,7,0,2,2,1,0,0,2,0,3,18,1,0,0,0,0,2,0,2026-08-22T05:27:58.297433+00:00
Liga Mexicana 2026/2027,Pumas UNAM - CF Pachuca,2026-07-18T23:00:00+00:00,finished,1,0-3,CF Pachuca,Sergio Barreto,D,97,7.3,40,0,0,0.0083,0.00178018,1,0,0,22,20,1,1,0,0,0,0,5,2,5,0,0,0,13,1,1,1,1,3,0,0,0,0,0,0,0,2026-08-22T05:27:58.297831+00:00
Liga Mexicana 2026/2027,Pumas UNAM - CF Pachuca,2026-07-18T23:00:00+00:00,finished,1,0-3,CF Pachuca,Sergio Rodríguez,M,0,,0,0,0,,,0,0,0,0,0,0,0,0,0,0,0,0,0,0,0,0,0,0,0,0,0,0,0,0,0,0,0,0,0,0,2026-08-22T05:27:58.298047+00:00
Liga Mexicana 2026/2027,Pumas UNAM - CF Pachuca,2026-07-18T23:00:00+00:00,finished,1,0-3,Pumas UNAM,Stanley García,M,45,6.2,25,0,0,0.0456,0.0112621,3,1,0,14,10,0,0,0,0,2,0,2,5,1,0,1,1,1,0,0,0,0,7,0,0,0,0,0,2,0,2026-08-22T05:27:58.297636+00:00
Liga Mexicana 2026/2027,Pumas UNAM - CF Pachuca,2026-07-18T23:00:00+00:00,finished,1,0-3,Pumas UNAM,Victor Arteaga,M,52,6.5,38,0,0,,0.0312685,0,0,0,31,26,5,2,1,0,0,0,2,2,1,0,1,0,0,0,4,0,0,9,0,2,0,0,0,1,0,2026-08-22T05:27:58.297598+00:00
Liga Mexicana 2026/2027,Pumas UNAM - CF Pachuca,2026-07-18T23:00:00+00:00,finished,1,0-3,Pumas UNAM,Álvaro Angulo,D,81,6.0,63,0,0,0.045,0.0240444,1,1,0,42,36,4,2,4,0,3,2,2,3,0,0,0,0,4,1,4,0,1,14,0,1,0,0,0,3,0,2026-08-22T05:27:58.297418+00:00
Liga Mexicana 2026/2027,CF Monterrey - Santos Laguna,2026-07-19T01:05:00+00:00,finished,1,3-2,CF Monterrey,,,0,,0,0,0,,,0,0,0,0,0,0,0,0,0,0,0,0,0,0,0,0,0,0,0,0,0,0,0,0,0,0,0,0,0,0,2026-08-22T05:27:58.262251+00:00
Liga Mexicana 2026/2027,CF Monterrey - Santos Laguna,2026-07-19T01:05:00+00:00,finished,1,3-2,Santos Laguna,Aldo Lopez Vargas,M,8,6.7,2,0,0,,0.00014834,0,0,0,1,1,0,0,0,0,0,0,1,0,0,0,0,0,0,0,0,0,0,0,1,0,0,0,0,0,0,2026-08-22T05:27:58.261849+00:00
Liga Mexicana 2026/2027,CF Monterrey - Santos Laguna,2026-07-19T01:05:00+00:00,finished,1,3-2,CF Monterrey,Alonso Aceves,D,90,6.5,62,0,0,,0.0087217,0,0,0,50,46,6,4,0,0,0,0,4,4,2,3,2,1,5,1,2,0,0,5,0,1,0,0,0,2,0,2026-08-22T05:27:58.262011+00:00
Liga Mexicana 2026/2027,CF Monterrey - Santos Laguna,2026-07-19T01:05:00+00:00,finished,1,3-2,Santos Laguna,Carlos Acevedo,G,90,7.5,55,0,0,,0.00087902,0,0,0,39,32,14,7,0,0,0,0,2,0,0,0,0,0,1,0,10,0,0,7,2,0,0,0,10,3,0,2026-08-22T05:27:58.261680+00:00
Liga Mexicana 2026/2027,CF Monterrey - Santos Laguna,2026-07-19T01:05:00+00:00,finished,1,3-2,Santos Laguna,Carlos Gruezo,M,82,6.6,40,0,0,0.1457,0.00496987,1,0,0,30,24,4,1,0,0,0,0,5,3,0,0,5,3,1,1,3,0,0,7,0,2,0,0,0,3,0,2026-08-22T05:27:58.261711+00:00
Liga Mexicana 2026/2027,CF Monterrey - Santos Laguna,2026-07-19T01:05:00+00:00,finished,1,3-2,CF Monterrey,Cesar Garza,M,0,,0,0,0,,,0,0,0,0,0,0,0,0,0,0,0,0,0,0,0,0,0,0,0,0,0,0,0,0,0,0,0,0,0,0,2026-08-22T05:27:58.262234+00:00
Liga Mexicana 2026/2027,CF Monterrey - Santos Laguna,2026-07-19T01:05:00+00:00,finished,1,3-2,CF Monterrey,Cristian Reyes,F,0,,0,0,0,,,0,0,0,0,0,0,0,0,0,0,0,0,0,0,0,0,0,0,0,0,0,0,0,0,0,0,0,0,0,0,2026-08-12T05:17:08.555704+00:00
Liga Mexicana 2026/2027,CF Monterrey - Santos Laguna,2026-07-19T01:05:00+00:00,finished,1,3-2,CF Monterrey,César Ramos,G,0,,0,0,0,,,0,0,0,0,0,0,0,0,0,0,0,0,0,0,0,0,0,0,0,0,0,0,0,0,0,0,0,0,0,0,2026-08-22T05:27:58.262206+00:00
Liga Mexicana 2026/2027,CF Monterrey - Santos Laguna,2026-07-19T01:05:00+00:00,finished,1,3-2,Santos Laguna,Diego González,F,60,6.1,32,0,0,0.1876,0.21187,2,1,0,19,15,2,2,1,0,4,0,3,7,1,2,1,1,0,0,4,1,1,11,1,0,0,0,0,3,0,2026-08-22T05:27:58.261772+00:00
Liga Mexicana 2026/2027,CF Monterrey - Santos Laguna,2026-07-19T01:05:00+00:00,finished,1,3-2,Santos Laguna,Diego Medina,M,8,6.6,7,0,0,0.3192,0.00120574,1,0,0,4,4,0,0,0,0,0,0,3,1,1,0,2,1,0,0,0,0,0,0,0,0,0,0,0,0,0,2026-08-22T05:27:58.261834+00:00
Liga Mexicana 2026/2027,CF Monterrey - Santos Laguna,2026-07-19T01:05:00+00:00,finished,1,3-2,CF Monterrey,Diego Rossi,F,89,6.8,35,0,1,0.512,0.121552,4,1,2,20,15,3,2,2,0,2,2,3,5,0,3,0,0,0,0,4,1,2,11,1,0,0,0,0,1,0,2026-08-22T05:27:58.262055+00:00
Liga Mexicana 2026/2027,CF Monterrey - Santos Laguna,2026-07-19T01:05:00+00:00,finished,1,3-2,Santos Laguna,Eduardo Aguirre,F,30,6.9,6,1,0,0.9157,8.534e-05,1,1,0,3,1,0,0,0,0,0,0,1,1,1,0,0,0,0,0,0,0,0,4,0,0,0,0,0,0,0,2026-08-22T05:27:58.261788+00:00
Liga Mexicana 2026/2027,CF Monterrey - Santos Laguna,2026-07-19T01:05:00+00:00,finished,1,3-2,Santos Laguna,Efrain Orona,D,0,,0,0,0,,,0,0,0,0,0,0,0,0,0,0,0,0,0,0,0,0,0,0,0,0,0,0,0,0,0,0,0,0,0,0,2026-08-22T05:27:58.261880+00:00
Liga Mexicana 2026/2027,CF Monterrey - Santos Laguna,2026-07-19T01:05:00+00:00,finished,1,3-2,Santos Laguna,Ezequiel Bullaude,M,90,6.1,49,0,0,0.0539,0.0760535,2,0,2,25,23,1,1,0,0,4,1,7,9,2,1,2,1,0,2,4,1,2,14,2,2,0,0,0,3,0,2026-08-22T05:27:58.261561+00:00
Liga Mexicana 2026/2027,CF Monterrey - Santos Laguna,2026-07-19T01:05:00+00:00,finished,1,3-2,Santos Laguna,Felipe Sánchez,D,90,7.5,87,0,1,0.0608,0.0167727,1,0,1,72,62,15,11,0,0,0,0,10,1,6,0,2,1,7,1,1,0,0,10,2,1,0,0,0,3,0,2026-08-22T05:27:58.261632+00:00
Liga Mexicana 2026/2027,CF Monterrey - Santos Laguna,2026-07-19T01:05:00+00:00,finished,1,3-2,CF Monterrey,Fidel Ambríz,M,28,6.4,15,0,0,0.0959,0.0066615,1,1,0,10,7,3,0,0,0,0,0,0,2,0,0,0,0,0,1,0,0,0,3,0,1,0,0,0,1,0,2026-08-22T05:27:58.262118+00:00
Liga Mexicana 2026/2027,CF Monterrey - Santos Laguna,2026-07-19T01:05:00+00:00,finished,1,3-2,Santos Laguna,Fran Villalba,M,30,6.8,23,0,0,,0.0904009,0,0,2,18,14,5,4,2,1,0,0,1,1,0,1,0,0,0,0,0,0,0,6,1,0,0,0,0,0,0,2026-08-22T05:27:58.261804+00:00
Liga Mexicana 2026/2027,CF Monterrey - Santos Laguna,2026-07-19T01:05:00+00:00,finished,1,3-2,Santos Laguna,Franco Pardo,D,90,6.8,64,0,0,,0.0282387,0,0,0,54,47,10,6,0,0,0,0,4,2,2,0,2,0,4,1,4,0,0,8,0,0,0,0,0,3,0,2026-08-22T05:27:58.261665+00:00
Liga Mexicana 2026/2027,CF Monterrey - Santos Laguna,2026-07-19T01:05:00+00:00,finished,1,3-2,CF Monterrey,Gerardo Arteaga,D,90,6.2,58,0,0,0.041,0.0203684,1,1,1,42,37,0,0,0,0,3,1,4,5,0,1,2,1,0,0,4,0,1,11,1,0,0,0,0,2,0,2026-08-22T05:27:58.261997+00:00
Liga Mexicana 2026/2027,CF Monterrey - Santos Laguna,2026-07-19T01:05:00+00:00,finished,1,3-2,Santos Laguna,Hector Holguin,G,0,,0,0,0,,,0,0,0,0,0,0,0,0,0,0,0,0,0,0,0,0,0,0,0,0,0,0,0,0,0,0,0,0,0,0,2026-08-22T05:27:58.261865+00:00
Liga Mexicana 2026/2027,CF Monterrey - Santos Laguna,2026-07-19T01:05:00+00:00,finished,1,3-2,CF Monterrey,Iker Fimbres,M,14,6.5,16,0,0,,0.00745742,0,0,0,14,14,0,0,2,0,0,0,0,0,0,0,0,0,0,0,1,0,0,2,0,0,0,0,0,1,0,2026-08-22T05:27:58.262135+00:00
Liga Mexicana 2026/2027,CF Monterrey - Santos Laguna,2026-07-19T01:05:00+00:00,finished,1,3-2,CF Monterrey,Jesús Corona,M,62,7.9,28,1,0,0.1405,0.0231446,1,1,3,15,13,2,2,1,0,2,1,4,3,0,1,0,0,1,0,3,0,1,8,3,0,0,0,0,1,0,2026-08-22T05:27:58.262084+00:00
Liga Mexicana 2026/2027,CF Monterrey - Santos Laguna,2026-07-19T01:05:00+00:00,finished,1,3-2,Santos Laguna,Jonathan Pérez,D,0,,0,0,0,,,0,0,0,0,0,0,0,0,0,0,0,0,0,0,0,0,0,0,0,0,0,0,0,0,0,0,0,0,0,0,2026-08-22T05:27:58.261894+00:00
Liga Mexicana 2026/2027,CF Monterrey - Santos Laguna,2026-07-19T01:05:00+00:00,finished,1,3-2,CF Monterrey,Jorge Rodríguez,M,76,7.2,51,0,0,,0.00379306,0,0,0,35,30,4,2,0,0,0,0,7,3,0,0,6,4,0,5,8,0,1,7,1,2,0,0,0,1,0,2026-08-22T05:27:58.262070+00:00
Liga Mexicana 2026/2027,CF Monterrey - Santos Laguna,2026-07-19T01:05:00+00:00,finished,1,3-2,Santos Laguna,Joshua Mancha,M,0,,0,0,0,,,0,0,0,0,0,0,0,0,0,0,0,0,0,0,0,0,0,0,0,0,0,0,0,0,0,0,0,0,0,0,2026-08-22T05:27:58.261922+00:00
Liga Mexicana 2026/2027,CF Monterrey - Santos Laguna,2026-07-19T01:05:00+00:00,finished,1,3-2,Santos Laguna,José Abella,D,60,6.0,31,0,0,,0.0423482,0,0,0,13,7,3,2,3,1,0,0,0,2,0,1,0,0,2,2,1,0,0,11,0,0,0,0,0,3,0,2026-08-22T05:27:58.261742+00:00
Liga Mexicana 2026/2027,CF Monterrey - Santos Laguna,2026-07-19T01:05:00+00:00,finished,1,3-2,Santos Laguna,José Ulloa,M,0,,0,0,0,,,0,0,0,0,0,0,0,0,0,0,0,0,0,0,0,0,0,0,0,0,0,0,0,0,0,0,0,0,0,0,2026-08-22T05:27:58.261907+00:00
Liga Mexicana 2026/2027,CF Monterrey - Santos Laguna,2026-07-19T01:05:00+00:00,finished,1,3-2,Santos Laguna,Kevin Picon,D,30,7.1,22,0,0,0.0057,0.417147,1,0,1,11,8,1,1,4,1,1,0,1,3,1,0,0,0,0,1,0,0,0,7,0,1,0,0,0,0,0,2026-08-22T05:27:58.261819+00:00
Liga Mexicana 2026/2027,CF Monterrey - Santos Laguna,2026-07-19T01:05:00+00:00,finished,1,3-2,CF Monterrey,Luca Orellano,M,90,7.1,79,0,0,0.054,0.237934,4,4,2,57,46,2,1,6,0,5,2,5,6,1,0,1,1,0,0,5,0,2,24,1,1,0,0,0,2,0,2026-08-22T05:27:58.261953+00:00
Liga Mexicana 2026/2027,CF Monterrey - Santos Laguna,2026-07-19T01:05:00+00:00,finished,1,3-2,Santos Laguna,Lucas Di Yorio,F,60,7.3,28,1,0,0.6712,0.0483247,1,1,1,18,13,2,1,0,0,0,0,5,5,3,3,1,1,1,0,1,0,2,10,1,0,0,0,0,3,0,2026-08-22T05:27:58.261758+00:00
Liga Mexicana 2026/2027,CF Monterrey - Santos Laguna,2026-07-19T01:05:00+00:00,finished,1,3-2,CF Monterrey,Lucas Ocampos,M,89,10.0,57,2,1,0.6832,0.159577,5,3,4,37,29,5,3,2,1,3,2,5,4,1,2,2,2,1,0,7,1,1,14,0,0,0,0,0,1,0,2026-08-22T05:27:58.262040+00:00
Liga Mexicana 2026/2027,CF Monterrey - Santos Laguna,2026-07-19T01:05:00+00:00,finished,1,3-2,CF Monterrey,Luis Cárdenas,G,90,6.6,52,0,0,,0.00040091,0,0,0,42,35,12,5,0,0,0,0,0,0,0,0,0,0,1,0,10,0,0,7,0,0,0,0,1,2,0,2026-08-22T05:27:58.261982+00:00
Liga Mexicana 2026/2027,CF Monterrey - Santos Laguna,2026-07-19T01:05:00+00:00,finished,1,3-2,CF Monterrey,Luis Reyes,D,8,6.4,5,0,0,,0.00027756,0,0,0,3,3,1,1,1,0,0,0,1,0,0,0,0,0,0,0,0,0,0,1,1,0,0,0,0,1,0,2026-08-22T05:27:58.262178+00:00
Liga Mexicana 2026/2027,CF Monterrey - Santos Laguna,2026-07-19T01:05:00+00:00,finished,1,3-2,Santos Laguna,Mauricio Cuevas,D,90,5.8,47,0,0,0.0339,0.215193,1,0,2,32,25,2,0,1,0,0,0,2,1,0,1,1,0,3,0,7,1,0,9,1,0,0,0,0,3,0,2026-08-22T05:27:58.261649+00:00
Liga Mexicana 2026/2027,CF Monterrey - Santos Laguna,2026-07-19T01:05:00+00:00,finished,1,3-2,CF Monterrey,Omar Galvez,M,0,,0,0,0,,,0,0,0,0,0,0,0,0,0,0,0,0,0,0,0,0,0,0,0,0,0,0,0,0,0,0,0,0,0,0,2026-08-22T05:27:58.262192+00:00
Liga Mexicana 2026/2027,CF Monterrey - Santos Laguna,2026-07-19T01:05:00+00:00,finished,1,3-2,Santos Laguna,Ramiro Sordo,M,82,6.8,43,0,0,,0.116465,0,0,1,23,20,1,0,2,1,3,1,8,6,0,0,4,3,0,0,3,0,0,8,3,2,0,0,0,3,0,2026-08-22T05:27:58.261727+00:00
Liga Mexicana 2026/2027,CF Monterrey - Santos Laguna,2026-07-19T01:05:00+00:00,finished,1,3-2,CF Monterrey,Ricardo Chávez,D,90,5.8,103,0,0,,0.00811301,0,0,1,76,61,13,5,0,0,5,2,4,13,1,3,0,0,1,5,3,0,1,20,1,5,0,0,0,2,0,2026-08-22T05:27:58.261968+00:00
Liga Mexicana 2026/2027,CF Monterrey - Santos Laguna,2026-07-19T01:05:00+00:00,finished,1,3-2,CF Monterrey,Roberto de la Rosa,F,8,6.8,2,0,0,,0.056968,0,0,1,1,1,0,0,0,0,0,0,0,0,0,0,0,0,1,0,0,0,0,0,0,0,0,0,0,1,0,2026-08-22T05:27:58.262150+00:00
Liga Mexicana 2026/2027,CF Monterrey - Santos Laguna,2026-07-19T01:05:00+00:00,finished,1,3-2,Santos Laguna,Salvador Mariscal,M,90,6.4,53,0,0,,0.00735345,0,0,0,45,37,1,0,0,0,0,0,2,3,1,0,1,1,2,2,4,0,0,9,0,1,0,0,0,3,0,2026-08-22T05:27:58.261696+00:00
Liga Mexicana 2026/2027,CF Monterrey - Santos Laguna,2026-07-19T01:05:00+00:00,finished,1,3-2,CF Monterrey,Stefan Medina,D,90,6.6,83,0,0,,0.00569627,0,0,0,71,64,3,0,0,0,0,0,5,4,3,4,2,2,5,3,2,0,0,8,0,1,0,0,0,2,0,2026-08-22T05:27:58.261938+00:00
Liga Mexicana 2026/2027,CF Monterrey - Santos Laguna,2026-07-19T01:05:00+00:00,finished,1,3-2,CF Monterrey,Uroš Đurđević,F,8,6.3,2,0,0,0.1438,2.665e-05,1,0,0,1,1,0,0,0,0,0,0,0,2,0,0,0,0,0,0,0,0,0,0,0,2,0,0,0,1,0,2026-08-22T05:27:58.262164+00:00
Liga Mexicana 2026/2027,CF Monterrey - Santos Laguna,2026-07-19T01:05:00+00:00,finished,1,3-2,CF Monterrey,Victor Guzmán,D,0,,0,0,0,,,0,0,0,0,0,0,0,0,0,0,0,0,0,0,0,0,0,0,0,0,0,0,0,0,0,0,0,0,0,0,2026-08-22T05:27:58.262220+00:00
Liga Mexicana 2026/2027,CF Monterrey - Santos Laguna,2026-07-19T01:05:00+00:00,finished,1,3-2,CF Monterrey,Óliver Torres,M,89,7.3,55,0,1,0.2069,0.0488446,2,2,3,44,42,6,4,0,0,3,2,3,4,1,1,0,0,0,2,7,0,1,5,0,1,0,0,0,1,0,2026-08-22T05:27:58.262026+00:00
Liga Mexicana 2026/2027,CD Guadalajara - CD Toluca,2026-07-19T01:07:00+00:00,finished,1,0-2,CD Guadalajara,,,0,,0,0,0,,,0,0,0,0,0,0,0,0,0,0,0,0,0,0,0,0,0,0,0,0,0,0,0,0,0,0,0,0,0,0,2026-08-09T05:19:52.775025+00:00
Liga Mexicana 2026/2027,CD Guadalajara - CD Toluca,2026-07-19T01:07:00+00:00,finished,1,0-2,CD Toluca,Alexis Vega,M,70,6.8,59,1,0,1.0068,0.0435759,4,2,1,37,34,2,2,2,0,4,2,5,5,0,1,0,0,0,0,3,1,0,12,3,0,0,0,0,0,0,2026-08-22T05:27:58.253634+00:00
Liga Mexicana 2026/2027,CD Guadalajara - CD Toluca,2026-07-19T01:07:00+00:00,finished,1,0-2,CD Toluca,Antonio Briseño,D,0,,0,0,0,,,0,0,0,0,0,0,0,0,0,0,0,0,0,0,0,0,0,0,0,0,0,0,0,0,0,0,0,0,0,0,2026-08-22T05:27:58.253720+00:00
Liga Mexicana 2026/2027,CD Guadalajara - CD Toluca,2026-07-19T01:07:00+00:00,finished,1,0-2,CD Guadalajara,Armando González,F,34,6.3,13,0,0,0.0527,0.046255,1,1,0,8,5,0,0,0,0,0,0,1,5,1,2,0,0,0,0,1,0,1,6,0,1,0,0,0,1,0,2026-08-22T05:27:58.253995+00:00
Liga Mexicana 2026/2027,CD Guadalajara - CD Toluca,2026-07-19T01:07:00+00:00,finished,1,0-2,CD Toluca,Brian García,D,0,,0,0,0,,,0,0,0,0,0,0,0,0,0,0,0,0,0,0,0,0,0,0,0,0,0,0,0,0,0,0,0,0,0,0,2026-08-22T05:27:58.253771+00:00
Liga Mexicana 2026/2027,CD Guadalajara - CD Toluca,2026-07-19T01:07:00+00:00,finished,1,0-2,CD Guadalajara,Brian Gutiérrez,M,45,6.2,23,0,0,0.2111,0.0220171,1,0,0,16,11,1,0,3,0,1,0,1,2,1,0,0,0,0,0,0,0,0,11,0,0,0,0,0,1,0,2026-08-22T05:27:58.253964+00:00
Liga Mexicana 2026/2027,CD Guadalajara - CD Toluca,2026-07-19T01:07:00+00:00,finished,1,0-2,CD Toluca,Bruno Méndez,D,11,6.9,19,0,0,,0.00225274,0,0,0,16,14,3,3,0,0,1,1,1,0,0,0,0,0,0,1,2,0,0,2,0,0,0,0,0,0,0,2026-08-22T05:27:58.253695+00:00
Liga Mexicana 2026/2027,CD Guadalajara - CD Toluca,2026-07-19T01:07:00+00:00,finished,1,0-2,CD Guadalajara,Bryan González,M,90,6.1,42,0,0,0.0407,0.184319,2,1,1,18,15,1,0,2,2,4,1,3,11,1,1,1,0,0,0,1,0,3,16,0,1,0,0,0,2,0,2026-08-22T05:27:58.253869+00:00
Liga Mexicana 2026/2027,CD Guadalajara - CD Toluca,2026-07-19T01:07:00+00:00,finished,1,0-2,CD Toluca,Carlos Carrillo,F,0,,0,0,0,,,0,0,0,0,0,0,0,0,0,0,0,0,0,0,0,0,0,0,0,0,0,0,0,0,0,0,0,0,0,0,2026-08-22T05:27:58.253734+00:00
Liga Mexicana 2026/2027,CD Guadalajara - CD Toluca,2026-07-19T01:07:00+00:00,finished,1,0-2,CD Guadalajara,Daniel Aguirre,D,86,6.2,48,0,0,0.1892,0.00395479,2,0,0,31,23,4,1,1,0,0,0,4,3,1,0,3,2,2,1,3,1,0,12,0,3,0,0,0,2,0,2026-08-22T05:27:58.253884+00:00
Liga Mexicana 2026/2027,CD Guadalajara - CD Toluca,2026-07-19T01:07:00+00:00,finished,1,0-2,CD Toluca,Diego Barbosa,D,0,,0,0,0,,,0,0,0,0,0,0,0,0,0,0,0,0,0,0,0,0,0,0,0,0,0,0,0,0,0,0,0,0,0,0,2026-08-22T05:27:58.253708+00:00
Liga Mexicana 2026/2027,CD Guadalajara - CD Toluca,2026-07-19T01:07:00+00:00,finished,1,0-2,CD Guadalajara,Diego Campillo,D,85,6.6,57,0,0,,0.0296554,0,0,2,39,34,3,1,0,0,0,0,4,2,1,0,1,1,2,1,3,0,0,12,2,2,0,0,0,2,0,2026-08-22T05:27:58.253898+00:00
Liga Mexicana 2026/2027,CD Guadalajara - CD Toluca,2026-07-19T01:07:00+00:00,finished,1,0-2,CD Toluca,Everardo López,D,90,7.1,73,0,0,,0.00583594,0,0,0,61,54,9,5,0,0,0,0,3,4,0,1,3,2,0,1,1,0,1,8,0,2,0,0,0,0,0,2026-08-22T05:27:58.253543+00:00
Liga Mexicana 2026/2027,CD Guadalajara - CD Toluca,2026-07-19T01:07:00+00:00,finished,1,0-2,CD Toluca,Federico Pereira,D,90,8.4,100,0,0,0.1433,0.00647695,1,0,0,70,64,10,7,0,0,1,1,11,3,6,2,2,2,17,3,6,0,0,7,2,1,0,0,0,0,0,2026-08-22T05:27:58.253526+00:00
Liga Mexicana 2026/2027,CD Guadalajara - CD Toluca,2026-07-19T01:07:00+00:00,finished,1,0-2,CD Toluca,Fernando Arce Juárez,M,11,6.7,6,0,0,,0.00041146,0,0,0,5,5,1,1,0,0,0,0,1,0,0,0,0,0,0,0,0,0,0,0,1,0,0,0,0,0,0,2026-08-22T05:27:58.253683+00:00
Liga Mexicana 2026/2027,CD Guadalajara - CD Toluca,2026-07-19T01:07:00+00:00,finished,1,0-2,CD Guadalajara,Fernando González,M,90,6.7,38,0,0,,0.00315136,0,0,0,27,24,1,0,0,0,0,0,4,4,2,1,1,0,3,2,3,0,0,3,1,0,0,0,0,2,0,2026-08-22T05:27:58.253850+00:00
Liga Mexicana 2026/2027,CD Guadalajara - CD Toluca,2026-07-19T01:07:00+00:00,finished,1,0-2,CD Toluca,Franco Romero,M,90,6.6,69,0,0,,0.0496574,0,0,1,57,53,2,0,0,0,1,0,3,7,1,3,1,0,3,0,8,0,0,5,1,1,1,0,0,0,0,2026-08-22T05:27:58.253595+00:00
Liga Mexicana 2026/2027,CD Guadalajara - CD Toluca,2026-07-19T01:07:00+00:00,finished,1,0-2,CD Toluca,Helinho,M,31,7.8,29,0,1,0.1929,0.2037,2,2,1,19,18,3,3,0,0,3,2,4,1,0,0,0,0,0,0,1,0,0,3,2,0,0,0,0,0,0,2026-08-22T05:27:58.253659+00:00
Liga Mexicana 2026/2027,CD Guadalajara - CD Toluca,2026-07-19T01:07:00+00:00,finished,1,0-2,CD Toluca,Hugo Gonzalez,G,0,,0,0,0,,,0,0,0,0,0,0,0,0,0,0,0,0,0,0,0,0,0,0,0,0,0,0,0,0,0,0,0,0,0,0,2026-08-22T05:27:58.253786+00:00
Liga Mexicana 2026/2027,CD Guadalajara - CD Toluca,2026-07-19T01:07:00+00:00,finished,1,0-2,CD Toluca,Jesús Gallardo,D,90,7.3,66,1,0,0.1225,0.0250321,1,1,0,51,40,8,3,0,0,1,0,2,6,1,0,1,1,1,1,8,0,2,16,0,3,1,0,0,0,0,2026-08-22T05:27:58.253441+00:00
Liga Mexicana 2026/2027,CD Guadalajara - CD Toluca,2026-07-19T01:07:00+00:00,finished,1,0-2,CD Toluca,Jesús Ricardo Angulo,M,87,6.7,58,0,0,0.1119,0.258455,2,0,3,38,31,0,0,3,1,1,0,2,4,0,1,1,0,1,2,4,0,0,17,1,2,0,0,0,0,0,2026-08-22T05:27:58.253621+00:00
Liga Mexicana 2026/2027,CD Guadalajara - CD Toluca,2026-07-19T01:07:00+00:00,finished,1,0-2,CD Guadalajara,Jonathan Perez,M,0,,0,0,0,,,0,0,0,0,0,0,0,0,0,0,0,0,0,0,0,0,0,0,0,0,0,0,0,0,0,0,0,0,0,0,2026-08-22T05:27:58.254084+00:00
Liga Mexicana 2026/2027,CD Guadalajara - CD Toluca,2026-07-19T01:07:00+00:00,finished,1,0-2,CD Guadalajara,Jordan Carrillo,M,22,6.8,28,0,0,,0.0160124,0,0,1,20,15,2,0,2,1,4,4,5,1,0,0,0,0,0,0,2,0,0,6,1,1,1,0,0,1,0,2026-08-22T05:27:58.254010+00:00
Liga Mexicana 2026/2027,CD Guadalajara - CD Toluca,2026-07-19T01:07:00+00:00,finished,1,0-2,CD Toluca,Jorge Díaz,M,90,6.8,38,0,0,0.0961,0.0838537,2,2,1,19,17,2,1,1,0,3,2,7,6,0,2,2,1,0,0,2,0,2,10,3,0,0,0,0,0,0,2026-08-22T05:27:58.253563+00:00
Liga Mexicana 2026/2027,CD Guadalajara - CD Toluca,2026-07-19T01:07:00+00:00,finished,1,0-2,CD Guadalajara,José Castillo,D,0,,0,0,0,,,0,0,0,0,0,0,0,0,0,0,0,0,0,0,0,0,0,0,0,0,0,0,0,0,0,0,0,0,0,0,2026-08-22T05:27:58.254055+00:00
Liga Mexicana 2026/2027,CD Guadalajara - CD Toluca,2026-07-19T01:07:00+00:00,finished,1,0-2,CD Guadalajara,Kevin Castañeda,M,45,6.9,23,0,0,0.0156,0.168852,1,0,0,15,13,2,2,2,1,0,0,1,1,1,0,0,0,1,0,2,0,1,6,0,0,0,0,0,1,0,2026-08-22T05:27:58.253978+00:00
Liga Mexicana 2026/2027,CD Guadalajara - CD Toluca,2026-07-19T01:07:00+00:00,finished,1,0-2,CD Toluca,Luan,D,0,,0,0,0,,,0,0,0,0,0,0,0,0,0,0,0,0,0,0,0,0,0,0,0,0,0,0,0,0,0,0,0,0,0,0,2026-08-22T05:27:58.253750+00:00
Liga Mexicana 2026/2027,CD Guadalajara - CD Toluca,2026-07-19T01:07:00+00:00,finished,1,0-2,CD Guadalajara,Luis Gabriel Rey,M,0,,0,0,0,,,0,0,0,0,0,0,0,0,0,0,0,0,0,0,0,0,0,0,0,0,0,0,0,0,0,0,0,0,0,0,2026-08-22T05:27:58.254070+00:00
Liga Mexicana 2026/2027,CD Guadalajara - CD Toluca,2026-07-19T01:07:00+00:00,finished,1,0-2,CD Toluca,Luis García,G,90,7.4,47,0,0,,0.00084067,0,0,0,42,35,18,11,0,0,0,0,0,0,0,0,0,0,1,0,6,0,0,8,0,0,0,0,3,0,1,2026-08-22T05:27:58.253492+00:00
Liga Mexicana 2026/2027,CD Guadalajara - CD Toluca,2026-07-19T01:07:00+00:00,finished,1,0-2,CD Guadalajara,Luis Romo,D,90,6.3,63,0,0,,0.0205818,0,0,1,48,39,11,4,0,0,1,1,6,5,1,0,3,1,3,4,6,0,0,10,1,4,0,0,0,2,0,2026-08-22T05:27:58.253833+00:00
Liga Mexicana 2026/2027,CD Guadalajara - CD Toluca,2026-07-19T01:07:00+00:00,finished,1,0-2,CD Guadalajara,Miguel Gómez,D,12,6.7,6,0,0,,2.604e-05,0,0,0,4,2,2,0,0,0,0,0,1,0,0,0,1,0,0,0,0,0,0,2,0,0,0,0,0,0,0,2026-08-22T05:27:58.254040+00:00
Liga Mexicana 2026/2027,CD Guadalajara - CD Toluca,2026-07-19T01:07:00+00:00,finished,1,0-2,CD Guadalajara,Miguel Tapias,D,0,,0,0,0,,,0,0,0,0,0,0,0,0,0,0,0,0,0,0,0,0,0,0,0,0,0,0,0,0,0,0,0,0,0,0,2026-08-22T05:27:58.254138+00:00
Liga Mexicana 2026/2027,CD Guadalajara - CD Toluca,2026-07-19T01:07:00+00:00,finished,1,0-2,CD Toluca,Nicolás Castro,M,87,7.0,76,0,0,0.1513,0.0967465,2,2,3,62,56,10,6,1,0,1,0,2,5,1,1,1,1,1,0,5,0,1,13,0,1,0,0,0,0,0,2026-08-22T05:27:58.253609+00:00
Liga Mexicana 2026/2027,CD Guadalajara - CD Toluca,2026-07-19T01:07:00+00:00,finished,1,0-2,CD Guadalajara,Omar Govea,M,68,6.6,37,0,0,0.039,0.0073095,1,0,0,30,27,1,1,1,0,0,0,3,2,0,1,1,1,0,0,2,1,1,6,2,0,0,0,0,1,0,2026-08-22T05:27:58.253916+00:00
Liga Mexicana 2026/2027,CD Guadalajara - CD Toluca,2026-07-19T01:07:00+00:00,finished,1,0-2,CD Guadalajara,Raúl Rangel,G,90,8.2,41,0,0,,0.00045516,0,0,0,29,23,10,4,0,0,0,0,0,0,0,0,0,0,0,0,12,0,0,6,0,0,0,0,7,2,0,2026-08-22T05:27:58.253818+00:00
Liga Mexicana 2026/2027,CD Guadalajara - CD Toluca,2026-07-19T01:07:00+00:00,finished,1,0-2,CD Guadalajara,Ricardo Marín,F,13,6.6,10,0,0,,0.00097383,0,0,0,7,6,0,0,1,0,0,0,1,1,1,1,0,0,0,0,1,0,0,2,0,0,0,0,0,0,0,2026-08-22T05:27:58.254025+00:00
Liga Mexicana 2026/2027,CD Guadalajara - CD Toluca,2026-07-19T01:07:00+00:00,finished,1,0-2,CD Guadalajara,Richard Ledezma,M,56,6.8,32,0,0,0.0393,0.076186,1,1,1,21,19,1,1,1,0,1,0,0,2,0,1,0,0,2,1,4,0,0,5,0,0,0,0,0,1,0,2026-08-22T05:27:58.253934+00:00
Liga Mexicana 2026/2027,CD Guadalajara - CD Toluca,2026-07-19T01:07:00+00:00,finished,1,0-2,CD Guadalajara,Roberto Alvarado,F,90,7.3,71,0,0,0.2936,0.217332,3,1,4,34,25,3,2,5,2,7,3,11,8,1,0,4,3,1,0,7,1,2,26,4,1,1,0,0,2,0,2026-08-22T05:27:58.253802+00:00
Liga Mexicana 2026/2027,CD Guadalajara - CD Toluca,2026-07-19T01:07:00+00:00,finished,1,0-2,CD Toluca,Santiago Simón,D,90,7.5,71,0,0,,0.00907036,0,0,2,46,42,8,5,1,0,3,3,8,2,1,1,4,4,2,4,4,0,0,6,0,0,0,0,0,0,0,2026-08-22T05:27:58.253512+00:00
Liga Mexicana 2026/2027,CD Guadalajara - CD Toluca,2026-07-19T01:07:00+00:00,finished,1,0-2,CD Toluca,Víctor Guzmán,M,20,6.5,20,0,0,,0.00440528,0,0,0,13,13,0,0,0,0,0,0,0,2,0,0,0,0,1,1,0,0,0,2,0,2,0,0,0,0,0,2026-08-22T05:27:58.253671+00:00
Liga Mexicana 2026/2027,CD Guadalajara - CD Toluca,2026-07-19T01:07:00+00:00,finished,1,0-2,CD Guadalajara,Ángel Sepúlveda,F,50,5.3,18,0,0,0.0797,0.00076277,1,0,1,9,6,0,0,0,0,0,0,2,5,1,4,0,0,1,0,0,0,0,5,1,1,0,1,0,2,0,2026-08-22T05:27:58.253950+00:00
Liga Mexicana 2026/2027,CD Guadalajara - CD Toluca,2026-07-19T01:07:00+00:00,finished,1,0-2,CD Toluca,Érick Gutiérrez,M,59,6.8,31,0,0,,0.0114611,0,0,1,24,21,1,1,0,0,1,0,3,2,1,0,2,2,0,1,1,0,0,6,0,1,0,0,0,0,0,2026-08-22T05:27:58.253647+00:00
Liga Mexicana 2026/2027,CD Guadalajara - CD Toluca,2026-07-19T01:07:00+00:00,finished,1,0-2,CD Guadalajara,Óscar Whalley,G,0,,0,0,0,,,0,0,0,0,0,0,0,0,0,0,0,0,0,0,0,0,0,0,0,0,0,0,0,0,0,0,0,0,0,0,2026-08-22T05:27:58.254121+00:00
Liga Mexicana 2026/2027,Querétaro FC - Club América,2026-07-19T03:10:00+00:00,finished,1,0-1,Club América,,,0,,0,0,0,,,0,0,0,0,0,0,0,0,0,0,0,0,0,0,0,0,0,0,0,0,0,0,0,0,0,0,0,0,0,0,2026-08-22T05:27:58.492466+00:00
Liga Mexicana 2026/2027,Querétaro FC - Club América,2026-07-19T03:10:00+00:00,finished,1,0-1,Club América,Alan Cervantes,M,88,6.5,69,0,0,0.014,0.0183599,1,0,0,55,47,5,3,0,0,1,1,5,3,1,1,2,1,2,0,8,1,0,11,1,2,2,1,0,0,0,2026-08-22T05:27:58.492358+00:00
Liga Mexicana 2026/2027,Querétaro FC - Club América,2026-07-19T03:10:00+00:00,finished,1,0-1,Club América,Alejandro Cardenas,F,1,,0,0,0,,,0,0,0,0,0,0,0,0,0,0,0,0,1,0,1,0,0,0,0,0,0,0,0,0,1,0,0,0,0,0,2026-08-22T05:27:58.492412+00:00
Liga Mexicana 2026/2027,Querétaro FC - Club América,2026-07-19T03:10:00+00:00,finished,1,0-1,Club América,Alexis Gutiérrez,M,11,6.4,10,0,0,0.0203,0.00332667,1,0,0,6,5,0,0,2,0,0,0,0,1,0,1,0,0,0,0,0,1,0,3,0,0,0,0,0,0,0,2026-08-22T05:27:58.492385+00:00
Liga Mexicana 2026/2027,Querétaro FC - Club América,2026-07-19T03:10:00+00:00,finished,1,0-1,Querétaro FC,Ali Ávila,F,90,6.1,28,0,0,0.2647,0.252333,2,1,1,11,8,0,0,2,1,2,1,1,12,0,7,0,0,3,0,2,0,2,11,0,2,0,0,0,1,0,2026-08-22T05:27:58.492626+00:00
Liga Mexicana 2026/2027,Querétaro FC - Club América,2026-07-19T03:10:00+00:00,finished,1,0-1,Club América,Andrés Araujo,D,0,,0,0,0,,,0,0,0,0,0,0,0,0,0,0,0,0,0,0,0,0,0,0,0,0,0,0,0,0,0,0,0,0,0,0,2026-08-22T05:27:58.492507+00:00
Liga Mexicana 2026/2027,Querétaro FC - Club América,2026-07-19T03:10:00+00:00,finished,1,0-1,Querétaro FC,Bayron Duarte,D,89,6.3,48,0,0,,0.00478011,0,0,0,21,16,3,1,3,0,0,0,5,7,2,2,2,1,4,0,1,0,1,13,1,2,1,0,0,1,0,2026-08-22T05:27:58.492653+00:00
Liga Mexicana 2026/2027,Querétaro FC - Club América,2026-07-19T03:10:00+00:00,finished,1,0-1,Querétaro FC,Carlo Adriano García,M,89,6.7,31,0,0,0.019,0.103889,1,1,1,19,15,0,0,0,0,0,0,1,4,0,0,1,0,3,0,5,0,2,9,0,1,0,0,0,1,0,2026-08-22T05:27:58.492641+00:00
Liga Mexicana 2026/2027,Querétaro FC - Club América,2026-07-19T03:10:00+00:00,finished,1,0-1,Querétaro FC,Carlos Villanueva,D,0,,0,0,0,,,0,0,0,0,0,0,0,0,0,0,0,0,0,0,0,0,0,0,0,0,0,0,0,0,0,0,0,0,0,0,2026-08-22T05:27:58.492812+00:00
Liga Mexicana 2026/2027,Querétaro FC - Club América,2026-07-19T03:10:00+00:00,finished,1,0-1,Club América,Cristián Borja,D,90,7.2,34,0,0,0.037,0.0317066,1,0,2,20,15,2,1,3,1,1,1,8,1,1,0,3,3,0,0,4,0,0,7,3,0,0,0,0,0,0,2026-08-22T05:27:58.492301+00:00
Liga Mexicana 2026/2027,Querétaro FC - Club América,2026-07-19T03:10:00+00:00,finished,1,0-1,Club América,Dagoberto Espinoza,D,90,7.5,72,0,0,,0.101135,0,0,0,46,39,3,1,3,1,2,1,7,3,3,0,2,2,1,1,4,0,1,16,1,0,0,0,0,0,0,2026-08-22T05:27:58.492271+00:00
Liga Mexicana 2026/2027,Querétaro FC - Club América,2026-07-19T03:10:00+00:00,finished,1,0-1,Querétaro FC,Daniel Parra,D,90,6.6,47,0,0,0.207,0.00518299,2,0,1,20,11,3,1,0,0,0,0,7,4,2,1,4,3,3,1,3,0,1,17,1,2,1,0,0,1,0,2026-08-22T05:27:58.492598+00:00
Liga Mexicana 2026/2027,Querétaro FC - Club América,2026-07-19T03:10:00+00:00,finished,1,0-1,Querétaro FC,Diego Reyes,D,90,6.9,33,0,0,,0.00428809,0,0,0,24,20,4,3,0,0,0,0,4,2,3,2,1,1,2,1,1,0,0,4,0,1,1,0,0,1,0,2026-08-22T05:27:58.492551+00:00
Liga Mexicana 2026/2027,Querétaro FC - Club América,2026-07-19T03:10:00+00:00,finished,1,0-1,Querétaro FC,Eduardo Perez,F,0,,0,0,0,,,0,0,0,0,0,0,0,0,0,0,0,0,0,0,0,0,0,0,0,0,0,0,0,0,0,0,0,0,0,0,2026-08-22T05:27:58.492798+00:00
Liga Mexicana 2026/2027,Querétaro FC - Club América,2026-07-19T03:10:00+00:00,finished,1,0-1,Querétaro FC,Enzo Giménez,M,31,6.3,11,0,0,,0.00508545,0,0,0,7,6,0,0,1,0,1,0,1,3,1,0,0,0,0,0,1,0,1,5,0,1,0,0,0,1,0,2026-08-22T05:27:58.492705+00:00
Liga Mexicana 2026/2027,Querétaro FC - Club América,2026-07-19T03:10:00+00:00,finished,1,0-1,Club América,Erick Sánchez,M,90,7.7,66,0,0,0.0412,0.0747607,2,0,1,50,46,6,5,1,0,2,1,6,3,0,1,3,2,1,1,5,2,0,8,2,2,0,0,0,0,0,2026-08-22T05:27:58.492315+00:00
Liga Mexicana 2026/2027,Querétaro FC - Club América,2026-07-19T03:10:00+00:00,finished,1,0-1,Querétaro FC,Erik Dueñas,M,0,,0,0,0,,,0,0,0,0,0,0,0,0,0,0,0,0,0,0,0,0,0,0,0,0,0,0,0,0,0,0,0,0,0,0,2026-08-22T05:27:58.492745+00:00
Liga Mexicana 2026/2027,Querétaro FC - Club América,2026-07-19T03:10:00+00:00,finished,1,0-1,Club América,Fernando Tapia,G,0,,0,0,0,,,0,0,0,0,0,0,0,0,0,0,0,0,0,0,0,0,0,0,0,0,0,0,0,0,0,0,0,0,0,0,2026-08-22T05:27:58.492440+00:00
Liga Mexicana 2026/2027,Querétaro FC - Club América,2026-07-19T03:10:00+00:00,finished,1,0-1,Club América,Franco Rossano,D,0,,0,0,0,,,0,0,0,0,0,0,0,0,0,0,0,0,0,0,0,0,0,0,0,0,0,0,0,0,0,0,0,0,0,0,2026-08-22T05:27:58.492426+00:00
Liga Mexicana 2026/2027,Querétaro FC - Club América,2026-07-19T03:10:00+00:00,finished,1,0-1,Querétaro FC,Guillermo Allison,G,90,7.6,30,0,0,,0.00203803,0,0,0,23,11,17,5,0,0,0,0,0,0,0,0,0,0,0,0,8,0,0,13,0,0,0,0,4,1,0,2026-08-22T05:27:58.492537+00:00
Liga Mexicana 2026/2027,Querétaro FC - Club América,2026-07-19T03:10:00+00:00,finished,1,0-1,Club América,Henry Martín,F,89,5.7,23,0,1,0.9321,0.0164695,2,1,2,15,10,0,0,0,0,0,0,3,6,2,3,1,1,0,0,2,1,1,9,0,2,0,0,0,0,0,2026-08-22T05:27:58.492329+00:00
Liga Mexicana 2026/2027,Querétaro FC - Club América,2026-07-19T03:10:00+00:00,finished,1,0-1,Club América,Isaías Violante,M,90,7.7,46,1,0,0.0909,0.255405,3,2,2,20,18,2,2,7,1,4,1,4,7,0,1,1,1,2,0,1,1,2,16,2,1,0,0,0,0,0,2026-08-22T05:27:58.492184+00:00
Liga Mexicana 2026/2027,Querétaro FC - Club América,2026-07-19T03:10:00+00:00,finished,1,0-1,Querétaro FC,Jean Unjanque,M,59,6.5,25,0,0,0.2661,0.00480044,3,0,0,9,7,0,0,2,0,4,0,4,5,1,0,1,1,1,0,3,0,1,9,2,0,0,0,0,0,0,2026-08-22T05:27:58.492678+00:00
Liga Mexicana 2026/2027,Querétaro FC - Club América,2026-07-19T03:10:00+00:00,finished,1,0-1,Querétaro FC,Jesús Arellano Camacho,M,0,,0,0,0,,,0,0,0,0,0,0,0,0,0,0,0,0,0,0,0,0,0,0,0,0,0,0,0,0,0,0,0,0,0,0,2026-08-22T05:27:58.492758+00:00
Liga Mexicana 2026/2027,Querétaro FC - Club América,2026-07-19T03:10:00+00:00,finished,1,0-1,Querétaro FC,José Hernández,G,0,,0,0,0,,,0,0,0,0,0,0,0,0,0,0,0,0,0,0,0,0,0,0,0,0,0,0,0,0,0,0,0,0,0,0,2026-08-22T05:27:58.492785+00:00
Liga Mexicana 2026/2027,Querétaro FC - Club América,2026-07-19T03:10:00+00:00,finished,1,0-1,Querétaro FC,Juan Pablo Cázares,F,59,6.3,22,0,0,0.0074,0.00337352,1,0,0,13,9,2,0,1,0,1,0,0,2,0,1,0,0,0,0,3,1,0,9,0,1,0,0,0,0,0,2026-08-22T05:27:58.492666+00:00
Liga Mexicana 2026/2027,Querétaro FC - Club América,2026-07-19T03:10:00+00:00,finished,1,0-1,Club América,Kevin Álvarez,D,79,6.6,43,0,0,,0.0331141,0,0,2,21,19,1,1,1,0,3,0,4,8,2,2,2,2,6,1,2,0,0,7,0,3,1,0,0,0,0,2026-08-22T05:27:58.492372+00:00
Liga Mexicana 2026/2027,Querétaro FC - Club América,2026-07-19T03:10:00+00:00,finished,1,0-1,Querétaro FC,Lucas Abascia,D,90,7.0,46,0,0,,0.0115659,0,0,0,31,22,13,5,0,0,1,1,7,4,4,1,1,1,3,1,7,0,1,12,3,1,1,0,0,1,0,2026-08-22T05:27:58.492566+00:00
Liga Mexicana 2026/2027,Querétaro FC - Club América,2026-07-19T03:10:00+00:00,finished,1,0-1,Querétaro FC,Mateo Coronel,F,90,7.3,27,0,0,0.1625,0.16958,1,0,2,14,12,0,0,2,1,2,1,7,2,3,1,0,0,0,0,3,0,0,8,3,0,0,0,0,1,0,2026-08-22T05:27:58.492522+00:00
Liga Mexicana 2026/2027,Querétaro FC - Club América,2026-07-19T03:10:00+00:00,finished,1,0-1,Club América,Miguel Vazquez,D,90,7.2,60,0,0,,0.00417262,0,0,0,48,43,7,5,1,0,1,0,5,4,3,1,2,1,5,0,1,0,0,8,0,1,0,0,0,0,0,2026-08-22T05:27:58.492238+00:00
Liga Mexicana 2026/2027,Querétaro FC - Club América,2026-07-19T03:10:00+00:00,finished,1,0-1,Querétaro FC,Mono Martínez,M,10,6.7,5,0,0,,,0,0,0,1,0,0,0,1,0,1,1,2,1,0,0,1,0,0,1,0,0,0,2,0,1,0,0,0,0,0,2026-08-22T05:27:58.492719+00:00
Liga Mexicana 2026/2027,Querétaro FC - Club América,2026-07-19T03:10:00+00:00,finished,1,0-1,Club América,Osvaldo Arriaga,M,0,,0,0,0,,,0,0,0,0,0,0,0,0,0,0,0,0,0,0,0,0,0,0,0,0,0,0,0,0,0,0,0,0,0,0,2026-08-22T05:27:58.492453+00:00
Liga Mexicana 2026/2027,Querétaro FC - Club América,2026-07-19T03:10:00+00:00,finished,1,0-1,Club América,Patricio Salas,F,0,,0,0,0,,,0,0,0,0,0,0,0,0,0,0,0,0,0,0,0,0,0,0,0,0,0,0,0,0,0,0,0,0,0,0,2026-08-22T05:27:58.492494+00:00
Liga Mexicana 2026/2027,Querétaro FC - Club América,2026-07-19T03:10:00+00:00,finished,1,0-1,Querétaro FC,Paulo Victor,D,31,6.1,12,0,0,,0.00625957,0,0,0,6,3,1,0,0,0,1,0,2,5,0,0,2,2,0,0,1,0,0,4,0,2,1,0,0,1,0,2026-08-22T05:27:58.492691+00:00
Liga Mexicana 2026/2027,Querétaro FC - Club América,2026-07-19T03:10:00+00:00,finished,1,0-1,Club América,Ramón Juárez,D,90,6.9,62,0,0,0.1706,0.00976411,3,0,0,46,38,10,8,0,0,0,0,3,4,2,3,1,1,4,0,2,0,1,11,0,0,1,0,0,0,0,2026-08-22T05:27:58.492285+00:00
Liga Mexicana 2026/2027,Querétaro FC - Club América,2026-07-19T03:10:00+00:00,finished,1,0-1,Club América,Raphael Veiga,M,89,6.9,63,0,0,0.4261,0.19048,4,2,4,38,31,4,2,10,4,1,1,4,2,0,0,1,1,0,0,0,2,1,18,2,1,0,0,0,0,0,2026-08-22T05:27:58.492344+00:00
Liga Mexicana 2026/2027,Querétaro FC - Club América,2026-07-19T03:10:00+00:00,finished,1,0-1,Club América,Raúl Zúñiga,F,0,,0,0,0,,,0,0,0,0,0,0,0,0,0,0,0,0,0,0,0,0,0,0,0,0,0,0,0,0,0,0,0,0,0,0,2026-08-22T05:27:58.492480+00:00
Liga Mexicana 2026/2027,Querétaro FC - Club América,2026-07-19T03:10:00+00:00,finished,1,0-1,Club América,Ricardo González,M,0,,0,0,0,,,0,0,0,0,0,0,0,0,0,0,0,0,0,0,0,0,0,0,0,0,0,0,0,0,0,0,0,0,0,0,2026-08-17T05:28:32.812736+00:00
Liga Mexicana 2026/2027,Querétaro FC - Club América,2026-07-19T03:10:00+00:00,finished,1,0-1,Club América,Rodolfo Cota,G,90,7.1,51,0,0,,0.00046511,0,0,0,37,21,20,4,0,0,0,0,2,0,2,0,0,0,1,0,14,0,0,16,0,0,0,0,2,0,1,2026-08-22T05:27:58.492256+00:00
Liga Mexicana 2026/2027,Querétaro FC - Club América,2026-07-19T03:10:00+00:00,finished,1,0-1,Querétaro FC,Santiago Homenchenko,M,90,7.3,63,0,0,,0.0322487,0,0,1,42,34,10,7,4,0,2,0,5,2,0,0,3,0,2,0,7,0,0,16,2,0,1,0,0,1,0,2026-08-22T05:27:58.492613+00:00
Liga Mexicana 2026/2027,Querétaro FC - Club América,2026-07-19T03:10:00+00:00,finished,1,0-1,Querétaro FC,Sergio Garcia,M,0,,0,0,0,,,0,0,0,0,0,0,0,0,0,0,0,0,0,0,0,0,0,0,0,0,0,0,0,0,0,0,0,0,0,0,2026-08-22T05:27:58.492772+00:00
Liga Mexicana 2026/2027,Querétaro FC - Club América,2026-07-19T03:10:00+00:00,finished,1,0-1,Querétaro FC,Waldo Madrid,M,1,,6,0,0,,0.0372231,0,0,1,2,2,0,0,2,1,0,0,0,0,0,0,0,0,0,0,0,0,0,1,0,0,0,0,0,0,0,2026-08-22T05:27:58.492731+00:00
Liga Mexicana 2026/2027,Querétaro FC - Club América,2026-07-19T03:10:00+00:00,finished,1,0-1,Club América,Ícaro,M,10,6.6,5,0,0,,0.0014214,0,0,0,0,0,0,0,0,0,1,0,2,2,0,1,1,1,0,0,0,0,0,2,1,0,0,0,0,0,0,2026-08-17T05:28:32.812667+00:00
Liga Mexicana 2026/2027,Cruz Azul - Club Puebla,2026-07-22T01:00:00+00:00,finished,2,2-1,Cruz Azul,,,23,7.1,14,0,0,0.0153,0.0785968,1,0,1,6,6,0,0,1,1,1,1,2,0,1,0,0,0,0,2,2,1,0,0,0,0,0,0,0,0,0,2026-08-09T05:19:52.794576+00:00
Liga Mexicana 2026/2027,Cruz Azul - Club Puebla,2026-07-22T01:00:00+00:00,finished,2,2-1,Cruz Azul,Agustín Palavecino,M,32,6.8,23,0,0,0.1704,0.0384402,4,0,2,14,11,1,0,0,0,0,0,1,2,0,0,1,0,0,0,1,2,0,4,0,0,0,0,0,0,0,2026-08-22T05:27:58.640875+00:00
Liga Mexicana 2026/2027,Cruz Azul - Club Puebla,2026-07-22T01:00:00+00:00,finished,2,2-1,Cruz Azul,Alan Montes,D,0,,0,0,0,,,0,0,0,0,0,0,0,0,0,0,0,0,0,0,0,0,0,0,0,0,0,0,0,0,0,0,0,0,0,0,2026-08-22T05:27:58.640937+00:00
Liga Mexicana 2026/2027,Cruz Azul - Club Puebla,2026-07-22T01:00:00+00:00,finished,2,2-1,Club Puebla,Alberto Herrera,M,56,6.7,19,0,1,,0.00451997,0,0,2,10,8,0,0,0,0,1,0,3,3,0,0,2,2,0,1,0,0,0,4,1,1,0,0,0,1,0,2026-08-22T05:27:58.640483+00:00
Liga Mexicana 2026/2027,Cruz Azul - Club Puebla,2026-07-22T01:00:00+00:00,finished,2,2-1,Club Puebla,Alejandro Organista,M,77,6.3,32,0,0,,0.00601226,0,0,1,27,22,1,1,1,0,0,0,0,1,0,0,0,0,1,2,6,0,0,6,0,0,0,0,0,1,0,2026-08-22T05:27:58.640470+00:00
Liga Mexicana 2026/2027,Cruz Azul - Club Puebla,2026-07-22T01:00:00+00:00,finished,2,2-1,Club Puebla,Alonso Ramirez,M,13,6.3,6,0,0,,0.00091044,0,0,0,6,4,2,1,0,0,0,0,0,1,0,0,0,0,0,0,0,0,0,2,0,1,1,0,0,1,0,2026-08-22T05:27:58.640537+00:00
Liga Mexicana 2026/2027,Cruz Azul - Club Puebla,2026-07-22T01:00:00+00:00,finished,2,2-1,Cruz Azul,Amaury Garcia,D,23,6.5,12,0,0,,0.00103793,0,0,0,7,7,0,0,0,0,0,0,1,2,0,0,0,0,1,1,1,0,0,2,1,1,0,0,0,0,0,2026-08-22T05:27:58.640910+00:00
Liga Mexicana 2026/2027,Cruz Azul - Club Puebla,2026-07-22T01:00:00+00:00,finished,2,2-1,Cruz Azul,Andres Montaño,M,0,,0,0,0,,,0,0,0,0,0,0,0,0,0,0,0,0,0,0,0,0,0,0,0,0,0,0,0,0,0,0,0,0,0,0,2026-08-22T05:27:58.640951+00:00
Liga Mexicana 2026/2027,Cruz Azul - Club Puebla,2026-07-22T01:00:00+00:00,finished,2,2-1,Cruz Azul,Andrés Gudiño,G,0,,0,0,0,,,0,0,0,0,0,0,0,0,0,0,0,0,0,0,0,0,0,0,0,0,0,0,0,0,0,0,0,0,0,0,2026-08-22T05:27:58.640975+00:00
Liga Mexicana 2026/2027,Cruz Azul - Club Puebla,2026-07-22T01:00:00+00:00,finished,2,2-1,Club Puebla,Angel Leyva,D,90,6.3,53,0,0,0.0418,0.00765348,1,1,1,24,18,3,1,1,0,2,1,4,2,0,0,3,1,4,0,5,0,0,17,0,0,0,0,0,2,0,2026-08-22T05:27:58.640375+00:00
Liga Mexicana 2026/2027,Cruz Azul - Club Puebla,2026-07-22T01:00:00+00:00,finished,2,2-1,Club Puebla,Brayan Garnica,M,12,6.5,11,0,0,,0.00293023,0,0,0,4,4,0,0,0,0,1,1,2,3,0,1,1,1,0,0,2,0,2,2,0,0,0,0,0,1,0,2026-08-22T05:27:58.640550+00:00
Liga Mexicana 2026/2027,Cruz Azul - Club Puebla,2026-07-22T01:00:00+00:00,finished,2,2-1,Club Puebla,Carlos Baltazar,M,34,6.8,22,0,0,,0.0249626,0,0,0,10,8,1,0,0,0,5,4,5,1,0,0,0,0,0,0,1,0,0,4,1,0,0,0,0,1,0,2026-08-22T05:27:58.640524+00:00
Liga Mexicana 2026/2027,Cruz Azul - Club Puebla,2026-07-22T01:00:00+00:00,finished,2,2-1,Cruz Azul,Carlos Rodríguez,M,90,6.9,98,0,0,0.0874,0.292422,2,1,4,79,70,7,3,6,1,4,1,1,7,0,0,0,0,0,0,7,0,0,18,0,2,0,0,0,1,0,2026-08-22T05:27:58.640746+00:00
Liga Mexicana 2026/2027,Cruz Azul - Club Puebla,2026-07-22T01:00:00+00:00,finished,2,2-1,Cruz Azul,Carlos Rotondi,M,68,6.3,54,0,0,0.0182,0.0380576,1,1,1,34,29,2,1,4,0,2,1,3,3,0,1,2,0,0,1,5,0,0,12,0,0,0,0,0,1,0,2026-08-22T05:27:58.640761+00:00
Liga Mexicana 2026/2027,Cruz Azul - Club Puebla,2026-07-22T01:00:00+00:00,finished,2,2-1,Club Puebla,Daniel Gutierrez,G,90,6.9,33,0,0,,0.0105373,0,0,0,21,13,15,7,0,0,0,0,1,0,1,0,0,0,1,0,12,0,0,8,0,0,0,0,5,2,1,2026-08-22T05:27:58.640359+00:00
Liga Mexicana 2026/2027,Cruz Azul - Club Puebla,2026-07-22T01:00:00+00:00,finished,2,2-1,Club Puebla,Eduardo Mustre,F,34,6.2,15,0,0,0.0721,0.0147858,1,0,0,7,6,1,1,0,0,0,0,1,6,0,0,0,0,0,0,0,1,5,6,1,1,1,0,0,1,0,2026-08-22T05:27:58.640511+00:00
Liga Mexicana 2026/2027,Cruz Azul - Club Puebla,2026-07-22T01:00:00+00:00,finished,2,2-1,Club Puebla,Eduardo Navarro,D,0,,0,0,0,,,0,0,0,0,0,0,0,0,0,0,0,0,0,0,0,0,0,0,0,0,0,0,0,0,0,0,0,0,0,0,2026-08-22T05:27:58.640616+00:00
Liga Mexicana 2026/2027,Cruz Azul - Club Puebla,2026-07-22T01:00:00+00:00,finished,2,2-1,Club Puebla,Emiliano Gómez,M,90,7.5,42,0,0,,0.604357,0,0,1,20,15,1,1,1,0,8,6,7,7,0,1,1,1,3,0,2,0,1,13,0,1,0,0,0,2,0,2026-08-22T05:27:58.640343+00:00
Liga Mexicana 2026/2027,Cruz Azul - Club Puebla,2026-07-22T01:00:00+00:00,finished,2,2-1,Cruz Azul,Erik Lira,D,90,7.1,79,0,0,0.0168,0.0158334,1,0,0,62,58,1,1,1,0,1,1,4,1,0,0,3,2,2,2,5,0,1,8,0,0,0,0,0,1,0,2026-08-22T05:27:58.640716+00:00
Liga Mexicana 2026/2027,Cruz Azul - Club Puebla,2026-07-22T01:00:00+00:00,finished,2,2-1,Club Puebla,Facundo Almada,D,90,6.5,44,0,0,0.0622,0.00367155,2,1,0,24,17,9,3,0,0,1,1,4,4,3,3,0,0,10,2,2,1,0,7,0,1,0,0,0,2,0,2026-08-22T05:27:58.640390+00:00
Liga Mexicana 2026/2027,Cruz Azul - Club Puebla,2026-07-22T01:00:00+00:00,finished,2,2-1,Club Puebla,Fernando Monarrez,D,90,8.1,58,1,0,0.0261,0.0732386,2,1,2,30,26,7,5,1,1,1,1,6,2,0,0,3,2,3,1,8,1,0,10,2,0,1,0,0,2,0,2026-08-22T05:27:58.640270+00:00
Liga Mexicana 2026/2027,Cruz Azul - Club Puebla,2026-07-22T01:00:00+00:00,finished,2,2-1,Cruz Azul,Gabriel Fernández,F,67,6.6,19,0,0,0.1769,0.00679083,3,0,0,10,9,0,0,0,0,2,1,5,3,2,0,1,1,0,0,1,0,1,4,1,0,0,0,0,1,0,2026-08-22T05:27:58.640793+00:00
Liga Mexicana 2026/2027,Cruz Azul - Club Puebla,2026-07-22T01:00:00+00:00,finished,2,2-1,Cruz Azul,Gonzalo Piovi,D,58,6.8,84,0,0,,0.0183078,0,0,1,77,73,9,7,0,0,0,0,2,4,0,1,2,0,3,1,3,0,0,4,0,0,0,0,0,1,0,2026-08-22T05:27:58.640823+00:00
Liga Mexicana 2026/2027,Cruz Azul - Club Puebla,2026-07-22T01:00:00+00:00,finished,2,2-1,Cruz Azul,Jeremy Márquez,M,90,7.7,80,0,1,0.0783,0.297484,3,0,3,52,46,1,1,4,2,3,2,11,4,1,0,6,3,0,2,3,1,0,9,2,0,0,0,0,1,0,2026-08-22T05:27:58.640701+00:00
Liga Mexicana 2026/2027,Cruz Azul - Club Puebla,2026-07-22T01:00:00+00:00,finished,2,2-1,Cruz Azul,Jesús Orozco,D,90,7.3,94,0,0,0.0442,0.0190897,2,1,0,77,75,4,4,0,0,0,0,4,5,2,3,2,2,6,1,5,1,0,2,0,2,0,0,0,1,0,2026-08-22T05:27:58.640687+00:00
Liga Mexicana 2026/2027,Cruz Azul - Club Puebla,2026-07-22T01:00:00+00:00,finished,2,2-1,Club Puebla,Jesús Rodríguez,G,0,,0,0,0,,,0,0,0,0,0,0,0,0,0,0,0,0,0,0,0,0,0,0,0,0,0,0,0,0,0,0,0,0,0,0,2026-08-22T05:27:58.640586+00:00
Liga Mexicana 2026/2027,Cruz Azul - Club Puebla,2026-07-22T01:00:00+00:00,finished,2,2-1,Cruz Azul,Jorge Rodarte Barragan,D,0,,0,0,0,,,0,0,0,0,0,0,0,0,0,0,0,0,0,0,0,0,0,0,0,0,0,0,0,0,0,0,0,0,0,0,2026-08-22T05:27:58.640964+00:00
Liga Mexicana 2026/2027,Cruz Azul - Club Puebla,2026-07-22T01:00:00+00:00,finished,2,2-1,Cruz Azul,José Paradela,F,90,7.1,72,0,1,,0.490566,0,0,3,48,39,2,2,5,1,4,3,5,7,0,0,0,0,1,0,3,0,3,19,2,1,0,0,0,1,0,2026-08-22T05:27:58.640731+00:00
Liga Mexicana 2026/2027,Cruz Azul - Club Puebla,2026-07-22T01:00:00+00:00,finished,2,2-1,Cruz Azul,Juan Calero,F,0,,0,0,0,,,0,0,0,0,0,0,0,0,0,0,0,0,0,0,0,0,0,0,0,0,0,0,0,0,0,0,0,0,0,0,2026-08-22T05:27:58.640990+00:00
Liga Mexicana 2026/2027,Cruz Azul - Club Puebla,2026-07-22T01:00:00+00:00,finished,2,2-1,Club Puebla,Juan Pablo Vargas,D,90,6.6,49,0,0,,0.0230969,0,0,0,34,27,7,3,0,0,0,0,0,1,0,1,0,0,12,0,4,0,0,7,0,0,0,0,0,2,0,2026-08-22T05:27:58.640423+00:00
Liga Mexicana 2026/2027,Cruz Azul - Club Puebla,2026-07-22T01:00:00+00:00,finished,2,2-1,Cruz Azul,Kevin Mier,G,90,6.9,30,0,0,,0.0002096,0,0,0,24,22,2,0,0,0,0,0,0,0,0,0,0,0,0,0,5,0,0,2,0,0,0,0,3,1,0,2026-08-22T05:27:58.640672+00:00
Liga Mexicana 2026/2027,Cruz Azul - Club Puebla,2026-07-22T01:00:00+00:00,finished,2,2-1,Club Puebla,Kevin Velasco,F,78,6.3,49,0,0,0.0355,0.142599,2,0,2,26,19,1,1,4,3,3,1,2,8,0,1,1,0,1,2,4,2,3,17,0,1,0,0,0,1,0,2026-08-22T05:27:58.640456+00:00
Liga Mexicana 2026/2027,Cruz Azul - Club Puebla,2026-07-22T01:00:00+00:00,finished,2,2-1,Club Puebla,Luifer Hernández,F,56,6.1,18,0,0,0.6049,0.00391996,1,1,0,8,6,0,0,0,0,1,0,3,2,1,0,0,0,0,0,2,0,1,7,2,0,0,0,0,1,0,2026-08-22T05:27:58.640497+00:00
Liga Mexicana 2026/2027,Cruz Azul - Club Puebla,2026-07-22T01:00:00+00:00,finished,2,2-1,Cruz Azul,Luka Romero,F,67,7.5,50,1,0,0.2667,0.0315968,1,1,4,35,31,0,0,3,0,0,0,3,4,0,0,2,1,0,0,4,0,0,11,1,3,1,0,0,1,0,2026-08-22T05:27:58.640807+00:00
Liga Mexicana 2026/2027,Cruz Azul - Club Puebla,2026-07-22T01:00:00+00:00,finished,2,2-1,Club Puebla,Mathías Tomás,M,10,6.5,9,0,0,,0.00187253,0,0,0,8,6,1,1,1,0,0,0,0,1,0,0,0,0,0,0,0,0,0,3,0,1,0,0,0,0,0,2026-08-22T05:27:58.640563+00:00
Liga Mexicana 2026/2027,Cruz Azul - Club Puebla,2026-07-22T01:00:00+00:00,finished,2,2-1,Cruz Azul,Nicolás Ibáñez,F,58,6.1,17,0,0,0.0459,0.00248455,1,1,0,9,7,0,0,1,0,2,1,1,3,0,0,0,0,0,0,0,0,0,6,0,2,1,0,0,1,0,2026-08-22T05:27:58.640846+00:00
Liga Mexicana 2026/2027,Cruz Azul - Club Puebla,2026-07-22T01:00:00+00:00,finished,2,2-1,Cruz Azul,Omar Campos,M,23,7.1,14,0,0,0.0153,0.0785968,1,0,1,6,6,0,0,1,1,1,1,2,0,1,0,0,0,0,2,2,1,0,0,0,0,0,0,0,0,0,2026-08-22T05:27:58.640896+00:00
Liga Mexicana 2026/2027,Cruz Azul - Club Puebla,2026-07-22T01:00:00+00:00,finished,2,2-1,Club Puebla,Omar Moreno,M,0,,0,0,0,,,0,0,0,0,0,0,0,0,0,0,0,0,0,0,0,0,0,0,0,0,0,0,0,0,0,0,0,0,0,0,2026-08-22T05:27:58.640631+00:00
Liga Mexicana 2026/2027,Cruz Azul - Club Puebla,2026-07-22T01:00:00+00:00,finished,2,2-1,Cruz Azul,Osinachi Ebere,F,22,7.5,13,1,0,0.3931,0.0226976,3,2,0,7,6,0,0,0,0,0,0,1,2,1,1,0,0,1,0,1,1,1,2,0,0,0,0,0,0,0,2026-08-22T05:27:58.640924+00:00
Liga Mexicana 2026/2027,Cruz Azul - Club Puebla,2026-07-22T01:00:00+00:00,finished,2,2-1,Club Puebla,Raúl Castillo,M,0,,0,0,0,,,0,0,0,0,0,0,0,0,0,0,0,0,0,0,0,0,0,0,0,0,0,0,0,0,0,0,0,0,0,0,2026-08-22T05:27:58.640646+00:00
Liga Mexicana 2026/2027,Cruz Azul - Club Puebla,2026-07-22T01:00:00+00:00,finished,2,2-1,Club Puebla,Sergio Sanabria,M,87,7.1,36,0,0,0.0162,0.00522176,1,0,0,17,13,2,1,0,0,1,1,9,4,1,0,3,3,3,2,2,0,1,6,4,0,0,0,0,2,0,2026-08-22T05:27:58.640439+00:00
Liga Mexicana 2026/2027,Cruz Azul - Club Puebla,2026-07-22T01:00:00+00:00,finished,2,2-1,Cruz Azul,Willer Ditta,D,32,7.0,31,0,0,,0.00325555,0,0,0,24,18,5,0,0,0,0,0,2,0,0,0,2,2,2,0,2,0,0,6,0,0,0,0,0,0,0,2026-08-22T05:27:58.640861+00:00
Liga Mexicana 2026/2027,Cruz Azul - Club Puebla,2026-07-22T01:00:00+00:00,finished,2,2-1,Club Puebla,Óscar Villa,D,0,,0,0,0,,,0,0,0,0,0,0,0,0,0,0,0,0,0,0,0,0,0,0,0,0,0,0,0,0,0,0,0,0,0,0,2026-08-22T05:27:58.640602+00:00
Liga Mexicana 2026/2027,CD Toluca - Pumas UNAM,2026-07-22T03:05:00+00:00,finished,2,1-2,Pumas UNAM,,,88,6.9,42,0,0,,0.0191047,0,0,1,20,13,2,2,0,0,3,2,8,4,1,1,3,1,2,1,1,0,1,14,2,1,0,0,0,1,0,2026-08-09T05:19:53.643242+00:00
Liga Mexicana 2026/2027,CD Toluca - Pumas UNAM,2026-07-22T03:05:00+00:00,finished,2,1-2,Pumas UNAM,Alan Medina,M,9,6.6,3,0,0,,,0,0,0,0,0,0,0,0,0,0,0,0,0,0,0,0,0,2,0,0,0,0,0,0,0,0,0,0,0,0,2026-08-22T05:27:58.816307+00:00
Liga Mexicana 2026/2027,CD Toluca - Pumas UNAM,2026-07-22T03:05:00+00:00,finished,2,1-2,CD Toluca,Alexis Vega,M,66,6.6,49,0,0,0.0382,0.046475,1,0,1,31,24,3,2,7,0,4,2,3,5,0,1,1,1,0,0,5,1,0,18,0,0,0,0,0,2,0,2026-08-22T05:27:58.815871+00:00
Liga Mexicana 2026/2027,CD Toluca - Pumas UNAM,2026-07-22T03:05:00+00:00,finished,2,1-2,Pumas UNAM,Angel Azuaje,D,0,,0,0,0,,,0,0,0,0,0,0,0,0,0,0,0,0,0,0,0,0,0,0,0,0,0,0,0,0,0,0,0,0,0,0,2026-08-22T05:27:58.816410+00:00
Liga Mexicana 2026/2027,CD Toluca - Pumas UNAM,2026-07-22T03:05:00+00:00,finished,2,1-2,CD Toluca,Antonio Briseño,D,0,,0,0,0,,,0,0,0,0,0,0,0,0,0,0,0,0,0,0,0,0,0,0,0,0,0,0,0,0,0,0,0,0,0,0,2026-08-22T05:27:58.816009+00:00
Liga Mexicana 2026/2027,CD Toluca - Pumas UNAM,2026-07-22T03:05:00+00:00,finished,2,1-2,Pumas UNAM,Antonio Leone,D,1,,0,0,0,,,0,0,0,0,0,0,0,0,0,0,0,0,0,0,0,0,0,0,0,0,0,0,0,0,0,0,0,0,0,0,2026-08-22T05:27:58.816321+00:00
Liga Mexicana 2026/2027,CD Toluca - Pumas UNAM,2026-07-22T03:05:00+00:00,finished,2,1-2,CD Toluca,Brian García,D,76,6.6,69,0,0,,0.0327911,0,0,1,50,41,5,3,1,0,0,0,2,0,1,0,1,1,4,0,3,0,0,11,0,0,0,0,0,2,0,2026-08-22T05:27:58.815841+00:00
Liga Mexicana 2026/2027,CD Toluca - Pumas UNAM,2026-07-22T03:05:00+00:00,finished,2,1-2,CD Toluca,Bruno Méndez,D,90,6.6,90,0,0,0.0253,0.0233306,1,0,0,82,71,8,6,0,0,0,0,3,3,2,3,1,0,1,3,3,1,0,12,0,0,0,0,0,2,0,2026-08-22T05:27:58.815765+00:00
Liga Mexicana 2026/2027,CD Toluca - Pumas UNAM,2026-07-22T03:05:00+00:00,finished,2,1-2,CD Toluca,Carlos Carrillo,F,14,6.3,6,0,0,0.208,0.0261073,1,1,1,5,3,0,0,0,0,0,0,1,2,1,1,0,0,0,0,0,0,0,2,0,0,0,0,0,0,0,2026-08-22T05:27:58.815939+00:00
Liga Mexicana 2026/2027,CD Toluca - Pumas UNAM,2026-07-22T03:05:00+00:00,finished,2,1-2,Pumas UNAM,Cristian Calderón,D,0,,0,0,0,,,0,0,0,0,0,0,0,0,0,0,0,0,0,0,0,0,0,0,0,0,0,0,0,0,0,0,0,0,0,0,2026-08-22T05:27:58.816395+00:00
Liga Mexicana 2026/2027,CD Toluca - Pumas UNAM,2026-07-22T03:05:00+00:00,finished,2,1-2,CD Toluca,Diego Barbosa,D,86,6.2,66,0,0,,0.0476937,0,0,0,36,28,4,0,3,1,2,0,7,7,0,2,7,4,3,3,4,0,1,14,0,2,0,0,0,2,0,2026-08-22T05:27:58.815827+00:00
Liga Mexicana 2026/2027,CD Toluca - Pumas UNAM,2026-07-22T03:05:00+00:00,finished,2,1-2,CD Toluca,Everardo López,D,0,,0,0,0,,,0,0,0,0,0,0,0,0,0,0,0,0,0,0,0,0,0,0,0,0,0,0,0,0,0,0,0,0,0,0,2026-08-22T05:27:58.815992+00:00
Liga Mexicana 2026/2027,CD Toluca - Pumas UNAM,2026-07-22T03:05:00+00:00,finished,2,1-2,CD Toluca,Federico Pereira,D,0,,0,0,0,,,0,0,0,0,0,0,0,0,0,0,0,0,0,0,0,0,0,0,0,0,0,0,0,0,0,0,0,0,0,0,2026-08-22T05:27:58.815979+00:00
Liga Mexicana 2026/2027,CD Toluca - Pumas UNAM,2026-07-22T03:05:00+00:00,finished,2,1-2,CD Toluca,Fernando Arce Juárez,M,90,6.9,78,0,0,0.1519,0.0630775,3,0,1,59,52,1,1,1,0,0,0,4,4,1,1,3,2,4,0,7,2,1,11,0,0,0,0,0,2,0,2026-08-22T05:27:58.815690+00:00
Liga Mexicana 2026/2027,CD Toluca - Pumas UNAM,2026-07-22T03:05:00+00:00,finished,2,1-2,CD Toluca,Franco Romero,M,24,6.8,27,0,0,,0.0195367,0,0,0,26,24,0,0,0,0,0,0,1,0,0,0,0,0,0,0,1,0,0,2,1,0,0,0,0,0,0,2026-08-22T05:27:58.815913+00:00
Liga Mexicana 2026/2027,CD Toluca - Pumas UNAM,2026-07-22T03:05:00+00:00,finished,2,1-2,Pumas UNAM,Guillermo Martínez,F,1,,2,0,0,,,0,0,0,1,0,0,0,0,0,0,0,1,0,1,0,0,0,1,0,0,0,0,1,0,0,0,0,0,0,0,2026-08-22T05:27:58.816335+00:00
Liga Mexicana 2026/2027,CD Toluca - Pumas UNAM,2026-07-22T03:05:00+00:00,finished,2,1-2,CD Toluca,Helinho,M,90,7.1,83,0,1,0.2659,0.241488,5,1,4,47,38,6,3,8,2,3,2,8,9,1,1,1,0,0,2,5,1,4,26,4,2,1,0,0,2,0,2026-08-22T05:27:58.815812+00:00
Liga Mexicana 2026/2027,CD Toluca - Pumas UNAM,2026-07-22T03:05:00+00:00,finished,2,1-2,CD Toluca,Hugo Gonzalez,G,90,7.1,46,0,0,,0.00018317,0,0,0,36,35,10,9,0,0,0,0,0,0,0,0,0,0,1,0,8,0,0,2,0,0,0,0,1,2,0,2026-08-22T05:27:58.815745+00:00
Liga Mexicana 2026/2027,CD Toluca - Pumas UNAM,2026-07-22T03:05:00+00:00,finished,2,1-2,CD Toluca,Jesús Gallardo,D,24,6.9,21,0,0,,0.0547414,0,0,1,12,8,0,0,4,1,1,1,1,1,0,0,0,0,0,0,0,0,0,8,0,0,0,0,0,0,0,2026-08-22T05:27:58.815899+00:00
Liga Mexicana 2026/2027,CD Toluca - Pumas UNAM,2026-07-22T03:05:00+00:00,finished,2,1-2,CD Toluca,Jesús Ricardo Angulo,M,66,6.2,33,0,0,0.1778,0.0116866,2,1,0,23,19,1,1,2,0,3,2,3,3,0,1,0,0,0,0,0,1,1,9,1,0,0,0,0,2,0,2026-08-22T05:27:58.815857+00:00
Liga Mexicana 2026/2027,CD Toluca - Pumas UNAM,2026-07-22T03:05:00+00:00,finished,2,1-2,CD Toluca,Jorge Díaz,M,90,7.6,42,1,0,0.2862,0.0156681,1,1,1,28,20,0,0,0,0,2,1,3,4,0,0,0,0,0,0,5,0,3,14,2,0,0,0,0,2,0,2026-08-22T05:27:58.815796+00:00
Liga Mexicana 2026/2027,CD Toluca - Pumas UNAM,2026-07-22T03:05:00+00:00,finished,2,1-2,Pumas UNAM,Juninho,F,88,6.9,42,0,0,,0.0191047,0,0,1,20,13,2,2,0,0,3,2,8,4,1,1,3,1,2,1,1,0,1,14,2,1,0,0,0,1,0,2026-08-22T05:27:58.816261+00:00
Liga Mexicana 2026/2027,CD Toluca - Pumas UNAM,2026-07-22T03:05:00+00:00,finished,2,1-2,Pumas UNAM,Keylor Navas,G,90,6.8,44,0,0,,0.0422779,0,0,0,34,16,22,4,0,0,0,0,0,0,0,0,0,0,3,0,6,0,0,18,0,0,0,0,3,1,2,2026-08-22T05:27:58.816065+00:00
Liga Mexicana 2026/2027,CD Toluca - Pumas UNAM,2026-07-22T03:05:00+00:00,finished,2,1-2,Pumas UNAM,Kleber Carranza,D,0,,0,0,0,,,0,0,0,0,0,0,0,0,0,0,0,0,0,0,0,0,0,0,0,0,0,0,0,0,0,0,0,0,0,0,2026-08-07T05:38:33.003952+00:00
Liga Mexicana 2026/2027,CD Toluca - Pumas UNAM,2026-07-22T03:05:00+00:00,finished,2,1-2,Pumas UNAM,Kléber Carranza,D,0,,0,0,0,,,0,0,0,0,0,0,0,0,0,0,0,0,0,0,0,0,0,0,0,0,0,0,0,0,0,0,0,0,0,0,2026-08-22T05:27:58.816360+00:00
Liga Mexicana 2026/2027,CD Toluca - Pumas UNAM,2026-07-22T03:05:00+00:00,finished,2,1-2,CD Toluca,Luan,D,90,6.4,70,0,0,,0.00694851,0,0,0,65,61,7,6,0,0,0,0,0,1,0,1,0,0,2,1,6,0,0,4,0,0,0,0,0,2,0,2026-08-22T05:27:58.815780+00:00
Liga Mexicana 2026/2027,CD Toluca - Pumas UNAM,2026-07-22T03:05:00+00:00,finished,2,1-2,CD Toluca,Luis García,G,0,,0,0,0,,,0,0,0,0,0,0,0,0,0,0,0,0,0,0,0,0,0,0,0,0,0,0,0,0,0,0,0,0,0,0,2026-08-22T05:27:58.815966+00:00
Liga Mexicana 2026/2027,CD Toluca - Pumas UNAM,2026-07-22T03:05:00+00:00,finished,2,1-2,Pumas UNAM,Nathan Silva,D,90,7.0,54,0,0,,0.0103979,0,0,0,37,32,7,2,0,0,0,0,1,2,0,0,1,1,10,2,6,0,0,5,0,1,0,0,0,1,0,2026-08-22T05:27:58.816079+00:00
Liga Mexicana 2026/2027,CD Toluca - Pumas UNAM,2026-07-22T03:05:00+00:00,finished,2,1-2,CD Toluca,Nicolás Castro,M,24,6.8,22,0,0,0.0239,0.0223422,1,0,0,16,12,0,0,1,0,0,0,2,0,0,0,0,0,0,1,2,0,0,5,2,0,0,0,0,0,0,2026-08-22T05:27:58.815926+00:00
Liga Mexicana 2026/2027,CD Toluca - Pumas UNAM,2026-07-22T03:05:00+00:00,finished,2,1-2,Pumas UNAM,Pablo Bennevendo,D,45,6.6,24,0,0,,0.10269,0,0,0,14,11,3,1,0,0,1,1,1,1,0,0,0,0,3,1,1,0,0,5,0,0,0,0,0,1,0,2026-08-22T05:27:58.816293+00:00
Liga Mexicana 2026/2027,CD Toluca - Pumas UNAM,2026-07-22T03:05:00+00:00,finished,2,1-2,Pumas UNAM,Pablo Lara,G,0,,0,0,0,,,0,0,0,0,0,0,0,0,0,0,0,0,0,0,0,0,0,0,0,0,0,0,0,0,0,0,0,0,0,0,2026-08-22T05:27:58.816377+00:00
Liga Mexicana 2026/2027,CD Toluca - Pumas UNAM,2026-07-22T03:05:00+00:00,finished,2,1-2,Pumas UNAM,Pedro Vite,M,90,7.5,63,0,0,,0.162166,0,0,0,40,31,4,2,1,1,3,2,8,3,3,0,3,3,4,4,7,0,0,13,0,1,0,0,0,1,0,2026-08-22T05:27:58.816190+00:00
Liga Mexicana 2026/2027,CD Toluca - Pumas UNAM,2026-07-22T03:05:00+00:00,finished,2,1-2,Pumas UNAM,Robert Morales,F,89,6.7,36,0,1,0.0286,0.0138666,1,0,2,20,14,2,2,0,0,3,1,4,9,1,2,2,1,3,0,6,0,3,12,0,1,0,0,0,1,0,2026-08-22T05:27:58.816243+00:00
Liga Mexicana 2026/2027,CD Toluca - Pumas UNAM,2026-07-22T03:05:00+00:00,finished,2,1-2,Pumas UNAM,Rodrigo Lopez,D,90,6.9,54,0,1,0.1569,0.397276,2,0,2,28,25,2,2,3,2,0,0,3,4,1,2,2,1,2,4,3,0,1,10,0,1,1,0,0,1,0,2026-08-22T05:27:58.816045+00:00
Liga Mexicana 2026/2027,CD Toluca - Pumas UNAM,2026-07-22T03:05:00+00:00,finished,2,1-2,Pumas UNAM,Rubén Duarte,D,90,6.6,35,0,0,,0.0036509,0,0,0,25,21,5,3,0,0,0,0,2,1,1,1,1,0,6,0,1,0,0,5,0,0,0,0,0,1,0,2026-08-22T05:27:58.816092+00:00
Liga Mexicana 2026/2027,CD Toluca - Pumas UNAM,2026-07-22T03:05:00+00:00,finished,2,1-2,CD Toluca,Santiago Simón,D,11,6.5,9,0,0,,0.00326463,0,0,0,5,5,0,0,3,0,0,0,0,1,0,0,0,0,0,0,0,0,1,4,0,0,0,0,0,0,0,2026-08-22T05:27:58.815953+00:00
Liga Mexicana 2026/2027,CD Toluca - Pumas UNAM,2026-07-22T03:05:00+00:00,finished,2,1-2,Pumas UNAM,Santiago Trigos,M,0,,0,0,0,,,0,0,0,0,0,0,0,0,0,0,0,0,0,0,0,0,0,0,0,0,0,0,0,0,0,0,0,0,0,0,2026-08-22T05:27:58.816348+00:00
Liga Mexicana 2026/2027,CD Toluca - Pumas UNAM,2026-07-22T03:05:00+00:00,finished,2,1-2,Pumas UNAM,Sebastián Córdova,M,45,7.4,23,1,0,0.0818,0.011829,2,1,0,15,11,2,0,0,0,0,0,2,3,1,0,1,1,0,0,2,1,1,9,0,2,0,0,0,0,0,2026-08-22T05:27:58.816279+00:00
Liga Mexicana 2026/2027,CD Toluca - Pumas UNAM,2026-07-22T03:05:00+00:00,finished,2,1-2,Pumas UNAM,Stanley García,M,0,,0,0,0,,,0,0,0,0,0,0,0,0,0,0,0,0,0,0,0,0,0,0,0,0,0,0,0,0,0,0,0,0,0,0,2026-08-22T05:27:58.816430+00:00
Liga Mexicana 2026/2027,CD Toluca - Pumas UNAM,2026-07-22T03:05:00+00:00,finished,2,1-2,Pumas UNAM,Uriel Antuna,F,89,6.4,36,0,0,0.2451,0.0203883,1,1,1,24,18,2,0,1,0,1,0,2,4,2,0,0,0,1,1,5,0,1,10,0,0,0,0,0,1,0,2026-08-22T05:27:58.816228+00:00
Liga Mexicana 2026/2027,CD Toluca - Pumas UNAM,2026-07-22T03:05:00+00:00,finished,2,1-2,Pumas UNAM,Victor Arteaga,M,90,8.0,45,1,0,0.1478,0.0103919,2,1,1,24,20,3,1,0,0,2,2,6,3,0,1,3,2,2,5,3,0,0,7,1,1,0,0,0,1,0,2026-08-22T05:27:58.816209+00:00
Liga Mexicana 2026/2027,CD Toluca - Pumas UNAM,2026-07-22T03:05:00+00:00,finished,2,1-2,CD Toluca,Víctor Guzmán,M,66,6.8,62,0,0,0.0154,0.0546174,1,0,0,55,48,4,3,0,0,0,0,3,3,2,2,0,0,1,1,2,1,0,9,1,0,0,0,0,2,0,2026-08-22T05:27:58.815884+00:00
Liga Mexicana 2026/2027,CD Toluca - Pumas UNAM,2026-07-22T03:05:00+00:00,finished,2,1-2,Pumas UNAM,Álvaro Angulo,D,90,6.9,62,0,0,,0.00932032,0,0,0,24,22,2,2,0,0,3,1,5,7,2,1,2,2,8,2,6,0,0,12,0,3,0,0,0,1,0,2026-08-22T05:27:58.816168+00:00
Liga Mexicana 2026/2027,CD Toluca - Pumas UNAM,2026-07-22T03:05:00+00:00,finished,2,1-2,CD Toluca,Érick Gutiérrez,M,0,,0,0,0,,,0,0,0,0,0,0,0,0,0,0,0,0,0,0,0,0,0,0,0,0,0,0,0,0,0,0,0,0,0,0,2026-08-22T05:27:58.816027+00:00
Liga Mexicana 2026/2027,Atlante FC - Club América,2026-07-25T03:00:00+00:00,finished,2,1-1,Atlante FC,,,14,6.5,9,0,0,,8.513e-05,0,0,0,5,2,3,0,0,0,0,0,1,4,0,3,1,1,1,0,0,0,0,4,0,1,0,0,0,0,0,2026-08-22T05:27:58.685288+00:00
Liga Mexicana 2026/2027,Atlante FC - Club América,2026-07-25T03:00:00+00:00,finished,2,1-1,Club América,Adrián Fernández,F,0,,0,0,0,,,0,0,0,0,0,0,0,0,0,0,0,0,0,0,0,0,0,0,0,0,0,0,0,0,0,0,0,0,0,0,2026-08-12T05:17:08.992204+00:00
Liga Mexicana 2026/2027,Atlante FC - Club América,2026-07-25T03:00:00+00:00,finished,2,1-1,Club América,Alejandro Cardenas,F,10,6.6,5,0,0,0.1003,0.00499622,2,2,0,2,2,0,0,0,0,0,0,2,0,2,0,0,0,0,0,1,0,0,0,0,0,0,0,0,0,0,2026-08-22T05:27:58.684972+00:00
Liga Mexicana 2026/2027,Atlante FC - Club América,2026-07-25T03:00:00+00:00,finished,2,1-1,Club América,Alexis Gutiérrez,M,15,7.0,16,0,0,0.0289,0.357449,1,0,2,6,6,0,0,5,3,0,0,1,1,0,0,0,0,0,0,0,0,1,3,1,0,0,0,0,0,0,2026-08-22T05:27:58.684947+00:00
Liga Mexicana 2026/2027,Atlante FC - Club América,2026-07-25T03:00:00+00:00,finished,2,1-1,Atlante FC,Armando Escobar,D,0,,0,0,0,,,0,0,0,0,0,0,0,0,0,0,0,0,0,0,0,0,0,0,0,0,0,0,0,0,0,0,0,0,0,0,2026-08-22T05:27:58.685363+00:00
Liga Mexicana 2026/2027,Atlante FC - Club América,2026-07-25T03:00:00+00:00,finished,2,1-1,Atlante FC,Axl Padilla,D,0,,0,0,0,,,0,0,0,0,0,0,0,0,0,0,0,0,0,0,0,0,0,0,0,0,0,0,0,0,0,0,0,0,0,0,2026-08-22T05:27:58.685379+00:00
Liga Mexicana 2026/2027,Atlante FC - Club América,2026-07-25T03:00:00+00:00,finished,2,1-1,Club América,Cristián Borja,D,86,7.8,38,1,0,0.2687,0.140495,1,1,0,28,25,4,4,1,0,0,0,4,1,2,0,0,0,0,0,0,0,0,7,2,1,0,0,0,1,0,2026-08-22T05:27:58.684882+00:00
Liga Mexicana 2026/2027,Atlante FC - Club América,2026-07-25T03:00:00+00:00,finished,2,1-1,Club América,Dagoberto Espinoza,D,90,7.2,85,0,0,0.1182,0.162445,2,0,1,59,52,5,3,1,0,1,0,5,6,2,0,1,1,3,1,5,0,1,17,2,3,0,0,0,1,0,2026-08-22T05:27:58.684811+00:00
Liga Mexicana 2026/2027,Atlante FC - Club América,2026-07-25T03:00:00+00:00,finished,2,1-1,Atlante FC,Edgar Jiménez,M,33,6.7,24,0,0,,0.0127949,0,0,0,15,12,3,2,2,0,0,0,1,2,0,1,1,1,2,0,5,0,0,7,0,1,1,0,0,0,0,2026-08-22T05:27:58.685262+00:00
Liga Mexicana 2026/2027,Atlante FC - Club América,2026-07-25T03:00:00+00:00,finished,2,1-1,Atlante FC,Eduardo Tercero,D,90,7.4,47,0,0,,0.00451108,0,0,0,27,17,9,4,0,0,0,0,9,3,5,1,3,1,8,1,1,0,1,11,2,1,0,0,0,1,0,2026-08-22T05:27:58.685148+00:00
Liga Mexicana 2026/2027,Atlante FC - Club América,2026-07-25T03:00:00+00:00,finished,2,1-1,Club América,Emilio Lara,D,0,,0,0,0,,,0,0,0,0,0,0,0,0,0,0,0,0,0,0,0,0,0,0,0,0,0,0,0,0,0,0,0,0,0,0,2026-08-22T05:27:58.685017+00:00
Liga Mexicana 2026/2027,Atlante FC - Club América,2026-07-25T03:00:00+00:00,finished,2,1-1,Club América,Erick Sánchez,M,90,7.1,84,0,0,0.0271,0.0194571,1,0,0,70,57,6,4,0,0,0,0,10,4,4,0,4,1,0,1,6,1,2,17,2,1,1,0,0,1,0,2026-08-22T05:27:58.684713+00:00
Liga Mexicana 2026/2027,Atlante FC - Club América,2026-07-25T03:00:00+00:00,finished,2,1-1,Atlante FC,Eugenio Pizzuto,M,76,7.2,43,1,0,0.3515,0.00772914,2,1,0,31,25,5,1,2,0,0,0,2,8,0,2,0,0,1,1,5,0,3,11,2,2,0,0,0,1,0,2026-08-22T05:27:58.685222+00:00
Liga Mexicana 2026/2027,Atlante FC - Club América,2026-07-25T03:00:00+00:00,finished,2,1-1,Club América,Fernando Tapia,G,0,,0,0,0,,,0,0,0,0,0,0,0,0,0,0,0,0,0,0,0,0,0,0,0,0,0,0,0,0,0,0,0,0,0,0,2026-08-22T05:27:58.685043+00:00
Liga Mexicana 2026/2027,Atlante FC - Club América,2026-07-25T03:00:00+00:00,finished,2,1-1,Club América,Franco Rossano,D,14,6.8,14,0,0,,0.014653,0,0,0,9,7,3,1,0,0,0,0,1,1,0,0,0,0,1,1,2,0,0,3,1,1,0,0,0,0,0,2026-08-22T05:27:58.684959+00:00
Liga Mexicana 2026/2027,Atlante FC - Club América,2026-07-25T03:00:00+00:00,finished,2,1-1,Club América,Henry Martín,F,80,5.9,38,0,0,0.0614,0.0908089,1,0,2,20,15,0,0,0,0,4,0,6,12,3,5,2,1,0,0,1,1,2,16,2,2,1,0,0,1,0,2026-08-22T05:27:58.684894+00:00
Liga Mexicana 2026/2027,Atlante FC - Club América,2026-07-25T03:00:00+00:00,finished,2,1-1,Club América,Isaías Violante,M,90,7.1,56,0,1,0.1957,0.582993,4,1,5,32,20,2,1,8,4,3,0,4,6,1,2,1,1,0,0,5,1,0,22,2,0,0,0,0,1,0,2026-08-22T05:27:58.684853+00:00
Liga Mexicana 2026/2027,Atlante FC - Club América,2026-07-25T03:00:00+00:00,finished,2,1-1,Atlante FC,Jairón Charcopa,F,0,,0,0,0,,,0,0,0,0,0,0,0,0,0,0,0,0,0,0,0,0,0,0,0,0,0,0,0,0,0,0,0,0,0,0,2026-08-22T05:27:58.685328+00:00
Liga Mexicana 2026/2027,Atlante FC - Club América,2026-07-25T03:00:00+00:00,finished,2,1-1,Atlante FC,Javier Ibarra,M,14,6.8,11,0,0,,0.0154361,0,0,0,5,3,1,0,1,1,0,0,3,0,0,0,0,0,1,0,2,0,0,3,3,0,0,0,0,0,0,2026-08-22T05:27:58.685275+00:00
Liga Mexicana 2026/2027,Atlante FC - Club América,2026-07-25T03:00:00+00:00,finished,2,1-1,Atlante FC,Jhojan Julio,M,90,6.7,26,0,1,,0.0995212,0,0,1,14,13,0,0,0,0,2,2,5,10,0,3,3,3,0,0,4,0,3,7,0,3,0,0,0,1,0,2026-08-22T05:27:58.685182+00:00
Liga Mexicana 2026/2027,Atlante FC - Club América,2026-07-25T03:00:00+00:00,finished,2,1-1,Atlante FC,José González,M,13,6.6,5,0,0,,0.00969878,0,0,0,2,1,0,0,0,0,1,0,0,1,0,0,0,0,1,0,0,0,0,2,0,0,0,0,0,0,0,2026-08-22T05:27:58.685314+00:00
Liga Mexicana 2026/2027,Atlante FC - Club América,2026-07-25T03:00:00+00:00,finished,2,1-1,Club América,Kevin Álvarez,D,75,6.8,67,0,0,0.0219,0.023349,1,1,0,45,35,4,4,0,0,2,1,6,4,4,0,0,0,4,0,2,0,1,16,1,1,1,0,0,1,0,2026-08-22T05:27:58.684907+00:00
Liga Mexicana 2026/2027,Atlante FC - Club América,2026-07-25T03:00:00+00:00,finished,2,1-1,Atlante FC,Leonardo Mejía,M,14,6.7,12,0,0,0.1623,0.00237411,1,0,0,5,3,1,0,0,0,0,0,2,1,0,1,2,2,1,1,3,0,0,2,0,0,0,0,0,0,0,2026-08-22T05:27:58.685301+00:00
Liga Mexicana 2026/2027,Atlante FC - Club América,2026-07-25T03:00:00+00:00,finished,2,1-1,Atlante FC,Luis Calzadilla,M,87,6.7,37,0,0,0.0624,0.0464373,1,1,0,23,17,2,0,1,0,3,3,6,4,1,3,0,0,0,0,4,0,0,12,2,1,0,0,0,1,0,2026-08-22T05:27:58.685195+00:00
Liga Mexicana 2026/2027,Atlante FC - Club América,2026-07-25T03:00:00+00:00,finished,2,1-1,Atlante FC,Luis Puente,F,90,6.6,37,0,0,0.1477,0.0342712,3,2,1,17,7,2,1,1,0,2,2,7,9,2,5,2,0,2,0,2,1,1,18,1,4,0,0,0,1,0,2026-08-22T05:27:58.685071+00:00
Liga Mexicana 2026/2027,Atlante FC - Club América,2026-07-25T03:00:00+00:00,finished,2,1-1,Atlante FC,Luis Sánchez,D,90,7.3,46,0,0,,0.00497642,0,0,0,26,17,2,0,0,0,1,0,10,4,2,2,5,3,1,3,6,0,0,12,3,1,0,0,0,1,0,2026-08-22T05:27:58.685167+00:00
Liga Mexicana 2026/2027,Atlante FC - Club América,2026-07-25T03:00:00+00:00,finished,2,1-1,Atlante FC,Martín Fernández,M,76,6.6,48,0,0,,0.0182712,0,0,1,37,29,6,3,0,0,1,1,5,6,2,3,1,0,1,0,2,0,2,12,1,1,0,0,0,1,0,2026-08-22T05:27:58.685237+00:00
Liga Mexicana 2026/2027,Atlante FC - Club América,2026-07-25T03:00:00+00:00,finished,2,1-1,Club América,Miguel Vazquez,D,90,7.2,65,0,0,0.1859,0.00561098,1,1,0,54,48,7,6,0,0,0,0,8,2,5,2,1,1,2,0,2,0,0,6,2,0,0,0,0,1,0,2026-08-22T05:27:58.684838+00:00
Liga Mexicana 2026/2027,Atlante FC - Club América,2026-07-25T03:00:00+00:00,finished,2,1-1,Atlante FC,Nicolas Carrera,D,76,6.8,39,0,0,,0.00220936,0,0,0,26,17,5,2,0,0,0,0,3,3,1,2,2,1,3,1,3,0,0,10,0,2,0,0,0,1,0,2026-08-22T05:27:58.685209+00:00
Liga Mexicana 2026/2027,Atlante FC - Club América,2026-07-25T03:00:00+00:00,finished,2,1-1,Club América,Osvaldo Arriaga,M,0,,0,0,0,,,0,0,0,0,0,0,0,0,0,0,0,0,0,0,0,0,0,0,0,0,0,0,0,0,0,0,0,0,0,0,2026-08-22T05:27:58.685001+00:00
Liga Mexicana 2026/2027,Atlante FC - Club América,2026-07-25T03:00:00+00:00,finished,2,1-1,Club América,Patricio Salas,F,15,6.3,11,0,0,,0.00019898,0,0,0,4,3,0,0,1,0,0,0,1,3,0,0,0,0,0,0,4,0,2,6,1,1,0,0,0,0,0,2026-08-22T05:27:58.684934+00:00
Liga Mexicana 2026/2027,Atlante FC - Club América,2026-07-25T03:00:00+00:00,finished,2,1-1,Club América,Ramón Juárez,D,90,6.8,65,0,0,0.3723,0.00569413,3,1,0,55,44,5,4,0,0,0,0,4,4,4,4,0,0,2,0,1,1,0,11,0,0,0,0,0,1,0,2026-08-22T05:27:58.684825+00:00
Liga Mexicana 2026/2027,Atlante FC - Club América,2026-07-25T03:00:00+00:00,finished,2,1-1,Club América,Raphael Veiga,M,75,6.7,54,0,0,0.1797,0.217044,3,1,3,34,32,2,1,8,2,3,1,2,7,0,0,0,0,0,0,2,2,3,13,1,1,0,0,0,1,0,2026-08-22T05:27:58.684920+00:00
Liga Mexicana 2026/2027,Atlante FC - Club América,2026-07-25T03:00:00+00:00,finished,2,1-1,Club América,Ricardo González,M,0,,0,0,0,,,0,0,0,0,0,0,0,0,0,0,0,0,0,0,0,0,0,0,0,0,0,0,0,0,0,0,0,0,0,0,2026-08-17T05:28:33.136772+00:00
Liga Mexicana 2026/2027,Atlante FC - Club América,2026-07-25T03:00:00+00:00,finished,2,1-1,Atlante FC,Roberto Barragan,G,0,,0,0,0,,,0,0,0,0,0,0,0,0,0,0,0,0,0,0,0,0,0,0,0,0,0,0,0,0,0,0,0,0,0,0,2026-08-22T05:27:58.685341+00:00
Liga Mexicana 2026/2027,Atlante FC - Club América,2026-07-25T03:00:00+00:00,finished,2,1-1,Club América,Rodolfo Cota,G,90,6.7,53,0,0,,0.00072584,0,0,0,32,22,13,3,0,0,0,0,2,0,1,0,0,0,1,0,15,0,0,12,1,0,0,0,3,1,1,2026-08-22T05:27:58.684781+00:00
Liga Mexicana 2026/2027,Atlante FC - Club América,2026-07-25T03:00:00+00:00,finished,2,1-1,Atlante FC,Rubén Coubert,F,0,,0,0,0,,,0,0,0,0,0,0,0,0,0,0,0,0,0,0,0,0,0,0,0,0,0,0,0,0,0,0,0,0,0,0,2026-08-22T05:27:58.685394+00:00
Liga Mexicana 2026/2027,Atlante FC - Club América,2026-07-25T03:00:00+00:00,finished,2,1-1,Club América,Santiago Camarena,M,0,,0,0,0,,,0,0,0,0,0,0,0,0,0,0,0,0,0,0,0,0,0,0,0,0,0,0,0,0,0,0,0,0,0,0,2026-08-22T05:27:58.685031+00:00
Liga Mexicana 2026/2027,Atlante FC - Club América,2026-07-25T03:00:00+00:00,finished,2,1-1,Atlante FC,Santiago Garcia,D,14,6.5,9,0,0,,8.513e-05,0,0,0,5,2,3,0,0,0,0,0,1,4,0,3,1,1,1,0,0,0,0,4,0,1,0,0,0,0,0,2026-08-17T05:28:33.136959+00:00
Liga Mexicana 2026/2027,Atlante FC - Club América,2026-07-25T03:00:00+00:00,finished,2,1-1,Atlante FC,Walter Clar,M,57,6.7,27,0,0,,0.299235,0,0,2,18,14,3,2,2,0,0,0,1,2,0,1,1,0,1,0,1,0,0,7,0,0,0,0,0,1,0,2026-08-22T05:27:58.685249+00:00
Liga Mexicana 2026/2027,Atlante FC - Club América,2026-07-25T03:00:00+00:00,finished,2,1-1,Atlante FC,Walter Portales,D,90,6.4,50,0,0,0.0149,0.00434168,1,0,0,32,23,3,0,1,0,0,0,3,3,0,2,3,2,5,0,3,0,0,12,0,1,0,0,0,1,0,2026-08-22T05:27:58.685129+00:00
Liga Mexicana 2026/2027,Atlante FC - Club América,2026-07-25T03:00:00+00:00,finished,2,1-1,Club América,Ícaro,M,90,6.9,68,0,0,,0.0178603,0,0,2,58,50,6,3,1,0,1,1,4,6,0,0,3,1,0,2,5,0,0,10,0,3,0,0,0,1,0,2026-08-17T05:28:33.136604+00:00
Liga Mexicana 2026/2027,Atlante FC - Club América,2026-07-25T03:00:00+00:00,finished,2,1-1,Atlante FC,Óscar Jiménez,G,90,8.5,44,0,0,,0.00071793,0,0,0,29,16,19,6,0,0,0,0,0,0,0,0,0,0,0,0,10,0,0,15,0,0,0,0,7,1,0,2026-08-22T05:27:58.685088+00:00
Liga Mexicana 2026/2027,Club Tijuana - Club León,2026-07-25T03:00:00+00:00,finished,2,1-0,Club Tijuana,,,0,,0,0,0,,,0,0,0,0,0,0,0,0,0,0,0,0,0,0,0,0,0,0,0,0,0,0,0,0,0,0,0,0,0,0,2026-08-22T05:27:59.058587+00:00
Liga Mexicana 2026/2027,Club Tijuana - Club León,2026-07-25T03:00:00+00:00,finished,2,1-0,Club Tijuana,Aarón Mejía,D,9,6.5,11,0,0,,0.00072143,0,0,0,7,6,1,0,0,0,1,0,0,1,0,0,0,0,2,0,1,0,0,2,0,0,0,0,0,0,0,2026-08-22T05:27:59.058504+00:00
Liga Mexicana 2026/2027,Club Tijuana - Club León,2026-07-25T03:00:00+00:00,finished,2,1-0,Club Tijuana,Adonis Preciado,M,90,7.7,39,0,0,0.0116,0.073834,1,0,2,20,16,1,1,1,1,2,0,6,2,2,0,3,2,4,1,1,0,0,8,1,0,0,0,0,0,0,2026-08-22T05:27:59.058342+00:00
Liga Mexicana 2026/2027,Club Tijuana - Club León,2026-07-25T03:00:00+00:00,finished,2,1-0,Club Tijuana,Aldahir Pérez,M,0,,0,0,0,,,0,0,0,0,0,0,0,0,0,0,0,0,0,0,0,0,0,0,0,0,0,0,0,0,0,0,0,0,0,0,2026-08-22T05:27:59.058519+00:00
Liga Mexicana 2026/2027,Club Tijuana - Club León,2026-07-25T03:00:00+00:00,finished,2,1-0,Club Tijuana,Alejandro Magallon,D,0,,0,0,0,,,0,0,0,0,0,0,0,0,0,0,0,0,0,0,0,0,0,0,0,0,0,0,0,0,0,0,0,0,0,0,2026-08-22T05:27:59.058547+00:00
Liga Mexicana 2026/2027,Club Tijuana - Club León,2026-07-25T03:00:00+00:00,finished,2,1-0,Club Tijuana,Antonio Rodríguez,G,90,7.2,56,0,0,,0.00079089,0,0,0,46,40,12,6,0,0,0,0,1,1,1,1,0,0,2,0,9,0,0,6,0,0,0,0,2,0,2,2026-08-22T05:27:59.058357+00:00
Liga Mexicana 2026/2027,Club Tijuana - Club León,2026-07-25T03:00:00+00:00,finished,2,1-0,Club León,Bryan Colula,D,71,6.2,44,0,0,,0.00483864,0,0,0,24,18,5,2,1,0,0,0,3,2,1,1,1,1,3,2,1,0,0,11,1,1,1,0,0,1,0,2026-08-22T05:27:59.058741+00:00
Liga Mexicana 2026/2027,Club Tijuana - Club León,2026-07-25T03:00:00+00:00,finished,2,1-0,Club León,Christopher Mora,D,0,,0,0,0,,,0,0,0,0,0,0,0,0,0,0,0,0,0,0,0,0,0,0,0,0,0,0,0,0,0,0,0,0,0,0,2026-08-22T05:27:59.058971+00:00
Liga Mexicana 2026/2027,Club Tijuana - Club León,2026-07-25T03:00:00+00:00,finished,2,1-0,Club León,Daniel Arcila,M,45,6.8,35,0,0,,0.27407,0,0,2,30,25,2,2,1,1,1,0,0,3,0,1,0,0,1,0,0,0,0,7,0,1,1,0,0,0,0,2026-08-22T05:27:59.058768+00:00
Liga Mexicana 2026/2027,Club Tijuana - Club León,2026-07-25T03:00:00+00:00,finished,2,1-0,Club Tijuana,David Orduño,M,0,,0,0,0,,,0,0,0,0,0,0,0,0,0,0,0,0,0,0,0,0,0,0,0,0,0,0,0,0,0,0,0,0,0,0,2026-08-17T05:28:32.986655+00:00
Liga Mexicana 2026/2027,Club Tijuana - Club León,2026-07-25T03:00:00+00:00,finished,2,1-0,Club Tijuana,Diego Abreu,F,23,6.9,18,0,0,0.0106,0.0136858,1,0,0,9,6,0,0,0,0,0,0,6,3,4,1,1,1,1,0,1,0,2,6,1,0,0,0,0,0,0,2026-08-22T05:27:59.058480+00:00
Liga Mexicana 2026/2027,Club Tijuana - Club León,2026-07-25T03:00:00+00:00,finished,2,1-0,Club León,Edgar Guerra,M,45,6.3,24,0,0,0.0733,0.0342928,1,1,1,12,11,0,0,1,0,0,0,2,5,0,0,1,0,0,0,2,0,1,6,1,3,0,0,0,1,0,2026-08-22T05:27:59.058782+00:00
Liga Mexicana 2026/2027,Club Tijuana - Club León,2026-07-25T03:00:00+00:00,finished,2,1-0,Club León,Fernando Beltrán,M,45,6.8,49,0,0,0.0225,0.0203935,1,0,0,40,37,2,1,1,0,2,1,4,1,0,0,1,1,0,0,3,1,0,7,2,0,0,0,0,1,0,2026-08-22T05:27:59.058796+00:00
Liga Mexicana 2026/2027,Club Tijuana - Club León,2026-07-25T03:00:00+00:00,finished,2,1-0,Club Tijuana,Frank Boya,M,0,,0,0,0,,,0,0,0,0,0,0,0,0,0,0,0,0,0,0,0,0,0,0,0,0,0,0,0,0,0,0,0,0,0,0,2026-08-22T05:27:59.058601+00:00
Liga Mexicana 2026/2027,Club Tijuana - Club León,2026-07-25T03:00:00+00:00,finished,2,1-0,Club Tijuana,Gilberto Mora,M,45,7.6,24,1,0,0.8286,0.0120399,2,1,1,18,16,2,2,0,0,1,1,3,1,0,1,0,0,0,0,4,1,0,3,2,0,0,0,0,0,0,2026-08-22T05:27:59.058453+00:00
Liga Mexicana 2026/2027,Club Tijuana - Club León,2026-07-25T03:00:00+00:00,finished,2,1-0,Club León,Ismael Díaz,M,90,6.6,54,0,0,0.06,0.113201,1,0,1,36,31,0,0,0,0,4,2,4,3,2,0,0,0,1,0,1,1,1,11,0,1,0,0,0,1,0,2026-08-22T05:27:59.058698+00:00
Liga Mexicana 2026/2027,Club Tijuana - Club León,2026-07-25T03:00:00+00:00,finished,2,1-0,Club León,Iván Moreno,D,19,6.8,23,0,0,,0.0146551,0,0,0,18,16,0,0,0,0,0,0,1,0,1,0,0,0,1,0,2,0,0,3,0,0,0,0,0,0,0,2026-08-22T05:27:59.058917+00:00
Liga Mexicana 2026/2027,Club Tijuana - Club León,2026-07-25T03:00:00+00:00,finished,2,1-0,Club Tijuana,Iván Tona,M,90,7.4,58,0,0,,0.0366174,0,0,0,46,39,8,5,0,0,1,0,6,5,1,2,3,3,1,1,4,0,0,9,2,1,0,0,0,0,0,2026-08-22T05:27:59.058371+00:00
Liga Mexicana 2026/2027,Club Tijuana - Club León,2026-07-25T03:00:00+00:00,finished,2,1-0,Club Tijuana,Jackson Porozo,D,90,7.9,57,0,0,,0.00234618,0,0,0,40,37,4,2,0,0,0,0,8,0,5,0,0,0,8,3,1,0,0,3,3,0,0,0,0,0,0,2026-08-22T05:27:59.058399+00:00
Liga Mexicana 2026/2027,Club Tijuana - Club León,2026-07-25T03:00:00+00:00,finished,2,1-0,Club Tijuana,Jesús Gómez,D,90,7.7,81,0,0,,0.0383286,0,0,0,62,55,7,3,2,1,0,0,5,4,0,3,4,4,6,1,7,0,0,9,1,1,0,0,0,0,0,2026-08-22T05:27:59.058262+00:00
Liga Mexicana 2026/2027,Club Tijuana - Club León,2026-07-25T03:00:00+00:00,finished,2,1-0,Club León,Jesús Lara,M,11,6.7,14,0,0,,0.00041427,0,0,0,2,2,0,0,3,0,1,0,1,2,0,1,1,1,1,1,0,0,0,4,0,0,0,0,0,0,0,2026-08-22T05:27:59.058933+00:00
Liga Mexicana 2026/2027,Club Tijuana - Club León,2026-07-25T03:00:00+00:00,finished,2,1-0,Club Tijuana,Jesús Vega,D,23,6.8,10,0,0,,0.00103063,0,0,1,6,5,1,1,1,0,1,1,1,0,0,0,0,0,1,0,1,0,0,2,0,0,0,0,0,0,0,2026-08-22T05:27:59.058492+00:00
Liga Mexicana 2026/2027,Club Tijuana - Club León,2026-07-25T03:00:00+00:00,finished,2,1-0,Club León,Jhohan Romaña,D,90,6.8,79,0,0,0.2052,0.0127635,1,0,0,67,63,6,3,2,0,0,0,6,3,4,3,1,0,4,0,4,0,0,6,1,0,0,0,0,1,0,2026-08-22T05:27:59.058637+00:00
Liga Mexicana 2026/2027,Club Tijuana - Club León,2026-07-25T03:00:00+00:00,finished,2,1-0,Club León,Jordan García,G,0,,0,0,0,,,0,0,0,0,0,0,0,0,0,0,0,0,0,0,0,0,0,0,0,0,0,0,0,0,0,0,0,0,0,0,2026-08-22T05:27:59.058946+00:00
Liga Mexicana 2026/2027,Club Tijuana - Club León,2026-07-25T03:00:00+00:00,finished,2,1-0,Club León,Jordi Cortizo,M,90,6.7,84,0,0,0.0325,0.525618,1,0,2,46,36,2,2,14,4,2,1,5,10,0,1,3,2,0,1,6,0,7,31,1,0,0,0,0,1,0,2026-08-22T05:27:59.058684+00:00
Liga Mexicana 2026/2027,Club Tijuana - Club León,2026-07-25T03:00:00+00:00,finished,2,1-0,Club Tijuana,Jorge Hernández,G,0,,0,0,0,,,0,0,0,0,0,0,0,0,0,0,0,0,0,0,0,0,0,0,0,0,0,0,0,0,0,0,0,0,0,0,2026-08-22T05:27:59.058532+00:00
Liga Mexicana 2026/2027,Club Tijuana - Club León,2026-07-25T03:00:00+00:00,finished,2,1-0,Club León,José Alvarado,F,45,6.5,18,0,0,0.0424,0.00616028,1,0,0,13,11,0,0,0,0,0,0,3,4,2,2,0,0,0,0,1,1,1,4,1,1,0,0,0,0,0,2026-08-22T05:27:59.058755+00:00
Liga Mexicana 2026/2027,Club Tijuana - Club León,2026-07-25T03:00:00+00:00,finished,2,1-0,Club León,José Rodríguez,M,90,6.6,87,0,0,0.0162,0.0498444,1,0,0,73,69,0,0,0,0,0,0,6,4,3,2,3,0,1,2,0,1,1,6,1,1,0,0,0,1,0,2026-08-22T05:27:59.058669+00:00
Liga Mexicana 2026/2027,Club Tijuana - Club León,2026-07-25T03:00:00+00:00,finished,2,1-0,Club León,Juan Guevara,D,90,6.7,94,0,0,0.3308,0.0260639,2,0,0,80,75,5,4,0,0,0,0,2,11,1,8,0,0,5,1,9,1,0,6,1,4,0,0,0,1,0,2026-08-22T05:27:59.058652+00:00
Liga Mexicana 2026/2027,Club Tijuana - Club León,2026-07-25T03:00:00+00:00,finished,2,1-0,Club León,Luis Valadez,M,19,6.4,11,0,0,,0.00252566,0,0,0,8,7,0,0,0,0,0,0,0,2,0,0,0,0,0,1,0,0,2,3,0,0,0,0,0,0,0,2026-08-22T05:27:59.058808+00:00
Liga Mexicana 2026/2027,Club Tijuana - Club León,2026-07-25T03:00:00+00:00,finished,2,1-0,Club Tijuana,Mourad El Ghezouani,F,67,5.8,17,0,0,0.945,0.00052004,3,1,0,7,4,0,0,0,0,1,0,7,8,5,5,1,1,1,1,1,1,0,6,1,3,0,0,0,0,0,2026-08-22T05:27:59.058440+00:00
Liga Mexicana 2026/2027,Club Tijuana - Club León,2026-07-25T03:00:00+00:00,finished,2,1-0,Club León,Oscar García,G,90,7.5,29,0,0,,0.00269045,0,0,0,22,20,7,5,0,0,0,0,0,0,0,0,0,0,0,0,7,0,0,2,0,0,0,0,2,1,0,2026-08-22T05:27:59.058618+00:00
Liga Mexicana 2026/2027,Club Tijuana - Club León,2026-07-25T03:00:00+00:00,finished,2,1-0,Club Tijuana,Pablo Nicolás Ortíz,D,90,7.0,54,0,0,,0.00874872,0,0,0,28,21,6,3,2,0,1,0,4,3,2,0,2,1,7,3,2,0,0,14,0,2,0,0,0,0,0,2026-08-22T05:27:59.058326+00:00
Liga Mexicana 2026/2027,Club Tijuana - Club León,2026-07-25T03:00:00+00:00,finished,2,1-0,Club León,Paul Bellón,D,0,,0,0,0,,,0,0,0,0,0,0,0,0,0,0,0,0,0,0,0,0,0,0,0,0,0,0,0,0,0,0,0,0,0,0,2026-08-22T05:27:59.058985+00:00
Liga Mexicana 2026/2027,Club Tijuana - Club León,2026-07-25T03:00:00+00:00,finished,2,1-0,Club Tijuana,Rafael Fernández,D,90,7.2,52,0,0,,0.400728,0,0,2,30,18,4,1,0,0,0,0,2,6,1,2,1,1,2,3,1,0,0,18,0,2,0,0,0,0,0,2026-08-22T05:27:59.058385+00:00
Liga Mexicana 2026/2027,Club Tijuana - Club León,2026-07-25T03:00:00+00:00,finished,2,1-0,Club Tijuana,Ramiro Árciga,M,67,6.7,29,0,0,,0.00189499,0,0,0,13,5,1,0,2,0,0,0,6,5,0,2,6,4,0,0,3,0,2,13,0,2,0,0,0,0,0,2026-08-22T05:27:59.058426+00:00
Liga Mexicana 2026/2027,Club Tijuana - Club León,2026-07-25T03:00:00+00:00,finished,2,1-0,Club León,Rodrigo Echeverría,M,71,6.6,53,0,0,0.0538,0.0198226,1,1,0,42,36,1,1,0,0,0,0,5,4,3,1,1,0,0,1,0,0,3,11,1,0,0,0,0,1,0,2026-08-22T05:27:59.058727+00:00
Liga Mexicana 2026/2027,Club Tijuana - Club León,2026-07-25T03:00:00+00:00,finished,2,1-0,Club León,Salvador Reyes,D,79,6.1,60,0,0,0.0429,0.0455162,1,0,1,37,28,6,2,5,2,3,0,4,6,2,1,1,0,2,1,1,0,0,18,1,1,0,0,0,1,0,2026-08-22T05:27:59.058713+00:00
Liga Mexicana 2026/2027,Club Tijuana - Club León,2026-07-25T03:00:00+00:00,finished,2,1-0,Club León,Sebastián Santos,D,0,,0,0,0,,,0,0,0,0,0,0,0,0,0,0,0,0,0,0,0,0,0,0,0,0,0,0,0,0,0,0,0,0,0,0,2026-08-22T05:27:59.058959+00:00
Liga Mexicana 2026/2027,Club Tijuana - Club León,2026-07-25T03:00:00+00:00,finished,2,1-0,Club León,Sebastián Vegas,D,0,,0,0,0,,,0,0,0,0,0,0,0,0,0,0,0,0,0,0,0,0,0,0,0,0,0,0,0,0,0,0,0,0,0,0,2026-08-22T05:27:59.058998+00:00
Liga Mexicana 2026/2027,Club Tijuana - Club León,2026-07-25T03:00:00+00:00,finished,2,1-0,Club Tijuana,Unai Bilbao,D,0,,0,0,0,,,0,0,0,0,0,0,0,0,0,0,0,0,0,0,0,0,0,0,0,0,0,0,0,0,0,0,0,0,0,0,2026-08-22T05:27:59.058560+00:00
Liga Mexicana 2026/2027,Club Tijuana - Club León,2026-07-25T03:00:00+00:00,finished,2,1-0,Club Tijuana,Yael Padilla,F,81,6.4,43,0,0,0.1303,0.0502794,2,1,1,19,13,4,2,5,1,2,1,3,5,0,1,2,1,1,1,2,0,2,16,0,0,0,0,0,0,0,2026-08-22T05:27:59.058413+00:00
Liga Mexicana 2026/2027,Club Tijuana - Club León,2026-07-25T03:00:00+00:00,finished,2,1-0,Club Tijuana,Ángel Zapata,M,45,6.7,15,0,0,,0.00581653,0,0,0,9,6,1,1,0,0,0,0,2,2,0,1,2,1,2,0,1,0,0,4,0,1,0,0,0,0,0,2026-08-22T05:27:59.058467+00:00
Liga Mexicana 2026/2027,CD Guadalajara - FC Juárez,2026-07-25T23:07:00+00:00,finished,2,1-0,CD Guadalajara,,,0,,0,0,0,,,0,0,0,0,0,0,0,0,0,0,0,0,0,0,0,0,0,0,0,0,0,0,0,0,0,0,0,0,0,0,2026-08-22T05:27:58.600880+00:00
Liga Mexicana 2026/2027,CD Guadalajara - FC Juárez,2026-07-25T23:07:00+00:00,finished,2,1-0,FC Juárez,Alejandro Mayorga,D,90,6.3,39,0,0,,0.0183482,0,0,1,17,12,6,3,1,0,3,1,1,6,0,0,0,0,4,0,4,0,0,13,0,1,0,0,0,1,0,2026-08-22T05:27:58.600407+00:00
Liga Mexicana 2026/2027,CD Guadalajara - FC Juárez,2026-07-25T23:07:00+00:00,finished,2,1-0,CD Guadalajara,Armando González,F,90,6.2,23,0,0,0.1685,0.0502319,3,1,1,18,10,2,0,0,0,0,0,2,4,1,1,0,0,0,0,2,0,0,9,1,1,0,0,0,0,0,2026-08-22T05:27:58.600654+00:00
Liga Mexicana 2026/2027,CD Guadalajara - FC Juárez,2026-07-25T23:07:00+00:00,finished,2,1-0,CD Guadalajara,Brian Gutiérrez,M,74,7.2,81,0,0,0.5259,0.184691,2,0,3,62,53,3,2,3,1,3,1,6,4,1,0,1,0,1,0,2,2,0,16,3,1,0,0,0,0,0,2026-08-22T05:27:58.600748+00:00
Liga Mexicana 2026/2027,CD Guadalajara - FC Juárez,2026-07-25T23:07:00+00:00,finished,2,1-0,CD Guadalajara,Bryan González,M,89,6.9,69,0,0,0.3846,0.179057,5,2,2,43,41,2,2,7,1,1,0,7,7,5,3,2,2,1,0,1,2,2,13,0,0,0,0,0,0,0,2026-08-22T05:27:58.600735+00:00
Liga Mexicana 2026/2027,CD Guadalajara - FC Juárez,2026-07-25T23:07:00+00:00,finished,2,1-0,CD Guadalajara,Daniel Aguirre,D,90,7.9,90,0,0,,0.673143,0,0,2,74,65,5,2,0,0,1,0,5,5,1,0,2,1,1,1,0,0,0,13,2,2,0,0,0,0,0,2026-08-22T05:27:58.600709+00:00
Liga Mexicana 2026/2027,CD Guadalajara - FC Juárez,2026-07-25T23:07:00+00:00,finished,2,1-0,FC Juárez,Denzell Garcia,M,90,7.4,38,0,0,,0.00324687,0,0,1,22,16,7,3,1,0,0,0,11,3,4,1,7,3,2,1,5,0,0,7,0,0,0,0,0,1,0,2026-08-22T05:27:58.600392+00:00
Liga Mexicana 2026/2027,CD Guadalajara - FC Juárez,2026-07-25T23:07:00+00:00,finished,2,1-0,CD Guadalajara,Diego Campillo,D,16,6.7,23,0,0,,0.00439341,0,0,0,18,17,0,0,0,0,0,0,1,2,1,1,0,0,1,1,0,0,0,3,0,1,0,0,0,0,0,2026-08-22T05:27:58.600815+00:00
Liga Mexicana 2026/2027,CD Guadalajara - FC Juárez,2026-07-25T23:07:00+00:00,finished,2,1-0,CD Guadalajara,Efrain Alvarez,F,29,6.7,42,0,0,0.0136,0.259851,1,1,4,25,23,2,2,11,5,1,0,0,5,0,1,0,0,2,0,0,0,1,11,0,2,0,0,0,0,0,2026-08-22T05:27:58.600801+00:00
Liga Mexicana 2026/2027,CD Guadalajara - FC Juárez,2026-07-25T23:07:00+00:00,finished,2,1-0,FC Juárez,Ettson Ayón,F,0,,0,0,0,,,0,0,0,0,0,0,0,0,0,0,0,0,0,0,0,0,0,0,0,0,0,0,0,0,0,0,0,0,0,0,2026-08-22T05:27:58.600626+00:00
Liga Mexicana 2026/2027,CD Guadalajara - FC Juárez,2026-07-25T23:07:00+00:00,finished,2,1-0,CD Guadalajara,Fernando González,M,90,8.0,98,0,0,,0.280747,0,0,1,91,83,4,1,0,0,0,0,5,2,3,1,0,0,1,0,9,0,1,10,2,0,0,0,0,0,0,2026-08-22T05:27:58.600681+00:00
Liga Mexicana 2026/2027,CD Guadalajara - FC Juárez,2026-07-25T23:07:00+00:00,finished,2,1-0,FC Juárez,Francisco Nevarez,D,24,6.8,19,0,0,,0.0298083,0,0,1,6,5,0,0,0,0,0,0,2,1,0,1,1,1,7,2,3,0,0,1,1,0,0,0,0,1,0,2026-08-22T05:27:58.600524+00:00
Liga Mexicana 2026/2027,CD Guadalajara - FC Juárez,2026-07-25T23:07:00+00:00,finished,2,1-0,FC Juárez,Gilberto Sepúlveda,D,82,7.3,36,0,0,,0.00190265,0,0,0,23,20,4,2,0,0,0,0,2,0,1,0,1,1,6,0,2,0,0,7,0,0,0,0,0,0,0,2026-08-22T05:27:58.600434+00:00
Liga Mexicana 2026/2027,CD Guadalajara - FC Juárez,2026-07-25T23:07:00+00:00,finished,2,1-0,FC Juárez,Guilherme Castilho,M,90,6.6,45,0,0,,0.0545106,0,0,1,25,16,4,1,3,1,2,1,4,5,1,2,0,0,6,3,4,0,1,13,2,2,0,0,0,1,0,2026-08-22T05:27:58.600377+00:00
Liga Mexicana 2026/2027,CD Guadalajara - FC Juárez,2026-07-25T23:07:00+00:00,finished,2,1-0,FC Juárez,Guillermo Ruiz,G,0,,0,0,0,,,0,0,0,0,0,0,0,0,0,0,0,0,0,0,0,0,0,0,0,0,0,0,0,0,0,0,0,0,0,0,2026-08-22T05:27:58.600640+00:00
Liga Mexicana 2026/2027,CD Guadalajara - FC Juárez,2026-07-25T23:07:00+00:00,finished,2,1-0,FC Juárez,Haret Ortega,D,66,7.5,20,0,0,,5.185e-05,0,0,0,7,6,2,1,0,0,0,0,4,2,1,0,3,1,3,0,1,0,0,2,0,2,1,0,0,0,0,2026-08-22T05:27:58.600486+00:00
Liga Mexicana 2026/2027,CD Guadalajara - FC Juárez,2026-07-25T23:07:00+00:00,finished,2,1-0,FC Juárez,Jairo Torres,F,24,6.5,10,0,0,,0.010043,0,0,0,7,5,1,1,0,0,0,0,1,4,0,2,0,0,0,0,1,0,1,4,1,1,1,0,0,1,0,2026-08-22T05:27:58.600498+00:00
Liga Mexicana 2026/2027,CD Guadalajara - FC Juárez,2026-07-25T23:07:00+00:00,finished,2,1-0,FC Juárez,Jan Carmona,M,0,,0,0,0,,,0,0,0,0,0,0,0,0,0,0,0,0,0,0,0,0,0,0,0,0,0,0,0,0,0,0,0,0,0,0,2026-08-22T05:27:58.600567+00:00
Liga Mexicana 2026/2027,CD Guadalajara - FC Juárez,2026-07-25T23:07:00+00:00,finished,2,1-0,FC Juárez,Javier Aquino,D,66,7.3,26,0,0,,0.0730076,0,0,0,12,10,2,0,0,0,1,1,6,0,1,0,2,2,2,0,1,0,0,5,2,0,0,0,0,0,0,2026-08-22T05:27:58.600459+00:00
Liga Mexicana 2026/2027,CD Guadalajara - FC Juárez,2026-07-25T23:07:00+00:00,finished,2,1-0,FC Juárez,Jesús Murillo,D,90,7.7,40,0,0,,0.0034313,0,0,0,14,11,3,2,0,0,0,0,5,3,2,1,2,0,13,2,1,0,0,4,1,2,0,0,0,1,0,2026-08-22T05:27:58.600420+00:00
Liga Mexicana 2026/2027,CD Guadalajara - FC Juárez,2026-07-25T23:07:00+00:00,finished,2,1-0,CD Guadalajara,Jonathan Perez,M,1,,10,0,0,,0.0524668,0,0,0,8,7,0,0,2,1,0,0,1,0,1,0,0,0,0,0,1,0,0,2,0,0,0,0,0,0,0,2026-08-22T05:27:58.600854+00:00
Liga Mexicana 2026/2027,CD Guadalajara - FC Juárez,2026-07-25T23:07:00+00:00,finished,2,1-0,CD Guadalajara,Jordan Carrillo,M,61,6.3,73,0,0,0.1228,0.0664068,4,2,0,53,46,3,2,1,0,4,2,4,12,2,4,0,0,2,1,2,1,4,14,0,1,0,0,0,0,0,2026-08-22T05:27:58.600789+00:00
Liga Mexicana 2026/2027,CD Guadalajara - FC Juárez,2026-07-25T23:07:00+00:00,finished,2,1-0,CD Guadalajara,José Castillo,D,74,7.3,87,0,0,,0.152679,0,0,0,71,61,2,1,2,1,0,0,3,2,2,1,1,0,6,0,2,0,0,11,0,1,0,0,0,0,0,2026-08-22T05:27:58.600763+00:00
Liga Mexicana 2026/2027,CD Guadalajara - FC Juárez,2026-07-25T23:07:00+00:00,finished,2,1-0,FC Juárez,José Luis Rodríguez,M,90,6.6,37,0,0,0.2755,0.0570624,2,0,1,20,17,1,1,4,1,3,3,4,7,0,3,0,0,1,0,4,0,2,12,1,1,0,0,0,1,0,2026-08-22T05:27:58.600359+00:00
Liga Mexicana 2026/2027,CD Guadalajara - FC Juárez,2026-07-25T23:07:00+00:00,finished,2,1-0,CD Guadalajara,Kevin Castañeda,M,16,7.2,29,0,0,0.011,0.184411,1,1,1,26,25,1,1,2,0,0,0,0,0,0,0,0,0,0,0,1,0,0,3,0,0,0,0,0,0,0,2026-08-22T05:27:58.600829+00:00
Liga Mexicana 2026/2027,CD Guadalajara - FC Juárez,2026-07-25T23:07:00+00:00,finished,2,1-0,FC Juárez,Luca Martínez Dupuy,F,20,6.5,11,0,0,0.1152,0.0013167,2,0,0,4,2,0,0,0,0,1,0,4,3,1,2,1,0,0,0,1,0,0,3,2,0,0,0,0,1,0,2026-08-22T05:27:58.600537+00:00
Liga Mexicana 2026/2027,CD Guadalajara - FC Juárez,2026-07-25T23:07:00+00:00,finished,2,1-0,CD Guadalajara,Luis Gabriel Rey,M,0,,0,0,0,,,0,0,0,0,0,0,0,0,0,0,0,0,0,0,0,0,0,0,0,0,0,0,0,0,0,0,0,0,0,0,2026-08-22T05:27:58.600892+00:00
Liga Mexicana 2026/2027,CD Guadalajara - FC Juárez,2026-07-25T23:07:00+00:00,finished,2,1-0,CD Guadalajara,Luis Romo,D,90,8.4,94,0,0,0.0895,0.269582,1,0,3,75,68,5,2,1,1,0,0,11,3,6,2,2,1,6,2,4,1,0,7,3,1,0,0,0,0,0,2026-08-22T05:27:58.600723+00:00
Liga Mexicana 2026/2027,CD Guadalajara - FC Juárez,2026-07-25T23:07:00+00:00,finished,2,1-0,CD Guadalajara,Miguel Gómez,D,0,,0,0,0,,,0,0,0,0,0,0,0,0,0,0,0,0,0,0,0,0,0,0,0,0,0,0,0,0,0,0,0,0,0,0,2026-08-22T05:27:58.600867+00:00
Liga Mexicana 2026/2027,CD Guadalajara - FC Juárez,2026-07-25T23:07:00+00:00,finished,2,1-0,FC Juárez,Monchu,M,24,6.6,8,0,0,,0.00097105,0,0,0,3,2,2,1,0,0,0,0,0,0,0,0,0,0,2,1,0,0,0,2,0,0,0,0,0,1,0,2026-08-22T05:27:58.600510+00:00
Liga Mexicana 2026/2027,CD Guadalajara - FC Juárez,2026-07-25T23:07:00+00:00,finished,2,1-0,FC Juárez,Raymundo Fulgencio,M,0,,0,0,0,,,0,0,0,0,0,0,0,0,0,0,0,0,0,0,0,0,0,0,0,0,0,0,0,0,0,0,0,0,0,0,2026-08-22T05:27:58.600613+00:00
Liga Mexicana 2026/2027,CD Guadalajara - FC Juárez,2026-07-25T23:07:00+00:00,finished,2,1-0,CD Guadalajara,Raúl Rangel,G,90,6.8,30,0,0,,0.00036366,0,0,0,27,25,7,5,0,0,0,0,0,0,0,0,0,0,0,0,7,0,0,2,0,0,0,0,0,0,0,2026-08-22T05:27:58.600695+00:00
Liga Mexicana 2026/2027,CD Guadalajara - FC Juárez,2026-07-25T23:07:00+00:00,finished,2,1-0,FC Juárez,Ricardinho,M,66,6.2,19,0,0,,0.00015513,0,0,0,6,4,0,0,0,0,3,1,2,9,0,4,1,1,1,0,1,0,0,5,0,2,0,0,0,0,0,2026-08-22T05:27:58.600473+00:00
Liga Mexicana 2026/2027,CD Guadalajara - FC Juárez,2026-07-25T23:07:00+00:00,finished,2,1-0,FC Juárez,Ricardo Juárez,D,8,6.4,5,0,0,,5.24e-06,0,0,0,2,1,1,0,0,0,0,0,0,1,0,1,0,0,1,1,0,0,0,1,0,0,0,0,0,1,0,2026-08-17T05:28:33.135086+00:00
Liga Mexicana 2026/2027,CD Guadalajara - FC Juárez,2026-07-25T23:07:00+00:00,finished,2,1-0,CD Guadalajara,Ricardo Marín,F,16,7.4,9,0,1,0.0294,0.250961,1,0,1,4,3,1,0,1,0,0,0,3,3,2,2,0,0,1,0,0,0,0,3,1,1,1,0,0,0,0,2026-08-22T05:27:58.600841+00:00
Liga Mexicana 2026/2027,CD Guadalajara - FC Juárez,2026-07-25T23:07:00+00:00,finished,2,1-0,CD Guadalajara,Richard Ledezma,M,74,7.4,68,0,0,,0.135142,0,0,1,50,42,2,2,3,1,3,2,6,2,0,0,4,2,0,0,1,0,0,14,0,0,0,0,0,0,0,2026-08-22T05:27:58.600776+00:00
Liga Mexicana 2026/2027,CD Guadalajara - FC Juárez,2026-07-25T23:07:00+00:00,finished,2,1-0,CD Guadalajara,Roberto Alvarado,F,90,8.4,104,1,0,0.5571,0.186644,4,1,2,80,74,3,3,7,1,3,2,4,2,0,0,1,1,0,0,2,3,1,17,1,0,0,0,0,0,0,2026-08-22T05:27:58.600667+00:00
Liga Mexicana 2026/2027,CD Guadalajara - FC Juárez,2026-07-25T23:07:00+00:00,finished,2,1-0,FC Juárez,Said Godínez,M,0,,0,0,0,,,0,0,0,0,0,0,0,0,0,0,0,0,0,0,0,0,0,0,0,0,0,0,0,0,0,0,0,0,0,0,2026-08-22T05:27:58.600598+00:00
Liga Mexicana 2026/2027,CD Guadalajara - FC Juárez,2026-07-25T23:07:00+00:00,finished,2,1-0,FC Juárez,Sebastián Jurado,G,90,7.8,41,0,0,,0.00063487,0,0,0,32,12,26,6,0,0,1,1,1,0,0,0,0,0,0,0,7,0,0,20,0,0,0,0,7,1,0,2026-08-22T05:27:58.600278+00:00
Liga Mexicana 2026/2027,CD Guadalajara - FC Juárez,2026-07-25T23:07:00+00:00,finished,2,1-0,CD Guadalajara,Sergio Armando Aguayo Castillo,F,0,,0,0,0,,,0,0,0,0,0,0,0,0,0,0,0,0,0,0,0,0,0,0,0,0,0,0,0,0,0,0,0,0,0,0,2026-08-14T05:34:54.428325+00:00
Liga Mexicana 2026/2027,CD Guadalajara - FC Juárez,2026-07-25T23:07:00+00:00,finished,2,1-0,CD Guadalajara,Ángel Chávez,D,0,,0,0,0,,,0,0,0,0,0,0,0,0,0,0,0,0,0,0,0,0,0,0,0,0,0,0,0,0,0,0,0,0,0,0,2026-08-22T05:27:58.600905+00:00
Liga Mexicana 2026/2027,CD Guadalajara - FC Juárez,2026-07-25T23:07:00+00:00,finished,2,1-0,FC Juárez,Óscar Estupiñán,F,70,6.6,33,0,0,0.1031,0.022262,2,0,0,12,9,0,0,0,0,2,0,6,12,5,6,0,0,7,0,2,0,1,10,1,3,0,0,0,0,0,2026-08-22T05:27:58.600446+00:00
Liga Mexicana 2026/2027,CD Guadalajara - FC Juárez,2026-07-25T23:07:00+00:00,finished,2,1-0,CD Guadalajara,Óscar Whalley,G,0,,0,0,0,,,0,0,0,0,0,0,0,0,0,0,0,0,0,0,0,0,0,0,0,0,0,0,0,0,0,0,0,0,0,0,2026-08-22T05:27:58.600921+00:00
Liga Mexicana 2026/2027,Santos Laguna - Atlas FC,2026-07-26T03:00:00+00:00,finished,2,0-1,Atlas FC,,,0,,0,0,0,,,0,0,0,0,0,0,0,0,0,0,0,0,0,0,0,0,0,0,0,0,0,0,0,0,0,0,0,0,0,0,2026-08-22T05:27:59.088212+00:00
Liga Mexicana 2026/2027,Santos Laguna - Atlas FC,2026-07-26T03:00:00+00:00,finished,2,0-1,Atlas FC,Adrián Mora,D,0,,0,0,0,,,0,0,0,0,0,0,0,0,0,0,0,0,0,0,0,0,0,0,0,0,0,0,0,0,0,0,0,0,0,0,2026-08-22T05:27:59.088187+00:00
Liga Mexicana 2026/2027,Santos Laguna - Atlas FC,2026-07-26T03:00:00+00:00,finished,2,0-1,Santos Laguna,Aldo Lopez Vargas,M,19,6.8,15,0,0,,0.00808911,0,0,0,14,12,4,4,0,0,0,0,0,0,0,0,0,0,0,1,1,0,0,2,0,0,0,0,0,0,0,2026-08-22T05:27:59.088402+00:00
Liga Mexicana 2026/2027,Santos Laguna - Atlas FC,2026-07-26T03:00:00+00:00,finished,2,0-1,Atlas FC,Aldo Rocha,M,69,6.5,34,0,0,,0.00788419,0,0,1,28,26,3,1,0,0,0,0,1,4,0,2,0,0,1,3,2,0,0,2,1,0,0,0,0,0,0,2026-08-22T05:27:59.088052+00:00
Liga Mexicana 2026/2027,Santos Laguna - Atlas FC,2026-07-26T03:00:00+00:00,finished,2,0-1,Atlas FC,Antonio Sánchez,G,0,,0,0,0,,,0,0,0,0,0,0,0,0,0,0,0,0,0,0,0,0,0,0,0,0,0,0,0,0,0,0,0,0,0,0,2026-08-22T05:27:59.088225+00:00
Liga Mexicana 2026/2027,Santos Laguna - Atlas FC,2026-07-26T03:00:00+00:00,finished,2,0-1,Atlas FC,Arturo González,F,77,7.2,57,0,0,0.166,0.194699,2,1,3,35,29,2,2,4,3,4,2,8,3,0,1,3,2,1,2,0,0,0,10,3,0,0,0,0,0,0,2026-08-22T05:27:59.087999+00:00
Liga Mexicana 2026/2027,Santos Laguna - Atlas FC,2026-07-26T03:00:00+00:00,finished,2,0-1,Atlas FC,Camilo Vargas,G,90,7.2,34,0,0,,0.00178181,0,0,0,27,20,17,10,0,0,0,0,1,1,0,0,0,0,0,0,10,0,0,7,1,0,0,0,1,0,0,2026-08-22T05:27:59.087828+00:00
Liga Mexicana 2026/2027,Santos Laguna - Atlas FC,2026-07-26T03:00:00+00:00,finished,2,0-1,Santos Laguna,Carlos Acevedo,G,90,6.8,42,0,0,,0.00018127,0,0,0,34,29,8,3,0,0,0,0,0,0,0,0,0,0,0,0,6,0,0,5,0,0,0,0,4,1,0,2026-08-22T05:27:59.088251+00:00
Liga Mexicana 2026/2027,Santos Laguna - Atlas FC,2026-07-26T03:00:00+00:00,finished,2,0-1,Santos Laguna,Carlos Gruezo,M,71,6.7,41,0,0,,0.0305296,0,0,1,28,20,2,2,0,0,0,0,4,1,0,0,4,4,1,3,3,0,0,10,0,0,1,0,0,1,0,2026-08-22T05:27:59.088361+00:00
Liga Mexicana 2026/2027,Santos Laguna - Atlas FC,2026-07-26T03:00:00+00:00,finished,2,0-1,Santos Laguna,Diego González,F,25,6.6,27,0,0,0.0497,0.0197839,1,0,0,15,12,2,0,0,0,2,0,3,4,0,0,1,1,0,0,2,1,2,9,2,0,0,0,0,1,0,2026-08-22T05:27:59.088389+00:00
Liga Mexicana 2026/2027,Santos Laguna - Atlas FC,2026-07-26T03:00:00+00:00,finished,2,0-1,Santos Laguna,Diego Medina,M,0,,0,0,0,,,0,0,0,0,0,0,0,0,0,0,0,0,0,0,0,0,0,0,0,0,0,0,0,0,0,0,0,0,0,0,2026-08-22T05:27:59.125796+00:00
Liga Mexicana 2026/2027,Santos Laguna - Atlas FC,2026-07-26T03:00:00+00:00,finished,2,0-1,Atlas FC,Duk,F,90,6.4,54,0,0,0.1309,0.0609126,2,1,1,21,14,3,2,4,1,6,1,4,9,0,1,1,1,1,0,6,0,1,24,2,1,0,0,0,0,0,2026-08-22T05:27:59.087921+00:00
Liga Mexicana 2026/2027,Santos Laguna - Atlas FC,2026-07-26T03:00:00+00:00,finished,2,0-1,Atlas FC,Edgar Zaldívar,M,77,7.2,54,1,0,0.4163,0.0186948,1,1,0,40,39,2,2,0,0,1,1,4,5,2,0,0,0,2,2,3,0,4,8,1,1,0,0,0,0,0,2026-08-22T05:27:59.087986+00:00
Liga Mexicana 2026/2027,Santos Laguna - Atlas FC,2026-07-26T03:00:00+00:00,finished,2,0-1,Santos Laguna,Eduardo Aguirre,F,0,,0,0,0,,,0,0,0,0,0,0,0,0,0,0,0,0,0,0,0,0,0,0,0,0,0,0,0,0,0,0,0,0,0,0,2026-08-22T05:27:59.125824+00:00
Liga Mexicana 2026/2027,Santos Laguna - Atlas FC,2026-07-26T03:00:00+00:00,finished,2,0-1,Santos Laguna,Efrain Orona,D,19,6.5,7,0,0,,0.0808289,0,0,1,4,3,0,0,2,1,0,0,0,2,0,1,0,0,0,0,0,0,0,2,0,1,0,0,0,0,0,2026-08-22T05:27:59.125702+00:00
Liga Mexicana 2026/2027,Santos Laguna - Atlas FC,2026-07-26T03:00:00+00:00,finished,2,0-1,Santos Laguna,Emmanuel Echeverría,D,90,6.5,70,0,0,0.0658,0.0195722,1,0,0,40,31,0,0,6,0,0,0,3,3,1,0,2,2,3,0,6,0,1,22,0,2,0,0,0,1,0,2026-08-22T05:27:59.088291+00:00
Liga Mexicana 2026/2027,Santos Laguna - Atlas FC,2026-07-26T03:00:00+00:00,finished,2,0-1,Santos Laguna,Ezequiel Bullaude,M,90,6.3,51,0,0,0.1443,0.0334599,2,1,1,27,21,1,1,1,0,4,1,5,10,1,1,3,2,1,1,5,0,3,16,0,3,0,0,0,1,0,2026-08-22T05:27:59.088278+00:00
Liga Mexicana 2026/2027,Santos Laguna - Atlas FC,2026-07-26T03:00:00+00:00,finished,2,0-1,Santos Laguna,Felipe Sánchez,D,90,6.8,86,0,0,,0.0206792,0,0,0,73,63,7,2,0,0,0,0,4,2,2,2,1,1,4,2,3,0,0,10,1,0,0,0,0,1,0,2026-08-22T05:27:59.088305+00:00
Liga Mexicana 2026/2027,Santos Laguna - Atlas FC,2026-07-26T03:00:00+00:00,finished,2,0-1,Santos Laguna,Fran Villalba,M,90,7.7,73,0,0,0.3379,0.357924,2,0,2,58,50,7,5,3,0,3,2,7,2,2,0,2,1,0,0,4,1,0,15,1,0,0,0,0,1,0,2026-08-22T05:27:59.088238+00:00
Liga Mexicana 2026/2027,Santos Laguna - Atlas FC,2026-07-26T03:00:00+00:00,finished,2,0-1,Santos Laguna,Franco Pardo,D,90,7.2,73,0,0,0.0135,0.0132477,1,0,0,61,51,8,5,0,0,1,1,7,1,2,0,2,2,3,0,4,1,0,11,2,0,0,0,0,1,0,2026-08-22T05:27:59.088265+00:00
Liga Mexicana 2026/2027,Santos Laguna - Atlas FC,2026-07-26T03:00:00+00:00,finished,2,0-1,Atlas FC,Gaddi Aguirre,D,0,,0,0,0,,,0,0,0,0,0,0,0,0,0,0,0,0,0,0,0,0,0,0,0,0,0,0,0,0,0,0,0,0,0,0,2026-08-22T05:27:59.088200+00:00
Liga Mexicana 2026/2027,Santos Laguna - Atlas FC,2026-07-26T03:00:00+00:00,finished,2,0-1,Atlas FC,Gustavo Ferrareis,D,66,6.7,50,0,0,,0.0458023,0,0,1,29,24,6,3,3,1,1,0,1,4,0,0,0,0,2,0,6,0,0,11,1,2,1,0,0,0,0,2026-08-22T05:27:59.088066+00:00
Liga Mexicana 2026/2027,Santos Laguna - Atlas FC,2026-07-26T03:00:00+00:00,finished,2,0-1,Santos Laguna,Hector Holguin,G,0,,0,0,0,,,0,0,0,0,0,0,0,0,0,0,0,0,0,0,0,0,0,0,0,0,0,0,0,0,0,0,0,0,0,0,2026-08-22T05:27:59.125769+00:00
Liga Mexicana 2026/2027,Santos Laguna - Atlas FC,2026-07-26T03:00:00+00:00,finished,2,0-1,Santos Laguna,Javier Güemez,M,0,,0,0,0,,,0,0,0,0,0,0,0,0,0,0,0,0,0,0,0,0,0,0,0,0,0,0,0,0,0,0,0,0,0,0,2026-08-22T05:27:59.125810+00:00
Liga Mexicana 2026/2027,Santos Laguna - Atlas FC,2026-07-26T03:00:00+00:00,finished,2,0-1,Atlas FC,Jesús Serrato,M,0,,0,0,0,,,0,0,0,0,0,0,0,0,0,0,0,0,0,0,0,0,0,0,0,0,0,0,0,0,0,0,0,0,0,0,2026-08-22T05:27:59.088173+00:00
Liga Mexicana 2026/2027,Santos Laguna - Atlas FC,2026-07-26T03:00:00+00:00,finished,2,0-1,Atlas FC,Jorge Sánchez,D,24,6.7,9,0,0,,0.0024382,0,0,0,6,5,1,0,0,0,0,0,1,2,0,1,1,1,0,0,3,0,0,2,0,0,0,0,0,0,0,2026-08-22T05:27:59.088080+00:00
Liga Mexicana 2026/2027,Santos Laguna - Atlas FC,2026-07-26T03:00:00+00:00,finished,2,0-1,Atlas FC,Jose Lozano,D,13,6.5,10,0,0,,,0,0,0,2,0,0,0,0,0,2,0,0,2,0,0,0,0,2,0,0,0,0,7,0,0,0,0,0,0,0,2026-08-22T05:27:59.088160+00:00
Liga Mexicana 2026/2027,Santos Laguna - Atlas FC,2026-07-26T03:00:00+00:00,finished,2,0-1,Atlas FC,Jose Martin,F,0,,0,0,0,,,0,0,0,0,0,0,0,0,0,0,0,0,0,0,0,0,0,0,0,0,0,0,0,0,0,0,0,0,0,0,2026-08-17T05:28:33.152558+00:00
Liga Mexicana 2026/2027,Santos Laguna - Atlas FC,2026-07-26T03:00:00+00:00,finished,2,0-1,Santos Laguna,Joshua Mancha,M,15,7.0,13,0,0,,0.095483,0,0,1,9,7,1,0,1,1,2,1,2,1,0,0,1,1,0,0,3,0,0,3,0,0,0,0,0,0,0,2026-08-22T05:27:59.125755+00:00
Liga Mexicana 2026/2027,Santos Laguna - Atlas FC,2026-07-26T03:00:00+00:00,finished,2,0-1,Santos Laguna,José Abella,D,0,,0,0,0,,,0,0,0,0,0,0,0,0,0,0,0,0,0,0,0,0,0,0,0,0,0,0,0,0,0,0,0,0,0,0,2026-08-22T05:27:59.125783+00:00
Liga Mexicana 2026/2027,Santos Laguna - Atlas FC,2026-07-26T03:00:00+00:00,finished,2,0-1,Santos Laguna,Kevin Picon,D,15,6.6,7,0,0,,0.00231147,0,0,1,5,4,0,0,0,0,0,0,0,0,0,0,0,0,0,0,1,0,0,1,0,0,0,0,0,0,0,2026-08-22T05:27:59.125741+00:00
Liga Mexicana 2026/2027,Santos Laguna - Atlas FC,2026-07-26T03:00:00+00:00,finished,2,0-1,Santos Laguna,Lucas Di Yorio,F,65,6.0,23,0,0,0.1226,0.00849899,2,0,0,11,5,0,0,1,0,4,2,4,7,2,1,0,0,0,1,1,1,0,12,0,3,0,0,0,1,0,2026-08-22T05:27:59.088375+00:00
Liga Mexicana 2026/2027,Santos Laguna - Atlas FC,2026-07-26T03:00:00+00:00,finished,2,0-1,Atlas FC,Luís Esteves,M,13,6.6,12,0,0,,0.0287401,0,0,0,10,8,1,1,0,0,1,0,1,3,0,0,1,1,0,0,4,0,0,3,0,1,0,0,0,0,0,2026-08-22T05:27:59.088146+00:00
Liga Mexicana 2026/2027,Santos Laguna - Atlas FC,2026-07-26T03:00:00+00:00,finished,2,0-1,Atlas FC,Manuel Capasso,D,90,7.6,70,0,0,0.0329,0.00752168,2,2,0,49,39,10,5,1,0,2,2,5,1,1,1,2,1,6,5,4,0,0,11,0,0,0,0,0,0,0,2026-08-22T05:27:59.087970+00:00
Liga Mexicana 2026/2027,Santos Laguna - Atlas FC,2026-07-26T03:00:00+00:00,finished,2,0-1,Santos Laguna,Mauricio Cuevas,D,84,6.9,68,0,0,0.0419,0.0894288,1,0,3,36,30,3,2,5,2,1,0,4,3,0,0,3,2,1,2,2,1,0,14,1,0,0,0,0,1,0,2026-08-22T05:27:59.088334+00:00
Liga Mexicana 2026/2027,Santos Laguna - Atlas FC,2026-07-26T03:00:00+00:00,finished,2,0-1,Atlas FC,Milton Valenzuela,D,90,7.2,62,0,0,,0.0081605,0,0,0,34,24,6,3,1,0,0,0,6,2,0,1,4,2,3,3,3,0,0,13,2,1,0,0,0,0,0,2026-08-22T05:27:59.087938+00:00
Liga Mexicana 2026/2027,Santos Laguna - Atlas FC,2026-07-26T03:00:00+00:00,finished,2,0-1,Atlas FC,Paulo Ramírez,M,13,6.8,8,0,0,,0.0337636,0,0,0,5,4,0,0,0,0,1,0,2,1,1,0,1,1,1,0,3,0,0,2,0,0,0,0,0,0,0,2026-08-22T05:27:59.088132+00:00
Liga Mexicana 2026/2027,Santos Laguna - Atlas FC,2026-07-26T03:00:00+00:00,finished,2,0-1,Santos Laguna,Ramiro Sordo,M,71,7.0,47,0,0,0.054,0.248416,1,0,0,23,13,4,1,4,2,4,2,9,7,1,0,2,1,0,2,7,1,1,19,4,2,0,0,0,1,0,2026-08-22T05:27:59.088348+00:00
Liga Mexicana 2026/2027,Santos Laguna - Atlas FC,2026-07-26T03:00:00+00:00,finished,2,0-1,Atlas FC,Rodrigo Schlegel,D,90,7.5,60,0,0,0.0169,0.0024603,1,0,0,41,33,6,1,0,0,0,0,6,1,3,1,3,3,8,1,2,0,0,8,0,0,0,0,0,0,0,2026-08-22T05:27:59.087953+00:00
Liga Mexicana 2026/2027,Santos Laguna - Atlas FC,2026-07-26T03:00:00+00:00,finished,2,0-1,Atlas FC,Ryan Mmaee,F,90,5.9,41,0,0,0.3427,0.016505,2,0,2,21,13,2,1,0,0,3,1,3,11,0,2,1,0,0,0,4,1,3,20,1,4,0,0,0,0,0,2026-08-22T05:27:59.087898+00:00
Liga Mexicana 2026/2027,Santos Laguna - Atlas FC,2026-07-26T03:00:00+00:00,finished,2,0-1,Santos Laguna,Salvador Mariscal,M,84,6.7,42,0,0,,0.0159033,0,0,0,36,34,1,1,0,0,0,0,4,3,0,3,4,1,0,0,3,0,0,3,0,0,0,0,0,1,0,2026-08-22T05:27:59.088320+00:00
Liga Mexicana 2026/2027,Santos Laguna - Atlas FC,2026-07-26T03:00:00+00:00,finished,2,0-1,Atlas FC,Sergio Hernandez,M,77,6.9,37,0,0,0.019,0.352291,1,0,1,20,16,1,0,4,1,2,1,4,7,0,1,3,1,1,0,3,0,2,12,0,1,0,0,0,0,0,2026-08-22T05:27:59.088013+00:00
Liga Mexicana 2026/2027,Santos Laguna - Atlas FC,2026-07-26T03:00:00+00:00,finished,2,0-1,Atlas FC,Victor Rios,M,21,6.9,12,0,0,,0.00132026,0,0,0,5,3,2,2,0,0,0,0,2,0,1,0,1,0,3,1,1,0,0,3,0,0,0,0,0,0,0,2026-08-22T05:27:59.088093+00:00
Liga Mexicana 2026/2027,Tigres UANL - Atlético San Luis,2026-07-26T03:00:00+00:00,finished,2,2-2,Tigres UANL,,,0,,0,0,0,,,0,0,0,0,0,0,0,0,0,0,0,0,0,0,0,0,0,0,0,0,0,0,0,0,0,0,0,0,0,0,2026-08-22T05:27:58.776937+00:00
Liga Mexicana 2026/2027,Tigres UANL - Atlético San Luis,2026-07-26T03:00:00+00:00,finished,2,2-2,Tigres UANL,Alan Javier Franco,D,16,6.1,10,0,0,,0.00120522,0,0,0,8,5,2,0,0,0,0,0,0,1,0,0,0,0,1,1,2,0,0,3,0,1,1,0,0,1,0,2026-08-22T05:27:58.776823+00:00
Liga Mexicana 2026/2027,Tigres UANL - Atlético San Luis,2026-07-26T03:00:00+00:00,finished,2,2-2,Atlético San Luis,Aldo Cruz,D,0,,0,0,0,,,0,0,0,0,0,0,0,0,0,0,0,0,0,0,0,0,0,0,0,0,0,0,0,0,0,0,0,0,0,0,2026-08-22T05:27:58.776624+00:00
Liga Mexicana 2026/2027,Tigres UANL - Atlético San Luis,2026-07-26T03:00:00+00:00,finished,2,2-2,Atlético San Luis,Anderson Duarte,F,11,6.8,5,0,0,,0.0100106,0,0,1,2,2,0,0,0,0,0,0,1,0,0,0,1,1,0,0,1,0,0,0,0,0,0,0,0,0,0,2026-08-22T05:27:58.776535+00:00
Liga Mexicana 2026/2027,Tigres UANL - Atlético San Luis,2026-07-26T03:00:00+00:00,finished,2,2-2,Atlético San Luis,Andrés Sánchez,G,90,5.8,26,0,0,,0.00031893,0,0,0,23,19,8,5,0,0,0,0,0,0,0,0,0,0,0,0,3,0,0,4,0,0,0,0,0,2,0,2026-08-22T05:27:58.776438+00:00
Liga Mexicana 2026/2027,Tigres UANL - Atlético San Luis,2026-07-26T03:00:00+00:00,finished,2,2-2,Tigres UANL,Antonio de María y Campos,F,1,,2,0,0,,0.00021507,0,0,0,2,1,0,0,0,0,0,0,0,0,0,0,0,0,0,0,0,0,0,1,0,0,0,0,0,0,0,2026-08-22T05:27:58.776850+00:00
Liga Mexicana 2026/2027,Tigres UANL - Atlético San Luis,2026-07-26T03:00:00+00:00,finished,2,2-2,Atlético San Luis,Benjamín Galindo,D,0,,0,0,0,,,0,0,0,0,0,0,0,0,0,0,0,0,0,0,0,0,0,0,0,0,0,0,0,0,0,0,0,0,0,0,2026-08-22T05:27:58.776607+00:00
Liga Mexicana 2026/2027,Tigres UANL - Atlético San Luis,2026-07-26T03:00:00+00:00,finished,2,2-2,Tigres UANL,Carlos Rodríguez,G,0,,0,0,0,,,0,0,0,0,0,0,0,0,0,0,0,0,0,0,0,0,0,0,0,0,0,0,0,0,0,0,0,0,0,0,2026-08-22T05:27:58.776912+00:00
Liga Mexicana 2026/2027,Tigres UANL - Atlético San Luis,2026-07-26T03:00:00+00:00,finished,2,2-2,Tigres UANL,César Araújo,M,74,7.0,38,0,0,0.0112,0.0225419,1,0,1,28,25,3,2,0,0,1,1,6,4,1,0,3,2,1,0,5,0,0,3,2,3,1,0,0,1,0,2026-08-22T05:27:58.776809+00:00
Liga Mexicana 2026/2027,Tigres UANL - Atlético San Luis,2026-07-26T03:00:00+00:00,finished,2,2-2,Atlético San Luis,David Rodriguez,F,90,8.2,53,1,0,0.182,0.0152055,4,2,0,25,22,0,0,2,0,6,4,11,5,1,0,0,0,0,1,1,1,2,13,6,1,0,0,0,2,0,2026-08-22T05:27:58.776370+00:00
Liga Mexicana 2026/2027,Tigres UANL - Atlético San Luis,2026-07-26T03:00:00+00:00,finished,2,2-2,Tigres UANL,Diego Lainez,M,90,6.9,72,0,0,,0.210852,0,0,5,43,35,2,2,7,2,4,1,4,9,0,0,3,3,0,1,7,0,6,26,0,0,0,0,0,2,0,2026-08-22T05:27:58.776705+00:00
Liga Mexicana 2026/2027,Tigres UANL - Atlético San Luis,2026-07-26T03:00:00+00:00,finished,2,2-2,Tigres UANL,Diego Sánchez,F,82,8.5,33,1,0,0.3448,0.243017,1,1,1,17,15,0,0,3,0,3,2,7,3,0,0,1,1,0,1,3,0,0,7,4,1,0,0,0,1,0,2026-08-22T05:27:58.776796+00:00
Liga Mexicana 2026/2027,Tigres UANL - Atlético San Luis,2026-07-26T03:00:00+00:00,finished,2,2-2,Atlético San Luis,Eduardo Águila,D,87,6.5,86,0,0,0.011,0.00324544,1,0,0,70,65,3,1,0,0,2,1,4,2,0,0,3,3,2,0,3,0,0,8,0,0,0,0,0,2,0,2026-08-22T05:27:58.776452+00:00
Liga Mexicana 2026/2027,Tigres UANL - Atlético San Luis,2026-07-26T03:00:00+00:00,finished,2,2-2,Tigres UANL,Fernando Gorriarán,M,90,7.5,54,1,0,0.1117,0.073504,1,1,1,37,29,1,0,2,0,2,1,8,3,1,0,2,0,3,0,6,0,1,13,4,0,0,0,0,2,0,2026-08-22T05:27:58.776717+00:00
Liga Mexicana 2026/2027,Tigres UANL - Atlético San Luis,2026-07-26T03:00:00+00:00,finished,2,2-2,Tigres UANL,Fernando Ordoñez,D,0,,0,0,0,,,0,0,0,0,0,0,0,0,0,0,0,0,0,0,0,0,0,0,0,0,0,0,0,0,0,0,0,0,0,0,2026-08-22T05:27:58.776900+00:00
Liga Mexicana 2026/2027,Tigres UANL - Atlético San Luis,2026-07-26T03:00:00+00:00,finished,2,2-2,Atlético San Luis,Gibran Lajud,G,0,,0,0,0,,,0,0,0,0,0,0,0,0,0,0,0,0,0,0,0,0,0,0,0,0,0,0,0,0,0,0,0,0,0,0,2026-08-22T05:27:58.776639+00:00
Liga Mexicana 2026/2027,Tigres UANL - Atlético San Luis,2026-07-26T03:00:00+00:00,finished,2,2-2,Tigres UANL,Isac Galván,M,0,,0,0,0,,,0,0,0,0,0,0,0,0,0,0,0,0,0,0,0,0,0,0,0,0,0,0,0,0,0,0,0,0,0,0,2026-08-22T05:27:58.776887+00:00
Liga Mexicana 2026/2027,Tigres UANL - Atlético San Luis,2026-07-26T03:00:00+00:00,finished,2,2-2,Tigres UANL,Jesus Garza,D,90,6.2,62,0,0,0.0345,0.0204018,1,0,1,44,40,4,1,3,0,0,0,3,3,0,0,3,2,1,2,5,0,0,8,0,2,0,0,0,2,0,2026-08-22T05:27:58.776757+00:00
Liga Mexicana 2026/2027,Tigres UANL - Atlético San Luis,2026-07-26T03:00:00+00:00,finished,2,2-2,Tigres UANL,Joaquim,D,90,7.1,56,0,1,0.0912,0.020984,2,0,1,44,39,10,8,0,0,0,0,4,1,3,1,0,0,2,3,0,0,0,6,1,0,0,0,0,2,0,2026-08-22T05:27:58.776744+00:00
Liga Mexicana 2026/2027,Tigres UANL - Atlético San Luis,2026-07-26T03:00:00+00:00,finished,2,2-2,Atlético San Luis,Johan Caicedo,M,0,,0,0,0,,,0,0,0,0,0,0,0,0,0,0,0,0,0,0,0,0,0,0,0,0,0,0,0,0,0,0,0,0,0,0,2026-08-22T05:27:58.776666+00:00
Liga Mexicana 2026/2027,Tigres UANL - Atlético San Luis,2026-07-26T03:00:00+00:00,finished,2,2-2,Tigres UANL,Juan Brunetta,M,90,7.3,58,0,1,0.3609,0.150462,4,0,5,34,31,5,3,7,4,2,2,6,8,1,1,3,0,0,0,7,3,4,13,0,1,0,0,0,2,0,2026-08-22T05:27:58.776692+00:00
Liga Mexicana 2026/2027,Tigres UANL - Atlético San Luis,2026-07-26T03:00:00+00:00,finished,2,2-2,Tigres UANL,Juan Vigón,M,8,6.5,7,0,0,0.0891,0.0100684,2,0,0,4,3,0,0,1,1,0,0,1,1,1,1,0,0,0,0,0,0,0,1,0,0,0,0,0,1,0,2026-08-22T05:27:58.776837+00:00
Liga Mexicana 2026/2027,Tigres UANL - Atlético San Luis,2026-07-26T03:00:00+00:00,finished,2,2-2,Atlético San Luis,Leonardo Flores,F,69,6.5,19,0,0,0.0508,0.0166486,1,0,0,9,8,0,0,0,0,1,0,2,6,1,2,0,0,3,0,1,1,1,5,1,2,0,0,0,2,0,2026-08-22T05:27:58.776508+00:00
Liga Mexicana 2026/2027,Tigres UANL - Atlético San Luis,2026-07-26T03:00:00+00:00,finished,2,2-2,Atlético San Luis,Lucas Esteves,D,90,6.5,35,0,0,0.0328,0.00205042,1,0,0,22,19,1,1,0,0,1,0,4,3,0,0,3,1,2,0,3,0,0,4,1,1,0,0,0,2,0,2026-08-22T05:27:58.776389+00:00
Liga Mexicana 2026/2027,Tigres UANL - Atlético San Luis,2026-07-26T03:00:00+00:00,finished,2,2-2,Tigres UANL,Marcelo Salinas,G,0,,0,0,0,,,0,0,0,0,0,0,0,0,0,0,0,0,0,0,0,0,0,0,0,0,0,0,0,0,0,0,0,0,0,0,2026-08-17T05:28:33.136336+00:00
Liga Mexicana 2026/2027,Tigres UANL - Atlético San Luis,2026-07-26T03:00:00+00:00,finished,2,2-2,Tigres UANL,Mauro Laínez,M,0,,0,0,0,,,0,0,0,0,0,0,0,0,0,0,0,0,0,0,0,0,0,0,0,0,0,0,0,0,0,0,0,0,0,0,2026-08-22T05:27:58.776863+00:00
Liga Mexicana 2026/2027,Tigres UANL - Atlético San Luis,2026-07-26T03:00:00+00:00,finished,2,2-2,Atlético San Luis,Miguel Alonso García,M,82,6.3,72,0,0,,0.00487297,0,0,1,63,57,5,2,0,0,0,0,2,3,0,1,2,1,4,2,2,0,0,6,0,1,0,0,0,2,0,2026-08-22T05:27:58.776494+00:00
Liga Mexicana 2026/2027,Tigres UANL - Atlético San Luis,2026-07-26T03:00:00+00:00,finished,2,2-2,Tigres UANL,Nahuel Guzmán,G,90,6.2,39,0,0,,0.00051,0,0,0,35,26,15,7,0,0,0,0,0,0,0,0,0,0,0,0,8,0,0,9,0,0,0,0,2,2,0,2026-08-22T05:27:58.776771+00:00
Liga Mexicana 2026/2027,Tigres UANL - Atlético San Luis,2026-07-26T03:00:00+00:00,finished,2,2-2,Atlético San Luis,Oscar Macías,M,82,6.5,63,0,0,,0.00907112,0,0,1,52,46,2,2,0,0,1,0,4,5,0,1,3,2,0,1,2,0,1,8,1,2,0,0,0,2,0,2026-08-22T05:27:58.776480+00:00
Liga Mexicana 2026/2027,Tigres UANL - Atlético San Luis,2026-07-26T03:00:00+00:00,finished,2,2-2,Tigres UANL,Ozziel Herrera,M,90,6.5,25,0,0,0.2327,0.00368955,4,0,0,11,9,1,1,0,0,2,1,5,5,1,0,0,0,1,0,0,0,2,7,3,1,0,0,0,2,0,2026-08-22T05:27:58.776679+00:00
Liga Mexicana 2026/2027,Tigres UANL - Atlético San Luis,2026-07-26T03:00:00+00:00,finished,2,2-2,Tigres UANL,Rafael Guerrero,D,0,,0,0,0,,,0,0,0,0,0,0,0,0,0,0,0,0,0,0,0,0,0,0,0,0,0,0,0,0,0,0,0,0,0,0,2026-08-22T05:27:58.776875+00:00
Liga Mexicana 2026/2027,Tigres UANL - Atlético San Luis,2026-07-26T03:00:00+00:00,finished,2,2-2,Atlético San Luis,Roberto Meraz,M,21,6.8,30,0,0,,0.00332144,0,0,0,28,27,3,2,0,0,0,0,1,0,0,0,1,1,0,0,1,0,0,1,0,0,0,0,0,0,0,2026-08-22T05:27:58.776522+00:00
Liga Mexicana 2026/2027,Tigres UANL - Atlético San Luis,2026-07-26T03:00:00+00:00,finished,2,2-2,Atlético San Luis,Robson Bambu,D,90,6.2,76,0,0,,0.00286257,0,0,1,67,59,7,2,0,0,0,0,2,4,1,1,0,0,3,0,3,0,0,8,1,3,1,0,0,2,0,2026-08-22T05:27:58.776302+00:00
Liga Mexicana 2026/2027,Tigres UANL - Atlético San Luis,2026-07-26T03:00:00+00:00,finished,2,2-2,Atlético San Luis,Román Torres,D,90,6.3,57,0,1,0.0281,0.05111,1,1,2,34,22,4,0,5,2,1,1,4,7,0,1,2,1,1,1,1,0,2,21,1,1,0,0,0,2,0,2026-08-22T05:27:58.776424+00:00
Liga Mexicana 2026/2027,Tigres UANL - Atlético San Luis,2026-07-26T03:00:00+00:00,finished,2,2-2,Atlético San Luis,Ronaldo Nájera,M,8,6.4,9,0,0,,0.00520724,0,0,1,8,5,1,0,0,0,1,0,0,1,0,0,0,0,0,0,1,0,0,4,0,0,0,0,0,0,0,2026-08-22T05:27:58.776587+00:00
Liga Mexicana 2026/2027,Tigres UANL - Atlético San Luis,2026-07-26T03:00:00+00:00,finished,2,2-2,Tigres UANL,Rômulo Zwarg,D,90,6.3,45,0,0,,0.00689936,0,0,0,40,34,4,4,0,0,0,0,0,5,0,1,0,0,1,1,3,0,0,6,0,3,0,0,0,2,0,2026-08-22T05:27:58.776730+00:00
Liga Mexicana 2026/2027,Tigres UANL - Atlético San Luis,2026-07-26T03:00:00+00:00,finished,2,2-2,Atlético San Luis,Santiago Muñoz,F,8,6.4,1,0,0,,0.00219137,0,0,0,1,1,0,0,0,0,0,0,0,0,0,0,0,0,0,0,0,0,0,0,0,0,0,0,0,0,0,2026-08-22T05:27:58.776563+00:00
Liga Mexicana 2026/2027,Tigres UANL - Atlético San Luis,2026-07-26T03:00:00+00:00,finished,2,2-2,Atlético San Luis,Sebastián Pérez Bouquet,M,8,6.6,9,0,0,0.0257,0.0132643,1,0,0,7,5,0,0,1,1,0,0,1,1,1,1,0,0,0,0,0,0,0,2,0,0,0,0,0,0,0,2026-08-22T05:27:58.776549+00:00
Liga Mexicana 2026/2027,Tigres UANL - Atlético San Luis,2026-07-26T03:00:00+00:00,finished,2,2-2,Atlético San Luis,Sergio,M,82,7.9,34,1,0,0.13,0.0691141,2,1,2,19,17,3,2,0,0,4,1,4,4,0,0,1,1,0,0,2,1,0,6,2,1,0,0,0,2,0,2026-08-12T05:17:09.015858+00:00
Liga Mexicana 2026/2027,Tigres UANL - Atlético San Luis,2026-07-26T03:00:00+00:00,finished,2,2-2,Atlético San Luis,Sébastien Salles-Lamonge,M,90,7.0,93,0,0,0.0393,0.01617,2,0,1,77,67,5,3,2,0,1,1,6,4,0,0,3,1,0,0,3,0,1,16,2,2,0,0,0,2,0,2026-08-22T05:27:58.776409+00:00
Liga Mexicana 2026/2027,Tigres UANL - Atlético San Luis,2026-07-26T03:00:00+00:00,finished,2,2-2,Tigres UANL,Vladimir Loroña,D,89,6.2,48,0,0,0.0599,0.0122432,1,0,1,26,22,1,0,0,0,1,0,3,4,0,0,3,2,3,2,1,0,0,6,0,3,0,0,0,2,0,2026-08-22T05:27:58.776783+00:00
Liga Mexicana 2026/2027,Tigres UANL - Atlético San Luis,2026-07-26T03:00:00+00:00,finished,2,2-2,Tigres UANL,Ángel Ramírez,M,0,,0,0,0,,,0,0,0,0,0,0,0,0,0,0,0,0,0,0,0,0,0,0,0,0,0,0,0,0,0,0,0,0,0,0,2026-08-22T05:27:58.776925+00:00
Liga Mexicana 2026/2027,Tigres UANL - Atlético San Luis,2026-07-26T03:00:00+00:00,finished,2,2-2,Atlético San Luis,Ángel Reyes,M,0,,0,0,0,,,0,0,0,0,0,0,0,0,0,0,0,0,0,0,0,0,0,0,0,0,0,0,0,0,0,0,0,0,0,0,2026-08-17T05:28:33.136029+00:00
Liga Mexicana 2026/2027,Club Necaxa - CF Monterrey,2026-07-26T23:00:00+00:00,finished,2,2-1,CF Monterrey,,,0,,0,0,0,,,0,0,0,0,0,0,0,0,0,0,0,0,0,0,0,0,0,0,0,0,0,0,0,0,0,0,0,0,0,0,2026-08-22T05:27:59.371777+00:00
Liga Mexicana 2026/2027,Club Necaxa - CF Monterrey,2026-07-26T23:00:00+00:00,finished,2,2-1,Club Necaxa,Agustín Oliveros,D,90,7.1,65,0,0,0.1028,0.0937395,1,0,0,54,47,5,3,0,0,0,0,4,1,4,1,0,0,5,2,2,0,0,7,1,0,0,0,0,1,0,2026-08-22T05:27:59.371339+00:00
Liga Mexicana 2026/2027,Club Necaxa - CF Monterrey,2026-07-26T23:00:00+00:00,finished,2,2-1,CF Monterrey,Alonso Aceves,D,30,6.2,8,0,0,,0.00047001,0,0,0,3,2,1,0,0,0,0,0,0,1,0,1,0,0,2,0,2,0,0,1,0,0,0,0,0,1,0,2026-08-22T05:27:59.371701+00:00
Liga Mexicana 2026/2027,Club Necaxa - CF Monterrey,2026-07-26T23:00:00+00:00,finished,2,2-1,CF Monterrey,Carlos Salcedo,D,90,6.6,44,0,0,,0.00108699,0,0,0,28,22,7,4,0,0,0,0,6,3,0,1,3,1,5,1,2,0,0,7,3,2,1,0,0,2,0,2026-08-22T05:27:59.371603+00:00
Liga Mexicana 2026/2027,Club Necaxa - CF Monterrey,2026-07-26T23:00:00+00:00,finished,2,2-1,Club Necaxa,Carlos Vargas,D,87,7.1,50,0,0,0.0259,0.119397,1,0,2,33,26,5,2,1,1,2,1,8,4,1,0,5,4,2,0,2,0,0,8,1,3,0,0,0,1,0,2026-08-22T05:27:59.371367+00:00
Liga Mexicana 2026/2027,Club Necaxa - CF Monterrey,2026-07-26T23:00:00+00:00,finished,2,2-1,Club Necaxa,Christopher Andrade,G,0,,0,0,0,,,0,0,0,0,0,0,0,0,0,0,0,0,0,0,0,0,0,0,0,0,0,0,0,0,0,0,0,0,0,0,2026-08-22T05:27:59.371503+00:00
Liga Mexicana 2026/2027,Club Necaxa - CF Monterrey,2026-07-26T23:00:00+00:00,finished,2,2-1,CF Monterrey,Cristian Reyes,F,0,,0,0,0,,,0,0,0,0,0,0,0,0,0,0,0,0,0,0,0,0,0,0,0,0,0,0,0,0,0,0,0,0,0,0,2026-08-12T05:17:09.097795+00:00
Liga Mexicana 2026/2027,Club Necaxa - CF Monterrey,2026-07-26T23:00:00+00:00,finished,2,2-1,CF Monterrey,César Ramos,G,0,,0,0,0,,,0,0,0,0,0,0,0,0,0,0,0,0,0,0,0,0,0,0,0,0,0,0,0,0,0,0,0,0,0,0,2026-08-22T05:27:59.371789+00:00
Liga Mexicana 2026/2027,Club Necaxa - CF Monterrey,2026-07-26T23:00:00+00:00,finished,2,2-1,Club Necaxa,Danny Leyva,M,90,6.9,89,0,0,0.0575,0.182244,2,2,3,75,58,12,5,5,2,1,1,2,6,0,4,1,1,1,0,6,0,0,22,0,2,0,0,0,1,0,2026-08-22T05:27:59.371281+00:00
Liga Mexicana 2026/2027,Club Necaxa - CF Monterrey,2026-07-26T23:00:00+00:00,finished,2,2-1,CF Monterrey,Diego Rossi,F,60,6.3,16,0,0,,0.00116002,0,0,0,8,5,0,0,0,0,1,0,1,3,0,0,0,0,0,0,0,0,2,9,1,0,0,0,0,1,0,2026-08-22T05:27:59.371665+00:00
Liga Mexicana 2026/2027,Club Necaxa - CF Monterrey,2026-07-26T23:00:00+00:00,finished,2,2-1,Club Necaxa,Emilio Martinez,D,0,,0,0,0,,,0,0,0,0,0,0,0,0,0,0,0,0,0,0,0,0,0,0,0,0,0,0,0,0,0,0,0,0,0,0,2026-08-22T05:27:59.371527+00:00
Liga Mexicana 2026/2027,Club Necaxa - CF Monterrey,2026-07-26T23:00:00+00:00,finished,2,2-1,Club Necaxa,Emilio Rodriguez,M,45,7.1,31,0,0,,0.097473,0,0,1,23,21,1,1,3,1,0,0,3,0,0,0,3,0,1,0,2,0,0,4,0,0,0,0,0,1,0,2026-08-22T05:27:59.371425+00:00
Liga Mexicana 2026/2027,Club Necaxa - CF Monterrey,2026-07-26T23:00:00+00:00,finished,2,2-1,CF Monterrey,Fidel Ambríz,M,0,,0,0,0,,,0,0,0,0,0,0,0,0,0,0,0,0,0,0,0,0,0,0,0,0,0,0,0,0,0,0,0,0,0,0,2026-08-22T05:27:59.371764+00:00
Liga Mexicana 2026/2027,Club Necaxa - CF Monterrey,2026-07-26T23:00:00+00:00,finished,2,2-1,Club Necaxa,Francisco Méndez,D,90,7.1,79,0,1,0.0677,0.0103592,2,0,1,67,59,6,2,0,0,0,0,6,1,6,0,0,0,6,2,4,0,0,8,0,0,0,0,0,1,0,2026-08-22T05:27:59.371325+00:00
Liga Mexicana 2026/2027,Club Necaxa - CF Monterrey,2026-07-26T23:00:00+00:00,finished,2,2-1,CF Monterrey,Gerardo Arteaga,D,60,6.5,27,0,0,,0.00494664,0,0,0,19,15,1,0,0,0,0,0,2,0,0,0,1,1,2,0,3,0,0,7,1,0,0,0,0,1,0,2026-08-22T05:27:59.371653+00:00
Liga Mexicana 2026/2027,Club Necaxa - CF Monterrey,2026-07-26T23:00:00+00:00,finished,2,2-1,CF Monterrey,Hugo Cuypers,F,30,6.5,15,0,0,0.1373,0.00656039,1,0,0,6,2,0,0,0,0,0,0,4,5,3,5,0,0,1,0,0,0,0,6,1,1,0,0,0,1,0,2026-08-22T05:27:59.371715+00:00
Liga Mexicana 2026/2027,Club Necaxa - CF Monterrey,2026-07-26T23:00:00+00:00,finished,2,2-1,CF Monterrey,Iker Fimbres,M,0,,0,0,0,,,0,0,0,0,0,0,0,0,0,0,0,0,0,0,0,0,0,0,0,0,0,0,0,0,0,0,0,0,0,0,2026-08-22T05:27:59.371815+00:00
Liga Mexicana 2026/2027,Club Necaxa - CF Monterrey,2026-07-26T23:00:00+00:00,finished,2,2-1,Club Necaxa,Javier Ruiz,M,89,6.9,34,0,0,,0.207182,0,0,4,19,18,0,0,2,0,4,2,4,7,0,2,2,2,0,0,2,0,1,11,0,3,0,0,0,1,0,2026-08-22T05:27:59.371353+00:00
Liga Mexicana 2026/2027,Club Necaxa - CF Monterrey,2026-07-26T23:00:00+00:00,finished,2,2-1,CF Monterrey,Jesús Corona,M,45,6.6,18,0,0,,0.0166138,0,0,1,12,10,0,0,1,1,0,0,2,2,1,0,1,1,0,1,2,0,1,5,0,0,0,0,0,0,0,2026-08-22T05:27:59.371688+00:00
Liga Mexicana 2026/2027,Club Necaxa - CF Monterrey,2026-07-26T23:00:00+00:00,finished,2,2-1,CF Monterrey,Jorge Rodríguez,M,89,6.5,33,0,0,,0.0101611,0,0,0,22,14,7,2,0,0,1,1,4,4,1,2,1,1,4,3,0,0,0,8,1,2,0,0,0,2,0,2026-08-22T05:27:59.371629+00:00
Liga Mexicana 2026/2027,Club Necaxa - CF Monterrey,2026-07-26T23:00:00+00:00,finished,2,2-1,Club Necaxa,Juan Torres,M,75,6.7,38,0,0,0.3237,0.0174022,3,2,0,25,17,1,1,0,0,4,1,1,6,0,1,0,0,0,0,2,1,1,13,0,1,0,0,0,1,0,2026-08-22T05:27:59.371399+00:00
Liga Mexicana 2026/2027,Club Necaxa - CF Monterrey,2026-07-26T23:00:00+00:00,finished,2,2-1,Club Necaxa,Juan Valencia,F,9,6.8,4,1,0,0.9861,0.00054596,1,1,0,1,0,0,0,1,1,0,0,0,2,0,0,0,0,0,0,0,0,1,2,0,1,0,0,0,0,0,2026-08-22T05:27:59.371475+00:00
Liga Mexicana 2026/2027,Club Necaxa - CF Monterrey,2026-07-26T23:00:00+00:00,finished,2,2-1,Club Necaxa,Julián Carranza,F,90,6.9,42,1,0,1.2094,0.00931744,6,3,0,19,12,3,1,1,0,2,0,11,10,4,2,1,0,0,0,3,1,0,13,7,6,0,0,0,1,0,2026-08-22T05:27:59.371312+00:00
Liga Mexicana 2026/2027,Club Necaxa - CF Monterrey,2026-07-26T23:00:00+00:00,finished,2,2-1,Club Necaxa,Kaiky Naves,D,0,,0,0,0,,,0,0,0,0,0,0,0,0,0,0,0,0,0,0,0,0,0,0,0,0,0,0,0,0,0,0,0,0,0,0,2026-08-22T05:27:59.371515+00:00
Liga Mexicana 2026/2027,Club Necaxa - CF Monterrey,2026-07-26T23:00:00+00:00,finished,2,2-1,Club Necaxa,Lorenzo Faravelli,M,87,6.8,36,0,0,0.1467,0.0684736,2,1,2,25,22,4,2,0,0,1,0,4,6,0,0,1,0,1,0,3,1,1,6,3,3,1,0,0,1,0,2026-08-22T05:27:59.371383+00:00
Liga Mexicana 2026/2027,Club Necaxa - CF Monterrey,2026-07-26T23:00:00+00:00,finished,2,2-1,CF Monterrey,Luca Orellano,M,77,6.6,25,0,0,0.0725,0.00201157,2,1,0,11,8,0,0,2,0,2,0,4,5,0,1,2,1,1,0,2,1,1,8,2,0,0,0,0,1,0,2026-08-22T05:27:59.371641+00:00
Liga Mexicana 2026/2027,Club Necaxa - CF Monterrey,2026-07-26T23:00:00+00:00,finished,2,2-1,CF Monterrey,Lucas Ocampos,M,90,7.6,45,1,0,0.8212,0.00594321,3,1,0,20,13,2,0,1,0,5,4,14,8,7,5,2,1,1,0,5,1,0,15,1,1,0,0,0,2,0,2026-08-22T05:27:59.371552+00:00
Liga Mexicana 2026/2027,Club Necaxa - CF Monterrey,2026-07-26T23:00:00+00:00,finished,2,2-1,CF Monterrey,Luis Cárdenas,G,90,8.9,53,0,0,,0.00223646,0,0,0,44,29,24,10,0,0,0,0,0,0,0,0,0,0,0,0,13,0,0,15,0,0,0,0,7,2,0,2026-08-22T05:27:59.371565+00:00
Liga Mexicana 2026/2027,Club Necaxa - CF Monterrey,2026-07-26T23:00:00+00:00,finished,2,2-1,Club Necaxa,Luis Jimenez,G,90,6.6,25,0,0,,0.00214819,0,0,0,20,18,5,3,0,0,0,0,0,0,0,0,0,0,1,0,7,0,0,2,0,0,0,0,1,1,0,2026-08-22T05:27:59.371298+00:00
Liga Mexicana 2026/2027,Club Necaxa - CF Monterrey,2026-07-26T23:00:00+00:00,finished,2,2-1,CF Monterrey,Luis Reyes,D,13,6.5,11,0,0,,1.538e-05,0,0,0,3,2,1,1,2,0,0,0,3,3,1,0,1,1,0,0,0,0,2,5,2,1,0,0,0,1,0,2026-08-22T05:27:59.371740+00:00
Liga Mexicana 2026/2027,Club Necaxa - CF Monterrey,2026-07-26T23:00:00+00:00,finished,2,2-1,Club Necaxa,Matías Espíndola,M,0,,0,0,0,,,0,0,0,0,0,0,0,0,0,0,0,0,0,0,0,0,0,0,0,0,0,0,0,0,0,0,0,0,0,0,2026-08-22T05:27:59.371489+00:00
Liga Mexicana 2026/2027,Club Necaxa - CF Monterrey,2026-07-26T23:00:00+00:00,finished,2,2-1,Club Necaxa,Mauro Zaleta,M,12,6.8,5,0,1,0.0781,0.00012071,1,0,1,2,2,0,0,0,0,0,0,1,0,0,0,0,0,0,0,1,0,0,0,1,0,0,0,0,0,0,2026-08-22T05:27:59.371451+00:00
Liga Mexicana 2026/2027,Club Necaxa - CF Monterrey,2026-07-26T23:00:00+00:00,finished,2,2-1,Club Necaxa,Miguel Pedroza,F,15,6.5,5,0,0,,0.00070948,0,0,0,2,2,0,0,0,0,0,0,0,0,0,0,0,0,0,0,0,0,0,2,0,0,0,0,0,0,0,2026-08-22T05:27:59.371437+00:00
Liga Mexicana 2026/2027,Club Necaxa - CF Monterrey,2026-07-26T23:00:00+00:00,finished,2,2-1,CF Monterrey,Orbelín Pineda,M,45,6.3,18,0,0,,0.00462777,0,0,1,12,9,2,1,0,0,2,0,0,4,0,0,0,0,1,0,1,0,0,5,0,2,0,0,0,2,0,2026-08-22T05:27:59.371677+00:00
Liga Mexicana 2026/2027,Club Necaxa - CF Monterrey,2026-07-26T23:00:00+00:00,finished,2,2-1,Club Necaxa,Pedro Pedraza,M,0,,0,0,0,,,0,0,0,0,0,0,0,0,0,0,0,0,0,0,0,0,0,0,0,0,0,0,0,0,0,0,0,0,0,0,2026-08-22T05:27:59.371539+00:00
Liga Mexicana 2026/2027,Club Necaxa - CF Monterrey,2026-07-26T23:00:00+00:00,finished,2,2-1,Club Necaxa,Raúl Martínez,D,90,6.2,62,0,0,,0.015016,0,0,3,45,42,2,1,0,0,1,1,3,8,0,4,1,0,2,1,2,0,2,7,1,1,0,0,0,1,0,2026-08-22T05:27:59.371217+00:00
Liga Mexicana 2026/2027,Club Necaxa - CF Monterrey,2026-07-26T23:00:00+00:00,finished,2,2-1,CF Monterrey,Ricardo Chávez,D,90,6.3,38,0,0,,0.00312174,0,0,0,18,15,3,0,0,0,1,0,6,3,2,1,1,1,1,2,2,0,0,8,4,1,1,0,0,2,0,2026-08-22T05:27:59.371591+00:00
Liga Mexicana 2026/2027,Club Necaxa - CF Monterrey,2026-07-26T23:00:00+00:00,finished,2,2-1,Club Necaxa,Ricardo Monreal,F,45,6.5,24,0,0,,0.00964149,0,0,0,17,13,1,1,1,0,1,1,2,2,1,0,0,0,2,0,2,0,1,7,0,1,1,0,0,0,0,2026-08-22T05:27:59.371411+00:00
Liga Mexicana 2026/2027,Club Necaxa - CF Monterrey,2026-07-26T23:00:00+00:00,finished,2,2-1,Club Necaxa,Rogelio Cortéz Pineda,M,12,6.8,9,0,0,,0.00311097,0,0,0,8,7,1,1,0,0,0,0,0,1,0,1,0,0,0,0,1,0,0,1,0,0,0,0,0,0,0,2026-08-22T05:27:59.371463+00:00
Liga Mexicana 2026/2027,Club Necaxa - CF Monterrey,2026-07-26T23:00:00+00:00,finished,2,2-1,CF Monterrey,Stefan Medina,D,20,3.4,12,0,0,,0.00015941,0,0,0,10,9,2,1,0,0,0,0,1,3,0,0,0,0,1,0,0,0,0,1,1,2,0,1,0,2,0,2026-08-22T05:27:59.371728+00:00
Liga Mexicana 2026/2027,Club Necaxa - CF Monterrey,2026-07-26T23:00:00+00:00,finished,2,2-1,CF Monterrey,Uroš Đurđević,F,1,,3,0,0,,,0,0,0,1,0,0,0,0,0,1,0,0,1,0,0,0,0,0,0,0,0,0,2,0,0,0,0,0,1,0,2026-08-22T05:27:59.371752+00:00
Liga Mexicana 2026/2027,Club Necaxa - CF Monterrey,2026-07-26T23:00:00+00:00,finished,2,2-1,CF Monterrey,Victor Guzmán,D,0,,0,0,0,,,0,0,0,0,0,0,0,0,0,0,0,0,0,0,0,0,0,0,0,0,0,0,0,0,0,0,0,0,0,0,2026-08-22T05:27:59.371802+00:00
Liga Mexicana 2026/2027,Club Necaxa - CF Monterrey,2026-07-26T23:00:00+00:00,finished,2,2-1,CF Monterrey,Óliver Torres,M,90,7.1,37,0,0,,0.151702,0,0,1,22,17,5,2,2,1,0,0,7,4,0,0,4,3,3,0,2,0,0,7,3,2,0,0,0,2,0,2026-08-22T05:27:59.371616+00:00
Liga Mexicana 2026/2027,CF Pachuca - Querétaro FC,2026-07-27T01:00:00+00:00,finished,2,1-2,CF Pachuca,,,0,,0,0,0,,,0,0,0,0,0,0,0,0,0,0,0,0,0,0,0,0,0,0,0,0,0,0,0,0,0,0,0,0,0,0,2026-08-21T05:17:58.162945+00:00
Liga Mexicana 2026/2027,CF Pachuca - Querétaro FC,2026-07-27T01:00:00+00:00,finished,2,1-2,CF Pachuca,Adrián Alcaraz,F,14,6.5,5,0,0,,0.0463977,0,0,1,4,4,0,0,0,0,0,0,1,1,0,0,1,0,0,0,2,0,0,0,0,2,0,0,0,1,0,2026-08-22T05:27:58.875618+00:00
Liga Mexicana 2026/2027,CF Pachuca - Querétaro FC,2026-07-27T01:00:00+00:00,finished,2,1-2,CF Pachuca,Alan Bautista,M,0,,0,0,0,,,0,0,0,0,0,0,0,0,0,0,0,0,0,0,0,0,0,0,0,0,0,0,0,0,0,0,0,0,0,0,2026-08-22T05:27:58.875677+00:00
Liga Mexicana 2026/2027,CF Pachuca - Querétaro FC,2026-07-27T01:00:00+00:00,finished,2,1-2,CF Pachuca,Alan Mozo,D,71,6.9,57,0,0,,0.23087,0,0,0,37,29,8,5,2,1,0,0,1,1,0,0,1,1,1,2,3,0,1,11,0,0,0,0,0,1,0,2026-08-22T05:27:58.875490+00:00
Liga Mexicana 2026/2027,CF Pachuca - Querétaro FC,2026-07-27T01:00:00+00:00,finished,2,1-2,Querétaro FC,Alejandro Alcala,M,0,,0,0,0,,,0,0,0,0,0,0,0,0,0,0,0,0,0,0,0,0,0,0,0,0,0,0,0,0,0,0,0,0,0,0,2026-08-22T05:27:58.875352+00:00
Liga Mexicana 2026/2027,CF Pachuca - Querétaro FC,2026-07-27T01:00:00+00:00,finished,2,1-2,CF Pachuca,Alexei Domínguez,M,27,6.7,28,0,0,,0.0241612,0,0,0,18,11,1,0,1,0,1,0,5,5,1,1,3,1,0,0,1,0,1,12,1,2,0,0,0,1,0,2026-08-22T05:27:58.875543+00:00
Liga Mexicana 2026/2027,CF Pachuca - Querétaro FC,2026-07-27T01:00:00+00:00,finished,2,1-2,Querétaro FC,Ali Ávila,F,90,8.3,38,2,0,1.5234,0.0702735,5,3,2,19,18,2,1,0,0,3,0,2,8,0,3,1,1,0,0,3,1,0,9,1,2,0,0,0,1,0,2026-08-22T05:27:58.875094+00:00
Liga Mexicana 2026/2027,CF Pachuca - Querétaro FC,2026-07-27T01:00:00+00:00,finished,2,1-2,Querétaro FC,Bayron Duarte,D,85,6.7,49,0,1,0.0249,0.443214,1,0,2,31,25,5,3,5,0,2,0,4,6,0,0,2,2,0,0,4,1,0,14,2,3,1,0,0,1,0,2026-08-22T05:27:58.875221+00:00
Liga Mexicana 2026/2027,CF Pachuca - Querétaro FC,2026-07-27T01:00:00+00:00,finished,2,1-2,Querétaro FC,Carlo Adriano García,M,90,6.6,61,0,0,0.0511,0.0349467,2,0,2,43,37,4,2,0,0,2,0,1,3,0,0,0,0,1,3,8,0,1,12,1,0,0,0,0,1,0,2026-08-22T05:27:58.875030+00:00
Liga Mexicana 2026/2027,CF Pachuca - Querétaro FC,2026-07-27T01:00:00+00:00,finished,2,1-2,CF Pachuca,Carlos Moreno,G,90,7.9,46,0,0,,0.00116503,0,0,0,30,22,20,12,0,0,0,0,1,0,0,0,0,0,1,0,16,0,0,8,1,0,0,0,3,2,0,2026-08-22T05:27:58.875418+00:00
Liga Mexicana 2026/2027,CF Pachuca - Querétaro FC,2026-07-27T01:00:00+00:00,finished,2,1-2,CF Pachuca,Carlos Sánchez,D,19,6.3,23,0,0,0.0759,0.0397474,2,0,0,8,7,2,1,5,1,2,1,1,3,0,1,0,0,0,0,0,0,1,9,0,1,1,0,0,1,0,2026-08-22T05:27:58.875591+00:00
Liga Mexicana 2026/2027,CF Pachuca - Querétaro FC,2026-07-27T01:00:00+00:00,finished,2,1-2,Querétaro FC,Carlos Villanueva,D,12,6.7,9,0,0,,0.00658752,0,0,0,4,3,2,1,0,0,0,0,0,1,0,0,0,0,3,0,0,0,0,1,0,1,1,0,0,0,0,2026-08-22T05:27:58.875299+00:00
Liga Mexicana 2026/2027,CF Pachuca - Querétaro FC,2026-07-27T01:00:00+00:00,finished,2,1-2,CF Pachuca,Christian Rivera,M,90,7.2,66,0,0,,0.022182,0,0,2,56,51,9,6,0,0,1,1,7,5,0,1,5,3,0,1,10,0,1,6,1,2,0,0,0,2,0,2026-08-22T05:27:58.875392+00:00
Liga Mexicana 2026/2027,CF Pachuca - Querétaro FC,2026-07-27T01:00:00+00:00,finished,2,1-2,Querétaro FC,Daniel Parra,D,90,7.0,57,0,0,,0.134837,0,0,2,34,29,5,1,5,1,2,1,7,3,4,1,1,0,2,1,4,0,0,11,1,0,0,0,0,1,0,2026-08-22T05:27:58.875196+00:00
Liga Mexicana 2026/2027,CF Pachuca - Querétaro FC,2026-07-27T01:00:00+00:00,finished,2,1-2,Querétaro FC,Diego Reyes,D,90,7.3,51,0,0,,0.00391218,0,0,0,38,35,3,2,0,0,0,0,4,1,2,1,1,1,2,1,6,0,0,3,2,0,0,0,0,1,0,2026-08-22T05:27:58.875167+00:00
Liga Mexicana 2026/2027,CF Pachuca - Querétaro FC,2026-07-27T01:00:00+00:00,finished,2,1-2,CF Pachuca,Eduardo Bauermann,D,90,6.5,54,0,0,,0.00142998,0,0,0,41,30,10,2,0,0,1,1,6,1,4,1,1,1,4,2,4,0,0,12,0,0,0,0,0,2,0,2026-08-22T05:27:58.875431+00:00
Liga Mexicana 2026/2027,CF Pachuca - Querétaro FC,2026-07-27T01:00:00+00:00,finished,2,1-2,Querétaro FC,Eduardo Perez,F,13,6.3,4,0,0,,0.00089794,0,0,0,3,3,0,0,0,0,1,0,0,2,0,1,0,0,0,0,0,0,0,1,0,0,0,0,0,0,0,2026-08-22T05:27:58.875286+00:00
Liga Mexicana 2026/2027,CF Pachuca - Querétaro FC,2026-07-27T01:00:00+00:00,finished,2,1-2,CF Pachuca,Elías Montiel,M,90,6.7,70,0,0,0.0827,0.0208843,3,0,2,52,46,3,3,1,0,4,0,4,5,1,0,3,2,1,1,6,0,1,14,0,0,0,0,0,2,0,2026-08-22T05:27:58.875462+00:00
Liga Mexicana 2026/2027,CF Pachuca - Querétaro FC,2026-07-27T01:00:00+00:00,finished,2,1-2,Querétaro FC,Enzo Giménez,M,78,6.8,52,0,0,0.1334,0.260751,2,1,3,30,25,2,1,3,1,1,0,8,4,1,0,5,4,1,0,4,0,1,12,2,0,0,0,0,1,0,2026-08-22T05:27:58.875235+00:00
Liga Mexicana 2026/2027,CF Pachuca - Querétaro FC,2026-07-27T01:00:00+00:00,finished,2,1-2,Querétaro FC,Erik Dueñas,M,0,,0,0,0,,,0,0,0,0,0,0,0,0,0,0,0,0,0,0,0,0,0,0,0,0,0,0,0,0,0,0,0,0,0,0,2026-08-22T05:27:58.875378+00:00
Liga Mexicana 2026/2027,CF Pachuca - Querétaro FC,2026-07-27T01:00:00+00:00,finished,2,1-2,CF Pachuca,Francisco Venegas,D,71,6.8,46,0,0,,0.00612483,0,0,0,29,22,5,3,0,0,0,0,3,2,0,0,3,2,3,0,1,0,1,9,0,1,0,0,0,1,0,2026-08-22T05:27:58.875503+00:00
Liga Mexicana 2026/2027,CF Pachuca - Querétaro FC,2026-07-27T01:00:00+00:00,finished,2,1-2,CF Pachuca,Gael Álvarez,M,0,,0,0,0,,,0,0,0,0,0,0,0,0,0,0,0,0,0,0,0,0,0,0,0,0,0,0,0,0,0,0,0,0,0,0,2026-08-22T05:27:58.875630+00:00
Liga Mexicana 2026/2027,CF Pachuca - Querétaro FC,2026-07-27T01:00:00+00:00,finished,2,1-2,Querétaro FC,Guillermo Allison,G,90,6.8,29,0,0,,0.00043942,0,0,0,24,15,14,5,0,0,0,0,1,0,0,0,0,0,0,0,7,0,0,10,1,0,0,0,1,1,0,2026-08-22T05:27:58.875152+00:00
Liga Mexicana 2026/2027,CF Pachuca - Querétaro FC,2026-07-27T01:00:00+00:00,finished,2,1-2,Querétaro FC,Jean Unjanque,M,0,,0,0,0,,,0,0,0,0,0,0,0,0,0,0,0,0,0,0,0,0,0,0,0,0,0,0,0,0,0,0,0,0,0,0,2026-08-22T05:27:58.875326+00:00
Liga Mexicana 2026/2027,CF Pachuca - Querétaro FC,2026-07-27T01:00:00+00:00,finished,2,1-2,Querétaro FC,Jesús Arellano Camacho,M,0,,0,0,0,,,0,0,0,0,0,0,0,0,0,0,0,0,0,0,0,0,0,0,0,0,0,0,0,0,0,0,0,0,0,0,2026-08-22T05:27:58.875364+00:00
Liga Mexicana 2026/2027,CF Pachuca - Querétaro FC,2026-07-27T01:00:00+00:00,finished,2,1-2,CF Pachuca,Jorge Berlanga,D,0,,0,0,0,,,0,0,0,0,0,0,0,0,0,0,0,0,0,0,0,0,0,0,0,0,0,0,0,0,0,0,0,0,0,0,2026-08-22T05:27:58.875653+00:00
Liga Mexicana 2026/2027,CF Pachuca - Querétaro FC,2026-07-27T01:00:00+00:00,finished,2,1-2,CF Pachuca,Jose Eulogio,G,0,,0,0,0,,,0,0,0,0,0,0,0,0,0,0,0,0,0,0,0,0,0,0,0,0,0,0,0,0,0,0,0,0,0,0,2026-08-22T05:27:58.875641+00:00
Liga Mexicana 2026/2027,CF Pachuca - Querétaro FC,2026-07-27T01:00:00+00:00,finished,2,1-2,Querétaro FC,José Hernández,G,0,,0,0,0,,,0,0,0,0,0,0,0,0,0,0,0,0,0,0,0,0,0,0,0,0,0,0,0,0,0,0,0,0,0,0,2026-08-22T05:27:58.875340+00:00
Liga Mexicana 2026/2027,CF Pachuca - Querétaro FC,2026-07-27T01:00:00+00:00,finished,2,1-2,Querétaro FC,Juan Pablo Cázares,F,0,,0,0,0,,,0,0,0,0,0,0,0,0,0,0,0,0,0,0,0,0,0,0,0,0,0,0,0,0,0,0,0,0,0,0,2026-08-22T05:27:58.875313+00:00
Liga Mexicana 2026/2027,CF Pachuca - Querétaro FC,2026-07-27T01:00:00+00:00,finished,2,1-2,CF Pachuca,Kenedy,M,63,6.4,37,0,0,,0.0373227,0,0,0,28,24,2,2,0,0,4,1,3,6,0,1,1,0,0,0,3,0,1,10,1,1,1,0,0,1,0,2026-08-22T05:27:58.875530+00:00
Liga Mexicana 2026/2027,CF Pachuca - Querétaro FC,2026-07-27T01:00:00+00:00,finished,2,1-2,Querétaro FC,Lucas Abascia,D,90,7.8,62,0,0,,0.0112082,0,0,0,46,41,8,5,0,0,0,0,10,6,1,1,9,7,3,1,8,0,3,8,0,2,1,0,0,1,0,2026-08-22T05:27:58.875182+00:00
Liga Mexicana 2026/2027,CF Pachuca - Querétaro FC,2026-07-27T01:00:00+00:00,finished,2,1-2,Querétaro FC,Mateo Coronel,F,85,6.2,40,0,0,0.2745,0.0287755,4,1,1,22,14,2,1,1,0,1,0,1,5,0,1,1,1,1,0,6,0,3,18,0,0,0,0,0,1,0,2026-08-22T05:27:58.875208+00:00
Liga Mexicana 2026/2027,CF Pachuca - Querétaro FC,2026-07-27T01:00:00+00:00,finished,2,1-2,CF Pachuca,Mauricio Isais,D,19,6.5,18,0,0,0.3611,0.0336136,2,0,0,8,7,2,1,1,1,0,0,1,2,0,0,1,1,0,0,1,2,1,3,0,0,0,0,0,1,0,2026-08-22T05:27:58.875606+00:00
Liga Mexicana 2026/2027,CF Pachuca - Querétaro FC,2026-07-27T01:00:00+00:00,finished,2,1-2,Querétaro FC,Mono Martínez,M,13,6.5,6,0,0,,0.0120199,0,0,0,3,1,1,0,0,0,0,0,1,0,0,0,1,0,0,0,1,0,0,4,0,0,0,0,0,0,0,2026-08-22T05:27:58.875273+00:00
Liga Mexicana 2026/2027,CF Pachuca - Querétaro FC,2026-07-27T01:00:00+00:00,finished,2,1-2,CF Pachuca,Nicolás Vallejo,F,27,6.6,17,0,0,0.0221,0.0246774,1,0,0,11,8,0,0,1,0,1,1,2,2,0,1,0,0,0,0,1,0,1,6,1,0,0,0,0,1,0,2026-08-22T05:27:58.875560+00:00
Liga Mexicana 2026/2027,CF Pachuca - Querétaro FC,2026-07-27T01:00:00+00:00,finished,2,1-2,CF Pachuca,Oussama Idrissi,M,84,7.3,53,0,1,0.2578,0.264244,3,1,1,28,24,4,4,4,1,6,2,7,10,0,0,1,1,0,0,1,2,3,17,4,3,0,0,0,1,0,2026-08-22T05:27:58.875476+00:00
Liga Mexicana 2026/2027,CF Pachuca - Querétaro FC,2026-07-27T01:00:00+00:00,finished,2,1-2,Querétaro FC,Paulo Victor,D,66,6.8,39,0,0,,0.298441,0,0,2,19,13,2,0,9,3,0,0,2,2,0,0,1,1,0,1,5,0,1,15,1,1,0,0,0,1,0,2026-08-22T05:27:58.875248+00:00
Liga Mexicana 2026/2027,CF Pachuca - Querétaro FC,2026-07-27T01:00:00+00:00,finished,2,1-2,CF Pachuca,Rodolfo Pizarro,M,63,7.0,37,0,0,,0.163501,0,0,1,25,23,5,5,3,1,2,1,3,5,1,0,1,0,1,0,2,0,1,7,0,2,0,0,0,1,0,2026-08-22T05:27:58.875517+00:00
Liga Mexicana 2026/2027,CF Pachuca - Querétaro FC,2026-07-27T01:00:00+00:00,finished,2,1-2,CF Pachuca,Salomón Rondón,F,90,7.3,24,1,0,0.4814,0.0207084,3,1,1,15,13,2,0,0,0,2,0,0,4,0,2,0,0,2,0,2,0,0,5,0,1,0,0,0,2,0,2026-08-22T05:27:58.875405+00:00
Liga Mexicana 2026/2027,CF Pachuca - Querétaro FC,2026-07-27T01:00:00+00:00,finished,2,1-2,Querétaro FC,Santiago Homenchenko,M,90,7.4,88,0,0,0.0584,0.0887285,4,0,1,55,46,3,1,3,0,4,2,11,6,1,0,6,5,2,2,7,3,0,18,2,1,0,0,0,1,0,2026-08-22T05:27:58.875134+00:00
Liga Mexicana 2026/2027,CF Pachuca - Querétaro FC,2026-07-27T01:00:00+00:00,finished,2,1-2,CF Pachuca,Sergio Barreto,D,90,6.6,45,0,0,,0.00422663,0,0,0,32,28,6,4,0,0,1,1,3,1,0,1,2,2,6,1,3,0,0,4,0,0,0,0,0,2,0,2026-08-22T05:27:58.875447+00:00
Liga Mexicana 2026/2027,CF Pachuca - Querétaro FC,2026-07-27T01:00:00+00:00,finished,2,1-2,CF Pachuca,Sergio Rodríguez,M,0,,0,0,0,,,0,0,0,0,0,0,0,0,0,0,0,0,0,0,0,0,0,0,0,0,0,0,0,0,0,0,0,0,0,0,2026-08-22T05:27:58.875664+00:00
Liga Mexicana 2026/2027,CF Pachuca - Querétaro FC,2026-07-27T01:00:00+00:00,finished,2,1-2,Querétaro FC,Waldo Madrid,M,24,6.5,8,0,0,,0.0743845,0,0,0,3,1,0,0,2,2,0,0,1,2,0,1,1,1,0,0,0,0,0,2,0,0,0,0,0,0,0,2026-08-22T05:27:58.875260+00:00
Liga Mexicana 2026/2027,Club Puebla - CD Guadalajara,2026-08-01T01:00:00+00:00,finished,3,1-1,CD Guadalajara,,,0,,0,0,0,,,0,0,0,0,0,0,0,0,0,0,0,0,0,0,0,0,0,0,0,0,0,0,0,0,0,0,0,0,0,0,2026-08-09T05:19:54.131610+00:00
Liga Mexicana 2026/2027,Club Puebla - CD Guadalajara,2026-08-01T01:00:00+00:00,finished,3,1-1,Club Puebla,Alberto Herrera,M,0,,0,0,0,,,0,0,0,0,0,0,0,0,0,0,0,0,0,0,0,0,0,0,0,0,0,0,0,0,0,0,0,0,0,0,2026-08-22T05:27:59.182515+00:00
Liga Mexicana 2026/2027,Club Puebla - CD Guadalajara,2026-08-01T01:00:00+00:00,finished,3,1-1,Club Puebla,Alejandro Organista,M,79,6.7,48,0,0,,0.0108358,0,0,1,38,37,1,1,0,0,2,1,2,4,0,1,0,0,3,1,4,0,0,3,1,1,0,0,0,1,0,2026-08-22T05:27:59.182399+00:00
Liga Mexicana 2026/2027,Club Puebla - CD Guadalajara,2026-08-01T01:00:00+00:00,finished,3,1-1,Club Puebla,Alonso Ramirez,M,0,,0,0,0,,,0,0,0,0,0,0,0,0,0,0,0,0,0,0,0,0,0,0,0,0,0,0,0,0,0,0,0,0,0,0,2026-08-22T05:27:59.182541+00:00
Liga Mexicana 2026/2027,Club Puebla - CD Guadalajara,2026-08-01T01:00:00+00:00,finished,3,1-1,Club Puebla,Angel Leyva,D,0,,0,0,0,,,0,0,0,0,0,0,0,0,0,0,0,0,0,0,0,0,0,0,0,0,0,0,0,0,0,0,0,0,0,0,2026-08-22T05:27:59.182502+00:00
Liga Mexicana 2026/2027,Club Puebla - CD Guadalajara,2026-08-01T01:00:00+00:00,finished,3,1-1,CD Guadalajara,Armando González,F,71,6.4,23,0,0,0.8875,0.01653,4,2,1,13,10,1,0,0,0,0,0,4,4,4,1,0,0,0,0,3,0,0,5,0,2,0,0,0,1,0,2026-08-22T05:27:59.182710+00:00
Liga Mexicana 2026/2027,Club Puebla - CD Guadalajara,2026-08-01T01:00:00+00:00,finished,3,1-1,Club Puebla,Brayan Garnica,M,0,,0,0,0,,,0,0,0,0,0,0,0,0,0,0,0,0,0,0,0,0,0,0,0,0,0,0,0,0,0,0,0,0,0,0,2026-08-22T05:27:59.182553+00:00
Liga Mexicana 2026/2027,Club Puebla - CD Guadalajara,2026-08-01T01:00:00+00:00,finished,3,1-1,CD Guadalajara,Brian Gutiérrez,M,77,7.3,66,0,0,0.2319,0.277992,3,0,4,48,43,2,2,4,2,1,0,3,4,0,0,3,2,0,0,4,2,2,11,0,1,0,0,0,1,0,2026-08-22T05:27:59.182673+00:00
Liga Mexicana 2026/2027,Club Puebla - CD Guadalajara,2026-08-01T01:00:00+00:00,finished,3,1-1,CD Guadalajara,Bryan González,M,90,7.3,62,0,0,0.0717,0.0500827,2,1,1,47,41,1,0,3,0,1,0,7,3,4,1,2,1,1,1,4,0,0,11,1,0,0,0,0,1,0,2026-08-22T05:27:59.182648+00:00
Liga Mexicana 2026/2027,Club Puebla - CD Guadalajara,2026-08-01T01:00:00+00:00,finished,3,1-1,Club Puebla,Carlos Baltazar,M,71,6.8,29,0,0,,0.00548199,0,0,1,20,18,0,0,0,0,1,1,6,4,0,2,1,1,0,0,3,0,2,4,4,0,0,0,0,1,0,2026-08-22T05:27:59.182426+00:00
Liga Mexicana 2026/2027,Club Puebla - CD Guadalajara,2026-08-01T01:00:00+00:00,finished,3,1-1,CD Guadalajara,Daniel Aguirre,D,90,7.0,94,0,0,0.1483,0.188054,2,0,0,78,69,7,3,4,1,0,0,0,2,0,1,0,0,4,1,2,0,0,14,0,1,0,0,0,1,0,2026-08-22T05:27:59.182602+00:00
Liga Mexicana 2026/2027,Club Puebla - CD Guadalajara,2026-08-01T01:00:00+00:00,finished,3,1-1,Club Puebla,Daniel Gutierrez,G,90,8.5,49,0,0,,0.00736179,0,0,0,35,18,30,14,0,0,0,0,1,0,1,0,0,0,2,0,11,0,0,17,0,0,0,0,7,1,1,2026-08-22T05:27:59.182299+00:00
Liga Mexicana 2026/2027,Club Puebla - CD Guadalajara,2026-08-01T01:00:00+00:00,finished,3,1-1,CD Guadalajara,Diego Campillo,D,0,,0,0,0,,,0,0,0,0,0,0,0,0,0,0,0,0,0,0,0,0,0,0,0,0,0,0,0,0,0,0,0,0,0,0,2026-08-22T05:27:59.182864+00:00
Liga Mexicana 2026/2027,Club Puebla - CD Guadalajara,2026-08-01T01:00:00+00:00,finished,3,1-1,Club Puebla,Eduardo Mustre,F,71,7.2,28,1,0,0.4673,0.0066521,1,1,0,17,10,1,0,0,0,0,0,3,4,1,3,1,1,1,0,0,0,1,13,1,1,0,0,0,1,0,2026-08-22T05:27:59.182413+00:00
Liga Mexicana 2026/2027,Club Puebla - CD Guadalajara,2026-08-01T01:00:00+00:00,finished,3,1-1,CD Guadalajara,Efrain Alvarez,F,27,7.1,21,0,1,0.1185,0.031608,1,1,1,18,14,2,1,1,0,0,0,0,1,0,0,0,0,0,0,3,0,0,6,0,1,0,0,0,0,0,2026-08-22T05:27:59.182767+00:00
Liga Mexicana 2026/2027,Club Puebla - CD Guadalajara,2026-08-01T01:00:00+00:00,finished,3,1-1,Club Puebla,Emiliano Gómez,M,89,6.8,31,0,0,,0.0140338,0,0,0,20,18,0,0,0,0,2,0,3,3,1,1,0,0,1,1,4,0,0,8,2,0,0,0,0,1,0,2026-08-22T05:27:59.182386+00:00
Liga Mexicana 2026/2027,Club Puebla - CD Guadalajara,2026-08-01T01:00:00+00:00,finished,3,1-1,Club Puebla,Facundo Almada,D,90,6.7,46,0,0,0.0411,0.00185834,1,0,0,38,30,9,5,0,0,0,0,2,2,2,2,0,0,7,0,3,0,0,8,0,0,0,0,0,1,0,2026-08-22T05:27:59.182315+00:00
Liga Mexicana 2026/2027,Club Puebla - CD Guadalajara,2026-08-01T01:00:00+00:00,finished,3,1-1,CD Guadalajara,Fernando González,M,63,6.8,71,0,0,0.0785,0.0156356,2,0,1,64,58,5,2,0,0,0,0,0,4,0,1,0,0,0,2,0,0,0,7,0,3,0,0,0,1,0,2026-08-22T05:27:59.182723+00:00
Liga Mexicana 2026/2027,Club Puebla - CD Guadalajara,2026-08-01T01:00:00+00:00,finished,3,1-1,Club Puebla,Fernando Monarrez,D,90,6.6,50,0,0,0.0115,0.0117701,1,0,1,32,28,4,1,0,0,0,0,5,5,1,0,2,0,7,0,4,0,1,7,2,0,0,0,0,1,0,2026-08-22T05:27:59.182344+00:00
Liga Mexicana 2026/2027,Club Puebla - CD Guadalajara,2026-08-01T01:00:00+00:00,finished,3,1-1,Club Puebla,Iker Moreno,D,90,6.8,54,0,0,,0.0136231,0,0,1,35,31,5,2,4,0,2,2,3,4,1,3,0,0,6,0,5,0,0,9,0,1,0,0,0,1,0,2026-08-22T05:27:59.182246+00:00
Liga Mexicana 2026/2027,Club Puebla - CD Guadalajara,2026-08-01T01:00:00+00:00,finished,3,1-1,Club Puebla,Jesús Rodríguez,G,0,,0,0,0,,,0,0,0,0,0,0,0,0,0,0,0,0,0,0,0,0,0,0,0,0,0,0,0,0,0,0,0,0,0,0,2026-08-22T05:27:59.182490+00:00
Liga Mexicana 2026/2027,Club Puebla - CD Guadalajara,2026-08-01T01:00:00+00:00,finished,3,1-1,CD Guadalajara,Jonathan Perez,M,0,,0,0,0,,,0,0,0,0,0,0,0,0,0,0,0,0,0,0,0,0,0,0,0,0,0,0,0,0,0,0,0,0,0,0,2026-08-22T05:27:59.182890+00:00
Liga Mexicana 2026/2027,Club Puebla - CD Guadalajara,2026-08-01T01:00:00+00:00,finished,3,1-1,CD Guadalajara,Jordan Carrillo,M,63,7.4,61,0,0,0.047,0.0896641,2,0,2,47,42,0,0,1,1,1,1,4,2,2,1,0,0,0,0,3,0,1,9,1,0,0,0,0,1,0,2026-08-22T05:27:59.182736+00:00
Liga Mexicana 2026/2027,Club Puebla - CD Guadalajara,2026-08-01T01:00:00+00:00,finished,3,1-1,CD Guadalajara,José Castillo,D,90,7.1,72,0,0,,0.147395,0,0,1,61,56,1,0,0,0,0,0,4,2,2,0,2,1,4,1,6,0,0,5,0,2,0,0,0,1,0,2026-08-22T05:27:59.182635+00:00
Liga Mexicana 2026/2027,Club Puebla - CD Guadalajara,2026-08-01T01:00:00+00:00,finished,3,1-1,Club Puebla,Juan Pablo Vargas,D,90,7.2,49,0,0,,0.00392052,0,0,0,32,27,5,3,0,0,0,0,3,2,1,2,2,1,10,0,3,0,0,5,0,0,0,0,0,1,0,2026-08-22T05:27:59.182330+00:00
Liga Mexicana 2026/2027,Club Puebla - CD Guadalajara,2026-08-01T01:00:00+00:00,finished,3,1-1,CD Guadalajara,Kevin Castañeda,M,13,6.9,14,0,0,,0.0265993,0,0,0,12,11,3,2,0,0,2,2,2,0,0,0,0,0,0,0,0,0,0,1,0,0,0,0,0,0,0,2026-08-22T05:27:59.182805+00:00
Liga Mexicana 2026/2027,Club Puebla - CD Guadalajara,2026-08-01T01:00:00+00:00,finished,3,1-1,Club Puebla,Kevin Velasco,F,90,7.1,49,0,0,0.0635,0.0455122,3,1,1,36,32,7,6,1,0,1,0,3,4,0,2,1,1,1,0,6,1,1,9,2,0,0,0,0,1,0,2026-08-22T05:27:59.182372+00:00
Liga Mexicana 2026/2027,Club Puebla - CD Guadalajara,2026-08-01T01:00:00+00:00,finished,3,1-1,Club Puebla,Lucas Camilo,M,0,,0,0,0,,,0,0,0,0,0,0,0,0,0,0,0,0,0,0,0,0,0,0,0,0,0,0,0,0,0,0,0,0,0,0,2026-08-22T05:27:59.182528+00:00
Liga Mexicana 2026/2027,Club Puebla - CD Guadalajara,2026-08-01T01:00:00+00:00,finished,3,1-1,Club Puebla,Luifer Hernández,F,19,6.7,9,0,0,,0.0103702,0,0,1,5,4,0,0,0,0,0,0,1,1,1,1,0,0,0,1,1,0,0,3,0,0,0,0,0,0,0,2026-08-22T05:27:59.182452+00:00
Liga Mexicana 2026/2027,Club Puebla - CD Guadalajara,2026-08-01T01:00:00+00:00,finished,3,1-1,CD Guadalajara,Luis Gabriel Rey,M,0,,0,0,0,,,0,0,0,0,0,0,0,0,0,0,0,0,0,0,0,0,0,0,0,0,0,0,0,0,0,0,0,0,0,0,2026-08-22T05:27:59.182904+00:00
Liga Mexicana 2026/2027,Club Puebla - CD Guadalajara,2026-08-01T01:00:00+00:00,finished,3,1-1,CD Guadalajara,Luis Romo,D,90,7.2,94,0,0,,0.149006,0,0,1,84,77,7,5,0,0,0,0,9,3,6,1,3,1,0,0,5,0,1,8,0,1,0,0,0,1,0,2026-08-22T05:27:59.182621+00:00
Liga Mexicana 2026/2027,Club Puebla - CD Guadalajara,2026-08-01T01:00:00+00:00,finished,3,1-1,Club Puebla,Mathías Tomás,M,19,6.9,17,0,0,,0.062709,0,0,0,12,9,1,1,0,0,0,0,1,0,0,0,1,1,0,1,2,0,0,4,0,0,0,0,0,0,0,2026-08-22T05:27:59.182438+00:00
Liga Mexicana 2026/2027,Club Puebla - CD Guadalajara,2026-08-01T01:00:00+00:00,finished,3,1-1,CD Guadalajara,Miguel Gómez,D,0,,0,0,0,,,0,0,0,0,0,0,0,0,0,0,0,0,0,0,0,0,0,0,0,0,0,0,0,0,0,0,0,0,0,0,2026-08-22T05:27:59.182877+00:00
Liga Mexicana 2026/2027,Club Puebla - CD Guadalajara,2026-08-01T01:00:00+00:00,finished,3,1-1,CD Guadalajara,Omar Govea,M,27,6.9,27,0,0,0.0276,0.0110926,1,0,0,23,20,1,1,1,0,0,0,1,0,0,0,1,1,0,0,2,0,0,4,0,0,0,0,0,0,0,2026-08-22T05:27:59.182749+00:00
Liga Mexicana 2026/2027,Club Puebla - CD Guadalajara,2026-08-01T01:00:00+00:00,finished,3,1-1,Club Puebla,Omar Moreno,M,1,,1,0,0,0.0089,,1,1,0,0,0,0,0,0,0,0,0,0,0,0,0,0,0,0,0,0,0,0,0,0,0,0,0,0,0,0,2026-08-22T05:27:59.182476+00:00
Liga Mexicana 2026/2027,Club Puebla - CD Guadalajara,2026-08-01T01:00:00+00:00,finished,3,1-1,CD Guadalajara,Raúl Rangel,G,90,6.4,37,0,0,,0.00236781,0,0,0,27,26,5,4,0,0,0,0,0,0,0,0,0,0,1,0,15,0,0,1,0,0,0,0,2,1,0,2026-08-22T05:27:59.182566+00:00
Liga Mexicana 2026/2027,Club Puebla - CD Guadalajara,2026-08-01T01:00:00+00:00,finished,3,1-1,CD Guadalajara,Ricardo Marín,F,13,6.7,3,0,0,0.0723,,1,1,0,2,0,0,0,0,0,0,0,0,2,0,1,0,0,0,0,0,0,0,2,0,0,0,0,0,0,0,2026-08-22T05:27:59.182823+00:00
Liga Mexicana 2026/2027,Club Puebla - CD Guadalajara,2026-08-01T01:00:00+00:00,finished,3,1-1,CD Guadalajara,Richard Ledezma,M,77,7.2,68,0,0,0.0087,0.176878,1,0,3,52,45,1,1,5,2,3,2,3,3,0,0,0,0,0,0,4,0,0,12,1,1,0,0,0,1,0,2026-08-22T05:27:59.182691+00:00
Liga Mexicana 2026/2027,Club Puebla - CD Guadalajara,2026-08-01T01:00:00+00:00,finished,3,1-1,CD Guadalajara,Roberto Alvarado,F,90,8.6,88,1,0,0.1357,0.137338,4,3,2,65,59,5,4,4,1,5,3,6,5,0,1,1,1,0,0,5,0,2,15,2,0,0,0,0,1,0,2026-08-22T05:27:59.182660+00:00
Liga Mexicana 2026/2027,Club Puebla - CD Guadalajara,2026-08-01T01:00:00+00:00,finished,3,1-1,Club Puebla,Sergio Sanabria,M,90,6.0,47,0,0,,0.00358736,0,0,0,30,22,5,3,0,0,3,0,5,11,1,1,4,2,2,0,4,0,1,14,0,4,0,0,0,1,0,2026-08-22T05:27:59.182358+00:00
Liga Mexicana 2026/2027,Club Puebla - CD Guadalajara,2026-08-01T01:00:00+00:00,finished,3,1-1,CD Guadalajara,Ángel Sepúlveda,F,19,6.7,7,0,0,0.0297,0.00066795,1,0,0,3,3,0,0,0,0,0,0,2,2,0,2,1,0,0,0,0,0,0,0,1,0,0,0,0,0,0,2026-08-22T05:27:59.182787+00:00
Liga Mexicana 2026/2027,Club Puebla - CD Guadalajara,2026-08-01T01:00:00+00:00,finished,3,1-1,Club Puebla,Óscar Villa,D,11,6.5,5,0,0,,0.00030321,0,0,0,2,2,0,0,1,0,0,0,0,1,0,0,0,0,1,1,0,0,0,1,0,0,0,0,0,0,0,2026-08-22T05:27:59.182463+00:00
Liga Mexicana 2026/2027,Club Puebla - CD Guadalajara,2026-08-01T01:00:00+00:00,finished,3,1-1,CD Guadalajara,Óscar Whalley,G,0,,0,0,0,,,0,0,0,0,0,0,0,0,0,0,0,0,0,0,0,0,0,0,0,0,0,0,0,0,0,0,0,0,0,0,2026-08-22T05:27:59.182846+00:00
Liga Mexicana 2026/2027,Atlético San Luis - Club Tijuana,2026-08-01T03:00:00+00:00,finished,3,0-0,Atlético San Luis,,,74,6.5,34,0,0,,0.0124921,0,0,0,27,23,1,1,0,0,1,0,1,2,0,0,0,0,0,0,2,0,1,8,1,0,0,0,0,0,0,2026-08-22T05:27:59.426816+00:00
Liga Mexicana 2026/2027,Atlético San Luis - Club Tijuana,2026-08-01T03:00:00+00:00,finished,3,0-0,Club Tijuana,Aarón Mejía,D,0,,0,0,0,,,0,0,0,0,0,0,0,0,0,0,0,0,0,0,0,0,0,0,0,0,0,0,0,0,0,0,0,0,0,0,2026-08-22T05:27:59.426660+00:00
Liga Mexicana 2026/2027,Atlético San Luis - Club Tijuana,2026-08-01T03:00:00+00:00,finished,3,0-0,Club Tijuana,Adonis Preciado,M,90,7.0,28,0,0,,0.0876385,0,0,0,16,10,2,0,1,0,1,1,6,2,3,1,2,2,5,1,3,0,0,9,0,0,0,0,0,0,0,2026-08-22T05:27:59.426330+00:00
Liga Mexicana 2026/2027,Atlético San Luis - Club Tijuana,2026-08-01T03:00:00+00:00,finished,3,0-0,Club Tijuana,Aldahir Pérez,M,0,,0,0,0,,,0,0,0,0,0,0,0,0,0,0,0,0,0,0,0,0,0,0,0,0,0,0,0,0,0,0,0,0,0,0,2026-08-22T05:27:59.426673+00:00
Liga Mexicana 2026/2027,Atlético San Luis - Club Tijuana,2026-08-01T03:00:00+00:00,finished,3,0-0,Atlético San Luis,Aldo Cruz,D,28,6.8,32,0,0,,0.00862981,0,0,0,28,27,1,1,1,0,0,0,1,0,1,0,0,0,1,0,0,0,0,3,0,0,0,0,0,0,0,2026-08-22T05:27:59.426857+00:00
Liga Mexicana 2026/2027,Atlético San Luis - Club Tijuana,2026-08-01T03:00:00+00:00,finished,3,0-0,Club Tijuana,Alejandro Magallon,D,0,,0,0,0,,,0,0,0,0,0,0,0,0,0,0,0,0,0,0,0,0,0,0,0,0,0,0,0,0,0,0,0,0,0,0,2026-08-22T05:27:59.426618+00:00
Liga Mexicana 2026/2027,Atlético San Luis - Club Tijuana,2026-08-01T03:00:00+00:00,finished,3,0-0,Atlético San Luis,Anderson Duarte,F,11,6.7,7,0,0,,0.00187068,0,0,1,6,6,0,0,1,0,0,0,0,0,0,0,0,0,0,0,2,0,0,1,0,0,0,0,0,0,0,2026-08-22T05:27:59.426901+00:00
Liga Mexicana 2026/2027,Atlético San Luis - Club Tijuana,2026-08-01T03:00:00+00:00,finished,3,0-0,Atlético San Luis,Andrés Sánchez,G,90,6.9,14,0,0,,4.101e-05,0,0,0,10,10,0,0,0,0,0,0,1,0,1,0,0,0,2,0,4,0,0,0,0,0,0,0,1,0,1,2026-08-22T05:27:59.426702+00:00
Liga Mexicana 2026/2027,Atlético San Luis - Club Tijuana,2026-08-01T03:00:00+00:00,finished,3,0-0,Club Tijuana,Antonio Rodríguez,G,90,7.3,43,0,0,,0.00067736,0,0,0,39,27,27,15,0,0,0,0,0,0,0,0,0,0,0,0,6,0,0,12,0,0,0,0,2,0,0,2026-08-22T05:27:59.426414+00:00
Liga Mexicana 2026/2027,Atlético San Luis - Club Tijuana,2026-08-01T03:00:00+00:00,finished,3,0-0,Atlético San Luis,Benjamín Galindo,D,0,,0,0,0,,,0,0,0,0,0,0,0,0,0,0,0,0,0,0,0,0,0,0,0,0,0,0,0,0,0,0,0,0,0,0,2026-08-22T05:27:59.426930+00:00
Liga Mexicana 2026/2027,Atlético San Luis - Club Tijuana,2026-08-01T03:00:00+00:00,finished,3,0-0,Atlético San Luis,David Rodriguez,F,84,7.1,70,0,0,0.0269,0.0551796,1,0,1,54,51,0,0,1,0,5,2,5,5,1,0,1,1,0,1,4,0,1,11,1,0,0,0,0,0,0,2026-08-22T05:27:59.426803+00:00
Liga Mexicana 2026/2027,Atlético San Luis - Club Tijuana,2026-08-01T03:00:00+00:00,finished,3,0-0,Club Tijuana,Diego Abreu,F,56,6.4,12,0,0,0.1579,0.00020857,1,0,0,9,6,0,0,0,0,0,0,3,0,2,0,0,0,0,0,3,0,0,4,1,0,0,0,0,0,0,2026-08-22T05:27:59.426521+00:00
Liga Mexicana 2026/2027,Atlético San Luis - Club Tijuana,2026-08-01T03:00:00+00:00,finished,3,0-0,Atlético San Luis,Eduardo Águila,D,90,7.5,109,0,0,0.0129,0.109215,1,0,0,100,93,2,1,0,0,0,0,3,0,3,0,0,0,2,0,4,0,0,7,0,0,0,0,0,0,0,2026-08-22T05:27:59.426729+00:00
Liga Mexicana 2026/2027,Atlético San Luis - Club Tijuana,2026-08-01T03:00:00+00:00,finished,3,0-0,Atlético San Luis,Felipe Mora,F,28,6.6,4,0,0,0.0161,0.00069657,1,0,0,3,2,0,0,0,0,0,0,0,1,0,1,0,0,0,0,0,0,0,1,0,1,0,0,0,0,0,2026-08-22T05:27:59.426872+00:00
Liga Mexicana 2026/2027,Atlético San Luis - Club Tijuana,2026-08-01T03:00:00+00:00,finished,3,0-0,Club Tijuana,Frank Boya,M,56,6.6,12,0,0,0.0397,0.00016769,2,0,0,8,6,0,0,0,0,0,0,2,2,1,2,1,0,0,0,0,1,0,2,0,0,0,0,0,0,0,2026-08-22T05:27:59.426536+00:00
Liga Mexicana 2026/2027,Atlético San Luis - Club Tijuana,2026-08-01T03:00:00+00:00,finished,3,0-0,Atlético San Luis,Gibran Lajud,G,0,,0,0,0,,,0,0,0,0,0,0,0,0,0,0,0,0,0,0,0,0,0,0,0,0,0,0,0,0,0,0,0,0,0,0,2026-08-22T05:27:59.426974+00:00
Liga Mexicana 2026/2027,Atlético San Luis - Club Tijuana,2026-08-01T03:00:00+00:00,finished,3,0-0,Club Tijuana,Gilberto Mora,M,74,6.6,35,0,0,,0.010897,0,0,0,24,20,2,1,1,0,3,2,3,6,0,3,1,1,0,0,7,0,1,10,0,0,0,0,0,0,0,2026-08-22T05:27:59.426506+00:00
Liga Mexicana 2026/2027,Atlético San Luis - Club Tijuana,2026-08-01T03:00:00+00:00,finished,3,0-0,Club Tijuana,Iván Tona,M,90,7.0,55,0,0,0.0088,0.0788626,1,0,1,42,36,3,1,0,0,0,0,4,3,2,0,2,2,1,1,2,0,1,10,1,2,1,0,0,0,0,2026-08-22T05:27:59.426478+00:00
Liga Mexicana 2026/2027,Atlético San Luis - Club Tijuana,2026-08-01T03:00:00+00:00,finished,3,0-0,Club Tijuana,Jackson Porozo,D,90,6.9,28,0,0,,0.0006064,0,0,0,24,22,1,0,0,0,0,0,1,0,0,0,1,1,3,0,1,0,0,2,0,0,0,0,0,0,0,2026-08-22T05:27:59.426448+00:00
Liga Mexicana 2026/2027,Atlético San Luis - Club Tijuana,2026-08-01T03:00:00+00:00,finished,3,0-0,Club Tijuana,Jesús Gómez,D,90,7.7,56,0,0,,0.0973541,0,0,1,45,41,8,6,0,0,0,0,2,2,0,1,2,1,4,4,5,0,0,4,0,1,0,0,0,0,0,2026-08-22T05:27:59.426464+00:00
Liga Mexicana 2026/2027,Atlético San Luis - Club Tijuana,2026-08-01T03:00:00+00:00,finished,3,0-0,Club Tijuana,Jesús Vega,D,9,6.5,3,0,0,,0.00911718,0,0,0,2,2,0,0,1,1,0,0,0,0,0,0,0,0,0,0,0,0,0,0,0,0,0,0,0,0,0,2026-08-22T05:27:59.426605+00:00
Liga Mexicana 2026/2027,Atlético San Luis - Club Tijuana,2026-08-01T03:00:00+00:00,finished,3,0-0,Club Tijuana,Joban González,,0,,0,0,0,,,0,0,0,0,0,0,0,0,0,0,0,0,0,0,0,0,0,0,0,0,0,0,0,0,0,0,0,0,0,0,2026-08-12T05:17:09.231615+00:00
Liga Mexicana 2026/2027,Atlético San Luis - Club Tijuana,2026-08-01T03:00:00+00:00,finished,3,0-0,Atlético San Luis,Johan Caicedo,M,0,,0,0,0,,,0,0,0,0,0,0,0,0,0,0,0,0,0,0,0,0,0,0,0,0,0,0,0,0,0,0,0,0,0,0,2026-08-22T05:27:59.426945+00:00
Liga Mexicana 2026/2027,Atlético San Luis - Club Tijuana,2026-08-01T03:00:00+00:00,finished,3,0-0,Club Tijuana,Jorge Hernández,G,0,,0,0,0,,,0,0,0,0,0,0,0,0,0,0,0,0,0,0,0,0,0,0,0,0,0,0,0,0,0,0,0,0,0,0,2026-08-22T05:27:59.426646+00:00
Liga Mexicana 2026/2027,Atlético San Luis - Club Tijuana,2026-08-01T03:00:00+00:00,finished,3,0-0,Club Tijuana,José Rivero,M,34,6.7,15,0,0,0.0154,0.00014828,1,1,0,5,3,0,0,1,0,2,1,2,4,0,1,1,1,0,1,1,0,1,6,0,2,0,0,0,0,0,2026-08-22T05:27:59.426551+00:00
Liga Mexicana 2026/2027,Atlético San Luis - Club Tijuana,2026-08-01T03:00:00+00:00,finished,3,0-0,Atlético San Luis,Leonardo Flores,F,62,7.2,13,0,0,0.2158,0.00228235,4,0,1,5,4,0,0,0,0,1,0,2,1,0,0,1,1,0,0,2,0,0,2,1,0,0,0,0,0,0,2026-08-22T05:27:59.426829+00:00
Liga Mexicana 2026/2027,Atlético San Luis - Club Tijuana,2026-08-01T03:00:00+00:00,finished,3,0-0,Atlético San Luis,Lucas Esteves,D,84,6.6,45,0,0,,0.0138797,0,0,0,38,35,0,0,0,0,3,2,2,5,0,2,0,0,0,0,2,0,0,4,0,1,0,0,0,0,0,2026-08-22T05:27:59.426788+00:00
Liga Mexicana 2026/2027,Atlético San Luis - Club Tijuana,2026-08-01T03:00:00+00:00,finished,3,0-0,Atlético San Luis,Miguel Alonso García,M,62,6.7,60,0,0,0.0765,0.0248877,2,0,0,54,50,2,0,0,0,0,0,2,3,2,1,0,0,2,0,2,0,1,5,0,1,1,0,0,0,0,2026-08-22T05:27:59.426843+00:00
Liga Mexicana 2026/2027,Atlético San Luis - Club Tijuana,2026-08-01T03:00:00+00:00,finished,3,0-0,Club Tijuana,Mourad El Ghezouani,F,16,6.8,8,0,0,0.065,,1,0,1,2,0,0,0,0,0,0,0,2,5,1,5,1,1,0,0,0,0,0,5,0,0,0,0,0,0,0,2026-08-22T05:27:59.426591+00:00
Liga Mexicana 2026/2027,Atlético San Luis - Club Tijuana,2026-08-01T03:00:00+00:00,finished,3,0-0,Atlético San Luis,Oscar Macías,M,90,7.3,86,0,0,0.0243,0.113466,2,0,1,73,67,0,0,0,0,0,0,4,4,0,3,1,0,1,2,3,1,1,8,3,0,0,0,0,0,0,2026-08-22T05:27:59.426744+00:00
Liga Mexicana 2026/2027,Atlético San Luis - Club Tijuana,2026-08-01T03:00:00+00:00,finished,3,0-0,Club Tijuana,Pablo Nicolás Ortíz,D,90,6.8,47,0,0,,0.00680398,0,0,0,23,20,2,1,2,0,1,0,2,4,1,0,1,0,4,1,1,0,0,9,0,2,1,0,0,0,0,2026-08-22T05:27:59.426396+00:00
Liga Mexicana 2026/2027,Atlético San Luis - Club Tijuana,2026-08-01T03:00:00+00:00,finished,3,0-0,Club Tijuana,Rafael Fernández,D,90,6.7,49,0,0,,0.00785509,0,0,1,35,27,9,3,2,0,2,1,2,3,0,0,0,0,3,0,2,0,0,12,1,2,0,0,0,0,0,2026-08-22T05:27:59.426432+00:00
Liga Mexicana 2026/2027,Atlético San Luis - Club Tijuana,2026-08-01T03:00:00+00:00,finished,3,0-0,Club Tijuana,Ramiro Árciga,M,86,6.9,22,0,0,,0.0385675,0,0,1,16,10,1,1,1,1,0,0,5,3,1,0,2,2,0,1,3,0,0,6,2,0,0,0,0,0,0,2026-08-22T05:27:59.426492+00:00
Liga Mexicana 2026/2027,Atlético San Luis - Club Tijuana,2026-08-01T03:00:00+00:00,finished,3,0-0,Atlético San Luis,Roberto Meraz,M,0,,0,0,0,,,0,0,0,0,0,0,0,0,0,0,0,0,0,0,0,0,0,0,0,0,0,0,0,0,0,0,0,0,0,0,2026-08-22T05:27:59.426987+00:00
Liga Mexicana 2026/2027,Atlético San Luis - Club Tijuana,2026-08-01T03:00:00+00:00,finished,3,0-0,Atlético San Luis,Robson Bambu,D,90,8.0,142,0,0,,0.0876026,0,0,2,128,120,6,4,2,0,0,0,6,5,4,2,2,2,5,0,3,0,0,10,0,1,0,0,0,0,0,2026-08-22T05:27:59.426715+00:00
Liga Mexicana 2026/2027,Atlético San Luis - Club Tijuana,2026-08-01T03:00:00+00:00,finished,3,0-0,Atlético San Luis,Román Torres,D,90,7.0,60,0,0,,0.0934828,0,0,2,43,36,1,1,2,1,2,1,3,4,1,1,1,1,0,0,6,0,2,13,0,1,0,0,0,0,0,2026-08-22T05:27:59.426758+00:00
Liga Mexicana 2026/2027,Atlético San Luis - Club Tijuana,2026-08-01T03:00:00+00:00,finished,3,0-0,Atlético San Luis,Ronaldo Nájera,M,16,6.4,13,0,0,,0.0279601,0,0,0,12,9,2,0,0,0,0,0,0,0,0,0,0,0,0,0,0,0,0,4,0,0,0,0,0,0,0,2026-08-22T05:27:59.426887+00:00
Liga Mexicana 2026/2027,Atlético San Luis - Club Tijuana,2026-08-01T03:00:00+00:00,finished,3,0-0,Atlético San Luis,Santiago Muñoz,F,11,6.9,6,0,0,0.0529,0.00463367,1,1,0,2,2,0,0,0,0,0,0,2,0,0,0,1,1,0,0,0,0,0,1,1,0,0,0,0,0,0,2026-08-22T05:27:59.426916+00:00
Liga Mexicana 2026/2027,Atlético San Luis - Club Tijuana,2026-08-01T03:00:00+00:00,finished,3,0-0,Atlético San Luis,Sebastián Pérez Bouquet,M,0,,0,0,0,,,0,0,0,0,0,0,0,0,0,0,0,0,0,0,0,0,0,0,0,0,0,0,0,0,0,0,0,0,0,0,2026-08-22T05:27:59.426959+00:00
Liga Mexicana 2026/2027,Atlético San Luis - Club Tijuana,2026-08-01T03:00:00+00:00,finished,3,0-0,Atlético San Luis,Sergio,M,74,6.5,34,0,0,,0.0124921,0,0,0,27,23,1,1,0,0,1,0,1,2,0,0,0,0,0,0,2,0,1,8,1,0,0,0,0,0,0,2026-08-12T05:17:09.231785+00:00
Liga Mexicana 2026/2027,Atlético San Luis - Club Tijuana,2026-08-01T03:00:00+00:00,finished,3,0-0,Atlético San Luis,Sébastien Salles-Lamonge,M,90,7.6,102,0,0,0.0457,0.320986,2,1,4,87,79,5,3,6,3,2,1,4,7,0,1,1,0,0,0,7,1,2,14,2,1,0,0,0,0,0,2026-08-22T05:27:59.426773+00:00
Liga Mexicana 2026/2027,Atlético San Luis - Club Tijuana,2026-08-01T03:00:00+00:00,finished,3,0-0,Club Tijuana,Yael Padilla,F,34,6.7,20,0,0,,0.00802053,0,0,0,12,9,1,0,0,0,2,1,3,2,0,0,2,1,0,0,1,0,0,6,0,1,0,0,0,0,0,2026-08-22T05:27:59.426565+00:00
Liga Mexicana 2026/2027,Atlético San Luis - Club Tijuana,2026-08-01T03:00:00+00:00,finished,3,0-0,Club Tijuana,Ángel Zapata,M,0,,0,0,0,,,0,0,0,0,0,0,0,0,0,0,0,0,0,0,0,0,0,0,0,0,0,0,0,0,0,0,0,0,0,0,2026-08-22T05:27:59.426631+00:00
Liga Mexicana 2026/2027,FC Juárez - Pumas UNAM,2026-08-01T03:00:00+00:00,finished,3,1-5,FC Juárez,,,0,,0,0,0,,,0,0,0,0,0,0,0,0,0,0,0,0,0,0,0,0,0,0,0,0,0,0,0,0,0,0,0,0,0,0,2026-08-22T05:27:59.389865+00:00
Liga Mexicana 2026/2027,FC Juárez - Pumas UNAM,2026-08-01T03:00:00+00:00,finished,3,1-5,Pumas UNAM,Adalberto Carrasquilla,M,25,7.6,20,0,1,,0.22192,0,0,1,13,11,2,2,1,0,3,3,6,1,0,0,0,0,0,0,2,0,0,3,3,0,0,0,0,0,0,2026-08-22T05:27:59.390057+00:00
Liga Mexicana 2026/2027,FC Juárez - Pumas UNAM,2026-08-01T03:00:00+00:00,finished,3,1-5,Pumas UNAM,Alan Medina,M,25,6.7,7,0,0,,0.00033191,0,0,0,2,1,1,1,1,0,0,0,2,2,0,0,1,0,0,0,1,0,0,3,1,2,0,0,0,0,0,2026-08-22T05:27:59.390043+00:00
Liga Mexicana 2026/2027,FC Juárez - Pumas UNAM,2026-08-01T03:00:00+00:00,finished,3,1-5,FC Juárez,Alejandro Mayorga,D,90,5.8,62,0,0,,0.0305698,0,0,0,38,25,8,1,1,0,3,0,3,5,1,0,0,0,3,0,4,0,0,23,2,0,0,0,0,5,0,2026-08-22T05:27:59.384207+00:00
Liga Mexicana 2026/2027,FC Juárez - Pumas UNAM,2026-08-01T03:00:00+00:00,finished,3,1-5,Pumas UNAM,Angel Azuaje,D,0,,0,0,0,,,0,0,0,0,0,0,0,0,0,0,0,0,0,0,0,0,0,0,0,0,0,0,0,0,0,0,0,0,0,0,2026-08-22T05:27:59.390152+00:00
Liga Mexicana 2026/2027,FC Juárez - Pumas UNAM,2026-08-01T03:00:00+00:00,finished,3,1-5,Pumas UNAM,Antonio Leone,D,0,,0,0,0,,,0,0,0,0,0,0,0,0,0,0,0,0,0,0,0,0,0,0,0,0,0,0,0,0,0,0,0,0,0,0,2026-08-22T05:27:59.390164+00:00
Liga Mexicana 2026/2027,FC Juárez - Pumas UNAM,2026-08-01T03:00:00+00:00,finished,3,1-5,FC Juárez,Brayan Molina,M,0,,0,0,0,,,0,0,0,0,0,0,0,0,0,0,0,0,0,0,0,0,0,0,0,0,0,0,0,0,0,0,0,0,0,0,2026-08-12T05:17:09.296476+00:00
Liga Mexicana 2026/2027,FC Juárez - Pumas UNAM,2026-08-01T03:00:00+00:00,finished,3,1-5,Pumas UNAM,Cristian Calderón,D,0,,0,0,0,,,0,0,0,0,0,0,0,0,0,0,0,0,0,0,0,0,0,0,0,0,0,0,0,0,0,0,0,0,0,0,2026-08-22T05:27:59.390192+00:00
Liga Mexicana 2026/2027,FC Juárez - Pumas UNAM,2026-08-01T03:00:00+00:00,finished,3,1-5,FC Juárez,Denzell Garcia,M,62,6.6,35,0,0,,0.0211503,0,0,0,25,22,2,2,1,0,2,1,4,4,1,0,1,0,2,1,4,0,0,5,1,3,0,0,0,4,0,2026-08-22T05:27:59.384248+00:00
Liga Mexicana 2026/2027,FC Juárez - Pumas UNAM,2026-08-01T03:00:00+00:00,finished,3,1-5,FC Juárez,Ettson Ayón,F,28,6.9,13,0,0,0.0505,0.0040541,2,1,0,4,2,0,0,0,0,1,1,4,2,0,0,1,1,0,0,0,0,2,5,2,0,0,0,0,1,0,2026-08-22T05:27:59.389769+00:00
Liga Mexicana 2026/2027,FC Juárez - Pumas UNAM,2026-08-01T03:00:00+00:00,finished,3,1-5,FC Juárez,Francisco Nevarez,D,90,6.1,74,0,0,0.0229,0.110619,1,0,2,36,25,5,2,4,0,2,1,4,6,1,1,1,1,1,2,4,1,1,27,1,1,0,0,0,5,0,2026-08-22T05:27:59.384180+00:00
Liga Mexicana 2026/2027,FC Juárez - Pumas UNAM,2026-08-01T03:00:00+00:00,finished,3,1-5,FC Juárez,Gilberto Sepúlveda,D,90,6.0,70,0,0,,0.0123608,0,0,0,60,50,8,4,0,0,0,0,7,3,5,1,1,1,4,0,7,0,0,10,1,1,0,0,0,5,0,2026-08-22T05:27:59.384165+00:00
Liga Mexicana 2026/2027,FC Juárez - Pumas UNAM,2026-08-01T03:00:00+00:00,finished,3,1-5,FC Juárez,Guilherme Castilho,M,90,6.3,51,0,0,,0.00859761,0,0,1,36,25,6,3,3,0,1,1,6,7,2,1,1,0,1,1,2,0,1,16,2,2,1,0,0,5,0,2026-08-22T05:27:59.384143+00:00
Liga Mexicana 2026/2027,FC Juárez - Pumas UNAM,2026-08-01T03:00:00+00:00,finished,3,1-5,Pumas UNAM,Guillermo Martínez,F,14,7.2,10,1,0,0.5861,0.00024588,1,1,0,3,1,0,0,0,0,0,0,0,2,0,2,0,0,0,0,0,0,0,5,0,0,0,0,0,0,0,2026-08-22T05:27:59.390084+00:00
Liga Mexicana 2026/2027,FC Juárez - Pumas UNAM,2026-08-01T03:00:00+00:00,finished,3,1-5,FC Juárez,Guillermo Ruiz,G,0,,0,0,0,,,0,0,0,0,0,0,0,0,0,0,0,0,0,0,0,0,0,0,0,0,0,0,0,0,0,0,0,0,0,0,2026-08-22T05:27:59.389820+00:00
Liga Mexicana 2026/2027,FC Juárez - Pumas UNAM,2026-08-01T03:00:00+00:00,finished,3,1-5,FC Juárez,Haret Ortega,D,52,6.3,27,0,0,0.0312,0.00219688,1,1,0,21,20,1,1,0,0,0,0,5,2,4,0,1,1,3,0,2,0,1,2,0,0,0,0,0,4,0,2026-08-22T05:27:59.389642+00:00
Liga Mexicana 2026/2027,FC Juárez - Pumas UNAM,2026-08-01T03:00:00+00:00,finished,3,1-5,FC Juárez,Jairo Torres,F,90,6.9,41,0,1,0.1539,0.104305,2,0,2,24,20,3,3,5,3,1,0,6,7,3,4,1,1,0,0,2,0,2,10,2,0,0,0,0,5,0,2026-08-22T05:27:59.384059+00:00
Liga Mexicana 2026/2027,FC Juárez - Pumas UNAM,2026-08-01T03:00:00+00:00,finished,3,1-5,FC Juárez,Jan Carmona,M,28,6.7,22,0,0,,0.00716568,0,0,1,13,9,0,0,0,0,0,0,4,1,2,0,0,0,0,0,1,0,1,8,2,0,0,0,0,1,0,2026-08-22T05:27:59.389783+00:00
Liga Mexicana 2026/2027,FC Juárez - Pumas UNAM,2026-08-01T03:00:00+00:00,finished,3,1-5,FC Juárez,Javier Aquino,D,0,,0,0,0,,,0,0,0,0,0,0,0,0,0,0,0,0,0,0,0,0,0,0,0,0,0,0,0,0,0,0,0,0,0,0,2026-08-22T05:27:59.389840+00:00
Liga Mexicana 2026/2027,FC Juárez - Pumas UNAM,2026-08-01T03:00:00+00:00,finished,3,1-5,FC Juárez,Jesús Murillo,D,27,6.1,8,0,0,,7.368e-05,0,0,0,6,4,2,1,0,0,0,0,1,3,1,2,0,0,2,0,0,0,0,2,0,0,0,0,0,2,0,2026-08-22T05:27:59.389798+00:00
Liga Mexicana 2026/2027,FC Juárez - Pumas UNAM,2026-08-01T03:00:00+00:00,finished,3,1-5,FC Juárez,José Luis Rodríguez,M,62,6.9,23,1,0,0.0806,0.118609,1,1,1,11,8,0,0,5,3,1,0,1,4,0,0,1,0,0,0,1,0,1,8,0,1,0,0,0,4,0,2026-08-22T05:27:59.384264+00:00
Liga Mexicana 2026/2027,FC Juárez - Pumas UNAM,2026-08-01T03:00:00+00:00,finished,3,1-5,Pumas UNAM,Juninho,F,65,9.6,32,3,0,1.7992,0.029597,3,3,0,17,12,1,1,0,0,2,2,6,4,1,3,1,1,0,0,2,0,1,10,2,0,0,0,0,1,0,2026-08-22T05:27:59.390014+00:00
Liga Mexicana 2026/2027,FC Juárez - Pumas UNAM,2026-08-01T03:00:00+00:00,finished,3,1-5,Pumas UNAM,Keylor Navas,G,90,6.7,57,0,0,,0.0011655,0,0,0,49,33,22,7,0,0,0,0,0,0,0,0,0,0,0,0,12,0,0,17,0,0,0,0,2,1,0,2026-08-22T05:27:59.389892+00:00
Liga Mexicana 2026/2027,FC Juárez - Pumas UNAM,2026-08-01T03:00:00+00:00,finished,3,1-5,FC Juárez,Leonardo Rodríguez,M,0,,0,0,0,,,0,0,0,0,0,0,0,0,0,0,0,0,0,0,0,0,0,0,0,0,0,0,0,0,0,0,0,0,0,0,2026-08-17T05:28:33.543939+00:00
Liga Mexicana 2026/2027,FC Juárez - Pumas UNAM,2026-08-01T03:00:00+00:00,finished,3,1-5,Pumas UNAM,Luciano Herrera,M,14,6.8,9,0,0,,0.00012233,0,0,0,3,2,0,0,0,0,3,2,4,1,1,0,1,1,0,0,2,0,0,3,0,0,0,0,0,0,0,2026-08-22T05:27:59.390070+00:00
Liga Mexicana 2026/2027,FC Juárez - Pumas UNAM,2026-08-01T03:00:00+00:00,finished,3,1-5,FC Juárez,Monchu,M,63,6.3,44,0,0,0.0623,0.223967,1,0,0,33,25,8,3,1,0,0,0,3,6,0,0,1,1,0,0,3,0,1,12,2,4,0,0,0,3,0,2026-08-22T05:27:59.384221+00:00
Liga Mexicana 2026/2027,FC Juárez - Pumas UNAM,2026-08-01T03:00:00+00:00,finished,3,1-5,Pumas UNAM,Nathan Silva,D,90,6.7,71,0,0,,0.00303891,0,0,0,61,54,4,1,0,0,0,0,3,2,2,1,1,0,8,0,2,0,0,7,0,0,0,0,0,1,0,2026-08-22T05:27:59.389919+00:00
Liga Mexicana 2026/2027,FC Juárez - Pumas UNAM,2026-08-01T03:00:00+00:00,finished,3,1-5,Pumas UNAM,Pablo Bennevendo,D,0,,0,0,0,,,0,0,0,0,0,0,0,0,0,0,0,0,0,0,0,0,0,0,0,0,0,0,0,0,0,0,0,0,0,0,2026-08-22T05:27:59.390177+00:00
Liga Mexicana 2026/2027,FC Juárez - Pumas UNAM,2026-08-01T03:00:00+00:00,finished,3,1-5,Pumas UNAM,Pablo Lara,G,0,,0,0,0,,,0,0,0,0,0,0,0,0,0,0,0,0,0,0,0,0,0,0,0,0,0,0,0,0,0,0,0,0,0,0,2026-08-22T05:27:59.390138+00:00
Liga Mexicana 2026/2027,FC Juárez - Pumas UNAM,2026-08-01T03:00:00+00:00,finished,3,1-5,Pumas UNAM,Pedro Vite,M,90,7.1,59,0,0,0.0313,0.0243535,1,0,2,48,44,5,3,0,0,2,2,5,7,0,3,2,2,0,1,8,1,1,6,1,3,0,0,0,1,0,2026-08-22T05:27:59.389960+00:00
Liga Mexicana 2026/2027,FC Juárez - Pumas UNAM,2026-08-01T03:00:00+00:00,finished,3,1-5,FC Juárez,Raymundo Fulgencio,M,28,6.5,12,0,0,,0.0384566,0,0,0,8,8,0,0,2,1,0,0,0,0,0,0,0,0,0,0,1,0,0,1,0,0,1,0,0,1,0,2026-08-22T05:27:59.389754+00:00
Liga Mexicana 2026/2027,FC Juárez - Pumas UNAM,2026-08-01T03:00:00+00:00,finished,3,1-5,FC Juárez,Ricardinho,M,0,,0,0,0,,,0,0,0,0,0,0,0,0,0,0,0,0,0,0,0,0,0,0,0,0,0,0,0,0,0,0,0,0,0,0,2026-08-22T05:27:59.389878+00:00
Liga Mexicana 2026/2027,FC Juárez - Pumas UNAM,2026-08-01T03:00:00+00:00,finished,3,1-5,FC Juárez,Ricardo Juárez,D,38,6.6,29,0,0,,0.00162093,0,0,0,25,22,4,3,0,0,0,0,2,2,0,0,2,2,2,0,1,0,0,3,0,1,0,0,0,1,0,2026-08-17T05:28:33.543811+00:00
Liga Mexicana 2026/2027,FC Juárez - Pumas UNAM,2026-08-01T03:00:00+00:00,finished,3,1-5,Pumas UNAM,Robert Morales,F,76,8.5,21,1,2,0.0994,0.0517929,1,1,2,13,9,1,0,0,0,2,1,5,4,2,1,0,0,0,0,2,0,0,5,2,1,0,0,0,1,0,2026-08-22T05:27:59.389987+00:00
Liga Mexicana 2026/2027,FC Juárez - Pumas UNAM,2026-08-01T03:00:00+00:00,finished,3,1-5,Pumas UNAM,Rodrigo Lopez,D,90,7.0,60,0,0,,0.18995,0,0,0,40,33,8,5,2,0,3,2,6,5,1,2,3,2,3,0,5,0,0,12,0,1,0,0,0,1,0,2026-08-22T05:27:59.389907+00:00
Liga Mexicana 2026/2027,FC Juárez - Pumas UNAM,2026-08-01T03:00:00+00:00,finished,3,1-5,Pumas UNAM,Rubén Duarte,D,90,6.6,56,0,0,,0.00285463,0,0,0,48,41,12,5,0,0,0,0,3,4,2,4,1,1,3,1,4,0,0,7,0,0,0,0,0,1,0,2026-08-22T05:27:59.389932+00:00
Liga Mexicana 2026/2027,FC Juárez - Pumas UNAM,2026-08-01T03:00:00+00:00,finished,3,1-5,Pumas UNAM,Santiago Trigos,M,1,,6,0,0,,2.476e-05,0,0,0,6,5,1,0,0,0,0,0,0,0,0,0,0,0,0,0,0,0,0,1,0,0,0,0,0,0,0,2026-08-22T05:27:59.390097+00:00
Liga Mexicana 2026/2027,FC Juárez - Pumas UNAM,2026-08-01T03:00:00+00:00,finished,3,1-5,Pumas UNAM,Sebastián Córdova,M,65,6.3,35,0,0,0.0401,0.0132002,2,0,1,16,12,1,0,3,0,2,0,3,8,1,1,0,0,0,0,2,1,3,14,2,2,0,0,0,1,0,2026-08-22T05:27:59.390028+00:00
Liga Mexicana 2026/2027,FC Juárez - Pumas UNAM,2026-08-01T03:00:00+00:00,finished,3,1-5,FC Juárez,Sebastián Jurado,G,90,5.5,28,0,0,,0.00074178,0,0,0,25,20,9,4,0,0,0,0,0,1,0,0,0,0,0,0,4,0,0,5,0,0,0,0,0,5,0,2026-08-22T05:27:59.384194+00:00
Liga Mexicana 2026/2027,FC Juárez - Pumas UNAM,2026-08-01T03:00:00+00:00,finished,3,1-5,Pumas UNAM,Uriel Antuna,F,76,7.2,39,0,1,0.1282,0.340725,1,0,1,25,18,1,0,4,1,2,2,3,4,0,3,1,1,1,0,2,0,0,12,0,1,1,0,0,1,0,2026-08-22T05:27:59.390001+00:00
Liga Mexicana 2026/2027,FC Juárez - Pumas UNAM,2026-08-01T03:00:00+00:00,finished,3,1-5,Pumas UNAM,Victor Arteaga,M,89,6.5,45,0,0,0.0147,0.00584605,1,0,1,31,23,4,0,0,0,1,0,3,5,1,1,1,0,3,2,3,0,0,10,1,3,0,0,0,1,0,2026-08-22T05:27:59.389973+00:00
Liga Mexicana 2026/2027,FC Juárez - Pumas UNAM,2026-08-01T03:00:00+00:00,finished,3,1-5,Pumas UNAM,Álvaro Angulo,D,90,7.4,59,0,0,,0.0073915,0,0,0,32,28,3,2,1,0,1,1,8,4,1,2,5,4,5,2,3,0,0,13,1,2,0,0,0,1,0,2026-08-22T05:27:59.389946+00:00
Liga Mexicana 2026/2027,FC Juárez - Pumas UNAM,2026-08-01T03:00:00+00:00,finished,3,1-5,FC Juárez,Óscar Estupiñán,F,62,6.4,22,0,0,,0.0439625,0,0,0,15,11,0,0,2,0,0,0,3,4,3,3,0,0,0,1,2,0,0,9,0,0,0,0,0,4,0,2026-08-22T05:27:59.384234+00:00
Liga Mexicana 2026/2027,Querétaro FC - Tigres UANL,2026-08-01T23:00:00+00:00,finished,3,3-2,Tigres UANL,,,0,,0,0,0,,,0,0,0,0,0,0,0,0,0,0,0,0,0,0,0,0,0,0,0,0,0,0,0,0,0,0,0,0,0,0,2026-08-22T05:27:59.490864+00:00
Liga Mexicana 2026/2027,Querétaro FC - Tigres UANL,2026-08-01T23:00:00+00:00,finished,3,3-2,Tigres UANL,Alan Javier Franco,D,0,,0,0,0,,,0,0,0,0,0,0,0,0,0,0,0,0,0,0,0,0,0,0,0,0,0,0,0,0,0,0,0,0,0,0,2026-08-22T05:27:59.490905+00:00
Liga Mexicana 2026/2027,Querétaro FC - Tigres UANL,2026-08-01T23:00:00+00:00,finished,3,3-2,Querétaro FC,Alejandro Alcala,M,0,,0,0,0,,,0,0,0,0,0,0,0,0,0,0,0,0,0,0,0,0,0,0,0,0,0,0,0,0,0,0,0,0,0,0,2026-08-22T05:27:59.490556+00:00
Liga Mexicana 2026/2027,Querétaro FC - Tigres UANL,2026-08-01T23:00:00+00:00,finished,3,3-2,Querétaro FC,Ali Ávila,F,90,7.8,26,1,0,0.5759,0.0120582,2,1,0,12,8,2,1,0,0,1,0,3,7,1,1,0,0,1,0,4,0,2,9,2,3,0,0,0,2,0,2026-08-22T05:27:59.490324+00:00
Liga Mexicana 2026/2027,Querétaro FC - Tigres UANL,2026-08-01T23:00:00+00:00,finished,3,3-2,Tigres UANL,Antonio de María y Campos,F,0,,0,0,0,,,0,0,0,0,0,0,0,0,0,0,0,0,0,0,0,0,0,0,0,0,0,0,0,0,0,0,0,0,0,0,2026-08-22T05:27:59.490839+00:00
Liga Mexicana 2026/2027,Querétaro FC - Tigres UANL,2026-08-01T23:00:00+00:00,finished,3,3-2,Querétaro FC,Bayron Duarte,D,74,7.0,44,0,0,,0.0957683,0,0,1,23,15,6,2,0,0,0,0,4,2,1,0,2,2,6,1,2,0,0,9,2,2,0,0,0,2,0,2026-08-22T05:27:59.490430+00:00
Liga Mexicana 2026/2027,Querétaro FC - Tigres UANL,2026-08-01T23:00:00+00:00,finished,3,3-2,Querétaro FC,Carlo Adriano García,M,90,6.9,44,0,0,0.1461,0.00922109,2,1,0,29,26,2,2,1,0,1,1,3,1,0,0,2,2,4,2,1,0,0,4,0,0,0,0,0,2,0,2026-08-22T05:27:59.490387+00:00
Liga Mexicana 2026/2027,Querétaro FC - Tigres UANL,2026-08-01T23:00:00+00:00,finished,3,3-2,Tigres UANL,Carlos Rodríguez,G,0,,0,0,0,,,0,0,0,0,0,0,0,0,0,0,0,0,0,0,0,0,0,0,0,0,0,0,0,0,0,0,0,0,0,0,2026-08-22T05:27:59.490877+00:00
Liga Mexicana 2026/2027,Querétaro FC - Tigres UANL,2026-08-01T23:00:00+00:00,finished,3,3-2,Querétaro FC,Carlos Villanueva,D,16,7.0,15,0,0,,0.0152317,0,0,0,7,5,1,0,0,0,0,0,2,1,0,1,2,0,0,0,1,0,0,3,0,0,0,0,0,0,0,2026-08-22T05:27:59.490484+00:00
Liga Mexicana 2026/2027,Querétaro FC - Tigres UANL,2026-08-01T23:00:00+00:00,finished,3,3-2,Tigres UANL,César Araújo,M,90,7.3,69,0,0,0.1015,0.0408644,2,0,1,53,50,2,1,0,0,0,0,7,1,0,0,4,4,2,0,1,2,0,5,3,1,0,0,0,3,0,2026-08-22T05:27:59.490701+00:00
Liga Mexicana 2026/2027,Querétaro FC - Tigres UANL,2026-08-01T23:00:00+00:00,finished,3,3-2,Querétaro FC,Daniel Parra,D,90,6.2,41,0,0,0.1306,0.00348267,2,0,0,24,18,2,0,2,0,1,1,6,4,4,2,0,0,4,0,4,2,0,11,1,2,1,0,0,2,0,2026-08-22T05:27:59.490357+00:00
Liga Mexicana 2026/2027,Querétaro FC - Tigres UANL,2026-08-01T23:00:00+00:00,finished,3,3-2,Tigres UANL,Diego Lainez,M,90,6.5,67,0,0,0.1884,0.188921,6,0,2,42,31,1,0,4,2,4,3,5,5,0,0,0,0,0,0,6,5,1,17,2,2,1,0,0,3,0,2026-08-22T05:27:59.490715+00:00
Liga Mexicana 2026/2027,Querétaro FC - Tigres UANL,2026-08-01T23:00:00+00:00,finished,3,3-2,Querétaro FC,Diego Reyes,D,90,7.5,33,0,0,,0.00659671,0,0,0,18,17,2,2,0,0,0,0,6,3,4,2,2,2,11,0,2,0,0,1,1,1,1,0,0,2,0,2026-08-22T05:27:59.490261+00:00
Liga Mexicana 2026/2027,Querétaro FC - Tigres UANL,2026-08-01T23:00:00+00:00,finished,3,3-2,Tigres UANL,Diego Sánchez,F,0,,0,0,0,,,0,0,0,0,0,0,0,0,0,0,0,0,0,0,0,0,0,0,0,0,0,0,0,0,0,0,0,0,0,0,2026-08-22T05:27:59.490852+00:00
Liga Mexicana 2026/2027,Querétaro FC - Tigres UANL,2026-08-01T23:00:00+00:00,finished,3,3-2,Querétaro FC,Eduardo Perez,F,0,,0,0,0,,,0,0,0,0,0,0,0,0,0,0,0,0,0,0,0,0,0,0,0,0,0,0,0,0,0,0,0,0,0,0,2026-08-22T05:27:59.490614+00:00
Liga Mexicana 2026/2027,Querétaro FC - Tigres UANL,2026-08-01T23:00:00+00:00,finished,3,3-2,Querétaro FC,Enzo Giménez,M,74,6.6,26,0,0,0.0374,0.155142,1,1,1,19,17,0,0,1,1,2,0,4,10,3,4,0,0,1,0,3,0,0,4,1,4,0,0,0,2,0,2026-08-22T05:27:59.490444+00:00
Liga Mexicana 2026/2027,Querétaro FC - Tigres UANL,2026-08-01T23:00:00+00:00,finished,3,3-2,Querétaro FC,Erik Dueñas,M,0,,0,0,0,,,0,0,0,0,0,0,0,0,0,0,0,0,0,0,0,0,0,0,0,0,0,0,0,0,0,0,0,0,0,0,2026-08-22T05:27:59.490542+00:00
Liga Mexicana 2026/2027,Querétaro FC - Tigres UANL,2026-08-01T23:00:00+00:00,finished,3,3-2,Tigres UANL,Fernando Gorriarán,M,90,6.5,89,0,0,,0.235006,0,0,2,71,56,6,4,3,2,1,0,1,7,0,2,0,0,2,0,3,0,2,22,1,1,1,0,0,3,0,2026-08-22T05:27:59.490629+00:00
Liga Mexicana 2026/2027,Querétaro FC - Tigres UANL,2026-08-01T23:00:00+00:00,finished,3,3-2,Tigres UANL,Fernando Ordoñez,D,16,6.2,5,0,0,,0.00050061,0,0,0,3,1,0,0,0,0,0,0,1,1,1,0,0,0,1,1,0,0,0,2,0,1,0,0,0,1,0,2026-08-22T05:27:59.490797+00:00
Liga Mexicana 2026/2027,Querétaro FC - Tigres UANL,2026-08-01T23:00:00+00:00,finished,3,3-2,Tigres UANL,Francisco Reyes,D,18,6.1,21,0,0,0.0723,0.00521484,1,0,0,9,9,1,1,1,0,0,0,2,1,1,1,0,0,2,0,1,0,0,3,1,1,0,0,0,1,0,2026-08-22T05:27:59.490783+00:00
Liga Mexicana 2026/2027,Querétaro FC - Tigres UANL,2026-08-01T23:00:00+00:00,finished,3,3-2,Querétaro FC,Guillermo Allison,G,90,6.2,22,0,0,,0.0003005,0,0,0,17,5,14,3,0,0,0,0,0,0,0,0,0,0,1,0,4,0,0,12,0,0,0,0,3,2,1,2026-08-22T05:27:59.490372+00:00
Liga Mexicana 2026/2027,Querétaro FC - Tigres UANL,2026-08-01T23:00:00+00:00,finished,3,3-2,Tigres UANL,Isac Galván,M,0,,0,0,0,,,0,0,0,0,0,0,0,0,0,0,0,0,0,0,0,0,0,0,0,0,0,0,0,0,0,0,0,0,0,0,2026-08-22T05:27:59.490826+00:00
Liga Mexicana 2026/2027,Querétaro FC - Tigres UANL,2026-08-01T23:00:00+00:00,finished,3,3-2,Querétaro FC,Jean Unjanque,M,9,6.6,2,0,0,,,0,0,0,0,0,0,0,0,0,0,0,1,1,0,1,0,0,0,0,0,0,0,0,1,0,0,0,0,0,0,2026-08-22T05:27:59.490514+00:00
Liga Mexicana 2026/2027,Querétaro FC - Tigres UANL,2026-08-01T23:00:00+00:00,finished,3,3-2,Tigres UANL,Jesus Garza,D,90,6.5,67,0,0,,0.0134703,0,0,1,45,42,2,2,2,0,0,0,5,1,0,0,3,1,4,3,4,0,0,8,2,0,0,0,0,3,0,2026-08-22T05:27:59.490658+00:00
Liga Mexicana 2026/2027,Querétaro FC - Tigres UANL,2026-08-01T23:00:00+00:00,finished,3,3-2,Tigres UANL,Joaquim,D,90,6.7,61,0,0,0.0105,0.0120461,1,0,0,46,37,8,6,0,0,1,1,5,3,2,2,0,0,5,2,3,0,0,9,2,1,0,0,0,3,0,2026-08-22T05:27:59.490672+00:00
Liga Mexicana 2026/2027,Querétaro FC - Tigres UANL,2026-08-01T23:00:00+00:00,finished,3,3-2,Querétaro FC,José Hernández,G,0,,0,0,0,,,0,0,0,0,0,0,0,0,0,0,0,0,0,0,0,0,0,0,0,0,0,0,0,0,0,0,0,0,0,0,2026-08-22T05:27:59.490528+00:00
Liga Mexicana 2026/2027,Querétaro FC - Tigres UANL,2026-08-01T23:00:00+00:00,finished,3,3-2,Tigres UANL,Juan Brunetta,M,89,9.0,65,1,1,0.9477,1.17304,6,3,6,44,38,4,4,8,2,1,0,4,2,0,0,0,0,0,0,2,3,1,15,4,0,0,0,0,3,0,2026-08-22T05:27:59.490743+00:00
Liga Mexicana 2026/2027,Querétaro FC - Tigres UANL,2026-08-01T23:00:00+00:00,finished,3,3-2,Querétaro FC,Juan Eduardo Robles,M,0,,0,0,0,,,0,0,0,0,0,0,0,0,0,0,0,0,0,0,0,0,0,0,0,0,0,0,0,0,0,0,0,0,0,0,2026-08-22T05:27:59.490569+00:00
Liga Mexicana 2026/2027,Querétaro FC - Tigres UANL,2026-08-01T23:00:00+00:00,finished,3,3-2,Querétaro FC,Juan Pablo Cázares,F,0,,0,0,0,,,0,0,0,0,0,0,0,0,0,0,0,0,0,0,0,0,0,0,0,0,0,0,0,0,0,0,0,0,0,0,2026-08-22T05:27:59.490598+00:00
Liga Mexicana 2026/2027,Querétaro FC - Tigres UANL,2026-08-01T23:00:00+00:00,finished,3,3-2,Tigres UANL,Juan Vigón,M,14,6.6,4,0,0,,0.0145268,0,0,0,4,4,1,1,0,0,0,0,0,0,0,0,0,0,0,0,1,0,0,0,0,0,0,0,0,1,0,2026-08-22T05:27:59.490811+00:00
Liga Mexicana 2026/2027,Querétaro FC - Tigres UANL,2026-08-01T23:00:00+00:00,finished,3,3-2,Querétaro FC,Lucas Abascia,D,89,5.9,38,0,0,,0.00206698,0,0,0,22,15,7,2,0,0,1,0,3,5,2,1,1,1,7,0,3,0,0,9,0,3,1,0,0,2,0,2026-08-22T05:27:59.490416+00:00
Liga Mexicana 2026/2027,Querétaro FC - Tigres UANL,2026-08-01T23:00:00+00:00,finished,3,3-2,Tigres UANL,Marcelo Salinas,G,0,,0,0,0,,,0,0,0,0,0,0,0,0,0,0,0,0,0,0,0,0,0,0,0,0,0,0,0,0,0,0,0,0,0,0,2026-08-17T05:28:33.513862+00:00
Liga Mexicana 2026/2027,Querétaro FC - Tigres UANL,2026-08-01T23:00:00+00:00,finished,3,3-2,Querétaro FC,Mateo Coronel,F,90,6.9,33,1,0,0.2582,0.0495498,5,1,1,14,11,1,1,4,1,2,1,1,2,0,0,0,0,0,1,2,1,0,14,0,0,0,0,0,2,0,2026-08-22T05:27:59.490341+00:00
Liga Mexicana 2026/2027,Querétaro FC - Tigres UANL,2026-08-01T23:00:00+00:00,finished,3,3-2,Querétaro FC,Mono Martínez,M,16,6.8,10,0,0,,0.0860693,0,0,1,8,8,1,1,0,0,2,0,0,3,0,0,0,0,0,0,0,0,0,2,0,1,1,0,0,0,0,2026-08-22T05:27:59.490499+00:00
Liga Mexicana 2026/2027,Querétaro FC - Tigres UANL,2026-08-01T23:00:00+00:00,finished,3,3-2,Tigres UANL,Nahuel Guzmán,G,90,6.9,34,0,0,,0.0130852,0,0,1,25,21,8,5,0,0,0,0,1,0,1,0,0,0,3,0,5,0,0,4,0,0,0,0,3,3,1,2026-08-22T05:27:59.490643+00:00
Liga Mexicana 2026/2027,Querétaro FC - Tigres UANL,2026-08-01T23:00:00+00:00,finished,3,3-2,Tigres UANL,Ozziel Herrera,M,88,6.7,50,0,0,0.0915,0.07779,4,1,1,26,21,2,1,2,1,5,2,7,6,1,1,1,1,0,0,5,1,1,14,3,0,0,0,0,2,0,2026-08-22T05:27:59.490756+00:00
Liga Mexicana 2026/2027,Querétaro FC - Tigres UANL,2026-08-01T23:00:00+00:00,finished,3,3-2,Querétaro FC,Paulo Victor,D,45,6.6,18,0,0,,0.00229528,0,0,2,8,5,2,0,1,0,0,0,1,3,0,1,1,1,2,3,3,0,0,4,0,1,1,0,0,1,0,2026-08-22T05:27:59.490457+00:00
Liga Mexicana 2026/2027,Querétaro FC - Tigres UANL,2026-08-01T23:00:00+00:00,finished,3,3-2,Tigres UANL,Rafael Guerrero,D,0,,0,0,0,,,0,0,0,0,0,0,0,0,0,0,0,0,0,0,0,0,0,0,0,0,0,0,0,0,0,0,0,0,0,0,2026-08-22T05:27:59.490891+00:00
Liga Mexicana 2026/2027,Querétaro FC - Tigres UANL,2026-08-01T23:00:00+00:00,finished,3,3-2,Tigres UANL,Rodrigo Aguirre,F,90,6.8,27,1,0,1.0909,0.0062385,3,1,0,15,9,0,0,2,0,0,0,3,7,2,6,1,1,2,0,2,0,1,11,0,1,0,0,0,3,0,2026-08-22T05:27:59.490729+00:00
Liga Mexicana 2026/2027,Querétaro FC - Tigres UANL,2026-08-01T23:00:00+00:00,finished,3,3-2,Tigres UANL,Rômulo Zwarg,D,90,6.2,66,0,0,0.0695,0.0044577,1,0,0,58,52,6,3,0,0,0,0,3,1,2,1,1,1,4,1,3,0,0,6,0,0,0,0,0,3,0,2026-08-22T05:27:59.490687+00:00
Liga Mexicana 2026/2027,Querétaro FC - Tigres UANL,2026-08-01T23:00:00+00:00,finished,3,3-2,Querétaro FC,Santiago Homenchenko,M,90,7.9,51,1,1,0.8252,0.129071,2,1,3,29,20,5,1,7,2,2,1,6,2,0,0,4,2,3,0,4,0,0,15,1,0,1,0,0,2,0,2026-08-22T05:27:59.490401+00:00
Liga Mexicana 2026/2027,Querétaro FC - Tigres UANL,2026-08-01T23:00:00+00:00,finished,3,3-2,Tigres UANL,Vladimir Loroña,D,72,5.9,39,0,0,0.0141,0.0340578,1,0,1,29,25,1,0,0,0,2,1,5,5,3,2,1,1,0,1,5,1,1,8,0,1,1,0,0,2,0,2026-08-22T05:27:59.490769+00:00
Liga Mexicana 2026/2027,Querétaro FC - Tigres UANL,2026-08-01T23:00:00+00:00,finished,3,3-2,Querétaro FC,Waldo Madrid,M,45,6.6,22,0,0,0.0421,0.103632,1,1,2,12,6,1,0,3,1,1,0,0,3,0,0,0,0,2,0,3,0,0,9,0,2,0,0,0,1,0,2026-08-22T05:27:59.490470+00:00
Liga Mexicana 2026/2027,Atlas FC - CF Monterrey,2026-08-02T01:05:00+00:00,finished,3,0-2,Atlas FC,,,17,6.5,5,0,0,,0.00650934,0,0,0,3,3,0,0,1,1,0,0,0,0,0,0,0,0,0,0,0,0,0,0,0,0,0,0,0,1,0,2026-08-22T05:27:59.745527+00:00
Liga Mexicana 2026/2027,Atlas FC - CF Monterrey,2026-08-02T01:05:00+00:00,finished,3,0-2,CF Monterrey,Alonso Aceves,D,64,6.8,57,0,0,0.0345,0.00253555,1,0,0,38,35,4,2,1,0,0,0,2,4,1,0,1,1,3,1,2,1,0,7,0,3,1,0,0,0,0,2026-08-22T05:27:59.745770+00:00
Liga Mexicana 2026/2027,Atlas FC - CF Monterrey,2026-08-02T01:05:00+00:00,finished,3,0-2,Atlas FC,Antonio Sánchez,G,0,,1,0,0,,,0,0,0,0,0,0,0,0,0,0,0,0,0,0,0,0,0,0,0,0,0,0,1,0,0,0,0,0,0,0,2026-08-22T05:27:59.745567+00:00
Liga Mexicana 2026/2027,Atlas FC - CF Monterrey,2026-08-02T01:05:00+00:00,finished,3,0-2,Atlas FC,Arturo González,F,77,6.8,40,0,0,,0.0322521,0,0,0,23,20,2,1,6,1,3,1,5,6,0,2,0,0,1,0,5,0,0,10,4,1,0,0,0,1,0,2026-08-22T05:27:59.745433+00:00
Liga Mexicana 2026/2027,Atlas FC - CF Monterrey,2026-08-02T01:05:00+00:00,finished,3,0-2,Atlas FC,Camilo Vargas,G,90,7.0,39,0,0,,0.00122882,0,0,0,36,33,11,9,0,0,0,0,0,0,0,0,0,0,0,0,5,0,0,3,0,0,0,0,2,2,0,2026-08-22T05:27:59.745281+00:00
Liga Mexicana 2026/2027,Atlas FC - CF Monterrey,2026-08-02T01:05:00+00:00,finished,3,0-2,CF Monterrey,Carlos Salcedo,D,90,6.6,70,0,0,,0.00410386,0,0,0,62,56,8,4,0,0,0,0,2,3,1,1,1,1,3,2,3,0,0,6,0,2,1,1,0,0,0,2026-08-22T05:27:59.745662+00:00
Liga Mexicana 2026/2027,Atlas FC - CF Monterrey,2026-08-02T01:05:00+00:00,finished,3,0-2,CF Monterrey,Cesar Garza,M,0,,0,0,0,,,0,0,0,0,0,0,0,0,0,0,0,0,0,0,0,0,0,0,0,0,0,0,0,0,0,0,0,0,0,0,2026-08-22T05:27:59.745848+00:00
Liga Mexicana 2026/2027,Atlas FC - CF Monterrey,2026-08-02T01:05:00+00:00,finished,3,0-2,CF Monterrey,César Ramos,G,0,,0,0,0,,,0,0,0,0,0,0,0,0,0,0,0,0,0,0,0,0,0,0,0,0,0,0,0,0,0,0,0,0,0,0,2026-08-22T05:27:59.745874+00:00
Liga Mexicana 2026/2027,Atlas FC - CF Monterrey,2026-08-02T01:05:00+00:00,finished,3,0-2,CF Monterrey,Diego Rossi,F,90,7.0,33,1,0,0.7418,0.00918297,4,2,0,26,22,0,0,0,0,0,0,2,0,1,0,1,1,1,0,2,0,0,4,0,0,0,0,0,0,0,2026-08-22T05:27:59.745690+00:00
Liga Mexicana 2026/2027,Atlas FC - CF Monterrey,2026-08-02T01:05:00+00:00,finished,3,0-2,Atlas FC,Dominic Román,M,0,,0,0,0,,,0,0,0,0,0,0,0,0,0,0,0,0,0,0,0,0,0,0,0,0,0,0,0,0,0,0,0,0,0,0,2026-08-22T05:27:59.745553+00:00
Liga Mexicana 2026/2027,Atlas FC - CF Monterrey,2026-08-02T01:05:00+00:00,finished,3,0-2,Atlas FC,Duk,F,71,6.5,35,0,0,0.0477,0.12906,2,1,3,15,10,0,0,3,0,4,1,8,8,0,1,3,1,0,0,0,0,2,13,4,1,0,1,0,2,0,2026-08-22T05:27:59.745448+00:00
Liga Mexicana 2026/2027,Atlas FC - CF Monterrey,2026-08-02T01:05:00+00:00,finished,3,0-2,Atlas FC,Edgar Zaldívar,M,84,6.8,45,0,0,0.0149,0.0060869,1,0,0,34,28,3,3,0,0,0,0,5,2,2,1,1,1,3,2,7,1,0,7,2,1,1,0,0,1,0,2026-08-22T05:27:59.745419+00:00
Liga Mexicana 2026/2027,Atlas FC - CF Monterrey,2026-08-02T01:05:00+00:00,finished,3,0-2,CF Monterrey,Fidel Ambríz,M,15,6.6,21,0,0,,0.00325562,0,0,0,19,16,1,1,0,0,1,0,0,1,0,0,0,0,0,0,0,0,0,4,0,0,0,0,0,0,0,2026-08-22T05:27:59.745835+00:00
Liga Mexicana 2026/2027,Atlas FC - CF Monterrey,2026-08-02T01:05:00+00:00,finished,3,0-2,Atlas FC,Gaddi Aguirre,D,0,,0,0,0,,,0,0,0,0,0,0,0,0,0,0,0,0,0,0,0,0,0,0,0,0,0,0,0,0,0,0,0,0,0,0,2026-08-22T05:27:59.745594+00:00
Liga Mexicana 2026/2027,Atlas FC - CF Monterrey,2026-08-02T01:05:00+00:00,finished,3,0-2,CF Monterrey,Gerardo Arteaga,D,26,6.9,27,0,0,,0.00584513,0,0,0,18,18,1,1,0,0,3,2,2,1,0,0,0,0,0,1,1,0,0,3,0,0,0,0,0,0,0,2026-08-22T05:27:59.745797+00:00
Liga Mexicana 2026/2027,Atlas FC - CF Monterrey,2026-08-02T01:05:00+00:00,finished,3,0-2,Atlas FC,Gustavo Ferrareis,D,46,6.8,35,0,0,,0.00631443,0,0,0,18,17,1,0,4,0,0,0,2,2,0,1,1,1,1,2,3,0,0,6,1,1,0,0,0,1,0,2026-08-22T05:27:59.745462+00:00
Liga Mexicana 2026/2027,Atlas FC - CF Monterrey,2026-08-02T01:05:00+00:00,finished,3,0-2,CF Monterrey,Hugo Cuypers,F,90,6.1,26,0,0,,0.00932694,0,0,1,21,16,1,0,0,0,0,0,1,6,1,4,0,0,0,0,1,0,0,5,0,2,0,0,0,0,0,2026-08-22T05:27:59.745704+00:00
Liga Mexicana 2026/2027,Atlas FC - CF Monterrey,2026-08-02T01:05:00+00:00,finished,3,0-2,CF Monterrey,Iker Fimbres,M,15,7.1,8,0,0,0.0203,0.00323245,1,0,0,5,4,0,0,0,0,0,0,2,0,0,0,1,1,0,0,0,1,0,1,1,0,0,0,0,0,0,2026-08-22T05:27:59.745810+00:00
Liga Mexicana 2026/2027,Atlas FC - CF Monterrey,2026-08-02T01:05:00+00:00,finished,3,0-2,CF Monterrey,Jesús Corona,M,75,7.2,48,0,0,,0.101053,0,0,3,27,21,4,2,5,2,3,2,5,4,0,0,0,0,3,1,4,0,1,15,3,2,0,0,0,0,0,2026-08-22T05:27:59.745730+00:00
Liga Mexicana 2026/2027,Atlas FC - CF Monterrey,2026-08-02T01:05:00+00:00,finished,3,0-2,Atlas FC,Jesús Guillén,M,0,,0,0,0,,,0,0,0,0,0,0,0,0,0,0,0,0,0,0,0,0,0,0,0,0,0,0,0,0,0,0,0,0,0,0,2026-08-22T05:27:59.745621+00:00
Liga Mexicana 2026/2027,Atlas FC - CF Monterrey,2026-08-02T01:05:00+00:00,finished,3,0-2,CF Monterrey,Jorge Rodríguez,M,15,6.9,26,0,0,,0.00249665,0,0,0,22,19,1,1,0,0,0,0,2,0,1,0,1,0,2,0,0,0,0,3,0,0,0,0,0,0,0,2026-08-22T05:27:59.745823+00:00
Liga Mexicana 2026/2027,Atlas FC - CF Monterrey,2026-08-02T01:05:00+00:00,finished,3,0-2,Atlas FC,Jorge Sánchez,D,44,6.1,27,0,0,,0.00622293,0,0,0,18,14,1,0,0,0,1,0,2,5,0,0,1,1,2,0,2,0,0,6,1,2,1,0,0,1,0,2026-08-22T05:27:59.745502+00:00
Liga Mexicana 2026/2027,Atlas FC - CF Monterrey,2026-08-02T01:05:00+00:00,finished,3,0-2,Atlas FC,Jose Lozano,D,17,6.2,6,0,0,,0.00025294,0,0,0,3,2,0,0,1,0,1,0,0,1,0,0,0,0,0,0,0,0,0,3,0,0,0,0,0,1,0,2026-08-22T05:27:59.745515+00:00
Liga Mexicana 2026/2027,Atlas FC - CF Monterrey,2026-08-02T01:05:00+00:00,finished,3,0-2,Atlas FC,Jose Martin,F,17,6.5,5,0,0,,0.00650934,0,0,0,3,3,0,0,1,1,0,0,0,0,0,0,0,0,0,0,0,0,0,0,0,0,0,0,0,1,0,2026-08-17T05:28:33.600697+00:00
Liga Mexicana 2026/2027,Atlas FC - CF Monterrey,2026-08-02T01:05:00+00:00,finished,3,0-2,Atlas FC,Juan José Purata,D,0,,0,0,0,,,0,0,0,0,0,0,0,0,0,0,0,0,0,0,0,0,0,0,0,0,0,0,0,0,0,0,0,0,0,0,2026-08-22T05:27:59.745608+00:00
Liga Mexicana 2026/2027,Atlas FC - CF Monterrey,2026-08-02T01:05:00+00:00,finished,3,0-2,CF Monterrey,Luca Orellano,M,64,6.5,31,0,0,0.0602,0.0185838,2,1,0,17,15,1,1,0,0,7,1,4,9,2,1,1,1,1,0,1,1,1,9,0,1,0,0,0,0,0,2026-08-22T05:27:59.745757+00:00
Liga Mexicana 2026/2027,Atlas FC - CF Monterrey,2026-08-02T01:05:00+00:00,finished,3,0-2,CF Monterrey,Lucas Ocampos,M,90,8.7,50,1,0,0.8786,0.116853,3,1,1,31,23,0,0,0,0,2,1,12,5,5,2,3,3,1,0,6,0,0,10,3,2,0,0,0,0,0,2026-08-22T05:27:59.745675+00:00
Liga Mexicana 2026/2027,Atlas FC - CF Monterrey,2026-08-02T01:05:00+00:00,finished,3,0-2,CF Monterrey,Luis Cárdenas,G,90,7.3,41,0,0,,0.00026231,0,0,0,33,31,10,8,0,0,0,0,1,0,1,0,0,0,3,0,6,0,0,2,0,0,0,0,1,0,1,2026-08-22T05:27:59.745635+00:00
Liga Mexicana 2026/2027,Atlas FC - CF Monterrey,2026-08-02T01:05:00+00:00,finished,3,0-2,CF Monterrey,Luis Reyes,D,0,,0,0,0,,,0,0,0,0,0,0,0,0,0,0,0,0,0,0,0,0,0,0,0,0,0,0,0,0,0,0,0,0,0,0,2026-08-22T05:27:59.745886+00:00
Liga Mexicana 2026/2027,Atlas FC - CF Monterrey,2026-08-02T01:05:00+00:00,finished,3,0-2,Atlas FC,Luís Esteves,M,44,6.4,25,0,0,,0.00352796,0,0,0,19,12,2,1,2,0,2,1,4,2,2,0,1,1,0,0,5,0,0,11,0,1,1,0,0,1,0,2026-08-22T05:27:59.745490+00:00
Liga Mexicana 2026/2027,Atlas FC - CF Monterrey,2026-08-02T01:05:00+00:00,finished,3,0-2,Atlas FC,Manuel Capasso,D,90,6.2,75,0,0,0.0839,0.00717434,1,0,0,67,55,12,7,0,0,0,0,2,5,2,3,0,0,3,1,1,1,0,13,0,2,1,0,0,2,0,2026-08-22T05:27:59.745360+00:00
Liga Mexicana 2026/2027,Atlas FC - CF Monterrey,2026-08-02T01:05:00+00:00,finished,3,0-2,Atlas FC,Milton Valenzuela,D,90,6.3,38,0,0,,0.00035518,0,0,0,21,12,7,2,2,0,1,0,9,3,2,1,6,4,1,0,7,0,0,13,1,1,0,1,0,2,0,2026-08-22T05:27:59.745391+00:00
Liga Mexicana 2026/2027,Atlas FC - CF Monterrey,2026-08-02T01:05:00+00:00,finished,3,0-2,CF Monterrey,Orbelín Pineda,M,75,6.6,45,0,0,0.0241,0.00972026,1,0,0,24,20,2,0,0,0,5,1,6,9,0,2,1,0,4,1,7,0,1,10,4,1,0,0,0,0,0,2026-08-22T05:27:59.745744+00:00
Liga Mexicana 2026/2027,Atlas FC - CF Monterrey,2026-08-02T01:05:00+00:00,finished,3,0-2,Atlas FC,Paulo Ramírez,M,13,6.2,6,0,0,0.0142,0.00317315,1,0,0,3,3,0,0,0,0,0,0,0,0,0,0,0,0,0,0,1,0,0,2,0,0,0,0,0,1,0,2026-08-22T05:27:59.745540+00:00
Liga Mexicana 2026/2027,Atlas FC - CF Monterrey,2026-08-02T01:05:00+00:00,finished,3,0-2,CF Monterrey,Ricardo Chávez,D,26,6.6,23,0,0,,0.00125178,0,0,0,17,15,3,2,1,0,1,0,0,2,0,0,0,0,0,0,0,0,0,4,0,1,0,0,0,0,0,2026-08-22T05:27:59.745783+00:00
Liga Mexicana 2026/2027,Atlas FC - CF Monterrey,2026-08-02T01:05:00+00:00,finished,3,0-2,CF Monterrey,Roberto de la Rosa,F,0,,0,0,0,,,0,0,0,0,0,0,0,0,0,0,0,0,0,0,0,0,0,0,0,0,0,0,0,0,0,0,0,0,0,0,2026-08-22T05:27:59.745900+00:00
Liga Mexicana 2026/2027,Atlas FC - CF Monterrey,2026-08-02T01:05:00+00:00,finished,3,0-2,Atlas FC,Rodrigo Schlegel,D,90,6.5,77,0,0,,0.00408205,0,0,0,66,63,4,4,0,0,1,0,4,4,1,2,2,1,4,0,2,0,0,5,1,1,0,0,0,2,0,2026-08-22T05:27:59.745377+00:00
Liga Mexicana 2026/2027,Atlas FC - CF Monterrey,2026-08-02T01:05:00+00:00,finished,3,0-2,Atlas FC,Ryan Mmaee,F,84,6.6,26,0,0,0.2362,0.0116205,3,0,0,17,13,1,1,0,0,1,0,3,3,0,2,2,2,1,0,2,1,0,5,1,0,0,0,0,1,0,2026-08-22T05:27:59.745405+00:00
Liga Mexicana 2026/2027,Atlas FC - CF Monterrey,2026-08-02T01:05:00+00:00,finished,3,0-2,Atlas FC,Sergio Hernandez,M,46,6.7,28,0,0,0.0293,0.0222321,1,0,1,14,8,2,1,3,0,3,1,3,3,0,0,1,1,0,0,2,0,0,12,1,0,0,0,0,1,0,2026-08-22T05:27:59.745476+00:00
Liga Mexicana 2026/2027,Atlas FC - CF Monterrey,2026-08-02T01:05:00+00:00,finished,3,0-2,CF Monterrey,Uroš Đurđević,F,0,,0,0,0,,,0,0,0,0,0,0,0,0,0,0,0,0,0,0,0,0,0,0,0,0,0,0,0,0,0,0,0,0,0,0,2026-08-22T05:27:59.745861+00:00
Liga Mexicana 2026/2027,Atlas FC - CF Monterrey,2026-08-02T01:05:00+00:00,finished,3,0-2,CF Monterrey,Victor Guzmán,D,90,7.4,66,0,0,0.0717,0.00744389,1,0,0,48,42,2,0,0,0,0,0,3,3,3,0,0,0,8,1,3,0,0,8,0,3,0,0,0,0,0,2026-08-22T05:27:59.745649+00:00
Liga Mexicana 2026/2027,Atlas FC - CF Monterrey,2026-08-02T01:05:00+00:00,finished,3,0-2,Atlas FC,Victor Rios,M,90,6.6,50,0,0,,0.0865673,0,0,2,38,33,2,1,1,1,0,0,4,6,1,2,2,2,1,3,1,0,0,6,1,2,1,0,0,2,0,2026-08-22T05:27:59.745345+00:00
Liga Mexicana 2026/2027,Atlas FC - CF Monterrey,2026-08-02T01:05:00+00:00,finished,3,0-2,CF Monterrey,Óliver Torres,M,86,7.4,58,0,0,,0.358101,0,0,3,48,39,7,2,2,1,2,1,6,4,0,0,4,3,1,0,6,0,0,11,1,0,0,0,0,0,0,2026-08-22T05:27:59.745717+00:00
Liga Mexicana 2026/2027,Club León - CF Pachuca,2026-08-02T01:06:00+00:00,finished,3,1-0,CF Pachuca,,,33,6.5,17,0,0,,0.0578163,0,0,0,9,9,0,0,0,0,5,2,2,4,0,0,0,0,0,0,1,0,0,5,0,1,0,0,0,0,0,2026-08-21T05:17:58.459394+00:00
Liga Mexicana 2026/2027,Club León - CF Pachuca,2026-08-02T01:06:00+00:00,finished,3,1-0,CF Pachuca,Adrián Alcaraz,F,15,6.4,5,0,0,,0.00101983,0,0,0,2,2,0,0,0,0,0,0,0,3,0,1,0,0,1,0,0,0,1,1,0,1,1,0,0,0,0,2026-08-22T05:27:59.572609+00:00
Liga Mexicana 2026/2027,Club León - CF Pachuca,2026-08-02T01:06:00+00:00,finished,3,1-0,CF Pachuca,Alan Bautista,M,26,6.7,18,0,0,0.0193,0.0514963,1,0,0,13,12,1,1,1,0,0,0,2,1,0,1,2,2,0,0,2,0,0,2,0,0,0,0,0,0,0,2026-08-22T05:27:59.572597+00:00
Liga Mexicana 2026/2027,Club León - CF Pachuca,2026-08-02T01:06:00+00:00,finished,3,1-0,CF Pachuca,Alan Mozo,D,90,7.3,66,0,0,,0.304531,0,0,2,33,28,6,4,4,1,0,0,6,4,0,0,4,2,1,1,4,0,0,13,2,2,1,0,0,1,0,2026-08-22T05:27:59.572464+00:00
Liga Mexicana 2026/2027,Club León - CF Pachuca,2026-08-02T01:06:00+00:00,finished,3,1-0,CF Pachuca,Alexei Domínguez,M,15,6.4,21,0,0,,0.196461,0,0,0,5,4,0,0,1,0,6,2,2,4,0,0,0,0,0,1,1,0,0,9,0,0,0,0,0,0,0,2026-08-22T05:27:59.572621+00:00
Liga Mexicana 2026/2027,Club León - CF Pachuca,2026-08-02T01:06:00+00:00,finished,3,1-0,Club León,Bryan Colula,D,10,6.8,3,0,0,,7.4e-07,0,0,0,2,1,0,0,0,0,0,0,1,0,0,0,1,1,0,0,1,0,0,1,0,0,0,0,0,0,0,2026-08-22T05:27:59.572883+00:00
Liga Mexicana 2026/2027,Club León - CF Pachuca,2026-08-02T01:06:00+00:00,finished,3,1-0,CF Pachuca,Carlos Moreno,G,90,7.7,39,0,0,,0.0001642,0,0,0,25,24,5,4,0,0,0,0,0,0,0,0,0,0,0,0,12,0,0,1,0,0,1,0,5,1,0,2026-08-22T05:27:59.572355+00:00
Liga Mexicana 2026/2027,Club León - CF Pachuca,2026-08-02T01:06:00+00:00,finished,3,1-0,CF Pachuca,Carlos Sánchez,D,0,,0,0,0,,,0,0,0,0,0,0,0,0,0,0,0,0,0,0,0,0,0,0,0,0,0,0,0,0,0,0,0,0,0,0,2026-08-22T05:27:59.572633+00:00
Liga Mexicana 2026/2027,Club León - CF Pachuca,2026-08-02T01:06:00+00:00,finished,3,1-0,CF Pachuca,Christian Rivera,M,62,5.5,40,0,0,,0.00784474,0,0,0,33,29,4,1,0,0,0,0,2,7,0,0,2,2,0,0,2,0,1,6,0,4,0,1,0,1,0,2026-08-22T05:27:59.572519+00:00
Liga Mexicana 2026/2027,Club León - CF Pachuca,2026-08-02T01:06:00+00:00,finished,3,1-0,Club León,Christopher Mora,D,0,,0,0,0,,,0,0,0,0,0,0,0,0,0,0,0,0,0,0,0,0,0,0,0,0,0,0,0,0,0,0,0,0,0,0,2026-08-22T05:27:59.572929+00:00
Liga Mexicana 2026/2027,Club León - CF Pachuca,2026-08-02T01:06:00+00:00,finished,3,1-0,CF Pachuca,Cristóbal Hernández,F,0,,0,0,0,,,0,0,0,0,0,0,0,0,0,0,0,0,0,0,0,0,0,0,0,0,0,0,0,0,0,0,0,0,0,0,2026-08-22T05:27:59.572683+00:00
Liga Mexicana 2026/2027,Club León - CF Pachuca,2026-08-02T01:06:00+00:00,finished,3,1-0,Club León,Daniel Arcila,M,69,7.6,15,1,0,0.0861,0.00013456,3,1,0,9,5,0,0,0,0,1,1,3,3,1,1,0,0,0,0,1,0,0,5,1,1,0,0,0,0,0,2026-08-22T05:27:59.572819+00:00
Liga Mexicana 2026/2027,Club León - CF Pachuca,2026-08-02T01:06:00+00:00,finished,3,1-0,Club León,Diber Cambindo,F,33,6.4,15,0,0,0.1399,0.00153447,1,0,0,4,3,0,0,0,0,3,2,4,4,0,2,1,1,0,0,2,0,1,6,1,0,0,0,0,0,0,2026-08-22T05:27:59.572844+00:00
Liga Mexicana 2026/2027,Club León - CF Pachuca,2026-08-02T01:06:00+00:00,finished,3,1-0,Club León,Edgar Guerra,M,69,6.9,42,0,0,0.1339,0.0497286,2,1,2,22,15,2,1,1,1,7,4,6,7,0,0,1,0,2,1,3,0,2,13,1,1,0,0,0,0,0,2026-08-22T05:27:59.572805+00:00
Liga Mexicana 2026/2027,Club León - CF Pachuca,2026-08-02T01:06:00+00:00,finished,3,1-0,CF Pachuca,Eduardo Bauermann,D,90,6.1,56,0,0,0.1489,0.0042461,1,0,0,42,36,5,1,0,0,2,1,5,6,2,1,1,1,2,3,5,0,0,10,1,2,1,0,0,1,0,2026-08-22T05:27:59.572450+00:00
Liga Mexicana 2026/2027,Club León - CF Pachuca,2026-08-02T01:06:00+00:00,finished,3,1-0,CF Pachuca,Elías Montiel,M,90,7.2,65,0,0,0.0138,0.0195366,1,0,0,51,43,9,6,3,0,0,0,4,2,0,0,4,3,1,1,10,1,2,13,0,0,0,0,0,1,0,2026-08-22T05:27:59.572417+00:00
Liga Mexicana 2026/2027,Club León - CF Pachuca,2026-08-02T01:06:00+00:00,finished,3,1-0,Club León,Fernando Beltrán,M,57,6.7,35,0,0,,0.0364259,0,0,2,23,19,3,1,2,0,1,0,2,2,0,0,0,0,1,0,6,0,0,9,2,1,1,0,0,0,0,2026-08-22T05:27:59.572832+00:00
Liga Mexicana 2026/2027,Club León - CF Pachuca,2026-08-02T01:06:00+00:00,finished,3,1-0,CF Pachuca,Francisco Venegas,D,57,6.4,62,0,0,,0.0161518,0,0,0,46,35,7,2,5,0,0,0,1,3,0,0,1,0,1,0,5,0,1,20,0,2,1,0,0,1,0,2026-08-22T05:27:59.572532+00:00
Liga Mexicana 2026/2027,Club León - CF Pachuca,2026-08-02T01:06:00+00:00,finished,3,1-0,Club León,Gael Camarena,F,0,,0,0,0,,,0,0,0,0,0,0,0,0,0,0,0,0,0,0,0,0,0,0,0,0,0,0,0,0,0,0,0,0,0,0,2026-08-22T05:27:59.572916+00:00
Liga Mexicana 2026/2027,Club León - CF Pachuca,2026-08-02T01:06:00+00:00,finished,3,1-0,CF Pachuca,Gael Álvarez,M,33,6.5,17,0,0,,0.0578163,0,0,0,9,9,0,0,0,0,5,2,2,4,0,0,0,0,0,0,1,0,0,5,0,1,0,0,0,0,0,2026-08-22T05:27:59.572560+00:00
Liga Mexicana 2026/2027,Club León - CF Pachuca,2026-08-02T01:06:00+00:00,finished,3,1-0,CF Pachuca,Illian Hernandez,F,0,,0,0,0,,,0,0,0,0,0,0,0,0,0,0,0,0,0,0,0,0,0,0,0,0,0,0,0,0,0,0,0,0,0,0,2026-08-22T05:27:59.572671+00:00
Liga Mexicana 2026/2027,Club León - CF Pachuca,2026-08-02T01:06:00+00:00,finished,3,1-0,Club León,Irving Martinez,,0,,0,0,0,,,0,0,0,0,0,0,0,0,0,0,0,0,0,0,0,0,0,0,0,0,0,0,0,0,0,0,0,0,0,0,2026-08-22T05:27:59.572969+00:00
Liga Mexicana 2026/2027,Club León - CF Pachuca,2026-08-02T01:06:00+00:00,finished,3,1-0,Club León,Isaac Espinosa,M,0,,0,0,0,,,0,0,0,0,0,0,0,0,0,0,0,0,0,0,0,0,0,0,0,0,0,0,0,0,0,0,0,0,0,0,2026-08-22T05:27:59.572941+00:00
Liga Mexicana 2026/2027,Club León - CF Pachuca,2026-08-02T01:06:00+00:00,finished,3,1-0,Club León,Iván Moreno,D,89,7.7,61,0,0,0.0175,0.338729,1,0,3,34,27,2,0,6,2,0,0,5,4,0,0,4,3,1,1,5,0,0,11,1,1,0,0,0,0,0,2026-08-22T05:27:59.572793+00:00
Liga Mexicana 2026/2027,Club León - CF Pachuca,2026-08-02T01:06:00+00:00,finished,3,1-0,Club León,Jesús Lara,M,21,6.9,24,0,0,,0.0764674,0,0,1,10,7,0,0,5,1,0,0,3,0,0,0,1,1,1,0,0,0,0,8,2,0,0,0,0,0,0,2026-08-22T05:27:59.572856+00:00
Liga Mexicana 2026/2027,Club León - CF Pachuca,2026-08-02T01:06:00+00:00,finished,3,1-0,Club León,Jhohan Romaña,D,90,7.1,56,0,0,0.2302,0.00936901,2,1,0,43,40,6,4,0,0,0,0,1,5,0,2,1,1,5,1,4,1,1,6,0,2,0,0,0,0,0,2026-08-22T05:27:59.572753+00:00
Liga Mexicana 2026/2027,Club León - CF Pachuca,2026-08-02T01:06:00+00:00,finished,3,1-0,Club León,Jordi Cortizo,M,90,7.3,76,0,0,0.1356,0.128542,3,0,1,42,33,1,1,3,1,3,1,12,9,0,1,7,5,0,1,8,2,4,21,4,0,0,0,0,0,0,2026-08-22T05:27:59.572723+00:00
Liga Mexicana 2026/2027,Club León - CF Pachuca,2026-08-02T01:06:00+00:00,finished,3,1-0,CF Pachuca,Jorge Berlanga,D,0,,0,0,0,,,0,0,0,0,0,0,0,0,0,0,0,0,0,0,0,0,0,0,0,0,0,0,0,0,0,0,0,0,0,0,2026-08-22T05:27:59.572647+00:00
Liga Mexicana 2026/2027,Club León - CF Pachuca,2026-08-02T01:06:00+00:00,finished,3,1-0,CF Pachuca,Jose Eulogio,G,0,,0,0,0,,,0,0,0,0,0,0,0,0,0,0,0,0,0,0,0,0,0,0,0,0,0,0,0,0,0,0,0,0,0,0,2026-08-22T05:27:59.572658+00:00
Liga Mexicana 2026/2027,Club León - CF Pachuca,2026-08-02T01:06:00+00:00,finished,3,1-0,Club León,José Rodríguez,M,90,7.6,51,0,0,,0.013033,0,0,0,42,37,6,4,0,0,0,0,2,0,1,0,0,0,3,2,3,0,0,5,1,0,0,0,0,0,0,2026-08-22T05:27:59.572710+00:00
Liga Mexicana 2026/2027,Club León - CF Pachuca,2026-08-02T01:06:00+00:00,finished,3,1-0,Club León,Juan Guevara,D,90,7.9,92,0,0,,0.0133621,0,0,0,71,67,7,3,0,0,1,1,7,4,1,2,3,3,9,3,4,0,0,4,2,2,1,0,0,0,0,2026-08-22T05:27:59.572767+00:00
Liga Mexicana 2026/2027,Club León - CF Pachuca,2026-08-02T01:06:00+00:00,finished,3,1-0,Club León,Luis Valadez,M,21,6.5,12,0,0,,0.0398908,0,0,0,7,5,0,0,0,0,0,0,0,3,0,1,0,0,1,0,0,0,1,4,0,0,0,0,0,0,0,2026-08-22T05:27:59.572868+00:00
Liga Mexicana 2026/2027,Club León - CF Pachuca,2026-08-02T01:06:00+00:00,finished,3,1-0,CF Pachuca,Mauricio Isais,D,33,7.0,23,0,0,,0.00621417,0,0,1,11,8,2,2,1,0,1,1,2,0,0,0,0,0,1,1,0,0,0,7,1,0,0,0,0,0,0,2026-08-22T05:27:59.572572+00:00
Liga Mexicana 2026/2027,Club León - CF Pachuca,2026-08-02T01:06:00+00:00,finished,3,1-0,CF Pachuca,Nicolás Vallejo,F,57,6.3,28,0,0,0.2827,0.00777313,3,0,0,10,8,0,0,5,0,1,1,6,3,2,2,2,2,0,0,1,1,0,12,1,1,0,0,0,1,0,2026-08-22T05:27:59.572545+00:00
Liga Mexicana 2026/2027,Club León - CF Pachuca,2026-08-02T01:06:00+00:00,finished,3,1-0,Club León,Oscar García,G,90,6.9,35,0,0,,0.00454055,0,0,0,30,24,10,5,0,0,0,0,0,0,0,0,0,0,0,0,9,0,0,6,0,0,0,0,1,0,0,2026-08-22T05:27:59.572737+00:00
Liga Mexicana 2026/2027,Club León - CF Pachuca,2026-08-02T01:06:00+00:00,finished,3,1-0,CF Pachuca,Oussama Idrissi,M,75,6.6,56,0,0,0.0141,0.487817,1,1,3,27,20,3,2,5,3,10,3,6,13,0,0,1,0,0,0,3,0,1,20,2,4,1,0,0,1,0,2026-08-22T05:27:59.572477+00:00
Liga Mexicana 2026/2027,Club León - CF Pachuca,2026-08-02T01:06:00+00:00,finished,3,1-0,Club León,Paul Bellón,D,0,,0,0,0,,,0,0,0,0,0,0,0,0,0,0,0,0,0,0,0,0,0,0,0,0,0,0,0,0,0,0,0,0,0,0,2026-08-22T05:27:59.572903+00:00
Liga Mexicana 2026/2027,Club León - CF Pachuca,2026-08-02T01:06:00+00:00,finished,3,1-0,CF Pachuca,Rodolfo Pizarro,M,64,6.8,33,0,0,0.2364,0.0322552,1,0,1,17,14,2,1,5,1,4,2,5,2,0,0,1,1,0,0,3,1,0,10,2,0,0,0,0,1,0,2026-08-22T05:27:59.572505+00:00
Liga Mexicana 2026/2027,Club León - CF Pachuca,2026-08-02T01:06:00+00:00,finished,3,1-0,Club León,Rodrigo Echeverría,M,90,6.9,47,0,0,0.0598,0.0878432,0,0,0,37,32,4,1,0,0,1,1,5,1,1,0,1,1,1,2,1,0,1,7,2,0,1,0,0,0,0,2026-08-22T05:27:59.572695+00:00
Liga Mexicana 2026/2027,Club León - CF Pachuca,2026-08-02T01:06:00+00:00,finished,3,1-0,CF Pachuca,Salomón Rondón,F,75,6.6,13,0,0,0.0143,0.189316,1,0,1,8,7,0,0,0,0,0,0,2,2,2,0,0,0,0,0,1,0,1,5,0,0,0,0,0,1,0,2026-08-22T05:27:59.572491+00:00
Liga Mexicana 2026/2027,Club León - CF Pachuca,2026-08-02T01:06:00+00:00,finished,3,1-0,Club León,Sebastián Santos,D,0,,0,0,0,,,0,0,0,0,0,0,0,0,0,0,0,0,0,0,0,0,0,0,0,0,0,0,0,0,0,0,0,0,0,0,2026-08-22T05:27:59.572956+00:00
Liga Mexicana 2026/2027,Club León - CF Pachuca,2026-08-02T01:06:00+00:00,finished,3,1-0,Club León,Sebastián Vegas,D,90,7.1,84,0,0,0.1924,0.00936661,3,3,0,50,41,7,0,0,0,0,0,9,8,5,1,4,3,10,1,3,0,2,12,0,1,1,0,0,0,0,2026-08-22T05:27:59.572780+00:00
Liga Mexicana 2026/2027,Club León - CF Pachuca,2026-08-02T01:06:00+00:00,finished,3,1-0,CF Pachuca,Sergio Barreto,D,90,7.0,62,0,0,0.0249,0.00455121,1,0,0,49,42,3,1,0,0,0,0,6,5,4,3,2,2,4,2,1,0,0,7,0,0,1,0,0,1,0,2026-08-22T05:27:59.572435+00:00
Liga Mexicana 2026/2027,Cruz Azul - Atlante FC,2026-08-02T03:00:00+00:00,finished,3,2-3,Atlante FC,,,0,,0,0,0,,,0,0,0,0,0,0,0,0,0,0,0,0,0,0,0,0,0,0,0,0,0,0,0,0,0,0,0,0,0,0,2026-08-22T05:27:59.688791+00:00
Liga Mexicana 2026/2027,Cruz Azul - Atlante FC,2026-08-02T03:00:00+00:00,finished,3,2-3,Cruz Azul,Agustín Palavecino,M,90,7.3,96,1,0,0.2215,0.12328,3,2,0,71,57,11,6,5,1,3,0,1,4,0,1,1,1,0,1,6,1,0,26,0,0,0,0,0,3,0,2026-08-22T05:27:59.688397+00:00
Liga Mexicana 2026/2027,Cruz Azul - Atlante FC,2026-08-02T03:00:00+00:00,finished,3,2-3,Cruz Azul,Carlos Rodríguez,M,33,7.2,34,0,1,,0.30838,0,0,2,28,26,3,3,1,0,1,0,1,2,0,0,0,0,0,0,1,0,0,6,1,1,1,0,0,1,0,2026-08-22T05:27:59.688529+00:00
Liga Mexicana 2026/2027,Cruz Azul - Atlante FC,2026-08-02T03:00:00+00:00,finished,3,2-3,Cruz Azul,Carlos Rotondi,M,0,,0,0,0,,,0,0,0,0,0,0,0,0,0,0,0,0,0,0,0,0,0,0,0,0,0,0,0,0,0,0,0,0,0,0,2026-08-22T05:27:59.688607+00:00
Liga Mexicana 2026/2027,Cruz Azul - Atlante FC,2026-08-02T03:00:00+00:00,finished,3,2-3,Atlante FC,Eduardo Tercero,D,90,6.7,41,0,0,,0.00160323,0,0,0,21,14,4,1,0,0,0,0,5,3,3,2,2,1,11,1,1,0,0,8,0,1,0,0,0,2,0,2026-08-22T05:27:59.688668+00:00
Liga Mexicana 2026/2027,Cruz Azul - Atlante FC,2026-08-02T03:00:00+00:00,finished,3,2-3,Cruz Azul,Erik Lira,D,29,6.7,35,0,0,,0.0317417,0,0,0,32,27,2,1,0,0,0,0,1,0,0,0,0,0,0,0,4,0,0,5,1,0,0,0,0,1,0,2026-08-22T05:27:59.688561+00:00
Liga Mexicana 2026/2027,Cruz Azul - Atlante FC,2026-08-02T03:00:00+00:00,finished,3,2-3,Atlante FC,Eugenio Pizzuto,M,69,6.7,36,0,0,,0.0102163,0,0,0,27,22,5,4,4,0,1,1,2,0,0,0,0,0,1,0,2,0,0,9,1,0,0,0,0,1,0,2026-08-22T05:27:59.688761+00:00
Liga Mexicana 2026/2027,Cruz Azul - Atlante FC,2026-08-02T03:00:00+00:00,finished,3,2-3,Cruz Azul,Gabriel Fernández,F,29,5.7,15,0,1,1.2836,0.0219066,4,1,1,4,2,0,0,0,0,2,0,2,4,1,0,0,0,0,0,1,1,1,7,1,0,0,0,0,1,0,2026-08-22T05:27:59.688590+00:00
Liga Mexicana 2026/2027,Cruz Azul - Atlante FC,2026-08-02T03:00:00+00:00,finished,3,2-3,Cruz Azul,Gonzalo Piovi,D,57,6.3,38,0,0,0.0118,0.0134425,1,0,1,27,24,5,3,0,0,0,0,2,4,2,1,0,0,5,0,1,1,0,5,0,2,0,0,0,2,0,2026-08-22T05:27:59.688512+00:00
Liga Mexicana 2026/2027,Cruz Azul - Atlante FC,2026-08-02T03:00:00+00:00,finished,3,2-3,Cruz Azul,Jeremy Márquez,M,90,6.4,89,0,0,,0.0809519,0,0,2,57,48,3,1,7,1,7,4,8,5,0,0,1,0,0,3,9,0,1,21,3,1,0,0,0,3,0,2026-08-22T05:27:59.688460+00:00
Liga Mexicana 2026/2027,Cruz Azul - Atlante FC,2026-08-02T03:00:00+00:00,finished,3,2-3,Cruz Azul,Jesús Orozco,D,90,6.2,71,0,0,,0.0279788,0,0,0,55,47,7,3,1,0,2,1,6,7,3,4,2,1,4,4,4,0,0,11,0,2,0,0,0,3,0,2026-08-22T05:27:59.688495+00:00
Liga Mexicana 2026/2027,Cruz Azul - Atlante FC,2026-08-02T03:00:00+00:00,finished,3,2-3,Atlante FC,Jhojan Julio,M,90,7.6,41,1,1,1.1392,0.0476298,3,2,4,22,18,2,2,0,0,1,1,5,6,0,1,3,2,0,0,3,0,2,12,1,3,0,0,0,2,0,2026-08-22T05:27:59.688716+00:00
Liga Mexicana 2026/2027,Cruz Azul - Atlante FC,2026-08-02T03:00:00+00:00,finished,3,2-3,Cruz Azul,José Paradela,F,33,6.8,26,0,0,0.2086,0.398142,2,0,1,18,12,2,0,2,1,3,1,1,2,0,0,0,0,0,0,2,1,0,9,0,0,0,0,0,1,0,2026-08-22T05:27:59.688545+00:00
Liga Mexicana 2026/2027,Cruz Azul - Atlante FC,2026-08-02T03:00:00+00:00,finished,3,2-3,Cruz Azul,Kevin Mier,G,0,,0,0,0,,,0,0,0,0,0,0,0,0,0,0,0,0,0,0,0,0,0,0,0,0,0,0,0,0,0,0,0,0,0,0,2026-08-22T05:27:59.688622+00:00
Liga Mexicana 2026/2027,Cruz Azul - Atlante FC,2026-08-02T03:00:00+00:00,finished,3,2-3,Atlante FC,Luis Calzadilla,M,81,8.3,38,1,0,0.2678,0.00839365,5,3,0,23,20,2,1,2,0,1,1,5,2,1,0,2,2,1,1,5,1,0,5,1,1,1,0,0,1,0,2026-08-22T05:27:59.688747+00:00
Liga Mexicana 2026/2027,Cruz Azul - Atlante FC,2026-08-02T03:00:00+00:00,finished,3,2-3,Atlante FC,Luis Fernando Puente,F,0,,0,0,0,,,0,0,0,0,0,0,0,0,0,0,0,0,0,0,0,0,0,0,0,0,0,0,0,0,0,0,0,0,0,0,2026-08-12T05:17:09.337183+00:00
Liga Mexicana 2026/2027,Cruz Azul - Atlante FC,2026-08-02T03:00:00+00:00,finished,3,2-3,Atlante FC,Luis Sánchez,D,90,7.2,54,0,0,,0.00476035,0,0,0,33,23,9,2,0,0,0,0,8,3,3,3,4,4,7,2,4,0,0,12,1,0,0,0,0,2,0,2026-08-22T05:27:59.688684+00:00
Liga Mexicana 2026/2027,Cruz Azul - Atlante FC,2026-08-02T03:00:00+00:00,finished,3,2-3,Atlante FC,Martín Fernández,M,90,7.1,40,0,0,,0.0118171,0,0,0,27,21,2,0,0,0,1,1,5,2,0,0,2,1,2,1,5,0,0,6,2,1,0,0,0,2,0,2026-08-22T05:27:59.688700+00:00
Liga Mexicana 2026/2027,Cruz Azul - Atlante FC,2026-08-02T03:00:00+00:00,finished,3,2-3,Atlante FC,Nicolas Carrera,D,90,6.6,46,0,0,,0.00729767,0,0,0,31,28,7,5,1,0,0,0,3,4,0,0,3,2,4,4,4,0,0,6,0,2,0,0,0,2,0,2026-08-22T05:27:59.688653+00:00
Liga Mexicana 2026/2027,Cruz Azul - Atlante FC,2026-08-02T03:00:00+00:00,finished,3,2-3,Atlante FC,Walter Clar,M,9,6.3,13,0,0,0.0445,6.7e-06,1,1,0,4,2,1,0,0,0,0,0,1,0,0,0,1,1,0,3,2,0,0,4,0,0,0,0,0,1,0,2026-08-22T05:27:59.688776+00:00
Liga Mexicana 2026/2027,Cruz Azul - Atlante FC,2026-08-02T03:00:00+00:00,finished,3,2-3,Atlante FC,Walter Portales,D,81,6.8,35,0,1,,0.342496,0,0,1,16,13,3,3,4,1,2,0,2,6,0,0,2,2,4,0,2,0,1,11,0,1,0,0,0,1,0,2026-08-22T05:27:59.688732+00:00
Liga Mexicana 2026/2027,Cruz Azul - Atlante FC,2026-08-02T03:00:00+00:00,finished,3,2-3,Cruz Azul,Willer Ditta,D,90,5.5,55,0,0,,0.00637863,0,0,0,44,40,6,5,0,0,0,0,1,4,0,1,1,0,6,1,1,0,1,6,0,2,1,0,0,3,0,2026-08-22T05:27:59.688480+00:00
Liga Mexicana 2026/2027,Cruz Azul - Atlante FC,2026-08-02T03:00:00+00:00,finished,3,2-3,Atlante FC,Óscar Jiménez,G,90,7.8,32,0,0,,0.0013652,0,0,0,20,14,13,7,0,0,0,0,0,0,0,0,0,0,0,0,9,0,0,6,0,0,0,0,7,2,0,2026-08-22T05:27:59.688638+00:00
Liga Mexicana 2026/2027,Club América - Santos Laguna,2026-08-02T23:00:00+00:00,finished,3,3-0,Club América,,,0,,0,0,0,,,0,0,0,0,0,0,0,0,0,0,0,0,0,0,0,0,0,0,0,0,0,0,0,0,0,0,0,0,0,0,2026-08-22T05:27:59.859715+00:00
Liga Mexicana 2026/2027,Club América - Santos Laguna,2026-08-02T23:00:00+00:00,finished,3,3-0,Club América,Alan Cervantes,M,90,7.0,72,0,0,,0.0208003,0,0,1,65,61,8,8,0,0,0,0,1,4,0,0,1,1,0,2,6,0,0,5,0,1,0,0,0,0,0,2026-08-22T05:27:59.859408+00:00
Liga Mexicana 2026/2027,Club América - Santos Laguna,2026-08-02T23:00:00+00:00,finished,3,3-0,Santos Laguna,Aldo Lopez Vargas,M,75,6.9,41,0,0,0.019,0.0323682,1,0,0,33,30,5,4,0,0,0,0,3,1,1,0,0,0,2,1,0,0,0,3,2,0,0,0,0,2,0,2026-08-22T05:27:59.859853+00:00
Liga Mexicana 2026/2027,Club América - Santos Laguna,2026-08-02T23:00:00+00:00,finished,3,3-0,Club América,Alejandro Cardenas,F,12,7.6,10,1,0,0.0709,0.00080156,1,1,1,6,5,0,0,0,0,0,0,1,0,1,0,0,0,1,1,1,0,0,1,0,0,0,0,0,0,0,2026-08-22T05:27:59.859690+00:00
Liga Mexicana 2026/2027,Club América - Santos Laguna,2026-08-02T23:00:00+00:00,finished,3,3-0,Club América,Alexis Gutiérrez,M,71,6.6,37,0,0,0.042,0.16228,1,0,1,25,24,1,1,4,2,0,0,1,5,0,2,0,0,0,0,2,0,1,5,1,1,0,0,0,0,0,2026-08-22T05:27:59.859598+00:00
Liga Mexicana 2026/2027,Club América - Santos Laguna,2026-08-02T23:00:00+00:00,finished,3,3-0,Club América,Brian Rodríguez,M,19,8.1,22,1,0,0.2869,0.0267187,2,2,2,16,15,3,3,2,1,1,1,1,1,0,0,0,0,0,0,2,0,1,3,0,0,0,0,0,0,0,2026-08-22T05:27:59.859665+00:00
Liga Mexicana 2026/2027,Club América - Santos Laguna,2026-08-02T23:00:00+00:00,finished,3,3-0,Santos Laguna,Carlos Acevedo,G,90,6.1,48,0,0,,0.00070627,0,0,0,35,29,15,9,0,0,0,0,1,0,0,0,0,0,1,0,11,0,0,6,1,0,0,0,3,3,1,2026-08-22T05:27:59.859778+00:00
Liga Mexicana 2026/2027,Club América - Santos Laguna,2026-08-02T23:00:00+00:00,finished,3,3-0,Santos Laguna,Carlos Gruezo,M,0,,0,0,0,,,0,0,0,0,0,0,0,0,0,0,0,0,0,0,0,0,0,0,0,0,0,0,0,0,0,0,0,0,0,0,2026-08-22T05:27:59.859974+00:00
Liga Mexicana 2026/2027,Club América - Santos Laguna,2026-08-02T23:00:00+00:00,finished,3,3-0,Club América,Cristián Borja,D,90,7.2,78,0,0,,0.0452752,0,0,1,60,54,1,0,1,0,0,0,4,3,0,0,3,3,1,0,3,0,1,12,1,2,0,0,0,0,0,2026-08-22T05:27:59.859485+00:00
Liga Mexicana 2026/2027,Club América - Santos Laguna,2026-08-02T23:00:00+00:00,finished,3,3-0,Club América,Dagoberto Espinoza,D,45,7.0,40,0,1,,0.110576,0,0,1,22,19,0,0,1,1,0,0,1,5,0,1,1,0,1,1,4,0,1,5,0,2,0,0,0,0,0,2026-08-22T05:27:59.859626+00:00
Liga Mexicana 2026/2027,Club América - Santos Laguna,2026-08-02T23:00:00+00:00,finished,3,3-0,Santos Laguna,Diego González,F,45,7.0,26,0,0,,0.60445,0,0,1,18,15,2,1,2,1,2,1,2,1,0,0,0,0,0,0,2,0,0,6,1,0,0,0,0,2,0,2026-08-22T05:27:59.859903+00:00
Liga Mexicana 2026/2027,Club América - Santos Laguna,2026-08-02T23:00:00+00:00,finished,3,3-0,Santos Laguna,Eduardo Aguirre,F,81,6.7,28,0,0,0.556,0.0520706,2,2,1,16,15,0,0,1,1,1,0,4,8,1,5,1,1,0,0,1,0,1,5,2,1,0,0,0,2,0,2026-08-22T05:27:59.859841+00:00
Liga Mexicana 2026/2027,Club América - Santos Laguna,2026-08-02T23:00:00+00:00,finished,3,3-0,Santos Laguna,Efrain Orona,D,0,,0,0,0,,,0,0,0,0,0,0,0,0,0,0,0,0,0,0,0,0,0,0,0,0,0,0,0,0,0,0,0,0,0,0,2026-08-22T05:27:59.859996+00:00
Liga Mexicana 2026/2027,Club América - Santos Laguna,2026-08-02T23:00:00+00:00,finished,3,3-0,Club América,Emilio Lara,D,0,,0,0,0,,,0,0,0,0,0,0,0,0,0,0,0,0,0,0,0,0,0,0,0,0,0,0,0,0,0,0,0,0,0,0,2026-08-22T05:27:59.859739+00:00
Liga Mexicana 2026/2027,Club América - Santos Laguna,2026-08-02T23:00:00+00:00,finished,3,3-0,Santos Laguna,Emmanuel Echeverría,D,90,5.5,80,0,0,,0.0529775,0,0,1,51,37,7,0,2,1,1,1,4,9,2,2,0,0,1,0,9,0,3,22,1,1,0,0,0,3,0,2026-08-22T05:27:59.859790+00:00
Liga Mexicana 2026/2027,Club América - Santos Laguna,2026-08-02T23:00:00+00:00,finished,3,3-0,Club América,Erick Sánchez,M,90,7.5,62,0,1,0.8679,0.161437,3,1,1,48,45,2,2,2,0,1,1,5,2,1,1,0,0,0,1,3,1,0,7,3,1,0,0,0,0,0,2026-08-22T05:27:59.859503+00:00
Liga Mexicana 2026/2027,Club América - Santos Laguna,2026-08-02T23:00:00+00:00,finished,3,3-0,Santos Laguna,Ezequiel Bullaude,M,63,6.9,40,0,0,0.3142,0.0532294,5,2,3,20,16,2,1,5,1,2,2,8,1,2,0,2,1,0,0,3,0,0,9,2,1,0,0,0,1,0,2026-08-22T05:27:59.859866+00:00
Liga Mexicana 2026/2027,Club América - Santos Laguna,2026-08-02T23:00:00+00:00,finished,3,3-0,Santos Laguna,Felipe Sánchez,D,90,6.2,71,0,0,,0.00787386,0,0,0,60,49,8,3,0,0,0,0,2,6,1,4,1,1,4,2,3,0,0,11,0,2,1,0,0,3,0,2026-08-22T05:27:59.859828+00:00
Liga Mexicana 2026/2027,Club América - Santos Laguna,2026-08-02T23:00:00+00:00,finished,3,3-0,Club América,Fernando Tapia,G,0,,0,0,0,,,0,0,0,0,0,0,0,0,0,0,0,0,0,0,0,0,0,0,0,0,0,0,0,0,0,0,0,0,0,0,2026-08-22T05:27:59.859727+00:00
Liga Mexicana 2026/2027,Club América - Santos Laguna,2026-08-02T23:00:00+00:00,finished,3,3-0,Santos Laguna,Fran Villalba,M,90,6.7,70,0,0,0.1257,0.25426,1,1,5,56,40,13,7,9,2,1,0,0,1,0,0,0,0,0,0,3,0,0,27,0,0,0,0,0,3,0,2026-08-22T05:27:59.859765+00:00
Liga Mexicana 2026/2027,Club América - Santos Laguna,2026-08-02T23:00:00+00:00,finished,3,3-0,Santos Laguna,Franco Pardo,D,90,6.7,47,0,0,0.1039,0.0072961,1,0,0,34,27,8,5,0,0,0,0,7,4,2,4,4,2,4,1,2,1,0,7,1,0,0,0,0,3,0,2026-08-22T05:27:59.859815+00:00
Liga Mexicana 2026/2027,Club América - Santos Laguna,2026-08-02T23:00:00+00:00,finished,3,3-0,Santos Laguna,Hector Holguin,G,0,,0,0,0,,,0,0,0,0,0,0,0,0,0,0,0,0,0,0,0,0,0,0,0,0,0,0,0,0,0,0,0,0,0,0,2026-08-22T05:27:59.859985+00:00
Liga Mexicana 2026/2027,Club América - Santos Laguna,2026-08-02T23:00:00+00:00,finished,3,3-0,Club América,Henry Martín,F,78,8.3,33,1,0,0.0635,0.108229,1,1,3,21,14,2,2,0,0,3,1,7,4,5,1,0,0,3,0,2,0,1,10,1,0,0,0,0,0,0,2026-08-22T05:27:59.859568+00:00
Liga Mexicana 2026/2027,Club América - Santos Laguna,2026-08-02T23:00:00+00:00,finished,3,3-0,Club América,Isaías Violante,M,78,7.2,46,0,0,0.2795,0.05771,4,1,1,26,17,1,1,3,0,4,3,6,5,1,2,0,0,1,0,0,1,1,18,2,0,0,0,0,0,0,2026-08-22T05:27:59.859554+00:00
Liga Mexicana 2026/2027,Club América - Santos Laguna,2026-08-02T23:00:00+00:00,finished,3,3-0,Club América,Israel Reyes,D,45,6.9,33,0,0,0.0192,0.0174953,1,0,0,27,25,3,2,0,0,0,0,2,2,0,0,2,1,1,0,4,0,1,3,0,1,0,0,0,0,0,2026-08-22T05:27:59.859613+00:00
Liga Mexicana 2026/2027,Club América - Santos Laguna,2026-08-02T23:00:00+00:00,finished,3,3-0,Santos Laguna,Javier Güemez,M,27,6.2,20,0,0,,0.0268,0,0,0,19,17,1,0,0,0,0,0,0,3,0,1,0,0,0,0,1,0,0,2,0,2,0,0,0,2,0,2026-08-22T05:27:59.859915+00:00
Liga Mexicana 2026/2027,Club América - Santos Laguna,2026-08-02T23:00:00+00:00,finished,3,3-0,Santos Laguna,Joshua Mancha,M,9,6.4,5,0,0,,0.00190736,0,0,0,3,3,0,0,0,0,0,0,0,1,0,0,0,0,1,0,0,0,1,1,0,0,0,0,0,1,0,2026-08-22T05:27:59.859951+00:00
Liga Mexicana 2026/2027,Club América - Santos Laguna,2026-08-02T23:00:00+00:00,finished,3,3-0,Santos Laguna,José Abella,D,0,,0,0,0,,,0,0,0,0,0,0,0,0,0,0,0,0,0,0,0,0,0,0,0,0,0,0,0,0,0,0,0,0,0,0,2026-08-22T05:27:59.860007+00:00
Liga Mexicana 2026/2027,Club América - Santos Laguna,2026-08-02T23:00:00+00:00,finished,3,3-0,Santos Laguna,Kevin Palacios,M,15,6.4,9,0,0,,0.00293602,0,0,0,5,3,0,0,1,0,1,1,2,2,0,0,1,1,0,0,0,0,0,3,0,1,0,0,0,1,0,2026-08-22T05:27:59.859939+00:00
Liga Mexicana 2026/2027,Club América - Santos Laguna,2026-08-02T23:00:00+00:00,finished,3,3-0,Santos Laguna,Kevin Picon,D,0,,0,0,0,,,0,0,0,0,0,0,0,0,0,0,0,0,0,0,0,0,0,0,0,0,0,0,0,0,0,0,0,0,0,0,2026-08-22T05:27:59.859962+00:00
Liga Mexicana 2026/2027,Club América - Santos Laguna,2026-08-02T23:00:00+00:00,finished,3,3-0,Club América,Kevin Álvarez,D,45,7.4,43,0,1,0.0207,0.0464884,1,0,2,26,23,5,5,2,0,2,0,3,4,2,0,0,0,2,1,5,0,1,9,1,1,0,0,0,0,0,2026-08-22T05:27:59.859652+00:00
Liga Mexicana 2026/2027,Club América - Santos Laguna,2026-08-02T23:00:00+00:00,finished,3,3-0,Santos Laguna,Lucas Di Yorio,F,27,6.0,17,0,0,0.4984,0.0128817,2,1,0,7,4,1,0,0,0,0,0,2,5,1,2,1,1,1,0,1,1,2,8,0,1,0,0,0,2,0,2026-08-22T05:27:59.859927+00:00
Liga Mexicana 2026/2027,Club América - Santos Laguna,2026-08-02T23:00:00+00:00,finished,3,3-0,Santos Laguna,Mauricio Cuevas,D,90,5.9,64,0,0,,0.113979,0,0,0,49,43,2,2,1,0,0,0,1,1,1,0,0,0,3,1,7,0,0,9,0,0,0,0,0,3,0,2026-08-22T05:27:59.859802+00:00
Liga Mexicana 2026/2027,Club América - Santos Laguna,2026-08-02T23:00:00+00:00,finished,3,3-0,Club América,Miguel Vazquez,D,0,,0,0,0,,,0,0,0,0,0,0,0,0,0,0,0,0,0,0,0,0,0,0,0,0,0,0,0,0,0,0,0,0,0,0,2026-08-22T05:27:59.859702+00:00
Liga Mexicana 2026/2027,Club América - Santos Laguna,2026-08-02T23:00:00+00:00,finished,3,3-0,Club América,Osvaldo Arriaga,M,12,6.8,25,0,0,0.0354,0.0496029,2,0,1,18,16,1,1,1,0,2,2,2,0,0,0,0,0,0,0,0,0,0,4,0,0,0,0,0,0,0,2026-08-22T05:27:59.859678+00:00
Liga Mexicana 2026/2027,Club América - Santos Laguna,2026-08-02T23:00:00+00:00,finished,3,3-0,Club América,Patricio Salas,F,0,,0,0,0,,,0,0,0,0,0,0,0,0,0,0,0,0,0,0,0,0,0,0,0,0,0,0,0,0,0,0,0,0,0,0,2026-08-22T05:27:59.859752+00:00
Liga Mexicana 2026/2027,Club América - Santos Laguna,2026-08-02T23:00:00+00:00,finished,3,3-0,Santos Laguna,Ramiro Sordo,M,45,6.4,40,0,0,0.1265,0.045973,1,0,1,20,13,1,0,4,0,2,1,6,4,1,1,2,2,2,0,1,1,0,14,2,0,0,0,0,1,0,2026-08-22T05:27:59.859891+00:00
Liga Mexicana 2026/2027,Club América - Santos Laguna,2026-08-02T23:00:00+00:00,finished,3,3-0,Club América,Ramón Juárez,D,90,7.5,53,0,0,,0.00258847,0,0,0,44,42,5,5,0,0,0,0,5,4,4,3,1,0,5,0,3,0,0,2,0,0,0,0,0,0,0,2026-08-22T05:27:59.859539+00:00
Liga Mexicana 2026/2027,Club América - Santos Laguna,2026-08-02T23:00:00+00:00,finished,3,3-0,Club América,Raphael Veiga,M,45,6.9,27,0,0,0.015,0.15316,1,0,0,22,21,2,2,1,0,0,0,0,1,0,0,0,0,0,0,1,0,0,4,0,1,0,0,0,0,0,2026-08-22T05:27:59.859639+00:00
Liga Mexicana 2026/2027,Club América - Santos Laguna,2026-08-02T23:00:00+00:00,finished,3,3-0,Club América,Rodolfo Cota,G,90,9.9,48,0,0,,0.00104805,0,0,1,27,15,13,2,0,0,0,0,1,0,1,0,0,0,5,0,13,0,0,12,0,0,0,0,6,0,2,2026-08-22T05:27:59.859524+00:00
Liga Mexicana 2026/2027,Club América - Santos Laguna,2026-08-02T23:00:00+00:00,finished,3,3-0,Santos Laguna,Salvador Mariscal,M,63,6.7,38,0,0,,0.0185632,0,0,0,32,31,5,4,0,0,0,0,1,1,0,0,1,0,0,0,1,0,0,3,0,1,0,0,0,1,0,2026-08-22T05:27:59.859879+00:00
Liga Mexicana 2026/2027,Club América - Santos Laguna,2026-08-02T23:00:00+00:00,finished,3,3-0,Club América,Sebastián Cáceres,D,90,7.8,70,0,0,,0.00248311,0,0,0,52,47,9,8,0,0,0,0,7,4,3,2,3,2,4,4,4,0,0,6,1,2,0,0,0,0,0,2026-08-22T05:27:59.859469+00:00
Liga Mexicana 2026/2027,Club América - Santos Laguna,2026-08-02T23:00:00+00:00,finished,3,3-0,Club América,Ícaro,M,0,,0,0,0,,,0,0,0,0,0,0,0,0,0,0,0,0,0,0,0,0,0,0,0,0,0,0,0,0,0,0,0,0,0,0,2026-08-17T05:28:33.596181+00:00
Liga Mexicana 2026/2027,CD Toluca - Club Necaxa,2026-08-03T01:10:00+00:00,finished,3,3-1,CD Toluca,,,31,5.9,18,0,0,0.0417,0.0551681,1,0,1,14,13,0,0,0,0,0,0,0,0,0,0,0,0,0,0,2,0,0,4,0,0,0,0,0,0,0,2026-08-11T05:23:50.955375+00:00
Liga Mexicana 2026/2027,CD Toluca - Club Necaxa,2026-08-03T01:10:00+00:00,finished,3,3-1,Club Necaxa,Agustín Oliveros,D,80,6.2,34,0,0,,0.00639287,0,0,0,20,18,1,1,0,0,1,1,6,2,2,1,0,0,6,2,2,0,0,3,3,1,2,1,0,3,0,2026-08-22T05:27:59.586813+00:00
Liga Mexicana 2026/2027,CD Toluca - Club Necaxa,2026-08-03T01:10:00+00:00,finished,3,3-1,Club Necaxa,Alexis Peña,D,90,6.2,33,0,1,0.0722,0.00039973,1,1,1,21,17,2,0,0,0,0,0,1,3,1,2,0,0,7,1,2,0,0,4,0,0,0,0,0,3,0,2026-08-22T05:27:59.586786+00:00
Liga Mexicana 2026/2027,CD Toluca - Club Necaxa,2026-08-03T01:10:00+00:00,finished,3,3-1,CD Toluca,Alexis Vega,M,89,9.0,99,0,0,0.1505,0.386306,4,2,4,74,72,4,4,6,1,2,2,8,4,0,0,0,0,0,0,0,0,2,10,6,0,0,0,0,1,0,2026-08-22T05:27:59.586525+00:00
Liga Mexicana 2026/2027,CD Toluca - Club Necaxa,2026-08-03T01:10:00+00:00,finished,3,3-1,CD Toluca,Antonio Briseño,D,8,6.5,3,0,0,,1.27e-06,0,0,0,2,1,0,0,0,0,0,0,1,2,0,1,1,0,0,0,0,0,0,1,0,2,0,0,0,0,0,2026-08-22T05:27:59.586661+00:00
Liga Mexicana 2026/2027,CD Toluca - Club Necaxa,2026-08-03T01:10:00+00:00,finished,3,3-1,CD Toluca,Brian García,D,0,,0,0,0,,,0,0,0,0,0,0,0,0,0,0,0,0,0,0,0,0,0,0,0,0,0,0,0,0,0,0,0,0,0,0,2026-08-22T05:27:59.586716+00:00
Liga Mexicana 2026/2027,CD Toluca - Club Necaxa,2026-08-03T01:10:00+00:00,finished,3,3-1,CD Toluca,Bruno Méndez,D,0,,0,0,0,,,0,0,0,0,0,0,0,0,0,0,0,0,0,0,0,0,0,0,0,0,0,0,0,0,0,0,0,0,0,0,2026-08-22T05:27:59.586690+00:00
Liga Mexicana 2026/2027,CD Toluca - Club Necaxa,2026-08-03T01:10:00+00:00,finished,3,3-1,Club Necaxa,Carlos Vargas,D,45,6.1,16,0,0,,0.00070254,0,0,0,8,7,1,0,1,0,1,0,2,2,0,1,2,1,1,0,2,0,0,4,0,1,0,0,0,2,0,2026-08-22T05:27:59.586866+00:00
Liga Mexicana 2026/2027,CD Toluca - Club Necaxa,2026-08-03T01:10:00+00:00,finished,3,3-1,Club Necaxa,Christopher Andrade,G,0,,0,0,0,,,0,0,0,0,0,0,0,0,0,0,0,0,0,0,0,0,0,0,0,0,0,0,0,0,0,0,0,0,0,0,2026-08-22T05:27:59.586996+00:00
Liga Mexicana 2026/2027,CD Toluca - Club Necaxa,2026-08-03T01:10:00+00:00,finished,3,3-1,Club Necaxa,Danny Leyva,M,85,7.1,49,0,0,0.1459,0.130671,2,0,1,30,23,3,0,2,1,3,2,9,2,0,0,2,1,1,0,7,1,0,11,5,0,0,0,0,3,0,2026-08-22T05:27:59.586800+00:00
Liga Mexicana 2026/2027,CD Toluca - Club Necaxa,2026-08-03T01:10:00+00:00,finished,3,3-1,Club Necaxa,Emilio Rodriguez,M,90,6.1,41,0,0,0.1416,0.00750654,3,1,1,20,12,4,2,2,0,2,1,6,7,2,3,2,2,0,2,4,1,0,13,2,2,0,0,0,3,0,2026-08-22T05:27:59.586756+00:00
Liga Mexicana 2026/2027,CD Toluca - Club Necaxa,2026-08-03T01:10:00+00:00,finished,3,3-1,CD Toluca,Everardo López,D,90,7.0,99,1,0,0.1585,0.038824,1,1,1,89,86,2,1,0,0,0,0,3,8,1,3,2,1,1,0,3,0,0,3,0,5,0,0,0,1,0,2026-08-22T05:27:59.586485+00:00
Liga Mexicana 2026/2027,CD Toluca - Club Necaxa,2026-08-03T01:10:00+00:00,finished,3,3-1,CD Toluca,Federico Pereira,D,90,7.4,109,0,0,,0.0265206,0,0,0,98,95,8,8,0,0,1,1,6,5,4,4,0,0,4,0,6,0,0,4,1,2,0,0,0,1,0,2026-08-22T05:27:59.586470+00:00
Liga Mexicana 2026/2027,CD Toluca - Club Necaxa,2026-08-03T01:10:00+00:00,finished,3,3-1,CD Toluca,Federico Viñas,F,31,5.9,18,0,0,0.0417,0.0551681,1,0,1,14,13,0,0,0,0,0,0,0,0,0,0,0,0,0,0,2,0,0,4,0,0,0,0,0,0,0,2026-08-22T05:27:59.586620+00:00
Liga Mexicana 2026/2027,CD Toluca - Club Necaxa,2026-08-03T01:10:00+00:00,finished,3,3-1,CD Toluca,Fernando Arce Juárez,M,0,,0,0,0,,,0,0,0,0,0,0,0,0,0,0,0,0,0,0,0,0,0,0,0,0,0,0,0,0,0,0,0,0,0,0,2026-08-22T05:27:59.586729+00:00
Liga Mexicana 2026/2027,CD Toluca - Club Necaxa,2026-08-03T01:10:00+00:00,finished,3,3-1,Club Necaxa,Francisco Méndez,D,13,6.9,7,0,0,,0.00024138,0,0,0,4,4,1,1,0,0,1,0,1,2,0,0,1,1,0,0,0,0,0,1,0,0,0,0,0,0,0,2026-08-22T05:27:59.586948+00:00
Liga Mexicana 2026/2027,CD Toluca - Club Necaxa,2026-08-03T01:10:00+00:00,finished,3,3-1,CD Toluca,Franco Romero,M,90,7.2,110,0,0,0.0254,0.0723932,1,0,0,96,90,4,2,0,0,1,0,5,6,0,0,5,3,0,1,13,1,2,9,0,0,1,0,0,1,0,2026-08-22T05:27:59.586406+00:00
Liga Mexicana 2026/2027,CD Toluca - Club Necaxa,2026-08-03T01:10:00+00:00,finished,3,3-1,CD Toluca,Helinho,M,25,6.9,31,0,0,0.1627,0.185245,1,1,2,25,23,0,0,1,0,2,1,2,2,0,0,0,0,0,0,3,0,1,5,1,0,0,0,0,0,0,2026-08-22T05:27:59.586634+00:00
Liga Mexicana 2026/2027,CD Toluca - Club Necaxa,2026-08-03T01:10:00+00:00,finished,3,3-1,CD Toluca,Hugo Gonzalez,G,0,,0,0,0,,,0,0,0,0,0,0,0,0,0,0,0,0,0,0,0,0,0,0,0,0,0,0,0,0,0,0,0,0,0,0,2026-08-22T05:27:59.586676+00:00
Liga Mexicana 2026/2027,CD Toluca - Club Necaxa,2026-08-03T01:10:00+00:00,finished,3,3-1,CD Toluca,Ivan López,F,59,7.9,24,1,1,0.2205,0.0860783,3,1,2,18,14,1,0,0,0,1,0,1,3,1,1,0,0,0,0,0,1,0,7,0,1,0,0,0,1,0,2026-08-22T05:27:59.586565+00:00
Liga Mexicana 2026/2027,CD Toluca - Club Necaxa,2026-08-03T01:10:00+00:00,finished,3,3-1,Club Necaxa,Javier Ruiz,M,45,6.5,17,0,0,,0.0056443,0,0,0,9,6,0,0,0,0,2,2,4,3,0,0,2,2,0,0,5,0,2,6,0,2,0,0,0,2,0,2026-08-22T05:27:59.586880+00:00
Liga Mexicana 2026/2027,CD Toluca - Club Necaxa,2026-08-03T01:10:00+00:00,finished,3,3-1,CD Toluca,Jesús Gallardo,D,90,7.8,100,0,1,0.3043,0.38609,5,1,5,71,60,4,4,7,3,2,1,7,1,3,0,3,2,1,1,2,1,0,20,0,0,0,0,0,1,0,2026-08-22T05:27:59.586500+00:00
Liga Mexicana 2026/2027,CD Toluca - Club Necaxa,2026-08-03T01:10:00+00:00,finished,3,3-1,CD Toluca,Jesús Ricardo Angulo,M,65,7.1,45,0,0,0.1383,0.456914,3,1,3,34,30,2,2,3,1,0,0,0,0,0,0,0,0,0,0,2,1,0,8,0,0,0,0,0,1,0,2026-08-22T05:27:59.586538+00:00
Liga Mexicana 2026/2027,CD Toluca - Club Necaxa,2026-08-03T01:10:00+00:00,finished,3,3-1,CD Toluca,Jorge Díaz,M,59,6.6,34,0,0,0.2279,0.137434,3,0,3,27,24,0,0,0,0,1,1,3,3,2,1,0,0,0,1,2,2,0,5,0,1,0,0,0,1,0,2026-08-22T05:27:59.586593+00:00
Liga Mexicana 2026/2027,CD Toluca - Club Necaxa,2026-08-03T01:10:00+00:00,finished,3,3-1,Club Necaxa,Juan Torres,M,45,6.3,10,0,0,0.0533,0.00158812,1,0,0,7,5,0,0,0,0,1,0,0,2,0,0,0,0,0,0,2,0,0,4,0,1,0,0,0,2,0,2026-08-22T05:27:59.586893+00:00
Liga Mexicana 2026/2027,CD Toluca - Club Necaxa,2026-08-03T01:10:00+00:00,finished,3,3-1,Club Necaxa,Juan Valencia,F,45,6.6,15,0,0,,0.00753023,0,0,1,6,6,0,0,0,0,0,0,4,5,2,3,1,0,0,0,1,0,2,5,2,0,1,0,0,1,0,2026-08-22T05:27:59.586920+00:00
Liga Mexicana 2026/2027,CD Toluca - Club Necaxa,2026-08-03T01:10:00+00:00,finished,3,3-1,Club Necaxa,Julián Carranza,F,51,6.4,27,1,0,0.9402,0.00642551,1,1,1,16,10,0,0,0,0,2,0,5,2,2,0,1,0,1,0,1,0,0,11,2,0,0,1,0,3,0,2026-08-22T05:27:59.586839+00:00
Liga Mexicana 2026/2027,CD Toluca - Club Necaxa,2026-08-03T01:10:00+00:00,finished,3,3-1,Club Necaxa,Kaiky Naves,D,0,,0,0,0,,,0,0,0,0,0,0,0,0,0,0,0,0,0,0,0,0,0,0,0,0,0,0,0,0,0,0,0,0,0,0,2026-08-22T05:27:59.586961+00:00
Liga Mexicana 2026/2027,CD Toluca - Club Necaxa,2026-08-03T01:10:00+00:00,finished,3,3-1,Club Necaxa,Lorenzo Faravelli,M,67,6.5,27,0,0,,0.0403168,0,0,2,17,15,1,1,0,0,1,1,2,2,0,0,1,1,3,0,3,0,1,3,0,0,0,0,0,3,0,2026-08-22T05:27:59.586827+00:00
Liga Mexicana 2026/2027,CD Toluca - Club Necaxa,2026-08-03T01:10:00+00:00,finished,3,3-1,CD Toluca,Luan,D,0,,0,0,0,,,0,0,0,0,0,0,0,0,0,0,0,0,0,0,0,0,0,0,0,0,0,0,0,0,0,0,0,0,0,0,2026-08-22T05:27:59.586703+00:00
Liga Mexicana 2026/2027,CD Toluca - Club Necaxa,2026-08-03T01:10:00+00:00,finished,3,3-1,CD Toluca,Luis García,G,90,6.8,35,0,0,,0.00028723,0,0,0,26,22,8,4,0,0,0,0,0,0,0,0,0,0,2,0,13,0,0,4,0,0,0,0,1,1,0,2026-08-22T05:27:59.586456+00:00
Liga Mexicana 2026/2027,CD Toluca - Club Necaxa,2026-08-03T01:10:00+00:00,finished,3,3-1,Club Necaxa,Luis Jimenez,G,90,7.7,49,0,0,,0.00262347,0,0,1,35,19,25,9,0,0,0,0,2,0,2,0,0,0,4,0,15,0,0,16,1,0,0,0,6,3,2,2026-08-22T05:27:59.586742+00:00
Liga Mexicana 2026/2027,CD Toluca - Club Necaxa,2026-08-03T01:10:00+00:00,finished,3,3-1,Club Necaxa,Matías Espíndola,M,23,6.4,19,0,0,0.0166,0.00151704,1,0,0,12,9,0,0,0,0,2,1,2,4,0,1,1,1,1,0,2,0,0,6,0,1,0,0,0,0,0,2026-08-22T05:27:59.586935+00:00
Liga Mexicana 2026/2027,CD Toluca - Club Necaxa,2026-08-03T01:10:00+00:00,finished,3,3-1,Club Necaxa,Mauro Zaleta,M,45,6.4,15,0,0,,0.00332874,0,0,0,11,8,2,1,1,0,0,0,0,0,0,0,0,0,1,0,1,0,0,4,0,0,0,0,0,1,0,2026-08-22T05:27:59.586907+00:00
Liga Mexicana 2026/2027,CD Toluca - Club Necaxa,2026-08-03T01:10:00+00:00,finished,3,3-1,Club Necaxa,Miguel Pedroza,F,0,,0,0,0,,,0,0,0,0,0,0,0,0,0,0,0,0,0,0,0,0,0,0,0,0,0,0,0,0,0,0,0,0,0,0,2026-08-22T05:27:59.587008+00:00
Liga Mexicana 2026/2027,CD Toluca - Club Necaxa,2026-08-03T01:10:00+00:00,finished,3,3-1,CD Toluca,Pavel Pérez,M,25,7.1,25,0,0,0.0272,0.439329,1,0,2,20,18,1,1,0,0,0,0,1,1,0,0,1,1,0,0,1,0,1,3,0,0,0,0,0,0,0,2026-08-22T05:27:59.586647+00:00
Liga Mexicana 2026/2027,CD Toluca - Club Necaxa,2026-08-03T01:10:00+00:00,finished,3,3-1,Club Necaxa,Pedro Pedraza,M,45,6.7,17,0,0,,0.00119662,0,0,0,11,8,1,0,0,0,1,0,0,2,0,1,0,0,1,1,1,0,0,5,0,0,0,0,0,1,0,2026-08-22T05:27:59.586853+00:00
Liga Mexicana 2026/2027,CD Toluca - Club Necaxa,2026-08-03T01:10:00+00:00,finished,3,3-1,Club Necaxa,Raúl Martínez,D,90,5.8,37,0,0,,0.00291178,0,0,0,21,15,5,2,1,1,2,1,2,3,0,0,1,0,3,1,3,0,0,11,0,2,1,0,0,3,0,2026-08-22T05:27:59.586771+00:00
Liga Mexicana 2026/2027,CD Toluca - Club Necaxa,2026-08-03T01:10:00+00:00,finished,3,3-1,Club Necaxa,Ricardo Monreal,F,0,,0,0,0,,,0,0,0,0,0,0,0,0,0,0,0,0,0,0,0,0,0,0,0,0,0,0,0,0,0,0,0,0,0,0,2026-08-22T05:27:59.586974+00:00
Liga Mexicana 2026/2027,CD Toluca - Club Necaxa,2026-08-03T01:10:00+00:00,finished,3,3-1,Club Necaxa,Rogelio Cortéz Pineda,M,0,,0,0,0,,,0,0,0,0,0,0,0,0,0,0,0,0,0,0,0,0,0,0,0,0,0,0,0,0,0,0,0,0,0,0,2026-08-22T05:27:59.586985+00:00
Liga Mexicana 2026/2027,CD Toluca - Club Necaxa,2026-08-03T01:10:00+00:00,finished,3,3-1,CD Toluca,Santiago Simón,D,90,6.6,87,0,0,,0.144483,0,0,1,71,65,4,2,8,1,1,0,1,2,0,0,1,1,0,1,2,0,1,15,0,0,0,0,0,1,0,2026-08-22T05:27:59.586513+00:00
Liga Mexicana 2026/2027,CD Toluca - Club Necaxa,2026-08-03T01:10:00+00:00,finished,3,3-1,CD Toluca,Víctor Guzmán,M,31,7.1,38,0,0,0.0965,0.327673,1,0,0,33,31,1,1,0,0,0,0,1,2,1,1,0,0,0,0,1,0,0,2,0,1,0,0,0,0,0,2026-08-22T05:27:59.586607+00:00
Liga Mexicana 2026/2027,CD Toluca - Club Necaxa,2026-08-03T01:10:00+00:00,finished,3,3-1,CD Toluca,Érick Gutiérrez,M,65,6.3,55,0,0,0.1168,0.0336544,2,1,1,47,45,2,2,0,0,1,0,2,7,0,0,2,1,0,0,3,0,1,6,0,3,0,0,0,1,0,2026-08-22T05:27:59.586552+00:00
Liga Mexicana 2026/2027,Atlante FC - CD Toluca,2026-08-15T23:00:00+00:00,finished,4,0-0,CD Toluca,,,0,,0,0,0,,,0,0,0,0,0,0,0,0,0,0,0,0,0,0,0,0,0,0,0,0,0,0,0,0,0,0,0,0,0,0,2026-08-22T05:28:00.186193+00:00
Liga Mexicana 2026/2027,Atlante FC - CD Toluca,2026-08-15T23:00:00+00:00,finished,4,0-0,Atlante FC,Aarón Quirós,D,90,6.5,62,0,0,,0.0280423,0,0,0,42,25,10,1,0,0,1,0,1,6,0,2,1,0,3,0,5,0,1,26,0,2,1,0,0,0,0,2026-08-22T05:28:00.186318+00:00
Liga Mexicana 2026/2027,Atlante FC - CD Toluca,2026-08-15T23:00:00+00:00,finished,4,0-0,CD Toluca,Antonio Briseño,D,0,,0,0,0,,,0,0,0,0,0,0,0,0,0,0,0,0,0,0,0,0,0,0,0,0,0,0,0,0,0,0,0,0,0,0,2026-08-22T05:28:00.186221+00:00
Liga Mexicana 2026/2027,Atlante FC - CD Toluca,2026-08-15T23:00:00+00:00,finished,4,0-0,CD Toluca,Brian García,D,90,7.5,73,0,0,0.0461,0.197132,2,1,2,44,35,6,6,3,1,2,1,5,3,1,1,3,2,0,1,8,0,1,19,0,0,0,0,0,0,0,2026-08-22T05:28:00.185992+00:00
Liga Mexicana 2026/2027,Atlante FC - CD Toluca,2026-08-15T23:00:00+00:00,finished,4,0-0,CD Toluca,Bruno Méndez,D,90,6.9,64,0,0,,0.00376791,0,0,0,44,38,2,1,1,0,0,0,2,1,2,1,0,0,7,7,1,0,0,7,0,0,0,0,0,0,0,2026-08-22T05:28:00.185960+00:00
Liga Mexicana 2026/2027,Atlante FC - CD Toluca,2026-08-15T23:00:00+00:00,finished,4,0-0,Atlante FC,Cristobal Alfaro,D,0,,0,0,0,,,0,0,0,0,0,0,0,0,0,0,0,0,0,0,0,0,0,0,0,0,0,0,0,0,0,0,0,0,0,0,2026-08-22T05:28:00.187050+00:00
Liga Mexicana 2026/2027,Atlante FC - CD Toluca,2026-08-15T23:00:00+00:00,finished,4,0-0,CD Toluca,Diego Barbosa,D,60,7.0,49,0,0,0.0735,0.488663,2,1,1,30,24,2,2,2,0,0,0,2,4,0,1,2,1,1,0,3,1,1,12,0,1,0,0,0,0,0,2026-08-22T05:28:00.186076+00:00
Liga Mexicana 2026/2027,Atlante FC - CD Toluca,2026-08-15T23:00:00+00:00,finished,4,0-0,Atlante FC,Diogo Bagüí,D,0,,0,0,0,,,0,0,0,0,0,0,0,0,0,0,0,0,0,0,0,0,0,0,0,0,0,0,0,0,0,0,0,0,0,0,2026-08-22T05:28:00.186984+00:00
Liga Mexicana 2026/2027,Atlante FC - CD Toluca,2026-08-15T23:00:00+00:00,finished,4,0-0,Atlante FC,Edgar Jiménez,M,29,7.2,27,0,0,,0.0271912,0,0,0,17,13,3,2,2,0,0,0,3,0,0,0,2,2,0,0,2,0,0,8,1,0,0,0,0,0,0,2026-08-22T05:28:00.186956+00:00
Liga Mexicana 2026/2027,Atlante FC - CD Toluca,2026-08-15T23:00:00+00:00,finished,4,0-0,Atlante FC,Eduardo Tercero,D,90,8.0,68,0,0,0.0121,0.00610725,1,0,1,46,31,17,7,0,0,0,0,10,0,3,0,7,3,5,1,9,0,0,15,0,0,0,0,0,0,0,2026-08-22T05:28:00.186263+00:00
Liga Mexicana 2026/2027,Atlante FC - CD Toluca,2026-08-15T23:00:00+00:00,finished,4,0-0,Atlante FC,Eugenio Pizzuto,M,90,6.5,54,0,0,,0.0624197,0,0,1,46,39,4,3,2,0,2,0,1,8,1,1,0,0,0,0,5,0,2,14,0,2,0,0,0,0,0,2026-08-22T05:28:00.186291+00:00
Liga Mexicana 2026/2027,Atlante FC - CD Toluca,2026-08-15T23:00:00+00:00,finished,4,0-0,CD Toluca,Everardo López,D,90,7.9,81,0,0,,0.0696265,0,0,0,58,42,10,1,1,1,0,0,8,3,2,0,6,4,6,4,3,0,0,18,0,1,0,0,0,0,0,2026-08-22T05:28:00.185977+00:00
Liga Mexicana 2026/2027,Atlante FC - CD Toluca,2026-08-15T23:00:00+00:00,finished,4,0-0,CD Toluca,Federico Pereira,D,90,8.2,96,0,0,,0.00637876,0,0,0,65,54,15,9,0,0,1,1,12,6,7,2,3,3,18,1,4,0,0,13,1,3,0,0,0,0,0,2026-08-22T05:28:00.186021+00:00
Liga Mexicana 2026/2027,Atlante FC - CD Toluca,2026-08-15T23:00:00+00:00,finished,4,0-0,CD Toluca,Federico Viñas,F,90,6.1,43,0,0,0.6823,0.0198034,4,0,0,20,9,0,0,0,0,3,1,10,8,3,4,1,1,0,0,5,3,2,19,5,0,0,0,0,0,0,2026-08-22T05:28:00.185896+00:00
Liga Mexicana 2026/2027,Atlante FC - CD Toluca,2026-08-15T23:00:00+00:00,finished,4,0-0,CD Toluca,Fernando Arce Juárez,M,16,6.7,12,0,0,,0.00296807,0,0,1,12,11,1,1,0,0,0,0,1,1,1,1,0,0,0,0,1,0,0,1,0,0,0,0,0,0,0,2026-08-22T05:28:00.186150+00:00
Liga Mexicana 2026/2027,Atlante FC - CD Toluca,2026-08-15T23:00:00+00:00,finished,4,0-0,CD Toluca,Franco Romero,M,90,7.1,61,0,0,0.0234,0.00943017,1,0,0,50,43,4,1,0,0,0,0,6,4,1,1,5,3,1,1,5,1,0,9,0,1,0,0,0,0,0,2026-08-22T05:28:00.186008+00:00
Liga Mexicana 2026/2027,Atlante FC - CD Toluca,2026-08-15T23:00:00+00:00,finished,4,0-0,CD Toluca,Helinho,M,30,6.5,24,0,0,0.0117,0.0241257,1,0,0,12,10,0,0,3,0,0,0,1,3,1,0,0,0,1,0,3,0,3,9,0,0,0,0,0,0,0,2026-08-22T05:28:00.186138+00:00
Liga Mexicana 2026/2027,Atlante FC - CD Toluca,2026-08-15T23:00:00+00:00,finished,4,0-0,CD Toluca,Hugo Gonzalez,G,15,7.2,15,0,0,,4.42e-05,0,0,0,11,9,3,1,0,0,0,0,0,0,0,0,0,0,0,0,5,0,0,2,0,0,0,0,2,0,0,2026-08-22T05:28:00.186164+00:00
Liga Mexicana 2026/2027,Atlante FC - CD Toluca,2026-08-15T23:00:00+00:00,finished,4,0-0,Atlante FC,Javier Ibarra,M,0,,0,0,0,,,0,0,0,0,0,0,0,0,0,0,0,0,0,0,0,0,0,0,0,0,0,0,0,0,0,0,0,0,0,0,2026-08-22T05:28:00.187024+00:00
Liga Mexicana 2026/2027,Atlante FC - CD Toluca,2026-08-15T23:00:00+00:00,finished,4,0-0,CD Toluca,Jesús Ricardo Angulo,M,60,6.9,46,0,0,0.0193,0.243056,1,0,2,32,27,4,2,3,1,0,0,2,4,0,1,2,2,0,0,0,0,2,12,0,0,0,0,0,0,0,2026-08-22T05:28:00.186089+00:00
Liga Mexicana 2026/2027,Atlante FC - CD Toluca,2026-08-15T23:00:00+00:00,finished,4,0-0,Atlante FC,Jhojan Julio,M,90,6.7,46,0,0,0.4195,0.0778738,2,2,2,19,14,1,0,6,1,3,2,4,7,1,3,0,0,0,1,1,0,2,19,1,0,0,0,0,0,0,2026-08-22T05:28:00.186360+00:00
Liga Mexicana 2026/2027,Atlante FC - CD Toluca,2026-08-15T23:00:00+00:00,finished,4,0-0,Atlante FC,Joaquin Moxica,F,10,6.6,9,0,0,0.0302,0.00083239,1,0,0,4,4,0,0,0,0,1,0,3,2,2,1,1,1,1,0,0,0,0,1,0,0,0,0,0,0,0,2026-08-22T05:28:00.186970+00:00
Liga Mexicana 2026/2027,Atlante FC - CD Toluca,2026-08-15T23:00:00+00:00,finished,4,0-0,Atlante FC,Jordan García,G,0,,0,0,0,,,0,0,0,0,0,0,0,0,0,0,0,0,0,0,0,0,0,0,0,0,0,0,0,0,0,0,0,0,0,0,2026-08-22T05:28:00.187063+00:00
Liga Mexicana 2026/2027,Atlante FC - CD Toluca,2026-08-15T23:00:00+00:00,finished,4,0-0,CD Toluca,Jorge Díaz,M,82,6.0,53,0,0,,0.064976,0,0,2,32,26,2,1,1,0,7,1,3,12,0,2,1,0,0,0,6,0,3,17,1,0,0,0,0,0,0,2026-08-22T05:28:00.186034+00:00
Liga Mexicana 2026/2027,Atlante FC - CD Toluca,2026-08-15T23:00:00+00:00,finished,4,0-0,Atlante FC,José González,M,0,,0,0,0,,,0,0,0,0,0,0,0,0,0,0,0,0,0,0,0,0,0,0,0,0,0,0,0,0,0,0,0,0,0,0,2026-08-22T05:28:00.187037+00:00
Liga Mexicana 2026/2027,Atlante FC - CD Toluca,2026-08-15T23:00:00+00:00,finished,4,0-0,CD Toluca,Luan,D,0,,0,0,0,,,0,0,0,0,0,0,0,0,0,0,0,0,0,0,0,0,0,0,0,0,0,0,0,0,0,0,0,0,0,0,2026-08-22T05:28:00.186234+00:00
Liga Mexicana 2026/2027,Atlante FC - CD Toluca,2026-08-15T23:00:00+00:00,finished,4,0-0,Atlante FC,Luis Calzadilla,M,90,7.1,45,0,0,0.1875,0.078351,4,1,1,27,18,2,1,2,2,2,1,3,4,0,1,1,1,1,1,13,2,1,14,1,1,0,0,0,0,0,2026-08-22T05:28:00.186278+00:00
Liga Mexicana 2026/2027,Atlante FC - CD Toluca,2026-08-15T23:00:00+00:00,finished,4,0-0,CD Toluca,Luis García,G,75,7.6,38,0,0,,0.00268991,0,0,0,27,19,18,10,0,0,0,0,0,0,0,0,0,0,5,0,9,0,0,8,0,0,0,0,3,0,3,2026-08-22T05:28:00.186049+00:00
Liga Mexicana 2026/2027,Atlante FC - CD Toluca,2026-08-15T23:00:00+00:00,finished,4,0-0,Atlante FC,Luis Puente,F,80,6.8,33,0,0,0.0386,0.0307006,1,0,0,18,12,0,0,0,0,1,1,8,8,5,6,0,0,2,0,2,1,2,12,2,0,0,0,0,0,0,2026-08-22T05:28:00.186373+00:00
Liga Mexicana 2026/2027,Atlante FC - CD Toluca,2026-08-15T23:00:00+00:00,finished,4,0-0,Atlante FC,Luis Sánchez,D,0,,0,0,0,,,0,0,0,0,0,0,0,0,0,0,0,0,0,0,0,0,0,0,0,0,0,0,0,0,0,0,0,0,0,0,2026-08-22T05:28:00.186998+00:00
Liga Mexicana 2026/2027,Atlante FC - CD Toluca,2026-08-15T23:00:00+00:00,finished,4,0-0,Atlante FC,Martín Sarrafiore,M,37,6.9,20,0,0,0.1478,0.268279,3,2,1,11,9,1,0,0,0,2,1,1,3,0,1,0,0,0,2,4,1,0,3,0,1,0,0,0,0,0,2026-08-22T05:28:00.186941+00:00
Liga Mexicana 2026/2027,Atlante FC - CD Toluca,2026-08-15T23:00:00+00:00,finished,4,0-0,Atlante FC,Maximiliano García,M,0,,0,0,0,,,0,0,0,0,0,0,0,0,0,0,0,0,0,0,0,0,0,0,0,0,0,0,0,0,0,0,0,0,0,0,2026-08-22T05:28:00.187010+00:00
Liga Mexicana 2026/2027,Atlante FC - CD Toluca,2026-08-15T23:00:00+00:00,finished,4,0-0,Atlante FC,Nicolas Carrera,D,90,7.2,73,0,0,,0.00647306,0,0,1,49,35,6,1,0,0,1,1,10,7,3,2,6,3,4,1,7,0,1,17,0,2,1,0,0,0,0,2026-08-22T05:28:00.186304+00:00
Liga Mexicana 2026/2027,Atlante FC - CD Toluca,2026-08-15T23:00:00+00:00,finished,4,0-0,Atlante FC,Octavio Vázquez,M,53,6.1,40,0,0,,0.0039615,0,0,0,20,14,0,0,0,0,4,1,3,10,0,0,0,0,0,0,2,0,6,18,2,0,0,0,0,0,0,2026-08-22T05:28:00.186924+00:00
Liga Mexicana 2026/2027,Atlante FC - CD Toluca,2026-08-15T23:00:00+00:00,finished,4,0-0,CD Toluca,Oswaldo Virgen,F,0,,0,0,0,,,0,0,0,0,0,0,0,0,0,0,0,0,0,0,0,0,0,0,0,0,0,0,0,0,0,0,0,0,0,0,2026-08-22T05:28:00.186208+00:00
Liga Mexicana 2026/2027,Atlante FC - CD Toluca,2026-08-15T23:00:00+00:00,finished,4,0-0,CD Toluca,Pavel Pérez,M,30,6.4,32,0,0,,0.00766712,0,0,0,25,19,4,2,0,0,4,2,3,5,0,0,0,0,0,0,1,0,2,10,1,0,0,0,0,0,0,2026-08-22T05:28:00.186123+00:00
Liga Mexicana 2026/2027,Atlante FC - CD Toluca,2026-08-15T23:00:00+00:00,finished,4,0-0,CD Toluca,Sebastian Aceves,D,0,,0,0,0,,,0,0,0,0,0,0,0,0,0,0,0,0,0,0,0,0,0,0,0,0,0,0,0,0,0,0,0,0,0,0,2026-08-22T05:28:00.186247+00:00
Liga Mexicana 2026/2027,Atlante FC - CD Toluca,2026-08-15T23:00:00+00:00,finished,4,0-0,CD Toluca,Víctor Guzmán,M,8,6.8,10,0,0,,0.00419317,0,0,0,7,6,1,1,1,0,1,1,2,0,1,0,0,0,1,0,0,0,0,2,0,0,0,0,0,0,0,2026-08-22T05:28:00.186180+00:00
Liga Mexicana 2026/2027,Atlante FC - CD Toluca,2026-08-15T23:00:00+00:00,finished,4,0-0,Atlante FC,Walter Clar,M,61,7.2,27,0,0,,0.00298178,0,0,1,11,9,1,0,1,0,0,0,4,1,1,0,3,1,3,2,1,0,0,7,0,1,0,0,0,0,0,2026-08-22T05:28:00.186386+00:00
Liga Mexicana 2026/2027,Atlante FC - CD Toluca,2026-08-15T23:00:00+00:00,finished,4,0-0,Atlante FC,Walter Portales,D,90,7.5,58,0,0,0.044,0.0269933,2,0,3,34,30,2,1,1,0,3,2,7,4,0,0,5,3,2,0,8,0,1,11,0,0,0,0,0,0,0,2026-08-22T05:28:00.186346+00:00
Liga Mexicana 2026/2027,Atlante FC - CD Toluca,2026-08-15T23:00:00+00:00,finished,4,0-0,CD Toluca,Érick Gutiérrez,M,74,7.1,50,0,0,,0.0350914,0,0,0,42,37,2,1,0,0,0,0,5,3,0,1,4,2,1,0,6,0,1,7,1,1,0,0,0,0,0,2026-08-22T05:28:00.186062+00:00
Liga Mexicana 2026/2027,Atlante FC - CD Toluca,2026-08-15T23:00:00+00:00,finished,4,0-0,Atlante FC,Óscar Jiménez,G,90,6.8,36,0,0,,3.299e-05,0,0,0,28,22,6,0,0,0,0,0,0,0,0,0,0,0,1,0,7,0,0,6,0,0,0,0,2,0,0,2026-08-22T05:28:00.186332+00:00
Liga Mexicana 2026/2027,CF Monterrey - FC Juárez,2026-08-16T01:10:00+00:00,finished,4,6-1,FC Juárez,,,0,,0,0,0,,,0,0,0,0,0,0,0,0,0,0,0,0,0,0,0,0,0,0,0,0,0,0,0,0,0,0,0,0,0,0,2026-08-22T05:27:59.784936+00:00
Liga Mexicana 2026/2027,CF Monterrey - FC Juárez,2026-08-16T01:10:00+00:00,finished,4,6-1,CF Monterrey,Aldo De Nigris,F,27,6.3,8,0,0,0.1251,8.43e-06,2,0,0,1,1,0,0,0,0,0,0,1,2,0,0,1,0,0,0,0,0,1,3,0,1,0,0,0,0,0,2026-08-22T05:27:59.785185+00:00
Liga Mexicana 2026/2027,CF Monterrey - FC Juárez,2026-08-16T01:10:00+00:00,finished,4,6-1,FC Juárez,Alejandro Mayorga,D,70,5.4,37,0,0,,0.0140613,0,0,0,23,20,2,1,2,0,0,0,0,1,0,1,0,0,0,1,4,0,0,8,0,0,0,0,0,5,0,2026-08-22T05:27:59.784760+00:00
Liga Mexicana 2026/2027,CF Monterrey - FC Juárez,2026-08-16T01:10:00+00:00,finished,4,6-1,CF Monterrey,Alonso Aceves,D,37,6.3,21,0,0,,0.00135506,0,0,0,19,17,2,1,0,0,0,0,0,0,0,0,0,0,0,0,0,0,0,2,0,0,0,0,0,1,0,2026-08-22T05:27:59.785156+00:00
Liga Mexicana 2026/2027,CF Monterrey - FC Juárez,2026-08-16T01:10:00+00:00,finished,4,6-1,CF Monterrey,Cesar Garza,M,0,,0,0,0,,,0,0,0,0,0,0,0,0,0,0,0,0,0,0,0,0,0,0,0,0,0,0,0,0,0,0,0,0,0,0,2026-08-22T05:27:59.785245+00:00
Liga Mexicana 2026/2027,CF Monterrey - FC Juárez,2026-08-16T01:10:00+00:00,finished,4,6-1,CF Monterrey,César Ramos,G,0,,0,0,0,,,0,0,0,0,0,0,0,0,0,0,0,0,0,0,0,0,0,0,0,0,0,0,0,0,0,0,0,0,0,0,2026-08-22T05:27:59.785288+00:00
Liga Mexicana 2026/2027,CF Monterrey - FC Juárez,2026-08-16T01:10:00+00:00,finished,4,6-1,FC Juárez,Denzell Garcia,M,90,6.0,44,0,0,,0.00593454,0,0,0,30,23,5,3,0,0,2,0,5,7,0,1,1,0,0,1,4,0,1,11,4,1,0,0,0,6,0,2026-08-22T05:27:59.784715+00:00
Liga Mexicana 2026/2027,CF Monterrey - FC Juárez,2026-08-16T01:10:00+00:00,finished,4,6-1,CF Monterrey,Diego Rossi,F,63,8.2,38,1,2,0.3274,0.108483,4,2,3,26,24,0,0,1,0,1,0,3,2,0,0,3,3,0,0,1,1,1,6,0,0,0,0,0,1,0,2026-08-22T05:27:59.785128+00:00
Liga Mexicana 2026/2027,CF Monterrey - FC Juárez,2026-08-16T01:10:00+00:00,finished,4,6-1,CF Monterrey,Fidel Ambríz,M,0,,0,0,0,,,0,0,0,0,0,0,0,0,0,0,0,0,0,0,0,0,0,0,0,0,0,0,0,0,0,0,0,0,0,0,2026-08-22T05:27:59.785275+00:00
Liga Mexicana 2026/2027,CF Monterrey - FC Juárez,2026-08-16T01:10:00+00:00,finished,4,6-1,FC Juárez,Francisco Nevarez,D,20,6.3,9,0,0,,0.00015767,0,0,0,7,6,2,2,0,0,0,0,0,1,0,0,0,0,0,0,1,0,0,2,0,0,0,0,0,1,0,2026-08-22T05:27:59.784876+00:00
Liga Mexicana 2026/2027,CF Monterrey - FC Juárez,2026-08-16T01:10:00+00:00,finished,4,6-1,CF Monterrey,Gerardo Arteaga,D,90,6.8,58,0,0,0.0402,0.0680107,1,0,2,42,37,1,0,1,1,1,1,4,1,1,1,2,2,0,0,3,1,0,6,0,0,0,0,0,1,0,2026-08-22T05:27:59.784979+00:00
Liga Mexicana 2026/2027,CF Monterrey - FC Juárez,2026-08-16T01:10:00+00:00,finished,4,6-1,FC Juárez,Gilberto Sepúlveda,D,0,,0,0,0,,,0,0,0,0,0,0,0,0,0,0,0,0,0,0,0,0,0,0,0,0,0,0,0,0,0,0,0,0,0,0,2026-08-22T05:27:59.784965+00:00
Liga Mexicana 2026/2027,CF Monterrey - FC Juárez,2026-08-16T01:10:00+00:00,finished,4,6-1,FC Juárez,Guilherme Castilho,M,45,6.1,20,0,0,,3.985e-05,0,0,0,14,8,0,0,0,0,0,0,2,3,1,0,1,1,0,2,1,0,1,8,0,1,0,0,0,4,0,2026-08-22T05:27:59.784804+00:00
Liga Mexicana 2026/2027,CF Monterrey - FC Juárez,2026-08-16T01:10:00+00:00,finished,4,6-1,FC Juárez,Guillermo Ruiz,G,0,,0,0,0,,,0,0,0,0,0,0,0,0,0,0,0,0,0,0,0,0,0,0,0,0,0,0,0,0,0,0,0,0,0,0,2026-08-22T05:27:59.784951+00:00
Liga Mexicana 2026/2027,CF Monterrey - FC Juárez,2026-08-16T01:10:00+00:00,finished,4,6-1,FC Juárez,Haret Ortega,D,90,5.4,57,0,0,,0.00292291,0,0,0,43,37,3,1,0,0,0,0,6,1,1,1,2,2,6,0,1,0,0,6,3,0,0,0,0,6,0,2026-08-22T05:27:59.784697+00:00
Liga Mexicana 2026/2027,CF Monterrey - FC Juárez,2026-08-16T01:10:00+00:00,finished,4,6-1,CF Monterrey,Hugo Cuypers,F,63,7.7,22,1,1,0.7497,0.0594334,6,2,3,14,8,0,0,0,0,0,0,3,3,3,1,0,0,0,0,1,1,0,7,0,2,0,0,0,1,0,2026-08-22T05:27:59.785078+00:00
Liga Mexicana 2026/2027,CF Monterrey - FC Juárez,2026-08-16T01:10:00+00:00,finished,4,6-1,CF Monterrey,Iker Fimbres,M,27,6.6,24,0,0,0.0253,0.00558839,1,0,0,22,20,2,1,0,0,0,0,0,0,0,0,0,0,0,0,0,0,0,2,0,0,0,0,0,0,0,2026-08-22T05:27:59.785171+00:00
Liga Mexicana 2026/2027,CF Monterrey - FC Juárez,2026-08-16T01:10:00+00:00,finished,4,6-1,FC Juárez,Jairo Torres,F,45,6.2,26,0,0,,0.0129655,0,0,0,16,10,2,1,1,0,4,1,2,6,0,0,0,0,0,0,0,0,2,13,1,1,0,0,0,2,0,2026-08-22T05:27:59.784818+00:00
Liga Mexicana 2026/2027,CF Monterrey - FC Juárez,2026-08-16T01:10:00+00:00,finished,4,6-1,FC Juárez,Jan Carmona,M,0,,0,0,0,,,0,0,0,0,0,0,0,0,0,0,0,0,0,0,0,0,0,0,0,0,0,0,0,0,0,0,0,0,0,0,2026-08-22T05:27:59.784906+00:00
Liga Mexicana 2026/2027,CF Monterrey - FC Juárez,2026-08-16T01:10:00+00:00,finished,4,6-1,FC Juárez,Javier Aquino,D,90,5.5,62,0,0,,0.0165073,0,0,0,32,26,5,3,0,0,1,0,6,6,0,2,5,5,1,1,3,0,1,9,1,2,0,0,0,6,0,2026-08-22T05:27:59.784745+00:00
Liga Mexicana 2026/2027,CF Monterrey - FC Juárez,2026-08-16T01:10:00+00:00,finished,4,6-1,CF Monterrey,Jesús Corona,M,19,6.9,19,0,1,0.0358,0.0330711,1,0,1,14,13,2,2,2,1,1,1,1,1,0,0,0,0,0,0,0,1,1,3,0,0,0,0,0,0,0,2026-08-22T05:27:59.785226+00:00
Liga Mexicana 2026/2027,CF Monterrey - FC Juárez,2026-08-16T01:10:00+00:00,finished,4,6-1,FC Juárez,Jesús Murillo,D,90,5.8,46,0,0,0.0434,0.00181287,1,0,0,36,29,5,1,0,0,0,0,2,1,1,1,1,0,5,0,4,0,0,7,0,0,0,0,0,6,0,2026-08-22T05:27:59.784679+00:00
Liga Mexicana 2026/2027,CF Monterrey - FC Juárez,2026-08-16T01:10:00+00:00,finished,4,6-1,CF Monterrey,Jorge Rodríguez,M,53,8.1,68,1,0,0.0267,0.00674441,1,1,0,59,49,13,6,0,0,0,0,2,1,1,1,0,0,4,2,3,0,0,10,1,0,0,0,0,0,0,2026-08-22T05:27:59.785142+00:00
Liga Mexicana 2026/2027,CF Monterrey - FC Juárez,2026-08-16T01:10:00+00:00,finished,4,6-1,FC Juárez,José Luis Rodríguez,M,90,6.5,45,0,1,0.0271,0.269015,1,0,3,19,18,0,0,3,1,3,2,6,7,0,1,2,2,0,3,2,0,4,13,2,0,0,0,0,6,0,2026-08-22T05:27:59.784622+00:00
Liga Mexicana 2026/2027,CF Monterrey - FC Juárez,2026-08-16T01:10:00+00:00,finished,4,6-1,FC Juárez,Juan Sigala,M,0,,0,0,0,,,0,0,0,0,0,0,0,0,0,0,0,0,0,0,0,0,0,0,0,0,0,0,0,0,0,0,0,0,0,0,2026-08-22T05:27:59.784920+00:00
Liga Mexicana 2026/2027,CF Monterrey - FC Juárez,2026-08-16T01:10:00+00:00,finished,4,6-1,CF Monterrey,Luca Orellano,M,90,8.0,63,1,0,0.3693,0.360694,3,2,3,44,36,3,0,5,2,2,0,1,6,0,0,0,0,0,0,3,0,4,18,1,0,0,0,0,1,0,2026-08-22T05:27:59.785053+00:00
Liga Mexicana 2026/2027,CF Monterrey - FC Juárez,2026-08-16T01:10:00+00:00,finished,4,6-1,CF Monterrey,Lucas Ocampos,M,71,7.8,55,1,0,0.4659,0.0837711,5,2,2,30,21,6,4,3,1,4,1,9,6,3,1,4,3,0,0,2,0,2,17,1,0,0,0,0,1,0,2026-08-22T05:27:59.785065+00:00
Liga Mexicana 2026/2027,CF Monterrey - FC Juárez,2026-08-16T01:10:00+00:00,finished,4,6-1,FC Juárez,Luis Carmona,D,0,,0,0,0,,,0,0,0,0,0,0,0,0,0,0,0,0,0,0,0,0,0,0,0,0,0,0,0,0,0,0,0,0,0,0,2026-08-16T05:18:19.189740+00:00
Liga Mexicana 2026/2027,CF Monterrey - FC Juárez,2026-08-16T01:10:00+00:00,finished,4,6-1,CF Monterrey,Luis Cárdenas,G,90,6.3,31,0,0,,0.00036494,0,0,0,31,28,6,3,0,0,0,0,0,0,0,0,0,0,0,0,2,0,0,3,0,0,0,0,0,1,0,2026-08-22T05:27:59.784995+00:00
Liga Mexicana 2026/2027,CF Monterrey - FC Juárez,2026-08-16T01:10:00+00:00,finished,4,6-1,CF Monterrey,Luis Reyes,D,0,,0,0,0,,,0,0,0,0,0,0,0,0,0,0,0,0,0,0,0,0,0,0,0,0,0,0,0,0,0,0,0,0,0,0,2026-08-22T05:27:59.785260+00:00
Liga Mexicana 2026/2027,CF Monterrey - FC Juárez,2026-08-16T01:10:00+00:00,finished,4,6-1,FC Juárez,Madson de Souza Silva,M,34,6.5,14,0,0,,0.0169143,0,0,0,10,7,0,0,0,0,0,0,1,2,1,1,0,0,0,1,3,0,1,6,0,0,0,0,0,2,0,2026-08-22T05:27:59.784862+00:00
Liga Mexicana 2026/2027,CF Monterrey - FC Juárez,2026-08-16T01:10:00+00:00,finished,4,6-1,FC Juárez,Monchu,M,20,6.5,9,0,0,,0.00168007,0,0,1,8,7,0,0,0,0,0,0,1,0,0,0,1,1,0,0,1,0,0,1,0,0,0,0,0,1,0,2026-08-22T05:27:59.784892+00:00
Liga Mexicana 2026/2027,CF Monterrey - FC Juárez,2026-08-16T01:10:00+00:00,finished,4,6-1,CF Monterrey,Orbelín Pineda,M,63,9.1,57,1,1,0.1555,0.0820959,1,1,3,41,37,3,2,0,0,2,1,9,3,1,2,3,3,0,3,7,0,0,6,4,0,0,0,0,1,0,2026-08-22T05:27:59.785090+00:00
Liga Mexicana 2026/2027,CF Monterrey - FC Juárez,2026-08-16T01:10:00+00:00,finished,4,6-1,FC Juárez,Raymundo Fulgencio,M,45,6.0,17,0,0,,0.00185433,0,0,0,9,6,0,0,0,0,1,0,2,4,0,1,2,2,0,0,2,0,1,7,0,0,0,0,0,4,0,2026-08-22T05:27:59.784847+00:00
Liga Mexicana 2026/2027,CF Monterrey - FC Juárez,2026-08-16T01:10:00+00:00,finished,4,6-1,FC Juárez,Ricardinho,M,56,6.3,26,0,0,0.0235,0.0058954,1,0,0,18,15,1,1,0,0,2,0,2,3,1,0,1,0,0,0,2,0,0,7,0,1,0,0,0,4,0,2026-08-22T05:27:59.784789+00:00
Liga Mexicana 2026/2027,CF Monterrey - FC Juárez,2026-08-16T01:10:00+00:00,finished,4,6-1,CF Monterrey,Ricardo Chávez,D,90,7.3,70,0,1,,0.258757,0,0,1,48,40,2,1,4,1,0,0,4,4,1,1,3,3,2,0,5,0,0,12,0,2,0,0,0,1,0,2026-08-22T05:27:59.785010+00:00
Liga Mexicana 2026/2027,CF Monterrey - FC Juárez,2026-08-16T01:10:00+00:00,finished,4,6-1,CF Monterrey,Roberto de la Rosa,F,27,6.4,17,0,0,,0.00279462,0,0,0,12,10,1,0,0,0,1,0,1,3,0,0,1,1,0,0,2,0,1,4,0,1,0,0,0,0,0,2026-08-22T05:27:59.785203+00:00
Liga Mexicana 2026/2027,CF Monterrey - FC Juárez,2026-08-16T01:10:00+00:00,finished,4,6-1,FC Juárez,Rodrigo Dourado,M,45,6.3,23,0,0,,0.00677306,0,0,0,20,18,0,0,0,0,2,0,1,3,0,0,1,1,0,0,2,0,0,4,0,0,0,0,0,2,0,2026-08-22T05:27:59.784833+00:00
Liga Mexicana 2026/2027,CF Monterrey - FC Juárez,2026-08-16T01:10:00+00:00,finished,4,6-1,FC Juárez,Sebastián Jurado,G,90,5.3,39,0,0,,0.00093974,0,0,0,34,23,16,6,0,0,0,0,0,0,0,0,0,0,0,0,4,0,0,11,0,0,0,0,4,6,0,2026-08-22T05:27:59.784730+00:00
Liga Mexicana 2026/2027,CF Monterrey - FC Juárez,2026-08-16T01:10:00+00:00,finished,4,6-1,CF Monterrey,Victor Guzmán,D,90,6.9,77,0,0,0.1195,0.00368415,1,0,0,70,61,6,2,0,0,1,1,7,4,4,1,2,2,3,0,4,0,0,9,0,3,0,0,0,1,0,2026-08-22T05:27:59.785024+00:00
Liga Mexicana 2026/2027,CF Monterrey - FC Juárez,2026-08-16T01:10:00+00:00,finished,4,6-1,CF Monterrey,Óliver Torres,M,90,8.3,80,0,0,0.0562,0.520806,2,0,4,65,59,7,4,1,0,2,2,8,4,0,0,6,3,0,0,9,2,0,9,0,2,0,0,0,1,0,2026-08-22T05:27:59.785040+00:00
Liga Mexicana 2026/2027,CF Monterrey - FC Juárez,2026-08-16T01:10:00+00:00,finished,4,6-1,FC Juárez,Óscar Estupiñán,F,70,7.6,26,1,0,0.2333,0.00857991,1,1,0,17,17,0,0,0,0,0,0,4,7,3,5,1,1,2,0,1,0,1,5,0,1,0,0,0,5,0,2026-08-22T05:27:59.784774+00:00
Liga Mexicana 2026/2027,Atlas FC - Tigres UANL,2026-08-16T03:10:00+00:00,finished,4,2-1,Atlas FC,,,65,6.7,33,0,0,0.0261,0.00518586,1,0,0,19,15,1,1,0,0,2,2,5,3,2,1,0,0,0,0,2,1,1,11,1,1,0,0,0,1,0,2026-08-22T05:27:59.903058+00:00
Liga Mexicana 2026/2027,Atlas FC - Tigres UANL,2026-08-16T03:10:00+00:00,finished,4,2-1,Atlas FC,Adrián Mora,D,0,,0,0,0,,,0,0,0,0,0,0,0,0,0,0,0,0,0,0,0,0,0,0,0,0,0,0,0,0,0,0,0,0,0,0,2026-08-22T05:27:59.905274+00:00
Liga Mexicana 2026/2027,Atlas FC - Tigres UANL,2026-08-16T03:10:00+00:00,finished,4,2-1,Tigres UANL,Alan Javier Franco,D,80,6.4,52,0,0,,0.00772002,0,0,0,40,32,6,4,2,0,1,1,3,5,1,4,0,0,3,1,4,0,0,11,1,1,0,0,0,1,0,2026-08-22T05:27:59.905435+00:00
Liga Mexicana 2026/2027,Atlas FC - Tigres UANL,2026-08-16T03:10:00+00:00,finished,4,2-1,Atlas FC,Antonio Sánchez,G,0,,0,0,0,,,0,0,0,0,0,0,0,0,0,0,0,0,0,0,0,0,0,0,0,0,0,0,0,0,0,0,0,0,0,0,2026-08-22T05:27:59.905262+00:00
Liga Mexicana 2026/2027,Atlas FC - Tigres UANL,2026-08-16T03:10:00+00:00,finished,4,2-1,Tigres UANL,Antonio de María y Campos,F,0,,0,0,0,,,0,0,0,0,0,0,0,0,0,0,0,0,0,0,0,0,0,0,0,0,0,0,0,0,0,0,0,0,0,0,2026-08-22T05:27:59.905522+00:00
Liga Mexicana 2026/2027,Atlas FC - Tigres UANL,2026-08-16T03:10:00+00:00,finished,4,2-1,Atlas FC,Arturo González,F,65,7.4,47,0,1,,0.328101,0,0,2,23,13,4,0,5,2,0,0,9,6,3,1,4,4,3,2,2,0,4,19,2,0,0,0,0,1,0,2026-08-22T05:27:59.903046+00:00
Liga Mexicana 2026/2027,Atlas FC - Tigres UANL,2026-08-16T03:10:00+00:00,finished,4,2-1,Atlas FC,Camilo Vargas,G,90,7.8,38,0,0,,0.00052321,0,0,0,29,19,16,6,0,0,0,0,0,0,0,0,0,0,0,0,3,0,0,11,0,0,0,0,6,1,0,2026-08-22T05:27:59.902977+00:00
Liga Mexicana 2026/2027,Atlas FC - Tigres UANL,2026-08-16T03:10:00+00:00,finished,4,2-1,Tigres UANL,Carlos Rodríguez,G,0,,0,0,0,,,0,0,0,0,0,0,0,0,0,0,0,0,0,0,0,0,0,0,0,0,0,0,0,0,0,0,0,0,0,0,2026-08-22T05:27:59.905545+00:00
Liga Mexicana 2026/2027,Atlas FC - Tigres UANL,2026-08-16T03:10:00+00:00,finished,4,2-1,Tigres UANL,Diego Lainez,M,89,6.8,53,0,0,0.0294,0.318185,2,0,3,32,28,1,1,9,2,2,1,6,2,0,0,3,3,0,0,4,2,0,13,2,0,0,0,0,2,0,2026-08-22T05:27:59.905408+00:00
Liga Mexicana 2026/2027,Atlas FC - Tigres UANL,2026-08-16T03:10:00+00:00,finished,4,2-1,Tigres UANL,Diego Ramirez,F,11,6.5,3,0,0,0.2139,0.00722261,1,0,0,1,1,0,0,0,0,1,0,0,3,0,2,0,0,0,0,0,1,0,1,0,0,0,0,0,0,0,2026-08-22T05:27:59.905461+00:00
Liga Mexicana 2026/2027,Atlas FC - Tigres UANL,2026-08-16T03:10:00+00:00,finished,4,2-1,Tigres UANL,Diego Sánchez,F,90,7.1,56,0,0,0.113,0.252933,3,0,3,34,29,0,0,4,2,2,0,6,4,0,0,1,1,1,1,4,1,1,12,5,1,0,0,0,2,0,2026-08-22T05:27:59.905311+00:00
Liga Mexicana 2026/2027,Atlas FC - Tigres UANL,2026-08-16T03:10:00+00:00,finished,4,2-1,Atlas FC,Duk,F,71,6.0,31,0,0,0.2175,0.007147,2,1,0,15,12,2,1,0,0,1,0,1,6,0,1,1,0,3,1,4,0,2,12,0,2,0,0,0,1,0,2026-08-22T05:27:59.903018+00:00
Liga Mexicana 2026/2027,Atlas FC - Tigres UANL,2026-08-16T03:10:00+00:00,finished,4,2-1,Atlas FC,Edgar Zaldívar,M,90,7.3,43,0,1,,0.258726,0,0,2,32,26,2,2,0,0,0,0,2,2,1,2,1,1,5,0,2,0,0,7,0,0,0,0,0,1,0,2026-08-22T05:27:59.902901+00:00
Liga Mexicana 2026/2027,Atlas FC - Tigres UANL,2026-08-16T03:10:00+00:00,finished,4,2-1,Tigres UANL,Fernando Gorriarán,M,90,6.3,78,0,0,0.0534,0.0652009,2,0,2,54,44,1,0,4,0,1,0,6,6,2,2,3,2,0,0,3,0,2,21,1,2,0,0,0,2,0,2026-08-22T05:27:59.905367+00:00
Liga Mexicana 2026/2027,Atlas FC - Tigres UANL,2026-08-16T03:10:00+00:00,finished,4,2-1,Tigres UANL,Fernando Ordoñez,D,0,,0,0,0,,,0,0,0,0,0,0,0,0,0,0,0,0,0,0,0,0,0,0,0,0,0,0,0,0,0,0,0,0,0,0,2026-08-22T05:27:59.905557+00:00
Liga Mexicana 2026/2027,Atlas FC - Tigres UANL,2026-08-16T03:10:00+00:00,finished,4,2-1,Atlas FC,Florián Monzón,F,90,6.5,32,0,0,,0.00891479,0,0,0,19,11,1,0,2,0,1,1,7,8,6,5,0,0,2,0,4,0,2,15,0,1,0,0,0,1,0,2026-08-17T05:28:34.012868+00:00
Liga Mexicana 2026/2027,Atlas FC - Tigres UANL,2026-08-16T03:10:00+00:00,finished,4,2-1,Tigres UANL,Francisco Reyes,D,80,6.4,55,0,0,,0.0376317,0,0,2,38,29,4,3,3,1,1,1,4,4,1,3,2,2,1,2,1,0,1,14,0,1,0,0,0,1,0,2026-08-22T05:27:59.905447+00:00
Liga Mexicana 2026/2027,Atlas FC - Tigres UANL,2026-08-16T03:10:00+00:00,finished,4,2-1,Atlas FC,Gaddi Aguirre,D,19,7.2,6,0,0,,0.00112701,0,0,0,1,1,0,0,0,0,0,0,2,0,1,0,1,0,2,0,0,0,0,0,0,0,0,0,0,0,0,2026-08-22T05:27:59.905206+00:00
Liga Mexicana 2026/2027,Atlas FC - Tigres UANL,2026-08-16T03:10:00+00:00,finished,4,2-1,Atlas FC,Gustavo Ferrareis,D,90,6.5,65,0,0,0.0492,0.149346,2,0,1,31,27,1,1,2,0,1,0,3,9,1,1,2,2,5,0,5,0,2,10,1,5,0,0,0,1,0,2026-08-22T05:27:59.902949+00:00
Liga Mexicana 2026/2027,Atlas FC - Tigres UANL,2026-08-16T03:10:00+00:00,finished,4,2-1,Tigres UANL,Henrique Simeone Koifman,M,0,,0,0,0,,,0,0,0,0,0,0,0,0,0,0,0,0,0,0,0,0,0,0,0,0,0,0,0,0,0,0,0,0,0,0,2026-08-22T05:27:59.905569+00:00
Liga Mexicana 2026/2027,Atlas FC - Tigres UANL,2026-08-16T03:10:00+00:00,finished,4,2-1,Tigres UANL,Isac Galván,M,9,6.6,6,0,0,0.0462,0.0301145,1,0,1,2,2,0,0,1,1,1,1,2,2,1,2,0,0,0,0,0,0,0,1,0,0,0,0,0,0,0,2026-08-22T05:27:59.905498+00:00
Liga Mexicana 2026/2027,Atlas FC - Tigres UANL,2026-08-16T03:10:00+00:00,finished,4,2-1,Tigres UANL,Jesus Garza,D,90,5.8,71,0,0,0.078,0.0172177,1,0,0,36,26,2,0,3,0,1,0,3,7,1,2,1,0,4,1,10,1,1,18,1,2,1,0,0,2,0,2026-08-22T05:27:59.905352+00:00
Liga Mexicana 2026/2027,Atlas FC - Tigres UANL,2026-08-16T03:10:00+00:00,finished,4,2-1,Atlas FC,Jesús Serrato,M,0,,0,0,0,,,0,0,0,0,0,0,0,0,0,0,0,0,0,0,0,0,0,0,0,0,0,0,0,0,0,0,0,0,0,0,2026-08-22T05:27:59.905227+00:00
Liga Mexicana 2026/2027,Atlas FC - Tigres UANL,2026-08-16T03:10:00+00:00,finished,4,2-1,Tigres UANL,Joaquim,D,88,6.3,37,0,0,0.0159,0.00317482,1,1,0,25,19,7,2,0,0,0,0,5,3,3,2,2,1,3,1,3,0,0,6,0,1,0,0,0,2,0,2026-08-22T05:27:59.905422+00:00
Liga Mexicana 2026/2027,Atlas FC - Tigres UANL,2026-08-16T03:10:00+00:00,finished,4,2-1,Atlas FC,Jorge Rodríguez,D,25,6.8,6,0,0,,0.00020426,0,0,0,3,3,0,0,0,0,0,0,0,1,0,0,0,0,0,0,0,0,0,1,0,0,0,0,0,0,0,2026-08-22T05:27:59.905174+00:00
Liga Mexicana 2026/2027,Atlas FC - Tigres UANL,2026-08-16T03:10:00+00:00,finished,4,2-1,Atlas FC,Jose Lozano,D,0,,0,0,0,,,0,0,0,0,0,0,0,0,0,0,0,0,0,0,0,0,0,0,0,0,0,0,0,0,0,0,0,0,0,0,2026-08-22T05:27:59.905285+00:00
Liga Mexicana 2026/2027,Atlas FC - Tigres UANL,2026-08-16T03:10:00+00:00,finished,4,2-1,Atlas FC,Jose Martin,F,65,6.7,33,0,0,0.0261,0.00518586,1,0,0,19,15,1,1,0,0,2,2,5,3,2,1,0,0,0,0,2,1,1,11,1,1,0,0,0,1,0,2026-08-17T05:28:34.012986+00:00
Liga Mexicana 2026/2027,Atlas FC - Tigres UANL,2026-08-16T03:10:00+00:00,finished,4,2-1,Tigres UANL,Juan Brunetta,M,90,8.2,74,1,0,1.2743,0.24103,9,5,2,48,39,7,5,8,3,0,0,3,1,0,0,0,0,0,0,1,2,1,17,3,0,0,0,0,2,0,2026-08-22T05:27:59.905395+00:00
Liga Mexicana 2026/2027,Atlas FC - Tigres UANL,2026-08-16T03:10:00+00:00,finished,4,2-1,Atlas FC,Juan José Purata,D,70,6.2,56,0,0,,0.00848709,0,0,0,41,35,6,2,0,0,0,0,4,5,1,0,1,0,3,0,7,0,0,8,2,5,0,1,0,1,0,2026-08-22T05:27:59.903032+00:00
Liga Mexicana 2026/2027,Atlas FC - Tigres UANL,2026-08-16T03:10:00+00:00,finished,4,2-1,Tigres UANL,Juan Vigón,M,10,6.5,14,0,0,0.58,0.0623421,2,1,1,7,7,0,0,1,0,1,0,0,2,0,0,0,0,0,0,0,1,0,3,0,1,0,0,0,1,0,2026-08-22T05:27:59.905485+00:00
Liga Mexicana 2026/2027,Atlas FC - Tigres UANL,2026-08-16T03:10:00+00:00,finished,4,2-1,Atlas FC,Luis Gamboa,F,0,,0,0,0,,,0,0,0,0,0,0,0,0,0,0,0,0,0,0,0,0,0,0,0,0,0,0,0,0,0,0,0,0,0,0,2026-08-22T05:27:59.905248+00:00
Liga Mexicana 2026/2027,Atlas FC - Tigres UANL,2026-08-16T03:10:00+00:00,finished,4,2-1,Atlas FC,Luís Esteves,M,25,7.8,14,1,0,0.0352,0.00354948,2,1,0,7,6,1,1,1,0,0,0,3,1,1,0,1,0,0,0,2,0,0,3,1,0,0,0,0,0,0,2026-08-22T05:27:59.903096+00:00
Liga Mexicana 2026/2027,Atlas FC - Tigres UANL,2026-08-16T03:10:00+00:00,finished,4,2-1,Atlas FC,Manuel Capasso,D,90,7.9,56,1,0,0.3304,0.00130627,1,1,0,36,28,9,2,0,0,0,0,6,1,4,1,2,0,12,2,0,0,0,9,0,1,1,0,0,1,0,2026-08-22T05:27:59.902991+00:00
Liga Mexicana 2026/2027,Atlas FC - Tigres UANL,2026-08-16T03:10:00+00:00,finished,4,2-1,Tigres UANL,Mauro Laínez,M,0,,0,0,0,,,0,0,0,0,0,0,0,0,0,0,0,0,0,0,0,0,0,0,0,0,0,0,0,0,0,0,0,0,0,0,2026-08-22T05:27:59.905510+00:00
Liga Mexicana 2026/2027,Atlas FC - Tigres UANL,2026-08-16T03:10:00+00:00,finished,4,2-1,Tigres UANL,Nahuel Guzmán,G,90,5.7,13,0,0,,0.00016073,0,0,0,10,9,4,3,0,0,0,0,0,0,0,0,0,0,1,0,2,0,0,1,0,0,0,0,1,2,0,2026-08-22T05:27:59.905338+00:00
Liga Mexicana 2026/2027,Atlas FC - Tigres UANL,2026-08-16T03:10:00+00:00,finished,4,2-1,Atlas FC,Paulo Ramírez,M,45,7.3,33,0,0,,0.0259697,0,0,0,26,20,3,2,0,0,0,0,5,0,4,0,1,1,2,0,1,0,0,8,0,0,0,0,0,0,0,2026-08-22T05:27:59.903071+00:00
Liga Mexicana 2026/2027,Atlas FC - Tigres UANL,2026-08-16T03:10:00+00:00,finished,4,2-1,Tigres UANL,Rafael Guerrero,D,0,,0,0,0,,,0,0,0,0,0,0,0,0,0,0,0,0,0,0,0,0,0,0,0,0,0,0,0,0,0,0,0,0,0,0,2026-08-22T05:27:59.905534+00:00
Liga Mexicana 2026/2027,Atlas FC - Tigres UANL,2026-08-16T03:10:00+00:00,finished,4,2-1,Tigres UANL,Rodrigo Aguirre,F,90,6.4,26,0,1,0.1454,0.0170989,2,0,1,10,6,0,0,0,0,3,0,4,6,3,1,1,1,0,0,2,1,1,14,0,1,0,0,0,2,0,2026-08-22T05:27:59.905325+00:00
Liga Mexicana 2026/2027,Atlas FC - Tigres UANL,2026-08-16T03:10:00+00:00,finished,4,2-1,Atlas FC,Rodrigo Schlegel,D,90,7.0,52,0,0,,0.00294536,0,0,0,32,28,3,1,0,0,0,0,6,4,2,3,3,2,11,0,1,0,1,5,1,0,0,0,0,1,0,2026-08-22T05:27:59.903004+00:00
Liga Mexicana 2026/2027,Atlas FC - Tigres UANL,2026-08-16T03:10:00+00:00,finished,4,2-1,Tigres UANL,Rômulo Zwarg,D,90,6.5,53,0,0,0.0899,0.0195912,1,0,3,40,34,0,0,0,0,0,0,6,5,4,5,2,2,6,2,0,0,0,6,0,1,0,0,0,2,0,2026-08-22T05:27:59.905381+00:00
Liga Mexicana 2026/2027,Atlas FC - Tigres UANL,2026-08-16T03:10:00+00:00,finished,4,2-1,Atlas FC,Sergio Hernandez,M,0,,0,0,0,,,0,0,0,0,0,0,0,0,0,0,0,0,0,0,0,0,0,0,0,0,0,0,0,0,0,0,0,0,0,0,2026-08-22T05:27:59.905298+00:00
Liga Mexicana 2026/2027,Atlas FC - Tigres UANL,2026-08-16T03:10:00+00:00,finished,4,2-1,Atlas FC,Victor Rios,M,45,6.2,35,0,0,,0.00600701,0,0,0,28,22,1,0,0,0,0,0,0,2,0,1,0,0,1,2,2,0,1,7,0,0,1,0,0,1,0,2026-08-22T05:27:59.903084+00:00
Liga Mexicana 2026/2027,Atlas FC - Tigres UANL,2026-08-16T03:10:00+00:00,finished,4,2-1,Tigres UANL,Vladimir Loroña,D,10,6.2,7,0,0,,0.0005018,0,0,0,6,4,2,0,0,0,0,0,0,0,0,0,0,0,0,0,2,0,0,2,0,0,0,0,0,1,0,2026-08-22T05:27:59.905473+00:00
Liga Mexicana 2026/2027,Pumas UNAM - Querétaro FC,2026-08-16T18:00:00+00:00,finished,4,0-0,Querétaro FC,,,58,6.4,13,0,0,0.0328,0.00080676,1,0,0,6,6,0,0,0,0,0,0,0,3,0,1,0,0,2,0,0,0,2,3,0,0,0,0,0,0,0,2026-08-21T05:17:58.788404+00:00
Liga Mexicana 2026/2027,Pumas UNAM - Querétaro FC,2026-08-16T18:00:00+00:00,finished,4,0-0,Pumas UNAM,Adalberto Carrasquilla,M,89,6.9,65,0,0,0.0814,0.0248552,3,2,0,37,23,4,2,8,1,6,3,10,7,5,0,0,0,0,0,3,0,1,29,2,1,0,0,0,0,0,2026-08-22T05:28:00.255431+00:00
Liga Mexicana 2026/2027,Pumas UNAM - Querétaro FC,2026-08-16T18:00:00+00:00,finished,4,0-0,Pumas UNAM,Alan Medina,M,20,7.1,13,0,0,,0.071591,0,0,2,8,7,0,0,1,1,2,2,3,1,0,1,0,0,0,0,2,0,0,1,1,0,0,0,0,0,0,2026-08-22T05:28:00.255510+00:00
Liga Mexicana 2026/2027,Pumas UNAM - Querétaro FC,2026-08-16T18:00:00+00:00,finished,4,0-0,Querétaro FC,Alejandro Alcala,M,58,6.4,13,0,0,0.0328,0.00080676,1,0,0,6,6,0,0,0,0,0,0,0,3,0,1,0,0,2,0,0,0,2,3,0,0,0,0,0,0,0,2026-08-22T05:28:00.254880+00:00
Liga Mexicana 2026/2027,Pumas UNAM - Querétaro FC,2026-08-16T18:00:00+00:00,finished,4,0-0,Querétaro FC,Ali Ávila,F,90,6.5,24,0,0,0.128,0.0316371,1,1,1,9,7,0,0,1,1,4,0,4,8,2,3,1,1,2,0,1,0,0,7,1,2,0,0,0,0,0,2026-08-22T05:28:00.254744+00:00
Liga Mexicana 2026/2027,Pumas UNAM - Querétaro FC,2026-08-16T18:00:00+00:00,finished,4,0-0,Pumas UNAM,Angel Azuaje,D,0,,0,0,0,,,0,0,0,0,0,0,0,0,0,0,0,0,0,0,0,0,0,0,0,0,0,0,0,0,0,0,0,0,0,0,2026-08-22T05:28:00.255589+00:00
Liga Mexicana 2026/2027,Pumas UNAM - Querétaro FC,2026-08-16T18:00:00+00:00,finished,4,0-0,Pumas UNAM,Antonio Leone,D,83,7.3,92,0,0,,0.0879219,0,0,1,68,56,14,7,1,1,0,0,5,4,3,2,2,1,2,1,8,0,1,21,0,1,0,0,0,0,0,2026-08-22T05:28:00.255458+00:00
Liga Mexicana 2026/2027,Pumas UNAM - Querétaro FC,2026-08-16T18:00:00+00:00,finished,4,0-0,Querétaro FC,Bayron Duarte,D,82,6.6,33,0,0,,0.0025541,0,0,0,24,17,2,1,3,0,0,0,1,1,0,0,0,0,1,0,1,0,0,12,1,0,0,0,0,0,0,2026-08-22T05:28:00.254852+00:00
Liga Mexicana 2026/2027,Pumas UNAM - Querétaro FC,2026-08-16T18:00:00+00:00,finished,4,0-0,Querétaro FC,Bernardo Parra,M,8,6.8,2,0,0,,0.0139161,0,0,1,2,2,1,1,0,0,0,0,0,0,0,0,0,0,0,0,0,0,0,0,0,0,0,0,0,0,0,2026-08-22T05:28:00.254923+00:00
Liga Mexicana 2026/2027,Pumas UNAM - Querétaro FC,2026-08-16T18:00:00+00:00,finished,4,0-0,Querétaro FC,Carlo Adriano García,M,82,6.8,39,0,0,,0.00846734,0,0,0,31,28,1,0,0,0,1,1,2,1,0,0,1,0,2,2,6,0,0,4,0,0,1,0,0,0,0,2026-08-22T05:28:00.254837+00:00
Liga Mexicana 2026/2027,Pumas UNAM - Querétaro FC,2026-08-16T18:00:00+00:00,finished,4,0-0,Pumas UNAM,Cristian Calderón,D,14,6.7,7,0,0,,0.00015911,0,0,0,2,1,2,1,0,0,0,0,0,0,0,0,0,0,0,0,0,0,0,2,0,0,0,0,0,0,0,2026-08-22T05:28:00.255523+00:00
Liga Mexicana 2026/2027,Pumas UNAM - Querétaro FC,2026-08-16T18:00:00+00:00,finished,4,0-0,Querétaro FC,Daniel Parra,D,90,7.1,57,0,0,,0.010828,0,0,0,24,19,1,0,2,0,0,0,5,2,0,0,3,2,4,1,5,0,0,13,2,1,0,0,0,0,0,2026-08-22T05:28:00.254777+00:00
Liga Mexicana 2026/2027,Pumas UNAM - Querétaro FC,2026-08-16T18:00:00+00:00,finished,4,0-0,Querétaro FC,Diego Reyes,D,90,6.9,37,0,0,,0.00493215,0,0,0,20,14,6,2,0,0,0,0,2,3,0,3,2,2,9,2,3,0,0,7,0,0,0,0,0,0,0,2026-08-22T05:28:00.254792+00:00
Liga Mexicana 2026/2027,Pumas UNAM - Querétaro FC,2026-08-16T18:00:00+00:00,finished,4,0-0,Querétaro FC,Eduardo Perez,F,0,,0,0,0,,,0,0,0,0,0,0,0,0,0,0,0,0,0,0,0,0,0,0,0,0,0,0,0,0,0,0,0,0,0,0,2026-08-22T05:28:00.254952+00:00
Liga Mexicana 2026/2027,Pumas UNAM - Querétaro FC,2026-08-16T18:00:00+00:00,finished,4,0-0,Querétaro FC,Enzo Giménez,M,90,6.4,37,0,0,0.227,0.0337856,1,0,0,20,16,2,0,1,0,2,1,6,9,2,4,1,1,0,1,3,0,2,10,2,1,0,0,0,0,0,2026-08-22T05:28:00.254687+00:00
Liga Mexicana 2026/2027,Pumas UNAM - Querétaro FC,2026-08-16T18:00:00+00:00,finished,4,0-0,Querétaro FC,Erik Dueñas,M,32,6.5,11,0,0,0.0688,0.014026,1,0,0,3,3,0,0,0,0,1,0,1,3,0,1,0,0,0,0,1,0,1,3,1,0,0,0,0,0,0,2026-08-22T05:28:00.254893+00:00
Liga Mexicana 2026/2027,Pumas UNAM - Querétaro FC,2026-08-16T18:00:00+00:00,finished,4,0-0,Querétaro FC,Guillermo Allison,G,90,7.9,38,0,0,,0.00113373,0,0,0,29,19,18,8,0,0,0,0,0,0,0,0,0,0,1,0,10,0,0,10,0,0,0,0,4,0,1,2026-08-22T05:28:00.254761+00:00
Liga Mexicana 2026/2027,Pumas UNAM - Querétaro FC,2026-08-16T18:00:00+00:00,finished,4,0-0,Pumas UNAM,Guillermo Martínez,F,14,6.5,4,0,0,0.0913,3.99e-06,1,1,0,1,1,0,0,0,0,0,0,2,2,1,0,1,0,0,0,0,0,1,1,0,1,0,0,0,0,0,2026-08-22T05:28:00.255536+00:00
Liga Mexicana 2026/2027,Pumas UNAM - Querétaro FC,2026-08-16T18:00:00+00:00,finished,4,0-0,Querétaro FC,Jean Unjanque,M,8,6.6,5,0,0,,0.00417764,0,0,0,1,1,0,0,1,1,0,0,0,0,0,0,0,0,0,1,1,0,0,1,0,1,1,0,0,0,0,2026-08-22T05:28:00.254938+00:00
Liga Mexicana 2026/2027,Pumas UNAM - Querétaro FC,2026-08-16T18:00:00+00:00,finished,4,0-0,Querétaro FC,Jesús Arellano Camacho,M,0,,0,0,0,,,0,0,0,0,0,0,0,0,0,0,0,0,0,0,0,0,0,0,0,0,0,0,0,0,0,0,0,0,0,0,2026-08-22T05:28:00.255021+00:00
Liga Mexicana 2026/2027,Pumas UNAM - Querétaro FC,2026-08-16T18:00:00+00:00,finished,4,0-0,Querétaro FC,José Hernández,G,0,,0,0,0,,,0,0,0,0,0,0,0,0,0,0,0,0,0,0,0,0,0,0,0,0,0,0,0,0,0,0,0,0,0,0,2026-08-22T05:28:00.254966+00:00
Liga Mexicana 2026/2027,Pumas UNAM - Querétaro FC,2026-08-16T18:00:00+00:00,finished,4,0-0,Querétaro FC,Juan Pablo Cázares,F,0,,0,0,0,,,0,0,0,0,0,0,0,0,0,0,0,0,0,0,0,0,0,0,0,0,0,0,0,0,0,0,0,0,0,0,2026-08-22T05:28:00.255008+00:00
Liga Mexicana 2026/2027,Pumas UNAM - Querétaro FC,2026-08-16T18:00:00+00:00,finished,4,0-0,Pumas UNAM,Juninho,F,70,6.5,20,0,0,0.0998,0.0527272,2,0,1,13,11,1,0,0,0,1,0,2,1,1,0,1,1,0,0,5,0,0,5,0,0,0,0,0,0,0,2026-08-22T05:28:00.255471+00:00
Liga Mexicana 2026/2027,Pumas UNAM - Querétaro FC,2026-08-16T18:00:00+00:00,finished,4,0-0,Pumas UNAM,Keylor Navas,G,90,7.3,48,0,0,,7.507e-05,0,0,0,42,32,12,2,0,0,0,0,0,0,0,0,0,0,0,0,4,0,0,10,0,0,0,0,3,0,0,2026-08-22T05:28:00.255035+00:00
Liga Mexicana 2026/2027,Pumas UNAM - Querétaro FC,2026-08-16T18:00:00+00:00,finished,4,0-0,Pumas UNAM,Kléber Carranza,D,0,,0,0,0,,,0,0,0,0,0,0,0,0,0,0,0,0,0,0,0,0,0,0,0,0,0,0,0,0,0,0,0,0,0,0,2026-08-22T05:28:00.255629+00:00
Liga Mexicana 2026/2027,Pumas UNAM - Querétaro FC,2026-08-16T18:00:00+00:00,finished,4,0-0,Querétaro FC,Lucas Abascia,D,90,7.2,50,0,0,,0.0023464,0,0,1,28,15,7,1,0,0,0,0,5,2,3,1,1,1,14,2,6,0,0,13,1,0,0,0,0,0,0,2026-08-22T05:28:00.254807+00:00
Liga Mexicana 2026/2027,Pumas UNAM - Querétaro FC,2026-08-16T18:00:00+00:00,finished,4,0-0,Pumas UNAM,Luciano Herrera,M,27,6.6,9,0,0,0.0563,0.0813157,1,0,1,3,1,0,0,2,1,0,0,2,1,0,1,0,0,0,0,1,1,0,3,2,0,0,0,0,0,0,2026-08-22T05:28:00.255497+00:00
Liga Mexicana 2026/2027,Pumas UNAM - Querétaro FC,2026-08-16T18:00:00+00:00,finished,4,0-0,Querétaro FC,Mono Martínez,M,0,,0,0,0,,,0,0,0,0,0,0,0,0,0,0,0,0,0,0,0,0,0,0,0,0,0,0,0,0,0,0,0,0,0,0,2026-08-22T05:28:00.254995+00:00
Liga Mexicana 2026/2027,Pumas UNAM - Querétaro FC,2026-08-16T18:00:00+00:00,finished,4,0-0,Pumas UNAM,Nathan Silva,D,90,7.1,85,0,0,,0.0115102,0,0,0,75,69,3,1,0,0,0,0,3,3,2,1,1,1,8,0,1,0,0,6,0,2,1,0,0,0,0,2026-08-22T05:28:00.255051+00:00
Liga Mexicana 2026/2027,Pumas UNAM - Querétaro FC,2026-08-16T18:00:00+00:00,finished,4,0-0,Pumas UNAM,Pablo Bennevendo,D,0,,0,0,0,,,0,0,0,0,0,0,0,0,0,0,0,0,0,0,0,0,0,0,0,0,0,0,0,0,0,0,0,0,0,0,2026-08-22T05:28:00.255563+00:00
Liga Mexicana 2026/2027,Pumas UNAM - Querétaro FC,2026-08-16T18:00:00+00:00,finished,4,0-0,Pumas UNAM,Pablo Lara,G,0,,0,0,0,,,0,0,0,0,0,0,0,0,0,0,0,0,0,0,0,0,0,0,0,0,0,0,0,0,0,0,0,0,0,0,2026-08-22T05:28:00.255602+00:00
Liga Mexicana 2026/2027,Pumas UNAM - Querétaro FC,2026-08-16T18:00:00+00:00,finished,4,0-0,Querétaro FC,Paulo Victor,D,59,6.6,24,0,0,0.0531,0.138849,1,0,2,15,10,2,1,2,1,0,0,3,5,1,3,0,0,1,0,3,0,0,8,2,1,1,0,0,0,0,2026-08-22T05:28:00.254866+00:00
Liga Mexicana 2026/2027,Pumas UNAM - Querétaro FC,2026-08-16T18:00:00+00:00,finished,4,0-0,Pumas UNAM,Pedro Vite,M,70,6.7,40,0,0,,0.00932132,0,0,0,31,29,2,1,0,0,0,0,2,2,1,0,1,0,0,2,4,0,0,6,0,2,0,0,0,0,0,2026-08-22T05:28:00.255484+00:00
Liga Mexicana 2026/2027,Pumas UNAM - Querétaro FC,2026-08-16T18:00:00+00:00,finished,4,0-0,Pumas UNAM,Robert Morales,F,90,6.2,27,0,0,0.1034,0.0168823,3,1,0,18,12,1,0,0,0,0,0,2,7,2,5,0,0,1,0,1,1,1,9,0,1,0,0,0,0,0,2026-08-22T05:28:00.255411+00:00
Liga Mexicana 2026/2027,Pumas UNAM - Querétaro FC,2026-08-16T18:00:00+00:00,finished,4,0-0,Pumas UNAM,Rodrigo Lopez,D,90,7.0,65,0,0,,0.03863,0,0,2,38,32,5,3,5,1,5,3,4,4,0,0,1,0,2,1,2,0,0,16,0,2,0,0,0,0,0,2026-08-22T05:28:00.255079+00:00
Liga Mexicana 2026/2027,Pumas UNAM - Querétaro FC,2026-08-16T18:00:00+00:00,finished,4,0-0,Pumas UNAM,Rubén Duarte,D,90,8.0,78,0,0,,0.0470398,0,0,0,69,60,13,7,0,0,0,0,4,1,1,1,2,0,2,1,4,0,0,10,1,0,0,0,0,0,0,2026-08-22T05:28:00.255066+00:00
Liga Mexicana 2026/2027,Pumas UNAM - Querétaro FC,2026-08-16T18:00:00+00:00,finished,4,0-0,Querétaro FC,Santiago Homenchenko,M,90,6.4,58,0,0,0.0351,0.0112915,2,1,0,33,21,7,0,1,0,0,0,6,9,3,3,2,2,7,3,3,0,1,18,1,4,0,0,0,0,0,2026-08-22T05:28:00.254823+00:00
Liga Mexicana 2026/2027,Pumas UNAM - Querétaro FC,2026-08-16T18:00:00+00:00,finished,4,0-0,Pumas UNAM,Santiago Trigos,M,1,,6,0,0,,0.0017796,0,0,0,4,3,0,0,0,0,0,0,1,0,0,0,1,1,0,0,0,0,0,2,0,0,0,0,0,0,0,2026-08-22T05:28:00.255550+00:00
Liga Mexicana 2026/2027,Pumas UNAM - Querétaro FC,2026-08-16T18:00:00+00:00,finished,4,0-0,Querétaro FC,Sergio Garcia,M,0,,0,0,0,,,0,0,0,0,0,0,0,0,0,0,0,0,0,0,0,0,0,0,0,0,0,0,0,0,0,0,0,0,0,0,2026-08-22T05:28:00.254981+00:00
Liga Mexicana 2026/2027,Pumas UNAM - Querétaro FC,2026-08-16T18:00:00+00:00,finished,4,0-0,Pumas UNAM,Stanley García,M,0,,0,0,0,,,0,0,0,0,0,0,0,0,0,0,0,0,0,0,0,0,0,0,0,0,0,0,0,0,0,0,0,0,0,0,2026-08-22T05:28:00.255615+00:00
Liga Mexicana 2026/2027,Pumas UNAM - Querétaro FC,2026-08-16T18:00:00+00:00,finished,4,0-0,Pumas UNAM,Uriel Antuna,F,83,6.7,48,0,0,0.1921,0.0162959,3,0,0,25,22,1,0,5,0,2,1,3,2,1,0,1,0,1,0,1,0,0,12,0,1,0,0,0,0,0,2026-08-22T05:28:00.255444+00:00
Liga Mexicana 2026/2027,Pumas UNAM - Querétaro FC,2026-08-16T18:00:00+00:00,finished,4,0-0,Pumas UNAM,Victor Arteaga,M,90,7.7,65,0,0,0.0547,0.22157,2,0,3,53,42,10,7,2,0,0,0,6,1,3,0,2,1,0,1,4,0,0,16,1,1,0,0,0,0,0,2026-08-22T05:28:00.255093+00:00
Liga Mexicana 2026/2027,Pumas UNAM - Querétaro FC,2026-08-16T18:00:00+00:00,finished,4,0-0,Querétaro FC,Waldo Madrid,M,31,6.7,20,0,0,0.0747,0.0359576,1,1,1,9,6,1,1,1,0,1,0,1,3,0,1,0,0,0,1,1,0,0,8,1,0,0,0,0,0,0,2026-08-22T05:28:00.254909+00:00
Liga Mexicana 2026/2027,Club América - Atlético San Luis,2026-08-16T23:00:00+00:00,finished,4,3-0,Club América,,,61,6.6,40,0,0,0.0194,0.00984579,1,0,1,32,30,2,2,0,0,1,1,2,4,0,0,0,0,0,0,3,0,2,4,1,2,1,0,0,0,0,2026-08-22T05:28:00.007242+00:00
Liga Mexicana 2026/2027,Club América - Atlético San Luis,2026-08-16T23:00:00+00:00,finished,4,3-0,Club América,Alan Cervantes,M,90,7.2,71,0,0,,0.0391044,0,0,3,67,65,6,6,0,0,1,0,2,4,1,1,1,1,0,0,6,0,1,4,0,1,0,0,0,0,0,2026-08-22T05:28:00.007022+00:00
Liga Mexicana 2026/2027,Club América - Atlético San Luis,2026-08-16T23:00:00+00:00,finished,4,3-0,Atlético San Luis,Aldo Cruz,D,36,6.7,33,0,0,,0.00307587,0,0,0,21,16,2,0,0,0,0,0,3,0,2,0,1,1,2,1,1,0,0,6,0,0,0,0,0,1,0,2026-08-22T05:28:00.007553+00:00
Liga Mexicana 2026/2027,Club América - Atlético San Luis,2026-08-16T23:00:00+00:00,finished,4,3-0,Club América,Alejandro Cardenas,F,0,,0,0,0,,,0,0,0,0,0,0,0,0,0,0,0,0,0,0,0,0,0,0,0,0,0,0,0,0,0,0,0,0,0,0,2026-08-22T05:28:00.007326+00:00
Liga Mexicana 2026/2027,Club América - Atlético San Luis,2026-08-16T23:00:00+00:00,finished,4,3-0,Club América,Alexis Gutiérrez,M,18,6.4,15,0,0,0.0826,0.0178385,1,0,1,12,11,0,0,1,0,0,0,0,0,0,0,0,0,0,0,1,0,0,2,0,0,0,0,0,0,0,2026-08-22T05:28:00.007298+00:00
Liga Mexicana 2026/2027,Club América - Atlético San Luis,2026-08-16T23:00:00+00:00,finished,4,3-0,Atlético San Luis,Anderson Duarte,F,0,,0,0,0,,,0,0,0,0,0,0,0,0,0,0,0,0,0,0,0,0,0,0,0,0,0,0,0,0,0,0,0,0,0,0,2026-08-22T05:28:00.007646+00:00
Liga Mexicana 2026/2027,Club América - Atlético San Luis,2026-08-16T23:00:00+00:00,finished,4,3-0,Atlético San Luis,Andrés Sánchez,G,90,6.4,35,0,0,,0.00460927,0,0,0,25,21,6,2,0,0,0,0,0,0,0,0,0,0,1,0,7,0,0,4,0,0,0,0,4,3,0,2026-08-22T05:28:00.007398+00:00
Liga Mexicana 2026/2027,Club América - Atlético San Luis,2026-08-16T23:00:00+00:00,finished,4,3-0,Atlético San Luis,Benjamín Galdames,M,22,7.0,16,0,0,,0.00895083,0,0,0,10,8,0,0,0,0,0,0,4,2,2,0,2,2,0,0,1,0,0,2,0,1,0,0,0,0,0,2026-08-22T05:28:00.007607+00:00
Liga Mexicana 2026/2027,Club América - Atlético San Luis,2026-08-16T23:00:00+00:00,finished,4,3-0,Atlético San Luis,Benjamín Galindo,D,0,,0,0,0,,,0,0,0,0,0,0,0,0,0,0,0,0,0,0,0,0,0,0,0,0,0,0,0,0,0,0,0,0,0,0,2026-08-22T05:28:00.007659+00:00
Liga Mexicana 2026/2027,Club América - Atlético San Luis,2026-08-16T23:00:00+00:00,finished,4,3-0,Club América,Brian Rodríguez,M,29,7.1,34,0,0,0.1415,0.0666848,3,1,3,18,15,0,0,2,0,6,4,4,2,0,0,0,0,0,1,1,2,0,10,0,0,0,0,0,0,0,2026-08-22T05:28:00.007270+00:00
Liga Mexicana 2026/2027,Club América - Atlético San Luis,2026-08-16T23:00:00+00:00,finished,4,3-0,Club América,Dagoberto Espinoza,D,90,7.3,63,0,1,,0.0349935,0,0,2,36,31,2,1,0,0,4,2,6,6,0,0,3,3,2,2,6,0,1,11,1,1,0,0,0,0,0,2026-08-22T05:28:00.007169+00:00
Liga Mexicana 2026/2027,Club América - Atlético San Luis,2026-08-16T23:00:00+00:00,finished,4,3-0,Atlético San Luis,David Rodriguez,F,68,7.1,43,0,0,0.0506,0.0500856,2,1,1,22,17,1,0,0,0,4,2,7,4,0,0,3,3,1,0,5,0,0,10,2,1,0,0,0,3,0,2026-08-22T05:28:00.007469+00:00
Liga Mexicana 2026/2027,Club América - Atlético San Luis,2026-08-16T23:00:00+00:00,finished,4,3-0,Atlético San Luis,Eduardo Águila,D,90,6.2,58,0,0,,0.00392053,0,0,0,49,44,4,1,0,0,0,0,2,0,1,0,1,0,5,1,4,0,0,5,0,0,0,0,0,3,0,2026-08-22T05:28:00.007427+00:00
Liga Mexicana 2026/2027,Club América - Atlético San Luis,2026-08-16T23:00:00+00:00,finished,4,3-0,Club América,Emilio Lara,D,90,7.7,83,0,0,0.0251,0.0380244,1,1,2,53,44,4,2,4,0,0,0,10,2,3,0,7,5,2,2,2,0,0,15,0,1,0,0,0,0,0,2026-08-22T05:28:00.007124+00:00
Liga Mexicana 2026/2027,Club América - Atlético San Luis,2026-08-16T23:00:00+00:00,finished,4,3-0,Club América,Erick Sánchez,M,29,7.1,29,0,0,0.0837,0.056595,2,0,1,24,22,6,5,0,0,1,1,1,1,0,0,0,0,0,0,1,2,0,3,0,0,0,0,0,0,0,2026-08-22T05:28:00.007256+00:00
Liga Mexicana 2026/2027,Club América - Atlético San Luis,2026-08-16T23:00:00+00:00,finished,4,3-0,Atlético San Luis,Felipe Mora,F,55,6.3,18,0,0,0.2238,0.048057,3,1,2,13,10,0,0,0,0,0,0,0,1,0,0,0,0,0,0,0,2,0,5,0,1,0,0,0,2,0,2026-08-22T05:28:00.007510+00:00
Liga Mexicana 2026/2027,Club América - Atlético San Luis,2026-08-16T23:00:00+00:00,finished,4,3-0,Club América,Fernando Tapia,G,90,6.7,28,0,0,,0.00012787,0,0,0,22,19,4,1,0,0,0,0,0,0,0,0,0,0,1,0,9,0,0,3,0,0,0,0,2,0,0,2026-08-22T05:28:00.007083+00:00
Liga Mexicana 2026/2027,Club América - Atlético San Luis,2026-08-16T23:00:00+00:00,finished,4,3-0,Atlético San Luis,Gibran Lajud,G,0,,0,0,0,,,0,0,0,0,0,0,0,0,0,0,0,0,0,0,0,0,0,0,0,0,0,0,0,0,0,0,0,0,0,0,2026-08-22T05:28:00.007633+00:00
Liga Mexicana 2026/2027,Club América - Atlético San Luis,2026-08-16T23:00:00+00:00,finished,4,3-0,Club América,Henry Martín,F,72,6.4,25,0,0,0.6546,0.0401502,1,0,2,15,9,0,0,0,0,1,0,4,4,2,2,0,0,1,0,0,0,0,10,2,0,1,0,0,0,0,2026-08-22T05:28:00.007198+00:00
Liga Mexicana 2026/2027,Club América - Atlético San Luis,2026-08-16T23:00:00+00:00,finished,4,3-0,Club América,Isaías Violante,M,14,6.7,20,0,0,0.1004,0.161249,4,0,1,13,11,0,0,2,2,0,0,0,1,0,1,0,0,0,0,0,1,0,3,0,0,0,0,0,0,0,2026-08-22T05:28:00.007312+00:00
Liga Mexicana 2026/2027,Club América - Atlético San Luis,2026-08-16T23:00:00+00:00,finished,4,3-0,Club América,Israel Reyes,D,0,,0,0,0,,,0,0,0,0,0,0,0,0,0,0,0,0,0,0,0,0,0,0,0,0,0,0,0,0,0,0,0,0,0,0,2026-08-22T05:28:00.007383+00:00
Liga Mexicana 2026/2027,Club América - Atlético San Luis,2026-08-16T23:00:00+00:00,finished,4,3-0,Atlético San Luis,Johan Caicedo,M,35,6.6,28,0,0,,0.0133706,0,0,1,20,17,2,1,0,0,1,1,2,3,0,0,0,0,0,1,2,0,2,6,1,0,0,0,0,1,0,2026-08-22T05:28:00.007568+00:00
Liga Mexicana 2026/2027,Club América - Atlético San Luis,2026-08-16T23:00:00+00:00,finished,4,3-0,Club América,Kevin Álvarez,D,0,,0,0,0,,,0,0,0,0,0,0,0,0,0,0,0,0,0,0,0,0,0,0,0,0,0,0,0,0,0,0,0,0,0,0,2026-08-22T05:28:00.007369+00:00
Liga Mexicana 2026/2027,Club América - Atlético San Luis,2026-08-16T23:00:00+00:00,finished,4,3-0,Atlético San Luis,Leonardo Flores,F,22,6.5,11,0,0,,0.00554445,0,0,0,6,4,0,0,0,0,0,0,3,4,1,2,0,0,0,0,1,0,2,4,2,0,0,0,0,0,0,2026-08-22T05:28:00.007620+00:00
Liga Mexicana 2026/2027,Club América - Atlético San Luis,2026-08-16T23:00:00+00:00,finished,4,3-0,Atlético San Luis,Lucas Esteves,D,54,6.4,33,0,0,,0.00314998,0,0,1,22,17,2,0,1,0,0,0,2,2,0,0,2,2,1,1,0,0,0,6,0,0,0,0,0,2,0,2026-08-22T05:28:00.007524+00:00
Liga Mexicana 2026/2027,Club América - Atlético San Luis,2026-08-16T23:00:00+00:00,finished,4,3-0,Atlético San Luis,Miguel Alonso García,M,90,6.0,57,0,0,,0.00311575,0,0,0,48,42,6,2,0,0,0,0,1,3,0,1,0,0,1,1,2,0,0,7,1,1,0,0,0,3,0,2026-08-22T05:28:00.007412+00:00
Liga Mexicana 2026/2027,Club América - Atlético San Luis,2026-08-16T23:00:00+00:00,finished,4,3-0,Club América,Miguel Vazquez,D,90,7.4,68,0,0,,0.0238176,0,0,0,58,50,12,6,0,0,0,0,3,3,1,2,1,0,4,0,6,0,0,10,1,1,0,0,0,0,0,2026-08-22T05:28:00.007156+00:00
Liga Mexicana 2026/2027,Club América - Atlético San Luis,2026-08-16T23:00:00+00:00,finished,4,3-0,Atlético San Luis,Oscar Macías,M,64,7.0,46,0,0,,0.0112084,0,0,1,37,35,6,4,0,0,1,0,4,1,0,0,3,3,2,0,3,0,0,4,1,0,0,0,0,2,0,2026-08-22T05:28:00.007496+00:00
Liga Mexicana 2026/2027,Club América - Atlético San Luis,2026-08-16T23:00:00+00:00,finished,4,3-0,Club América,Osvaldo Arriaga,M,76,7.8,40,1,0,0.3115,0.0655955,6,1,0,17,14,1,0,4,1,9,5,6,6,0,1,1,1,0,0,1,2,0,10,0,1,0,0,0,0,0,2026-08-22T05:28:00.007184+00:00
Liga Mexicana 2026/2027,Club América - Atlético San Luis,2026-08-16T23:00:00+00:00,finished,4,3-0,Club América,Patricio Salas,F,18,6.3,9,0,0,0.113,0.0208876,1,0,0,6,6,0,0,0,0,0,0,0,2,0,0,0,0,0,0,0,0,1,1,0,1,0,0,0,0,0,2026-08-22T05:28:00.007284+00:00
Liga Mexicana 2026/2027,Club América - Atlético San Luis,2026-08-16T23:00:00+00:00,finished,4,3-0,Atlético San Luis,Rafa Llorente,M,68,6.2,35,0,0,0.2721,0.0621885,3,0,1,15,13,0,0,0,0,3,1,4,9,1,2,0,0,1,0,3,0,4,12,2,0,0,0,0,3,0,2026-08-22T05:28:00.007481+00:00
Liga Mexicana 2026/2027,Club América - Atlético San Luis,2026-08-16T23:00:00+00:00,finished,4,3-0,Club América,Ramón Juárez,D,90,8.3,57,0,0,,0.012362,0,0,0,49,40,13,6,0,0,0,0,4,3,1,1,2,2,3,0,2,0,0,9,1,2,0,0,0,0,0,2026-08-22T05:28:00.007140+00:00
Liga Mexicana 2026/2027,Club América - Atlético San Luis,2026-08-16T23:00:00+00:00,finished,4,3-0,Club América,Raphael Veiga,M,72,8.8,45,1,2,0.0959,0.0854039,5,3,5,29,23,0,0,1,1,2,0,2,4,1,0,1,1,0,0,2,1,0,10,0,2,0,0,0,0,0,2026-08-22T05:28:00.007213+00:00
Liga Mexicana 2026/2027,Club América - Atlético San Luis,2026-08-16T23:00:00+00:00,finished,4,3-0,Atlético San Luis,Roberto Meraz,M,26,6.4,19,0,0,0.0383,0.00330848,2,0,0,11,9,0,0,2,0,0,0,1,1,0,0,1,1,1,0,2,1,0,4,0,1,0,0,0,1,0,2026-08-22T05:28:00.007594+00:00
Liga Mexicana 2026/2027,Club América - Atlético San Luis,2026-08-16T23:00:00+00:00,finished,4,3-0,Atlético San Luis,Robson Bambu,D,47,5.1,37,0,0,,0.00058741,0,0,0,25,20,4,3,0,0,0,0,2,7,1,3,1,1,3,1,2,0,1,9,0,2,2,1,0,3,0,2026-08-22T05:28:00.007538+00:00
Liga Mexicana 2026/2027,Club América - Atlético San Luis,2026-08-16T23:00:00+00:00,finished,4,3-0,Club América,Rodolfo Cota,G,0,,0,0,0,,,0,0,0,0,0,0,0,0,0,0,0,0,0,0,0,0,0,0,0,0,0,0,0,0,0,0,0,0,0,0,2026-08-22T05:28:00.007341+00:00
Liga Mexicana 2026/2027,Club América - Atlético San Luis,2026-08-16T23:00:00+00:00,finished,4,3-0,Atlético San Luis,Román Torres,D,90,7.0,61,0,0,0.0622,0.0609364,1,0,2,33,28,5,4,4,2,1,1,5,5,0,1,4,4,5,0,5,0,1,10,0,0,0,0,0,3,0,2026-08-22T05:28:00.007440+00:00
Liga Mexicana 2026/2027,Club América - Atlético San Luis,2026-08-16T23:00:00+00:00,finished,4,3-0,Atlético San Luis,Ronaldo Nájera,M,0,,0,0,0,,,0,0,0,0,0,0,0,0,0,0,0,0,0,0,0,0,0,0,0,0,0,0,0,0,0,0,0,0,0,0,2026-08-22T05:28:00.007685+00:00
Liga Mexicana 2026/2027,Club América - Atlético San Luis,2026-08-16T23:00:00+00:00,finished,4,3-0,Club América,Sebastián Cáceres,D,0,,0,0,0,,,0,0,0,0,0,0,0,0,0,0,0,0,0,0,0,0,0,0,0,0,0,0,0,0,0,0,0,0,0,0,2026-08-22T05:28:00.007354+00:00
Liga Mexicana 2026/2027,Club América - Atlético San Luis,2026-08-16T23:00:00+00:00,finished,4,3-0,Atlético San Luis,Sebastián Pérez Bouquet,M,0,,0,0,0,,,0,0,0,0,0,0,0,0,0,0,0,0,0,0,0,0,0,0,0,0,0,0,0,0,0,0,0,0,0,0,2026-08-22T05:28:00.007671+00:00
Liga Mexicana 2026/2027,Club América - Atlético San Luis,2026-08-16T23:00:00+00:00,finished,4,3-0,Atlético San Luis,Sébastien Salles-Lamonge,M,90,6.6,65,0,0,0.0436,0.0907924,2,1,3,46,39,2,0,5,2,1,1,7,4,1,0,1,1,1,0,3,1,2,14,4,1,0,0,0,3,0,2026-08-22T05:28:00.007456+00:00
Liga Mexicana 2026/2027,Club América - Atlético San Luis,2026-08-16T23:00:00+00:00,finished,4,3-0,Club América,Ícaro,M,61,6.6,40,0,0,0.0194,0.00984579,1,0,1,32,30,2,2,0,0,1,1,2,4,0,0,0,0,0,0,3,0,2,4,1,2,1,0,0,0,0,2026-08-17T05:28:33.937554+00:00
Liga Mexicana 2026/2027,Club América - Atlético San Luis,2026-08-16T23:00:00+00:00,finished,4,3-0,Club América,Óscar Perea,F,61,7.7,31,1,0,0.4283,0.0551738,3,1,1,14,11,0,0,2,1,2,0,2,5,0,1,1,1,0,1,3,2,0,9,1,1,0,0,0,0,0,2026-08-22T05:28:00.007228+00:00
Liga Mexicana 2026/2027,Santos Laguna - CD Guadalajara,2026-08-17T01:10:00+00:00,finished,4,0-1,Santos Laguna,Aldo Lopez Vargas,M,66,6.6,23,0,0,,0.00220113,0,0,0,17,15,1,1,0,0,0,0,1,3,0,0,0,0,3,0,2,0,0,2,1,0,0,0,0,0,0,2026-08-22T05:28:00.081247+00:00
Liga Mexicana 2026/2027,Santos Laguna - CD Guadalajara,2026-08-17T01:10:00+00:00,finished,4,0-1,CD Guadalajara,Armando González,F,0,,0,0,0,,,0,0,0,0,0,0,0,0,0,0,0,0,0,0,0,0,0,0,0,0,0,0,0,0,0,0,0,0,0,0,2026-08-22T05:28:00.081733+00:00
Liga Mexicana 2026/2027,Santos Laguna - CD Guadalajara,2026-08-17T01:10:00+00:00,finished,4,0-1,CD Guadalajara,Brian Gutiérrez,M,82,6.6,51,0,0,0.1129,0.142005,2,0,2,41,37,2,1,2,0,0,0,1,3,0,0,1,1,0,0,0,1,0,10,0,3,0,0,0,0,0,2026-08-22T05:28:00.081549+00:00
Liga Mexicana 2026/2027,Santos Laguna - CD Guadalajara,2026-08-17T01:10:00+00:00,finished,4,0-1,Santos Laguna,Carlos Acevedo,G,90,7.2,35,0,0,,0.00042756,0,0,0,26,20,13,7,0,0,0,0,1,0,1,0,0,0,2,0,6,0,0,7,0,0,0,0,3,1,0,2026-08-22T05:28:00.081136+00:00
Liga Mexicana 2026/2027,Santos Laguna - CD Guadalajara,2026-08-17T01:10:00+00:00,finished,4,0-1,CD Guadalajara,Diego Campillo,D,90,7.5,107,0,0,,0.259875,0,0,0,96,90,2,1,1,0,1,1,4,2,1,1,2,1,2,0,8,0,0,7,0,1,0,0,0,0,0,2026-08-22T05:28:00.081490+00:00
Liga Mexicana 2026/2027,Santos Laguna - CD Guadalajara,2026-08-17T01:10:00+00:00,finished,4,0-1,Santos Laguna,Diego González,F,66,6.7,25,0,0,,0.0109933,0,0,0,13,9,0,0,3,0,1,0,4,2,0,0,1,0,0,0,1,0,1,10,3,0,0,0,0,0,0,2026-08-22T05:28:00.081261+00:00
Liga Mexicana 2026/2027,Santos Laguna - CD Guadalajara,2026-08-17T01:10:00+00:00,finished,4,0-1,Santos Laguna,Eduardo Aguirre,F,53,6.3,24,0,0,0.0956,0.00815725,1,0,1,15,11,1,1,0,0,1,0,2,6,0,4,0,0,1,0,0,1,0,9,2,0,0,0,0,0,0,2026-08-22T05:28:00.081293+00:00
Liga Mexicana 2026/2027,Santos Laguna - CD Guadalajara,2026-08-17T01:10:00+00:00,finished,4,0-1,CD Guadalajara,Efrain Alvarez,F,26,6.5,19,0,0,0.032,0.081865,1,1,0,13,10,2,0,2,1,0,0,0,2,0,0,0,0,1,1,2,0,1,5,0,1,0,0,0,0,0,2026-08-22T05:28:00.081640+00:00
Liga Mexicana 2026/2027,Santos Laguna - CD Guadalajara,2026-08-17T01:10:00+00:00,finished,4,0-1,Santos Laguna,Efrain Orona,D,84,5.9,45,0,0,,0.0052789,0,0,0,38,31,6,2,0,0,1,0,0,6,0,1,0,0,1,2,2,0,0,10,0,2,0,0,0,1,0,2026-08-22T05:28:00.081232+00:00
Liga Mexicana 2026/2027,Santos Laguna - CD Guadalajara,2026-08-17T01:10:00+00:00,finished,4,0-1,Santos Laguna,Emmanuel Echeverría,D,90,6.2,48,0,0,0.1788,0.136785,4,2,3,30,25,2,0,2,1,0,0,3,2,2,0,0,0,3,1,3,2,1,7,1,1,0,0,0,1,0,2026-08-22T05:28:00.081205+00:00
Liga Mexicana 2026/2027,Santos Laguna - CD Guadalajara,2026-08-17T01:10:00+00:00,finished,4,0-1,Santos Laguna,Ezequiel Bullaude,M,90,6.7,62,0,0,0.3799,0.0736541,3,0,1,43,35,4,1,0,0,2,1,6,7,0,0,3,1,0,0,10,1,3,15,2,2,0,0,0,1,0,2026-08-22T05:28:00.081018+00:00
Liga Mexicana 2026/2027,Santos Laguna - CD Guadalajara,2026-08-17T01:10:00+00:00,finished,4,0-1,Santos Laguna,Felipe Sánchez,D,90,7.2,67,0,0,,0.00489538,0,0,1,60,54,2,0,0,0,0,0,5,2,3,2,2,2,3,0,3,0,0,6,0,0,0,0,0,1,0,2026-08-22T05:28:00.081188+00:00
Liga Mexicana 2026/2027,Santos Laguna - CD Guadalajara,2026-08-17T01:10:00+00:00,finished,4,0-1,CD Guadalajara,Fernando González,M,9,6.8,10,0,0,0.028,0.0140175,1,0,0,7,7,0,0,0,0,1,1,1,0,0,0,0,0,1,0,0,0,0,0,0,0,0,0,0,0,0,2026-08-22T05:28:00.081667+00:00
Liga Mexicana 2026/2027,Santos Laguna - CD Guadalajara,2026-08-17T01:10:00+00:00,finished,4,0-1,Santos Laguna,Fran Villalba,M,90,6.8,60,0,0,0.062,0.0267827,1,0,0,49,42,4,1,1,0,1,0,3,2,0,0,2,2,0,0,3,0,0,10,1,0,0,0,0,1,0,2026-08-22T05:28:00.081219+00:00
Liga Mexicana 2026/2027,Santos Laguna - CD Guadalajara,2026-08-17T01:10:00+00:00,finished,4,0-1,Santos Laguna,Franco Pardo,D,90,6.7,63,0,0,,0.00506239,0,0,0,48,42,7,4,0,0,1,1,2,1,1,0,0,0,1,5,7,0,0,9,0,1,0,0,0,1,0,2026-08-22T05:28:00.081174+00:00
Liga Mexicana 2026/2027,Santos Laguna - CD Guadalajara,2026-08-17T01:10:00+00:00,finished,4,0-1,Santos Laguna,Hector Holguin,G,0,,0,0,0,,,0,0,0,0,0,0,0,0,0,0,0,0,0,0,0,0,0,0,0,0,0,0,0,0,0,0,0,0,0,0,2026-08-22T05:28:00.081419+00:00
Liga Mexicana 2026/2027,Santos Laguna - CD Guadalajara,2026-08-17T01:10:00+00:00,finished,4,0-1,CD Guadalajara,Hugo Camberos,M,81,6.5,48,0,0,,0.0216221,0,0,1,31,29,0,0,3,0,5,3,6,5,1,1,2,2,1,1,3,0,1,10,0,0,0,0,0,0,0,2026-08-22T05:28:00.081586+00:00
Liga Mexicana 2026/2027,Santos Laguna - CD Guadalajara,2026-08-17T01:10:00+00:00,finished,4,0-1,Santos Laguna,Javier Güemez,M,0,,0,0,0,,,0,0,0,0,0,0,0,0,0,0,0,0,0,0,0,0,0,0,0,0,0,0,0,0,0,0,0,0,0,0,2026-08-22T05:28:00.081392+00:00
Liga Mexicana 2026/2027,Santos Laguna - CD Guadalajara,2026-08-17T01:10:00+00:00,finished,4,0-1,CD Guadalajara,Jonathan Perez,M,0,,0,0,0,,,0,0,0,0,0,0,0,0,0,0,0,0,0,0,0,0,0,0,0,0,0,0,0,0,0,0,0,0,0,0,2026-08-22T05:28:00.081746+00:00
Liga Mexicana 2026/2027,Santos Laguna - CD Guadalajara,2026-08-17T01:10:00+00:00,finished,4,0-1,Santos Laguna,Jonathan Pérez,D,0,,0,0,0,,,0,0,0,0,0,0,0,0,0,0,0,0,0,0,0,0,0,0,0,0,0,0,0,0,0,0,0,0,0,0,2026-08-22T05:28:00.081431+00:00
Liga Mexicana 2026/2027,Santos Laguna - CD Guadalajara,2026-08-17T01:10:00+00:00,finished,4,0-1,CD Guadalajara,Jordan Carrillo,M,64,6.9,68,0,0,0.0416,0.104248,2,1,1,56,49,3,2,3,1,2,1,2,3,1,0,0,0,1,0,4,0,1,12,0,0,0,0,0,0,0,2026-08-22T05:28:00.081601+00:00
Liga Mexicana 2026/2027,Santos Laguna - CD Guadalajara,2026-08-17T01:10:00+00:00,finished,4,0-1,Santos Laguna,Joshua Mancha,M,0,,0,0,0,,,0,0,0,0,0,0,0,0,0,0,0,0,0,0,0,0,0,0,0,0,0,0,0,0,0,0,0,0,0,0,2026-08-22T05:28:00.081379+00:00
Liga Mexicana 2026/2027,Santos Laguna - CD Guadalajara,2026-08-17T01:10:00+00:00,finished,4,0-1,Santos Laguna,José Abella,D,0,,0,0,0,,,0,0,0,0,0,0,0,0,0,0,0,0,0,0,0,0,0,0,0,0,0,0,0,0,0,0,0,0,0,0,2026-08-22T05:28:00.081405+00:00
Liga Mexicana 2026/2027,Santos Laguna - CD Guadalajara,2026-08-17T01:10:00+00:00,finished,4,0-1,CD Guadalajara,Kevin Castañeda,M,0,,0,0,0,,,0,0,0,0,0,0,0,0,0,0,0,0,0,0,0,0,0,0,0,0,0,0,0,0,0,0,0,0,0,0,2026-08-22T05:28:00.081693+00:00
Liga Mexicana 2026/2027,Santos Laguna - CD Guadalajara,2026-08-17T01:10:00+00:00,finished,4,0-1,Santos Laguna,Kevin Palacios,M,24,6.8,17,0,0,,0.0143382,0,0,2,10,9,1,1,1,0,2,2,3,0,0,0,0,0,0,0,1,0,0,5,1,0,0,0,0,1,0,2026-08-22T05:28:00.081323+00:00
Liga Mexicana 2026/2027,Santos Laguna - CD Guadalajara,2026-08-17T01:10:00+00:00,finished,4,0-1,Santos Laguna,Kevin Picon,D,0,,0,0,0,,,0,0,0,0,0,0,0,0,0,0,0,0,0,0,0,0,0,0,0,0,0,0,0,0,0,0,0,0,0,0,2026-08-22T05:28:00.081365+00:00
Liga Mexicana 2026/2027,Santos Laguna - CD Guadalajara,2026-08-17T01:10:00+00:00,finished,4,0-1,CD Guadalajara,Luis Gabriel Rey,M,90,7.5,98,0,0,,0.0125716,0,0,0,93,86,6,3,0,0,0,0,3,1,3,0,0,0,1,1,8,0,0,7,0,1,0,0,1,0,0,2026-08-22T05:28:00.081504+00:00
Liga Mexicana 2026/2027,Santos Laguna - CD Guadalajara,2026-08-17T01:10:00+00:00,finished,4,0-1,CD Guadalajara,Luis Romo,D,90,7.7,115,0,0,,0.247448,0,0,1,97,89,10,7,2,1,0,0,2,1,0,0,1,0,6,0,6,0,0,11,1,1,0,0,0,0,0,2026-08-22T05:28:00.081535+00:00
Liga Mexicana 2026/2027,Santos Laguna - CD Guadalajara,2026-08-17T01:10:00+00:00,finished,4,0-1,Santos Laguna,Mauricio Cuevas,D,90,6.8,54,0,0,0.0182,0.094992,1,0,1,33,25,3,1,3,1,1,1,5,3,0,2,3,2,2,0,3,0,0,12,1,1,1,0,0,1,0,2026-08-22T05:28:00.081157+00:00
Liga Mexicana 2026/2027,Santos Laguna - CD Guadalajara,2026-08-17T01:10:00+00:00,finished,4,0-1,CD Guadalajara,Miguel Gómez,D,8,6.7,9,0,0,,0.00089994,0,0,0,5,3,1,1,0,0,0,0,2,2,0,0,2,2,0,0,0,0,0,2,0,0,0,0,0,0,0,2026-08-22T05:28:00.081680+00:00
Liga Mexicana 2026/2027,Santos Laguna - CD Guadalajara,2026-08-17T01:10:00+00:00,finished,4,0-1,CD Guadalajara,Omar Govea,M,90,7.3,82,0,0,0.1889,0.200096,1,0,1,79,66,9,7,0,0,0,0,1,1,0,0,1,1,1,0,5,1,0,13,0,1,0,0,0,0,0,2026-08-22T05:28:00.081447+00:00
Liga Mexicana 2026/2027,Santos Laguna - CD Guadalajara,2026-08-17T01:10:00+00:00,finished,4,0-1,Santos Laguna,Ramiro Sordo,M,37,6.2,24,0,0,0.0192,0.00879051,1,0,2,17,14,3,1,1,0,0,0,0,3,0,1,0,0,0,0,2,0,1,9,0,0,0,0,0,1,0,2026-08-22T05:28:00.081308+00:00
Liga Mexicana 2026/2027,Santos Laguna - CD Guadalajara,2026-08-17T01:10:00+00:00,finished,4,0-1,CD Guadalajara,Raúl Rangel,G,90,7.2,35,0,0,,0.00064877,0,0,0,28,25,7,4,0,0,0,0,0,0,0,0,0,0,3,0,5,0,0,4,0,0,0,0,1,0,0,2026-08-22T05:28:00.081476+00:00
Liga Mexicana 2026/2027,Santos Laguna - CD Guadalajara,2026-08-17T01:10:00+00:00,finished,4,0-1,CD Guadalajara,Ricardo Marín,F,81,7.0,14,1,0,0.254,0.00831017,2,2,0,8,4,0,0,0,0,0,0,3,7,3,4,0,0,1,0,1,0,1,6,0,2,0,0,0,0,0,2026-08-22T05:28:00.081562+00:00
Liga Mexicana 2026/2027,Santos Laguna - CD Guadalajara,2026-08-17T01:10:00+00:00,finished,4,0-1,CD Guadalajara,Richard Ledezma,M,53,6.4,41,0,0,,0.0252147,0,0,0,31,27,2,1,1,0,1,0,0,4,0,1,0,0,0,2,3,0,1,9,0,1,0,0,0,0,0,2026-08-22T05:28:00.081614+00:00
Liga Mexicana 2026/2027,Santos Laguna - CD Guadalajara,2026-08-17T01:10:00+00:00,finished,4,0-1,CD Guadalajara,Roberto Alvarado,F,90,7.1,67,0,0,0.0365,0.0960509,1,0,2,46,45,0,0,5,2,2,2,6,4,0,0,1,1,1,1,1,1,2,8,3,1,0,0,0,0,0,2026-08-22T05:28:00.081461+00:00
Liga Mexicana 2026/2027,Santos Laguna - CD Guadalajara,2026-08-17T01:10:00+00:00,finished,4,0-1,Santos Laguna,Salvador Mariscal,M,24,6.8,12,0,0,,0.00317327,0,0,0,11,11,1,1,0,0,0,0,0,2,0,0,0,0,0,0,1,0,0,0,0,1,0,0,0,1,0,2026-08-22T05:28:00.081337+00:00
Liga Mexicana 2026/2027,Santos Laguna - CD Guadalajara,2026-08-17T01:10:00+00:00,finished,4,0-1,CD Guadalajara,Santiago Sandoval,M,37,7.3,27,0,0,0.383,0.0330654,2,1,0,19,18,0,0,0,0,2,2,5,0,0,0,1,1,0,0,1,0,0,1,2,0,0,0,0,0,0,2026-08-22T05:28:00.081626+00:00
Liga Mexicana 2026/2027,Santos Laguna - CD Guadalajara,2026-08-17T01:10:00+00:00,finished,4,0-1,Santos Laguna,Tahiel Jiménez,F,12,6.4,3,0,0,,1.681e-05,0,0,0,2,2,0,0,0,0,1,0,0,1,0,0,0,0,0,0,0,0,0,1,0,0,0,0,0,0,0,2026-08-22T05:28:00.081351+00:00
Liga Mexicana 2026/2027,Santos Laguna - CD Guadalajara,2026-08-17T01:10:00+00:00,finished,4,0-1,CD Guadalajara,Ángel Chávez,D,0,,0,0,0,,,0,0,0,0,0,0,0,0,0,0,0,0,0,0,0,0,0,0,0,0,0,0,0,0,0,0,0,0,0,0,2026-08-22T05:28:00.081719+00:00
Liga Mexicana 2026/2027,Santos Laguna - CD Guadalajara,2026-08-17T01:10:00+00:00,finished,4,0-1,CD Guadalajara,Ángel Sepúlveda,F,9,6.6,13,0,0,,0.0134256,0,0,1,6,5,0,0,0,0,0,0,3,0,0,0,1,0,0,0,1,0,0,4,2,0,0,0,0,0,0,2026-08-22T05:28:00.081654+00:00
Liga Mexicana 2026/2027,Santos Laguna - CD Guadalajara,2026-08-17T01:10:00+00:00,finished,4,0-1,CD Guadalajara,Óscar Whalley,G,0,,0,0,0,,,0,0,0,0,0,0,0,0,0,0,0,0,0,0,0,0,0,0,0,0,0,0,0,0,0,0,0,0,0,0,2026-08-22T05:28:00.081707+00:00
Liga Mexicana 2026/2027,Club Tijuana - Cruz Azul,2026-08-17T03:10:00+00:00,finished,4,2-1,Club Tijuana,,,18,6.5,3,0,0,,,0,0,0,1,0,0,0,0,0,0,0,0,0,0,0,0,0,0,0,2,0,0,3,0,0,0,0,0,0,0,2026-08-22T05:28:00.260478+00:00
Liga Mexicana 2026/2027,Club Tijuana - Cruz Azul,2026-08-17T03:10:00+00:00,finished,4,2-1,Club Tijuana,Adonis Preciado,M,99,6.5,40,0,0,0.4222,0.230312,3,0,4,12,10,1,0,3,2,4,1,5,10,0,0,2,1,3,3,6,0,1,12,2,3,1,0,0,1,0,2026-08-22T05:28:00.260222+00:00
Liga Mexicana 2026/2027,Club Tijuana - Cruz Azul,2026-08-17T03:10:00+00:00,finished,4,2-1,Cruz Azul,Alan Montes,D,86,6.7,59,0,0,0.0495,0.0144816,1,1,0,51,47,4,3,0,0,1,1,3,2,1,0,1,1,3,0,4,0,0,4,0,2,1,0,0,2,0,2026-08-22T05:28:00.260675+00:00
Liga Mexicana 2026/2027,Club Tijuana - Cruz Azul,2026-08-17T03:10:00+00:00,finished,4,2-1,Club Tijuana,Aldahir Pérez,M,0,,0,0,0,,,0,0,0,0,0,0,0,0,0,0,0,0,0,0,0,0,0,0,0,0,0,0,0,0,0,0,0,0,0,0,2026-08-22T05:28:00.260519+00:00
Liga Mexicana 2026/2027,Club Tijuana - Cruz Azul,2026-08-17T03:10:00+00:00,finished,4,2-1,Club Tijuana,Alejandro Magallon,D,0,,0,0,0,,,0,0,0,0,0,0,0,0,0,0,0,0,0,0,0,0,0,0,0,0,0,0,0,0,0,0,0,0,0,0,2026-08-22T05:28:00.260546+00:00
Liga Mexicana 2026/2027,Club Tijuana - Cruz Azul,2026-08-17T03:10:00+00:00,finished,4,2-1,Cruz Azul,Amaury Garcia,D,13,6.9,15,0,0,,0.011294,0,0,0,13,13,1,1,0,0,0,0,2,0,0,0,2,2,0,0,1,0,0,0,0,0,0,0,0,0,0,2026-08-22T05:28:00.260888+00:00
Liga Mexicana 2026/2027,Club Tijuana - Cruz Azul,2026-08-17T03:10:00+00:00,finished,4,2-1,Cruz Azul,Andres Montaño,M,31,6.6,25,0,0,0.2195,0.0297122,2,0,0,21,15,1,0,1,0,0,0,1,1,0,0,1,0,0,0,2,2,0,7,0,1,0,0,0,0,0,2026-08-22T05:28:00.260739+00:00
Liga Mexicana 2026/2027,Club Tijuana - Cruz Azul,2026-08-17T03:10:00+00:00,finished,4,2-1,Cruz Azul,Andrés Gudiño,G,0,,0,0,0,,,0,0,0,0,0,0,0,0,0,0,0,0,0,0,0,0,0,0,0,0,0,0,0,0,0,0,0,0,0,0,2026-08-22T05:28:00.260927+00:00
Liga Mexicana 2026/2027,Club Tijuana - Cruz Azul,2026-08-17T03:10:00+00:00,finished,4,2-1,Club Tijuana,Antonio Rodríguez,G,99,6.4,45,0,0,,0.00168545,0,0,0,39,31,15,7,0,0,0,0,0,0,0,0,0,0,0,0,3,0,0,9,0,0,0,0,4,1,0,2026-08-22T05:28:00.260283+00:00
Liga Mexicana 2026/2027,Club Tijuana - Cruz Azul,2026-08-17T03:10:00+00:00,finished,4,2-1,Cruz Azul,Carlos Rodríguez,M,68,6.6,58,0,0,0.057,0.0827018,1,1,0,49,32,5,3,1,0,1,1,3,2,0,0,1,1,0,0,2,0,1,21,1,1,0,0,0,2,0,2026-08-22T05:28:00.260726+00:00
Liga Mexicana 2026/2027,Club Tijuana - Cruz Azul,2026-08-17T03:10:00+00:00,finished,4,2-1,Cruz Azul,Cristian Jiménez,D,0,,0,0,0,,,0,0,0,0,0,0,0,0,0,0,0,0,0,0,0,0,0,0,0,0,0,0,0,0,0,0,0,0,0,0,2026-08-22T05:28:00.260950+00:00
Liga Mexicana 2026/2027,Club Tijuana - Cruz Azul,2026-08-17T03:10:00+00:00,finished,4,2-1,Club Tijuana,Diego Abreu,F,65,6.4,21,0,0,0.3146,0.0149227,2,0,1,11,9,0,0,0,0,0,0,2,2,0,1,0,0,0,0,1,0,1,6,2,0,0,0,0,1,0,2026-08-22T05:28:00.260409+00:00
Liga Mexicana 2026/2027,Club Tijuana - Cruz Azul,2026-08-17T03:10:00+00:00,finished,4,2-1,Club Tijuana,Elias Manoel,F,0,,0,0,0,,,0,0,0,0,0,0,0,0,0,0,0,0,0,0,0,0,0,0,0,0,0,0,0,0,0,0,0,0,0,0,2026-08-22T05:28:00.260505+00:00
Liga Mexicana 2026/2027,Club Tijuana - Cruz Azul,2026-08-17T03:10:00+00:00,finished,4,2-1,Cruz Azul,Erik Lira,D,99,6.8,83,0,0,,0.0762954,0,0,0,72,63,5,1,0,0,0,0,4,5,0,1,3,2,2,0,4,0,1,11,1,1,0,0,0,2,0,2026-08-22T05:28:00.260661+00:00
Liga Mexicana 2026/2027,Club Tijuana - Cruz Azul,2026-08-17T03:10:00+00:00,finished,4,2-1,Club Tijuana,Francisco González,M,18,6.5,3,0,0,,,0,0,0,1,0,0,0,0,0,0,0,0,0,0,0,0,0,0,0,2,0,0,3,0,0,0,0,0,0,0,2026-08-17T05:28:33.896780+00:00
Liga Mexicana 2026/2027,Club Tijuana - Cruz Azul,2026-08-17T03:10:00+00:00,finished,4,2-1,Club Tijuana,Frank Boya,M,0,,0,0,0,,,0,0,0,0,0,0,0,0,0,0,0,0,0,0,0,0,0,0,0,0,0,0,0,0,0,0,0,0,0,0,2026-08-22T05:28:00.260560+00:00
Liga Mexicana 2026/2027,Club Tijuana - Cruz Azul,2026-08-17T03:10:00+00:00,finished,4,2-1,Cruz Azul,Gabriel Fernández,F,31,6.1,7,0,0,,0.162622,0,0,1,7,3,0,0,0,0,0,0,0,0,0,0,0,0,0,0,1,0,0,4,0,0,0,0,0,0,0,2026-08-22T05:28:00.260856+00:00
Liga Mexicana 2026/2027,Club Tijuana - Cruz Azul,2026-08-17T03:10:00+00:00,finished,4,2-1,Club Tijuana,Gilberto Mora,M,81,8.9,52,1,1,0.1595,0.470522,3,1,3,30,28,1,1,2,1,3,3,6,1,0,0,0,0,2,1,9,0,1,7,3,0,0,0,0,1,0,2026-08-22T05:28:00.260395+00:00
Liga Mexicana 2026/2027,Club Tijuana - Cruz Azul,2026-08-17T03:10:00+00:00,finished,4,2-1,Club Tijuana,Iván Tona,M,81,7.1,64,0,0,,0.161967,0,0,0,53,52,9,9,0,0,0,0,4,2,1,0,2,1,0,2,6,0,1,4,2,1,0,0,0,1,0,2026-08-22T05:28:00.260365+00:00
Liga Mexicana 2026/2027,Club Tijuana - Cruz Azul,2026-08-17T03:10:00+00:00,finished,4,2-1,Club Tijuana,Jackson Porozo,D,99,6.8,55,0,0,,0.00228002,0,0,0,43,39,4,2,0,0,0,0,0,3,0,2,0,0,8,1,2,0,0,4,0,1,0,0,0,1,0,2026-08-22T05:28:00.260318+00:00
Liga Mexicana 2026/2027,Club Tijuana - Cruz Azul,2026-08-17T03:10:00+00:00,finished,4,2-1,Cruz Azul,Javier Suárez,D,13,6.7,9,0,0,,0.00490992,0,0,0,7,7,1,1,0,0,0,0,0,0,0,0,0,0,0,0,0,0,0,1,0,0,0,0,0,0,0,2026-08-22T05:28:00.260901+00:00
Liga Mexicana 2026/2027,Club Tijuana - Cruz Azul,2026-08-17T03:10:00+00:00,finished,4,2-1,Cruz Azul,Jeremy Márquez,M,86,6.3,53,0,0,0.0296,0.0118216,1,0,0,35,29,2,1,0,0,2,2,5,3,0,0,1,0,3,2,3,0,0,7,2,2,1,0,0,2,0,2026-08-22T05:28:00.260688+00:00
Liga Mexicana 2026/2027,Club Tijuana - Cruz Azul,2026-08-17T03:10:00+00:00,finished,4,2-1,Club Tijuana,Jesús Gómez,D,99,6.9,76,0,0,,0.00357261,0,0,0,60,54,4,1,0,0,0,0,5,2,1,0,4,2,5,4,1,0,0,9,0,2,0,0,0,1,0,2026-08-22T05:28:00.260333+00:00
Liga Mexicana 2026/2027,Club Tijuana - Cruz Azul,2026-08-17T03:10:00+00:00,finished,4,2-1,Cruz Azul,Jesús Orozco,D,99,7.4,90,0,0,0.0166,0.141167,1,0,0,74,65,9,4,2,2,3,3,8,3,2,1,1,0,5,0,6,0,0,10,2,2,0,0,0,2,0,2026-08-22T05:28:00.260634+00:00
Liga Mexicana 2026/2027,Club Tijuana - Cruz Azul,2026-08-17T03:10:00+00:00,finished,4,2-1,Club Tijuana,Jesús Vega,D,54,7.0,17,0,1,,0.0102547,0,0,1,12,8,4,2,1,0,0,0,0,0,0,0,0,0,1,0,2,0,0,7,0,0,0,0,0,0,0,2026-08-22T05:28:00.260423+00:00
Liga Mexicana 2026/2027,Club Tijuana - Cruz Azul,2026-08-17T03:10:00+00:00,finished,4,2-1,Club Tijuana,Jorge Hernández,G,0,,0,0,0,,,0,0,0,0,0,0,0,0,0,0,0,0,0,0,0,0,0,0,0,0,0,0,0,0,0,0,0,0,0,0,2026-08-22T05:28:00.260533+00:00
Liga Mexicana 2026/2027,Club Tijuana - Cruz Azul,2026-08-17T03:10:00+00:00,finished,4,2-1,Cruz Azul,Josué Díaz,D,0,,0,0,0,,,0,0,0,0,0,0,0,0,0,0,0,0,0,0,0,0,0,0,0,0,0,0,0,0,0,0,0,0,0,0,2026-08-22T05:28:00.260914+00:00
Liga Mexicana 2026/2027,Club Tijuana - Cruz Azul,2026-08-17T03:10:00+00:00,finished,4,2-1,Cruz Azul,José Paradela,F,99,6.1,80,0,0,0.2484,0.0341243,3,2,3,49,30,4,1,6,1,5,2,8,8,0,0,3,2,0,0,3,1,1,33,3,2,1,0,0,2,0,2026-08-22T05:28:00.260591+00:00
Liga Mexicana 2026/2027,Club Tijuana - Cruz Azul,2026-08-17T03:10:00+00:00,finished,4,2-1,Club Tijuana,José Rivero,M,99,7.5,35,1,0,0.4755,0.0228622,3,1,1,18,16,1,1,0,0,3,1,5,7,2,0,1,0,2,0,3,1,1,7,1,1,1,0,0,1,0,2026-08-22T05:28:00.260349+00:00
Liga Mexicana 2026/2027,Club Tijuana - Cruz Azul,2026-08-17T03:10:00+00:00,finished,4,2-1,Cruz Azul,Kevin Mier,G,99,6.4,28,0,0,,0.00059922,0,0,0,25,20,10,5,0,0,0,0,1,0,0,0,1,1,0,0,4,0,0,5,0,0,0,0,1,2,0,2026-08-22T05:28:00.260619+00:00
Liga Mexicana 2026/2027,Club Tijuana - Cruz Azul,2026-08-17T03:10:00+00:00,finished,4,2-1,Cruz Azul,Luka Romero,F,68,6.8,35,0,1,0.0845,0.0465173,1,0,3,26,26,3,3,0,0,1,0,2,1,0,0,0,0,0,0,1,1,0,2,2,0,0,0,0,2,0,2026-08-22T05:28:00.260714+00:00
Liga Mexicana 2026/2027,Club Tijuana - Cruz Azul,2026-08-17T03:10:00+00:00,finished,4,2-1,Cruz Azul,Mateo Levy,F,0,,0,0,0,,,0,0,0,0,0,0,0,0,0,0,0,0,0,0,0,0,0,0,0,0,0,0,0,0,0,0,0,0,0,0,2026-08-22T05:28:00.260939+00:00
Liga Mexicana 2026/2027,Club Tijuana - Cruz Azul,2026-08-17T03:10:00+00:00,finished,4,2-1,Club Tijuana,Mourad El Ghezouani,F,34,6.6,12,0,0,,0.00025304,0,0,0,3,2,0,0,0,0,4,1,3,6,0,2,1,1,1,1,2,0,0,5,1,1,0,0,0,0,0,2026-08-22T05:28:00.260451+00:00
Liga Mexicana 2026/2027,Club Tijuana - Cruz Azul,2026-08-17T03:10:00+00:00,finished,4,2-1,Cruz Azul,Nicolás Ibáñez,F,99,7.4,27,1,0,0.1057,0.0804893,2,1,2,14,12,1,1,0,0,3,1,2,3,0,0,1,1,0,0,3,0,0,7,0,1,0,0,0,2,0,2026-08-22T05:28:00.260605+00:00
Liga Mexicana 2026/2027,Club Tijuana - Cruz Azul,2026-08-17T03:10:00+00:00,finished,4,2-1,Cruz Azul,Omar Campos,M,99,6.1,59,0,0,,0.0584215,0,0,0,40,32,3,1,1,1,3,1,3,5,0,0,0,0,1,0,5,0,1,12,2,1,0,0,0,2,0,2026-08-22T05:28:00.260647+00:00
Liga Mexicana 2026/2027,Club Tijuana - Cruz Azul,2026-08-17T03:10:00+00:00,finished,4,2-1,Cruz Azul,Osinachi Ebere,F,76,6.3,20,0,0,0.0405,0.0643702,1,0,1,10,6,1,1,3,0,3,1,4,4,2,0,1,1,0,0,0,0,0,10,0,2,1,0,0,2,0,2026-08-22T05:28:00.260701+00:00
Liga Mexicana 2026/2027,Club Tijuana - Cruz Azul,2026-08-17T03:10:00+00:00,finished,4,2-1,Club Tijuana,Pablo Nicolás Ortíz,D,45,6.4,43,0,0,,0.00234747,0,0,1,22,20,4,3,3,0,2,1,2,4,0,0,0,0,6,2,2,0,1,7,1,1,0,0,0,1,0,2026-08-22T05:28:00.260437+00:00
Liga Mexicana 2026/2027,Club Tijuana - Cruz Azul,2026-08-17T03:10:00+00:00,finished,4,2-1,Club Tijuana,Rafael Fernández,D,99,6.7,62,0,0,,0.00242858,0,0,0,37,26,9,5,0,0,1,1,3,2,0,0,2,0,8,1,2,0,0,17,0,1,0,0,0,1,0,2026-08-22T05:28:00.260302+00:00
Liga Mexicana 2026/2027,Club Tijuana - Cruz Azul,2026-08-17T03:10:00+00:00,finished,4,2-1,Club Tijuana,Ramiro Árciga,M,81,6.7,31,0,0,0.0265,0.131222,2,1,1,16,14,0,0,2,1,1,0,5,6,0,0,4,1,1,0,3,1,0,7,1,2,0,0,0,1,0,2026-08-22T05:28:00.260380+00:00
Liga Mexicana 2026/2027,Club Tijuana - Cruz Azul,2026-08-17T03:10:00+00:00,finished,4,2-1,Cruz Azul,Rogelio González,M,23,6.3,14,0,0,,0.102802,0,0,0,6,5,0,0,0,0,1,0,1,5,0,2,1,1,0,0,0,0,2,4,0,0,0,0,0,0,0,2026-08-22T05:28:00.260873+00:00
Liga Mexicana 2026/2027,Club Tijuana - Cruz Azul,2026-08-17T03:10:00+00:00,finished,4,2-1,Club Tijuana,Yael Padilla,F,18,7.1,12,0,0,,0.211,0,0,1,3,2,1,1,2,1,1,0,2,1,0,0,1,0,0,0,1,0,0,5,1,0,0,0,0,0,0,2026-08-22T05:28:00.260492+00:00
Liga Mexicana 2026/2027,Club Tijuana - Cruz Azul,2026-08-17T03:10:00+00:00,finished,4,2-1,Club Tijuana,Ángel Zapata,M,18,6.6,3,0,0,,0.00024906,0,0,0,1,1,1,1,0,0,0,0,1,1,0,0,1,1,0,0,1,0,0,0,0,0,0,0,0,0,0,2026-08-22T05:28:00.260464+00:00
Liga Mexicana 2026/2027,Club Necaxa - Club León,2026-08-18T01:00:00+00:00,finished,4,1-2,Club Necaxa,Alexis Peña,D,90,7.0,83,0,0,0.0269,0.0214557,1,0,1,70,65,11,10,0,0,0,0,3,4,2,4,1,1,6,2,4,0,0,5,0,0,0,0,0,2,0,2026-08-22T05:28:00.417135+00:00
Liga Mexicana 2026/2027,Club Necaxa - Club León,2026-08-18T01:00:00+00:00,finished,4,1-2,Club León,Bryan Colula,D,45,6.4,23,0,0,0.0173,0.0013499,1,0,0,13,8,5,0,0,0,0,0,4,3,0,1,3,3,4,0,1,0,0,5,1,1,1,0,0,1,0,2026-08-22T05:28:00.417526+00:00
Liga Mexicana 2026/2027,Club Necaxa - Club León,2026-08-18T01:00:00+00:00,finished,4,1-2,Club Necaxa,Carlos Vargas,D,45,6.7,30,0,0,0.0217,0.0618677,1,0,1,10,8,3,2,6,0,0,0,1,1,0,0,1,0,0,0,0,0,0,8,0,0,0,0,0,1,0,2026-08-22T05:28:00.417254+00:00
Liga Mexicana 2026/2027,Club Necaxa - Club León,2026-08-18T01:00:00+00:00,finished,4,1-2,Club Necaxa,Christopher Andrade,G,0,,0,0,0,,,0,0,0,0,0,0,0,0,0,0,0,0,0,0,0,0,0,0,0,0,0,0,0,0,0,0,0,0,0,0,2026-08-22T05:28:00.417369+00:00
Liga Mexicana 2026/2027,Club Necaxa - Club León,2026-08-18T01:00:00+00:00,finished,4,1-2,Club León,Christopher Mora,D,0,,0,0,0,,,0,0,0,0,0,0,0,0,0,0,0,0,0,0,0,0,0,0,0,0,0,0,0,0,0,0,0,0,0,0,2026-08-22T05:28:00.417629+00:00
Liga Mexicana 2026/2027,Club Necaxa - Club León,2026-08-18T01:00:00+00:00,finished,4,1-2,Club León,Daniel Arcila,M,85,7.4,38,1,0,0.6041,0.0638314,7,3,1,12,7,0,0,3,1,3,1,6,5,0,0,1,0,0,0,4,3,2,14,4,1,0,0,0,1,0,2026-08-22T05:28:00.417451+00:00
Liga Mexicana 2026/2027,Club Necaxa - Club León,2026-08-18T01:00:00+00:00,finished,4,1-2,Club Necaxa,Danny Leyva,M,90,6.8,71,0,0,0.0967,0.206106,4,0,3,50,40,6,5,8,0,0,0,3,5,1,0,2,1,0,1,2,1,2,23,0,1,1,0,0,2,0,2026-08-22T05:28:00.417007+00:00
Liga Mexicana 2026/2027,Club Necaxa - Club León,2026-08-18T01:00:00+00:00,finished,4,1-2,Club León,Diber Cambindo,F,90,7.5,33,0,0,0.1383,0.0771972,3,2,1,15,9,0,0,0,0,3,3,11,4,3,2,2,2,2,0,5,0,2,10,3,0,0,0,0,1,0,2026-08-22T05:28:00.417438+00:00
Liga Mexicana 2026/2027,Club Necaxa - Club León,2026-08-18T01:00:00+00:00,finished,4,1-2,Club Necaxa,Diego Ochoa,D,0,,0,0,0,,,0,0,0,0,0,0,0,0,0,0,0,0,0,0,0,0,0,0,0,0,0,0,0,0,0,0,0,0,0,0,2026-08-22T05:28:00.417319+00:00
Liga Mexicana 2026/2027,Club Necaxa - Club León,2026-08-18T01:00:00+00:00,finished,4,1-2,Club Necaxa,Emilio Rodriguez,M,25,6.7,22,0,0,0.0705,0.0756219,1,0,0,14,13,1,1,3,2,1,1,1,1,0,0,0,0,0,0,1,1,1,3,0,0,0,0,0,1,0,2026-08-22T05:28:00.417294+00:00
Liga Mexicana 2026/2027,Club Necaxa - Club León,2026-08-18T01:00:00+00:00,finished,4,1-2,Club León,Fernando Beltrán,M,64,7.2,29,0,0,,0.033658,0,0,1,19,16,3,2,3,0,2,2,4,0,0,0,1,1,0,1,2,0,0,8,1,0,0,0,0,0,0,2026-08-22T05:28:00.417489+00:00
Liga Mexicana 2026/2027,Club Necaxa - Club León,2026-08-18T01:00:00+00:00,finished,4,1-2,Club Necaxa,Francisco Méndez,D,90,6.7,62,0,0,0.0477,0.0177597,3,2,0,53,49,7,7,0,0,1,1,4,5,2,0,0,0,1,0,7,0,1,5,1,3,0,0,0,2,0,2026-08-22T05:28:00.417150+00:00
Liga Mexicana 2026/2027,Club Necaxa - Club León,2026-08-18T01:00:00+00:00,finished,4,1-2,Club León,Iván Moreno,D,45,6.9,30,0,0,0.0323,0.488247,1,1,1,13,10,0,0,1,0,1,1,5,6,0,0,3,3,0,0,1,0,2,7,1,3,0,0,0,0,0,2026-08-22T05:28:00.417513+00:00
Liga Mexicana 2026/2027,Club Necaxa - Club León,2026-08-18T01:00:00+00:00,finished,4,1-2,Club Necaxa,Javier Ruiz,M,90,8.7,84,0,0,0.0894,0.184908,4,1,3,34,31,5,4,10,3,13,5,15,13,1,0,3,2,0,0,6,1,1,26,6,3,0,0,0,2,0,2026-08-22T05:28:00.417088+00:00
Liga Mexicana 2026/2027,Club Necaxa - Club León,2026-08-18T01:00:00+00:00,finished,4,1-2,Club León,Jesús Lara,M,0,,0,0,0,,,0,0,0,0,0,0,0,0,0,0,0,0,0,0,0,0,0,0,0,0,0,0,0,0,0,0,0,0,0,0,2026-08-22T05:28:00.417643+00:00
Liga Mexicana 2026/2027,Club Necaxa - Club León,2026-08-18T01:00:00+00:00,finished,4,1-2,Club León,Jhohan Romaña,D,90,6.7,48,0,0,0.0513,0.00195663,1,0,1,29,21,7,2,0,0,0,0,4,2,1,0,2,1,12,0,4,1,0,9,1,0,0,0,0,1,0,2026-08-22T05:28:00.417410+00:00
Liga Mexicana 2026/2027,Club Necaxa - Club León,2026-08-18T01:00:00+00:00,finished,4,1-2,Club León,Jordi Cortizo,M,64,6.8,38,0,0,,0.0425027,0,0,1,24,20,2,2,3,0,2,1,4,6,0,2,1,0,0,0,3,0,2,11,2,2,0,0,0,0,0,2026-08-22T05:28:00.417476+00:00
Liga Mexicana 2026/2027,Club Necaxa - Club León,2026-08-18T01:00:00+00:00,finished,4,1-2,Club León,José Alvarado,F,0,,0,0,0,,,0,0,0,0,0,0,0,0,0,0,0,0,0,0,0,0,0,0,0,0,0,0,0,0,0,0,0,0,0,0,2026-08-22T05:28:00.417657+00:00
Liga Mexicana 2026/2027,Club Necaxa - Club León,2026-08-18T01:00:00+00:00,finished,4,1-2,Club León,José Rodríguez,M,90,6.7,42,0,0,,0.00708359,0,0,1,32,24,1,0,0,0,1,1,3,3,1,0,1,1,4,1,3,0,0,11,0,2,0,0,0,1,0,2026-08-22T05:28:00.417383+00:00
Liga Mexicana 2026/2027,Club Necaxa - Club León,2026-08-18T01:00:00+00:00,finished,4,1-2,Club León,Juan Dominguez,M,26,7.8,13,1,0,0.0444,0.0350984,1,1,2,4,3,2,2,1,1,1,0,2,4,0,2,1,1,0,0,1,0,0,3,1,1,0,0,0,1,0,2026-08-22T05:28:00.417539+00:00
Liga Mexicana 2026/2027,Club Necaxa - Club León,2026-08-18T01:00:00+00:00,finished,4,1-2,Club León,Juan Guevara,D,90,7.2,40,0,0,,0.00122249,0,0,1,32,27,4,1,0,0,0,0,6,2,3,1,2,1,3,0,2,0,0,5,1,1,0,0,0,1,0,2026-08-22T05:28:00.417424+00:00
Liga Mexicana 2026/2027,Club Necaxa - Club León,2026-08-18T01:00:00+00:00,finished,4,1-2,Club Necaxa,Juan Torres,M,45,6.7,33,0,0,0.1006,0.0197316,3,1,0,21,20,1,0,2,0,1,1,1,1,0,0,0,0,0,0,0,1,1,5,0,0,0,0,0,1,0,2026-08-22T05:28:00.417241+00:00
Liga Mexicana 2026/2027,Club Necaxa - Club León,2026-08-18T01:00:00+00:00,finished,4,1-2,Club Necaxa,Juan Valencia,F,90,6.6,31,0,1,0.0937,0.017172,2,1,2,13,11,0,0,0,0,3,2,4,5,1,3,0,0,2,0,3,0,1,8,1,0,0,0,0,2,0,2026-08-22T05:28:00.417070+00:00
Liga Mexicana 2026/2027,Club Necaxa - Club León,2026-08-18T01:00:00+00:00,finished,4,1-2,Club León,Julio González,G,0,,0,0,0,,,0,0,0,0,0,0,0,0,0,0,0,0,0,0,0,0,0,0,0,0,0,0,0,0,0,0,0,0,0,0,2026-08-22T05:28:00.417605+00:00
Liga Mexicana 2026/2027,Club Necaxa - Club León,2026-08-18T01:00:00+00:00,finished,4,1-2,Club Necaxa,Kaiky Naves,D,64,6.4,39,0,0,,0.00820951,0,0,0,29,22,13,7,0,0,0,0,2,5,0,2,2,2,2,0,2,0,0,8,0,3,1,0,0,1,0,2026-08-22T05:28:00.417227+00:00
Liga Mexicana 2026/2027,Club Necaxa - Club León,2026-08-18T01:00:00+00:00,finished,4,1-2,Club Necaxa,Lorenzo Faravelli,M,65,6.6,30,0,0,0.097,0.0110439,1,1,1,22,19,6,4,0,0,0,0,2,3,0,0,2,1,0,0,5,0,1,6,0,1,0,0,0,1,0,2026-08-22T05:28:00.417198+00:00
Liga Mexicana 2026/2027,Club Necaxa - Club León,2026-08-18T01:00:00+00:00,finished,4,1-2,Club Necaxa,Luis Jimenez,G,90,7.0,31,0,0,,0.00012167,0,0,0,20,18,4,2,0,0,0,0,0,0,0,0,0,0,2,0,9,0,0,2,0,0,0,0,5,2,1,2026-08-22T05:28:00.417121+00:00
Liga Mexicana 2026/2027,Club Necaxa - Club León,2026-08-18T01:00:00+00:00,finished,4,1-2,Club León,Luis Valadez,M,26,6.6,8,0,1,0.0201,6.745e-05,1,0,1,3,3,0,0,0,0,0,0,1,2,0,2,1,1,1,0,0,0,0,0,0,0,0,0,0,1,0,2026-08-22T05:28:00.417553+00:00
Liga Mexicana 2026/2027,Club Necaxa - Club León,2026-08-18T01:00:00+00:00,finished,4,1-2,Club Necaxa,Matías Espíndola,M,78,7.6,31,1,0,0.4846,0.0918063,2,1,4,17,14,0,0,4,2,1,1,2,3,0,0,0,0,0,0,2,1,2,9,1,1,0,0,0,2,0,2026-08-22T05:28:00.417166+00:00
Liga Mexicana 2026/2027,Club Necaxa - Club León,2026-08-18T01:00:00+00:00,finished,4,1-2,Club Necaxa,Mauro Zaleta,M,25,7.2,33,0,0,,0.0170217,0,0,1,30,26,5,4,0,0,0,0,5,2,3,0,1,1,0,0,3,0,0,4,1,1,0,0,0,1,0,2026-08-22T05:28:00.417280+00:00
Liga Mexicana 2026/2027,Club Necaxa - Club León,2026-08-18T01:00:00+00:00,finished,4,1-2,Club Necaxa,Miguel Pedroza,F,12,6.3,3,0,0,,0.00025551,0,0,0,3,2,0,0,0,0,0,0,0,1,0,1,0,0,0,0,0,0,0,1,0,0,0,0,0,0,0,2026-08-22T05:28:00.417307+00:00
Liga Mexicana 2026/2027,Club Necaxa - Club León,2026-08-18T01:00:00+00:00,finished,4,1-2,Club León,Oscar García,G,90,7.5,57,0,0,,0.0309433,0,0,1,38,16,24,3,0,0,0,0,1,0,1,0,0,0,3,0,14,0,0,22,0,0,0,0,7,1,2,2026-08-22T05:28:00.417397+00:00
Liga Mexicana 2026/2027,Club Necaxa - Club León,2026-08-18T01:00:00+00:00,finished,4,1-2,Club Necaxa,Owen González,M,0,,0,0,0,,,0,0,0,0,0,0,0,0,0,0,0,0,0,0,0,0,0,0,0,0,0,0,0,0,0,0,0,0,0,0,2026-08-22T05:28:00.417332+00:00
Liga Mexicana 2026/2027,Club Necaxa - Club León,2026-08-18T01:00:00+00:00,finished,4,1-2,Club León,Paul Bellón,D,12,6.7,3,0,0,,,0,0,0,0,0,0,0,0,0,0,0,0,0,0,0,0,0,2,0,0,0,0,0,0,0,0,0,0,0,0,2026-08-22T05:28:00.417590+00:00
Liga Mexicana 2026/2027,Club Necaxa - Club León,2026-08-18T01:00:00+00:00,finished,4,1-2,Club Necaxa,Pedro Pedraza,M,0,,0,0,0,,,0,0,0,0,0,0,0,0,0,0,0,0,0,0,0,0,0,0,0,0,0,0,0,0,0,0,0,0,0,0,2026-08-22T05:28:00.417356+00:00
Liga Mexicana 2026/2027,Club Necaxa - Club León,2026-08-18T01:00:00+00:00,finished,4,1-2,Club Necaxa,Raúl Martínez,D,26,6.4,39,0,0,,0.0260062,0,0,1,29,26,2,0,3,1,0,0,0,1,0,0,0,0,0,0,0,0,0,7,0,1,0,0,0,1,0,2026-08-22T05:28:00.417267+00:00
Liga Mexicana 2026/2027,Club Necaxa - Club León,2026-08-18T01:00:00+00:00,finished,4,1-2,Club Necaxa,Ricardo Monreal,F,65,6.5,30,0,0,0.0593,0.0135897,2,1,1,16,12,3,0,1,0,3,1,4,7,0,1,1,1,0,0,6,1,1,10,2,1,0,0,0,1,0,2026-08-22T05:28:00.417212+00:00
Liga Mexicana 2026/2027,Club Necaxa - Club León,2026-08-18T01:00:00+00:00,finished,4,1-2,Club León,Rodrigo Echeverría,M,60,5.9,36,0,0,,0.0744467,0,0,1,25,22,2,0,1,1,0,0,3,5,1,0,2,1,2,0,1,0,0,5,0,1,0,1,0,1,0,2026-08-22T05:28:00.417501+00:00
Liga Mexicana 2026/2027,Club Necaxa - Club León,2026-08-18T01:00:00+00:00,finished,4,1-2,Club Necaxa,Rogelio Cortéz Pineda,M,0,,0,0,0,,,0,0,0,0,0,0,0,0,0,0,0,0,0,0,0,0,0,0,0,0,0,0,0,0,0,0,0,0,0,0,2026-08-22T05:28:00.417344+00:00
Liga Mexicana 2026/2027,Club Necaxa - Club León,2026-08-18T01:00:00+00:00,finished,4,1-2,Club León,Salvador Reyes,D,16,6.7,6,0,0,0.0668,0.00030669,1,0,0,2,2,0,0,0,0,0,0,1,1,1,0,0,0,2,0,0,1,0,1,0,0,0,0,0,0,0,2026-08-22T05:28:00.417567+00:00
Liga Mexicana 2026/2027,Club Necaxa - Club León,2026-08-18T01:00:00+00:00,finished,4,1-2,Club León,Sebastián Santos,D,0,,0,0,0,,,0,0,0,0,0,0,0,0,0,0,0,0,0,0,0,0,0,0,0,0,0,0,0,0,0,0,0,0,0,0,2026-08-22T05:28:00.417617+00:00
Liga Mexicana 2026/2027,Club Necaxa - Club León,2026-08-18T01:00:00+00:00,finished,4,1-2,Club León,Sebastián Vegas,D,74,6.7,36,0,0,,0.00616977,0,0,0,21,16,6,4,0,0,0,0,3,4,1,0,2,0,2,0,1,0,1,9,0,2,0,0,0,1,0,2026-08-22T05:28:00.417463+00:00
Liga Mexicana 2026/2027,CF Pachuca - Club Puebla,2026-08-18T03:05:00+00:00,finished,4,2-3,CF Pachuca,,,13,6.5,13,0,0,0.142,0.00321079,2,0,0,8,7,0,0,0,0,0,0,1,1,0,0,0,0,0,0,0,1,1,3,1,0,0,0,0,1,0,2026-08-21T05:17:59.103785+00:00
Liga Mexicana 2026/2027,CF Pachuca - Club Puebla,2026-08-18T03:05:00+00:00,finished,4,2-3,CF Pachuca,Adrián Alcaraz,F,14,6.7,4,0,0,,0.0383286,0,0,1,2,2,0,0,0,0,0,0,1,0,1,0,0,0,0,0,0,0,0,0,0,0,0,0,0,1,0,2026-08-22T05:28:00.158016+00:00
Liga Mexicana 2026/2027,CF Pachuca - Club Puebla,2026-08-18T03:05:00+00:00,finished,4,2-3,CF Pachuca,Alan Bautista,M,90,7.2,62,0,0,0.0116,0.435845,1,0,2,37,33,3,1,10,3,0,0,4,3,1,0,0,0,2,0,3,0,2,17,3,1,0,0,0,3,0,2026-08-22T05:28:00.157837+00:00
Liga Mexicana 2026/2027,CF Pachuca - Club Puebla,2026-08-18T03:05:00+00:00,finished,4,2-3,CF Pachuca,Alan Mozo,D,14,6.5,11,0,0,,0.0645414,0,0,0,6,5,1,1,1,1,0,0,0,0,0,0,0,0,0,0,0,0,0,2,0,0,0,0,0,1,0,2026-08-22T05:28:00.158029+00:00
Liga Mexicana 2026/2027,CF Pachuca - Club Puebla,2026-08-18T03:05:00+00:00,finished,4,2-3,Club Puebla,Alejandro Organista,M,90,6.3,52,0,0,,0.0158111,0,0,1,40,37,4,3,3,0,2,0,2,9,1,1,1,0,3,1,1,0,0,9,0,4,0,0,0,2,0,2026-08-22T05:28:00.157570+00:00
Liga Mexicana 2026/2027,CF Pachuca - Club Puebla,2026-08-18T03:05:00+00:00,finished,4,2-3,Club Puebla,Alonso Ramirez,M,25,6.5,16,0,0,0.0118,0.00223073,1,1,0,13,10,1,0,0,0,0,0,0,1,0,0,0,0,2,0,1,0,0,3,0,1,0,0,0,0,0,2026-08-22T05:28:00.157701+00:00
Liga Mexicana 2026/2027,CF Pachuca - Club Puebla,2026-08-18T03:05:00+00:00,finished,4,2-3,Club Puebla,Angel Leyva,D,0,,1,0,0,,4.382e-05,0,0,0,1,1,0,0,0,0,0,0,0,0,0,0,0,0,0,0,0,0,0,0,0,0,0,0,0,0,0,2026-08-22T05:28:00.157796+00:00
Liga Mexicana 2026/2027,CF Pachuca - Club Puebla,2026-08-18T03:05:00+00:00,finished,4,2-3,Club Puebla,Brayan Garnica,M,87,6.4,56,0,0,0.1355,0.0734775,2,0,0,37,25,4,1,2,1,2,2,5,6,0,2,2,2,0,0,3,1,2,16,1,0,0,0,0,2,0,2026-08-22T05:28:00.157628+00:00
Liga Mexicana 2026/2027,CF Pachuca - Club Puebla,2026-08-18T03:05:00+00:00,finished,4,2-3,Club Puebla,Carlos Baltazar,M,10,6.6,3,0,0,,0.00211358,0,0,0,3,2,0,0,0,0,0,0,0,0,0,0,0,0,0,0,1,0,0,1,0,0,0,0,0,0,0,2026-08-22T05:28:00.157755+00:00
Liga Mexicana 2026/2027,CF Pachuca - Club Puebla,2026-08-18T03:05:00+00:00,finished,4,2-3,CF Pachuca,Carlos Moreno,G,90,6.4,28,0,0,,0.00108672,0,0,0,18,14,7,3,0,0,0,0,0,0,0,0,0,0,0,0,8,0,0,4,0,0,0,0,2,3,0,2026-08-22T05:28:00.157852+00:00
Liga Mexicana 2026/2027,CF Pachuca - Club Puebla,2026-08-18T03:05:00+00:00,finished,4,2-3,CF Pachuca,Carlos Sánchez,D,83,6.9,71,0,1,0.1399,0.180438,2,1,2,41,34,8,5,9,2,1,1,7,6,2,1,2,2,0,1,4,0,1,18,2,1,0,0,0,2,0,2026-08-22T05:28:00.157922+00:00
Liga Mexicana 2026/2027,CF Pachuca - Club Puebla,2026-08-18T03:05:00+00:00,finished,4,2-3,CF Pachuca,Cristóbal Hernández,F,0,,0,0,0,,,0,0,0,0,0,0,0,0,0,0,0,0,0,0,0,0,0,0,0,0,0,0,0,0,0,0,0,0,0,0,2026-08-22T05:28:00.158055+00:00
Liga Mexicana 2026/2027,CF Pachuca - Club Puebla,2026-08-18T03:05:00+00:00,finished,4,2-3,Club Puebla,Daniel Gutierrez,G,90,6.1,37,0,0,,0.00168663,0,0,0,29,12,23,6,0,0,0,0,0,0,0,0,0,0,2,0,6,0,0,17,0,0,0,0,2,2,0,2026-08-22T05:28:00.157555+00:00
Liga Mexicana 2026/2027,CF Pachuca - Club Puebla,2026-08-18T03:05:00+00:00,finished,4,2-3,CF Pachuca,Eduardo Bauermann,D,90,7.1,90,0,0,,0.0447388,0,0,2,73,60,13,6,0,0,0,0,9,4,6,1,2,2,9,1,6,0,0,13,1,3,0,0,0,3,0,2026-08-22T05:28:00.157866+00:00
Liga Mexicana 2026/2027,CF Pachuca - Club Puebla,2026-08-18T03:05:00+00:00,finished,4,2-3,Club Puebla,Eduardo Mustre,F,83,6.3,30,0,1,0.0942,0.00968361,2,1,2,13,13,0,0,1,0,0,0,4,11,0,7,1,0,1,0,2,0,1,7,3,3,0,0,0,2,0,2026-08-22T05:28:00.157674+00:00
Liga Mexicana 2026/2027,CF Pachuca - Club Puebla,2026-08-18T03:05:00+00:00,finished,4,2-3,CF Pachuca,Elías Montiel,M,45,6.4,33,0,0,,0.045837,0,0,2,25,24,1,1,2,1,1,0,1,2,0,0,0,0,0,0,3,0,1,5,1,0,0,0,0,2,0,2026-08-22T05:28:00.157975+00:00
Liga Mexicana 2026/2027,CF Pachuca - Club Puebla,2026-08-18T03:05:00+00:00,finished,4,2-3,Club Puebla,Emiliano Gómez,M,83,7.4,32,1,0,0.1252,0.0255462,2,1,1,18,18,0,0,4,0,2,1,4,5,0,1,2,0,0,0,3,1,1,7,1,1,0,0,0,2,0,2026-08-22T05:28:00.157643+00:00
Liga Mexicana 2026/2027,CF Pachuca - Club Puebla,2026-08-18T03:05:00+00:00,finished,4,2-3,Club Puebla,Facundo Almada,D,90,7.6,61,1,0,0.9479,0.00844429,1,1,0,40,31,8,3,0,0,3,2,5,1,2,0,1,0,8,3,5,0,0,11,0,0,0,0,0,2,0,2026-08-22T05:28:00.157598+00:00
Liga Mexicana 2026/2027,CF Pachuca - Club Puebla,2026-08-18T03:05:00+00:00,finished,4,2-3,Club Puebla,Fernando Monarrez,D,90,6.6,68,0,0,0.0206,0.0334484,1,0,1,40,31,6,6,3,0,0,0,4,8,3,4,1,1,4,1,4,0,2,21,1,1,0,0,0,2,0,2026-08-22T05:28:00.157453+00:00
Liga Mexicana 2026/2027,CF Pachuca - Club Puebla,2026-08-18T03:05:00+00:00,finished,4,2-3,CF Pachuca,Francisco Venegas,D,0,,0,0,0,,,0,0,0,0,0,0,0,0,0,0,0,0,0,0,0,0,0,0,0,0,0,0,0,0,0,0,0,0,0,0,2026-08-22T05:28:00.158080+00:00
Liga Mexicana 2026/2027,CF Pachuca - Club Puebla,2026-08-18T03:05:00+00:00,finished,4,2-3,CF Pachuca,Gael Álvarez,M,13,6.5,13,0,0,0.142,0.00321079,2,0,0,8,7,0,0,0,0,0,0,1,1,0,0,0,0,0,0,0,1,1,3,1,0,0,0,0,1,0,2026-08-22T05:28:00.158042+00:00
Liga Mexicana 2026/2027,CF Pachuca - Club Puebla,2026-08-18T03:05:00+00:00,finished,4,2-3,Club Puebla,Iker Moreno,D,83,6.1,40,0,0,,0.0081273,0,0,0,27,23,2,0,3,0,1,1,3,2,0,1,2,1,1,0,4,0,0,8,0,1,0,0,0,2,0,2026-08-22T05:28:00.157658+00:00
Liga Mexicana 2026/2027,CF Pachuca - Club Puebla,2026-08-18T03:05:00+00:00,finished,4,2-3,CF Pachuca,Jorge Berlanga,D,0,,0,0,0,,,0,0,0,0,0,0,0,0,0,0,0,0,0,0,0,0,0,0,0,0,0,0,0,0,0,0,0,0,0,0,2026-08-22T05:28:00.158635+00:00
Liga Mexicana 2026/2027,CF Pachuca - Club Puebla,2026-08-18T03:05:00+00:00,finished,4,2-3,CF Pachuca,Jose Eulogio,G,0,,0,0,0,,,0,0,0,0,0,0,0,0,0,0,0,0,0,0,0,0,0,0,0,0,0,0,0,0,0,0,0,0,0,0,2026-08-22T05:28:00.158068+00:00
Liga Mexicana 2026/2027,CF Pachuca - Club Puebla,2026-08-18T03:05:00+00:00,finished,4,2-3,Club Puebla,Jose Pachuca,D,0,,0,0,0,,,0,0,0,0,0,0,0,0,0,0,0,0,0,0,0,0,0,0,0,0,0,0,0,0,0,0,0,0,0,0,2026-08-22T05:28:00.157783+00:00
Liga Mexicana 2026/2027,CF Pachuca - Club Puebla,2026-08-18T03:05:00+00:00,finished,4,2-3,Club Puebla,Juan Pablo Vargas,D,90,6.8,39,0,0,,0.00374763,0,0,0,27,24,8,5,0,0,1,1,2,2,0,0,1,1,7,1,4,0,0,3,0,1,0,0,0,2,0,2026-08-22T05:28:00.157613+00:00
Liga Mexicana 2026/2027,CF Pachuca - Club Puebla,2026-08-18T03:05:00+00:00,finished,4,2-3,CF Pachuca,Kenedy,M,45,6.4,34,0,0,0.0457,0.044973,2,0,0,24,20,4,2,0,0,2,1,2,3,0,0,0,0,0,1,1,1,2,8,1,1,0,0,0,2,0,2026-08-22T05:28:00.157989+00:00
Liga Mexicana 2026/2027,CF Pachuca - Club Puebla,2026-08-18T03:05:00+00:00,finished,4,2-3,Club Puebla,Kevin Velasco,F,90,7.2,61,1,0,0.9349,0.0715354,3,1,3,40,36,3,3,4,0,1,0,3,5,0,1,1,1,2,0,5,1,2,14,2,0,0,0,0,2,0,2026-08-22T05:28:00.157537+00:00
Liga Mexicana 2026/2027,CF Pachuca - Club Puebla,2026-08-18T03:05:00+00:00,finished,4,2-3,Club Puebla,Lucas Camilo,M,14,6.5,5,0,0,,0.00011779,0,0,0,2,2,0,0,0,0,0,0,0,1,0,0,0,0,0,1,0,0,0,1,0,1,0,0,0,0,0,2026-08-22T05:28:00.157730+00:00
Liga Mexicana 2026/2027,CF Pachuca - Club Puebla,2026-08-18T03:05:00+00:00,finished,4,2-3,Club Puebla,Luifer Hernández,F,14,7.2,3,0,1,,0.293097,0,0,1,2,2,0,0,0,0,0,0,0,1,0,1,0,0,0,0,0,0,0,1,0,0,0,0,0,0,0,2026-08-22T05:28:00.157716+00:00
Liga Mexicana 2026/2027,CF Pachuca - Club Puebla,2026-08-18T03:05:00+00:00,finished,4,2-3,Club Puebla,Mathías Tomás,M,0,,0,0,0,,,0,0,0,0,0,0,0,0,0,0,0,0,0,0,0,0,0,0,0,0,0,0,0,0,0,0,0,0,0,0,2026-08-22T05:28:00.157823+00:00
Liga Mexicana 2026/2027,CF Pachuca - Club Puebla,2026-08-18T03:05:00+00:00,finished,4,2-3,CF Pachuca,Mauricio Isais,D,90,6.1,57,0,0,0.2763,0.092797,2,0,0,32,25,5,3,6,1,3,2,7,6,2,1,2,1,0,0,2,1,2,18,1,1,0,0,0,3,0,2026-08-22T05:28:00.157895+00:00
Liga Mexicana 2026/2027,CF Pachuca - Club Puebla,2026-08-18T03:05:00+00:00,finished,4,2-3,CF Pachuca,Nicolás Vallejo,F,45,6.9,28,0,0,0.1009,0.0823492,2,0,2,19,16,0,0,1,1,0,0,1,1,0,1,1,0,0,1,3,1,0,4,0,1,0,0,0,1,0,2026-08-22T05:28:00.157962+00:00
Liga Mexicana 2026/2027,CF Pachuca - Club Puebla,2026-08-18T03:05:00+00:00,finished,4,2-3,Club Puebla,Omar Moreno,M,0,,0,0,0,,,0,0,0,0,0,0,0,0,0,0,0,0,0,0,0,0,0,0,0,0,0,0,0,0,0,0,0,0,0,0,2026-08-22T05:28:00.157809+00:00
Liga Mexicana 2026/2027,CF Pachuca - Club Puebla,2026-08-18T03:05:00+00:00,finished,4,2-3,CF Pachuca,Oussama Idrissi,M,77,6.8,51,0,0,0.0613,0.0331695,2,0,0,36,29,3,3,0,0,4,3,5,3,0,1,1,1,0,0,4,0,1,13,1,0,0,0,0,2,0,2026-08-22T05:28:00.157948+00:00
Liga Mexicana 2026/2027,CF Pachuca - Club Puebla,2026-08-18T03:05:00+00:00,finished,4,2-3,CF Pachuca,Rodolfo Pizarro,M,45,6.7,28,0,0,0.1597,0.42661,1,1,2,16,15,2,2,1,1,4,2,3,5,0,1,1,0,0,0,0,0,2,6,0,0,0,0,0,1,0,2026-08-22T05:28:00.158003+00:00
Liga Mexicana 2026/2027,CF Pachuca - Club Puebla,2026-08-18T03:05:00+00:00,finished,4,2-3,CF Pachuca,Salomón Rondón,F,83,8.4,28,2,0,1.2919,0.0225666,7,2,2,15,10,0,0,0,0,2,2,4,0,1,0,0,0,0,0,1,0,0,7,1,0,0,0,0,2,0,2026-08-22T05:28:00.157935+00:00
Liga Mexicana 2026/2027,CF Pachuca - Club Puebla,2026-08-18T03:05:00+00:00,finished,4,2-3,CF Pachuca,Sergio Barreto,D,90,6.4,59,0,0,,0.0169002,0,0,1,53,45,10,7,0,0,0,0,6,4,6,1,0,0,3,1,1,0,0,8,0,1,0,0,0,3,0,2026-08-22T05:28:00.157880+00:00
Liga Mexicana 2026/2027,CF Pachuca - Club Puebla,2026-08-18T03:05:00+00:00,finished,4,2-3,CF Pachuca,Sergio Rodríguez,M,90,7.3,56,0,0,0.0191,0.0208378,1,0,0,43,41,6,6,0,0,1,1,6,1,0,0,4,4,1,1,5,1,0,4,1,1,0,0,0,3,0,2026-08-22T05:28:00.157908+00:00
Liga Mexicana 2026/2027,CF Pachuca - Club Puebla,2026-08-18T03:05:00+00:00,finished,4,2-3,Club Puebla,Sergio Sanabria,M,65,6.5,31,0,0,,0.00677322,0,0,0,21,18,1,0,0,0,0,0,6,4,1,0,5,3,2,1,2,0,0,4,0,2,0,0,0,2,0,2026-08-22T05:28:00.157687+00:00
Liga Mexicana 2026/2027,CF Pachuca - Club Puebla,2026-08-18T03:05:00+00:00,finished,4,2-3,CF Pachuca,Thomas Contreras,M,0,,0,0,0,,,0,0,0,0,0,0,0,0,0,0,0,0,0,0,0,0,0,0,0,0,0,0,0,0,0,0,0,0,0,0,2026-08-22T05:28:00.158661+00:00
Liga Mexicana 2026/2027,CF Pachuca - Club Puebla,2026-08-18T03:05:00+00:00,finished,4,2-3,Club Puebla,Yael Ortega,G,0,,0,0,0,,,0,0,0,0,0,0,0,0,0,0,0,0,0,0,0,0,0,0,0,0,0,0,0,0,0,0,0,0,0,0,2026-08-22T05:28:00.157769+00:00
Liga Mexicana 2026/2027,CF Pachuca - Club Puebla,2026-08-18T03:05:00+00:00,finished,4,2-3,Club Puebla,Óscar Villa,D,14,6.7,8,0,0,,0.00072391,0,0,0,7,4,3,0,0,0,0,0,1,1,1,1,0,0,1,0,0,0,0,3,0,0,0,0,0,0,0,2026-08-22T05:28:00.157742+00:00
Liga Mexicana 2026/2027,Club León - CF Monterrey,2026-08-22T01:00:00+00:00,finished,5,2-0,CF Monterrey,Aldo De Nigris,F,0,,0,0,0,,,0,0,0,0,0,0,0,0,0,0,0,0,0,0,0,0,0,0,0,0,0,0,0,0,0,0,0,0,0,0,2026-08-22T05:28:00.619758+00:00
Liga Mexicana 2026/2027,Club León - CF Monterrey,2026-08-22T01:00:00+00:00,finished,5,2-0,Club León,Bryan Colula,D,80,7.4,42,0,0,,0.0160029,0,0,0,27,21,5,3,0,0,0,0,4,3,0,0,3,3,4,0,0,0,0,8,1,1,0,0,0,0,0,2026-08-22T05:28:00.619856+00:00
Liga Mexicana 2026/2027,Club León - CF Monterrey,2026-08-22T01:00:00+00:00,finished,5,2-0,CF Monterrey,Cesar Garza,M,0,,0,0,0,,,0,0,0,0,0,0,0,0,0,0,0,0,0,0,0,0,0,0,0,0,0,0,0,0,0,0,0,0,0,0,2026-08-22T05:28:00.619744+00:00
Liga Mexicana 2026/2027,Club León - CF Monterrey,2026-08-22T01:00:00+00:00,finished,5,2-0,Club León,Christopher Mora,D,0,,0,0,0,,,0,0,0,0,0,0,0,0,0,0,0,0,0,0,0,0,0,0,0,0,0,0,0,0,0,0,0,0,0,0,2026-08-22T05:28:00.619989+00:00
Liga Mexicana 2026/2027,Club León - CF Monterrey,2026-08-22T01:00:00+00:00,finished,5,2-0,CF Monterrey,César Ramos,G,0,,0,0,0,,,0,0,0,0,0,0,0,0,0,0,0,0,0,0,0,0,0,0,0,0,0,0,0,0,0,0,0,0,0,0,2026-08-22T05:28:00.619730+00:00
Liga Mexicana 2026/2027,Club León - CF Monterrey,2026-08-22T01:00:00+00:00,finished,5,2-0,Club León,Daniel Arcila,M,90,7.2,36,1,0,0.9895,0.0192638,3,2,1,25,17,1,1,1,0,2,1,3,4,0,1,0,0,0,0,4,0,0,12,2,2,0,0,0,0,0,2026-08-22T05:28:00.619785+00:00
Liga Mexicana 2026/2027,Club León - CF Monterrey,2026-08-22T01:00:00+00:00,finished,5,2-0,Club León,Diber Cambindo,F,60,7.2,20,0,1,0.1272,0.269944,3,1,2,12,10,0,0,0,0,1,1,2,2,1,0,0,0,0,0,1,0,1,4,0,1,0,0,0,0,0,2026-08-22T05:28:00.619893+00:00
Liga Mexicana 2026/2027,Club León - CF Monterrey,2026-08-22T01:00:00+00:00,finished,5,2-0,CF Monterrey,Diego Rossi,F,90,5.9,43,0,0,0.2085,0.257706,2,0,0,24,21,0,0,5,1,1,0,2,8,1,3,0,0,0,0,2,0,2,14,1,1,0,0,0,2,0,2026-08-22T05:28:00.619510+00:00
Liga Mexicana 2026/2027,Club León - CF Monterrey,2026-08-22T01:00:00+00:00,finished,5,2-0,Club León,Fernando Beltrán,M,60,7.2,35,0,0,,0.285975,0,0,2,27,25,5,4,1,0,2,1,3,4,1,2,0,0,0,0,1,0,1,5,1,0,0,0,0,0,0,2026-08-22T05:28:00.619906+00:00
Liga Mexicana 2026/2027,Club León - CF Monterrey,2026-08-22T01:00:00+00:00,finished,5,2-0,CF Monterrey,Fidel Ambríz,M,68,6.4,41,0,0,0.0204,0.0141173,1,0,0,32,30,0,0,0,0,1,0,3,6,1,1,2,1,2,0,4,0,0,4,0,3,0,0,0,1,0,2026-08-22T05:28:00.619612+00:00
Liga Mexicana 2026/2027,Club León - CF Monterrey,2026-08-22T01:00:00+00:00,finished,5,2-0,CF Monterrey,Gerardo Arteaga,D,81,6.0,72,0,0,,0.00639562,0,0,0,59,53,1,0,2,0,1,0,0,1,0,0,0,0,1,2,3,0,0,10,0,1,0,0,0,2,0,2026-08-22T05:28:00.619569+00:00
Liga Mexicana 2026/2027,Club León - CF Monterrey,2026-08-22T01:00:00+00:00,finished,5,2-0,CF Monterrey,Hugo Cuypers,F,90,6.2,19,0,0,0.1443,0.00513291,2,1,0,14,10,0,0,0,0,0,0,1,2,0,0,1,0,0,1,3,1,0,4,0,1,0,0,0,2,0,2026-08-22T05:28:00.619469+00:00
Liga Mexicana 2026/2027,Club León - CF Monterrey,2026-08-22T01:00:00+00:00,finished,5,2-0,CF Monterrey,Iker Fimbres,M,9,7.0,27,0,0,0.0154,0.0605974,1,0,0,23,23,1,1,0,0,2,2,2,0,0,0,0,0,1,0,1,0,0,0,0,0,0,0,0,0,0,2026-08-22T05:28:00.619693+00:00
Liga Mexicana 2026/2027,Club León - CF Monterrey,2026-08-22T01:00:00+00:00,finished,5,2-0,Club León,Ismael Díaz,M,0,,0,0,0,,,0,0,0,0,0,0,0,0,0,0,0,0,0,0,0,0,0,0,0,0,0,0,0,0,0,0,0,0,0,0,2026-08-22T05:28:00.620013+00:00
Liga Mexicana 2026/2027,Club León - CF Monterrey,2026-08-22T01:00:00+00:00,finished,5,2-0,Club León,Iván Moreno,D,10,6.7,6,0,0,,0.00306649,0,0,0,3,1,2,0,0,0,0,0,1,2,0,0,1,1,1,0,1,0,0,4,0,0,0,0,0,0,0,2026-08-22T05:28:00.619954+00:00
Liga Mexicana 2026/2027,Club León - CF Monterrey,2026-08-22T01:00:00+00:00,finished,5,2-0,CF Monterrey,Jesús Corona,M,88,6.6,88,0,0,0.133,0.168722,2,1,1,54,51,3,3,14,0,10,4,5,7,0,0,0,0,0,0,1,0,0,24,1,1,0,0,0,2,0,2026-08-22T05:28:00.619555+00:00
Liga Mexicana 2026/2027,Club León - CF Monterrey,2026-08-22T01:00:00+00:00,finished,5,2-0,Club León,Jesús Lara,M,9,6.9,5,0,0,,,0,0,0,0,0,0,0,0,0,0,0,1,0,1,0,0,0,2,0,1,0,0,1,0,0,0,0,0,0,0,2026-08-22T05:28:00.619966+00:00
Liga Mexicana 2026/2027,Club León - CF Monterrey,2026-08-22T01:00:00+00:00,finished,5,2-0,Club León,Jhohan Romaña,D,66,6.1,48,0,0,0.1048,0.00159005,1,0,0,34,29,3,0,1,0,0,0,5,2,3,0,1,0,8,0,2,0,0,7,1,2,0,1,0,0,0,2026-08-22T05:28:00.619881+00:00
Liga Mexicana 2026/2027,Club León - CF Monterrey,2026-08-22T01:00:00+00:00,finished,5,2-0,Club León,Jordi Cortizo,M,68,8.5,53,1,0,0.3536,0.216747,3,2,2,31,27,2,1,3,1,1,0,5,3,0,0,3,2,2,1,3,0,1,11,2,0,0,0,0,0,0,2026-08-22T05:28:00.619868+00:00
Liga Mexicana 2026/2027,Club León - CF Monterrey,2026-08-22T01:00:00+00:00,finished,5,2-0,CF Monterrey,Jorge Rodríguez,M,90,7.2,105,0,0,,0.0382887,0,0,0,97,94,10,7,0,0,0,0,4,1,0,0,2,2,3,0,8,0,0,3,2,0,0,0,0,2,0,2026-08-22T05:28:00.619526+00:00
Liga Mexicana 2026/2027,Club León - CF Monterrey,2026-08-22T01:00:00+00:00,finished,5,2-0,Club León,José Alvarado,F,30,6.9,9,0,0,,0.00184273,0,0,1,5,4,0,0,0,0,0,0,2,3,1,0,0,0,0,0,2,0,2,3,1,0,0,0,0,0,0,2026-08-22T05:28:00.619931+00:00
Liga Mexicana 2026/2027,Club León - CF Monterrey,2026-08-22T01:00:00+00:00,finished,5,2-0,Club León,José Rodríguez,M,81,7.5,43,0,0,,0.0293674,0,0,0,31,24,4,1,0,0,2,2,6,0,1,0,2,1,2,1,3,0,0,7,1,0,0,0,0,0,0,2026-08-22T05:28:00.619842+00:00
Liga Mexicana 2026/2027,Club León - CF Monterrey,2026-08-22T01:00:00+00:00,finished,5,2-0,Club León,Juan Dominguez,M,30,6.5,15,0,0,,0.00176982,0,0,0,6,5,0,0,1,0,2,0,1,4,0,0,1,1,0,0,3,0,1,7,0,1,0,0,0,0,0,2026-08-22T05:28:00.619918+00:00
Liga Mexicana 2026/2027,Club León - CF Monterrey,2026-08-22T01:00:00+00:00,finished,5,2-0,Club León,Juan Guevara,D,90,7.7,62,0,0,0.1383,0.00452451,1,0,0,42,39,4,2,0,0,1,1,2,1,0,0,1,1,10,1,4,0,0,5,0,0,0,0,0,0,0,2026-08-22T05:28:00.619812+00:00
Liga Mexicana 2026/2027,Club León - CF Monterrey,2026-08-22T01:00:00+00:00,finished,5,2-0,Club León,Julio González,G,0,,0,0,0,,,0,0,0,0,0,0,0,0,0,0,0,0,0,0,0,0,0,0,0,0,0,0,0,0,0,0,0,0,0,0,2026-08-22T05:28:00.620001+00:00
Liga Mexicana 2026/2027,Club León - CF Monterrey,2026-08-22T01:00:00+00:00,finished,5,2-0,CF Monterrey,Luca Orellano,M,45,7.7,52,0,0,0.2491,0.501756,5,1,1,30,26,1,0,6,2,2,1,4,3,0,0,1,0,0,0,2,1,2,13,2,0,0,0,0,1,0,2026-08-22T05:28:00.619625+00:00
Liga Mexicana 2026/2027,Club León - CF Monterrey,2026-08-22T01:00:00+00:00,finished,5,2-0,CF Monterrey,Lucas Ocampos,M,90,6.8,63,0,0,0.1354,0.154674,3,1,5,36,30,5,3,8,2,6,4,8,4,0,1,1,1,0,0,1,1,0,18,3,1,0,0,0,2,0,2026-08-22T05:28:00.619491+00:00
Liga Mexicana 2026/2027,Club León - CF Monterrey,2026-08-22T01:00:00+00:00,finished,5,2-0,CF Monterrey,Luis Cárdenas,G,90,6.8,42,0,0,,0.00021685,0,0,0,31,31,2,2,0,0,0,0,0,1,0,0,0,0,2,0,13,0,0,0,0,1,1,0,3,2,1,2026-08-22T05:28:00.619405+00:00
Liga Mexicana 2026/2027,Club León - CF Monterrey,2026-08-22T01:00:00+00:00,finished,5,2-0,CF Monterrey,Luis Reyes,D,9,6.7,26,0,0,0.0345,0.088225,1,0,1,21,21,1,1,3,0,0,0,0,1,0,1,0,0,0,0,0,0,0,3,0,0,0,0,0,0,0,2026-08-22T05:28:00.619680+00:00
Liga Mexicana 2026/2027,Club León - CF Monterrey,2026-08-22T01:00:00+00:00,finished,5,2-0,Club León,Luis Valadez,M,90,6.7,40,0,0,,0.00668315,0,0,1,31,23,3,3,0,0,1,1,3,5,0,0,2,0,0,0,6,0,2,11,0,0,0,0,0,0,0,2026-08-22T05:28:00.619799+00:00
Liga Mexicana 2026/2027,Club León - CF Monterrey,2026-08-22T01:00:00+00:00,finished,5,2-0,CF Monterrey,Omar Galvez,M,0,,0,0,0,,,0,0,0,0,0,0,0,0,0,0,0,0,0,0,0,0,0,0,0,0,0,0,0,0,0,0,0,0,0,0,2026-08-22T05:28:00.619705+00:00
Liga Mexicana 2026/2027,Club León - CF Monterrey,2026-08-22T01:00:00+00:00,finished,5,2-0,CF Monterrey,Orbelín Pineda,M,81,6.9,69,0,0,0.0478,0.0918112,2,0,2,55,54,3,3,1,0,1,1,3,5,0,1,2,1,0,2,5,1,1,4,0,1,0,0,0,2,0,2026-08-22T05:28:00.619598+00:00
Liga Mexicana 2026/2027,Club León - CF Monterrey,2026-08-22T01:00:00+00:00,finished,5,2-0,Club León,Oscar García,G,90,8.8,42,0,0,,0.027789,0,0,0,29,18,16,6,0,0,0,0,0,0,0,0,0,0,1,0,14,0,0,12,0,0,0,0,4,0,1,2026-08-22T05:28:00.619826+00:00
Liga Mexicana 2026/2027,Club León - CF Monterrey,2026-08-22T01:00:00+00:00,finished,5,2-0,Club León,Paul Bellón,D,22,6.7,7,0,0,,1.28e-06,0,0,0,3,3,0,0,0,0,0,0,0,0,0,0,0,0,3,0,0,0,0,0,0,0,0,0,0,0,0,2026-08-22T05:28:00.619943+00:00
Liga Mexicana 2026/2027,Club León - CF Monterrey,2026-08-22T01:00:00+00:00,finished,5,2-0,CF Monterrey,Ricardo Chávez,D,45,6.4,34,0,0,,0.0302614,0,0,0,23,17,2,1,3,1,0,0,3,1,1,0,0,0,1,1,2,0,0,9,2,1,1,0,0,1,0,2026-08-22T05:28:00.619640+00:00
Liga Mexicana 2026/2027,Club León - CF Monterrey,2026-08-22T01:00:00+00:00,finished,5,2-0,CF Monterrey,Roberto de la Rosa,F,10,6.2,3,0,0,0.3298,,1,0,0,1,0,0,0,0,0,0,0,0,1,0,0,0,0,0,0,0,1,1,2,0,0,0,0,0,0,0,2026-08-22T05:28:00.619667+00:00
Liga Mexicana 2026/2027,Club León - CF Monterrey,2026-08-22T01:00:00+00:00,finished,5,2-0,Club León,Salvador Reyes,D,0,,0,0,0,,,0,0,0,0,0,0,0,0,0,0,0,0,0,0,0,0,0,0,0,0,0,0,0,0,0,0,0,0,0,0,2026-08-22T05:28:00.619978+00:00
Liga Mexicana 2026/2027,Club León - CF Monterrey,2026-08-22T01:00:00+00:00,finished,5,2-0,Club León,Sebastián Santos,D,0,,0,0,0,,,0,0,0,0,0,0,0,0,0,0,0,0,0,0,0,0,0,0,0,0,0,0,0,0,0,0,0,0,0,0,2026-08-22T05:28:00.620025+00:00
Liga Mexicana 2026/2027,Club León - CF Monterrey,2026-08-22T01:00:00+00:00,finished,5,2-0,Club León,Sebastián Vegas,D,90,7.2,63,0,0,,0.0958455,0,0,1,33,24,8,2,1,1,0,0,6,7,1,1,4,3,7,2,4,0,0,10,1,4,0,0,0,0,0,2026-08-22T05:28:00.619771+00:00
Liga Mexicana 2026/2027,Club León - CF Monterrey,2026-08-22T01:00:00+00:00,finished,5,2-0,CF Monterrey,Victor Guzmán,D,90,7.8,85,0,0,,0.0115631,0,0,0,71,67,9,5,0,0,0,0,5,3,1,2,4,3,4,3,7,0,0,6,0,1,0,0,0,2,0,2026-08-22T05:28:00.619541+00:00
Liga Mexicana 2026/2027,Club León - CF Monterrey,2026-08-22T01:00:00+00:00,finished,5,2-0,CF Monterrey,Érick Aguirre,D,0,,0,0,0,,,0,0,0,0,0,0,0,0,0,0,0,0,0,0,0,0,0,0,0,0,0,0,0,0,0,0,0,0,0,0,2026-08-22T05:28:00.619717+00:00
Liga Mexicana 2026/2027,Club León - CF Monterrey,2026-08-22T01:00:00+00:00,finished,5,2-0,CF Monterrey,Óliver Torres,M,22,7.0,37,0,0,,0.666899,0,0,3,28,25,4,3,8,3,0,0,0,0,0,0,0,0,0,0,0,0,0,8,0,0,0,0,0,1,0,2026-08-22T05:28:00.619653+00:00
Liga Mexicana 2026/2027,Tigres UANL - Atlante FC,2026-08-22T01:00:00+00:00,finished,5,2-0,Atlante FC,Aarón Quirós,D,90,6.1,59,0,0,,0.00178944,0,0,0,33,19,8,0,0,0,2,0,1,4,0,2,1,1,4,3,4,0,0,26,0,0,0,0,0,2,0,2026-08-22T05:28:00.383492+00:00
Liga Mexicana 2026/2027,Tigres UANL - Atlante FC,2026-08-22T01:00:00+00:00,finished,5,2-0,Tigres UANL,Alan Javier Franco,D,90,7.5,102,0,0,,0.00817927,0,0,0,86,78,8,5,0,0,1,1,6,3,3,0,1,1,8,0,7,0,1,11,1,0,0,0,0,0,0,2026-08-22T05:28:00.383066+00:00
Liga Mexicana 2026/2027,Tigres UANL - Atlante FC,2026-08-22T01:00:00+00:00,finished,5,2-0,Tigres UANL,Antonio de María y Campos,F,0,,0,0,0,,,0,0,0,0,0,0,0,0,0,0,0,0,0,0,0,0,0,0,0,0,0,0,0,0,0,0,0,0,0,0,2026-08-22T05:28:00.383451+00:00
Liga Mexicana 2026/2027,Tigres UANL - Atlante FC,2026-08-22T01:00:00+00:00,finished,5,2-0,Atlante FC,Armando Escobar,D,49,6.7,37,0,0,0.0221,0.00185382,1,1,0,17,11,3,1,1,0,2,0,7,3,2,0,3,2,3,3,1,0,0,9,2,1,0,0,0,2,0,2026-08-22T05:28:00.383636+00:00
Liga Mexicana 2026/2027,Tigres UANL - Atlante FC,2026-08-22T01:00:00+00:00,finished,5,2-0,Tigres UANL,Carlos Rodríguez,G,0,,0,0,0,,,0,0,0,0,0,0,0,0,0,0,0,0,0,0,0,0,0,0,0,0,0,0,0,0,0,0,0,0,0,0,2026-08-22T05:28:00.383464+00:00
Liga Mexicana 2026/2027,Tigres UANL - Atlante FC,2026-08-22T01:00:00+00:00,finished,5,2-0,Atlante FC,Cristobal Alfaro,D,8,6.1,9,0,0,,6.54e-05,0,0,0,5,2,2,0,0,0,0,0,0,1,0,1,0,0,1,1,0,0,0,3,0,0,0,0,0,1,0,2026-08-22T05:28:00.383692+00:00
Liga Mexicana 2026/2027,Tigres UANL - Atlante FC,2026-08-22T01:00:00+00:00,finished,5,2-0,Tigres UANL,Diego Lainez,M,89,7.2,74,0,0,0.2599,0.107036,5,1,0,48,42,1,1,2,0,3,2,7,7,0,2,2,2,0,0,4,2,2,16,3,1,0,0,0,0,0,2026-08-22T05:28:00.383308+00:00
Liga Mexicana 2026/2027,Tigres UANL - Atlante FC,2026-08-22T01:00:00+00:00,finished,5,2-0,Atlante FC,Diego Monarrez,,0,,0,0,0,,,0,0,0,0,0,0,0,0,0,0,0,0,0,0,0,0,0,0,0,0,0,0,0,0,0,0,0,0,0,0,2026-08-22T05:28:00.383745+00:00
Liga Mexicana 2026/2027,Tigres UANL - Atlante FC,2026-08-22T01:00:00+00:00,finished,5,2-0,Tigres UANL,Diego Ramirez,F,0,,0,0,0,,,0,0,0,0,0,0,0,0,0,0,0,0,0,0,0,0,0,0,0,0,0,0,0,0,0,0,0,0,0,0,2026-08-22T05:28:00.383437+00:00
Liga Mexicana 2026/2027,Tigres UANL - Atlante FC,2026-08-22T01:00:00+00:00,finished,5,2-0,Tigres UANL,Diego Sánchez,F,90,7.4,76,0,0,0.1145,0.0675004,2,0,1,42,33,3,2,4,1,8,4,15,11,0,0,9,7,0,0,8,0,3,21,2,1,0,0,0,0,0,2026-08-22T05:28:00.383279+00:00
Liga Mexicana 2026/2027,Tigres UANL - Atlante FC,2026-08-22T01:00:00+00:00,finished,5,2-0,Atlante FC,Diogo Bagüí,D,0,,0,0,0,,,0,0,0,0,0,0,0,0,0,0,0,0,0,0,0,0,0,0,0,0,0,0,0,0,0,0,0,0,0,0,2026-08-22T05:28:00.383759+00:00
Liga Mexicana 2026/2027,Tigres UANL - Atlante FC,2026-08-22T01:00:00+00:00,finished,5,2-0,Tigres UANL,Edgar Villavicencio,,0,,0,0,0,,,0,0,0,0,0,0,0,0,0,0,0,0,0,0,0,0,0,0,0,0,0,0,0,0,0,0,0,0,0,0,2026-08-22T05:28:00.383423+00:00
Liga Mexicana 2026/2027,Tigres UANL - Atlante FC,2026-08-22T01:00:00+00:00,finished,5,2-0,Atlante FC,Eduardo Tercero,D,90,7.5,37,0,0,,0.00128978,0,0,0,26,20,6,3,0,0,0,0,5,1,2,0,3,3,2,0,2,0,0,7,1,0,0,0,0,2,0,2026-08-22T05:28:00.383535+00:00
Liga Mexicana 2026/2027,Tigres UANL - Atlante FC,2026-08-22T01:00:00+00:00,finished,5,2-0,Atlante FC,Eugenio Pizzuto,M,90,7.1,62,0,0,0.0155,0.0387649,1,0,1,49,43,6,4,0,0,1,1,7,4,1,0,3,2,2,1,9,1,2,8,2,1,0,0,0,2,0,2026-08-22T05:28:00.383549+00:00
Liga Mexicana 2026/2027,Tigres UANL - Atlante FC,2026-08-22T01:00:00+00:00,finished,5,2-0,Tigres UANL,Fernando Gorriarán,M,90,7.7,94,0,0,0.0818,0.0644621,2,0,2,78,67,8,5,1,0,0,0,7,3,1,1,5,4,0,0,5,2,0,13,1,2,0,0,0,0,0,2026-08-22T05:28:00.383082+00:00
Liga Mexicana 2026/2027,Tigres UANL - Atlante FC,2026-08-22T01:00:00+00:00,finished,5,2-0,Tigres UANL,Fernando Ordoñez,D,0,,0,0,0,,,0,0,0,0,0,0,0,0,0,0,0,0,0,0,0,0,0,0,0,0,0,0,0,0,0,0,0,0,0,0,2026-08-22T05:28:00.383478+00:00
Liga Mexicana 2026/2027,Tigres UANL - Atlante FC,2026-08-22T01:00:00+00:00,finished,5,2-0,Tigres UANL,Henrique Simeone Koifman,M,0,,0,0,0,,,0,0,0,0,0,0,0,0,0,0,0,0,0,0,0,0,0,0,0,0,0,0,0,0,0,0,0,0,0,0,2026-08-22T05:28:00.383397+00:00
Liga Mexicana 2026/2027,Tigres UANL - Atlante FC,2026-08-22T01:00:00+00:00,finished,5,2-0,Tigres UANL,Isac Galván,M,21,7.0,30,0,1,,0.112368,0,0,4,19,16,2,0,2,1,2,2,3,1,1,1,0,0,1,0,0,0,0,6,0,0,0,0,0,0,0,2026-08-22T05:28:00.383355+00:00
Liga Mexicana 2026/2027,Tigres UANL - Atlante FC,2026-08-22T01:00:00+00:00,finished,5,2-0,Atlante FC,Jairón Charcopa,F,0,,0,0,0,,,0,0,0,0,0,0,0,0,0,0,0,0,0,0,0,0,0,0,0,0,0,0,0,0,0,0,0,0,0,0,2026-08-22T05:28:00.383784+00:00
Liga Mexicana 2026/2027,Tigres UANL - Atlante FC,2026-08-22T01:00:00+00:00,finished,5,2-0,Tigres UANL,Jesus Garza,D,90,7.0,90,0,0,0.028,0.0120369,1,0,0,66,58,6,2,2,0,2,0,5,4,0,0,4,4,2,1,3,1,0,17,1,1,0,0,0,0,0,2026-08-22T05:28:00.382965+00:00
Liga Mexicana 2026/2027,Tigres UANL - Atlante FC,2026-08-22T01:00:00+00:00,finished,5,2-0,Atlante FC,Jhojan Julio,M,82,6.7,44,0,0,0.0402,0.0260434,2,1,0,25,21,3,2,1,0,4,3,7,8,0,2,3,3,0,0,4,0,1,12,1,3,0,0,0,1,0,2026-08-22T05:28:00.383607+00:00
Liga Mexicana 2026/2027,Tigres UANL - Atlante FC,2026-08-22T01:00:00+00:00,finished,5,2-0,Tigres UANL,Joaquim,D,13,7.2,18,0,0,,0.00195331,0,0,0,14,13,1,1,0,0,0,0,2,0,2,0,0,0,1,0,0,0,0,2,0,0,0,0,0,0,0,2026-08-22T05:28:00.383369+00:00
Liga Mexicana 2026/2027,Tigres UANL - Atlante FC,2026-08-22T01:00:00+00:00,finished,5,2-0,Atlante FC,Joaquin Moxica,F,8,6.3,5,0,0,0.1871,6.907e-05,2,0,0,2,1,0,0,0,0,0,0,0,3,0,2,0,0,0,0,0,2,1,2,0,0,0,0,0,1,0,2026-08-22T05:28:00.383705+00:00
Liga Mexicana 2026/2027,Tigres UANL - Atlante FC,2026-08-22T01:00:00+00:00,finished,5,2-0,Atlante FC,Jordan García,G,0,,0,0,0,,,0,0,0,0,0,0,0,0,0,0,0,0,0,0,0,0,0,0,0,0,0,0,0,0,0,0,0,0,0,0,2026-08-22T05:28:00.383772+00:00
Liga Mexicana 2026/2027,Tigres UANL - Atlante FC,2026-08-22T01:00:00+00:00,finished,5,2-0,Atlante FC,José González,M,8,6.3,4,0,0,,0.00226895,0,0,1,2,2,0,0,0,0,0,0,0,2,0,0,0,0,0,0,1,0,1,1,0,1,0,0,0,1,0,2026-08-22T05:28:00.383718+00:00
Liga Mexicana 2026/2027,Tigres UANL - Atlante FC,2026-08-22T01:00:00+00:00,finished,5,2-0,Tigres UANL,Juan Brunetta,M,90,8.9,81,1,1,0.2466,0.333327,5,2,5,54,44,10,7,2,1,5,2,3,12,0,0,0,0,0,0,1,3,7,25,1,2,0,0,0,0,0,2026-08-22T05:28:00.383263+00:00
Liga Mexicana 2026/2027,Tigres UANL - Atlante FC,2026-08-22T01:00:00+00:00,finished,5,2-0,Tigres UANL,Juan Vigón,M,0,,0,0,0,,,0,0,0,0,0,0,0,0,0,0,0,0,0,0,0,0,0,0,0,0,0,0,0,0,0,0,0,0,0,0,2026-08-22T05:28:00.383410+00:00
Liga Mexicana 2026/2027,Tigres UANL - Atlante FC,2026-08-22T01:00:00+00:00,finished,5,2-0,Atlante FC,Luis Calzadilla,M,36,5.3,10,0,0,,9.93e-06,0,0,0,3,1,0,0,1,0,0,0,2,3,0,0,0,0,1,0,2,0,1,5,2,2,2,1,0,2,0,2026-08-22T05:28:00.383664+00:00
Liga Mexicana 2026/2027,Tigres UANL - Atlante FC,2026-08-22T01:00:00+00:00,finished,5,2-0,Atlante FC,Luis Puente,F,82,5.7,36,0,0,0.8307,0.00533795,3,1,0,18,13,0,0,0,0,0,0,5,9,2,5,2,1,0,1,2,0,1,12,2,4,0,0,0,1,0,2026-08-22T05:28:00.383593+00:00
Liga Mexicana 2026/2027,Tigres UANL - Atlante FC,2026-08-22T01:00:00+00:00,finished,5,2-0,Atlante FC,Luis Sánchez,D,0,,0,0,0,,,0,0,0,0,0,0,0,0,0,0,0,0,0,0,0,0,0,0,0,0,0,0,0,0,0,0,0,0,0,0,2026-08-22T05:28:00.383732+00:00
Liga Mexicana 2026/2027,Tigres UANL - Atlante FC,2026-08-22T01:00:00+00:00,finished,5,2-0,Atlante FC,Martín Sarrafiore,M,32,6.4,26,0,0,0.0294,0.00728679,1,1,0,10,10,0,0,1,0,2,1,6,8,1,1,2,2,1,0,4,0,2,8,2,1,0,0,0,2,0,2026-08-22T05:28:00.383679+00:00
Liga Mexicana 2026/2027,Tigres UANL - Atlante FC,2026-08-22T01:00:00+00:00,finished,5,2-0,Tigres UANL,Mauro Laínez,M,1,,0,0,0,,,0,0,0,0,0,0,0,0,0,0,0,0,0,0,0,0,0,0,0,0,0,0,0,0,0,0,0,0,0,0,2026-08-22T05:28:00.383383+00:00
Liga Mexicana 2026/2027,Tigres UANL - Atlante FC,2026-08-22T01:00:00+00:00,finished,5,2-0,Tigres UANL,Nahuel Guzmán,G,90,7.5,41,0,0,,0.00209797,0,0,0,32,29,11,8,0,0,0,0,0,0,0,0,0,0,0,0,10,0,0,3,0,0,0,0,3,0,0,2026-08-22T05:28:00.383049+00:00
Liga Mexicana 2026/2027,Tigres UANL - Atlante FC,2026-08-22T01:00:00+00:00,finished,5,2-0,Atlante FC,Nicolas Carrera,D,82,6.9,52,0,0,0.0159,0.00067118,1,0,0,23,15,3,0,0,0,0,0,9,4,2,2,5,2,5,3,3,0,1,11,2,1,0,0,0,1,0,2026-08-22T05:28:00.383564+00:00
Liga Mexicana 2026/2027,Tigres UANL - Atlante FC,2026-08-22T01:00:00+00:00,finished,5,2-0,Atlante FC,Octavio Vázquez,M,41,6.6,19,0,0,,0.00810582,0,0,0,13,10,1,0,1,0,1,1,2,3,0,0,0,0,0,0,3,0,3,7,1,0,0,0,0,0,0,2026-08-22T05:28:00.383650+00:00
Liga Mexicana 2026/2027,Tigres UANL - Atlante FC,2026-08-22T01:00:00+00:00,finished,5,2-0,Tigres UANL,Rafael Guerrero,D,77,6.6,63,0,0,,0.00406236,0,0,0,52,49,5,3,1,0,0,0,7,6,3,2,1,1,2,1,6,0,1,7,3,2,0,0,0,0,0,2026-08-22T05:28:00.383325+00:00
Liga Mexicana 2026/2027,Tigres UANL - Atlante FC,2026-08-22T01:00:00+00:00,finished,5,2-0,Tigres UANL,Rodrigo Aguirre,F,90,7.5,19,1,0,0.3562,0.0196951,2,1,0,8,7,0,0,2,1,1,1,3,4,1,2,0,0,0,0,0,0,1,5,1,2,0,0,0,0,0,2026-08-22T05:28:00.383293+00:00
Liga Mexicana 2026/2027,Tigres UANL - Atlante FC,2026-08-22T01:00:00+00:00,finished,5,2-0,Tigres UANL,Rômulo Zwarg,D,90,6.9,82,0,0,,0.0184929,0,0,1,65,61,9,6,0,0,1,0,4,7,1,1,2,1,2,7,12,0,1,6,1,2,0,0,0,0,0,2026-08-22T05:28:00.383097+00:00
Liga Mexicana 2026/2027,Tigres UANL - Atlante FC,2026-08-22T01:00:00+00:00,finished,5,2-0,Tigres UANL,Vladimir Loroña,D,69,7.1,61,0,0,0.079,0.0153137,1,0,1,43,39,4,3,0,0,2,0,7,5,4,2,2,2,1,3,0,0,0,6,1,2,0,0,0,0,0,2026-08-22T05:28:00.383339+00:00
Liga Mexicana 2026/2027,Tigres UANL - Atlante FC,2026-08-22T01:00:00+00:00,finished,5,2-0,Atlante FC,Walter Clar,M,58,6.8,31,0,0,,0.0156601,0,0,0,22,17,2,0,0,0,1,1,3,3,1,0,1,1,1,1,2,0,1,7,0,1,0,0,0,0,0,2026-08-22T05:28:00.383622+00:00
Liga Mexicana 2026/2027,Tigres UANL - Atlante FC,2026-08-22T01:00:00+00:00,finished,5,2-0,Atlante FC,Walter Portales,D,90,6.1,61,0,0,,0.0524322,0,0,2,35,21,2,0,2,1,6,2,9,12,0,1,7,4,3,0,8,0,1,21,0,1,0,0,0,2,0,2026-08-22T05:28:00.383520+00:00
Liga Mexicana 2026/2027,Tigres UANL - Atlante FC,2026-08-22T01:00:00+00:00,finished,5,2-0,Atlante FC,Óscar Jiménez,G,90,6.0,27,0,0,,5.105e-05,0,0,0,15,13,1,0,0,0,0,0,0,0,0,0,0,0,0,0,8,0,0,2,0,0,0,0,2,2,0,2026-08-22T05:28:00.383506+00:00
Liga Mexicana 2026/2027,FC Juárez - Club América,2026-08-22T03:00:00+00:00,finished,5,1-2,Club América,Alan Cervantes,M,90,6.8,74,0,0,,0.0289107,0,0,0,60,54,6,5,0,0,0,0,4,5,3,2,0,0,3,2,6,0,3,10,1,0,0,0,0,1,0,2026-08-22T05:28:00.727695+00:00
Liga Mexicana 2026/2027,FC Juárez - Club América,2026-08-22T03:00:00+00:00,finished,5,1-2,Club América,Alejandro Cardenas,F,0,,0,0,0,,,0,0,0,0,0,0,0,0,0,0,0,0,0,0,0,0,0,0,0,0,0,0,0,0,0,0,0,0,0,0,2026-08-22T05:28:00.727899+00:00
Liga Mexicana 2026/2027,FC Juárez - Club América,2026-08-22T03:00:00+00:00,finished,5,1-2,FC Juárez,Alejandro Mayorga,D,0,,0,0,0,,,0,0,0,0,0,0,0,0,0,0,0,0,0,0,0,0,0,0,0,0,0,0,0,0,0,0,0,0,0,0,2026-08-22T05:28:00.727599+00:00
Liga Mexicana 2026/2027,FC Juárez - Club América,2026-08-22T03:00:00+00:00,finished,5,1-2,Club América,Alexis Gutiérrez,M,0,,0,0,0,,,0,0,0,0,0,0,0,0,0,0,0,0,0,0,0,0,0,0,0,0,0,0,0,0,0,0,0,0,0,0,2026-08-22T05:28:00.727886+00:00
Liga Mexicana 2026/2027,FC Juárez - Club América,2026-08-22T03:00:00+00:00,finished,5,1-2,Club América,Brian Rodríguez,M,72,6.5,63,0,0,0.0808,0.253626,4,1,5,40,31,2,2,3,0,5,2,4,7,0,2,0,0,0,0,2,2,2,23,2,1,0,0,0,1,0,2026-08-22T05:28:00.727765+00:00
Liga Mexicana 2026/2027,FC Juárez - Club América,2026-08-22T03:00:00+00:00,finished,5,1-2,Club América,Cristián Borja,D,16,6.8,7,0,0,,0.00104982,0,0,0,3,3,0,0,0,0,0,0,1,1,0,0,1,0,0,0,0,0,0,1,0,1,0,0,0,0,0,2026-08-22T05:28:00.727820+00:00
Liga Mexicana 2026/2027,FC Juárez - Club América,2026-08-22T03:00:00+00:00,finished,5,1-2,Club América,Dagoberto Espinoza,D,83,6.7,53,0,0,,0.0863168,0,0,1,34,30,2,2,3,1,1,0,4,3,0,0,4,4,0,1,2,0,1,9,0,1,0,0,0,1,0,2026-08-22T05:28:00.727737+00:00
Liga Mexicana 2026/2027,FC Juárez - Club América,2026-08-22T03:00:00+00:00,finished,5,1-2,FC Juárez,Denzell Garcia,M,87,6.9,42,0,0,,0.0205624,0,0,0,32,29,3,3,0,0,0,0,2,1,0,0,2,2,0,1,4,0,0,5,0,2,0,0,0,2,0,2026-08-22T05:28:00.727435+00:00
Liga Mexicana 2026/2027,FC Juárez - Club América,2026-08-22T03:00:00+00:00,finished,5,1-2,FC Juárez,Eder Lopez,D,11,6.8,17,0,0,,0.0778548,0,0,2,9,8,1,1,2,1,2,1,1,2,0,1,0,0,0,0,0,0,0,4,0,0,0,0,0,0,0,2026-08-22T05:28:00.727530+00:00
Liga Mexicana 2026/2027,FC Juárez - Club América,2026-08-22T03:00:00+00:00,finished,5,1-2,Club América,Edwin Cerrillo,M,16,6.4,3,0,0,,2.556e-05,0,0,0,2,2,0,0,0,0,0,0,0,2,0,1,0,0,0,0,1,0,0,1,0,1,0,0,0,0,0,2026-08-22T05:28:00.727846+00:00
Liga Mexicana 2026/2027,FC Juárez - Club América,2026-08-22T03:00:00+00:00,finished,5,1-2,Club América,Erick Sánchez,M,83,7.2,70,0,0,0.322,0.123099,3,2,2,57,48,8,3,0,0,2,2,8,4,2,0,1,1,0,0,8,0,1,10,3,1,0,0,0,1,0,2026-08-22T05:28:00.727723+00:00
Liga Mexicana 2026/2027,FC Juárez - Club América,2026-08-22T03:00:00+00:00,finished,5,1-2,Club América,Fernando Tapia,G,0,,0,0,0,,,0,0,0,0,0,0,0,0,0,0,0,0,0,0,0,0,0,0,0,0,0,0,0,0,0,0,0,0,0,0,2026-08-22T05:28:00.727912+00:00
Liga Mexicana 2026/2027,FC Juárez - Club América,2026-08-22T03:00:00+00:00,finished,5,1-2,FC Juárez,Francisco Nevarez,D,90,6.8,62,0,0,,0.0412766,0,0,1,33,25,4,1,3,1,1,1,6,3,1,0,3,3,4,1,3,0,1,17,1,1,1,0,0,2,0,2026-08-22T05:28:00.727347+00:00
Liga Mexicana 2026/2027,FC Juárez - Club América,2026-08-22T03:00:00+00:00,finished,5,1-2,FC Juárez,Gilberto Sepúlveda,D,90,6.1,31,0,0,,0.00157581,0,0,0,28,22,5,2,0,0,0,0,1,0,1,0,0,0,2,0,2,0,0,7,0,0,0,0,0,2,0,2026-08-22T05:28:00.727379+00:00
Liga Mexicana 2026/2027,FC Juárez - Club América,2026-08-22T03:00:00+00:00,finished,5,1-2,FC Juárez,Guilherme Castilho,M,12,6.5,11,0,0,0.0332,0.00096304,1,0,0,8,6,1,0,0,0,0,0,1,2,1,1,0,0,1,0,0,1,1,3,0,0,0,0,0,0,0,2026-08-22T05:28:00.727516+00:00
Liga Mexicana 2026/2027,FC Juárez - Club América,2026-08-22T03:00:00+00:00,finished,5,1-2,FC Juárez,Guillermo Ruiz,G,0,,0,0,0,,,0,0,0,0,0,0,0,0,0,0,0,0,0,0,0,0,0,0,0,0,0,0,0,0,0,0,0,0,0,0,2026-08-22T05:28:00.727571+00:00
Liga Mexicana 2026/2027,FC Juárez - Club América,2026-08-22T03:00:00+00:00,finished,5,1-2,FC Juárez,Haret Ortega,D,0,,0,0,0,,,0,0,0,0,0,0,0,0,0,0,0,0,0,0,0,0,0,0,0,0,0,0,0,0,0,0,0,0,0,0,2026-08-22T05:28:00.727612+00:00
Liga Mexicana 2026/2027,FC Juárez - Club América,2026-08-22T03:00:00+00:00,finished,5,1-2,Club América,Henry Martín,F,90,7.9,31,2,0,1.0111,0.101794,3,3,2,15,11,0,0,0,0,0,0,5,6,4,2,1,1,1,0,0,0,3,9,1,0,0,0,0,1,0,2026-08-22T05:28:00.727639+00:00
Liga Mexicana 2026/2027,FC Juárez - Club América,2026-08-22T03:00:00+00:00,finished,5,1-2,Club América,Isaías Violante,M,72,6.3,42,0,0,,0.128401,0,0,1,27,24,1,0,3,0,1,1,2,3,0,1,0,0,1,1,1,0,2,10,1,1,0,0,0,1,0,2026-08-22T05:28:00.727778+00:00
Liga Mexicana 2026/2027,FC Juárez - Club América,2026-08-22T03:00:00+00:00,finished,5,1-2,Club América,Israel Reyes,D,83,7.6,76,0,0,,0.0383031,0,0,0,65,58,15,10,0,0,0,0,5,2,0,2,5,3,2,0,4,0,0,11,0,0,0,0,0,1,0,2026-08-22T05:28:00.727751+00:00
Liga Mexicana 2026/2027,FC Juárez - Club América,2026-08-22T03:00:00+00:00,finished,5,1-2,FC Juárez,Jairo Torres,F,90,6.5,44,0,0,,0.486093,0,0,2,22,17,2,1,2,1,6,1,4,12,0,1,1,0,2,0,1,0,3,16,2,2,1,0,0,2,0,2026-08-22T05:28:00.727393+00:00
Liga Mexicana 2026/2027,FC Juárez - Club América,2026-08-22T03:00:00+00:00,finished,5,1-2,FC Juárez,Jan Carmona,M,0,,0,0,0,,,0,0,0,0,0,0,0,0,0,0,0,0,0,0,0,0,0,0,0,0,0,0,0,0,0,0,0,0,0,0,2026-08-22T05:28:00.727557+00:00
Liga Mexicana 2026/2027,FC Juárez - Club América,2026-08-22T03:00:00+00:00,finished,5,1-2,FC Juárez,Javier Aquino,D,79,6.1,41,0,0,,0.00778157,0,0,0,26,22,3,2,0,0,1,0,3,2,0,0,3,2,1,1,4,0,0,8,0,1,1,0,0,2,0,2026-08-22T05:28:00.727463+00:00
Liga Mexicana 2026/2027,FC Juárez - Club América,2026-08-22T03:00:00+00:00,finished,5,1-2,FC Juárez,Jesús Murillo,D,90,6.4,39,0,0,0.1226,0.00188396,1,0,0,24,16,3,2,0,0,1,1,8,5,4,4,3,2,3,3,4,0,0,9,0,2,1,0,0,2,0,2026-08-22T05:28:00.727364+00:00
Liga Mexicana 2026/2027,FC Juárez - Club América,2026-08-22T03:00:00+00:00,finished,5,1-2,FC Juárez,José Luis Rodríguez,M,87,6.9,40,0,1,,0.0808153,0,0,1,22,17,0,0,5,2,1,1,3,2,0,0,2,2,1,1,3,0,2,12,0,0,0,0,0,2,0,2026-08-22T05:28:00.727421+00:00
Liga Mexicana 2026/2027,FC Juárez - Club América,2026-08-22T03:00:00+00:00,finished,5,1-2,FC Juárez,Juan Sigala,M,0,,0,0,0,,,0,0,0,0,0,0,0,0,0,0,0,0,0,0,0,0,0,0,0,0,0,0,0,0,0,0,0,0,0,0,2026-08-22T05:28:00.727626+00:00
Liga Mexicana 2026/2027,FC Juárez - Club América,2026-08-22T03:00:00+00:00,finished,5,1-2,Club América,Kevin Álvarez,D,90,6.5,74,0,1,0.061,0.287003,3,1,1,43,39,4,2,5,1,3,1,3,7,0,1,2,1,1,0,2,1,0,12,0,2,0,0,0,1,0,2026-08-22T05:28:00.727681+00:00
Liga Mexicana 2026/2027,FC Juárez - Club América,2026-08-22T03:00:00+00:00,finished,5,1-2,FC Juárez,Madson de Souza Silva,M,63,6.2,19,0,0,0.052,0.00064463,1,1,0,6,4,0,0,0,0,1,1,4,7,0,4,1,0,1,1,3,0,0,6,2,2,1,0,0,2,0,2026-08-22T05:28:00.727476+00:00
Liga Mexicana 2026/2027,FC Juárez - Club América,2026-08-22T03:00:00+00:00,finished,5,1-2,Club América,Miguel Vazquez,D,0,,0,0,0,,,0,0,0,0,0,0,0,0,0,0,0,0,0,0,0,0,0,0,0,0,0,0,0,0,0,0,0,0,0,0,2026-08-22T05:28:00.727873+00:00
Liga Mexicana 2026/2027,FC Juárez - Club América,2026-08-22T03:00:00+00:00,finished,5,1-2,FC Juárez,Monchu,M,27,6.8,23,0,0,0.2307,0.0108301,1,0,0,21,16,3,2,0,0,0,0,1,2,0,0,0,0,0,0,3,0,0,5,1,1,0,0,0,0,0,2026-08-22T05:28:00.727490+00:00
Liga Mexicana 2026/2027,FC Juárez - Club América,2026-08-22T03:00:00+00:00,finished,5,1-2,Club América,Osvaldo Arriaga,M,18,6.6,3,0,0,,,0,0,0,1,0,0,0,0,0,0,0,2,2,1,0,1,1,0,0,0,0,0,1,0,0,0,0,0,0,0,2026-08-22T05:28:00.727791+00:00
Liga Mexicana 2026/2027,FC Juárez - Club América,2026-08-22T03:00:00+00:00,finished,5,1-2,Club América,Patricio Salas,F,0,,0,0,0,,,0,0,0,0,0,0,0,0,0,0,0,0,0,0,0,0,0,0,0,0,0,0,0,0,0,0,0,0,0,0,2026-08-22T05:28:00.727859+00:00
Liga Mexicana 2026/2027,FC Juárez - Club América,2026-08-22T03:00:00+00:00,finished,5,1-2,Club América,Ramón Juárez,D,16,6.7,7,0,0,,5.43e-06,0,0,0,3,1,0,0,0,0,0,0,2,1,2,0,0,0,3,0,0,0,0,2,0,1,0,0,0,0,0,2026-08-22T05:28:00.727832+00:00
Liga Mexicana 2026/2027,FC Juárez - Club América,2026-08-22T03:00:00+00:00,finished,5,1-2,Club América,Raphael Veiga,M,90,6.4,54,0,0,0.303,0.148457,4,2,4,37,29,3,2,4,1,4,1,3,6,0,1,0,0,0,0,5,1,0,14,2,2,1,0,0,1,0,2026-08-22T05:28:00.727709+00:00
Liga Mexicana 2026/2027,FC Juárez - Club América,2026-08-22T03:00:00+00:00,finished,5,1-2,FC Juárez,Raymundo Fulgencio,M,12,6.9,9,0,0,,0.106489,0,0,1,4,4,0,0,2,1,0,0,2,0,0,0,1,0,1,0,0,0,0,1,1,0,0,0,0,0,0,2026-08-22T05:28:00.727503+00:00
Liga Mexicana 2026/2027,FC Juárez - Club América,2026-08-22T03:00:00+00:00,finished,5,1-2,FC Juárez,Ricardinho,M,11,6.7,5,0,0,,2.954e-05,0,0,0,4,3,0,0,0,0,0,0,1,1,0,1,1,1,0,0,1,0,0,1,0,0,0,0,0,0,0,2026-08-22T05:28:00.727543+00:00
Liga Mexicana 2026/2027,FC Juárez - Club América,2026-08-22T03:00:00+00:00,finished,5,1-2,Club América,Rodolfo Cota,G,90,6.8,25,0,0,,0.00019961,0,0,0,17,11,9,3,0,0,0,0,1,0,1,0,0,0,1,0,3,0,0,7,1,0,0,0,2,1,1,2026-08-22T05:28:00.727654+00:00
Liga Mexicana 2026/2027,FC Juárez - Club América,2026-08-22T03:00:00+00:00,finished,5,1-2,FC Juárez,Rodrigo Dourado,M,79,7.0,41,0,0,,0.00227582,0,0,0,25,22,1,0,0,0,0,0,5,2,0,1,3,0,4,3,3,0,0,3,2,1,0,0,0,2,0,2026-08-22T05:28:00.727448+00:00
Liga Mexicana 2026/2027,FC Juárez - Club América,2026-08-22T03:00:00+00:00,finished,5,1-2,Club América,Sebastián Cáceres,D,90,7.1,56,0,0,,0.00779965,0,0,0,42,33,9,7,0,0,0,0,5,1,4,1,1,1,3,4,4,0,0,11,0,0,0,0,0,1,0,2026-08-22T05:28:00.727667+00:00
Liga Mexicana 2026/2027,FC Juárez - Club América,2026-08-22T03:00:00+00:00,finished,5,1-2,FC Juárez,Sebastián Jurado,G,90,7.3,42,0,0,,0.00239534,0,0,0,27,14,21,8,0,0,0,0,0,0,0,0,0,0,0,0,12,0,0,13,0,0,0,0,8,2,0,2026-08-22T05:28:00.727288+00:00
Liga Mexicana 2026/2027,FC Juárez - Club América,2026-08-22T03:00:00+00:00,finished,5,1-2,FC Juárez,Óscar Estupiñán,F,90,7.3,34,1,0,0.9927,0.0139641,6,2,0,13,8,0,0,0,0,1,0,7,9,6,4,0,0,3,0,1,0,1,10,1,3,0,0,0,2,0,2026-08-22T05:28:00.727407+00:00
Liga Mexicana 2026/2027,FC Juárez - Club América,2026-08-22T03:00:00+00:00,finished,5,1-2,Club América,Óscar Perea,F,18,6.5,6,0,0,0.0869,0.00079608,1,1,0,2,1,0,0,0,0,0,0,1,1,0,0,0,0,0,0,1,0,0,2,1,1,0,0,0,0,0,2026-08-22T05:28:00.727806+00:00
Liga Mexicana 2026/2027,Querétaro FC - CD Toluca,2026-08-22T03:10:00+00:00,finished,5,1-2,Querétaro FC,Alejandro Alcala,M,58,6.8,22,0,0,0.0229,0.104481,1,0,1,20,18,1,0,0,0,0,0,0,1,0,0,0,0,0,0,1,1,0,2,0,0,0,0,0,0,0,2026-08-22T05:28:00.620248+00:00
Liga Mexicana 2026/2027,Querétaro FC - CD Toluca,2026-08-22T03:10:00+00:00,finished,5,1-2,CD Toluca,Alexis Vega,M,45,6.8,25,0,0,0.0839,0.0900976,2,0,2,13,11,1,1,5,2,3,2,4,2,1,0,1,1,0,0,3,0,0,6,0,1,1,0,0,0,0,2026-08-22T05:28:00.620590+00:00
Liga Mexicana 2026/2027,Querétaro FC - CD Toluca,2026-08-22T03:10:00+00:00,finished,5,1-2,Querétaro FC,Ali Ávila,F,90,6.2,25,0,0,0.8085,0.057231,2,0,0,9,8,0,0,1,1,3,1,5,8,1,2,1,1,1,0,1,0,2,8,2,2,1,0,0,2,0,2026-08-22T05:28:00.620146+00:00
Liga Mexicana 2026/2027,Querétaro FC - CD Toluca,2026-08-22T03:10:00+00:00,finished,5,1-2,CD Toluca,Antonio Briseño,D,0,,0,0,0,,,0,0,0,0,0,0,0,0,0,0,0,0,0,0,0,0,0,0,0,0,0,0,0,0,0,0,0,0,0,0,2026-08-22T05:28:00.620675+00:00
Liga Mexicana 2026/2027,Querétaro FC - CD Toluca,2026-08-22T03:10:00+00:00,finished,5,1-2,Querétaro FC,Bayron Duarte,D,74,6.7,50,0,0,0.0173,0.0682399,1,0,2,22,16,5,2,6,2,1,0,3,5,0,1,2,2,2,1,2,1,1,14,1,1,0,0,0,1,0,2026-08-22T05:28:00.620221+00:00
Liga Mexicana 2026/2027,Querétaro FC - CD Toluca,2026-08-22T03:10:00+00:00,finished,5,1-2,Querétaro FC,Bernardo Parra,M,0,,0,0,0,,,0,0,0,0,0,0,0,0,0,0,0,0,0,0,0,0,0,0,0,0,0,0,0,0,0,0,0,0,0,0,2026-08-22T05:28:00.620355+00:00
Liga Mexicana 2026/2027,Querétaro FC - CD Toluca,2026-08-22T03:10:00+00:00,finished,5,1-2,CD Toluca,Brian García,D,45,6.7,28,0,0,,0.0154609,0,0,0,14,10,4,2,1,1,0,0,3,0,1,0,2,1,2,0,3,0,0,6,0,0,0,0,0,1,0,2026-08-22T05:28:00.620534+00:00
Liga Mexicana 2026/2027,Querétaro FC - CD Toluca,2026-08-22T03:10:00+00:00,finished,5,1-2,CD Toluca,Bruno Méndez,D,85,7.0,58,0,0,0.0583,0.00223891,1,0,0,40,33,5,1,0,0,0,0,4,1,1,1,1,1,7,2,3,0,0,8,2,0,0,0,0,1,0,2026-08-22T05:28:00.620494+00:00
Liga Mexicana 2026/2027,Querétaro FC - CD Toluca,2026-08-22T03:10:00+00:00,finished,5,1-2,Querétaro FC,Carlo Adriano García,M,74,7.0,43,0,0,0.0415,0.314038,2,0,1,37,36,2,1,1,0,1,1,2,1,1,0,0,0,0,1,3,0,0,2,0,1,0,0,0,1,0,2026-08-22T05:28:00.620235+00:00
Liga Mexicana 2026/2027,Querétaro FC - CD Toluca,2026-08-22T03:10:00+00:00,finished,5,1-2,Querétaro FC,Daniel Parra,D,89,5.9,52,0,1,,0.219621,0,0,2,30,23,2,0,5,3,3,1,2,12,1,1,0,0,3,1,2,0,1,16,0,3,0,0,0,2,0,2026-08-22T05:28:00.620209+00:00
Liga Mexicana 2026/2027,Querétaro FC - CD Toluca,2026-08-22T03:10:00+00:00,finished,5,1-2,CD Toluca,Diego Barbosa,D,31,5.9,24,0,0,,0.00302045,0,0,0,14,11,1,0,1,0,3,2,4,2,0,0,2,2,0,1,3,0,0,5,0,1,0,1,0,1,0,2026-08-22T05:28:00.620605+00:00
Liga Mexicana 2026/2027,Querétaro FC - CD Toluca,2026-08-22T03:10:00+00:00,finished,5,1-2,Querétaro FC,Diego Reyes,D,90,6.9,46,0,0,,0.00580435,0,0,0,33,28,6,3,0,0,1,0,5,3,2,2,3,3,5,1,4,0,0,6,0,0,0,0,0,2,0,2026-08-22T05:28:00.620160+00:00
Liga Mexicana 2026/2027,Querétaro FC - CD Toluca,2026-08-22T03:10:00+00:00,finished,5,1-2,Querétaro FC,Eduardo Perez,F,1,,1,0,0,,0.00091977,0,0,0,1,1,0,0,0,0,0,0,0,0,0,0,0,0,0,0,1,0,0,0,0,0,0,0,0,1,0,2026-08-22T05:28:00.620319+00:00
Liga Mexicana 2026/2027,Querétaro FC - CD Toluca,2026-08-22T03:10:00+00:00,finished,5,1-2,Querétaro FC,Enzo Giménez,M,90,6.1,59,0,0,0.3526,0.0595811,2,0,1,40,33,3,1,4,0,0,0,3,7,3,5,0,0,3,0,6,0,2,15,1,0,0,0,0,2,0,2026-08-22T05:28:00.620173+00:00
Liga Mexicana 2026/2027,Querétaro FC - CD Toluca,2026-08-22T03:10:00+00:00,finished,5,1-2,Querétaro FC,Erik Dueñas,M,0,,0,0,0,,,0,0,0,0,0,0,0,0,0,0,0,0,0,0,0,0,0,0,0,0,0,0,0,0,0,0,0,0,0,0,2026-08-22T05:28:00.620332+00:00
Liga Mexicana 2026/2027,Querétaro FC - CD Toluca,2026-08-22T03:10:00+00:00,finished,5,1-2,CD Toluca,Everardo López,D,90,6.3,43,0,0,,0.002627,0,0,0,27,18,6,1,1,0,0,0,3,2,1,2,2,0,3,1,7,0,0,12,0,2,0,0,0,1,0,2026-08-22T05:28:00.620468+00:00
Liga Mexicana 2026/2027,Querétaro FC - CD Toluca,2026-08-22T03:10:00+00:00,finished,5,1-2,CD Toluca,Federico Pereira,D,90,7.1,67,0,0,,0.00270825,0,0,0,53,45,8,6,0,0,0,0,5,2,4,1,0,0,6,2,4,0,0,8,1,1,0,0,0,1,0,2026-08-22T05:28:00.620454+00:00
Liga Mexicana 2026/2027,Querétaro FC - CD Toluca,2026-08-22T03:10:00+00:00,finished,5,1-2,CD Toluca,Federico Viñas,F,90,8.2,51,1,0,1.0376,0.00248545,7,2,0,16,10,0,0,0,0,2,1,15,7,7,1,2,2,1,0,3,2,3,20,5,0,0,0,0,1,0,2026-08-22T05:28:00.620481+00:00
Liga Mexicana 2026/2027,Querétaro FC - CD Toluca,2026-08-22T03:10:00+00:00,finished,5,1-2,CD Toluca,Fernando Arce Juárez,M,45,6.2,30,0,0,,0.00116048,0,0,0,20,16,1,0,0,0,0,0,2,2,1,1,0,0,3,0,1,0,0,5,1,1,1,0,0,0,0,2026-08-22T05:28:00.620562+00:00
Liga Mexicana 2026/2027,Querétaro FC - CD Toluca,2026-08-22T03:10:00+00:00,finished,5,1-2,CD Toluca,Franco Romero,M,90,7.4,67,0,0,0.0805,0.0309389,1,0,0,50,44,5,1,0,0,1,1,6,2,1,1,2,2,4,0,8,0,0,6,2,0,0,0,0,1,0,2026-08-22T05:28:00.620428+00:00
Liga Mexicana 2026/2027,Querétaro FC - CD Toluca,2026-08-22T03:10:00+00:00,finished,5,1-2,Querétaro FC,Guillermo Allison,G,90,6.2,28,0,0,,0.00098267,0,0,0,23,18,10,5,0,0,0,0,0,0,0,0,0,0,0,0,6,0,0,5,0,0,0,0,1,2,0,2026-08-22T05:28:00.620197+00:00
Liga Mexicana 2026/2027,Querétaro FC - CD Toluca,2026-08-22T03:10:00+00:00,finished,5,1-2,CD Toluca,Helinho,M,74,8.2,56,1,0,0.1468,0.110456,3,1,2,37,31,3,2,3,1,5,3,7,4,0,1,1,1,0,0,2,1,0,11,3,0,0,0,0,0,0,2026-08-22T05:28:00.620508+00:00
Liga Mexicana 2026/2027,Querétaro FC - CD Toluca,2026-08-22T03:10:00+00:00,finished,5,1-2,CD Toluca,Hugo Gonzalez,G,90,6.9,37,0,0,,0.00833209,0,0,1,30,21,22,13,0,0,0,0,1,0,1,0,0,0,1,0,10,0,0,9,0,0,0,0,2,1,1,2026-08-22T05:28:00.620441+00:00
Liga Mexicana 2026/2027,Querétaro FC - CD Toluca,2026-08-22T03:10:00+00:00,finished,5,1-2,Querétaro FC,Iker Benito,F,32,6.0,23,0,0,0.0195,0.0160715,1,0,0,13,11,0,0,6,2,1,0,0,5,0,1,0,0,0,0,0,1,0,8,0,2,1,0,0,2,0,2026-08-22T05:28:00.620271+00:00
Liga Mexicana 2026/2027,Querétaro FC - CD Toluca,2026-08-22T03:10:00+00:00,finished,5,1-2,Querétaro FC,Jean Unjanque,M,0,,0,0,0,,,0,0,0,0,0,0,0,0,0,0,0,0,0,0,0,0,0,0,0,0,0,0,0,0,0,0,0,0,0,0,2026-08-22T05:28:00.620416+00:00
Liga Mexicana 2026/2027,Querétaro FC - CD Toluca,2026-08-22T03:10:00+00:00,finished,5,1-2,CD Toluca,Jesús Ricardo Angulo,M,74,7.0,38,0,0,,0.0744082,0,0,5,25,24,1,1,0,0,3,2,5,4,1,0,1,1,0,0,2,0,2,7,1,1,0,0,0,0,0,2026-08-22T05:28:00.620521+00:00
Liga Mexicana 2026/2027,Querétaro FC - CD Toluca,2026-08-22T03:10:00+00:00,finished,5,1-2,CD Toluca,Jorge Díaz,M,16,6.3,8,0,0,0.0158,0.00776478,1,0,0,4,3,0,0,1,0,1,0,0,3,0,2,0,0,0,1,1,1,0,3,0,0,0,0,0,1,0,2026-08-22T05:28:00.620634+00:00
Liga Mexicana 2026/2027,Querétaro FC - CD Toluca,2026-08-22T03:10:00+00:00,finished,5,1-2,Querétaro FC,José Hernández,G,0,,0,0,0,,,0,0,0,0,0,0,0,0,0,0,0,0,0,0,0,0,0,0,0,0,0,0,0,0,0,0,0,0,0,0,2026-08-22T05:28:00.620344+00:00
Liga Mexicana 2026/2027,Querétaro FC - CD Toluca,2026-08-22T03:10:00+00:00,finished,5,1-2,Querétaro FC,Juan Eduardo Robles,M,0,,0,0,0,,,0,0,0,0,0,0,0,0,0,0,0,0,0,0,0,0,0,0,0,0,0,0,0,0,0,0,0,0,0,0,2026-08-22T05:28:00.620404+00:00
Liga Mexicana 2026/2027,Querétaro FC - CD Toluca,2026-08-22T03:10:00+00:00,finished,5,1-2,CD Toluca,Luan,D,16,6.3,4,0,0,,,0,0,0,1,0,1,0,0,0,0,0,0,0,0,0,0,0,2,0,0,0,0,1,0,0,0,0,0,1,0,2026-08-22T05:28:00.620620+00:00
Liga Mexicana 2026/2027,Querétaro FC - CD Toluca,2026-08-22T03:10:00+00:00,finished,5,1-2,Querétaro FC,Lucas Abascia,D,90,5.9,61,0,0,0.0693,0.00768818,2,1,0,43,39,3,2,0,0,1,1,6,9,2,5,2,1,9,0,8,1,0,5,1,3,0,0,0,2,0,2026-08-22T05:28:00.620124+00:00
Liga Mexicana 2026/2027,Querétaro FC - CD Toluca,2026-08-22T03:10:00+00:00,finished,5,1-2,Querétaro FC,Mateo Coronel,F,32,6.7,18,0,0,0.0784,0.119365,2,1,1,12,11,1,1,1,0,0,0,0,1,0,1,0,0,0,0,1,0,0,4,0,0,0,0,0,2,0,2026-08-22T05:28:00.620283+00:00
Liga Mexicana 2026/2027,Querétaro FC - CD Toluca,2026-08-22T03:10:00+00:00,finished,5,1-2,Querétaro FC,Mono Martínez,M,16,6.3,7,0,0,,0.00134136,0,0,0,5,3,0,0,1,0,0,0,0,1,0,0,0,0,0,0,0,0,0,3,0,1,0,0,0,1,0,2026-08-22T05:28:00.620296+00:00
Liga Mexicana 2026/2027,Querétaro FC - CD Toluca,2026-08-22T03:10:00+00:00,finished,5,1-2,CD Toluca,Nicolás Castro,M,45,6.8,37,0,0,0.0513,0.04675,2,0,2,31,25,3,0,0,0,2,2,3,0,1,0,0,0,1,0,1,0,0,7,0,1,1,0,0,1,0,2026-08-22T05:28:00.620548+00:00
Liga Mexicana 2026/2027,Querétaro FC - CD Toluca,2026-08-22T03:10:00+00:00,finished,5,1-2,CD Toluca,Oswaldo Virgen,F,0,,0,0,0,,,0,0,0,0,0,0,0,0,0,0,0,0,0,0,0,0,0,0,0,0,0,0,0,0,0,0,0,0,0,0,2026-08-22T05:28:00.620689+00:00
Liga Mexicana 2026/2027,Querétaro FC - CD Toluca,2026-08-22T03:10:00+00:00,finished,5,1-2,Querétaro FC,Paulo Victor,D,58,6.7,21,0,0,,0.122385,0,0,2,17,12,1,0,2,1,0,0,1,3,0,2,1,1,0,0,3,0,0,6,0,0,0,0,0,0,0,2026-08-22T05:28:00.620260+00:00
Liga Mexicana 2026/2027,Querétaro FC - CD Toluca,2026-08-22T03:10:00+00:00,finished,5,1-2,CD Toluca,Pavel Pérez,M,0,,0,0,0,,,0,0,0,0,0,0,0,0,0,0,0,0,0,0,0,0,0,0,0,0,0,0,0,0,0,0,0,0,0,0,2026-08-22T05:28:00.620715+00:00
Liga Mexicana 2026/2027,Querétaro FC - CD Toluca,2026-08-22T03:10:00+00:00,finished,5,1-2,CD Toluca,Ronaldo Dimas,G,0,,0,0,0,,,0,0,0,0,0,0,0,0,0,0,0,0,0,0,0,0,0,0,0,0,0,0,0,0,0,0,0,0,0,0,2026-08-22T05:28:00.620661+00:00
Liga Mexicana 2026/2027,Querétaro FC - CD Toluca,2026-08-22T03:10:00+00:00,finished,5,1-2,Querétaro FC,Santiago Homenchenko,M,90,8.0,81,1,0,0.2901,0.237571,5,1,3,59,39,16,8,5,1,0,0,5,6,1,0,3,2,1,0,8,2,1,27,1,2,1,0,0,2,0,2026-08-22T05:28:00.620184+00:00
Liga Mexicana 2026/2027,Querétaro FC - CD Toluca,2026-08-22T03:10:00+00:00,finished,5,1-2,CD Toluca,Víctor Guzmán,M,13,6.5,4,0,0,,0.0005522,0,0,0,1,1,0,0,1,0,0,0,0,2,0,2,0,0,1,1,0,0,0,1,0,0,0,0,0,0,0,2026-08-22T05:28:00.620648+00:00
Liga Mexicana 2026/2027,Querétaro FC - CD Toluca,2026-08-22T03:10:00+00:00,finished,5,1-2,Querétaro FC,Waldo Madrid,M,16,6.6,7,0,0,,0.00829319,0,0,0,4,4,1,1,1,0,0,0,1,0,1,0,0,0,0,0,0,0,0,2,1,0,0,0,0,1,0,2026-08-22T05:28:00.620307+00:00
Liga Mexicana 2026/2027,Querétaro FC - CD Toluca,2026-08-22T03:10:00+00:00,finished,5,1-2,CD Toluca,Érick Gutiérrez,M,0,,0,0,0,,,0,0,0,0,0,0,0,0,0,0,0,0,0,0,0,0,0,0,0,0,0,0,0,0,0,0,0,0,0,0,2026-08-22T05:28:00.620702+00:00
