liga,jogo,data,estado,ronda,resultado,equipa,jogador,posicao,minutes_played,rating,touches,goals,goal_assist,expected_goals,expected_assists,total_shots,shots_on_target,key_pass,total_pass,accurate_pass,total_long_balls,accurate_long_balls,total_cross,accurate_cross,total_contest,won_contest,duel_won,duel_lost,aerial_won,aerial_lost,total_tackle,won_tackle,total_clearance,interception,ball_recovery,blocked_scoring_attempt,dispossessed,possession_lost,was_fouled,fouls,yellow_card,red_card,saves,goals_conceded,punches,atualizado_em
Turquia Super Lig 2026/2027,Galatasaray - Çorum FK,2026-08-14T18:30:00+00:00,finished,1,2-2,Çorum FK,,,70,6.9,23,1,0,0.0305,0.0252888,1,1,1,18,14,3,2,0,0,0,0,0,3,0,0,0,0,0,0,3,0,0,7,0,2,0,1,0,2,0,2026-09-01T10:43:19.788336+00:00
Turquia Super Lig 2026/2027,Galatasaray - Çorum FK,2026-08-14T18:30:00+00:00,finished,1,2-2,Galatasaray,Abdülkerim Bardakcı,D,84,7.0,74,0,0,0.2218,0.139068,2,1,0,60,55,4,2,1,1,0,0,4,7,3,5,0,0,5,1,5,0,1,7,1,1,0,0,0,2,0,2026-09-01T10:43:19.788154+00:00
Turquia Super Lig 2026/2027,Galatasaray - Çorum FK,2026-08-14T18:30:00+00:00,finished,1,2-2,Çorum FK,Ahmed Ildız,M,14,6.6,11,0,0,,0.0133238,0,0,0,7,7,1,1,0,0,0,0,2,2,1,0,0,0,1,0,0,0,1,2,1,0,0,0,0,1,0,2026-09-01T10:43:19.788387+00:00
Turquia Super Lig 2026/2027,Galatasaray - Çorum FK,2026-08-14T18:30:00+00:00,finished,1,2-2,Çorum FK,Alexandre Penetra,D,90,6.4,29,0,0,,0.00138478,0,0,0,18,14,3,0,0,0,0,0,1,4,1,3,0,0,7,0,0,0,0,5,0,1,0,0,0,2,0,2026-09-01T10:43:19.788294+00:00
Turquia Super Lig 2026/2027,Galatasaray - Çorum FK,2026-08-14T18:30:00+00:00,finished,1,2-2,Çorum FK,Andrei Borza,D,90,6.5,46,0,0,0.0603,0.00524302,1,0,0,26,19,7,2,0,0,2,2,6,2,0,0,4,4,4,1,5,1,0,9,0,0,0,0,0,2,0,2026-09-01T10:43:19.788303+00:00
Turquia Super Lig 2026/2027,Galatasaray - Çorum FK,2026-08-14T18:30:00+00:00,finished,1,2-2,Galatasaray,Arda Ünyay,D,0,,0,0,0,,,0,0,0,0,0,0,0,0,0,0,0,0,0,0,0,0,0,0,0,0,0,0,0,0,0,0,0,0,0,0,2026-09-01T10:43:19.788230+00:00
Turquia Super Lig 2026/2027,Galatasaray - Çorum FK,2026-08-14T18:30:00+00:00,finished,1,2-2,Çorum FK,Arda Şengül,D,14,6.7,12,0,0,,4.772e-05,0,0,0,3,2,1,0,0,0,0,0,1,1,1,1,0,0,6,0,1,0,0,1,0,0,0,0,0,1,0,2026-09-01T10:43:19.788379+00:00
Turquia Super Lig 2026/2027,Galatasaray - Çorum FK,2026-08-14T18:30:00+00:00,finished,1,2-2,Galatasaray,Barış Alper Yılmaz,M,90,6.3,50,0,0,0.3288,0.366827,3,0,3,23,16,1,0,10,2,4,0,3,8,2,2,0,0,0,1,2,1,1,24,1,1,0,0,0,2,0,2026-09-01T10:43:19.788076+00:00
Turquia Super Lig 2026/2027,Galatasaray - Çorum FK,2026-08-14T18:30:00+00:00,finished,1,2-2,Çorum FK,Berat Özdemir,M,90,7.5,56,0,0,,0.00704503,0,0,0,41,35,11,6,0,0,1,1,5,0,3,0,0,0,8,0,5,0,0,8,1,0,0,0,0,2,0,2026-09-01T10:43:19.788269+00:00
Turquia Super Lig 2026/2027,Galatasaray - Çorum FK,2026-08-14T18:30:00+00:00,finished,1,2-2,Galatasaray,Davinson Sánchez,D,71,6.6,69,0,0,,0.0449826,0,0,2,62,53,7,3,0,0,0,0,3,1,3,0,0,0,5,0,4,0,0,9,0,1,0,0,0,2,0,2026-09-01T10:43:19.788180+00:00
Turquia Super Lig 2026/2027,Galatasaray - Çorum FK,2026-08-14T18:30:00+00:00,finished,1,2-2,Çorum FK,Emircan Gürlük,M,0,,0,0,0,,,0,0,0,0,0,0,0,0,0,0,0,0,0,0,0,0,0,0,0,0,0,0,0,0,0,0,0,0,0,0,2026-09-01T10:43:19.873005+00:00
Turquia Super Lig 2026/2027,Galatasaray - Çorum FK,2026-08-14T18:30:00+00:00,finished,1,2-2,Galatasaray,Eren Elmalı,D,19,6.7,24,0,0,0.0304,0.0474698,1,1,3,15,14,0,0,2,0,0,0,1,1,0,1,1,0,0,0,0,0,0,4,0,0,0,0,0,0,0,2026-09-01T10:43:19.788189+00:00
Turquia Super Lig 2026/2027,Galatasaray - Çorum FK,2026-08-14T18:30:00+00:00,finished,1,2-2,Çorum FK,Erhan Erentürk,G,0,,0,0,0,,,0,0,0,0,0,0,0,0,0,0,0,0,0,0,0,0,0,0,0,0,0,0,0,0,0,0,0,0,0,0,2026-09-01T10:43:19.872994+00:00
Turquia Super Lig 2026/2027,Galatasaray - Çorum FK,2026-08-14T18:30:00+00:00,finished,1,2-2,Çorum FK,Fredy,M,76,7.2,37,0,1,0.0585,0.157778,1,0,1,26,18,5,4,1,0,0,0,5,2,0,2,1,0,2,0,4,1,0,9,4,0,0,0,0,1,0,2026-09-01T10:43:19.788327+00:00
Turquia Super Lig 2026/2027,Galatasaray - Çorum FK,2026-08-14T18:30:00+00:00,finished,1,2-2,Galatasaray,Gabriel Sara,M,90,7.2,83,0,1,0.4181,0.503166,6,2,8,58,52,3,2,11,6,1,1,1,6,0,1,0,0,0,0,5,3,1,14,0,2,0,0,0,2,0,2026-09-01T10:43:19.788061+00:00
Turquia Super Lig 2026/2027,Galatasaray - Çorum FK,2026-08-14T18:30:00+00:00,finished,1,2-2,Çorum FK,Gökhan Sazdağı,D,90,6.6,55,0,0,,0.0110456,0,0,0,27,14,7,1,2,0,0,0,6,4,0,3,5,3,8,1,2,0,0,17,1,1,0,0,0,2,0,2026-09-01T10:43:19.788286+00:00
Turquia Super Lig 2026/2027,Galatasaray - Çorum FK,2026-08-14T18:30:00+00:00,finished,1,2-2,Çorum FK,Hasan Abdulkareem,M,0,,0,0,0,,,0,0,0,0,0,0,0,0,0,0,0,0,0,0,0,0,0,0,0,0,0,0,0,0,0,0,0,0,0,0,2026-09-01T10:43:19.873033+00:00
Turquia Super Lig 2026/2027,Galatasaray - Çorum FK,2026-08-14T18:30:00+00:00,finished,1,2-2,Çorum FK,Hrvoje Smolčić,D,76,6.8,48,0,0,0.0275,0.00072306,1,0,0,32,24,9,3,0,0,0,0,3,4,1,2,2,1,9,1,2,0,0,8,0,1,0,0,0,1,0,2026-09-01T10:43:19.788318+00:00
Turquia Super Lig 2026/2027,Galatasaray - Çorum FK,2026-08-14T18:30:00+00:00,finished,1,2-2,Çorum FK,Huseyin Bulut,D,0,,0,0,0,,,0,0,0,0,0,0,0,0,0,0,0,0,0,0,0,0,0,0,0,0,0,0,0,0,0,0,0,0,0,0,2026-09-01T10:43:19.873023+00:00
Turquia Super Lig 2026/2027,Galatasaray - Çorum FK,2026-08-14T18:30:00+00:00,finished,1,2-2,Galatasaray,Ismail Jakobs,D,71,6.5,47,0,0,,0.0536815,0,0,0,28,26,0,0,2,1,0,0,2,0,0,0,2,1,0,0,2,0,0,9,0,0,0,0,0,2,0,2026-09-01T10:43:19.788172+00:00
Turquia Super Lig 2026/2027,Galatasaray - Çorum FK,2026-08-14T18:30:00+00:00,finished,1,2-2,Galatasaray,Jankat Yılmaz,G,0,,0,0,0,,,0,0,0,0,0,0,0,0,0,0,0,0,0,0,0,0,0,0,0,0,0,0,0,0,0,0,0,0,0,0,2026-09-01T10:43:19.788246+00:00
Turquia Super Lig 2026/2027,Galatasaray - Çorum FK,2026-08-14T18:30:00+00:00,finished,1,2-2,Çorum FK,Jesús Ramírez,F,90,8.1,40,1,0,0.3974,0.00598695,3,2,1,24,16,2,1,0,0,1,0,7,9,3,7,1,1,1,1,0,0,1,10,3,0,0,0,0,2,0,2026-09-01T10:43:19.788310+00:00
Turquia Super Lig 2026/2027,Galatasaray - Çorum FK,2026-08-14T18:30:00+00:00,finished,1,2-2,Galatasaray,Kaan Ayhan,D,9,6.7,1,0,0,,0.00158609,0,0,0,1,1,0,0,0,0,0,0,0,0,0,0,0,0,0,0,0,0,0,0,0,0,0,0,0,0,0,2026-09-01T10:43:19.788222+00:00
Turquia Super Lig 2026/2027,Galatasaray - Çorum FK,2026-08-14T18:30:00+00:00,finished,1,2-2,Galatasaray,Kazımcan Karataş,D,14,6.6,17,0,0,0.0652,0.0092396,2,0,0,10,9,1,0,2,0,0,0,0,0,0,0,0,0,1,1,1,1,0,3,0,0,0,0,0,0,0,2026-09-01T10:43:19.788205+00:00
Turquia Super Lig 2026/2027,Galatasaray - Çorum FK,2026-08-14T18:30:00+00:00,finished,1,2-2,Çorum FK,Kenan Fakili,M,0,,0,0,0,,,0,0,0,0,0,0,0,0,0,0,0,0,0,0,0,0,0,0,0,0,0,0,0,0,0,0,0,0,0,0,2026-09-01T10:43:19.872946+00:00
Turquia Super Lig 2026/2027,Galatasaray - Çorum FK,2026-08-14T18:30:00+00:00,finished,1,2-2,Galatasaray,Leroy Sané,M,89,7.0,50,0,0,0.1728,0.314182,4,3,1,34,30,2,1,1,0,4,2,2,3,0,0,0,0,0,0,6,1,1,12,0,1,0,0,0,2,0,2026-09-01T10:43:19.788144+00:00
Turquia Super Lig 2026/2027,Galatasaray - Çorum FK,2026-08-14T18:30:00+00:00,finished,1,2-2,Galatasaray,Lesley Ugochukwu,M,0,,0,0,0,,,0,0,0,0,0,0,0,0,0,0,0,0,0,0,0,0,0,0,0,0,0,0,0,0,0,0,0,0,0,0,2026-09-01T10:43:19.788239+00:00
Turquia Super Lig 2026/2027,Galatasaray - Çorum FK,2026-08-14T18:30:00+00:00,finished,1,2-2,Galatasaray,Lucas Torreira,M,84,7.3,79,0,1,,0.193724,0,0,3,67,63,5,3,1,0,1,1,4,2,0,0,3,1,1,2,4,0,0,6,0,2,0,0,0,2,0,2026-09-01T10:43:19.788163+00:00
Turquia Super Lig 2026/2027,Galatasaray - Çorum FK,2026-08-14T18:30:00+00:00,finished,1,2-2,Çorum FK,Mame Thiam,F,22,6.5,11,0,0,,0.00465444,0,0,0,5,4,0,0,0,0,0,0,1,3,1,0,0,0,0,1,0,0,2,3,0,1,0,0,0,1,0,2026-09-01T10:43:19.788371+00:00
Turquia Super Lig 2026/2027,Galatasaray - Çorum FK,2026-08-14T18:30:00+00:00,finished,1,2-2,Çorum FK,Marcos Felipe,G,90,7.6,58,0,0,,0.00170347,0,0,1,39,15,31,7,0,0,0,0,2,1,2,0,0,0,2,0,11,0,0,25,0,0,0,0,11,2,1,2026-09-01T10:43:19.788277+00:00
Turquia Super Lig 2026/2027,Galatasaray - Çorum FK,2026-08-14T18:30:00+00:00,finished,1,2-2,Galatasaray,Mario Lemina,M,19,6.8,22,0,0,,0.00444528,0,0,0,17,17,1,1,0,0,0,0,0,0,0,0,0,0,2,0,2,0,0,0,0,0,0,0,0,0,0,2026-09-01T10:43:19.788197+00:00
Turquia Super Lig 2026/2027,Galatasaray - Çorum FK,2026-08-14T18:30:00+00:00,finished,1,2-2,Çorum FK,Markus Karlsbakk,M,54,6.4,17,0,0,,0.00023151,0,0,0,9,6,0,0,0,0,1,0,2,3,0,0,2,1,0,0,2,0,0,5,0,0,0,0,0,1,0,2026-09-01T10:43:19.788354+00:00
Turquia Super Lig 2026/2027,Galatasaray - Çorum FK,2026-08-14T18:30:00+00:00,finished,1,2-2,Çorum FK,Mohammed Diomande,M,36,6.6,21,0,0,,0.0186983,0,0,1,14,13,3,2,2,0,0,0,0,0,0,0,0,0,4,0,1,0,0,3,0,0,0,0,0,1,0,2026-09-01T10:43:19.788363+00:00
Turquia Super Lig 2026/2027,Galatasaray - Çorum FK,2026-08-14T18:30:00+00:00,finished,1,2-2,Galatasaray,Renato Nhaga,M,0,,0,0,0,,,0,0,0,0,0,0,0,0,0,0,0,0,0,0,0,0,0,0,0,0,0,0,0,0,0,0,0,0,0,0,2026-09-01T10:43:19.788253+00:00
Turquia Super Lig 2026/2027,Galatasaray - Çorum FK,2026-08-14T18:30:00+00:00,finished,1,2-2,Galatasaray,Roland Sallai,D,90,6.6,80,0,0,0.1797,0.205607,3,0,3,57,49,4,2,5,1,0,0,4,2,3,0,0,0,2,1,3,0,0,15,1,2,0,0,0,2,0,2026-09-01T10:43:19.788011+00:00
Turquia Super Lig 2026/2027,Galatasaray - Çorum FK,2026-08-14T18:30:00+00:00,finished,1,2-2,Çorum FK,Serdar Gürler,M,68,6.6,24,0,0,0.035,0.139755,1,0,1,18,15,0,0,2,1,0,0,1,0,0,0,1,1,0,0,1,0,0,5,0,0,0,0,0,1,0,2026-09-01T10:43:19.788345+00:00
Turquia Super Lig 2026/2027,Galatasaray - Çorum FK,2026-08-14T18:30:00+00:00,finished,1,2-2,Çorum FK,Serdar Saatçı,D,0,,0,0,0,,,0,0,0,0,0,0,0,0,0,0,0,0,0,0,0,0,0,0,0,0,0,0,0,0,0,0,0,0,0,0,2026-09-01T10:43:19.873014+00:00
Turquia Super Lig 2026/2027,Galatasaray - Çorum FK,2026-08-14T18:30:00+00:00,finished,1,2-2,Galatasaray,Uğurcan Çakır,G,90,6.4,35,0,0,,0.00015256,0,0,0,27,23,7,3,0,0,0,0,0,0,0,0,0,0,2,0,8,0,0,4,0,0,0,0,1,2,0,2026-09-01T10:43:19.788051+00:00
Turquia Super Lig 2026/2027,Galatasaray - Çorum FK,2026-08-14T18:30:00+00:00,finished,1,2-2,Galatasaray,Victor Osimhen,F,90,8.6,25,2,0,1.1651,0.122547,12,5,1,4,3,0,0,0,0,3,1,9,5,7,3,0,0,0,0,3,1,0,7,1,0,0,0,0,2,0,2026-09-01T10:43:19.788126+00:00
Turquia Super Lig 2026/2027,Galatasaray - Çorum FK,2026-08-14T18:30:00+00:00,finished,1,2-2,Galatasaray,Wilfried Singo,D,0,,0,0,0,,,0,0,0,0,0,0,0,0,0,0,0,0,0,0,0,0,0,0,0,0,0,0,0,0,0,0,0,0,0,0,2026-09-01T10:43:19.788260+00:00
Turquia Super Lig 2026/2027,Galatasaray - Çorum FK,2026-08-14T18:30:00+00:00,finished,1,2-2,Galatasaray,Yunus Akgün,M,90,7.5,74,0,0,0.3203,0.508676,5,1,8,42,37,2,1,10,5,6,3,5,7,0,1,0,0,0,0,4,2,1,16,2,1,1,0,0,2,0,2026-09-01T10:43:19.788068+00:00
Turquia Super Lig 2026/2027,Galatasaray - Çorum FK,2026-08-14T18:30:00+00:00,finished,1,2-2,Galatasaray,İlkay Gündoğan,M,14,6.8,17,0,0,,0.0409166,0,0,2,17,17,0,0,0,0,0,0,0,0,0,0,0,0,0,0,2,0,0,0,0,0,0,0,0,0,0,2026-09-01T10:43:19.788214+00:00
Turquia Super Lig 2026/2027,Kasımpaşa - Trabzonspor,2026-08-15T16:00:00+00:00,finished,1,1-1,Kasımpaşa,Adem Arous,D,90,7.0,44,0,0,,0.00241787,0,0,0,30,26,2,2,0,0,0,0,3,1,3,0,0,0,10,1,3,0,0,4,0,1,0,0,0,1,0,2026-09-02T00:09:34.881748+00:00
Turquia Super Lig 2026/2027,Kasımpaşa - Trabzonspor,2026-08-15T16:00:00+00:00,finished,1,1-1,Kasımpaşa,Adrian Benedyczak,F,89,7.0,22,1,0,1.1189,0.00459178,5,3,0,10,8,0,0,2,0,0,0,1,3,0,1,0,0,1,0,0,0,1,7,1,1,0,0,0,1,0,2026-09-02T00:09:34.881758+00:00
Turquia Super Lig 2026/2027,Kasımpaşa - Trabzonspor,2026-08-15T16:00:00+00:00,finished,1,1-1,Trabzonspor,Ahmet Doğan Yıldırım,G,0,,0,0,0,,,0,0,0,0,0,0,0,0,0,0,0,0,0,0,0,0,0,0,0,0,0,0,0,0,0,0,0,0,0,0,2026-09-02T00:09:34.882076+00:00
Turquia Super Lig 2026/2027,Kasımpaşa - Trabzonspor,2026-08-15T16:00:00+00:00,finished,1,1-1,Kasımpaşa,Ahmet Taha Dağbaşı,D,0,,0,0,0,,,0,0,0,0,0,0,0,0,0,0,0,0,0,0,0,0,0,0,0,0,0,0,0,0,0,0,0,0,0,0,2026-09-02T00:09:34.881860+00:00
Turquia Super Lig 2026/2027,Kasımpaşa - Trabzonspor,2026-08-15T16:00:00+00:00,finished,1,1-1,Kasımpaşa,Ali Emre Yanar,G,0,,0,0,0,,,0,0,0,0,0,0,0,0,0,0,0,0,0,0,0,0,0,0,0,0,0,0,0,0,0,0,0,0,0,0,2026-09-02T00:09:34.881896+00:00
Turquia Super Lig 2026/2027,Kasımpaşa - Trabzonspor,2026-08-15T16:00:00+00:00,finished,1,1-1,Kasımpaşa,Ali Yavuz Kol,F,0,,0,0,0,,,0,0,0,0,0,0,0,0,0,0,0,0,0,0,0,0,0,0,0,0,0,0,0,0,0,0,0,0,0,0,2026-09-02T00:09:34.881887+00:00
Turquia Super Lig 2026/2027,Kasımpaşa - Trabzonspor,2026-08-15T16:00:00+00:00,finished,1,1-1,Kasımpaşa,Andreas Gianniotis,G,90,6.8,39,0,0,,0.00027591,0,0,0,29,15,18,4,0,0,0,0,0,0,0,0,0,0,1,0,6,0,0,14,0,0,0,0,4,1,0,2026-09-02T00:09:34.881738+00:00
Turquia Super Lig 2026/2027,Kasımpaşa - Trabzonspor,2026-08-15T16:00:00+00:00,finished,1,1-1,Kasımpaşa,Andri Fannar Baldursson,M,90,7.3,55,0,0,,0.0134589,0,0,0,32,25,3,1,0,0,0,0,10,6,4,1,6,6,9,1,6,0,1,10,0,4,1,0,0,1,0,2026-09-02T00:09:34.881699+00:00
Turquia Super Lig 2026/2027,Kasımpaşa - Trabzonspor,2026-08-15T16:00:00+00:00,finished,1,1-1,Trabzonspor,André Onana,G,90,7.8,44,0,0,,0.00491601,0,0,0,32,20,18,8,0,0,0,0,1,0,0,0,0,0,0,0,9,0,0,13,1,0,0,0,3,1,0,2026-09-02T00:09:34.881923+00:00
Turquia Super Lig 2026/2027,Kasımpaşa - Trabzonspor,2026-08-15T16:00:00+00:00,finished,1,1-1,Trabzonspor,Aral Şimşir,M,67,6.3,35,0,0,,0.00373902,0,0,0,21,13,2,2,3,1,2,0,1,4,0,1,0,0,1,0,0,0,1,16,1,0,0,0,0,1,0,2026-09-02T00:09:34.881986+00:00
Turquia Super Lig 2026/2027,Kasımpaşa - Trabzonspor,2026-08-15T16:00:00+00:00,finished,1,1-1,Kasımpaşa,Atakan Mujde,M,0,,0,0,0,,,0,0,0,0,0,0,0,0,0,0,0,0,0,0,0,0,0,0,0,0,0,0,0,0,0,0,0,0,0,0,2026-09-02T00:09:34.881905+00:00
Turquia Super Lig 2026/2027,Kasımpaşa - Trabzonspor,2026-08-15T16:00:00+00:00,finished,1,1-1,Kasımpaşa,Ayberk Karapo,D,8,7.0,11,0,0,,0.0180691,0,0,0,6,6,1,1,1,0,0,0,1,0,0,0,1,1,1,0,0,0,0,2,0,0,0,0,0,0,0,2026-09-02T00:09:34.881841+00:00
Turquia Super Lig 2026/2027,Kasımpaşa - Trabzonspor,2026-08-15T16:00:00+00:00,finished,1,1-1,Trabzonspor,Benjamin Bouchouari,M,90,7.0,68,0,0,,0.0205189,0,0,0,57,52,5,4,0,0,1,1,6,5,2,2,2,1,2,2,4,0,1,7,1,1,0,0,0,1,0,2026-09-02T00:09:34.881914+00:00
Turquia Super Lig 2026/2027,Kasımpaşa - Trabzonspor,2026-08-15T16:00:00+00:00,finished,1,1-1,Trabzonspor,Cenk Özkaçar,D,0,,0,0,0,,,0,0,0,0,0,0,0,0,0,0,0,0,0,0,0,0,0,0,0,0,0,0,0,0,0,0,0,0,0,0,2026-09-02T00:09:34.882092+00:00
Turquia Super Lig 2026/2027,Kasımpaşa - Trabzonspor,2026-08-15T16:00:00+00:00,finished,1,1-1,Trabzonspor,Chibuike Nwaiwu,D,90,7.4,76,0,0,0.0785,0.00904486,1,1,0,53,49,7,5,1,0,2,2,6,2,0,1,3,2,4,4,4,0,0,5,1,1,0,0,0,1,0,2026-09-02T00:09:34.881942+00:00
Turquia Super Lig 2026/2027,Kasımpaşa - Trabzonspor,2026-08-15T16:00:00+00:00,finished,1,1-1,Kasımpaşa,Cláudio Winck,D,90,6.0,59,0,0,0.5695,0.00761561,3,1,0,31,24,6,3,4,0,3,1,4,10,2,2,1,0,4,2,6,0,1,17,0,3,0,0,0,1,0,2026-09-02T00:09:34.881729+00:00
Turquia Super Lig 2026/2027,Kasımpaşa - Trabzonspor,2026-08-15T16:00:00+00:00,finished,1,1-1,Kasımpaşa,Elson Mendes,M,90,6.9,60,0,0,,0.0394265,0,0,2,49,41,7,5,0,0,0,0,4,5,1,1,2,0,1,2,6,0,1,11,1,3,0,0,0,1,0,2026-09-02T00:09:34.881711+00:00
Turquia Super Lig 2026/2027,Kasımpaşa - Trabzonspor,2026-08-15T16:00:00+00:00,finished,1,1-1,Kasımpaşa,Emirhan Boz,M,0,,0,0,0,,,0,0,0,0,0,0,0,0,0,0,0,0,0,0,0,0,0,0,0,0,0,0,0,0,0,0,0,0,0,0,2026-09-02T00:09:34.881869+00:00
Turquia Super Lig 2026/2027,Kasımpaşa - Trabzonspor,2026-08-15T16:00:00+00:00,finished,1,1-1,Kasımpaşa,Fousseni Diabaté,M,45,6.2,21,0,0,,0.021348,0,0,1,17,14,1,0,0,0,0,0,0,4,0,2,0,0,0,0,0,0,2,6,0,0,0,0,0,1,0,2026-09-02T00:09:34.881813+00:00
Turquia Super Lig 2026/2027,Kasımpaşa - Trabzonspor,2026-08-15T16:00:00+00:00,finished,1,1-1,Kasımpaşa,Güven Yalçın,F,82,6.4,36,0,0,0.0144,0.00671577,1,0,0,18,11,3,1,1,0,2,1,7,7,2,1,2,1,0,0,5,1,1,16,2,1,0,0,0,1,0,2026-09-02T00:09:34.881786+00:00
Turquia Super Lig 2026/2027,Kasımpaşa - Trabzonspor,2026-08-15T16:00:00+00:00,finished,1,1-1,Kasımpaşa,Haris Hajradinović,M,45,7.0,35,0,0,,0.117309,0,0,2,25,20,2,2,5,2,0,0,3,1,0,0,1,0,0,0,1,0,0,9,2,0,0,0,0,0,0,2026-09-02T00:09:34.881823+00:00
Turquia Super Lig 2026/2027,Kasımpaşa - Trabzonspor,2026-08-15T16:00:00+00:00,finished,1,1-1,Kasımpaşa,Jakob Jessen,D,90,6.6,56,0,0,,0.0169621,0,0,0,29,26,3,1,1,0,1,0,4,6,0,0,4,2,1,0,7,0,1,10,0,1,0,0,0,1,0,2026-09-02T00:09:34.881720+00:00
Turquia Super Lig 2026/2027,Kasımpaşa - Trabzonspor,2026-08-15T16:00:00+00:00,finished,1,1-1,Kasımpaşa,Marcus Rafferty,M,12,6.4,9,0,0,,0.00286026,0,0,0,6,4,0,0,0,0,1,0,0,2,0,0,0,0,0,0,1,0,0,5,0,0,0,0,0,0,0,2026-09-02T00:09:34.881832+00:00
Turquia Super Lig 2026/2027,Kasımpaşa - Trabzonspor,2026-08-15T16:00:00+00:00,finished,1,1-1,Kasımpaşa,Matei Ilie,D,90,6.7,36,0,0,,0.00263044,0,0,1,28,22,8,2,0,0,0,0,1,3,0,3,1,1,3,0,3,0,0,7,0,0,0,0,0,1,0,2026-09-02T00:09:34.881651+00:00
Turquia Super Lig 2026/2027,Kasımpaşa - Trabzonspor,2026-08-15T16:00:00+00:00,finished,1,1-1,Trabzonspor,Melih Kabasakal,M,23,6.6,20,0,0,,0.00355619,0,0,0,19,18,4,3,0,0,0,0,0,2,0,0,0,0,0,0,1,0,1,2,0,0,0,0,0,0,0,2026-09-02T00:09:34.882033+00:00
Turquia Super Lig 2026/2027,Kasımpaşa - Trabzonspor,2026-08-15T16:00:00+00:00,finished,1,1-1,Trabzonspor,Metehan Mimaroğlu,M,58,7.1,34,0,1,0.0665,0.0531851,1,1,1,20,16,1,0,3,2,2,2,6,2,1,2,2,1,0,0,3,0,0,7,1,0,0,0,0,1,0,2026-09-02T00:09:34.882005+00:00
Turquia Super Lig 2026/2027,Kasımpaşa - Trabzonspor,2026-08-15T16:00:00+00:00,finished,1,1-1,Trabzonspor,Mohamed Salah,M,32,6.6,32,0,0,0.1862,0.168542,2,0,2,14,11,2,1,7,3,5,3,3,3,0,0,0,0,0,0,1,0,1,12,0,0,0,0,0,0,0,2026-09-02T00:09:34.882015+00:00
Turquia Super Lig 2026/2027,Kasımpaşa - Trabzonspor,2026-08-15T16:00:00+00:00,finished,1,1-1,Kasımpaşa,Mortadha Ben Ouanes,M,78,6.7,34,0,0,,0.0981902,0,0,1,24,19,0,0,3,1,1,0,5,7,2,2,0,0,1,0,5,0,0,9,3,3,1,0,0,1,0,2026-09-02T00:09:34.881803+00:00
Turquia Super Lig 2026/2027,Kasımpaşa - Trabzonspor,2026-08-15T16:00:00+00:00,finished,1,1-1,Trabzonspor,Mustafa Eskihellaç,D,90,7.6,87,0,0,0.0482,0.297078,3,0,3,61,55,4,3,4,3,3,3,8,2,2,1,1,1,2,3,7,2,0,9,3,1,0,0,0,1,0,2026-09-02T00:09:34.881958+00:00
Turquia Super Lig 2026/2027,Kasımpaşa - Trabzonspor,2026-08-15T16:00:00+00:00,finished,1,1-1,Trabzonspor,Noah Saviolo,M,67,7.5,37,1,0,0.0525,0.0245869,2,2,1,15,12,0,0,5,1,4,1,4,5,0,1,0,0,1,0,1,0,1,13,3,0,0,0,0,1,0,2026-09-02T00:09:34.881995+00:00
Turquia Super Lig 2026/2027,Kasımpaşa - Trabzonspor,2026-08-15T16:00:00+00:00,finished,1,1-1,Trabzonspor,Onuralp Çevikkan,G,0,,0,0,0,,,0,0,0,0,0,0,0,0,0,0,0,0,0,0,0,0,0,0,0,0,0,0,0,0,0,0,0,0,0,0,2026-09-02T00:09:34.882060+00:00
Turquia Super Lig 2026/2027,Kasımpaşa - Trabzonspor,2026-08-15T16:00:00+00:00,finished,1,1-1,Trabzonspor,Ozan Tufan,M,13,6.5,5,0,0,,0.00047676,0,0,0,4,4,0,0,0,0,0,0,0,1,0,1,0,0,0,1,2,0,0,0,0,0,0,0,0,0,0,2026-09-02T00:09:34.882042+00:00
Turquia Super Lig 2026/2027,Kasımpaşa - Trabzonspor,2026-08-15T16:00:00+00:00,finished,1,1-1,Trabzonspor,Paul Onuachu,F,90,6.5,16,0,0,0.1594,0.0033213,2,0,0,6,3,0,0,0,0,2,0,6,5,4,3,1,0,0,0,1,1,0,8,1,0,0,0,0,1,0,2026-09-02T00:09:34.881967+00:00
Turquia Super Lig 2026/2027,Kasımpaşa - Trabzonspor,2026-08-15T16:00:00+00:00,finished,1,1-1,Trabzonspor,René Mitongo,F,0,,0,0,0,,,0,0,0,0,0,0,0,0,0,0,0,0,0,0,0,0,0,0,0,0,0,0,0,0,0,0,0,0,0,0,2026-09-02T00:09:34.882068+00:00
Turquia Super Lig 2026/2027,Kasımpaşa - Trabzonspor,2026-08-15T16:00:00+00:00,finished,1,1-1,Trabzonspor,Ruslan Malinovskyi,M,84,6.7,69,0,0,0.0298,0.0360915,1,0,1,53,46,7,5,6,0,2,0,4,5,1,1,2,2,0,1,6,0,0,16,1,2,0,0,0,1,0,2026-09-02T00:09:34.881976+00:00
Turquia Super Lig 2026/2027,Kasımpaşa - Trabzonspor,2026-08-15T16:00:00+00:00,finished,1,1-1,Trabzonspor,Samet Akaydın,D,0,,0,0,0,,,0,0,0,0,0,0,0,0,0,0,0,0,0,0,0,0,0,0,0,0,0,0,0,0,0,0,0,0,0,0,2026-09-02T00:09:34.882085+00:00
Turquia Super Lig 2026/2027,Kasımpaşa - Trabzonspor,2026-08-15T16:00:00+00:00,finished,1,1-1,Trabzonspor,Sidny Lopes Cabral,D,23,6.8,30,0,0,,0.00482124,0,0,0,18,17,4,3,4,0,0,0,0,1,0,0,0,0,0,0,2,0,0,6,0,1,0,0,0,0,0,2026-09-02T00:09:34.882024+00:00
Turquia Super Lig 2026/2027,Kasımpaşa - Trabzonspor,2026-08-15T16:00:00+00:00,finished,1,1-1,Kasımpaşa,Sinan Alkas,F,1,,1,0,0,,,0,0,0,0,0,0,0,0,0,0,0,0,0,0,0,0,0,0,0,0,0,0,1,0,0,0,0,0,0,0,2026-09-02T00:09:34.881850+00:00
Turquia Super Lig 2026/2027,Kasımpaşa - Trabzonspor,2026-08-15T16:00:00+00:00,finished,1,1-1,Trabzonspor,Stefan Savić,D,90,6.6,68,0,0,0.168,0.00464474,1,1,1,56,50,6,5,0,0,1,0,2,3,2,0,0,0,3,2,4,0,1,8,0,1,0,0,0,1,0,2026-09-02T00:09:34.881950+00:00
Turquia Super Lig 2026/2027,Kasımpaşa - Trabzonspor,2026-08-15T16:00:00+00:00,finished,1,1-1,Kasımpaşa,Thiemoko Diarra,M,0,,0,0,0,,,0,0,0,0,0,0,0,0,0,0,0,0,0,0,0,0,0,0,0,0,0,0,0,0,0,0,0,0,0,0,2026-09-02T00:09:34.881878+00:00
Turquia Super Lig 2026/2027,Kasımpaşa - Trabzonspor,2026-08-15T16:00:00+00:00,finished,1,1-1,Trabzonspor,Umut Nayir,F,0,,0,0,0,,,0,0,0,0,0,0,0,0,0,0,0,0,0,0,0,0,0,0,0,0,0,0,0,0,0,0,0,0,0,0,2026-09-02T00:09:34.882051+00:00
Turquia Super Lig 2026/2027,Kasımpaşa - Trabzonspor,2026-08-15T16:00:00+00:00,finished,1,1-1,Trabzonspor,Wagner Pina,D,90,6.2,73,0,0,,0.0325155,0,0,0,48,42,4,0,4,1,1,1,7,3,0,0,3,2,2,1,6,0,1,15,3,2,0,0,0,1,0,2026-09-02T00:09:34.881932+00:00
Turquia Super Lig 2026/2027,Konyaspor - Çaykur Rizespor,2026-08-15T16:00:00+00:00,finished,1,0-1,Konyaspor,,,33,6.6,12,0,0,,0.0005875,0,0,0,6,4,1,0,0,0,0,0,2,1,2,1,0,0,1,0,0,0,0,5,0,0,0,0,0,1,0,2026-09-02T00:09:34.558695+00:00
Turquia Super Lig 2026/2027,Konyaspor - Çaykur Rizespor,2026-08-15T16:00:00+00:00,finished,1,0-1,Konyaspor,,,0,,0,0,0,,,0,0,0,0,0,0,0,0,0,0,0,0,0,0,0,0,0,0,0,0,0,0,0,0,0,0,0,0,0,0,2026-09-02T00:09:34.558721+00:00
Turquia Super Lig 2026/2027,Konyaspor - Çaykur Rizespor,2026-08-15T16:00:00+00:00,finished,1,0-1,Çaykur Rizespor,Adedire Mebude,F,73,6.7,44,0,0,0.0428,0.186952,1,1,2,35,29,3,2,1,1,2,1,1,4,0,0,0,0,0,0,2,0,2,10,0,1,1,0,0,0,0,2026-09-02T00:09:34.558464+00:00
Turquia Super Lig 2026/2027,Konyaspor - Çaykur Rizespor,2026-08-15T16:00:00+00:00,finished,1,0-1,Konyaspor,Adil Demirbağ,D,101,6.6,58,0,0,0.0463,0.0420225,1,0,0,45,43,3,2,0,0,0,0,0,4,0,1,0,0,8,0,2,0,0,2,0,2,0,0,0,1,0,2026-09-02T00:09:34.558587+00:00
Turquia Super Lig 2026/2027,Konyaspor - Çaykur Rizespor,2026-08-15T16:00:00+00:00,finished,1,0-1,Çaykur Rizespor,Ahmed Kutucu,M,84,6.5,44,0,0,0.3053,0.0170811,4,1,0,25,21,3,2,1,0,3,1,4,5,0,1,3,2,0,0,3,1,0,13,0,1,0,0,0,0,0,2026-09-02T00:09:34.558455+00:00
Turquia Super Lig 2026/2027,Konyaspor - Çaykur Rizespor,2026-08-15T16:00:00+00:00,finished,1,0-1,Çaykur Rizespor,Ali Sowe,F,101,6.4,30,0,0,0.0373,0.0174265,2,1,2,11,11,1,1,0,0,6,4,6,9,1,3,0,0,0,2,4,1,2,7,1,2,1,0,0,0,0,2026-09-02T00:09:34.558440+00:00
Turquia Super Lig 2026/2027,Konyaspor - Çaykur Rizespor,2026-08-15T16:00:00+00:00,finished,1,0-1,Konyaspor,Arif Boşluk,D,101,6.8,38,0,0,,0.026212,0,0,0,21,16,4,3,1,0,1,1,6,2,0,0,5,3,4,0,3,0,0,7,0,2,0,0,0,1,0,2026-09-02T00:09:34.558560+00:00
Turquia Super Lig 2026/2027,Konyaspor - Çaykur Rizespor,2026-08-15T16:00:00+00:00,finished,1,0-1,Konyaspor,Arthur Masuaku,D,0,,0,0,0,,,0,0,0,0,0,0,0,0,0,0,0,0,0,0,0,0,0,0,0,0,0,0,0,0,0,0,0,0,0,0,2026-09-02T00:09:34.558728+00:00
Turquia Super Lig 2026/2027,Konyaspor - Çaykur Rizespor,2026-08-15T16:00:00+00:00,finished,1,0-1,Çaykur Rizespor,Attila Mocsi,D,101,6.7,77,0,0,0.2341,0.0291908,2,1,1,67,58,9,5,1,0,0,0,3,9,3,7,0,0,6,0,3,0,1,11,0,1,0,0,0,0,0,2026-09-02T00:09:34.558421+00:00
Turquia Super Lig 2026/2027,Konyaspor - Çaykur Rizespor,2026-08-15T16:00:00+00:00,finished,1,0-1,Konyaspor,Bahadır Han Güngördü,G,68,7.8,49,0,0,,0.00063867,0,0,0,36,23,19,7,0,0,0,0,1,0,0,0,0,0,2,0,13,0,0,14,1,0,0,0,3,0,0,2026-09-02T00:09:34.558621+00:00
Turquia Super Lig 2026/2027,Konyaspor - Çaykur Rizespor,2026-08-15T16:00:00+00:00,finished,1,0-1,Konyaspor,Chidozie Awaziem,D,101,7.2,74,0,0,,0.00229346,0,0,0,56,48,4,1,0,0,0,0,7,4,2,1,3,3,7,2,5,0,1,9,2,0,1,0,0,1,0,2026-09-02T00:09:34.558578+00:00
Turquia Super Lig 2026/2027,Konyaspor - Çaykur Rizespor,2026-08-15T16:00:00+00:00,finished,1,0-1,Konyaspor,Da Mata,D,0,,0,0,0,,,0,0,0,0,0,0,0,0,0,0,0,0,0,0,0,0,0,0,0,0,0,0,0,0,0,0,0,0,0,0,2026-09-02T00:09:34.558744+00:00
Turquia Super Lig 2026/2027,Konyaspor - Çaykur Rizespor,2026-08-15T16:00:00+00:00,finished,1,0-1,Çaykur Rizespor,Dal Varešanović,M,68,6.4,29,0,0,0.0183,0.0218101,1,0,1,23,20,1,0,1,0,1,0,2,4,2,0,0,0,0,0,0,1,0,6,0,2,0,0,0,0,0,2026-09-02T00:09:34.558472+00:00
Turquia Super Lig 2026/2027,Konyaspor - Çaykur Rizespor,2026-08-15T16:00:00+00:00,finished,1,0-1,Konyaspor,Deniz Ertaş,G,33,6.7,15,0,0,,0.00377788,0,0,0,13,9,10,6,0,0,0,0,0,0,0,0,0,0,0,0,3,0,0,4,0,0,0,0,1,1,0,2026-09-02T00:09:34.558704+00:00
Turquia Super Lig 2026/2027,Konyaspor - Çaykur Rizespor,2026-08-15T16:00:00+00:00,finished,1,0-1,Konyaspor,Deniz Türüç,M,68,7.2,36,0,0,0.1527,0.482131,2,1,2,25,20,4,2,3,2,1,1,2,1,1,1,0,0,0,0,1,0,0,8,0,0,0,0,0,0,0,2026-09-02T00:09:34.558629+00:00
Turquia Super Lig 2026/2027,Konyaspor - Çaykur Rizespor,2026-08-15T16:00:00+00:00,finished,1,0-1,Konyaspor,Diogo Gonçalves,M,68,6.6,15,0,0,0.0308,0.0177481,1,1,0,14,12,0,0,0,0,0,0,0,1,0,0,0,0,0,0,3,0,0,2,0,0,0,0,0,0,0,2026-09-02T00:09:34.558639+00:00
Turquia Super Lig 2026/2027,Konyaspor - Çaykur Rizespor,2026-08-15T16:00:00+00:00,finished,1,0-1,Konyaspor,Ebrima Colley,F,60,6.8,32,0,0,0.0688,0.0348715,1,1,0,21,13,1,0,0,0,4,2,5,4,2,0,0,0,1,1,3,0,0,12,1,1,0,0,0,0,0,2026-09-02T00:09:34.558650+00:00
Turquia Super Lig 2026/2027,Konyaspor - Çaykur Rizespor,2026-08-15T16:00:00+00:00,finished,1,0-1,Konyaspor,Emir Bars,M,41,6.7,12,0,0,0.139,8.3e-07,1,0,0,4,2,1,0,1,0,1,1,4,1,1,0,1,0,0,0,3,0,0,4,1,0,0,0,0,1,0,2026-09-02T00:09:34.558671+00:00
Turquia Super Lig 2026/2027,Konyaspor - Çaykur Rizespor,2026-08-15T16:00:00+00:00,finished,1,0-1,Çaykur Rizespor,Emirhan Yilmaz,M,0,,0,0,0,,,0,0,0,0,0,0,0,0,0,0,0,0,0,0,0,0,0,0,0,0,0,0,0,0,0,0,0,0,0,0,2026-09-02T00:09:34.558544+00:00
Turquia Super Lig 2026/2027,Konyaspor - Çaykur Rizespor,2026-08-15T16:00:00+00:00,finished,1,0-1,Çaykur Rizespor,Emrecan Bulut,F,17,7.2,7,0,0,,0.0108739,0,0,0,3,3,0,0,1,0,0,0,2,0,0,0,0,0,0,0,2,0,0,2,2,0,0,0,0,0,0,2026-09-02T00:09:34.558497+00:00
Turquia Super Lig 2026/2027,Konyaspor - Çaykur Rizespor,2026-08-15T16:00:00+00:00,finished,1,0-1,Konyaspor,Enis Bardhi,M,18,6.5,6,0,0,,0.00132745,0,0,0,4,4,0,0,0,0,0,0,1,0,0,0,1,0,0,0,0,0,0,1,0,0,0,0,0,1,0,2026-09-02T00:09:34.558713+00:00
Turquia Super Lig 2026/2027,Konyaspor - Çaykur Rizespor,2026-08-15T16:00:00+00:00,finished,1,0-1,Konyaspor,Enis Destan,F,0,,0,0,0,,,0,0,0,0,0,0,0,0,0,0,0,0,0,0,0,0,0,0,0,0,0,0,0,0,0,0,0,0,0,0,2026-09-02T00:09:34.558751+00:00
Turquia Super Lig 2026/2027,Konyaspor - Çaykur Rizespor,2026-08-15T16:00:00+00:00,finished,1,0-1,Çaykur Rizespor,Ibrahim Olawoyin,M,33,6.6,29,0,0,,0.0126804,0,0,1,22,20,1,0,0,0,1,1,1,2,0,0,0,0,2,0,3,0,2,4,0,0,0,0,0,0,0,2026-09-02T00:09:34.558480+00:00
Turquia Super Lig 2026/2027,Konyaspor - Çaykur Rizespor,2026-08-15T16:00:00+00:00,finished,1,0-1,Konyaspor,Jackson Muleka,F,101,7.1,40,0,0,0.0429,0.167814,1,0,2,22,16,1,0,1,1,0,0,12,5,8,1,1,1,1,0,3,0,2,12,3,3,0,0,0,1,0,2026-09-02T00:09:34.558603+00:00
Turquia Super Lig 2026/2027,Konyaspor - Çaykur Rizespor,2026-08-15T16:00:00+00:00,finished,1,0-1,Çaykur Rizespor,Mame Mor Faye,M,28,6.5,14,0,0,0.0102,0.00793047,1,0,0,10,9,1,1,1,0,1,0,1,2,1,0,0,0,0,0,1,1,0,3,0,0,0,0,0,0,0,2026-09-02T00:09:34.558489+00:00
Turquia Super Lig 2026/2027,Konyaspor - Çaykur Rizespor,2026-08-15T16:00:00+00:00,finished,1,0-1,Konyaspor,Marko Jevtović,M,33,6.9,15,0,0,,0.0143274,0,0,0,7,5,2,0,0,0,0,0,6,0,1,0,4,2,1,0,0,0,0,3,1,0,0,0,0,1,0,2026-09-02T00:09:34.558686+00:00
Turquia Super Lig 2026/2027,Konyaspor - Çaykur Rizespor,2026-08-15T16:00:00+00:00,finished,1,0-1,Konyaspor,Melih İbrahimoğlu,M,83,7.2,47,0,0,,0.00962976,0,0,0,40,35,1,1,0,0,2,1,6,2,2,0,2,1,0,1,4,0,0,6,1,0,0,0,0,0,0,2026-09-02T00:09:34.558612+00:00
Turquia Super Lig 2026/2027,Konyaspor - Çaykur Rizespor,2026-08-15T16:00:00+00:00,finished,1,0-1,Çaykur Rizespor,Mithat Pala,D,101,6.4,46,0,0,,0.0180339,0,0,0,27,24,1,1,2,0,4,1,5,8,0,3,2,2,1,0,1,0,0,11,2,0,1,0,0,0,0,2026-09-02T00:09:34.558414+00:00
Turquia Super Lig 2026/2027,Konyaspor - Çaykur Rizespor,2026-08-15T16:00:00+00:00,finished,1,0-1,Çaykur Rizespor,Modibo Sagnan,D,101,7.1,77,0,0,,0.027486,0,0,0,68,64,6,3,0,0,0,0,1,2,0,0,1,0,4,2,5,0,0,4,0,2,0,0,0,0,0,2026-09-02T00:09:34.558431+00:00
Turquia Super Lig 2026/2027,Konyaspor - Çaykur Rizespor,2026-08-15T16:00:00+00:00,finished,1,0-1,Çaykur Rizespor,Mustafa Coskun Tosun,F,0,,0,0,0,,,0,0,0,0,0,0,0,0,0,0,0,0,0,0,0,0,0,0,0,0,0,0,0,0,0,0,0,0,0,0,2026-09-02T00:09:34.558536+00:00
Turquia Super Lig 2026/2027,Konyaspor - Çaykur Rizespor,2026-08-15T16:00:00+00:00,finished,1,0-1,Çaykur Rizespor,Qazim Laci,M,101,7.7,80,1,0,0.8132,0.31971,2,1,3,57,53,9,6,10,2,2,1,4,5,0,1,2,1,0,1,5,0,0,15,1,2,1,0,0,0,0,2026-09-02T00:09:34.558356+00:00
Turquia Super Lig 2026/2027,Konyaspor - Çaykur Rizespor,2026-08-15T16:00:00+00:00,finished,1,0-1,Konyaspor,Rayyan Baniya,D,0,,0,0,0,,,0,0,0,0,0,0,0,0,0,0,0,0,0,0,0,0,0,0,0,0,0,0,0,0,0,0,0,0,0,0,2026-09-02T00:09:34.558736+00:00
Turquia Super Lig 2026/2027,Konyaspor - Çaykur Rizespor,2026-08-15T16:00:00+00:00,finished,1,0-1,Çaykur Rizespor,Siaka Bakayoko,D,0,,0,0,0,,,0,0,0,0,0,0,0,0,0,0,0,0,0,0,0,0,0,0,0,0,0,0,0,0,0,0,0,0,0,0,2026-09-02T00:09:34.558513+00:00
Turquia Super Lig 2026/2027,Konyaspor - Çaykur Rizespor,2026-08-15T16:00:00+00:00,finished,1,0-1,Çaykur Rizespor,Taha Şahin,D,0,,0,0,0,,,0,0,0,0,0,0,0,0,0,0,0,0,0,0,0,0,0,0,0,0,0,0,0,0,0,0,0,0,0,0,2026-09-02T00:09:34.558552+00:00
Turquia Super Lig 2026/2027,Konyaspor - Çaykur Rizespor,2026-08-15T16:00:00+00:00,finished,1,0-1,Çaykur Rizespor,Taylan Antalyalı,M,101,7.1,62,0,0,,0.0320909,0,0,1,53,48,6,5,1,0,0,0,4,3,1,2,1,0,0,2,6,0,0,7,2,0,0,0,0,0,0,2026-09-02T00:09:34.558447+00:00
Turquia Super Lig 2026/2027,Konyaspor - Çaykur Rizespor,2026-08-15T16:00:00+00:00,finished,1,0-1,Çaykur Rizespor,Tayyip Talha Sanuç,D,0,,0,0,0,,,0,0,0,0,0,0,0,0,0,0,0,0,0,0,0,0,0,0,0,0,0,0,0,0,0,0,0,0,0,0,2026-09-02T00:09:34.558521+00:00
Turquia Super Lig 2026/2027,Konyaspor - Çaykur Rizespor,2026-08-15T16:00:00+00:00,finished,1,0-1,Çaykur Rizespor,Umut Erdem,D,0,,0,0,0,,,0,0,0,0,0,0,0,0,0,0,0,0,0,0,0,0,0,0,0,0,0,0,0,0,0,0,0,0,0,0,2026-09-02T00:09:34.558505+00:00
Turquia Super Lig 2026/2027,Konyaspor - Çaykur Rizespor,2026-08-15T16:00:00+00:00,finished,1,0-1,Konyaspor,Uğurcan Yazğılı,D,101,6.1,41,0,0,0.0539,0.00634585,1,0,1,29,24,2,2,0,0,1,0,2,6,0,0,1,0,0,1,1,0,1,7,1,3,0,0,0,1,0,2026-09-02T00:09:34.558595+00:00
Turquia Super Lig 2026/2027,Konyaspor - Çaykur Rizespor,2026-08-15T16:00:00+00:00,finished,1,0-1,Çaykur Rizespor,Yahia Fofana,G,101,7.6,40,0,0,,0.00028741,0,0,0,28,21,11,4,0,0,0,0,0,0,0,0,0,0,0,0,17,0,0,8,0,0,0,0,3,0,0,2026-09-02T00:09:34.558405+00:00
Turquia Super Lig 2026/2027,Konyaspor - Çaykur Rizespor,2026-08-15T16:00:00+00:00,finished,1,0-1,Konyaspor,Yhoan Andzouana,D,101,6.6,54,0,0,,0.299979,0,0,2,31,28,1,0,3,1,2,1,2,5,0,2,1,1,0,4,4,0,0,7,0,1,0,0,0,1,0,2026-09-02T00:09:34.558570+00:00
Turquia Super Lig 2026/2027,Konyaspor - Çaykur Rizespor,2026-08-15T16:00:00+00:00,finished,1,0-1,Çaykur Rizespor,Zafer Görgen,G,0,,0,0,0,,,0,0,0,0,0,0,0,0,0,0,0,0,0,0,0,0,0,0,0,0,0,0,0,0,0,0,0,0,0,0,2026-09-02T00:09:34.558528+00:00
Turquia Super Lig 2026/2027,Konyaspor - Çaykur Rizespor,2026-08-15T16:00:00+00:00,finished,1,0-1,Çaykur Rizespor,Zakaria Ariss,D,101,7.2,83,0,0,,0.0302446,0,0,0,52,46,6,3,4,0,1,0,3,2,0,1,0,0,5,4,6,0,0,12,3,0,0,0,0,0,0,2026-09-02T00:09:34.558395+00:00
Turquia Super Lig 2026/2027,Gaziantep FK - Alanyaspor,2026-08-15T18:30:00+00:00,finished,1,1-1,Alanyaspor,,,0,,0,0,0,,,0,0,0,0,0,0,0,0,0,0,0,0,0,0,0,0,0,0,0,0,0,0,0,0,0,0,0,0,0,0,2026-09-02T00:09:35.407556+00:00
Turquia Super Lig 2026/2027,Gaziantep FK - Alanyaspor,2026-08-15T18:30:00+00:00,finished,1,1-1,Gaziantep FK,Alexandru Maxim,M,90,7.3,71,0,0,0.0274,0.0515796,1,0,2,62,54,14,11,1,1,0,0,2,1,0,0,2,1,0,0,5,1,0,9,0,0,0,0,0,1,0,2026-09-02T00:09:35.406900+00:00
Turquia Super Lig 2026/2027,Gaziantep FK - Alanyaspor,2026-08-15T18:30:00+00:00,finished,1,1-1,Gaziantep FK,Ali Osman Kalın,F,0,,0,0,0,,,0,0,0,0,0,0,0,0,0,0,0,0,0,0,0,0,0,0,0,0,0,0,0,0,0,0,0,0,0,0,2026-09-02T00:09:35.407382+00:00
Turquia Super Lig 2026/2027,Gaziantep FK - Alanyaspor,2026-08-15T18:30:00+00:00,finished,1,1-1,Gaziantep FK,Arda Kızıldağ,D,12,6.8,12,0,0,,0.00039065,0,0,0,10,9,1,0,0,0,0,0,2,0,0,0,2,0,0,0,0,0,0,1,0,0,0,0,0,0,0,2026-09-02T00:09:35.407341+00:00
Turquia Super Lig 2026/2027,Gaziantep FK - Alanyaspor,2026-08-15T18:30:00+00:00,finished,1,1-1,Alanyaspor,Arda Usluoğlu,F,78,6.5,24,0,0,0.0913,0.0109597,2,0,1,10,6,0,0,0,0,3,1,5,6,1,1,1,1,0,0,0,1,0,10,2,3,0,0,0,1,0,2026-09-02T00:09:35.407475+00:00
Turquia Super Lig 2026/2027,Gaziantep FK - Alanyaspor,2026-08-15T18:30:00+00:00,finished,1,1-1,Alanyaspor,Arouna Soro,M,0,,0,0,0,,,0,0,0,0,0,0,0,0,0,0,0,0,0,0,0,0,0,0,0,0,0,0,0,0,0,0,0,0,0,0,2026-09-02T00:09:35.407564+00:00
Turquia Super Lig 2026/2027,Gaziantep FK - Alanyaspor,2026-08-15T18:30:00+00:00,finished,1,1-1,Alanyaspor,Baran Ali Gezek,M,2,,1,0,0,,2.865e-05,0,0,0,1,1,0,0,0,0,0,0,0,1,0,0,0,0,0,0,1,0,0,0,0,1,0,0,0,0,0,2026-09-02T00:09:35.407517+00:00
Turquia Super Lig 2026/2027,Gaziantep FK - Alanyaspor,2026-08-15T18:30:00+00:00,finished,1,1-1,Alanyaspor,Bedirhan Özyurt,D,0,,0,0,0,,,0,0,0,0,0,0,0,0,0,0,0,0,0,0,0,0,0,0,0,0,0,0,0,0,0,0,0,0,0,0,2026-09-02T00:09:35.407541+00:00
Turquia Super Lig 2026/2027,Gaziantep FK - Alanyaspor,2026-08-15T18:30:00+00:00,finished,1,1-1,Gaziantep FK,Cemilhan Aslan,G,0,,0,0,0,,,0,0,0,0,0,0,0,0,0,0,0,0,0,0,0,0,0,0,0,0,0,0,0,0,0,0,0,0,0,0,2026-09-02T00:09:35.407357+00:00
Turquia Super Lig 2026/2027,Gaziantep FK - Alanyaspor,2026-08-15T18:30:00+00:00,finished,1,1-1,Gaziantep FK,Deian Sorescu,M,86,7.9,70,1,0,0.0813,0.178445,1,1,3,46,34,5,2,2,1,1,1,5,5,0,0,1,1,0,3,5,0,3,18,3,1,0,0,0,1,0,2026-09-02T00:09:35.406927+00:00
Turquia Super Lig 2026/2027,Gaziantep FK - Alanyaspor,2026-08-15T18:30:00+00:00,finished,1,1-1,Gaziantep FK,Drissa Camara,M,90,7.1,41,0,0,0.4136,0.00750555,4,3,1,23,16,3,1,0,0,3,1,7,3,0,0,1,1,0,1,6,0,1,11,5,0,0,0,0,1,0,2026-09-02T00:09:35.406881+00:00
Turquia Super Lig 2026/2027,Gaziantep FK - Alanyaspor,2026-08-15T18:30:00+00:00,finished,1,1-1,Alanyaspor,Enes Keskin,M,21,6.1,10,0,0,,0.00790925,0,0,1,5,4,0,0,0,0,0,0,0,3,0,0,0,0,0,0,0,0,1,5,0,2,1,0,0,0,0,2026-09-02T00:09:35.407491+00:00
Turquia Super Lig 2026/2027,Gaziantep FK - Alanyaspor,2026-08-15T18:30:00+00:00,finished,1,1-1,Alanyaspor,Fatih Aksoy,D,0,,0,0,0,,,0,0,0,0,0,0,0,0,0,0,0,0,0,0,0,0,0,0,0,0,0,0,0,0,0,0,0,0,0,0,2026-09-02T00:09:35.407549+00:00
Turquia Super Lig 2026/2027,Gaziantep FK - Alanyaspor,2026-08-15T18:30:00+00:00,finished,1,1-1,Alanyaspor,Fidan Aliti,D,90,6.3,44,0,0,,0.00139531,0,0,0,31,28,4,3,0,0,0,0,3,6,1,1,1,1,1,6,3,0,0,6,1,3,1,0,0,1,0,2026-09-02T00:09:35.407416+00:00
Turquia Super Lig 2026/2027,Gaziantep FK - Alanyaspor,2026-08-15T18:30:00+00:00,finished,1,1-1,Alanyaspor,Florent Hadergjonaj,M,90,7.3,56,0,0,,0.246441,0,0,1,37,30,6,3,9,2,0,0,2,2,0,1,1,1,1,0,2,0,0,15,1,1,0,0,0,1,0,2026-09-02T00:09:35.407433+00:00
Turquia Super Lig 2026/2027,Gaziantep FK - Alanyaspor,2026-08-15T18:30:00+00:00,finished,1,1-1,Gaziantep FK,Florin Ştefan,M,90,6.5,63,0,0,,0.00529679,0,0,0,46,36,2,2,1,0,0,0,1,2,0,0,0,0,0,2,6,0,0,16,1,2,0,0,0,1,0,2026-09-02T00:09:35.406909+00:00
Turquia Super Lig 2026/2027,Gaziantep FK - Alanyaspor,2026-08-15T18:30:00+00:00,finished,1,1-1,Gaziantep FK,Fuat Bavuk,F,0,,0,0,0,,,0,0,0,0,0,0,0,0,0,0,0,0,0,0,0,0,0,0,0,0,0,0,0,0,0,0,0,0,0,0,2026-09-02T00:09:35.407390+00:00
Turquia Super Lig 2026/2027,Gaziantep FK - Alanyaspor,2026-08-15T18:30:00+00:00,finished,1,1-1,Alanyaspor,Gaius Makouta,M,78,6.8,39,0,0,0.1138,0.0315493,2,0,0,34,28,5,4,0,0,0,0,1,2,1,0,0,0,0,1,7,0,1,7,0,1,1,0,0,1,0,2026-09-02T00:09:35.407465+00:00
Turquia Super Lig 2026/2027,Gaziantep FK - Alanyaspor,2026-08-15T18:30:00+00:00,finished,1,1-1,Gaziantep FK,Gidado Victor Ntino-Emo,M,20,6.8,15,0,0,0.0331,0.00144701,1,0,0,9,8,1,1,0,0,0,0,2,1,0,0,0,0,1,1,1,0,0,1,2,1,1,0,0,0,0,2026-09-02T00:09:35.407314+00:00
Turquia Super Lig 2026/2027,Gaziantep FK - Alanyaspor,2026-08-15T18:30:00+00:00,finished,1,1-1,Gaziantep FK,Halil Dervişoğlu,F,20,6.4,5,0,0,,0.0104461,0,0,1,2,2,0,0,1,0,1,0,0,1,0,0,0,0,0,0,0,0,0,3,0,1,0,0,0,0,0,2026-09-02T00:09:35.407332+00:00
Turquia Super Lig 2026/2027,Gaziantep FK - Alanyaspor,2026-08-15T18:30:00+00:00,finished,1,1-1,Alanyaspor,Hwang Ui-Jo,F,69,6.4,28,0,0,0.0373,0.0101046,1,0,0,18,15,1,1,1,0,1,0,2,3,0,0,0,0,0,0,2,0,2,9,2,0,0,0,0,1,0,2026-09-02T00:09:35.407483+00:00
Turquia Super Lig 2026/2027,Gaziantep FK - Alanyaspor,2026-08-15T18:30:00+00:00,finished,1,1-1,Alanyaspor,Ibrahim Kaya,F,90,7.1,33,0,0,0.0832,0.0820456,2,1,3,17,13,1,1,0,0,1,1,8,5,2,3,1,1,0,0,3,0,2,9,4,0,0,0,0,1,0,2026-09-02T00:09:35.407441+00:00
Turquia Super Lig 2026/2027,Gaziantep FK - Alanyaspor,2026-08-15T18:30:00+00:00,finished,1,1-1,Gaziantep FK,Juninho Bacuna,M,70,7.1,66,0,1,0.4022,0.0156086,2,0,1,56,51,7,6,0,0,0,0,6,4,1,1,4,3,1,0,5,0,0,7,1,2,1,0,0,1,0,2026-09-02T00:09:35.407297+00:00
Turquia Super Lig 2026/2027,Gaziantep FK - Alanyaspor,2026-08-15T18:30:00+00:00,finished,1,1-1,Gaziantep FK,Kacper Kozłowski,M,70,7.5,50,0,0,0.1274,0.295414,2,1,3,35,29,3,3,2,1,2,1,3,5,1,2,0,0,0,3,1,0,2,11,1,0,0,0,0,1,0,2026-09-02T00:09:35.407306+00:00
Turquia Super Lig 2026/2027,Gaziantep FK - Alanyaspor,2026-08-15T18:30:00+00:00,finished,1,1-1,Gaziantep FK,Kacper Tobiasz,G,90,6.9,43,0,0,,0.00020186,0,0,0,38,29,10,1,0,0,0,0,0,0,0,0,0,0,1,0,7,0,0,9,0,0,0,0,1,1,0,2026-09-02T00:09:35.406891+00:00
Turquia Super Lig 2026/2027,Gaziantep FK - Alanyaspor,2026-08-15T18:30:00+00:00,finished,1,1-1,Gaziantep FK,Kerim Çalhanoğlu,D,0,,0,0,0,,,0,0,0,0,0,0,0,0,0,0,0,0,0,0,0,0,0,0,0,0,0,0,0,0,0,0,0,0,0,0,2026-09-02T00:09:35.407366+00:00
Turquia Super Lig 2026/2027,Gaziantep FK - Alanyaspor,2026-08-15T18:30:00+00:00,finished,1,1-1,Gaziantep FK,Luis Pérez,D,90,6.9,99,0,0,,0.014582,0,0,0,79,70,10,6,1,1,0,0,5,6,2,2,0,0,9,2,1,0,0,10,3,3,0,0,0,1,0,2026-09-02T00:09:35.406918+00:00
Turquia Super Lig 2026/2027,Gaziantep FK - Alanyaspor,2026-08-15T18:30:00+00:00,finished,1,1-1,Alanyaspor,Maestro,M,88,6.2,52,0,0,0.0467,0.00920668,1,0,1,45,40,1,0,0,0,3,1,2,6,1,1,0,0,0,1,6,0,0,7,0,2,0,0,0,1,0,2026-09-02T00:09:35.407450+00:00
Turquia Super Lig 2026/2027,Gaziantep FK - Alanyaspor,2026-08-15T18:30:00+00:00,finished,1,1-1,Alanyaspor,Mert Furkan Bayram,G,0,,0,0,0,,,0,0,0,0,0,0,0,0,0,0,0,0,0,0,0,0,0,0,0,0,0,0,0,0,0,0,0,0,0,0,2026-09-02T00:09:35.407533+00:00
Turquia Super Lig 2026/2027,Gaziantep FK - Alanyaspor,2026-08-15T18:30:00+00:00,finished,1,1-1,Gaziantep FK,Mirza Cihan,M,0,,0,0,0,,,0,0,0,0,0,0,0,0,0,0,0,0,0,0,0,0,0,0,0,0,0,0,0,0,0,0,0,0,0,0,2026-09-02T00:09:35.407374+00:00
Turquia Super Lig 2026/2027,Gaziantep FK - Alanyaspor,2026-08-15T18:30:00+00:00,finished,1,1-1,Gaziantep FK,Myenty Abena,D,90,6.6,63,0,0,,0.00127862,0,0,0,53,52,0,0,0,0,0,0,4,4,2,1,1,0,5,0,2,0,0,1,1,2,0,0,0,1,0,2026-09-02T00:09:35.406840+00:00
Turquia Super Lig 2026/2027,Gaziantep FK - Alanyaspor,2026-08-15T18:30:00+00:00,finished,1,1-1,Alanyaspor,Nuno Lima,D,90,6.6,45,0,0,,0.00430891,0,0,0,37,32,8,5,0,0,0,0,2,4,1,1,1,1,5,1,2,0,0,5,0,3,0,0,0,1,0,2026-09-02T00:09:35.407407+00:00
Turquia Super Lig 2026/2027,Gaziantep FK - Alanyaspor,2026-08-15T18:30:00+00:00,finished,1,1-1,Alanyaspor,Omar Ben Ali,F,12,6.4,4,0,0,,0.00476079,0,0,0,4,3,0,0,0,0,0,0,0,2,0,1,0,0,0,0,1,0,0,1,0,1,0,0,0,0,0,2026-09-02T00:09:35.407508+00:00
Turquia Super Lig 2026/2027,Gaziantep FK - Alanyaspor,2026-08-15T18:30:00+00:00,finished,1,1-1,Alanyaspor,Paulo Victor,G,90,8.0,35,0,0,,0.00108862,0,0,0,26,15,16,5,0,0,0,0,0,0,0,0,0,0,1,0,9,0,0,11,0,0,0,0,4,1,0,2026-09-02T00:09:35.407399+00:00
Turquia Super Lig 2026/2027,Gaziantep FK - Alanyaspor,2026-08-15T18:30:00+00:00,finished,1,1-1,Alanyaspor,Ruan Pereira Duarte,M,88,6.7,36,1,0,1.0341,0.00722412,3,1,0,16,13,1,1,0,0,0,0,3,6,1,0,1,1,1,2,4,1,3,9,1,3,0,0,0,1,0,2026-09-02T00:09:35.407458+00:00
Turquia Super Lig 2026/2027,Gaziantep FK - Alanyaspor,2026-08-15T18:30:00+00:00,finished,1,1-1,Gaziantep FK,Sabahattin Destici,D,8,6.7,5,0,0,,0.00326087,0,0,0,3,3,0,0,0,0,0,0,0,0,0,0,0,0,0,1,0,0,0,0,0,0,0,0,0,0,0,2026-09-02T00:09:35.407349+00:00
Turquia Super Lig 2026/2027,Gaziantep FK - Alanyaspor,2026-08-15T18:30:00+00:00,finished,1,1-1,Gaziantep FK,Serdar Dursun,F,20,6.4,9,0,0,,0.00422447,0,0,0,5,2,0,0,1,0,0,0,1,3,1,2,0,0,0,0,0,0,0,5,0,1,1,0,0,0,0,2026-09-02T00:09:35.407323+00:00
Turquia Super Lig 2026/2027,Gaziantep FK - Alanyaspor,2026-08-15T18:30:00+00:00,finished,1,1-1,Gaziantep FK,Trivante Stewart,F,70,7.0,17,0,0,0.1011,0.0108048,2,0,0,7,6,0,0,0,0,1,1,6,1,1,1,1,1,0,0,0,1,0,4,3,1,0,0,0,1,0,2026-09-02T00:09:35.407287+00:00
Turquia Super Lig 2026/2027,Gaziantep FK - Alanyaspor,2026-08-15T18:30:00+00:00,finished,1,1-1,Gaziantep FK,Ulrich Meleke,M,78,7.0,74,0,0,,0.00217414,0,0,0,67,63,8,7,0,0,0,0,2,1,0,1,2,2,2,2,2,0,0,4,0,0,0,0,0,1,0,2026-09-02T00:09:35.407273+00:00
Turquia Super Lig 2026/2027,Gaziantep FK - Alanyaspor,2026-08-15T18:30:00+00:00,finished,1,1-1,Alanyaspor,Yusuf Özdemir,M,2,,1,0,0,,,0,0,0,0,0,0,0,0,0,0,0,0,0,0,0,0,0,0,0,0,0,0,1,0,0,0,0,0,0,0,2026-09-02T00:09:35.407525+00:00
Turquia Super Lig 2026/2027,Gaziantep FK - Alanyaspor,2026-08-15T18:30:00+00:00,finished,1,1-1,Alanyaspor,Ümit Akdağ,D,90,7.2,73,0,0,,0.0254764,0,0,1,45,33,6,2,3,0,2,2,8,1,2,0,4,1,2,1,3,0,0,16,0,1,0,0,0,1,0,2026-09-02T00:09:35.407424+00:00
Turquia Super Lig 2026/2027,Gaziantep FK - Alanyaspor,2026-08-15T18:30:00+00:00,finished,1,1-1,Alanyaspor,İzzet Çelik,M,12,6.8,8,0,0,,0.00076874,0,0,0,5,4,1,1,0,0,0,0,1,0,0,0,0,0,0,1,2,0,0,1,1,0,0,0,0,0,0,2026-09-02T00:09:35.407499+00:00
Turquia Super Lig 2026/2027,Gençlerbirliği - Fenerbahçe,2026-08-15T18:30:00+00:00,finished,1,2-1,Gençlerbirliği,,,30,7.0,16,0,0,,0.00396032,0,0,0,10,6,1,0,0,0,0,0,4,1,2,0,1,1,2,0,2,0,0,6,1,0,0,0,0,0,0,2026-09-02T00:09:35.150950+00:00
Turquia Super Lig 2026/2027,Gençlerbirliği - Fenerbahçe,2026-08-15T18:30:00+00:00,finished,1,2-1,Gençlerbirliği,Abdurrahim Dursun,D,85,7.1,49,0,1,0.0076,0.204002,1,0,1,33,25,8,3,1,1,0,0,3,2,0,0,3,1,0,1,4,1,1,10,0,1,0,0,0,1,0,2026-09-02T00:09:35.150920+00:00
Turquia Super Lig 2026/2027,Gençlerbirliği - Fenerbahçe,2026-08-15T18:30:00+00:00,finished,1,2-1,Gençlerbirliği,Adama Malouda Traoré,M,96,6.8,37,0,0,0.013,0.0316523,1,0,2,21,16,2,0,2,0,0,0,4,6,0,0,1,1,2,1,6,0,3,11,3,2,0,0,0,1,0,2026-09-02T00:09:35.150871+00:00
Turquia Super Lig 2026/2027,Gençlerbirliği - Fenerbahçe,2026-08-15T18:30:00+00:00,finished,1,2-1,Fenerbahçe,Archie Brown,D,0,,0,0,0,,,0,0,0,0,0,0,0,0,0,0,0,0,0,0,0,0,0,0,0,0,0,0,0,0,0,0,0,0,0,0,2026-09-02T00:09:35.150824+00:00
Turquia Super Lig 2026/2027,Gençlerbirliği - Fenerbahçe,2026-08-15T18:30:00+00:00,finished,1,2-1,Gençlerbirliği,Ayaz Özcan,F,0,,0,0,0,,,0,0,0,0,0,0,0,0,0,0,0,0,0,0,0,0,0,0,0,0,0,0,0,0,0,0,0,0,0,0,2026-09-02T00:09:35.150987+00:00
Turquia Super Lig 2026/2027,Gençlerbirliği - Fenerbahçe,2026-08-15T18:30:00+00:00,finished,1,2-1,Fenerbahçe,Bartuğ Elmaz,M,0,,0,0,0,,,0,0,0,0,0,0,0,0,0,0,0,0,0,0,0,0,0,0,0,0,0,0,0,0,0,0,0,0,0,0,2026-09-02T00:09:35.150832+00:00
Turquia Super Lig 2026/2027,Gençlerbirliği - Fenerbahçe,2026-08-15T18:30:00+00:00,finished,1,2-1,Gençlerbirliği,Dimitris Goutas,D,96,7.6,32,0,0,,0.0008523,0,0,0,19,16,5,4,0,0,0,0,3,0,3,0,0,0,9,0,1,0,0,3,0,0,0,0,0,1,0,2026-09-02T00:09:35.150881+00:00
Turquia Super Lig 2026/2027,Gençlerbirliği - Fenerbahçe,2026-08-15T18:30:00+00:00,finished,1,2-1,Fenerbahçe,Dorgeles Nene,F,0,,0,0,0,,,0,0,0,0,0,0,0,0,0,0,0,0,0,0,0,0,0,0,0,0,0,0,0,0,0,0,0,0,0,0,2026-09-02T00:09:35.150814+00:00
Turquia Super Lig 2026/2027,Gençlerbirliği - Fenerbahçe,2026-08-15T18:30:00+00:00,finished,1,2-1,Gençlerbirliği,Ensar Kemaloğlu,M,66,6.5,33,0,0,0.0108,0.00476503,1,0,0,19,11,3,1,1,0,0,0,4,3,0,0,1,1,1,0,3,0,1,13,3,0,0,0,0,1,0,2026-09-02T00:09:35.150940+00:00
Turquia Super Lig 2026/2027,Gençlerbirliği - Fenerbahçe,2026-08-15T18:30:00+00:00,finished,1,2-1,Gençlerbirliği,Ensar Çavuşoğlu,D,0,,0,0,0,,,0,0,0,0,0,0,0,0,0,0,0,0,0,0,0,0,0,0,0,0,0,0,0,0,0,0,0,0,0,0,2026-09-02T00:09:35.151032+00:00
Turquia Super Lig 2026/2027,Gençlerbirliği - Fenerbahçe,2026-08-15T18:30:00+00:00,finished,1,2-1,Gençlerbirliği,Erk Arda Aslan,F,0,,0,0,0,,,0,0,0,0,0,0,0,0,0,0,0,0,0,0,0,0,0,0,0,0,0,0,0,0,0,0,0,0,0,0,2026-09-02T00:09:35.151023+00:00
Turquia Super Lig 2026/2027,Gençlerbirliği - Fenerbahçe,2026-08-15T18:30:00+00:00,finished,1,2-1,Gençlerbirliği,Franco Tongya,M,96,8.5,38,1,0,0.6783,0.567701,3,2,1,24,20,1,1,0,0,4,3,4,2,0,0,0,0,0,0,5,0,0,7,1,0,0,0,0,1,0,2026-09-02T00:09:35.150851+00:00
Turquia Super Lig 2026/2027,Gençlerbirliği - Fenerbahçe,2026-08-15T18:30:00+00:00,finished,1,2-1,Gençlerbirliği,Fıratcan Üzüm,D,11,7.1,8,0,0,0.0362,0.0229386,1,0,0,2,2,1,1,0,0,0,0,2,0,0,0,1,1,0,0,0,0,0,0,1,0,0,0,0,0,0,2026-09-02T00:09:35.150978+00:00
Turquia Super Lig 2026/2027,Gençlerbirliği - Fenerbahçe,2026-08-15T18:30:00+00:00,finished,1,2-1,Gençlerbirliği,Gökhan Akkan,G,0,,0,0,0,,,0,0,0,0,0,0,0,0,0,0,0,0,0,0,0,0,0,0,0,0,0,0,0,0,0,0,0,0,0,0,2026-09-02T00:09:35.150996+00:00
Turquia Super Lig 2026/2027,Gençlerbirliği - Fenerbahçe,2026-08-15T18:30:00+00:00,finished,1,2-1,Fenerbahçe,Kerem Aktürkoğlu,F,31,6.5,22,0,0,0.0935,0.155621,1,0,2,13,11,0,0,5,1,1,0,1,1,0,0,0,0,0,0,2,0,0,7,1,0,1,0,0,0,0,2026-09-02T00:09:35.150750+00:00
Turquia Super Lig 2026/2027,Gençlerbirliği - Fenerbahçe,2026-08-15T18:30:00+00:00,finished,1,2-1,Fenerbahçe,Kuzey Sapaz,G,0,,0,0,0,,,0,0,0,0,0,0,0,0,0,0,0,0,0,0,0,0,0,0,0,0,0,0,0,0,0,0,0,0,0,0,2026-09-02T00:09:35.150793+00:00
Turquia Super Lig 2026/2027,Gençlerbirliği - Fenerbahçe,2026-08-15T18:30:00+00:00,finished,1,2-1,Fenerbahçe,Levent Mercan,D,96,7.3,77,0,1,,0.601795,0,0,5,45,39,3,1,7,3,2,1,6,3,0,0,3,1,0,1,4,0,0,12,2,2,0,0,0,2,0,2026-09-02T00:09:35.150636+00:00
Turquia Super Lig 2026/2027,Gençlerbirliği - Fenerbahçe,2026-08-15T18:30:00+00:00,finished,1,2-1,Fenerbahçe,Marco Asensio,M,60,6.5,34,0,0,,0.146381,0,0,1,30,27,4,2,3,0,1,1,1,0,0,0,0,0,0,0,1,0,0,6,0,0,0,0,0,2,0,2026-09-02T00:09:35.150694+00:00
Turquia Super Lig 2026/2027,Gençlerbirliği - Fenerbahçe,2026-08-15T18:30:00+00:00,finished,1,2-1,Fenerbahçe,Mason Greenwood,F,37,6.8,56,0,0,0.1229,0.199751,5,0,0,41,34,3,1,5,1,2,2,2,1,0,0,0,0,0,1,2,4,1,13,0,0,0,0,0,0,0,2026-09-02T00:09:35.150732+00:00
Turquia Super Lig 2026/2027,Gençlerbirliği - Fenerbahçe,2026-08-15T18:30:00+00:00,finished,1,2-1,Fenerbahçe,Mattéo Guendouzi,M,96,7.4,119,0,0,0.112,0.785572,1,0,6,105,97,9,7,4,2,1,0,3,5,1,0,2,1,0,2,7,0,2,13,0,2,0,0,0,2,0,2026-09-02T00:09:35.150623+00:00
Turquia Super Lig 2026/2027,Gençlerbirliği - Fenerbahçe,2026-08-15T18:30:00+00:00,finished,1,2-1,Fenerbahçe,Mert Müldür,D,80,5.9,66,0,0,0.074,0.119172,1,0,2,44,38,2,0,2,1,0,0,1,2,0,1,1,1,1,2,5,0,0,10,0,0,0,0,0,2,0,2026-09-02T00:09:35.150675+00:00
Turquia Super Lig 2026/2027,Gençlerbirliği - Fenerbahçe,2026-08-15T18:30:00+00:00,finished,1,2-1,Fenerbahçe,Milan Škriniar,D,96,6.9,125,0,0,,0.034864,0,0,1,114,108,6,2,0,0,1,1,5,1,2,0,2,1,4,1,2,0,0,7,0,0,0,0,0,2,0,2026-09-02T00:09:35.150655+00:00
Turquia Super Lig 2026/2027,Gençlerbirliği - Fenerbahçe,2026-08-15T18:30:00+00:00,finished,1,2-1,Fenerbahçe,N'Golo Kanté,M,37,7.5,48,0,0,,0.250182,0,0,2,40,40,3,3,1,0,1,1,3,1,0,0,2,2,0,0,2,0,0,2,0,1,0,0,0,0,0,2026-09-02T00:09:35.150722+00:00
Turquia Super Lig 2026/2027,Gençlerbirliği - Fenerbahçe,2026-08-15T18:30:00+00:00,finished,1,2-1,Fenerbahçe,Nathan Aké,D,96,6.3,107,0,0,0.0737,0.0253975,1,1,0,102,93,4,1,0,0,0,0,1,1,1,1,0,0,1,0,4,0,0,10,0,0,0,0,0,2,0,2026-09-02T00:09:35.150646+00:00
Turquia Super Lig 2026/2027,Gençlerbirliği - Fenerbahçe,2026-08-15T18:30:00+00:00,finished,1,2-1,Fenerbahçe,Nélson Semedo,D,16,6.3,18,0,0,,0.0158527,0,0,0,13,11,0,0,2,0,0,0,0,2,0,1,0,0,0,0,2,0,1,5,0,0,0,0,0,0,0,2026-09-02T00:09:35.150773+00:00
Turquia Super Lig 2026/2027,Gençlerbirliği - Fenerbahçe,2026-08-15T18:30:00+00:00,finished,1,2-1,Gençlerbirliği,Ousmane Diabate,M,75,6.3,40,0,0,,0.00275044,0,0,0,31,23,5,2,0,0,0,0,3,6,1,0,2,2,1,0,7,0,3,11,0,2,0,0,0,1,0,2026-09-02T00:09:35.150930+00:00
Turquia Super Lig 2026/2027,Gençlerbirliği - Fenerbahçe,2026-08-15T18:30:00+00:00,finished,1,2-1,Gençlerbirliği,Oğulcan Ülgün,M,96,7.3,38,1,0,0.398,0.0223622,1,1,1,23,21,4,3,0,0,0,0,0,2,0,1,0,0,3,0,0,0,1,7,0,0,0,0,0,1,0,2026-09-02T00:09:35.150861+00:00
Turquia Super Lig 2026/2027,Gençlerbirliği - Fenerbahçe,2026-08-15T18:30:00+00:00,finished,1,2-1,Fenerbahçe,Oğuz Aydın,M,65,6.4,62,0,0,0.0213,0.583291,1,1,4,43,36,1,0,9,3,1,0,2,6,0,0,2,1,0,0,1,0,2,17,0,1,0,0,0,2,0,2026-09-02T00:09:35.150684+00:00
Turquia Super Lig 2026/2027,Gençlerbirliği - Fenerbahçe,2026-08-15T18:30:00+00:00,finished,1,2-1,Gençlerbirliği,Pedro Pereira,D,96,6.7,48,0,0,,0.00343328,0,0,0,25,18,5,1,0,0,2,2,6,3,2,1,2,0,5,1,3,0,2,11,0,0,0,0,0,1,0,2026-09-02T00:09:35.150890+00:00
Turquia Super Lig 2026/2027,Gençlerbirliği - Fenerbahçe,2026-08-15T18:30:00+00:00,finished,1,2-1,Gençlerbirliği,Peter Etebo,M,21,6.5,1,0,0,,,0,0,0,0,0,0,0,0,0,0,0,0,0,0,0,0,0,0,0,0,0,0,0,0,0,0,0,0,0,0,2026-09-02T00:09:35.150959+00:00
Turquia Super Lig 2026/2027,Gençlerbirliği - Fenerbahçe,2026-08-15T18:30:00+00:00,finished,1,2-1,Gençlerbirliği,Prince Martor,F,11,6.6,5,0,0,,0.0192682,0,0,1,1,1,0,0,0,0,1,0,1,2,0,1,1,0,1,0,0,0,0,1,0,0,0,0,0,0,0,2026-09-02T00:09:35.150968+00:00
Turquia Super Lig 2026/2027,Gençlerbirliği - Fenerbahçe,2026-08-15T18:30:00+00:00,finished,1,2-1,Gençlerbirliği,Salih Uçan,M,0,,0,0,0,,,0,0,0,0,0,0,0,0,0,0,0,0,0,0,0,0,0,0,0,0,0,0,0,0,0,0,0,0,0,0,2026-09-02T00:09:35.151005+00:00
Turquia Super Lig 2026/2027,Gençlerbirliği - Fenerbahçe,2026-08-15T18:30:00+00:00,finished,1,2-1,Gençlerbirliği,Sekou Koita,F,85,6.7,22,0,1,0.0196,0.089377,1,0,2,12,9,1,1,1,1,2,0,0,5,0,1,0,0,4,0,1,0,1,6,0,1,0,0,0,1,0,2026-09-02T00:09:35.150909+00:00
Turquia Super Lig 2026/2027,Gençlerbirliği - Fenerbahçe,2026-08-15T18:30:00+00:00,finished,1,2-1,Fenerbahçe,Talisca,M,96,7.2,29,1,0,0.8048,0.0265259,7,4,0,14,11,0,0,0,0,1,1,2,5,0,3,0,0,0,0,1,2,1,8,1,1,0,0,0,2,0,2026-09-02T00:09:35.150577+00:00
Turquia Super Lig 2026/2027,Gençlerbirliği - Fenerbahçe,2026-08-15T18:30:00+00:00,finished,1,2-1,Fenerbahçe,Tarık Çetin,G,96,6.7,26,0,0,,0.00020721,0,0,0,24,23,3,2,0,0,0,0,0,0,0,0,0,0,0,0,7,0,0,1,0,0,0,0,1,2,0,2026-09-02T00:09:35.150666+00:00
Turquia Super Lig 2026/2027,Gençlerbirliği - Fenerbahçe,2026-08-15T18:30:00+00:00,finished,1,2-1,Fenerbahçe,Vedat Muriqi,F,36,7.0,10,0,0,0.5871,0.00090013,5,2,1,5,4,0,0,0,0,0,0,2,1,2,1,0,0,0,0,0,1,0,1,0,1,0,0,0,0,0,2026-09-02T00:09:35.150741+00:00
Turquia Super Lig 2026/2027,Gençlerbirliği - Fenerbahçe,2026-08-15T18:30:00+00:00,finished,1,2-1,Fenerbahçe,Yiğit Efe Demir,D,0,,0,0,0,,,0,0,0,0,0,0,0,0,0,0,0,0,0,0,0,0,0,0,0,0,0,0,0,0,0,0,0,0,0,0,2026-09-02T00:09:35.150804+00:00
Turquia Super Lig 2026/2027,Gençlerbirliği - Fenerbahçe,2026-08-15T18:30:00+00:00,finished,1,2-1,Gençlerbirliği,Yiğit Hamza Aydar,D,0,,0,0,0,,,0,0,0,0,0,0,0,0,0,0,0,0,0,0,0,0,0,0,0,0,0,0,0,0,0,0,0,0,0,0,2026-09-02T00:09:35.151013+00:00
Turquia Super Lig 2026/2027,Gençlerbirliği - Fenerbahçe,2026-08-15T18:30:00+00:00,finished,1,2-1,Gençlerbirliği,İrfan Can Eğribayat,G,96,10.0,56,0,0,,0.00198885,0,0,0,34,24,28,18,0,0,0,0,0,0,0,0,0,0,3,0,14,0,0,10,0,0,0,0,10,1,1,2026-09-02T00:09:35.150900+00:00
Turquia Super Lig 2026/2027,Gençlerbirliği - Fenerbahçe,2026-08-15T18:30:00+00:00,finished,1,2-1,Fenerbahçe,İrfan Can Kahveci,M,59,6.3,34,0,0,0.3934,0.0770183,2,0,0,23,18,2,1,3,1,1,0,3,3,0,0,2,2,0,0,2,1,0,8,1,1,0,0,0,2,0,2026-09-02T00:09:35.150712+00:00
Turquia Super Lig 2026/2027,Gençlerbirliği - Fenerbahçe,2026-08-15T18:30:00+00:00,finished,1,2-1,Fenerbahçe,İsmail Yüksek,M,59,6.7,39,0,0,1.0052,0.0114825,5,3,0,26,24,2,1,0,0,0,0,4,3,0,2,2,1,0,0,2,2,0,4,2,1,0,0,0,2,0,2026-09-02T00:09:35.150703+00:00
Turquia Super Lig 2026/2027,Gençlerbirliği - Fenerbahçe,2026-08-15T18:30:00+00:00,finished,1,2-1,Gençlerbirliği,Žan Žužek,D,96,7.0,43,0,0,0.0203,0.00217213,1,0,0,27,23,5,1,0,0,0,0,1,3,1,1,0,0,8,2,5,0,0,4,0,1,0,0,0,1,0,2026-09-02T00:09:35.150841+00:00
Turquia Super Lig 2026/2027,Başakşehir FK - Kocaelispor,2026-08-16T16:00:00+00:00,finished,1,2-0,Başakşehir FK,Abbosbek Fayzullaev,M,63,6.9,37,0,1,,0.290753,0,0,1,23,20,1,0,4,1,1,0,3,5,0,1,1,0,2,0,1,0,0,10,2,2,1,0,0,0,0,2026-09-02T00:09:35.736698+00:00
Turquia Super Lig 2026/2027,Başakşehir FK - Kocaelispor,2026-08-16T16:00:00+00:00,finished,1,2-0,Başakşehir FK,Andreas Skov Olsen,M,89,8.2,58,0,1,0.0961,0.702785,2,1,4,31,26,0,0,8,1,4,2,8,6,0,2,4,2,0,0,6,1,2,17,2,0,0,0,0,0,0,2026-09-02T00:09:35.736667+00:00
Turquia Super Lig 2026/2027,Başakşehir FK - Kocaelispor,2026-08-16T16:00:00+00:00,finished,1,2-0,Kocaelispor,Anfernee Jamal Dijksteel,D,90,6.5,82,0,0,,0.00629,0,0,0,73,69,6,3,0,0,0,0,2,4,0,4,1,0,6,0,4,0,0,5,1,0,0,0,0,2,0,2026-09-02T00:09:35.736871+00:00
Turquia Super Lig 2026/2027,Başakşehir FK - Kocaelispor,2026-08-16T16:00:00+00:00,finished,1,2-0,Kocaelispor,Arda Ozyar,F,8,6.4,3,0,0,,0.00117926,0,0,0,3,3,0,0,0,0,0,0,0,1,0,0,0,0,0,0,0,0,0,0,0,1,0,0,0,0,0,2026-09-02T00:09:35.736960+00:00
Turquia Super Lig 2026/2027,Başakşehir FK - Kocaelispor,2026-08-16T16:00:00+00:00,finished,1,2-0,Kocaelispor,Bedirhan Yıldız,F,0,,0,0,0,,,0,0,0,0,0,0,0,0,0,0,0,0,0,0,0,0,0,0,0,0,0,0,0,0,0,0,0,0,0,0,2026-09-02T00:09:35.736975+00:00
Turquia Super Lig 2026/2027,Başakşehir FK - Kocaelispor,2026-08-16T16:00:00+00:00,finished,1,2-0,Kocaelispor,Berkan Kutlu,M,67,6.5,39,0,0,,0.192188,0,0,2,28,23,4,1,2,0,0,0,1,2,0,0,0,0,0,0,1,0,2,11,1,0,0,0,0,1,0,2026-09-02T00:09:35.736937+00:00
Turquia Super Lig 2026/2027,Başakşehir FK - Kocaelispor,2026-08-16T16:00:00+00:00,finished,1,2-0,Başakşehir FK,Berkay Özcan,M,0,,0,0,0,,,0,0,0,0,0,0,0,0,0,0,0,0,0,0,0,0,0,0,0,0,0,0,0,0,0,0,0,0,0,0,2026-09-02T00:09:35.736749+00:00
Turquia Super Lig 2026/2027,Başakşehir FK - Kocaelispor,2026-08-16T16:00:00+00:00,finished,1,2-0,Başakşehir FK,Bertuğ Yıldırım,F,75,6.4,21,0,0,0.1704,0.00578785,2,0,1,7,5,0,0,0,0,2,1,7,5,2,2,2,2,0,0,1,0,0,8,2,2,0,0,0,0,0,2026-09-02T00:09:35.736682+00:00
Turquia Super Lig 2026/2027,Başakşehir FK - Kocaelispor,2026-08-16T16:00:00+00:00,finished,1,2-0,Başakşehir FK,Christopher Operi,D,90,8.5,77,1,0,0.5167,0.12329,2,1,5,54,49,4,3,1,1,0,0,7,7,3,4,3,3,3,2,4,1,1,8,1,2,0,0,0,0,0,2026-09-02T00:09:35.736635+00:00
Turquia Super Lig 2026/2027,Başakşehir FK - Kocaelispor,2026-08-16T16:00:00+00:00,finished,1,2-0,Kocaelispor,Dan Agyei,F,85,6.6,38,0,0,0.1238,0.0965819,2,2,1,19,11,0,0,0,0,1,0,8,12,4,5,2,2,1,0,3,0,4,17,2,2,0,0,0,2,0,2026-09-02T00:09:35.736920+00:00
Turquia Super Lig 2026/2027,Başakşehir FK - Kocaelispor,2026-08-16T16:00:00+00:00,finished,1,2-0,Başakşehir FK,Davie Selke,F,15,6.9,7,0,0,,0.00748756,0,0,1,5,2,0,0,0,0,0,0,4,0,3,0,0,0,0,0,1,0,0,3,2,0,0,0,0,0,0,2026-09-02T00:09:35.736720+00:00
Turquia Super Lig 2026/2027,Başakşehir FK - Kocaelispor,2026-08-16T16:00:00+00:00,finished,1,2-0,Başakşehir FK,Deniz Dilmen,G,0,,0,0,0,,,0,0,0,0,0,0,0,0,0,0,0,0,0,0,0,0,0,0,0,0,0,0,0,0,0,0,0,0,0,0,2026-09-02T00:09:35.736769+00:00
Turquia Super Lig 2026/2027,Başakşehir FK - Kocaelispor,2026-08-16T16:00:00+00:00,finished,1,2-0,Kocaelispor,Ege Bilim,M,8,6.5,6,0,0,0.1203,0.000887,2,0,0,2,2,0,0,0,0,0,0,0,0,0,0,0,0,0,0,0,1,0,1,0,0,0,0,0,0,0,2026-09-02T00:09:35.736967+00:00
Turquia Super Lig 2026/2027,Başakşehir FK - Kocaelispor,2026-08-16T16:00:00+00:00,finished,1,2-0,Başakşehir FK,Eldor Shomurodov,F,75,7.6,37,1,0,0.9095,0.225591,4,2,0,24,15,0,0,1,1,0,0,3,1,2,0,1,1,1,0,0,1,0,10,0,1,0,0,0,0,0,2026-09-02T00:09:35.736691+00:00
Turquia Super Lig 2026/2027,Başakşehir FK - Kocaelispor,2026-08-16T16:00:00+00:00,finished,1,2-0,Başakşehir FK,Emin Bayram,D,90,7.1,73,0,0,,0.00540126,0,0,0,67,57,8,5,0,0,0,0,1,1,1,0,0,0,4,0,4,0,0,10,0,0,0,0,0,0,0,2026-09-02T00:09:35.736660+00:00
Turquia Super Lig 2026/2027,Başakşehir FK - Kocaelispor,2026-08-16T16:00:00+00:00,finished,1,2-0,Kocaelispor,Emir Ortakaya,D,14,6.8,12,0,0,,0.0228137,0,0,1,9,9,0,0,1,1,0,0,0,2,0,1,0,0,1,0,0,0,0,0,0,1,0,0,0,0,0,2026-09-02T00:09:35.736952+00:00
Turquia Super Lig 2026/2027,Başakşehir FK - Kocaelispor,2026-08-16T16:00:00+00:00,finished,1,2-0,Başakşehir FK,Hamza Güreler,D,1,,2,0,0,,3.33e-06,0,0,0,2,1,1,0,0,0,0,0,0,0,0,0,0,0,0,0,0,0,0,1,0,0,0,0,0,0,0,2026-09-02T00:09:35.736727+00:00
Turquia Super Lig 2026/2027,Başakşehir FK - Kocaelispor,2026-08-16T16:00:00+00:00,finished,1,2-0,Kocaelispor,Haydar Karataş,F,0,,0,0,0,,,0,0,0,0,0,0,0,0,0,0,0,0,0,0,0,0,0,0,0,0,0,0,0,0,0,0,0,0,0,0,2026-09-02T00:09:35.736981+00:00
Turquia Super Lig 2026/2027,Başakşehir FK - Kocaelispor,2026-08-16T16:00:00+00:00,finished,1,2-0,Başakşehir FK,Ivan Brnić,F,0,,0,0,0,,,0,0,0,0,0,0,0,0,0,0,0,0,0,0,0,0,0,0,0,0,0,0,0,0,0,0,0,0,0,0,2026-09-02T00:09:35.736808+00:00
Turquia Super Lig 2026/2027,Başakşehir FK - Kocaelispor,2026-08-16T16:00:00+00:00,finished,1,2-0,Başakşehir FK,Jakub Kałuziński,M,89,7.7,82,0,0,0.1246,0.0645683,3,1,1,65,62,3,2,2,1,3,2,5,2,1,1,1,1,1,2,4,0,0,5,1,0,0,0,0,0,0,2026-09-02T00:09:35.736674+00:00
Turquia Super Lig 2026/2027,Başakşehir FK - Kocaelispor,2026-08-16T16:00:00+00:00,finished,1,2-0,Başakşehir FK,Jerome Opoku,D,90,7.5,68,0,0,0.0535,0.00381776,1,0,0,54,50,3,2,0,0,2,1,8,2,4,1,0,0,5,0,4,0,0,5,3,0,0,0,0,0,0,2026-09-02T00:09:35.736626+00:00
Turquia Super Lig 2026/2027,Başakşehir FK - Kocaelispor,2026-08-16T16:00:00+00:00,finished,1,2-0,Kocaelispor,Mahamadou Susoho,M,0,,0,0,0,,,0,0,0,0,0,0,0,0,0,0,0,0,0,0,0,0,0,0,0,0,0,0,0,0,0,0,0,0,0,0,2026-09-02T00:09:35.737002+00:00
Turquia Super Lig 2026/2027,Başakşehir FK - Kocaelispor,2026-08-16T16:00:00+00:00,finished,1,2-0,Kocaelispor,Makana Baku,M,85,6.2,24,0,0,,0.0502411,0,0,0,17,15,0,0,0,0,1,0,1,4,0,1,0,0,0,0,1,0,1,5,1,1,0,0,0,2,0,2026-09-02T00:09:35.736904+00:00
Turquia Super Lig 2026/2027,Başakşehir FK - Kocaelispor,2026-08-16T16:00:00+00:00,finished,1,2-0,Kocaelispor,Massadio Haïdara,D,90,6.7,63,0,0,0.1209,0.00657279,1,1,0,46,41,3,2,1,0,0,0,5,1,1,0,2,1,2,0,4,0,1,9,2,0,0,0,0,2,0,2026-09-02T00:09:35.736886+00:00
Turquia Super Lig 2026/2027,Başakşehir FK - Kocaelispor,2026-08-16T16:00:00+00:00,finished,1,2-0,Kocaelispor,Metehan Altunbaş,M,23,6.5,7,0,0,,0.00362904,0,0,0,6,5,0,0,0,0,0,0,1,1,0,0,0,0,0,0,1,0,0,1,1,1,0,0,0,1,0,2026-09-02T00:09:35.736944+00:00
Turquia Super Lig 2026/2027,Başakşehir FK - Kocaelispor,2026-08-16T16:00:00+00:00,finished,1,2-0,Başakşehir FK,Michał Karbownik,D,0,,0,0,0,,,0,0,0,0,0,0,0,0,0,0,0,0,0,0,0,0,0,0,0,0,0,0,0,0,0,0,0,0,0,0,2026-09-02T00:09:35.736789+00:00
Turquia Super Lig 2026/2027,Başakşehir FK - Kocaelispor,2026-08-16T16:00:00+00:00,finished,1,2-0,Başakşehir FK,Muhammed Şengezer,G,90,8.0,66,0,0,,0.00892432,0,0,0,58,48,19,9,0,0,0,0,0,0,0,0,0,0,0,0,10,0,0,10,0,0,0,0,4,0,0,2026-09-02T00:09:35.736644+00:00
Turquia Super Lig 2026/2027,Başakşehir FK - Kocaelispor,2026-08-16T16:00:00+00:00,finished,1,2-0,Kocaelispor,Muharrem Cinan,D,0,,0,0,0,,,0,0,0,0,0,0,0,0,0,0,0,0,0,0,0,0,0,0,0,0,0,0,0,0,0,0,0,0,0,0,2026-09-02T00:09:35.737009+00:00
Turquia Super Lig 2026/2027,Başakşehir FK - Kocaelispor,2026-08-16T16:00:00+00:00,finished,1,2-0,Başakşehir FK,Olivier Kemen,M,90,7.0,44,0,0,,0.0993216,0,0,2,34,30,3,2,2,2,0,0,2,1,0,0,2,1,1,1,2,0,0,6,0,1,0,0,0,0,0,2026-09-02T00:09:35.736586+00:00
Turquia Super Lig 2026/2027,Başakşehir FK - Kocaelispor,2026-08-16T16:00:00+00:00,finished,1,2-0,Başakşehir FK,Onur Ergün,M,1,,0,0,0,,,0,0,0,0,0,0,0,0,0,0,0,0,0,0,0,0,0,0,0,0,0,0,0,0,0,0,0,0,0,0,2026-09-02T00:09:35.736734+00:00
Turquia Super Lig 2026/2027,Başakşehir FK - Kocaelispor,2026-08-16T16:00:00+00:00,finished,1,2-0,Kocaelispor,Onur Öztonga,D,0,,0,0,0,,,0,0,0,0,0,0,0,0,0,0,0,0,0,0,0,0,0,0,0,0,0,0,0,0,0,0,0,0,0,0,2026-09-02T00:09:35.736995+00:00
Turquia Super Lig 2026/2027,Başakşehir FK - Kocaelispor,2026-08-16T16:00:00+00:00,finished,1,2-0,Kocaelispor,Onurcan Piri,G,0,,0,0,0,,,0,0,0,0,0,0,0,0,0,0,0,0,0,0,0,0,0,0,0,0,0,0,0,0,0,0,0,0,0,0,2026-09-02T00:09:35.736988+00:00
Turquia Super Lig 2026/2027,Başakşehir FK - Kocaelispor,2026-08-16T16:00:00+00:00,finished,1,2-0,Kocaelispor,Rigoberto Rivas,M,90,6.4,68,0,0,,0.0573323,0,0,3,40,30,2,1,2,2,1,1,4,6,0,2,2,1,5,1,3,0,0,11,1,2,0,0,0,2,0,2026-09-02T00:09:35.736844+00:00
Turquia Super Lig 2026/2027,Başakşehir FK - Kocaelispor,2026-08-16T16:00:00+00:00,finished,1,2-0,Kocaelispor,Serhat Öztaşdelen,G,90,7.3,47,0,0,,0.00601237,0,0,0,36,24,19,7,0,0,0,0,0,0,0,0,0,0,1,0,7,0,0,13,0,0,0,0,3,2,1,2026-09-02T00:09:35.736836+00:00
Turquia Super Lig 2026/2027,Başakşehir FK - Kocaelispor,2026-08-16T16:00:00+00:00,finished,1,2-0,Kocaelispor,Show,M,90,7.1,64,0,0,,0.00688815,0,0,0,53,45,9,5,0,0,0,0,5,5,2,1,2,1,2,0,7,0,1,10,1,2,0,0,0,2,0,2026-09-02T00:09:35.736828+00:00
Turquia Super Lig 2026/2027,Başakşehir FK - Kocaelispor,2026-08-16T16:00:00+00:00,finished,1,2-0,Kocaelispor,Tanguy Zoukrou,D,90,6.5,91,0,0,,0.0169503,0,0,0,74,68,7,1,0,0,0,0,5,4,2,2,2,1,8,3,3,0,0,6,1,2,1,0,0,2,0,2026-09-02T00:09:35.736856+00:00
Turquia Super Lig 2026/2027,Başakşehir FK - Kocaelispor,2026-08-16T16:00:00+00:00,finished,1,2-0,Kocaelispor,Tayfur Bingöl,M,76,6.3,39,0,0,0.0316,0.010006,1,0,0,20,17,2,1,0,0,0,0,3,7,1,0,0,0,0,2,3,1,5,14,2,1,1,0,0,2,0,2026-09-02T00:09:35.736929+00:00
Turquia Super Lig 2026/2027,Başakşehir FK - Kocaelispor,2026-08-16T16:00:00+00:00,finished,1,2-0,Başakşehir FK,Umut Bozok,F,15,6.3,9,0,0,,8.341e-05,0,0,0,6,3,0,0,0,0,0,0,0,1,0,0,0,0,0,0,0,0,1,4,0,0,0,0,0,0,0,2026-09-02T00:09:35.736713+00:00
Turquia Super Lig 2026/2027,Başakşehir FK - Kocaelispor,2026-08-16T16:00:00+00:00,finished,1,2-0,Başakşehir FK,Umut Güneş,M,0,,0,0,0,,,0,0,0,0,0,0,0,0,0,0,0,0,0,0,0,0,0,0,0,0,0,0,0,0,0,0,0,0,0,0,2026-09-02T00:09:35.736741+00:00
Turquia Super Lig 2026/2027,Başakşehir FK - Kocaelispor,2026-08-16T16:00:00+00:00,finished,1,2-0,Kocaelispor,Uğur Kaan Yıldız,D,90,6.3,47,0,0,0.0992,0.0114175,2,1,1,33,22,4,0,3,0,1,1,3,3,1,0,0,0,3,2,2,0,1,15,1,1,0,0,0,2,0,2026-09-02T00:09:35.736819+00:00
Turquia Super Lig 2026/2027,Başakşehir FK - Kocaelispor,2026-08-16T16:00:00+00:00,finished,1,2-0,Başakşehir FK,Yusuf Sarı,M,27,6.7,14,0,0,0.0397,0.0300965,2,0,0,9,9,1,1,1,0,0,0,0,1,0,0,0,0,0,0,0,0,1,2,0,0,0,0,0,0,0,2026-09-02T00:09:35.736705+00:00
Turquia Super Lig 2026/2027,Başakşehir FK - Kocaelispor,2026-08-16T16:00:00+00:00,finished,1,2-0,Başakşehir FK,Ömer Ali Şahiner,D,90,6.8,49,0,0,0.0491,0.00968237,1,0,0,28,23,2,1,1,0,0,0,4,6,0,0,3,0,3,0,6,1,0,7,1,6,1,0,0,0,0,2026-09-02T00:09:35.736652+00:00
Turquia Super Lig 2026/2027,Amed Sportif Faaliyetler - Erzurumspor FK,2026-08-16T18:30:00+00:00,finished,1,3-0,Erzurumspor FK,,,0,,0,0,0,,,0,0,0,0,0,0,0,0,0,0,0,0,0,0,0,0,0,0,0,0,0,0,0,0,0,0,0,0,0,0,2026-09-02T00:09:36.162421+00:00
Turquia Super Lig 2026/2027,Amed Sportif Faaliyetler - Erzurumspor FK,2026-08-16T18:30:00+00:00,finished,1,3-0,Amed Sportif Faaliyetler,Alban Lafont,G,90,7.1,36,0,0,,0.00054004,0,0,0,27,22,8,4,0,0,1,1,2,0,0,0,0,0,1,0,5,0,0,5,1,0,0,0,1,0,0,2026-09-02T00:09:36.162465+00:00
Turquia Super Lig 2026/2027,Amed Sportif Faaliyetler - Erzurumspor FK,2026-08-16T18:30:00+00:00,finished,1,3-0,Amed Sportif Faaliyetler,Amadou Cissé,D,0,,0,0,0,,,0,0,0,0,0,0,0,0,0,0,0,0,0,0,0,0,0,0,0,0,0,0,0,0,0,0,0,0,0,0,2026-09-02T00:09:36.162630+00:00
Turquia Super Lig 2026/2027,Amed Sportif Faaliyetler - Erzurumspor FK,2026-08-16T18:30:00+00:00,finished,1,3-0,Erzurumspor FK,Amar Gerxhaliu,D,90,6.4,79,0,0,,0.00995406,0,0,0,71,65,11,7,0,0,0,0,1,0,0,0,1,0,3,1,3,0,0,6,0,0,0,0,0,3,0,2026-09-02T00:09:36.162294+00:00
Turquia Super Lig 2026/2027,Amed Sportif Faaliyetler - Erzurumspor FK,2026-08-16T18:30:00+00:00,finished,1,3-0,Amed Sportif Faaliyetler,Berk Kızıldemir,F,0,,0,0,0,,,0,0,0,0,0,0,0,0,0,0,0,0,0,0,0,0,0,0,0,0,0,0,0,0,0,0,0,0,0,0,2026-09-02T00:09:36.162595+00:00
Turquia Super Lig 2026/2027,Amed Sportif Faaliyetler - Erzurumspor FK,2026-08-16T18:30:00+00:00,finished,1,3-0,Erzurumspor FK,Brandon Baiye,M,90,6.6,76,0,0,,0.0134042,0,0,0,66,58,4,3,0,0,0,0,3,3,0,0,3,2,1,2,5,0,1,9,0,0,0,0,0,3,0,2026-09-02T00:09:36.162313+00:00
Turquia Super Lig 2026/2027,Amed Sportif Faaliyetler - Erzurumspor FK,2026-08-16T18:30:00+00:00,finished,1,3-0,Amed Sportif Faaliyetler,Burak Bozan,G,0,,0,0,0,,,0,0,0,0,0,0,0,0,0,0,0,0,0,0,0,0,0,0,0,0,0,0,0,0,0,0,0,0,0,0,2026-09-02T00:09:36.162604+00:00
Turquia Super Lig 2026/2027,Amed Sportif Faaliyetler - Erzurumspor FK,2026-08-16T18:30:00+00:00,finished,1,3-0,Amed Sportif Faaliyetler,Cem Üstündag,M,64,7.2,34,0,0,,0.00402101,0,0,0,20,17,1,1,0,0,0,0,8,2,1,1,5,5,0,0,5,0,1,5,2,0,0,0,0,0,0,2026-09-02T00:09:36.162533+00:00
Turquia Super Lig 2026/2027,Amed Sportif Faaliyetler - Erzurumspor FK,2026-08-16T18:30:00+00:00,finished,1,3-0,Erzurumspor FK,Cengizhan Bayrak,D,0,,0,0,0,,,0,0,0,0,0,0,0,0,0,0,0,0,0,0,0,0,0,0,0,0,0,0,0,0,0,0,0,0,0,0,2026-09-02T00:09:36.162430+00:00
Turquia Super Lig 2026/2027,Amed Sportif Faaliyetler - Erzurumspor FK,2026-08-16T18:30:00+00:00,finished,1,3-0,Amed Sportif Faaliyetler,David Robert Bates,D,90,7.4,78,0,0,,0.003688,0,0,0,69,69,3,3,0,0,0,0,2,0,0,0,0,0,6,0,2,0,0,0,2,0,0,0,0,0,0,2026-09-02T00:09:36.162482+00:00
Turquia Super Lig 2026/2027,Amed Sportif Faaliyetler - Erzurumspor FK,2026-08-16T18:30:00+00:00,finished,1,3-0,Amed Sportif Faaliyetler,Dia Saba,M,77,9.1,37,2,0,0.3466,0.0223495,2,2,0,19,14,1,1,7,1,1,1,4,2,0,0,3,1,1,0,1,0,2,14,0,1,0,0,0,0,0,2026-09-02T00:09:36.162524+00:00
Turquia Super Lig 2026/2027,Amed Sportif Faaliyetler - Erzurumspor FK,2026-08-16T18:30:00+00:00,finished,1,3-0,Erzurumspor FK,Eren Tozlu,F,90,6.5,36,0,0,0.189,0.00833656,2,0,0,25,18,3,0,0,0,0,0,5,5,2,1,1,0,2,0,1,0,0,10,2,4,0,0,0,3,0,2026-09-02T00:09:36.162219+00:00
Turquia Super Lig 2026/2027,Amed Sportif Faaliyetler - Erzurumspor FK,2026-08-16T18:30:00+00:00,finished,1,3-0,Amed Sportif Faaliyetler,Ermal Krasniqi,M,90,7.1,52,0,0,0.1019,0.134804,3,1,2,22,18,0,0,4,1,1,0,7,6,0,0,7,4,2,0,7,1,2,17,0,2,0,0,0,0,0,2026-09-02T00:09:36.162500+00:00
Turquia Super Lig 2026/2027,Amed Sportif Faaliyetler - Erzurumspor FK,2026-08-16T18:30:00+00:00,finished,1,3-0,Erzurumspor FK,Ertuğrul Taşkıran,G,0,,0,0,0,,,0,0,0,0,0,0,0,0,0,0,0,0,0,0,0,0,0,0,0,0,0,0,0,0,0,0,0,0,0,0,2026-09-02T00:09:36.162413+00:00
Turquia Super Lig 2026/2027,Amed Sportif Faaliyetler - Erzurumspor FK,2026-08-16T18:30:00+00:00,finished,1,3-0,Erzurumspor FK,Fernando Andrade,M,64,6.0,26,0,0,,0.00664019,0,0,0,15,12,1,0,3,0,2,0,0,4,0,1,0,0,0,2,0,0,0,9,0,1,0,0,0,2,0,2026-09-02T00:09:36.162348+00:00
Turquia Super Lig 2026/2027,Amed Sportif Faaliyetler - Erzurumspor FK,2026-08-16T18:30:00+00:00,finished,1,3-0,Erzurumspor FK,Festy Ebosele,D,26,6.4,24,0,0,,0.00718364,0,0,0,17,15,1,0,0,0,1,0,2,2,1,0,1,1,0,1,3,0,1,6,0,0,0,0,0,1,0,2026-09-02T00:09:36.162376+00:00
Turquia Super Lig 2026/2027,Amed Sportif Faaliyetler - Erzurumspor FK,2026-08-16T18:30:00+00:00,finished,1,3-0,Amed Sportif Faaliyetler,Gift Orban,F,88,7.0,31,0,1,0.2695,0.0524121,3,0,3,17,15,1,1,0,0,1,0,1,3,0,0,1,1,0,0,1,1,2,7,0,0,0,0,0,0,0,2026-09-02T00:09:36.162508+00:00
Turquia Super Lig 2026/2027,Amed Sportif Faaliyetler - Erzurumspor FK,2026-08-16T18:30:00+00:00,finished,1,3-0,Erzurumspor FK,Guram Giorbelidze,D,0,,0,0,0,,,0,0,0,0,0,0,0,0,0,0,0,0,0,0,0,0,0,0,0,0,0,0,0,0,0,0,0,0,0,0,2026-09-02T00:09:36.162440+00:00
Turquia Super Lig 2026/2027,Amed Sportif Faaliyetler - Erzurumspor FK,2026-08-16T18:30:00+00:00,finished,1,3-0,Erzurumspor FK,Gyrano Kerk,F,26,6.4,9,0,0,0.0434,0.0137631,1,1,0,4,3,0,0,1,0,1,1,1,3,0,0,0,0,0,0,1,0,1,3,0,2,0,0,0,1,0,2026-09-02T00:09:36.162367+00:00
Turquia Super Lig 2026/2027,Amed Sportif Faaliyetler - Erzurumspor FK,2026-08-16T18:30:00+00:00,finished,1,3-0,Amed Sportif Faaliyetler,Gökhan Gül,M,26,7.5,10,1,0,0.2483,0.00501265,1,1,0,8,6,2,0,0,0,0,0,1,1,0,0,0,0,0,0,1,0,0,2,1,1,0,0,0,0,0,2026-09-02T00:09:36.162551+00:00
Turquia Super Lig 2026/2027,Amed Sportif Faaliyetler - Erzurumspor FK,2026-08-16T18:30:00+00:00,finished,1,3-0,Amed Sportif Faaliyetler,Kahraman Demirtaş,D,0,,0,0,0,,,0,0,0,0,0,0,0,0,0,0,0,0,0,0,0,0,0,0,0,0,0,0,0,0,0,0,0,0,0,0,2026-09-02T00:09:36.162612+00:00
Turquia Super Lig 2026/2027,Amed Sportif Faaliyetler - Erzurumspor FK,2026-08-16T18:30:00+00:00,finished,1,3-0,Amed Sportif Faaliyetler,Lumbardh Dellova,D,90,8.2,95,0,1,,0.312877,0,0,3,79,72,9,8,0,0,2,2,3,0,1,0,0,0,1,2,5,0,0,9,0,0,0,0,0,0,0,2026-09-02T00:09:36.162491+00:00
Turquia Super Lig 2026/2027,Amed Sportif Faaliyetler - Erzurumspor FK,2026-08-16T18:30:00+00:00,finished,1,3-0,Erzurumspor FK,Martín Rodríguez,M,75,5.7,56,0,0,,0.013644,0,0,0,45,40,2,1,4,0,1,0,1,13,1,2,0,0,0,1,4,0,3,13,0,2,0,0,0,3,0,2026-09-02T00:09:36.162339+00:00
Turquia Super Lig 2026/2027,Amed Sportif Faaliyetler - Erzurumspor FK,2026-08-16T18:30:00+00:00,finished,1,3-0,Erzurumspor FK,Matija Orbanić,G,90,6.2,29,0,0,,7.454e-05,0,0,0,24,17,10,3,0,0,0,0,0,0,0,0,0,0,1,0,5,0,0,7,0,0,0,0,2,3,0,2026-09-02T00:09:36.162284+00:00
Turquia Super Lig 2026/2027,Amed Sportif Faaliyetler - Erzurumspor FK,2026-08-16T18:30:00+00:00,finished,1,3-0,Amed Sportif Faaliyetler,Mbaye Diagne,F,64,6.3,17,0,0,0.0295,0.00693654,1,0,0,11,8,0,0,0,0,0,0,0,3,0,1,0,0,1,0,0,0,0,6,0,2,0,0,0,0,0,2026-09-02T00:09:36.162542+00:00
Turquia Super Lig 2026/2027,Amed Sportif Faaliyetler - Erzurumspor FK,2026-08-16T18:30:00+00:00,finished,1,3-0,Amed Sportif Faaliyetler,Mehmet Yeşil,D,90,7.1,76,0,0,,0.00278881,0,0,0,65,57,3,1,0,0,0,0,5,2,2,2,1,1,3,2,2,0,0,9,2,0,0,0,0,0,0,2026-09-02T00:09:36.162473+00:00
Turquia Super Lig 2026/2027,Amed Sportif Faaliyetler - Erzurumspor FK,2026-08-16T18:30:00+00:00,finished,1,3-0,Amed Sportif Faaliyetler,Miraç Acer,D,2,,1,0,0,,,0,0,0,0,0,0,0,0,0,0,0,0,1,0,0,0,0,0,0,0,0,1,1,0,0,0,0,0,0,0,2026-09-02T00:09:36.162586+00:00
Turquia Super Lig 2026/2027,Amed Sportif Faaliyetler - Erzurumspor FK,2026-08-16T18:30:00+00:00,finished,1,3-0,Amed Sportif Faaliyetler,Mohamed Khalil,F,0,,0,0,0,,,0,0,0,0,0,0,0,0,0,0,0,0,0,0,0,0,0,0,0,0,0,0,0,0,0,0,0,0,0,0,2026-09-02T00:09:36.162621+00:00
Turquia Super Lig 2026/2027,Amed Sportif Faaliyetler - Erzurumspor FK,2026-08-16T18:30:00+00:00,finished,1,3-0,Erzurumspor FK,Murat Cem Akpinar,M,15,6.6,17,0,0,,0.0170167,0,0,1,16,14,1,1,1,0,0,0,0,0,0,0,0,0,0,0,0,0,0,3,0,0,0,0,0,0,0,2026-09-02T00:09:36.162394+00:00
Turquia Super Lig 2026/2027,Amed Sportif Faaliyetler - Erzurumspor FK,2026-08-16T18:30:00+00:00,finished,1,3-0,Erzurumspor FK,Mustafa Fettahoglu,M,75,6.0,30,0,0,0.0497,0.0788305,1,0,0,18,15,1,0,0,0,5,1,2,5,0,0,1,1,0,1,3,0,1,10,0,0,0,0,0,3,0,2026-09-02T00:09:36.162330+00:00
Turquia Super Lig 2026/2027,Amed Sportif Faaliyetler - Erzurumspor FK,2026-08-16T18:30:00+00:00,finished,1,3-0,Erzurumspor FK,Mustafa Yumlu,D,0,,0,0,0,,,0,0,0,0,0,0,0,0,0,0,0,0,0,0,0,0,0,0,0,0,0,0,0,0,0,0,0,0,0,0,2026-09-02T00:09:36.162448+00:00
Turquia Super Lig 2026/2027,Amed Sportif Faaliyetler - Erzurumspor FK,2026-08-16T18:30:00+00:00,finished,1,3-0,Erzurumspor FK,Nariman Akhundzade,F,15,6.7,7,0,0,0.0405,0.00042717,1,0,0,4,3,0,0,0,0,1,1,2,0,0,0,0,0,0,0,0,0,0,1,1,0,0,0,0,0,0,2026-09-02T00:09:36.162386+00:00
Turquia Super Lig 2026/2027,Amed Sportif Faaliyetler - Erzurumspor FK,2026-08-16T18:30:00+00:00,finished,1,3-0,Erzurumspor FK,Nihad Mujakić,D,90,6.0,74,0,0,,0.0589488,0,0,1,46,40,2,0,5,1,1,0,5,4,0,1,4,3,2,0,3,0,2,16,1,0,0,0,0,3,0,2026-09-02T00:09:36.162272+00:00
Turquia Super Lig 2026/2027,Amed Sportif Faaliyetler - Erzurumspor FK,2026-08-16T18:30:00+00:00,finished,1,3-0,Erzurumspor FK,Orhan Ovacıklı,D,82,6.8,71,0,0,,0.0376499,0,0,0,48,42,7,2,3,1,0,0,8,2,1,0,4,3,4,0,4,0,0,9,3,2,0,0,0,3,0,2026-09-02T00:09:36.162322+00:00
Turquia Super Lig 2026/2027,Amed Sportif Faaliyetler - Erzurumspor FK,2026-08-16T18:30:00+00:00,finished,1,3-0,Amed Sportif Faaliyetler,Rayan Lutin,M,13,6.8,11,0,0,,0.00815069,0,0,0,7,4,1,0,1,0,1,1,2,1,0,0,1,1,0,0,1,0,0,5,0,0,0,0,0,0,0,2026-09-02T00:09:36.162568+00:00
Turquia Super Lig 2026/2027,Amed Sportif Faaliyetler - Erzurumspor FK,2026-08-16T18:30:00+00:00,finished,1,3-0,Amed Sportif Faaliyetler,Rayan Raveloson,M,90,6.8,64,0,0,0.016,0.0291618,1,0,0,51,42,1,0,0,0,3,2,6,5,2,1,0,0,2,0,7,0,1,12,2,2,1,0,0,0,0,2026-09-02T00:09:36.162456+00:00
Turquia Super Lig 2026/2027,Amed Sportif Faaliyetler - Erzurumspor FK,2026-08-16T18:30:00+00:00,finished,1,3-0,Amed Sportif Faaliyetler,Samuel Ballet,F,26,7.5,16,0,1,0.1356,0.133773,2,1,1,7,7,0,0,0,0,2,1,3,4,0,1,1,1,0,0,0,0,2,3,1,0,0,0,0,0,0,2026-09-02T00:09:36.162560+00:00
Turquia Super Lig 2026/2027,Amed Sportif Faaliyetler - Erzurumspor FK,2026-08-16T18:30:00+00:00,finished,1,3-0,Erzurumspor FK,Sefa Akgün,M,64,6.6,43,0,0,,0.116274,0,0,1,33,30,2,0,3,1,0,0,2,2,0,1,2,0,1,0,2,0,0,7,0,1,0,0,0,2,0,2026-09-02T00:09:36.162357+00:00
Turquia Super Lig 2026/2027,Amed Sportif Faaliyetler - Erzurumspor FK,2026-08-16T18:30:00+00:00,finished,1,3-0,Amed Sportif Faaliyetler,Umut Meraş,D,13,6.5,7,0,0,,0.00067007,0,0,0,4,3,0,0,0,0,0,0,0,2,0,0,0,0,0,0,1,0,0,1,0,1,0,0,0,0,0,2026-09-02T00:09:36.162577+00:00
Turquia Super Lig 2026/2027,Amed Sportif Faaliyetler - Erzurumspor FK,2026-08-16T18:30:00+00:00,finished,1,3-0,Erzurumspor FK,Yakup Kırtay,D,90,6.6,66,0,0,,0.0120043,0,0,0,62,58,10,8,0,0,0,0,1,1,1,0,0,0,1,2,4,0,0,4,0,0,0,0,0,3,0,2026-09-02T00:09:36.162304+00:00
Turquia Super Lig 2026/2027,Amed Sportif Faaliyetler - Erzurumspor FK,2026-08-16T18:30:00+00:00,finished,1,3-0,Amed Sportif Faaliyetler,Yira Collins Sor,M,77,6.6,45,0,0,,0.126227,0,0,0,33,30,1,0,1,0,3,1,2,3,0,0,1,1,0,1,5,0,0,8,0,1,0,0,0,0,0,2026-09-02T00:09:36.162516+00:00
Turquia Super Lig 2026/2027,Amed Sportif Faaliyetler - Erzurumspor FK,2026-08-16T18:30:00+00:00,finished,1,3-0,Erzurumspor FK,İlkan Sever,F,8,6.5,11,0,0,,0.002928,0,0,0,6,5,1,0,0,0,3,1,2,2,0,0,0,0,0,0,1,0,0,3,1,0,0,0,0,0,0,2026-09-02T00:09:36.162404+00:00
Turquia Super Lig 2026/2027,Beşiktaş JK - Eyüpspor,2026-08-16T18:30:00+00:00,finished,1,1-0,Beşiktaş JK,,,0,,0,0,0,,,0,0,0,0,0,0,0,0,0,0,0,0,0,0,0,0,0,0,0,0,0,0,0,0,0,0,0,0,0,0,2026-09-02T00:09:35.893195+00:00
Turquia Super Lig 2026/2027,Beşiktaş JK - Eyüpspor,2026-08-16T18:30:00+00:00,finished,1,1-0,Eyüpspor,Abdelhamid Sabiri,M,45,7.0,32,0,0,,0.0930263,0,0,1,18,15,1,0,0,0,2,1,8,3,0,0,3,0,1,1,1,0,1,5,4,1,0,0,0,1,0,2026-09-02T00:09:35.892064+00:00
Turquia Super Lig 2026/2027,Beşiktaş JK - Eyüpspor,2026-08-16T18:30:00+00:00,finished,1,1-0,Eyüpspor,Ahmed Abdullahi,F,90,6.7,29,0,0,,0.00333047,0,0,0,10,7,0,0,0,0,2,1,7,6,3,3,1,1,0,1,5,0,0,11,2,2,0,0,0,1,0,2026-09-02T00:09:35.891916+00:00
Turquia Super Lig 2026/2027,Beşiktaş JK - Eyüpspor,2026-08-16T18:30:00+00:00,finished,1,1-0,Beşiktaş JK,Alexander Nübel,G,90,6.9,30,0,0,,0.00044134,0,0,0,22,19,5,2,0,0,0,0,1,0,0,0,0,0,0,0,7,0,0,3,1,0,0,0,1,0,0,2026-09-02T00:09:35.892464+00:00
Turquia Super Lig 2026/2027,Beşiktaş JK - Eyüpspor,2026-08-16T18:30:00+00:00,finished,1,1-0,Beşiktaş JK,Amir Murillo,D,0,,0,0,0,,,0,0,0,0,0,0,0,0,0,0,0,0,0,0,0,0,0,0,0,0,0,0,0,0,0,0,0,0,0,0,2026-09-02T00:09:35.893155+00:00
Turquia Super Lig 2026/2027,Beşiktaş JK - Eyüpspor,2026-08-16T18:30:00+00:00,finished,1,1-0,Eyüpspor,Arda Yavuz,D,1,,2,0,0,,2.826e-05,0,0,0,1,1,0,0,0,0,0,0,0,0,0,0,0,0,0,0,0,0,0,0,0,0,0,0,0,0,0,2026-09-02T00:09:35.892087+00:00
Turquia Super Lig 2026/2027,Beşiktaş JK - Eyüpspor,2026-08-16T18:30:00+00:00,finished,1,1-0,Eyüpspor,Berhan Satli,D,0,,0,0,0,,,0,0,0,0,0,0,0,0,0,0,0,0,0,0,0,0,0,0,0,0,0,0,0,0,0,0,0,0,0,0,2026-09-02T00:09:35.892368+00:00
Turquia Super Lig 2026/2027,Beşiktaş JK - Eyüpspor,2026-08-16T18:30:00+00:00,finished,1,1-0,Eyüpspor,Bilal Boutobba,M,27,6.2,14,0,0,,0.00081275,0,0,0,3,2,0,0,3,0,3,0,1,6,0,1,1,0,0,0,2,0,1,8,0,0,0,0,0,0,0,2026-09-02T00:09:35.892076+00:00
Turquia Super Lig 2026/2027,Beşiktaş JK - Eyüpspor,2026-08-16T18:30:00+00:00,finished,1,1-0,Eyüpspor,Calegari,D,89,7.2,54,0,0,,0.00281928,0,0,0,24,17,1,1,1,0,2,2,12,6,0,0,6,6,4,2,8,0,0,11,4,2,0,0,0,1,0,2026-09-02T00:09:35.892038+00:00
Turquia Super Lig 2026/2027,Beşiktaş JK - Eyüpspor,2026-08-16T18:30:00+00:00,finished,1,1-0,Eyüpspor,Chandrel Massanga,M,90,7.0,54,0,0,0.0148,0.00150564,1,0,0,40,31,5,0,0,0,1,0,5,3,0,2,3,3,5,0,4,0,0,10,2,0,0,0,0,1,0,2026-09-02T00:09:35.892031+00:00
Turquia Super Lig 2026/2027,Beşiktaş JK - Eyüpspor,2026-08-16T18:30:00+00:00,finished,1,1-0,Eyüpspor,Charles-Andre Raux Yao,M,45,6.8,31,0,0,,0.0130035,0,0,1,19,18,1,1,2,0,1,1,5,4,1,1,0,0,1,1,2,0,0,5,3,2,1,0,0,0,0,2026-09-02T00:09:35.892070+00:00
Turquia Super Lig 2026/2027,Beşiktaş JK - Eyüpspor,2026-08-16T18:30:00+00:00,finished,1,1-0,Eyüpspor,David Costa,M,68,6.0,29,0,0,0.0348,0.00062638,2,0,0,18,16,0,0,0,0,0,0,4,4,0,1,1,1,2,0,2,0,0,4,3,3,2,1,0,1,0,2026-09-02T00:09:35.892052+00:00
Turquia Super Lig 2026/2027,Beşiktaş JK - Eyüpspor,2026-08-16T18:30:00+00:00,finished,1,1-0,Beşiktaş JK,Doğan Alemdar,G,0,,0,0,0,,,0,0,0,0,0,0,0,0,0,0,0,0,0,0,0,0,0,0,0,0,0,0,0,0,0,0,0,0,0,0,2026-09-02T00:09:35.893063+00:00
Turquia Super Lig 2026/2027,Beşiktaş JK - Eyüpspor,2026-08-16T18:30:00+00:00,finished,1,1-0,Beşiktaş JK,Emirhan Topçu,D,0,,0,0,0,,,0,0,0,0,0,0,0,0,0,0,0,0,0,0,0,0,0,0,0,0,0,0,0,0,0,0,0,0,0,0,2026-09-02T00:09:35.893179+00:00
Turquia Super Lig 2026/2027,Beşiktaş JK - Eyüpspor,2026-08-16T18:30:00+00:00,finished,1,1-0,Beşiktaş JK,Emmanuel Agbadou,D,90,7.2,81,0,0,,0.0480823,0,0,0,75,68,6,5,0,0,0,0,4,7,2,2,2,2,2,0,7,0,1,8,0,2,0,0,0,0,0,2026-09-02T00:09:35.892657+00:00
Turquia Super Lig 2026/2027,Beşiktaş JK - Eyüpspor,2026-08-16T18:30:00+00:00,finished,1,1-0,Eyüpspor,Emre Bilgin,G,0,,0,0,0,,,0,0,0,0,0,0,0,0,0,0,0,0,0,0,0,0,0,0,0,0,0,0,0,0,0,0,0,0,0,0,2026-09-02T00:09:35.892388+00:00
Turquia Super Lig 2026/2027,Beşiktaş JK - Eyüpspor,2026-08-16T18:30:00+00:00,finished,1,1-0,Eyüpspor,Hamza Akman,M,0,,0,0,0,,,0,0,0,0,0,0,0,0,0,0,0,0,0,0,0,0,0,0,0,0,0,0,0,0,0,0,0,0,0,0,2026-09-02T00:09:35.892346+00:00
Turquia Super Lig 2026/2027,Beşiktaş JK - Eyüpspor,2026-08-16T18:30:00+00:00,finished,1,1-0,Eyüpspor,Horațiu Moldovan,G,90,6.7,54,0,0,,0.00139934,0,0,0,46,28,21,5,0,0,0,0,0,0,0,0,0,0,1,0,5,0,0,19,0,0,0,0,4,1,0,2026-09-02T00:09:35.891987+00:00
Turquia Super Lig 2026/2027,Beşiktaş JK - Eyüpspor,2026-08-16T18:30:00+00:00,finished,1,1-0,Beşiktaş JK,Hyeon-gyu Oh,F,27,6.6,17,0,0,0.1171,0.00084792,2,0,0,7,3,1,1,0,0,2,1,3,1,0,0,0,0,1,0,0,2,0,7,2,0,0,0,0,0,0,2026-09-02T00:09:35.892932+00:00
Turquia Super Lig 2026/2027,Beşiktaş JK - Eyüpspor,2026-08-16T18:30:00+00:00,finished,1,1-0,Eyüpspor,Jawad El Yamiq,D,90,6.5,32,0,0,,0.00616993,0,0,0,21,13,7,3,1,0,1,1,3,2,0,0,1,1,3,1,2,0,0,9,1,2,0,0,0,1,0,2026-09-02T00:09:35.892007+00:00
Turquia Super Lig 2026/2027,Beşiktaş JK - Eyüpspor,2026-08-16T18:30:00+00:00,finished,1,1-0,Beşiktaş JK,Junior Olaitan,M,89,8.1,67,0,1,0.0254,0.672188,1,0,5,58,55,3,3,1,0,2,0,3,3,1,0,0,0,0,0,4,1,0,8,2,1,0,0,0,0,0,2026-09-02T00:09:35.892726+00:00
Turquia Super Lig 2026/2027,Beşiktaş JK - Eyüpspor,2026-08-16T18:30:00+00:00,finished,1,1-0,Beşiktaş JK,Kartal Kayra Yılmaz,M,0,,0,0,0,,,0,0,0,0,0,0,0,0,0,0,0,0,0,0,0,0,0,0,0,0,0,0,0,0,0,0,0,0,0,0,2026-09-02T00:09:35.893046+00:00
Turquia Super Lig 2026/2027,Beşiktaş JK - Eyüpspor,2026-08-16T18:30:00+00:00,finished,1,1-0,Beşiktaş JK,Kassoum Ouattara,D,2,,7,0,0,,0.00043183,0,0,0,3,3,0,0,0,0,0,0,2,0,0,0,2,2,0,0,1,0,0,0,0,0,0,0,0,0,0,2026-09-02T00:09:35.892949+00:00
Turquia Super Lig 2026/2027,Beşiktaş JK - Eyüpspor,2026-08-16T18:30:00+00:00,finished,1,1-0,Eyüpspor,Konrad Michalak,M,85,6.3,20,0,0,,0.00479481,0,0,1,10,7,0,0,0,0,2,0,0,3,0,0,0,0,1,1,3,0,1,7,0,0,0,0,0,1,0,2026-09-02T00:09:35.892046+00:00
Turquia Super Lig 2026/2027,Beşiktaş JK - Eyüpspor,2026-08-16T18:30:00+00:00,finished,1,1-0,Beşiktaş JK,Leandro Trossard,F,62,6.8,51,0,0,0.0721,0.0362433,3,1,0,32,24,3,2,1,0,1,1,5,9,0,0,0,0,0,2,6,0,5,15,4,3,1,0,0,0,0,2026-09-02T00:09:35.892879+00:00
Turquia Super Lig 2026/2027,Beşiktaş JK - Eyüpspor,2026-08-16T18:30:00+00:00,finished,1,1-0,Eyüpspor,Lenny Pintor,M,63,6.8,19,0,0,0.0245,0.0152643,1,1,0,9,6,1,1,1,0,1,0,4,3,3,0,1,1,1,1,2,0,2,8,0,0,0,0,0,1,0,2026-09-02T00:09:35.892058+00:00
Turquia Super Lig 2026/2027,Beşiktaş JK - Eyüpspor,2026-08-16T18:30:00+00:00,finished,1,1-0,Eyüpspor,Mete Demir,M,0,,0,0,0,,,0,0,0,0,0,0,0,0,0,0,0,0,0,0,0,0,0,0,0,0,0,0,0,0,0,0,0,0,0,0,2026-09-02T00:09:35.892407+00:00
Turquia Super Lig 2026/2027,Beşiktaş JK - Eyüpspor,2026-08-16T18:30:00+00:00,finished,1,1-0,Beşiktaş JK,Milot Rashica,M,2,,5,0,0,,5.91e-06,0,0,0,4,2,0,0,0,0,1,0,0,2,0,1,0,0,0,0,1,0,0,3,0,0,0,0,0,0,0,2026-09-02T00:09:35.893005+00:00
Turquia Super Lig 2026/2027,Beşiktaş JK - Eyüpspor,2026-08-16T18:30:00+00:00,finished,1,1-0,Beşiktaş JK,Orkun Kökçü,M,90,7.3,75,0,0,0.4225,0.120818,6,0,3,56,49,9,7,6,3,1,0,3,1,1,0,1,1,0,0,1,3,0,14,1,0,0,0,0,0,0,2026-09-02T00:09:35.892449+00:00
Turquia Super Lig 2026/2027,Beşiktaş JK - Eyüpspor,2026-08-16T18:30:00+00:00,finished,1,1-0,Beşiktaş JK,Rıdvan Yılmaz,D,88,7.7,69,0,0,0.0352,0.404544,1,0,4,41,32,2,0,5,1,1,1,7,1,1,1,4,3,3,1,9,0,0,17,1,0,0,0,0,0,0,2026-09-02T00:09:35.892803+00:00
Turquia Super Lig 2026/2027,Beşiktaş JK - Eyüpspor,2026-08-16T18:30:00+00:00,finished,1,1-0,Beşiktaş JK,Salih Özcan,M,90,7.5,74,0,0,0.0155,0.0600643,1,1,1,65,60,6,5,0,0,0,0,7,8,3,0,3,2,0,1,5,0,2,8,1,6,0,0,0,0,0,2026-09-02T00:09:35.892688+00:00
Turquia Super Lig 2026/2027,Beşiktaş JK - Eyüpspor,2026-08-16T18:30:00+00:00,finished,1,1-0,Beşiktaş JK,Semih Kılıçsoy,F,63,6.0,19,0,0,,0.011414,0,0,0,10,6,2,1,0,0,0,0,1,7,0,0,0,0,0,0,2,0,3,9,1,3,0,0,0,0,0,2026-09-02T00:09:35.892859+00:00
Turquia Super Lig 2026/2027,Beşiktaş JK - Eyüpspor,2026-08-16T18:30:00+00:00,finished,1,1-0,Eyüpspor,Seyfettin Anıl Yaşar,D,0,,0,0,0,,,0,0,0,0,0,0,0,0,0,0,0,0,0,0,0,0,0,0,0,0,0,0,0,0,0,0,0,0,0,0,2026-09-02T00:09:35.892432+00:00
Turquia Super Lig 2026/2027,Beşiktaş JK - Eyüpspor,2026-08-16T18:30:00+00:00,finished,1,1-0,Eyüpspor,Talha Ülvan,D,90,6.6,35,0,0,,0.00626272,0,0,0,17,17,1,1,0,0,0,0,1,1,0,0,0,0,4,2,4,0,0,2,1,1,0,0,0,1,0,2026-09-02T00:09:35.891964+00:00
Turquia Super Lig 2026/2027,Beşiktaş JK - Eyüpspor,2026-08-16T18:30:00+00:00,finished,1,1-0,Beşiktaş JK,Taylan Bulut,D,90,6.6,49,0,0,0.0208,0.0241969,1,0,0,31,27,0,0,3,1,0,0,2,5,0,2,2,2,1,1,4,1,0,8,0,2,0,0,0,0,0,2026-09-02T00:09:35.892473+00:00
Turquia Super Lig 2026/2027,Beşiktaş JK - Eyüpspor,2026-08-16T18:30:00+00:00,finished,1,1-0,Beşiktaş JK,Tiago Djaló,D,90,7.0,69,0,0,0.0158,0.0188706,1,0,0,56,54,3,1,0,0,1,1,2,3,1,1,0,0,4,2,5,0,0,3,0,2,1,0,0,0,0,2026-09-02T00:09:35.892678+00:00
Turquia Super Lig 2026/2027,Beşiktaş JK - Eyüpspor,2026-08-16T18:30:00+00:00,finished,1,1-0,Beşiktaş JK,Václav Černý,M,88,7.8,43,1,0,0.4488,0.0617795,3,3,0,34,31,1,0,6,0,0,0,0,2,0,0,0,0,0,0,3,0,0,9,0,0,0,0,0,0,0,2026-09-02T00:09:35.892782+00:00
Turquia Super Lig 2026/2027,Beşiktaş JK - Eyüpspor,2026-08-16T18:30:00+00:00,finished,1,1-0,Beşiktaş JK,Wilfred Ndidi,M,1,,9,0,0,,0.00207263,0,0,0,8,8,0,0,1,0,0,0,0,0,0,0,0,0,0,0,0,0,0,1,0,0,0,0,0,0,0,2026-09-02T00:09:35.893024+00:00
Turquia Super Lig 2026/2027,Beşiktaş JK - Eyüpspor,2026-08-16T18:30:00+00:00,finished,1,1-0,Eyüpspor,Yusuf Barası,F,10,6.5,5,0,0,,0.00108199,0,0,0,2,2,0,0,0,0,1,1,1,0,0,0,0,0,0,0,0,0,0,1,0,0,0,0,0,0,0,2026-09-02T00:09:35.892082+00:00
Turquia Super Lig 2026/2027,Beşiktaş JK - Eyüpspor,2026-08-16T18:30:00+00:00,finished,1,1-0,Eyüpspor,Zak Jules,D,90,7.7,50,0,0,,0.00051848,0,0,0,32,29,1,0,0,0,0,0,1,2,0,1,1,0,6,0,0,0,0,3,0,1,0,0,0,1,0,2026-09-02T00:09:35.892023+00:00
Turquia Super Lig 2026/2027,Beşiktaş JK - Eyüpspor,2026-08-16T18:30:00+00:00,finished,1,1-0,Eyüpspor,Ömer Ahmet Ceyhan,D,0,,0,0,0,,,0,0,0,0,0,0,0,0,0,0,0,0,0,0,0,0,0,0,0,0,0,0,0,0,0,0,0,0,0,0,2026-09-02T00:09:35.892093+00:00
Turquia Super Lig 2026/2027,Beşiktaş JK - Eyüpspor,2026-08-16T18:30:00+00:00,finished,1,1-0,Beşiktaş JK,İlhan Fakılı,M,28,6.9,28,0,0,,0.0850108,0,0,0,22,20,1,1,0,0,3,2,3,3,0,0,0,0,0,0,2,0,1,5,1,1,0,0,0,0,0,2026-09-02T00:09:35.892904+00:00
Turquia Super Lig 2026/2027,Samsunspor - Göztepe,2026-08-17T18:30:00+00:00,finished,1,3-3,Göztepe,,,96,7.1,52,0,0,0.0118,0.0897856,1,0,1,24,15,6,1,5,3,0,0,5,1,3,1,2,2,2,3,7,0,0,15,0,0,0,0,0,3,0,2026-09-02T00:09:36.432596+00:00
Turquia Super Lig 2026/2027,Samsunspor - Göztepe,2026-08-17T18:30:00+00:00,finished,1,3-3,Göztepe,,,0,,0,0,0,,,0,0,0,0,0,0,0,0,0,0,0,0,0,0,0,0,0,0,0,0,0,0,0,0,0,0,0,0,0,0,2026-09-02T00:09:36.432727+00:00
Turquia Super Lig 2026/2027,Samsunspor - Göztepe,2026-08-17T18:30:00+00:00,finished,1,3-3,Göztepe,Alex Matos,M,60,7.4,24,1,0,0.0861,0.0575299,3,1,2,12,5,1,1,0,0,1,0,4,2,3,0,1,1,0,2,2,2,0,9,0,1,1,0,0,2,0,2026-09-02T00:09:36.432629+00:00
Turquia Super Lig 2026/2027,Samsunspor - Göztepe,2026-08-17T18:30:00+00:00,finished,1,3-3,Göztepe,Alexis Antunes,M,60,6.7,27,0,0,0.0091,0.0477263,1,1,2,9,6,0,0,5,1,0,0,5,3,2,1,1,0,0,1,2,0,1,12,2,1,0,0,0,2,0,2026-09-02T00:09:36.432637+00:00
Turquia Super Lig 2026/2027,Samsunspor - Göztepe,2026-08-17T18:30:00+00:00,finished,1,3-3,Samsunspor,Ali Diabaté,D,96,6.1,74,0,0,0.0136,0.0141931,1,0,0,54,46,7,3,0,0,1,0,8,7,5,5,1,1,9,0,2,1,0,10,2,0,0,0,0,3,0,2026-09-02T00:09:36.432435+00:00
Turquia Super Lig 2026/2027,Samsunspor - Göztepe,2026-08-17T18:30:00+00:00,finished,1,3-3,Göztepe,Allan,D,96,6.0,35,0,0,0.0445,0.0871269,1,0,0,16,9,5,0,0,0,0,0,6,2,4,1,1,1,10,3,3,0,0,8,1,1,1,0,0,3,0,2026-09-02T00:09:36.432572+00:00
Turquia Super Lig 2026/2027,Samsunspor - Göztepe,2026-08-17T18:30:00+00:00,finished,1,3-3,Göztepe,André Henrique,F,61,6.4,19,0,0,0.0253,0.0117544,1,0,1,10,6,0,0,0,0,0,0,4,7,4,4,0,0,1,0,1,1,2,9,0,1,0,0,0,2,0,2026-09-02T00:09:36.432612+00:00
Turquia Super Lig 2026/2027,Samsunspor - Göztepe,2026-08-17T18:30:00+00:00,finished,1,3-3,Samsunspor,Antoine Makoumbou,M,70,6.1,38,0,0,0.0856,0.0160383,2,0,2,29,25,1,1,0,0,2,0,3,8,0,5,1,1,0,0,1,1,1,7,2,0,0,0,0,3,0,2026-09-02T00:09:36.432482+00:00
Turquia Super Lig 2026/2027,Samsunspor - Göztepe,2026-08-17T18:30:00+00:00,finished,1,3-3,Samsunspor,Antoine Sekongo,M,18,6.4,19,0,0,0.1889,0.0240122,1,0,1,12,9,1,1,0,0,2,0,1,5,0,1,1,0,0,0,2,1,0,7,0,1,0,0,0,0,0,2026-09-02T00:09:36.432504+00:00
Turquia Super Lig 2026/2027,Samsunspor - Göztepe,2026-08-17T18:30:00+00:00,finished,1,3-3,Göztepe,Arda Kurtulan,M,92,6.8,39,0,0,0.0419,0.0248375,2,0,0,14,8,0,0,1,0,4,2,6,4,2,1,1,0,3,0,6,1,1,18,1,0,0,0,0,3,0,2026-09-02T00:09:36.432604+00:00
Turquia Super Lig 2026/2027,Samsunspor - Göztepe,2026-08-17T18:30:00+00:00,finished,1,3-3,Göztepe,Arda Özçimen,G,0,,0,0,0,,,0,0,0,0,0,0,0,0,0,0,0,0,0,0,0,0,0,0,0,0,0,0,0,0,0,0,0,0,0,0,2026-09-02T00:09:36.432695+00:00
Turquia Super Lig 2026/2027,Samsunspor - Göztepe,2026-08-17T18:30:00+00:00,finished,1,3-3,Samsunspor,Bilal Bayazit,G,0,,0,0,0,,,0,0,0,0,0,0,0,0,0,0,0,0,0,0,0,0,0,0,0,0,0,0,0,0,0,0,0,0,0,0,2026-09-02T00:09:36.432527+00:00
Turquia Super Lig 2026/2027,Samsunspor - Göztepe,2026-08-17T18:30:00+00:00,finished,1,3-3,Samsunspor,Celil Yüksel,M,96,8.3,85,1,0,0.0849,0.117613,3,1,1,65,49,15,8,3,0,0,0,7,5,2,2,3,1,2,2,4,1,0,20,2,3,0,0,0,3,0,2026-09-02T00:09:36.432460+00:00
Turquia Super Lig 2026/2027,Samsunspor - Göztepe,2026-08-17T18:30:00+00:00,finished,1,3-3,Samsunspor,Efe Yiğit Üstün,G,0,,0,0,0,,,0,0,0,0,0,0,0,0,0,0,0,0,0,0,0,0,0,0,0,0,0,0,0,0,0,0,0,0,0,0,2026-09-02T00:09:36.432520+00:00
Turquia Super Lig 2026/2027,Samsunspor - Göztepe,2026-08-17T18:30:00+00:00,finished,1,3-3,Göztepe,Efkan Bekiroğlu,F,36,7.7,18,1,0,0.3421,0.12272,3,1,2,9,6,2,1,2,2,0,0,1,2,0,1,0,0,1,0,1,1,1,4,1,0,0,0,0,1,0,2026-09-02T00:09:36.432645+00:00
Turquia Super Lig 2026/2027,Samsunspor - Göztepe,2026-08-17T18:30:00+00:00,finished,1,3-3,Göztepe,Ege Yildirim,D,96,6.3,36,0,0,0.0192,0.00156232,1,1,0,21,14,5,2,0,0,0,0,3,5,2,5,1,0,3,1,0,0,0,9,0,1,0,0,0,3,0,2026-09-02T00:09:36.432579+00:00
Turquia Super Lig 2026/2027,Samsunspor - Göztepe,2026-08-17T18:30:00+00:00,finished,1,3-3,Samsunspor,Emre Kılınç,M,96,8.1,58,1,0,0.4001,0.0626038,4,1,1,43,34,3,1,6,0,0,0,2,2,2,0,0,0,0,0,4,1,1,17,0,0,0,0,0,3,0,2026-09-02T00:09:36.432452+00:00
Turquia Super Lig 2026/2027,Samsunspor - Göztepe,2026-08-17T18:30:00+00:00,finished,1,3-3,Samsunspor,Enes Albak,D,0,,0,0,0,,,0,0,0,0,0,0,0,0,0,0,0,0,0,0,0,0,0,0,0,0,0,0,0,0,0,0,0,0,0,0,2026-09-02T00:09:36.432541+00:00
Turquia Super Lig 2026/2027,Samsunspor - Göztepe,2026-08-17T18:30:00+00:00,finished,1,3-3,Samsunspor,Fatih Kaya,F,26,6.7,24,0,1,0.1667,0.0132346,2,0,1,14,11,3,1,1,0,0,0,2,1,1,0,1,1,0,0,2,2,1,7,1,0,0,0,0,0,0,2026-09-02T00:09:36.432489+00:00
Turquia Super Lig 2026/2027,Samsunspor - Göztepe,2026-08-17T18:30:00+00:00,finished,1,3-3,Samsunspor,Gabriele Guarino,D,0,,0,0,0,,,0,0,0,0,0,0,0,0,0,0,0,0,0,0,0,0,0,0,0,0,0,0,0,0,0,0,0,0,0,0,2026-09-02T00:09:36.432535+00:00
Turquia Super Lig 2026/2027,Samsunspor - Göztepe,2026-08-17T18:30:00+00:00,finished,1,3-3,Göztepe,Gökdeniz Bayrakdar,F,0,,0,0,0,,,0,0,0,0,0,0,0,0,0,0,0,0,0,0,0,0,0,0,0,0,0,0,0,0,0,0,0,0,0,0,2026-09-02T00:09:36.432720+00:00
Turquia Super Lig 2026/2027,Samsunspor - Göztepe,2026-08-17T18:30:00+00:00,finished,1,3-3,Samsunspor,Haluk Mustafa Tan,D,0,,0,0,0,,,0,0,0,0,0,0,0,0,0,0,0,0,0,0,0,0,0,0,0,0,0,0,0,0,0,0,0,0,0,0,2026-09-02T00:09:36.432513+00:00
Turquia Super Lig 2026/2027,Samsunspor - Göztepe,2026-08-17T18:30:00+00:00,finished,1,3-3,Göztepe,Janderson,F,35,6.3,13,0,1,,0.0152187,0,0,1,5,4,0,0,0,0,1,0,2,7,1,4,1,0,2,0,1,0,1,4,0,1,0,0,0,1,0,2026-09-02T00:09:36.432668+00:00
Turquia Super Lig 2026/2027,Samsunspor - Göztepe,2026-08-17T18:30:00+00:00,finished,1,3-3,Samsunspor,Josafat Mendes,D,96,6.9,76,0,1,,0.220404,0,0,4,49,46,1,1,8,3,0,0,5,3,3,3,2,2,0,1,4,0,0,12,0,0,0,0,0,3,0,2026-09-02T00:09:36.432419+00:00
Turquia Super Lig 2026/2027,Samsunspor - Göztepe,2026-08-17T18:30:00+00:00,finished,1,3-3,Göztepe,Juan Santos da Silva,F,35,6.5,15,0,0,0.5641,0.0130271,1,1,0,6,4,0,0,1,0,1,1,2,7,1,3,0,0,1,0,4,0,2,7,0,2,1,0,0,1,0,2026-09-02T00:09:36.432661+00:00
Turquia Super Lig 2026/2027,Samsunspor - Göztepe,2026-08-17T18:30:00+00:00,finished,1,3-3,Samsunspor,Logi Tomasson,D,96,6.1,73,0,0,0.1247,0.0593759,2,0,0,48,38,7,2,8,1,0,0,4,3,1,1,2,1,3,0,8,1,0,18,1,1,0,0,0,3,0,2026-09-02T00:09:36.432444+00:00
Turquia Super Lig 2026/2027,Samsunspor - Göztepe,2026-08-17T18:30:00+00:00,finished,1,3-3,Göztepe,Luka Gugeshashvili,G,96,5.6,42,0,0,,0.00501106,0,0,0,37,13,34,10,0,0,1,1,2,0,0,0,0,0,2,0,11,0,0,24,1,0,0,0,0,3,1,2026-09-02T00:09:36.432556+00:00
Turquia Super Lig 2026/2027,Samsunspor - Göztepe,2026-08-17T18:30:00+00:00,finished,1,3-3,Samsunspor,Marius Mouandilmadji,F,96,7.1,33,1,0,1.6043,0.208885,4,1,1,17,10,0,0,0,0,2,1,5,8,3,2,0,0,4,0,2,1,2,11,1,2,0,0,0,3,0,2026-09-02T00:09:36.432363+00:00
Turquia Super Lig 2026/2027,Samsunspor - Göztepe,2026-08-17T18:30:00+00:00,finished,1,3-3,Göztepe,Mehmet Şamil Öztürk,G,0,,0,0,0,,,0,0,0,0,0,0,0,0,0,0,0,0,0,0,0,0,0,0,0,0,0,0,0,0,0,0,0,0,0,0,2026-09-02T00:09:36.432711+00:00
Turquia Super Lig 2026/2027,Samsunspor - Göztepe,2026-08-17T18:30:00+00:00,finished,1,3-3,Göztepe,Novatus Miroshi,M,96,6.8,42,0,0,0.1883,0.0440241,3,1,1,27,20,2,2,1,0,0,0,5,3,3,1,2,2,1,1,5,0,0,9,0,2,0,0,0,3,0,2026-09-02T00:09:36.432587+00:00
Turquia Super Lig 2026/2027,Samsunspor - Göztepe,2026-08-17T18:30:00+00:00,finished,1,3-3,Göztepe,Ogün Bayrak,M,4,,4,0,0,,0.00184592,0,0,1,1,1,1,1,0,0,1,1,2,0,0,0,1,1,0,1,1,0,0,0,0,0,0,0,0,1,0,2026-09-02T00:09:36.432676+00:00
Turquia Super Lig 2026/2027,Samsunspor - Göztepe,2026-08-17T18:30:00+00:00,finished,1,3-3,Samsunspor,Okan Kocuk,G,96,6.1,41,0,0,,0.00040513,0,0,0,30,15,19,4,0,0,0,0,0,0,0,0,0,0,2,0,8,0,0,16,0,0,0,0,4,3,0,2026-09-02T00:09:36.432408+00:00
Turquia Super Lig 2026/2027,Samsunspor - Göztepe,2026-08-17T18:30:00+00:00,finished,1,3-3,Göztepe,Rhaldney,M,36,7.0,31,0,0,,0.016208,0,0,0,21,19,1,1,0,0,1,1,6,1,2,0,1,1,0,0,5,0,1,3,2,0,0,0,0,1,0,2026-09-02T00:09:36.432652+00:00
Turquia Super Lig 2026/2027,Samsunspor - Göztepe,2026-08-17T18:30:00+00:00,finished,1,3-3,Samsunspor,Saikuba Jarju,F,78,6.6,41,0,0,,0.0392406,0,0,1,28,19,2,0,5,2,1,0,2,4,2,3,0,0,1,1,9,0,0,15,0,0,0,0,0,3,0,2026-09-02T00:09:36.432474+00:00
Turquia Super Lig 2026/2027,Samsunspor - Göztepe,2026-08-17T18:30:00+00:00,finished,1,3-3,Samsunspor,Samed Onur,M,18,7.3,29,0,0,,0.0163505,0,0,0,19,19,2,2,2,0,0,0,5,1,1,1,3,2,1,0,1,0,0,3,1,0,0,0,0,0,0,2026-09-02T00:09:36.432497+00:00
Turquia Super Lig 2026/2027,Samsunspor - Göztepe,2026-08-17T18:30:00+00:00,finished,1,3-3,Göztepe,Sinclair Armstrong,F,61,7.4,15,1,0,0.5553,0.07782,3,1,0,4,2,0,0,0,0,2,1,5,8,3,2,1,0,0,0,2,2,2,8,0,3,1,0,0,2,0,2026-09-02T00:09:36.432620+00:00
Turquia Super Lig 2026/2027,Samsunspor - Göztepe,2026-08-17T18:30:00+00:00,finished,1,3-3,Göztepe,Taha Altıkardeş,D,96,6.3,30,0,0,,0.00166425,0,0,0,15,4,8,1,0,0,0,0,0,1,0,1,0,0,10,1,2,0,0,11,0,0,0,0,0,3,0,2026-09-02T00:09:36.432563+00:00
Turquia Super Lig 2026/2027,Samsunspor - Göztepe,2026-08-17T18:30:00+00:00,finished,1,3-3,Samsunspor,Tahsin Bülbül ,F,0,,0,0,0,,,0,0,0,0,0,0,0,0,0,0,0,0,0,0,0,0,0,0,0,0,0,0,0,0,0,0,0,0,0,0,2026-09-02T00:09:36.432548+00:00
Turquia Super Lig 2026/2027,Samsunspor - Göztepe,2026-08-17T18:30:00+00:00,finished,1,3-3,Samsunspor,Toni Borevković,D,96,6.5,82,0,0,,0.00740476,0,0,0,64,56,2,1,0,0,0,0,8,3,5,2,1,1,8,3,2,0,0,8,2,0,1,0,0,3,0,2026-09-02T00:09:36.432427+00:00
Turquia Super Lig 2026/2027,Samsunspor - Göztepe,2026-08-17T18:30:00+00:00,finished,1,3-3,Samsunspor,Yalçın Kayan,M,78,6.2,52,0,0,0.0746,0.0506765,2,0,3,40,35,6,2,4,2,0,0,1,8,0,5,1,1,1,0,2,2,1,9,0,1,0,0,0,3,0,2026-09-02T00:09:36.432467+00:00
Turquia Super Lig 2026/2027,Erzurumspor FK - Galatasaray,2026-08-21T18:30:00+00:00,finished,2,0-4,Galatasaray,Abdülkerim Bardakcı,D,90,7.2,98,0,0,0.0676,0.0132327,1,0,0,89,80,7,3,0,0,0,0,3,2,3,1,0,0,2,1,1,0,0,10,0,1,0,0,0,0,0,2026-09-02T00:09:36.507197+00:00
Turquia Super Lig 2026/2027,Erzurumspor FK - Galatasaray,2026-08-21T18:30:00+00:00,finished,2,0-4,Erzurumspor FK,Amar Gerxhaliu,D,90,6.2,68,0,0,0.0228,0.0116384,1,0,1,59,52,11,6,0,0,0,0,2,0,1,0,1,0,5,1,3,0,0,8,0,0,0,0,0,4,0,2026-09-02T00:09:36.507307+00:00
Turquia Super Lig 2026/2027,Erzurumspor FK - Galatasaray,2026-08-21T18:30:00+00:00,finished,2,0-4,Galatasaray,Arda Ünyay,D,0,,0,0,0,,,0,0,0,0,0,0,0,0,0,0,0,0,0,0,0,0,0,0,0,0,0,0,0,0,0,0,0,0,0,0,2026-09-02T00:09:36.507269+00:00
Turquia Super Lig 2026/2027,Erzurumspor FK - Galatasaray,2026-08-21T18:30:00+00:00,finished,2,0-4,Galatasaray,Barış Alper Yılmaz,M,90,6.9,43,0,0,0.2195,0.0356457,2,0,1,20,19,2,2,0,0,6,0,7,10,2,2,2,2,0,0,5,0,1,11,3,1,0,0,0,0,0,2026-09-02T00:09:36.507185+00:00
Turquia Super Lig 2026/2027,Erzurumspor FK - Galatasaray,2026-08-21T18:30:00+00:00,finished,2,0-4,Erzurumspor FK,Brandon Baiye,M,90,6.1,79,0,0,,0.0260962,0,0,2,72,70,2,2,0,0,0,0,2,2,0,0,2,1,0,2,3,0,1,3,0,0,0,0,0,4,0,2026-09-02T00:09:36.507290+00:00
Turquia Super Lig 2026/2027,Erzurumspor FK - Galatasaray,2026-08-21T18:30:00+00:00,finished,2,0-4,Galatasaray,Davinson Sánchez,D,90,7.7,100,0,0,,0.0144571,0,0,0,88,81,6,2,0,0,1,1,4,2,0,0,1,0,2,1,6,0,0,7,2,1,0,0,0,0,0,2026-09-02T00:09:36.507203+00:00
Turquia Super Lig 2026/2027,Erzurumspor FK - Galatasaray,2026-08-21T18:30:00+00:00,finished,2,0-4,Erzurumspor FK,Elisha Owusu,M,90,6.1,55,0,0,,0.00718068,0,0,0,40,35,0,0,0,0,2,1,4,7,0,0,1,1,1,2,4,0,2,9,2,3,0,0,0,4,0,2026-09-02T00:09:36.507302+00:00
Turquia Super Lig 2026/2027,Erzurumspor FK - Galatasaray,2026-08-21T18:30:00+00:00,finished,2,0-4,Galatasaray,Eren Elmalı,D,24,6.6,19,0,0,0.0489,0.00078974,1,0,0,10,10,0,0,1,1,0,0,1,1,0,0,1,1,0,2,2,0,0,2,0,0,0,0,0,0,0,2026-09-02T00:09:36.507247+00:00
Turquia Super Lig 2026/2027,Erzurumspor FK - Galatasaray,2026-08-21T18:30:00+00:00,finished,2,0-4,Erzurumspor FK,Eren Tozlu,F,70,6.4,26,0,0,,0.0362117,0,0,1,22,17,2,2,0,0,0,0,3,6,1,2,0,0,1,0,0,0,0,6,2,3,0,0,0,3,0,2026-09-02T00:09:36.507362+00:00
Turquia Super Lig 2026/2027,Erzurumspor FK - Galatasaray,2026-08-21T18:30:00+00:00,finished,2,0-4,Erzurumspor FK,Ertuğrul Taşkıran,G,0,,0,0,0,,,0,0,0,0,0,0,0,0,0,0,0,0,0,0,0,0,0,0,0,0,0,0,0,0,0,0,0,0,0,0,2026-09-02T00:09:36.507420+00:00
Turquia Super Lig 2026/2027,Erzurumspor FK - Galatasaray,2026-08-21T18:30:00+00:00,finished,2,0-4,Erzurumspor FK,Fernando Andrade,M,20,6.6,10,0,0,0.0553,0.00381083,2,1,1,6,6,0,0,0,0,0,0,1,1,0,0,0,0,0,0,1,1,0,1,1,0,0,0,0,1,0,2026-09-02T00:09:36.507378+00:00
Turquia Super Lig 2026/2027,Erzurumspor FK - Galatasaray,2026-08-21T18:30:00+00:00,finished,2,0-4,Erzurumspor FK,Festy Ebosele,D,19,6.2,16,0,0,0.0485,0.00099974,1,1,0,12,9,2,0,0,0,1,0,0,1,0,0,0,0,0,0,2,0,0,4,0,0,0,0,0,1,0,2026-09-02T00:09:36.507383+00:00
Turquia Super Lig 2026/2027,Erzurumspor FK - Galatasaray,2026-08-21T18:30:00+00:00,finished,2,0-4,Galatasaray,Gabriel Sara,M,90,6.7,58,0,1,,0.753314,0,0,2,42,30,2,2,4,1,4,2,4,5,0,0,2,1,0,1,10,0,0,20,0,2,0,0,0,0,0,2026-09-02T00:09:36.507191+00:00
Turquia Super Lig 2026/2027,Erzurumspor FK - Galatasaray,2026-08-21T18:30:00+00:00,finished,2,0-4,Erzurumspor FK,Guram Giorbelidze,D,0,,0,0,0,,,0,0,0,0,0,0,0,0,0,0,0,0,0,0,0,0,0,0,0,0,0,0,0,0,0,0,0,0,0,0,2026-09-02T00:09:36.507399+00:00
Turquia Super Lig 2026/2027,Erzurumspor FK - Galatasaray,2026-08-21T18:30:00+00:00,finished,2,0-4,Erzurumspor FK,Gyrano Kerk,F,55,6.2,20,0,0,,0.0399553,0,0,0,11,7,1,1,1,1,1,1,2,4,0,0,1,1,0,0,2,0,0,8,0,2,0,0,0,3,0,2026-09-02T00:09:36.507368+00:00
Turquia Super Lig 2026/2027,Erzurumspor FK - Galatasaray,2026-08-21T18:30:00+00:00,finished,2,0-4,Galatasaray,Ismail Jakobs,D,66,7.0,33,0,0,,0.0662652,0,0,2,18,17,1,0,4,0,0,0,3,2,0,1,3,2,0,0,0,0,0,7,0,0,0,0,0,0,0,2026-09-02T00:09:36.507232+00:00
Turquia Super Lig 2026/2027,Erzurumspor FK - Galatasaray,2026-08-21T18:30:00+00:00,finished,2,0-4,Galatasaray,Jankat Yılmaz,G,0,,0,0,0,,,0,0,0,0,0,0,0,0,0,0,0,0,0,0,0,0,0,0,0,0,0,0,0,0,0,0,0,0,0,0,2026-09-02T00:09:36.507284+00:00
Turquia Super Lig 2026/2027,Erzurumspor FK - Galatasaray,2026-08-21T18:30:00+00:00,finished,2,0-4,Galatasaray,Kaan Ayhan,D,0,,0,0,0,,,0,0,0,0,0,0,0,0,0,0,0,0,0,0,0,0,0,0,0,0,0,0,0,0,0,0,0,0,0,0,2026-09-02T00:09:36.507279+00:00
Turquia Super Lig 2026/2027,Erzurumspor FK - Galatasaray,2026-08-21T18:30:00+00:00,finished,2,0-4,Galatasaray,Kazımcan Karataş,D,0,,0,0,0,,,0,0,0,0,0,0,0,0,0,0,0,0,0,0,0,0,0,0,0,0,0,0,0,0,0,0,0,0,0,0,2026-09-02T00:09:36.507274+00:00
Turquia Super Lig 2026/2027,Erzurumspor FK - Galatasaray,2026-08-21T18:30:00+00:00,finished,2,0-4,Galatasaray,Leroy Sané,M,24,6.7,26,0,0,,0.00633976,0,0,1,20,17,0,0,0,0,6,4,4,2,0,0,0,0,0,0,1,0,0,5,0,0,0,0,0,0,0,2026-09-02T00:09:36.507253+00:00
Turquia Super Lig 2026/2027,Erzurumspor FK - Galatasaray,2026-08-21T18:30:00+00:00,finished,2,0-4,Galatasaray,Lesley Ugochukwu,M,24,6.8,23,0,0,,0.00376231,0,0,0,22,21,0,0,0,0,0,0,0,0,0,0,0,0,0,0,0,0,0,1,0,0,0,0,0,0,0,2026-09-02T00:09:36.507237+00:00
Turquia Super Lig 2026/2027,Erzurumspor FK - Galatasaray,2026-08-21T18:30:00+00:00,finished,2,0-4,Galatasaray,Lucas Torreira,M,81,7.1,64,0,0,,0.0183516,0,0,0,54,48,4,2,0,0,0,0,6,3,0,0,4,4,0,1,6,0,0,6,2,2,0,0,0,0,0,2026-09-02T00:09:36.507208+00:00
Turquia Super Lig 2026/2027,Erzurumspor FK - Galatasaray,2026-08-21T18:30:00+00:00,finished,2,0-4,Galatasaray,Mario Lemina,M,66,7.1,67,0,0,,0.0127964,0,0,0,56,54,2,2,0,0,1,1,4,2,0,0,3,2,1,3,3,0,0,4,0,2,0,0,0,0,0,2026-09-02T00:09:36.507226+00:00
Turquia Super Lig 2026/2027,Erzurumspor FK - Galatasaray,2026-08-21T18:30:00+00:00,finished,2,0-4,Erzurumspor FK,Martín Rodríguez,M,76,6.6,60,0,0,0.1621,0.107938,2,0,1,46,43,3,3,3,1,3,0,2,6,0,0,0,0,1,0,3,1,2,10,2,1,0,0,0,3,0,2026-09-02T00:09:36.507351+00:00
Turquia Super Lig 2026/2027,Erzurumspor FK - Galatasaray,2026-08-21T18:30:00+00:00,finished,2,0-4,Erzurumspor FK,Matija Orbanić,G,90,5.3,42,0,0,,0.00024167,0,0,0,36,30,12,7,0,0,0,0,0,0,0,0,0,0,2,0,6,0,0,7,0,0,0,0,0,4,0,2026-09-02T00:09:36.507297+00:00
Turquia Super Lig 2026/2027,Erzurumspor FK - Galatasaray,2026-08-21T18:30:00+00:00,finished,2,0-4,Erzurumspor FK,Miguel Cardoso,M,14,7.0,11,0,0,0.063,0.0142936,2,1,1,8,8,0,0,1,0,0,0,0,0,0,0,0,0,0,0,1,1,0,1,0,0,0,0,0,1,0,2026-09-02T00:09:36.507388+00:00
Turquia Super Lig 2026/2027,Erzurumspor FK - Galatasaray,2026-08-21T18:30:00+00:00,finished,2,0-4,Erzurumspor FK,Murat Cem Akpinar,M,0,,0,0,0,,,0,0,0,0,0,0,0,0,0,0,0,0,0,0,0,0,0,0,0,0,0,0,0,0,0,0,0,0,0,0,2026-09-02T00:09:36.507410+00:00
Turquia Super Lig 2026/2027,Erzurumspor FK - Galatasaray,2026-08-21T18:30:00+00:00,finished,2,0-4,Erzurumspor FK,Mustafa Fettahoglu,M,76,6.4,46,0,0,0.0449,0.0161378,2,0,1,26,21,0,0,4,0,3,2,6,8,1,1,1,0,0,1,3,2,3,14,2,1,0,0,0,3,0,2026-09-02T00:09:36.507344+00:00
Turquia Super Lig 2026/2027,Erzurumspor FK - Galatasaray,2026-08-21T18:30:00+00:00,finished,2,0-4,Erzurumspor FK,Mustafa Yumlu,D,0,,0,0,0,,,0,0,0,0,0,0,0,0,0,0,0,0,0,0,0,0,0,0,0,0,0,0,0,0,0,0,0,0,0,0,2026-09-02T00:09:36.507415+00:00
Turquia Super Lig 2026/2027,Erzurumspor FK - Galatasaray,2026-08-21T18:30:00+00:00,finished,2,0-4,Erzurumspor FK,Nariman Akhundzade,F,35,6.4,24,0,0,0.0537,0.00235403,1,1,0,17,16,0,0,1,0,2,0,0,3,0,0,0,0,1,1,2,0,0,5,0,1,1,0,0,1,0,2026-09-02T00:09:36.507373+00:00
Turquia Super Lig 2026/2027,Erzurumspor FK - Galatasaray,2026-08-21T18:30:00+00:00,finished,2,0-4,Erzurumspor FK,Nihad Mujakić,D,90,6.1,64,0,0,,0.0378781,0,0,1,41,36,2,1,1,0,3,2,6,3,0,1,4,1,0,0,6,0,1,8,0,0,0,0,0,4,0,2026-09-02T00:09:36.507331+00:00
Turquia Super Lig 2026/2027,Erzurumspor FK - Galatasaray,2026-08-21T18:30:00+00:00,finished,2,0-4,Erzurumspor FK,Orhan Ovacıklı,D,71,7.1,61,0,0,,0.00312163,0,0,0,36,28,3,0,2,0,0,0,10,1,1,0,6,3,2,1,5,0,1,12,3,0,0,0,0,3,0,2026-09-02T00:09:36.507356+00:00
Turquia Super Lig 2026/2027,Erzurumspor FK - Galatasaray,2026-08-21T18:30:00+00:00,finished,2,0-4,Galatasaray,Renato Nhaga,M,9,6.5,8,0,0,,0.000376,0,0,0,6,6,0,0,0,0,0,0,0,1,0,0,0,0,0,0,0,0,1,1,0,0,0,0,0,0,0,2026-09-02T00:09:36.507258+00:00
Turquia Super Lig 2026/2027,Erzurumspor FK - Galatasaray,2026-08-21T18:30:00+00:00,finished,2,0-4,Galatasaray,Roland Sallai,D,66,7.7,43,1,0,0.2059,0.00513538,1,1,0,26,23,3,2,3,0,1,0,5,5,0,1,2,2,0,0,2,0,1,8,3,2,0,0,0,0,0,2026-09-02T00:09:36.507214+00:00
Turquia Super Lig 2026/2027,Erzurumspor FK - Galatasaray,2026-08-21T18:30:00+00:00,finished,2,0-4,Erzurumspor FK,Sefa Akgün,M,14,6.6,17,0,0,,0.0904194,0,0,1,16,15,1,1,1,1,0,0,0,0,0,0,0,0,0,0,0,0,0,1,0,0,0,0,0,1,0,2026-09-02T00:09:36.507394+00:00
Turquia Super Lig 2026/2027,Erzurumspor FK - Galatasaray,2026-08-21T18:30:00+00:00,finished,2,0-4,Galatasaray,Uğurcan Çakır,G,90,8.6,59,0,0,,0.0124491,0,0,0,40,38,9,7,0,0,0,0,0,0,0,0,0,0,1,0,14,0,0,3,0,0,0,0,4,0,0,2026-09-02T00:09:36.507140+00:00
Turquia Super Lig 2026/2027,Erzurumspor FK - Galatasaray,2026-08-21T18:30:00+00:00,finished,2,0-4,Galatasaray,Victor Osimhen,F,90,9.3,19,2,1,1.6271,0.399555,4,2,2,10,9,0,0,2,1,0,0,0,0,0,0,0,0,0,1,1,2,0,3,0,0,0,0,0,0,0,2026-09-02T00:09:36.507178+00:00
Turquia Super Lig 2026/2027,Erzurumspor FK - Galatasaray,2026-08-21T18:30:00+00:00,finished,2,0-4,Galatasaray,Wilfried Singo,D,24,6.6,18,0,0,,0.00120566,0,0,0,12,11,0,0,0,0,0,0,1,1,0,0,1,0,0,2,0,0,0,1,0,1,0,0,0,0,0,2026-09-02T00:09:36.507242+00:00
Turquia Super Lig 2026/2027,Erzurumspor FK - Galatasaray,2026-08-21T18:30:00+00:00,finished,2,0-4,Erzurumspor FK,Yakup Kırtay,D,90,5.8,61,0,0,0.0413,0.0084077,1,0,0,57,49,3,0,0,0,0,0,1,1,1,1,0,0,1,0,3,0,0,9,0,0,0,0,0,4,0,2026-09-02T00:09:36.507313+00:00
Turquia Super Lig 2026/2027,Erzurumspor FK - Galatasaray,2026-08-21T18:30:00+00:00,finished,2,0-4,Galatasaray,Yunus Akgün,M,66,7.4,34,1,0,0.3921,0.0666529,1,1,0,25,20,2,2,0,0,2,1,2,3,0,0,0,0,0,1,4,0,1,9,1,0,0,0,0,0,0,2026-09-02T00:09:36.507221+00:00
Turquia Super Lig 2026/2027,Erzurumspor FK - Galatasaray,2026-08-21T18:30:00+00:00,finished,2,0-4,Erzurumspor FK,İlkan Sever,F,0,,0,0,0,,,0,0,0,0,0,0,0,0,0,0,0,0,0,0,0,0,0,0,0,0,0,0,0,0,0,0,0,0,0,0,2026-09-02T00:09:36.507404+00:00
Turquia Super Lig 2026/2027,Erzurumspor FK - Galatasaray,2026-08-21T18:30:00+00:00,finished,2,0-4,Galatasaray,İlkay Gündoğan,M,0,,0,0,0,,,0,0,0,0,0,0,0,0,0,0,0,0,0,0,0,0,0,0,0,0,0,0,0,0,0,0,0,0,0,0,2026-09-02T00:09:36.507263+00:00
Turquia Super Lig 2026/2027,Çaykur Rizespor - Samsunspor,2026-08-22T16:00:00+00:00,finished,2,0-2,Çaykur Rizespor,Adedire Mebude,F,67,6.8,53,0,0,0.0194,0.0770721,1,0,0,43,39,4,3,3,1,1,0,1,1,0,0,0,0,0,0,6,0,0,9,1,0,0,0,0,2,0,2026-09-02T00:09:36.671715+00:00
Turquia Super Lig 2026/2027,Çaykur Rizespor - Samsunspor,2026-08-22T16:00:00+00:00,finished,2,0-2,Çaykur Rizespor,Ahmed Kutucu,M,90,6.8,61,0,0,0.1183,0.150306,4,2,4,41,38,5,4,6,2,1,1,3,7,0,2,1,1,0,3,6,2,0,9,1,3,0,0,0,2,0,2026-09-02T00:09:36.671663+00:00
Turquia Super Lig 2026/2027,Çaykur Rizespor - Samsunspor,2026-08-22T16:00:00+00:00,finished,2,0-2,Samsunspor,Ali Diabaté,D,90,7.4,56,0,0,,0.00344739,0,0,0,40,34,5,3,0,0,0,0,2,1,2,1,0,0,12,1,9,0,0,6,0,0,0,0,0,0,0,2026-09-02T00:09:36.671488+00:00
Turquia Super Lig 2026/2027,Çaykur Rizespor - Samsunspor,2026-08-22T16:00:00+00:00,finished,2,0-2,Çaykur Rizespor,Ali Sowe,F,90,6.8,21,0,0,0.2637,0.0189355,3,1,0,14,12,0,0,0,0,0,0,3,1,2,1,0,0,0,1,1,1,0,3,1,0,0,0,0,2,0,2026-09-02T00:09:36.671671+00:00
Turquia Super Lig 2026/2027,Çaykur Rizespor - Samsunspor,2026-08-22T16:00:00+00:00,finished,2,0-2,Samsunspor,Antoine Sekongo,M,1,,0,0,0,,,0,0,0,0,0,0,0,0,0,0,0,0,0,0,0,0,0,0,0,0,0,0,0,0,0,0,0,0,0,0,2026-09-02T00:09:36.671570+00:00
Turquia Super Lig 2026/2027,Çaykur Rizespor - Samsunspor,2026-08-22T16:00:00+00:00,finished,2,0-2,Çaykur Rizespor,Attila Mocsi,D,90,6.1,83,0,0,0.1191,0.0248837,2,0,1,67,60,6,2,3,0,1,1,4,9,2,4,1,1,3,1,5,0,1,12,0,2,0,0,0,2,0,2026-09-02T00:09:36.671645+00:00
Turquia Super Lig 2026/2027,Çaykur Rizespor - Samsunspor,2026-08-22T16:00:00+00:00,finished,2,0-2,Samsunspor,Bilal Bayazit,G,0,,0,0,0,,,0,0,0,0,0,0,0,0,0,0,0,0,0,0,0,0,0,0,0,0,0,0,0,0,0,0,0,0,0,0,2026-09-02T00:09:36.671604+00:00
Turquia Super Lig 2026/2027,Çaykur Rizespor - Samsunspor,2026-08-22T16:00:00+00:00,finished,2,0-2,Samsunspor,Celil Yüksel,M,90,7.1,44,0,0,,0.00612727,0,0,0,33,24,7,1,0,0,0,0,6,1,1,1,3,2,1,1,1,0,0,10,2,0,0,0,0,0,0,2026-09-02T00:09:36.671516+00:00
Turquia Super Lig 2026/2027,Çaykur Rizespor - Samsunspor,2026-08-22T16:00:00+00:00,finished,2,0-2,Çaykur Rizespor,Dal Varešanović,M,23,6.7,21,0,0,0.1015,0.187837,3,1,3,11,11,0,0,3,2,1,0,0,4,0,1,0,0,0,0,2,2,1,4,0,1,0,0,0,0,0,2026-09-02T00:09:36.671724+00:00
Turquia Super Lig 2026/2027,Çaykur Rizespor - Samsunspor,2026-08-22T16:00:00+00:00,finished,2,0-2,Samsunspor,Efe Yiğit Üstün,G,0,,0,0,0,,,0,0,0,0,0,0,0,0,0,0,0,0,0,0,0,0,0,0,0,0,0,0,0,0,0,0,0,0,0,0,2026-09-02T00:09:36.671579+00:00
Turquia Super Lig 2026/2027,Çaykur Rizespor - Samsunspor,2026-08-22T16:00:00+00:00,finished,2,0-2,Samsunspor,Elliot Watt,M,90,6.7,50,0,0,,0.0783639,0,0,1,45,36,6,3,1,1,0,0,0,3,0,1,0,0,0,1,6,0,0,9,0,0,0,0,0,0,0,2026-09-02T00:09:36.671383+00:00
Turquia Super Lig 2026/2027,Çaykur Rizespor - Samsunspor,2026-08-22T16:00:00+00:00,finished,2,0-2,Çaykur Rizespor,Emirhan Yilmaz,M,0,,0,0,0,,,0,0,0,0,0,0,0,0,0,0,0,0,0,0,0,0,0,0,0,0,0,0,0,0,0,0,0,0,0,0,2026-09-02T00:09:36.672385+00:00
Turquia Super Lig 2026/2027,Çaykur Rizespor - Samsunspor,2026-08-22T16:00:00+00:00,finished,2,0-2,Samsunspor,Emre Kılınç,M,90,6.8,39,0,0,,0.246383,0,0,1,24,20,2,1,1,0,1,0,0,4,0,0,0,0,5,3,4,0,1,10,0,0,0,0,0,0,0,2026-09-02T00:09:36.671507+00:00
Turquia Super Lig 2026/2027,Çaykur Rizespor - Samsunspor,2026-08-22T16:00:00+00:00,finished,2,0-2,Çaykur Rizespor,Emrecan Bulut,F,23,6.6,20,0,0,0.2171,0.0415431,3,0,1,8,7,0,0,6,1,1,1,1,2,0,0,0,0,0,0,1,0,0,6,0,1,0,0,0,0,0,2026-09-02T00:09:36.671733+00:00
Turquia Super Lig 2026/2027,Çaykur Rizespor - Samsunspor,2026-08-22T16:00:00+00:00,finished,2,0-2,Samsunspor,Enes Albak,D,0,,0,0,0,,,0,0,0,0,0,0,0,0,0,0,0,0,0,0,0,0,0,0,0,0,0,0,0,0,0,0,0,0,0,0,2026-09-02T00:09:36.671596+00:00
Turquia Super Lig 2026/2027,Çaykur Rizespor - Samsunspor,2026-08-22T16:00:00+00:00,finished,2,0-2,Samsunspor,Eyup Degirmenci,M,0,,0,0,0,,,0,0,0,0,0,0,0,0,0,0,0,0,0,0,0,0,0,0,0,0,0,0,0,0,0,0,0,0,0,0,2026-09-02T00:09:36.671619+00:00
Turquia Super Lig 2026/2027,Çaykur Rizespor - Samsunspor,2026-08-22T16:00:00+00:00,finished,2,0-2,Samsunspor,Fatih Kaya,F,89,7.9,40,1,0,0.1599,0.00214895,5,2,0,17,10,0,0,0,0,1,1,13,5,7,3,1,1,1,0,0,1,2,11,4,1,0,0,0,0,0,2026-09-02T00:09:36.671525+00:00
Turquia Super Lig 2026/2027,Çaykur Rizespor - Samsunspor,2026-08-22T16:00:00+00:00,finished,2,0-2,Samsunspor,Gabriele Guarino,D,0,,0,0,0,,,0,0,0,0,0,0,0,0,0,0,0,0,0,0,0,0,0,0,0,0,0,0,0,0,0,0,0,0,0,0,2026-09-02T00:09:36.671611+00:00
Turquia Super Lig 2026/2027,Çaykur Rizespor - Samsunspor,2026-08-22T16:00:00+00:00,finished,2,0-2,Samsunspor,Haluk Mustafa Tan,D,0,,0,0,0,,,0,0,0,0,0,0,0,0,0,0,0,0,0,0,0,0,0,0,0,0,0,0,0,0,0,0,0,0,0,0,2026-09-02T00:09:36.671588+00:00
Turquia Super Lig 2026/2027,Çaykur Rizespor - Samsunspor,2026-08-22T16:00:00+00:00,finished,2,0-2,Çaykur Rizespor,Ibrahim Olawoyin,M,67,6.8,54,0,0,0.0193,0.0345081,1,0,2,43,37,3,1,0,0,2,2,4,1,1,0,0,0,1,1,3,1,0,7,1,0,0,0,0,2,0,2026-09-02T00:09:36.671707+00:00
Turquia Super Lig 2026/2027,Çaykur Rizespor - Samsunspor,2026-08-22T16:00:00+00:00,finished,2,0-2,Samsunspor,Josafat Mendes,D,90,7.8,44,1,0,0.1241,0.00424567,1,1,0,27,24,3,1,1,0,0,0,2,2,1,0,1,1,6,2,2,0,0,5,0,1,0,0,0,0,0,2026-09-02T00:09:36.671462+00:00
Turquia Super Lig 2026/2027,Çaykur Rizespor - Samsunspor,2026-08-22T16:00:00+00:00,finished,2,0-2,Samsunspor,Logi Tomasson,D,90,7.2,43,0,0,,0.00917734,0,0,0,25,19,2,1,0,0,1,1,4,3,0,0,2,2,2,4,2,0,0,7,1,3,1,0,0,0,0,2026-09-02T00:09:36.671498+00:00
Turquia Super Lig 2026/2027,Çaykur Rizespor - Samsunspor,2026-08-22T16:00:00+00:00,finished,2,0-2,Çaykur Rizespor,Mame Mor Faye,M,2,,3,0,0,,0.00097875,0,0,0,1,1,1,1,1,0,0,0,0,0,0,0,0,0,0,0,0,0,0,1,0,0,0,0,0,0,0,2026-09-02T00:09:36.672341+00:00
Turquia Super Lig 2026/2027,Çaykur Rizespor - Samsunspor,2026-08-22T16:00:00+00:00,finished,2,0-2,Çaykur Rizespor,Mithat Pala,D,90,6.5,58,0,0,0.0714,0.190896,2,0,1,35,30,1,0,4,1,2,0,5,2,0,0,2,1,1,0,6,0,0,12,3,0,0,0,0,2,0,2026-09-02T00:09:36.671637+00:00
Turquia Super Lig 2026/2027,Çaykur Rizespor - Samsunspor,2026-08-22T16:00:00+00:00,finished,2,0-2,Çaykur Rizespor,Modibo Sagnan,D,88,6.2,57,0,0,0.4373,0.0179876,4,2,0,43,39,4,3,0,0,1,0,6,6,4,3,2,0,4,1,2,1,0,7,0,2,1,0,0,2,0,2026-09-02T00:09:36.671680+00:00
Turquia Super Lig 2026/2027,Çaykur Rizespor - Samsunspor,2026-08-22T16:00:00+00:00,finished,2,0-2,Çaykur Rizespor,Mustafa Coskun Tosun,F,10,6.5,3,0,0,,0.00387193,0,0,1,3,3,0,0,0,0,0,0,0,0,0,0,0,0,0,0,0,0,0,0,0,0,0,0,0,0,0,2026-09-02T00:09:36.671747+00:00
Turquia Super Lig 2026/2027,Çaykur Rizespor - Samsunspor,2026-08-22T16:00:00+00:00,finished,2,0-2,Samsunspor,Okan Kocuk,G,90,8.4,60,0,0,,0.00200193,0,0,0,44,22,34,13,0,0,0,0,0,1,0,1,0,0,1,0,12,0,0,22,0,0,0,0,8,0,1,2026-09-02T00:09:36.671435+00:00
Turquia Super Lig 2026/2027,Çaykur Rizespor - Samsunspor,2026-08-22T16:00:00+00:00,finished,2,0-2,Çaykur Rizespor,Qazim Laci,M,90,7.9,92,0,0,0.0899,0.486951,3,1,7,68,63,6,4,11,4,2,2,5,4,1,0,1,0,0,0,5,1,2,14,1,2,0,0,0,2,0,2026-09-02T00:09:36.671654+00:00
Turquia Super Lig 2026/2027,Çaykur Rizespor - Samsunspor,2026-08-22T16:00:00+00:00,finished,2,0-2,Samsunspor,Saikuba Jarju,F,85,7.0,29,0,2,,0.00249758,0,0,2,14,12,1,0,0,0,4,3,7,9,0,2,1,1,1,0,6,0,3,7,3,3,0,0,0,0,0,2026-09-02T00:09:36.671534+00:00
Turquia Super Lig 2026/2027,Çaykur Rizespor - Samsunspor,2026-08-22T16:00:00+00:00,finished,2,0-2,Samsunspor,Samed Onur,M,25,6.7,16,0,0,,0.00387594,0,0,1,10,10,0,0,0,0,1,0,2,2,0,0,0,0,2,0,4,0,0,2,2,1,0,0,0,0,0,2026-09-02T00:09:36.671552+00:00
Turquia Super Lig 2026/2027,Çaykur Rizespor - Samsunspor,2026-08-22T16:00:00+00:00,finished,2,0-2,Çaykur Rizespor,Siaka Bakayoko,D,0,,0,0,0,,,0,0,0,0,0,0,0,0,0,0,0,0,0,0,0,0,0,0,0,0,0,0,0,0,0,0,0,0,0,0,2026-09-02T00:09:36.672368+00:00
Turquia Super Lig 2026/2027,Çaykur Rizespor - Samsunspor,2026-08-22T16:00:00+00:00,finished,2,0-2,Çaykur Rizespor,Taha Şahin,D,0,,0,0,0,,,0,0,0,0,0,0,0,0,0,0,0,0,0,0,0,0,0,0,0,0,0,0,0,0,0,0,0,0,0,0,2026-09-02T00:09:36.672350+00:00
Turquia Super Lig 2026/2027,Çaykur Rizespor - Samsunspor,2026-08-22T16:00:00+00:00,finished,2,0-2,Samsunspor,Tahsin Bülbül ,F,8,6.6,5,0,0,,0.00045181,0,0,0,3,2,0,0,0,0,0,0,1,1,0,0,1,0,0,0,2,0,0,2,0,0,0,0,0,0,0,2026-09-02T00:09:36.671560+00:00
Turquia Super Lig 2026/2027,Çaykur Rizespor - Samsunspor,2026-08-22T16:00:00+00:00,finished,2,0-2,Çaykur Rizespor,Taylan Antalyalı,M,80,6.5,63,0,0,0.2283,0.030328,1,0,0,53,45,4,3,0,0,0,0,3,2,0,1,2,0,1,1,6,0,0,12,1,1,0,0,0,2,0,2026-09-02T00:09:36.671698+00:00
Turquia Super Lig 2026/2027,Çaykur Rizespor - Samsunspor,2026-08-22T16:00:00+00:00,finished,2,0-2,Çaykur Rizespor,Tayyip Talha Sanuç,D,9,6.8,10,0,0,,0.00162867,0,0,0,9,9,0,0,0,0,0,0,1,0,1,0,0,0,1,0,1,0,0,0,0,0,0,0,0,0,0,2026-09-02T00:09:36.672314+00:00
Turquia Super Lig 2026/2027,Çaykur Rizespor - Samsunspor,2026-08-22T16:00:00+00:00,finished,2,0-2,Samsunspor,Toni Borevković,D,90,7.4,58,0,0,,0.00323798,0,0,0,45,39,7,3,0,0,1,1,4,2,0,1,2,2,5,0,4,0,0,7,1,1,0,0,0,0,0,2026-09-02T00:09:36.671478+00:00
Turquia Super Lig 2026/2027,Çaykur Rizespor - Samsunspor,2026-08-22T16:00:00+00:00,finished,2,0-2,Çaykur Rizespor,Umut Erdem,D,0,,0,0,0,,,0,0,0,0,0,0,0,0,0,0,0,0,0,0,0,0,0,0,0,0,0,0,0,0,0,0,0,0,0,0,2026-09-02T00:09:36.672359+00:00
Turquia Super Lig 2026/2027,Çaykur Rizespor - Samsunspor,2026-08-22T16:00:00+00:00,finished,2,0-2,Çaykur Rizespor,Yahia Fofana,G,90,5.7,34,0,0,,0.00099088,0,0,0,28,20,13,6,0,0,0,0,1,0,0,0,0,0,0,0,11,0,0,8,1,0,0,0,1,2,0,2026-09-02T00:09:36.671628+00:00
Turquia Super Lig 2026/2027,Çaykur Rizespor - Samsunspor,2026-08-22T16:00:00+00:00,finished,2,0-2,Samsunspor,Yalçın Kayan,M,65,6.6,46,0,0,,0.0301376,0,0,1,37,31,2,0,0,0,2,1,2,4,1,1,0,0,1,1,3,0,0,9,0,1,0,0,0,0,0,2026-09-02T00:09:36.671543+00:00
Turquia Super Lig 2026/2027,Çaykur Rizespor - Samsunspor,2026-08-22T16:00:00+00:00,finished,2,0-2,Çaykur Rizespor,Zafer Görgen,G,0,,0,0,0,,,0,0,0,0,0,0,0,0,0,0,0,0,0,0,0,0,0,0,0,0,0,0,0,0,0,0,0,0,0,0,2026-09-02T00:09:36.672377+00:00
Turquia Super Lig 2026/2027,Çaykur Rizespor - Samsunspor,2026-08-22T16:00:00+00:00,finished,2,0-2,Çaykur Rizespor,Zakaria Ariss,D,81,6.2,73,0,0,0.0259,0.0234517,2,1,3,53,45,7,4,2,0,2,0,3,4,1,0,2,1,0,2,4,0,0,15,0,1,0,0,0,2,0,2026-09-02T00:09:36.671689+00:00
Turquia Super Lig 2026/2027,Çorum FK - Kasımpaşa,2026-08-22T16:00:00+00:00,finished,2,0-1,Kasımpaşa,Adem Arous,D,90,7.2,36,0,0,,0.00172926,0,0,0,24,18,8,3,0,0,0,0,0,0,0,0,0,0,8,1,4,0,0,6,0,0,0,0,0,0,0,2026-09-02T00:09:36.586232+00:00
Turquia Super Lig 2026/2027,Çorum FK - Kasımpaşa,2026-08-22T16:00:00+00:00,finished,2,0-1,Kasımpaşa,Adrian Benedyczak,F,85,7.8,21,1,0,0.0572,0.0178624,2,1,0,12,8,2,1,0,0,1,0,3,4,1,1,0,0,0,0,1,0,0,9,2,1,0,0,0,0,0,2026-09-02T00:09:36.586250+00:00
Turquia Super Lig 2026/2027,Çorum FK - Kasımpaşa,2026-08-22T16:00:00+00:00,finished,2,0-1,Çorum FK,Ahmed Ildız,M,22,7.1,19,0,0,0.0371,0.32425,1,0,1,11,10,2,2,4,2,0,0,1,0,0,0,0,0,0,0,0,1,0,3,1,1,1,0,0,0,0,2026-09-02T00:09:36.586489+00:00
Turquia Super Lig 2026/2027,Çorum FK - Kasımpaşa,2026-08-22T16:00:00+00:00,finished,2,0-1,Kasımpaşa,Ahmet Taha Dağbaşı,D,10,7.0,4,0,0,,0.00036034,0,0,0,1,1,1,1,0,0,0,0,2,0,0,0,2,2,0,1,0,0,0,0,0,0,0,0,0,0,0,2026-09-02T00:09:36.586312+00:00
Turquia Super Lig 2026/2027,Çorum FK - Kasımpaşa,2026-08-22T16:00:00+00:00,finished,2,0-1,Çorum FK,Alexandre Penetra,D,90,7.2,121,0,0,,0.025833,0,0,0,112,108,18,14,1,0,0,0,1,4,1,1,0,0,4,1,2,0,1,7,0,1,0,0,0,1,0,2026-09-02T00:09:36.586409+00:00
Turquia Super Lig 2026/2027,Çorum FK - Kasımpaşa,2026-08-22T16:00:00+00:00,finished,2,0-1,Kasımpaşa,Ali Emre Yanar,G,0,,0,0,0,,,0,0,0,0,0,0,0,0,0,0,0,0,0,0,0,0,0,0,0,0,0,0,0,0,0,0,0,0,0,0,2026-09-02T00:09:36.586320+00:00
Turquia Super Lig 2026/2027,Çorum FK - Kasımpaşa,2026-08-22T16:00:00+00:00,finished,2,0-1,Kasımpaşa,Ali Yavuz Kol,F,45,6.9,29,0,0,0.0922,0.0564722,2,0,1,14,13,1,1,0,0,5,4,4,5,0,1,0,0,1,0,4,0,0,2,0,2,0,0,0,0,0,2026-09-02T00:09:36.586282+00:00
Turquia Super Lig 2026/2027,Çorum FK - Kasımpaşa,2026-08-22T16:00:00+00:00,finished,2,0-1,Kasımpaşa,Andreas Gianniotis,G,90,7.4,48,0,0,,0.00033453,0,0,0,33,17,21,5,0,0,0,0,1,0,1,0,0,0,3,0,11,0,0,16,0,0,0,0,2,0,1,2026-09-02T00:09:36.586193+00:00
Turquia Super Lig 2026/2027,Çorum FK - Kasımpaşa,2026-08-22T16:00:00+00:00,finished,2,0-1,Çorum FK,Andrei Borza,D,90,6.6,107,0,0,0.0695,0.10086,2,0,0,73,63,2,2,4,1,3,2,5,7,1,2,2,1,1,0,3,0,2,18,0,1,0,0,0,1,0,2026-09-02T00:09:36.586371+00:00
Turquia Super Lig 2026/2027,Çorum FK - Kasımpaşa,2026-08-22T16:00:00+00:00,finished,2,0-1,Kasımpaşa,Andri Fannar Baldursson,M,67,6.8,21,0,0,,0.00058573,0,0,0,12,8,2,1,0,0,1,1,4,3,0,1,2,1,3,0,5,0,0,4,1,1,0,0,0,0,0,2026-09-02T00:09:36.586259+00:00
Turquia Super Lig 2026/2027,Çorum FK - Kasımpaşa,2026-08-22T16:00:00+00:00,finished,2,0-1,Çorum FK,Arda Şengül,D,0,,0,0,0,,,0,0,0,0,0,0,0,0,0,0,0,0,0,0,0,0,0,0,0,0,0,0,0,0,0,0,0,0,0,0,2026-09-02T00:09:36.586525+00:00
Turquia Super Lig 2026/2027,Çorum FK - Kasımpaşa,2026-08-22T16:00:00+00:00,finished,2,0-1,Kasımpaşa,Atakan Mujde,M,0,,0,0,0,,,0,0,0,0,0,0,0,0,0,0,0,0,0,0,0,0,0,0,0,0,0,0,0,0,0,0,0,0,0,0,2026-09-02T00:09:36.586342+00:00
Turquia Super Lig 2026/2027,Çorum FK - Kasımpaşa,2026-08-22T16:00:00+00:00,finished,2,0-1,Kasımpaşa,Ayberk Karapo,D,31,7.2,18,0,0,,5.541e-05,0,0,0,3,2,0,0,0,0,0,0,4,1,1,0,2,2,6,1,2,0,0,2,1,0,1,0,0,0,0,2026-09-02T00:09:36.586290+00:00
Turquia Super Lig 2026/2027,Çorum FK - Kasımpaşa,2026-08-22T16:00:00+00:00,finished,2,0-1,Çorum FK,Berat Özdemir,M,12,6.9,17,0,0,,0.00657092,0,0,0,16,16,2,2,1,0,0,0,1,0,1,0,0,0,0,0,0,0,0,1,0,0,0,0,0,0,0,2026-09-02T00:09:36.586497+00:00
Turquia Super Lig 2026/2027,Çorum FK - Kasımpaşa,2026-08-22T16:00:00+00:00,finished,2,0-1,Kasımpaşa,Cláudio Winck,D,85,7.0,36,0,1,,0.186763,0,0,2,17,11,6,1,0,0,0,0,2,2,1,1,1,0,9,3,3,0,0,7,0,1,0,0,0,0,0,2026-09-02T00:09:36.586242+00:00
Turquia Super Lig 2026/2027,Çorum FK - Kasımpaşa,2026-08-22T16:00:00+00:00,finished,2,0-1,Kasımpaşa,Elson Mendes,M,23,6.7,5,0,0,,8.524e-05,0,0,0,3,3,0,0,0,0,0,0,1,0,0,0,1,0,1,0,1,0,0,0,0,0,0,0,0,0,0,2026-09-02T00:09:36.586297+00:00
Turquia Super Lig 2026/2027,Çorum FK - Kasımpaşa,2026-08-22T16:00:00+00:00,finished,2,0-1,Çorum FK,Emircan Gürlük,M,31,6.4,25,0,0,,0.00908565,0,0,0,14,12,2,2,3,0,2,1,1,5,0,0,0,0,0,0,0,0,3,10,0,1,0,0,0,0,0,2026-09-02T00:09:36.586474+00:00
Turquia Super Lig 2026/2027,Çorum FK - Kasımpaşa,2026-08-22T16:00:00+00:00,finished,2,0-1,Kasımpaşa,Emirhan Boz,M,10,6.6,1,0,0,,0.00055542,0,0,0,1,1,0,0,0,0,0,0,0,0,0,0,0,0,0,0,1,0,0,0,0,0,0,0,0,0,0,2026-09-02T00:09:36.586305+00:00
Turquia Super Lig 2026/2027,Çorum FK - Kasımpaşa,2026-08-22T16:00:00+00:00,finished,2,0-1,Çorum FK,Erhan Erentürk,G,0,,0,0,0,,,0,0,0,0,0,0,0,0,0,0,0,0,0,0,0,0,0,0,0,0,0,0,0,0,0,0,0,0,0,0,2026-09-02T00:09:36.586532+00:00
Turquia Super Lig 2026/2027,Çorum FK - Kasımpaşa,2026-08-22T16:00:00+00:00,finished,2,0-1,Kasımpaşa,Fousseni Diabaté,M,90,6.4,33,0,0,0.0852,0.0321102,1,0,1,20,14,0,0,1,0,1,0,3,5,1,2,1,1,1,1,5,0,1,12,1,1,0,0,0,0,0,2026-09-02T00:09:36.586132+00:00
Turquia Super Lig 2026/2027,Çorum FK - Kasımpaşa,2026-08-22T16:00:00+00:00,finished,2,0-1,Çorum FK,Fredy,M,68,6.8,74,0,0,0.0866,0.0631886,3,0,0,60,53,4,3,2,1,0,0,2,3,0,1,1,1,1,0,3,0,2,11,1,0,0,0,0,1,0,2026-09-02T00:09:36.586451+00:00
Turquia Super Lig 2026/2027,Çorum FK - Kasımpaşa,2026-08-22T16:00:00+00:00,finished,2,0-1,Çorum FK,Gökhan Sazdağı,D,90,8.7,116,0,0,,1.0379,0,0,3,78,70,4,2,9,2,4,4,9,5,0,1,2,0,0,0,5,0,1,18,3,2,0,0,0,1,0,2026-09-02T00:09:36.586392+00:00
Turquia Super Lig 2026/2027,Çorum FK - Kasımpaşa,2026-08-22T16:00:00+00:00,finished,2,0-1,Kasımpaşa,Güven Yalçın,F,59,6.8,13,0,0,,0.0015072,0,0,0,7,4,0,0,0,0,1,1,5,1,2,1,1,0,0,1,1,0,0,5,1,0,0,0,0,0,0,2026-09-02T00:09:36.586267+00:00
Turquia Super Lig 2026/2027,Çorum FK - Kasımpaşa,2026-08-22T16:00:00+00:00,finished,2,0-1,Çorum FK,Hasan Abdulkareem,M,0,,0,0,0,,,0,0,0,0,0,0,0,0,0,0,0,0,0,0,0,0,0,0,0,0,0,0,0,0,0,0,0,0,0,0,2026-09-02T00:09:36.586540+00:00
Turquia Super Lig 2026/2027,Çorum FK - Kasımpaşa,2026-08-22T16:00:00+00:00,finished,2,0-1,Çorum FK,Hrvoje Smolčić,D,90,7.5,129,0,0,,0.028497,0,0,0,121,116,22,18,1,0,0,0,1,1,1,0,0,0,1,2,6,0,0,7,0,1,0,0,0,1,0,2026-09-02T00:09:36.586419+00:00
Turquia Super Lig 2026/2027,Çorum FK - Kasımpaşa,2026-08-22T16:00:00+00:00,finished,2,0-1,Çorum FK,Huseyin Bulut,D,0,,0,0,0,,,0,0,0,0,0,0,0,0,0,0,0,0,0,0,0,0,0,0,0,0,0,0,0,0,0,0,0,0,0,0,2026-09-02T00:09:36.586511+00:00
Turquia Super Lig 2026/2027,Çorum FK - Kasımpaşa,2026-08-22T16:00:00+00:00,finished,2,0-1,Kasımpaşa,Jakob Jessen,D,90,6.5,51,0,0,,0.00133225,0,0,0,29,19,6,0,0,0,0,0,4,2,0,0,2,1,2,1,3,0,0,12,2,1,1,0,0,0,0,2026-09-02T00:09:36.586177+00:00
Turquia Super Lig 2026/2027,Çorum FK - Kasımpaşa,2026-08-22T16:00:00+00:00,finished,2,0-1,Çorum FK,Jesús Ramírez,F,90,6.2,32,0,0,0.3515,0.0291993,5,1,1,18,15,0,0,0,0,0,0,2,4,2,1,0,0,0,0,1,3,1,8,0,2,0,0,0,1,0,2026-09-02T00:09:36.586427+00:00
Turquia Super Lig 2026/2027,Çorum FK - Kasımpaşa,2026-08-22T16:00:00+00:00,finished,2,0-1,Çorum FK,Kenan Fakili,M,12,6.5,11,0,0,,0.0201956,0,0,0,9,8,0,0,2,0,0,0,0,2,0,0,0,0,0,0,0,0,0,3,0,0,0,0,0,0,0,2026-09-02T00:09:36.586504+00:00
Turquia Super Lig 2026/2027,Çorum FK - Kasımpaşa,2026-08-22T16:00:00+00:00,finished,2,0-1,Kasımpaşa,Kerem Demirbay,M,90,7.1,43,0,0,0.0724,0.0076571,1,0,0,28,21,3,0,0,0,0,0,6,4,1,0,3,1,3,0,6,0,0,9,2,4,0,0,0,0,0,2026-09-02T00:09:36.586217+00:00
Turquia Super Lig 2026/2027,Çorum FK - Kasımpaşa,2026-08-22T16:00:00+00:00,finished,2,0-1,Çorum FK,Mame Thiam,F,31,6.0,8,0,0,0.149,0.00081799,1,0,0,6,3,0,0,0,0,0,0,1,0,1,0,0,0,0,0,0,1,0,4,0,0,0,0,0,0,0,2026-09-02T00:09:36.586482+00:00
Turquia Super Lig 2026/2027,Çorum FK - Kasımpaşa,2026-08-22T16:00:00+00:00,finished,2,0-1,Çorum FK,Marcos Felipe,G,90,6.3,39,0,0,,0.00075376,0,0,0,35,34,6,5,0,0,0,0,0,0,0,0,0,0,0,0,12,0,0,1,0,0,0,0,0,1,0,2026-09-02T00:09:36.586381+00:00
Turquia Super Lig 2026/2027,Çorum FK - Kasımpaşa,2026-08-22T16:00:00+00:00,finished,2,0-1,Kasımpaşa,Marcus Rafferty,M,45,6.3,14,0,0,,0.229798,0,0,0,9,6,1,0,0,0,2,0,0,4,0,0,0,0,0,0,3,0,0,5,0,0,0,0,0,0,0,2026-09-02T00:09:36.586275+00:00
Turquia Super Lig 2026/2027,Çorum FK - Kasımpaşa,2026-08-22T16:00:00+00:00,finished,2,0-1,Çorum FK,Markus Karlsbakk,M,59,6.7,35,0,0,,0.0922561,0,0,2,28,24,2,1,0,0,0,0,2,0,0,0,1,0,0,0,3,0,0,7,1,0,0,0,0,1,0,2026-09-02T00:09:36.586458+00:00
Turquia Super Lig 2026/2027,Çorum FK - Kasımpaşa,2026-08-22T16:00:00+00:00,finished,2,0-1,Kasımpaşa,Matei Ilie,D,90,7.6,46,0,0,,0.00033356,0,0,0,33,30,3,2,0,0,0,0,2,4,0,2,2,2,7,1,1,0,0,3,0,2,1,0,0,0,0,2026-09-02T00:09:36.586202+00:00
Turquia Super Lig 2026/2027,Çorum FK - Kasımpaşa,2026-08-22T16:00:00+00:00,finished,2,0-1,Çorum FK,Mohammed Diomande,M,78,6.7,53,0,0,0.0318,0.0385077,1,0,2,30,27,2,2,5,0,3,2,6,5,2,1,0,0,0,0,1,0,3,16,2,0,0,0,0,1,0,2026-09-02T00:09:36.586443+00:00
Turquia Super Lig 2026/2027,Çorum FK - Kasımpaşa,2026-08-22T16:00:00+00:00,finished,2,0-1,Kasımpaşa,Sercan Deniz,M,0,,0,0,0,,,0,0,0,0,0,0,0,0,0,0,0,0,0,0,0,0,0,0,0,0,0,0,0,0,0,0,0,0,0,0,2026-09-02T00:09:36.586356+00:00
Turquia Super Lig 2026/2027,Çorum FK - Kasımpaşa,2026-08-22T16:00:00+00:00,finished,2,0-1,Çorum FK,Serdar Gürler,M,59,6.8,44,0,0,0.0884,0.160442,2,1,2,33,27,2,0,4,2,0,0,0,2,0,1,0,0,0,0,1,0,1,10,0,0,0,0,0,1,0,2026-09-02T00:09:36.586466+00:00
Turquia Super Lig 2026/2027,Çorum FK - Kasımpaşa,2026-08-22T16:00:00+00:00,finished,2,0-1,Çorum FK,Serdar Saatçı,D,0,,0,0,0,,,0,0,0,0,0,0,0,0,0,0,0,0,0,0,0,0,0,0,0,0,0,0,0,0,0,0,0,0,0,0,2026-09-02T00:09:36.586518+00:00
Turquia Super Lig 2026/2027,Çorum FK - Kasımpaşa,2026-08-22T16:00:00+00:00,finished,2,0-1,Kasımpaşa,Sinan Alkas,F,0,,0,0,0,,,0,0,0,0,0,0,0,0,0,0,0,0,0,0,0,0,0,0,0,0,0,0,0,0,0,0,0,0,0,0,2026-09-02T00:09:36.586327+00:00
Turquia Super Lig 2026/2027,Çorum FK - Kasımpaşa,2026-08-22T16:00:00+00:00,finished,2,0-1,Kasımpaşa,Taylan Utku Aydın,D,0,,0,0,0,,,0,0,0,0,0,0,0,0,0,0,0,0,0,0,0,0,0,0,0,0,0,0,0,0,0,0,0,0,0,0,2026-09-02T00:09:36.586334+00:00
Turquia Super Lig 2026/2027,Çorum FK - Kasımpaşa,2026-08-22T16:00:00+00:00,finished,2,0-1,Çorum FK,Ylber Ramadani,M,78,7.3,85,0,0,,0.0296922,0,0,0,77,72,12,12,1,0,0,0,3,3,0,0,0,0,0,0,11,0,0,6,3,2,0,0,0,1,0,2026-09-02T00:09:36.586435+00:00
Turquia Super Lig 2026/2027,Fenerbahçe - Konyaspor,2026-08-22T18:30:00+00:00,finished,2,4-2,Konyaspor,,,17,6.5,11,0,0,0.4814,0.0018091,4,1,0,3,3,0,0,1,0,0,0,4,2,3,1,0,0,1,0,0,0,0,1,1,1,0,0,0,0,0,2026-09-02T00:09:36.788014+00:00
Turquia Super Lig 2026/2027,Fenerbahçe - Konyaspor,2026-08-22T18:30:00+00:00,finished,2,4-2,Konyaspor,Adil Demirbağ,D,90,6.8,67,0,0,0.0623,0.0074523,1,0,1,57,53,9,8,1,0,0,0,4,4,1,3,3,3,3,0,0,0,0,5,0,1,1,0,0,4,0,2026-09-02T00:09:36.787936+00:00
Turquia Super Lig 2026/2027,Fenerbahçe - Konyaspor,2026-08-22T18:30:00+00:00,finished,2,4-2,Fenerbahçe,Archie Brown,D,63,6.4,41,0,0,0.0232,0.00980156,1,1,0,27,26,1,0,2,0,1,0,3,3,0,2,3,3,1,0,2,0,0,6,0,0,0,0,0,1,0,2026-09-02T00:09:36.787800+00:00
Turquia Super Lig 2026/2027,Fenerbahçe - Konyaspor,2026-08-22T18:30:00+00:00,finished,2,4-2,Konyaspor,Arif Boşluk,D,0,,0,0,0,,,0,0,0,0,0,0,0,0,0,0,0,0,0,0,0,0,0,0,0,0,0,0,0,0,0,0,0,0,0,0,2026-09-02T00:09:36.788047+00:00
Turquia Super Lig 2026/2027,Fenerbahçe - Konyaspor,2026-08-22T18:30:00+00:00,finished,2,4-2,Konyaspor,Arthur Masuaku,D,16,6.7,17,0,0,,0.0955231,0,0,1,8,8,0,0,2,1,0,0,0,1,0,0,0,0,1,0,0,0,1,2,0,0,0,0,0,0,0,2026-09-02T00:09:36.788023+00:00
Turquia Super Lig 2026/2027,Fenerbahçe - Konyaspor,2026-08-22T18:30:00+00:00,finished,2,4-2,Fenerbahçe,Bartuğ Elmaz,M,10,6.3,4,0,0,0.0251,0.00022731,1,1,0,3,3,0,0,0,0,0,0,0,1,0,0,0,0,0,0,1,0,0,0,0,1,0,0,0,1,0,2026-09-02T00:09:36.787860+00:00
Turquia Super Lig 2026/2027,Fenerbahçe - Konyaspor,2026-08-22T18:30:00+00:00,finished,2,4-2,Konyaspor,Chidozie Awaziem,D,79,6.5,61,0,0,0.0239,0.0048437,1,0,0,48,43,4,4,0,0,0,0,4,3,2,1,1,0,3,1,4,0,1,7,1,0,0,0,0,4,0,2026-09-02T00:09:36.787944+00:00
Turquia Super Lig 2026/2027,Fenerbahçe - Konyaspor,2026-08-22T18:30:00+00:00,finished,2,4-2,Konyaspor,Deniz Ertaş,G,90,6.1,40,0,0,,0.00127465,0,0,0,32,27,12,7,0,0,0,0,0,0,0,0,0,0,0,0,5,0,0,5,0,0,0,0,5,4,0,2026-09-02T00:09:36.787919+00:00
Turquia Super Lig 2026/2027,Fenerbahçe - Konyaspor,2026-08-22T18:30:00+00:00,finished,2,4-2,Konyaspor,Deniz Türüç,M,90,7.3,59,1,0,0.5305,0.280493,2,2,3,38,32,6,4,2,2,3,2,5,4,0,0,2,1,1,0,4,0,3,14,1,0,1,0,0,4,0,2026-09-02T00:09:36.787928+00:00
Turquia Super Lig 2026/2027,Fenerbahçe - Konyaspor,2026-08-22T18:30:00+00:00,finished,2,4-2,Konyaspor,Diogo Gonçalves,M,60,6.0,20,0,0,0.0369,0.0103338,1,0,0,13,13,1,1,1,0,1,0,0,3,0,0,0,0,1,0,1,0,1,5,0,1,0,0,0,4,0,2026-09-02T00:09:36.787976+00:00
Turquia Super Lig 2026/2027,Fenerbahçe - Konyaspor,2026-08-22T18:30:00+00:00,finished,2,4-2,Fenerbahçe,Dorgeles Nene,F,36,6.4,28,0,0,,0.0110564,0,0,0,19,17,0,0,0,0,3,1,3,4,0,0,2,1,0,0,1,0,2,7,0,0,0,0,0,1,0,2026-09-02T00:09:36.787817+00:00
Turquia Super Lig 2026/2027,Fenerbahçe - Konyaspor,2026-08-22T18:30:00+00:00,finished,2,4-2,Konyaspor,Ebrima Colley,F,60,7.1,30,1,0,0.6516,0.00720406,2,1,0,16,12,1,1,1,0,2,0,3,5,1,0,2,1,0,1,4,1,2,10,0,0,0,0,0,4,0,2026-09-02T00:09:36.787983+00:00
Turquia Super Lig 2026/2027,Fenerbahçe - Konyaspor,2026-08-22T18:30:00+00:00,finished,2,4-2,Fenerbahçe,Ederson,G,90,7.4,38,0,0,,0.00089915,0,0,1,25,20,11,6,0,0,1,1,2,0,1,0,0,0,1,0,8,0,0,5,0,0,0,0,6,2,1,2026-09-02T00:09:36.787700+00:00
Turquia Super Lig 2026/2027,Fenerbahçe - Konyaspor,2026-08-22T18:30:00+00:00,finished,2,4-2,Konyaspor,Egemen Aydin,G,0,,0,0,0,,,0,0,0,0,0,0,0,0,0,0,0,0,0,0,0,0,0,0,0,0,0,0,0,0,0,0,0,0,0,0,2026-09-02T00:09:36.788039+00:00
Turquia Super Lig 2026/2027,Fenerbahçe - Konyaspor,2026-08-22T18:30:00+00:00,finished,2,4-2,Konyaspor,Emir Bars,M,0,,0,0,0,,,0,0,0,0,0,0,0,0,0,0,0,0,0,0,0,0,0,0,0,0,0,0,0,0,0,0,0,0,0,0,2026-09-02T00:09:36.788054+00:00
Turquia Super Lig 2026/2027,Fenerbahçe - Konyaspor,2026-08-22T18:30:00+00:00,finished,2,4-2,Konyaspor,Enis Bardhi,M,30,6.8,21,0,0,0.049,0.305236,1,1,1,15,14,0,0,2,1,0,0,0,2,0,0,0,0,0,0,1,0,0,5,0,1,1,0,0,0,0,2026-09-02T00:09:36.787999+00:00
Turquia Super Lig 2026/2027,Fenerbahçe - Konyaspor,2026-08-22T18:30:00+00:00,finished,2,4-2,Konyaspor,Enis Destan,F,17,6.6,9,0,0,0.0528,0.00398371,1,0,0,6,5,0,0,0,0,2,1,1,1,0,0,0,0,0,0,0,1,0,2,0,0,0,0,0,0,0,2026-09-02T00:09:36.788007+00:00
Turquia Super Lig 2026/2027,Fenerbahçe - Konyaspor,2026-08-22T18:30:00+00:00,finished,2,4-2,Konyaspor,Jackson Muleka,F,73,6.6,28,0,0,0.0142,0.0177038,1,1,2,17,15,0,0,0,0,4,3,5,3,1,0,0,0,1,0,2,0,1,6,1,1,0,0,0,4,0,2026-09-02T00:09:36.787960+00:00
Turquia Super Lig 2026/2027,Fenerbahçe - Konyaspor,2026-08-22T18:30:00+00:00,finished,2,4-2,Fenerbahçe,Kerem Aktürkoğlu,F,54,6.8,31,0,0,0.2639,0.128025,3,1,0,13,13,1,1,3,1,3,1,5,5,0,2,1,0,0,1,3,0,0,5,3,1,0,0,0,1,0,2026-09-02T00:09:36.787809+00:00
Turquia Super Lig 2026/2027,Fenerbahçe - Konyaspor,2026-08-22T18:30:00+00:00,finished,2,4-2,Fenerbahçe,Levent Mercan,D,27,6.5,18,0,0,,0.0486002,0,0,0,13,11,0,0,1,1,0,0,1,1,0,0,1,1,1,0,2,0,1,3,0,0,0,0,0,1,0,2026-09-02T00:09:36.787834+00:00
Turquia Super Lig 2026/2027,Fenerbahçe - Konyaspor,2026-08-22T18:30:00+00:00,finished,2,4-2,Fenerbahçe,Marco Asensio,M,68,8.1,31,1,0,0.1498,0.339823,2,1,5,19,17,1,1,7,3,0,0,0,1,0,0,0,0,1,0,1,1,1,7,0,0,0,0,0,1,0,2026-09-02T00:09:36.787775+00:00
Turquia Super Lig 2026/2027,Fenerbahçe - Konyaspor,2026-08-22T18:30:00+00:00,finished,2,4-2,Konyaspor,Marko Jevtović,M,30,7.2,31,0,0,0.0125,0.020972,1,1,0,27,26,4,4,0,0,0,0,1,0,0,0,0,0,1,0,0,0,0,1,1,0,0,0,0,0,0,2026-09-02T00:09:36.787991+00:00
Turquia Super Lig 2026/2027,Fenerbahçe - Konyaspor,2026-08-22T18:30:00+00:00,finished,2,4-2,Fenerbahçe,Mason Greenwood,F,85,8.5,60,2,1,1.2015,0.106956,5,3,4,42,36,3,1,1,1,1,1,4,1,0,1,1,0,0,0,0,1,0,11,2,1,0,0,0,1,0,2026-09-02T00:09:36.787738+00:00
Turquia Super Lig 2026/2027,Fenerbahçe - Konyaspor,2026-08-22T18:30:00+00:00,finished,2,4-2,Fenerbahçe,Mattéo Guendouzi,M,90,6.9,53,0,0,,0.0320972,0,0,0,47,44,3,2,2,0,0,0,1,1,0,0,0,0,1,1,6,0,0,6,1,1,0,0,0,2,0,2026-09-02T00:09:36.787711+00:00
Turquia Super Lig 2026/2027,Fenerbahçe - Konyaspor,2026-08-22T18:30:00+00:00,finished,2,4-2,Konyaspor,Melih İbrahimoğlu,M,90,7.2,63,0,0,,0.109483,0,0,0,54,51,9,9,0,0,1,1,4,0,0,0,0,0,1,1,5,0,0,4,3,0,0,0,0,4,0,2026-09-02T00:09:36.787911+00:00
Turquia Super Lig 2026/2027,Fenerbahçe - Konyaspor,2026-08-22T18:30:00+00:00,finished,2,4-2,Fenerbahçe,Mert Müldür,D,0,,0,0,0,,,0,0,0,0,0,0,0,0,0,0,0,0,0,0,0,0,0,0,0,0,0,0,0,0,0,0,0,0,0,0,2026-09-02T00:09:36.787869+00:00
Turquia Super Lig 2026/2027,Fenerbahçe - Konyaspor,2026-08-22T18:30:00+00:00,finished,2,4-2,Fenerbahçe,Milan Škriniar,D,90,6.9,62,0,0,0.043,0.0989354,1,0,1,48,47,0,0,0,0,0,0,6,2,1,0,4,3,3,2,3,0,0,3,1,1,0,0,0,2,0,2026-09-02T00:09:36.787729+00:00
Turquia Super Lig 2026/2027,Fenerbahçe - Konyaspor,2026-08-22T18:30:00+00:00,finished,2,4-2,Fenerbahçe,N'Golo Kanté,M,63,6.8,32,0,0,0.0392,0.0120267,1,0,0,25,22,3,2,0,0,0,0,4,2,0,0,4,3,0,1,2,0,0,3,0,0,0,0,0,1,0,2026-09-02T00:09:36.787790+00:00
Turquia Super Lig 2026/2027,Fenerbahçe - Konyaspor,2026-08-22T18:30:00+00:00,finished,2,4-2,Fenerbahçe,Nathan Aké,D,90,6.1,58,0,0,,0.00755357,0,0,0,51,50,3,2,0,0,0,0,1,5,0,3,1,1,0,2,1,0,1,3,0,1,0,0,0,2,0,2026-09-02T00:09:36.787658+00:00
Turquia Super Lig 2026/2027,Fenerbahçe - Konyaspor,2026-08-22T18:30:00+00:00,finished,2,4-2,Fenerbahçe,Nélson Semedo,D,90,6.5,60,0,0,0.05,0.0182324,1,1,2,37,32,4,1,1,0,3,2,5,4,0,1,2,1,1,1,4,0,0,8,1,2,0,0,0,2,0,2026-09-02T00:09:36.787720+00:00
Turquia Super Lig 2026/2027,Fenerbahçe - Konyaspor,2026-08-22T18:30:00+00:00,finished,2,4-2,Konyaspor,Omer Cobanoglu,M,0,,0,0,0,,,0,0,0,0,0,0,0,0,0,0,0,0,0,0,0,0,0,0,0,0,0,0,0,0,0,0,0,0,0,0,2026-09-02T00:09:36.788062+00:00
Turquia Super Lig 2026/2027,Fenerbahçe - Konyaspor,2026-08-22T18:30:00+00:00,finished,2,4-2,Fenerbahçe,Oğuz Aydın,M,22,6.6,18,0,0,0.0132,0.00581665,1,0,0,10,8,0,0,0,0,0,0,1,1,0,0,1,1,0,0,1,0,0,5,0,0,0,0,0,1,0,2026-09-02T00:09:36.787843+00:00
Turquia Super Lig 2026/2027,Fenerbahçe - Konyaspor,2026-08-22T18:30:00+00:00,finished,2,4-2,Konyaspor,Rajmund Tóth,M,73,5.7,28,0,0,0.0687,0.0331852,1,0,2,21,17,2,1,0,0,1,0,2,7,1,1,1,1,0,0,1,0,2,7,0,2,0,0,0,4,0,2026-09-02T00:09:36.787967+00:00
Turquia Super Lig 2026/2027,Fenerbahçe - Konyaspor,2026-08-22T18:30:00+00:00,finished,2,4-2,Konyaspor,Rayyan Baniya,D,11,6.7,9,0,0,,0.00020028,0,0,0,8,8,0,0,0,0,0,0,0,0,0,0,0,0,0,0,1,0,0,0,0,0,0,0,0,0,0,2026-09-02T00:09:36.788031+00:00
Turquia Super Lig 2026/2027,Fenerbahçe - Konyaspor,2026-08-22T18:30:00+00:00,finished,2,4-2,Fenerbahçe,Romelu Lukaku,F,21,6.6,9,0,0,0.1333,0.0166612,2,0,1,6,5,1,0,0,0,0,0,1,0,1,0,0,0,0,0,1,2,0,1,0,0,0,0,0,1,0,2026-09-02T00:09:36.787851+00:00
Turquia Super Lig 2026/2027,Fenerbahçe - Konyaspor,2026-08-22T18:30:00+00:00,finished,2,4-2,Fenerbahçe,Tarık Çetin,G,0,,0,0,0,,,0,0,0,0,0,0,0,0,0,0,0,0,0,0,0,0,0,0,0,0,0,0,0,0,0,0,0,0,0,0,2026-09-02T00:09:36.787876+00:00
Turquia Super Lig 2026/2027,Fenerbahçe - Konyaspor,2026-08-22T18:30:00+00:00,finished,2,4-2,Konyaspor,Uğurcan Yazğılı,D,74,5.8,46,0,0,,0.0061246,0,0,0,29,25,2,2,0,0,0,0,4,4,0,0,3,2,3,2,5,0,1,6,1,3,0,0,0,4,0,2026-09-02T00:09:36.787952+00:00
Turquia Super Lig 2026/2027,Fenerbahçe - Konyaspor,2026-08-22T18:30:00+00:00,finished,2,4-2,Fenerbahçe,Vedat Muriqi,F,69,7.8,24,1,1,0.4563,0.203909,2,1,1,18,15,0,0,0,0,0,0,4,3,3,1,0,0,0,0,0,0,1,5,1,1,0,0,0,1,0,2026-09-02T00:09:36.787749+00:00
Turquia Super Lig 2026/2027,Fenerbahçe - Konyaspor,2026-08-22T18:30:00+00:00,finished,2,4-2,Konyaspor,Yhoan Andzouana,D,90,6.7,68,0,1,0.0154,0.46998,1,1,3,54,48,4,3,3,1,1,0,2,3,1,0,0,0,0,1,5,0,0,11,1,0,0,0,0,4,0,2026-09-02T00:09:36.787901+00:00
Turquia Super Lig 2026/2027,Fenerbahçe - Konyaspor,2026-08-22T18:30:00+00:00,finished,2,4-2,Fenerbahçe,Yiğit Efe Demir,D,0,,0,0,0,,,0,0,0,0,0,0,0,0,0,0,0,0,0,0,0,0,0,0,0,0,0,0,0,0,0,0,0,0,0,0,2026-09-02T00:09:36.787884+00:00
Turquia Super Lig 2026/2027,Fenerbahçe - Konyaspor,2026-08-22T18:30:00+00:00,finished,2,4-2,Fenerbahçe,İrfan Can Kahveci,M,0,,0,0,0,,,0,0,0,0,0,0,0,0,0,0,0,0,0,0,0,0,0,0,0,0,0,0,0,0,0,0,0,0,0,0,2026-09-02T00:09:36.787893+00:00
Turquia Super Lig 2026/2027,Fenerbahçe - Konyaspor,2026-08-22T18:30:00+00:00,finished,2,4-2,Fenerbahçe,İsmail Yüksek,M,27,6.1,13,0,0,,0.00349814,0,0,0,11,9,1,0,0,0,1,1,1,5,0,0,0,0,0,0,2,0,0,2,0,2,0,0,0,1,0,2026-09-02T00:09:36.787825+00:00
Turquia Super Lig 2026/2027,Eyüpspor - Gaziantep FK,2026-08-23T16:00:00+00:00,finished,2,0-1,Eyüpspor,Abdelhamid Sabiri,M,64,7.1,44,0,0,0.03,0.0563661,1,0,0,24,18,4,3,3,2,2,2,9,6,1,1,0,0,0,0,2,0,3,10,6,2,0,0,0,1,0,2026-09-02T00:09:37.151049+00:00
Turquia Super Lig 2026/2027,Eyüpspor - Gaziantep FK,2026-08-23T16:00:00+00:00,finished,2,0-1,Eyüpspor,Ahmed Abdullahi,F,65,6.5,20,0,0,,0.00063277,0,0,0,8,5,0,0,0,0,1,0,5,5,4,0,0,0,0,0,0,0,2,9,1,2,0,0,0,1,0,2026-09-02T00:09:37.150962+00:00
Turquia Super Lig 2026/2027,Eyüpspor - Gaziantep FK,2026-08-23T16:00:00+00:00,finished,2,0-1,Gaziantep FK,Alexandru Maxim,M,90,7.5,75,0,0,,0.104939,0,0,1,57,52,9,8,5,2,0,0,4,5,0,1,4,1,1,0,6,0,1,10,0,0,0,0,0,0,0,2026-09-02T00:09:37.150195+00:00
Turquia Super Lig 2026/2027,Eyüpspor - Gaziantep FK,2026-08-23T16:00:00+00:00,finished,2,0-1,Gaziantep FK,Arda Kızıldağ,D,0,,0,0,0,,,0,0,0,0,0,0,0,0,0,0,0,0,0,0,0,0,0,0,0,0,0,0,0,0,0,0,0,0,0,0,2026-09-02T00:09:37.150541+00:00
Turquia Super Lig 2026/2027,Eyüpspor - Gaziantep FK,2026-08-23T16:00:00+00:00,finished,2,0-1,Eyüpspor,Arda Yavuz,D,0,,0,0,0,,,0,0,0,0,0,0,0,0,0,0,0,0,0,0,0,0,0,0,0,0,0,0,0,0,0,0,0,0,0,0,2026-09-02T00:09:37.151345+00:00
Turquia Super Lig 2026/2027,Eyüpspor - Gaziantep FK,2026-08-23T16:00:00+00:00,finished,2,0-1,Eyüpspor,Berhan Satli,D,0,,0,0,0,,,0,0,0,0,0,0,0,0,0,0,0,0,0,0,0,0,0,0,0,0,0,0,0,0,0,0,0,0,0,0,2026-09-02T00:09:37.151329+00:00
Turquia Super Lig 2026/2027,Eyüpspor - Gaziantep FK,2026-08-23T16:00:00+00:00,finished,2,0-1,Eyüpspor,Bilal Boutobba,M,64,6.7,36,0,0,0.0285,0.00847473,1,0,0,21,16,1,1,1,0,3,3,5,4,1,0,0,0,0,0,3,1,2,10,1,1,0,0,0,1,0,2026-09-02T00:09:37.151026+00:00
Turquia Super Lig 2026/2027,Eyüpspor - Gaziantep FK,2026-08-23T16:00:00+00:00,finished,2,0-1,Gaziantep FK,Cemilhan Aslan,G,0,,0,0,0,,,0,0,0,0,0,0,0,0,0,0,0,0,0,0,0,0,0,0,0,0,0,0,0,0,0,0,0,0,0,0,2026-09-02T00:09:37.150485+00:00
Turquia Super Lig 2026/2027,Eyüpspor - Gaziantep FK,2026-08-23T16:00:00+00:00,finished,2,0-1,Eyüpspor,Chandrel Massanga,M,90,7.1,74,0,0,0.0084,0.0295743,1,0,0,63,53,6,2,0,0,1,1,5,2,2,0,2,1,2,2,5,0,1,11,0,1,0,0,0,1,0,2026-09-02T00:09:37.150747+00:00
Turquia Super Lig 2026/2027,Eyüpspor - Gaziantep FK,2026-08-23T16:00:00+00:00,finished,2,0-1,Eyüpspor,Charles-Andre Raux Yao,M,90,7.1,64,0,0,0.1989,0.0313592,3,1,2,41,37,2,1,1,0,3,1,9,5,2,1,2,1,0,1,3,1,2,11,4,0,0,0,0,1,0,2026-09-02T00:09:37.150837+00:00
Turquia Super Lig 2026/2027,Eyüpspor - Gaziantep FK,2026-08-23T16:00:00+00:00,finished,2,0-1,Eyüpspor,Christ Sadia,F,0,,0,0,0,,,0,0,0,0,0,0,0,0,0,0,0,0,0,0,0,0,0,0,0,0,0,0,0,0,0,0,0,0,0,0,2026-09-02T00:09:37.151245+00:00
Turquia Super Lig 2026/2027,Eyüpspor - Gaziantep FK,2026-08-23T16:00:00+00:00,finished,2,0-1,Gaziantep FK,Deian Sorescu,M,90,8.8,59,1,0,0.037,0.608063,1,1,2,28,21,4,3,4,2,1,0,4,3,1,0,2,1,4,1,1,0,0,17,1,1,0,0,0,0,0,2026-09-02T00:09:37.150263+00:00
Turquia Super Lig 2026/2027,Eyüpspor - Gaziantep FK,2026-08-23T16:00:00+00:00,finished,2,0-1,Gaziantep FK,Drissa Camara,M,68,6.8,30,0,0,0.4481,0.167618,2,0,0,17,15,2,2,1,1,0,0,3,5,0,2,1,1,0,0,3,1,1,6,2,0,0,0,0,0,0,2026-09-02T00:09:37.150387+00:00
Turquia Super Lig 2026/2027,Eyüpspor - Gaziantep FK,2026-08-23T16:00:00+00:00,finished,2,0-1,Eyüpspor,Emre Bilgin,G,0,,0,0,0,,,0,0,0,0,0,0,0,0,0,0,0,0,0,0,0,0,0,0,0,0,0,0,0,0,0,0,0,0,0,0,2026-09-02T00:09:37.151295+00:00
Turquia Super Lig 2026/2027,Eyüpspor - Gaziantep FK,2026-08-23T16:00:00+00:00,finished,2,0-1,Gaziantep FK,Florin Ştefan,M,90,6.6,59,0,0,0.029,0.0205387,1,1,1,33,25,5,1,3,0,0,0,5,7,1,0,3,1,2,1,7,0,1,17,1,2,0,0,0,0,0,2026-09-02T00:09:37.150039+00:00
Turquia Super Lig 2026/2027,Eyüpspor - Gaziantep FK,2026-08-23T16:00:00+00:00,finished,2,0-1,Gaziantep FK,Fuat Bavuk,F,14,6.4,11,0,0,,0.00139403,0,0,0,8,6,0,0,0,0,0,0,2,3,1,3,0,0,0,0,1,0,0,3,1,1,0,0,0,0,0,2026-09-02T00:09:37.150467+00:00
Turquia Super Lig 2026/2027,Eyüpspor - Gaziantep FK,2026-08-23T16:00:00+00:00,finished,2,0-1,Gaziantep FK,Gidado Victor Ntino-Emo,M,22,6.8,8,0,0,,0.00095666,0,0,0,4,3,1,0,0,0,0,0,3,1,0,1,3,1,0,0,1,0,0,2,0,0,0,0,0,0,0,2026-09-02T00:09:37.150457+00:00
Turquia Super Lig 2026/2027,Eyüpspor - Gaziantep FK,2026-08-23T16:00:00+00:00,finished,2,0-1,Gaziantep FK,Halil Dervişoğlu,F,0,,0,0,0,,,0,0,0,0,0,0,0,0,0,0,0,0,0,0,0,0,0,0,0,0,0,0,0,0,0,0,0,0,0,0,2026-09-02T00:09:37.150646+00:00
Turquia Super Lig 2026/2027,Eyüpspor - Gaziantep FK,2026-08-23T16:00:00+00:00,finished,2,0-1,Eyüpspor,Hamza Akman,M,25,6.9,31,0,0,,0.0177765,0,0,0,22,17,1,1,1,0,5,3,5,3,1,1,0,0,0,0,0,0,0,8,1,0,0,0,0,0,0,2026-09-02T00:09:37.151209+00:00
Turquia Super Lig 2026/2027,Eyüpspor - Gaziantep FK,2026-08-23T16:00:00+00:00,finished,2,0-1,Eyüpspor,Horațiu Moldovan,G,90,6.2,30,0,0,,0.00112099,0,0,0,24,19,12,7,0,0,0,0,0,0,0,0,0,0,1,0,7,0,0,5,0,0,0,0,1,1,0,2026-09-02T00:09:37.150667+00:00
Turquia Super Lig 2026/2027,Eyüpspor - Gaziantep FK,2026-08-23T16:00:00+00:00,finished,2,0-1,Eyüpspor,Jawad El Yamiq,D,90,6.6,62,0,0,0.0868,0.0124299,3,0,1,48,42,11,7,0,0,0,0,2,3,2,1,0,0,6,1,5,0,1,7,0,1,0,0,0,1,0,2026-09-02T00:09:37.150725+00:00
Turquia Super Lig 2026/2027,Eyüpspor - Gaziantep FK,2026-08-23T16:00:00+00:00,finished,2,0-1,Gaziantep FK,Juninho Bacuna,M,64,6.4,38,0,0,0.0432,0.0048881,2,0,0,24,17,5,3,0,0,0,0,7,5,2,1,2,1,0,2,1,1,0,8,3,4,0,1,0,0,0,2026-09-02T00:09:37.150440+00:00
Turquia Super Lig 2026/2027,Eyüpspor - Gaziantep FK,2026-08-23T16:00:00+00:00,finished,2,0-1,Gaziantep FK,Kacper Kozłowski,M,88,6.0,47,0,0,,0.00806165,0,0,0,32,26,1,0,3,0,1,0,6,9,1,3,1,1,0,0,2,0,0,15,4,4,0,0,0,0,0,2026-09-02T00:09:37.150369+00:00
Turquia Super Lig 2026/2027,Eyüpspor - Gaziantep FK,2026-08-23T16:00:00+00:00,finished,2,0-1,Gaziantep FK,Kacper Tobiasz,G,90,6.8,30,0,0,,0.00400373,0,0,0,24,13,18,7,0,0,0,0,0,0,0,0,0,0,0,0,7,0,0,13,0,0,0,0,1,0,0,2026-09-02T00:09:37.150358+00:00
Turquia Super Lig 2026/2027,Eyüpspor - Gaziantep FK,2026-08-23T16:00:00+00:00,finished,2,0-1,Gaziantep FK,Kerim Çalhanoğlu,D,0,,0,0,0,,,0,0,0,0,0,0,0,0,0,0,0,0,0,0,0,0,0,0,0,0,0,0,0,0,0,0,0,0,0,0,2026-09-02T00:09:37.150576+00:00
Turquia Super Lig 2026/2027,Eyüpspor - Gaziantep FK,2026-08-23T16:00:00+00:00,finished,2,0-1,Eyüpspor,Konrad Michalak,M,26,6.6,17,0,0,,0.0369069,0,0,1,10,9,0,0,7,1,0,0,0,0,0,0,0,0,0,0,1,0,0,7,0,0,0,0,0,0,0,2026-09-02T00:09:37.151123+00:00
Turquia Super Lig 2026/2027,Eyüpspor - Gaziantep FK,2026-08-23T16:00:00+00:00,finished,2,0-1,Eyüpspor,Lenny Pintor,M,74,6.7,35,0,0,,0.00417797,0,0,0,15,13,0,0,3,0,3,2,5,3,0,0,0,0,1,1,2,0,1,10,3,1,0,0,0,1,0,2026-09-02T00:09:37.150941+00:00
Turquia Super Lig 2026/2027,Eyüpspor - Gaziantep FK,2026-08-23T16:00:00+00:00,finished,2,0-1,Gaziantep FK,Luis Pérez,D,90,7.5,66,0,0,,0.00767069,0,0,0,48,42,11,5,1,0,0,0,2,1,0,0,1,1,10,2,5,0,0,8,1,1,0,0,0,0,0,2026-09-02T00:09:37.150338+00:00
Turquia Super Lig 2026/2027,Eyüpspor - Gaziantep FK,2026-08-23T16:00:00+00:00,finished,2,0-1,Eyüpspor,Mete Demir,M,16,6.4,11,0,0,,0.00534651,0,0,0,6,4,0,0,3,1,0,0,0,1,0,1,0,0,0,0,1,0,0,6,0,0,0,0,0,0,0,2026-09-02T00:09:37.151236+00:00
Turquia Super Lig 2026/2027,Eyüpspor - Gaziantep FK,2026-08-23T16:00:00+00:00,finished,2,0-1,Gaziantep FK,Myenty Abena,D,90,6.5,42,0,0,,0.00116801,0,0,0,30,29,0,0,0,0,0,0,1,6,1,4,0,0,9,1,4,0,0,1,0,2,1,0,0,0,0,2026-09-02T00:09:37.150287+00:00
Turquia Super Lig 2026/2027,Eyüpspor - Gaziantep FK,2026-08-23T16:00:00+00:00,finished,2,0-1,Gaziantep FK,Ogün Özçiçek,M,0,,0,0,0,,,0,0,0,0,0,0,0,0,0,0,0,0,0,0,0,0,0,0,0,0,0,0,0,0,0,0,0,0,0,0,2026-09-02T00:09:37.150556+00:00
Turquia Super Lig 2026/2027,Eyüpspor - Gaziantep FK,2026-08-23T16:00:00+00:00,finished,2,0-1,Gaziantep FK,Sabahattin Destici,D,0,,0,0,0,,,0,0,0,0,0,0,0,0,0,0,0,0,0,0,0,0,0,0,0,0,0,0,0,0,0,0,0,0,0,0,2026-09-02T00:09:37.150567+00:00
Turquia Super Lig 2026/2027,Eyüpspor - Gaziantep FK,2026-08-23T16:00:00+00:00,finished,2,0-1,Gaziantep FK,Serdar Dursun,F,0,,0,0,0,,,0,0,0,0,0,0,0,0,0,0,0,0,0,0,0,0,0,0,0,0,0,0,0,0,0,0,0,0,0,0,2026-09-02T00:09:37.150624+00:00
Turquia Super Lig 2026/2027,Eyüpspor - Gaziantep FK,2026-08-23T16:00:00+00:00,finished,2,0-1,Eyüpspor,Seyfettin Anıl Yaşar,D,74,6.3,55,0,0,,0.0138167,0,0,0,43,39,3,3,0,0,0,0,1,5,1,2,0,0,2,0,1,0,1,7,0,2,0,0,0,1,0,2026-09-02T00:09:37.150917+00:00
Turquia Super Lig 2026/2027,Eyüpspor - Gaziantep FK,2026-08-23T16:00:00+00:00,finished,2,0-1,Eyüpspor,Simone Giordano,D,16,6.9,26,0,0,0.0138,0.030425,1,0,1,15,13,3,1,3,1,0,0,1,1,0,0,1,1,0,0,1,0,0,7,0,1,0,0,0,0,0,2026-09-02T00:09:37.151226+00:00
Turquia Super Lig 2026/2027,Eyüpspor - Gaziantep FK,2026-08-23T16:00:00+00:00,finished,2,0-1,Gaziantep FK,Sontje Hansen,F,2,,6,0,0,,0.00704853,0,0,1,4,4,0,0,0,0,1,0,0,1,0,0,0,0,0,0,2,0,0,1,0,0,0,0,0,0,0,2026-09-02T00:09:37.150476+00:00
Turquia Super Lig 2026/2027,Eyüpspor - Gaziantep FK,2026-08-23T16:00:00+00:00,finished,2,0-1,Eyüpspor,Talha Ülvan,D,90,6.8,63,0,0,0.0213,0.182295,1,0,4,43,38,5,3,4,3,3,2,3,6,0,1,1,1,2,0,3,1,1,10,0,3,0,0,0,1,0,2026-09-02T00:09:37.150813+00:00
Turquia Super Lig 2026/2027,Eyüpspor - Gaziantep FK,2026-08-23T16:00:00+00:00,finished,2,0-1,Gaziantep FK,Trivante Stewart,F,76,6.7,19,0,0,0.3966,0.00284957,3,0,0,9,5,2,1,0,0,1,0,6,2,3,0,2,1,1,0,1,1,1,6,1,0,0,0,0,0,0,2026-09-02T00:09:37.150379+00:00
Turquia Super Lig 2026/2027,Eyüpspor - Gaziantep FK,2026-08-23T16:00:00+00:00,finished,2,0-1,Gaziantep FK,Ulrich Meleke,M,90,7.0,58,0,0,,0.00372304,0,0,0,41,36,8,5,0,0,1,1,5,9,1,3,2,2,5,2,9,0,1,7,1,2,0,0,0,0,0,2026-09-02T00:09:37.150277+00:00
Turquia Super Lig 2026/2027,Eyüpspor - Gaziantep FK,2026-08-23T16:00:00+00:00,finished,2,0-1,Eyüpspor,Yusuf Barası,F,26,6.4,9,0,0,,0.00407059,0,0,0,6,4,1,0,1,0,0,0,1,2,0,1,1,0,0,0,0,0,1,4,0,1,0,0,0,0,0,2026-09-02T00:09:37.151147+00:00
Turquia Super Lig 2026/2027,Eyüpspor - Gaziantep FK,2026-08-23T16:00:00+00:00,finished,2,0-1,Eyüpspor,Zak Jules,D,90,7.0,62,0,0,,0.0060439,0,0,0,49,45,5,4,0,0,0,0,6,4,4,2,2,1,5,0,4,0,1,5,0,1,0,0,0,1,0,2026-09-02T00:09:37.150858+00:00
Turquia Super Lig 2026/2027,Eyüpspor - Gaziantep FK,2026-08-23T16:00:00+00:00,finished,2,0-1,Eyüpspor,Ömer Ahmet Ceyhan,D,0,,0,0,0,,,0,0,0,0,0,0,0,0,0,0,0,0,0,0,0,0,0,0,0,0,0,0,0,0,0,0,0,0,0,0,2026-09-02T00:09:37.151315+00:00
Turquia Super Lig 2026/2027,Trabzonspor - Başakşehir FK,2026-08-23T16:00:00+00:00,finished,2,2-1,Başakşehir FK,Abbosbek Fayzullaev,M,58,6.4,28,0,0,0.0991,0.0098368,2,1,2,14,12,1,1,0,0,2,0,5,4,0,0,3,3,1,0,2,0,1,5,2,1,0,0,0,2,0,2026-09-02T00:09:36.881293+00:00
Turquia Super Lig 2026/2027,Trabzonspor - Başakşehir FK,2026-08-23T16:00:00+00:00,finished,2,2-1,Trabzonspor,Ahmet Doğan Yıldırım,G,0,,0,0,0,,,0,0,0,0,0,0,0,0,0,0,0,0,0,0,0,0,0,0,0,0,0,0,0,0,0,0,0,0,0,0,2026-09-02T00:09:36.881550+00:00
Turquia Super Lig 2026/2027,Trabzonspor - Başakşehir FK,2026-08-23T16:00:00+00:00,finished,2,2-1,Başakşehir FK,Andreas Skov Olsen,M,79,6.5,25,0,0,0.0445,0.080033,1,0,1,18,14,1,1,4,1,0,0,1,1,0,0,0,0,0,0,3,0,0,7,1,1,0,0,0,2,0,2026-09-02T00:09:36.881275+00:00
Turquia Super Lig 2026/2027,Trabzonspor - Başakşehir FK,2026-08-23T16:00:00+00:00,finished,2,2-1,Trabzonspor,André Onana,G,90,7.4,50,0,0,,0.00169892,0,0,0,44,33,18,8,0,0,0,0,0,0,0,0,0,0,0,0,6,0,0,12,0,0,0,0,3,1,0,2026-09-02T00:09:36.881415+00:00
Turquia Super Lig 2026/2027,Trabzonspor - Başakşehir FK,2026-08-23T16:00:00+00:00,finished,2,2-1,Trabzonspor,Aral Şimşir,M,70,8.0,37,0,0,0.0637,0.392053,1,0,4,24,22,3,3,2,0,2,0,3,2,0,0,1,1,1,0,3,1,0,8,2,0,0,0,0,1,0,2026-09-02T00:09:36.881498+00:00
Turquia Super Lig 2026/2027,Trabzonspor - Başakşehir FK,2026-08-23T16:00:00+00:00,finished,2,2-1,Trabzonspor,Benjamin Bouchouari,M,9,6.6,3,0,0,,1.411e-05,0,0,0,1,1,0,0,0,0,0,0,0,1,0,0,0,0,0,0,1,0,0,1,0,0,0,0,0,0,0,2026-09-02T00:09:36.881533+00:00
Turquia Super Lig 2026/2027,Trabzonspor - Başakşehir FK,2026-08-23T16:00:00+00:00,finished,2,2-1,Başakşehir FK,Berkay Özcan,M,0,,0,0,0,,,0,0,0,0,0,0,0,0,0,0,0,0,0,0,0,0,0,0,0,0,0,0,0,0,0,0,0,0,0,0,2026-09-02T00:09:36.881382+00:00
Turquia Super Lig 2026/2027,Trabzonspor - Başakşehir FK,2026-08-23T16:00:00+00:00,finished,2,2-1,Başakşehir FK,Bertuğ Yıldırım,F,45,6.2,8,0,0,0.0712,,1,0,0,4,0,0,0,1,0,0,0,3,5,2,4,0,0,0,0,0,0,0,5,1,2,1,0,0,1,0,2026-09-02T00:09:36.881311+00:00
Turquia Super Lig 2026/2027,Trabzonspor - Başakşehir FK,2026-08-23T16:00:00+00:00,finished,2,2-1,Trabzonspor,Cenk Özkaçar,D,20,6.7,7,0,0,,4.171e-05,0,0,0,5,4,1,0,0,0,0,0,0,0,0,0,0,0,2,0,0,0,0,1,0,0,0,0,0,0,0,2026-09-02T00:09:36.881507+00:00
Turquia Super Lig 2026/2027,Trabzonspor - Başakşehir FK,2026-08-23T16:00:00+00:00,finished,2,2-1,Trabzonspor,Chibuike Nwaiwu,D,90,6.7,95,0,0,0.0476,0.018348,1,0,0,78,69,8,5,0,0,0,0,3,4,2,2,0,0,7,2,6,0,0,13,1,3,1,0,0,1,0,2026-09-02T00:09:36.881432+00:00
Turquia Super Lig 2026/2027,Trabzonspor - Başakşehir FK,2026-08-23T16:00:00+00:00,finished,2,2-1,Başakşehir FK,Christopher Operi,D,90,7.1,86,0,0,,0.0790828,0,0,1,63,53,7,4,4,1,1,0,6,2,2,1,3,3,2,0,5,0,0,15,1,0,0,0,0,2,0,2026-09-02T00:09:36.881247+00:00
Turquia Super Lig 2026/2027,Trabzonspor - Başakşehir FK,2026-08-23T16:00:00+00:00,finished,2,2-1,Başakşehir FK,Davie Selke,F,32,6.2,4,0,0,0.0933,,1,0,0,1,0,0,0,0,0,0,0,1,3,1,1,0,0,0,0,0,0,0,2,0,3,1,0,0,0,0,2026-09-02T00:09:36.881339+00:00
Turquia Super Lig 2026/2027,Trabzonspor - Başakşehir FK,2026-08-23T16:00:00+00:00,finished,2,2-1,Başakşehir FK,Deniz Dilmen,G,0,,0,0,0,,,0,0,0,0,0,0,0,0,0,0,0,0,0,0,0,0,0,0,0,0,0,0,0,0,0,0,0,0,0,0,2026-09-02T00:09:36.881365+00:00
Turquia Super Lig 2026/2027,Trabzonspor - Başakşehir FK,2026-08-23T16:00:00+00:00,finished,2,2-1,Başakşehir FK,Eldor Shomurodov,F,90,6.9,32,1,0,1.143,0.010365,4,1,0,16,14,0,0,1,0,0,0,3,4,0,0,2,2,1,1,2,3,3,8,1,1,0,0,0,2,0,2026-09-02T00:09:36.881224+00:00
Turquia Super Lig 2026/2027,Trabzonspor - Başakşehir FK,2026-08-23T16:00:00+00:00,finished,2,2-1,Başakşehir FK,Emin Bayram,D,90,6.4,55,0,0,,0.00569116,0,0,0,48,41,6,4,1,0,1,1,3,0,1,0,0,0,2,1,5,0,0,8,1,0,0,0,0,2,0,2026-09-02T00:09:36.881266+00:00
Turquia Super Lig 2026/2027,Trabzonspor - Başakşehir FK,2026-08-23T16:00:00+00:00,finished,2,2-1,Trabzonspor,Ernest Muçi,M,70,6.5,37,0,1,0.3054,0.211169,3,1,2,19,18,0,0,6,2,0,0,2,5,0,2,2,1,0,0,3,0,3,10,0,0,0,0,0,1,0,2026-09-02T00:09:36.881489+00:00
Turquia Super Lig 2026/2027,Trabzonspor - Başakşehir FK,2026-08-23T16:00:00+00:00,finished,2,2-1,Başakşehir FK,Hamza Güreler,D,0,,0,0,0,,,0,0,0,0,0,0,0,0,0,0,0,0,0,0,0,0,0,0,0,0,0,0,0,0,0,0,0,0,0,0,2026-09-02T00:09:36.881390+00:00
Turquia Super Lig 2026/2027,Trabzonspor - Başakşehir FK,2026-08-23T16:00:00+00:00,finished,2,2-1,Başakşehir FK,Ivan Brnić,F,32,6.4,32,0,0,0.0212,0.0444374,1,1,0,20,17,1,1,6,1,2,0,1,3,0,0,0,0,0,0,3,0,0,11,1,1,0,0,0,0,0,2026-09-02T00:09:36.881330+00:00
Turquia Super Lig 2026/2027,Trabzonspor - Başakşehir FK,2026-08-23T16:00:00+00:00,finished,2,2-1,Başakşehir FK,Jakub Kałuziński,M,58,6.7,43,0,0,,0.00782394,0,0,0,39,35,6,4,0,0,0,0,0,3,0,0,0,0,1,0,0,0,1,5,0,1,0,0,0,2,0,2026-09-02T00:09:36.881302+00:00
Turquia Super Lig 2026/2027,Trabzonspor - Başakşehir FK,2026-08-23T16:00:00+00:00,finished,2,2-1,Başakşehir FK,Jerome Opoku,D,90,6.3,60,0,0,0.0262,0.00956706,1,0,1,50,46,5,3,0,0,0,0,2,3,1,1,1,1,2,1,1,0,0,4,0,2,0,0,0,2,0,2026-09-02T00:09:36.881256+00:00
Turquia Super Lig 2026/2027,Trabzonspor - Başakşehir FK,2026-08-23T16:00:00+00:00,finished,2,2-1,Trabzonspor,Melih Kabasakal,M,90,6.7,38,0,0,,0.0025286,0,0,0,29,29,1,1,0,0,0,0,3,2,0,0,3,3,2,3,1,0,0,0,0,1,0,0,0,1,0,2026-09-02T00:09:36.881451+00:00
Turquia Super Lig 2026/2027,Trabzonspor - Başakşehir FK,2026-08-23T16:00:00+00:00,finished,2,2-1,Trabzonspor,Metehan Mimaroğlu,M,0,,0,0,0,,,0,0,0,0,0,0,0,0,0,0,0,0,0,0,0,0,0,0,0,0,0,0,0,0,0,0,0,0,0,0,2026-09-02T00:09:36.881575+00:00
Turquia Super Lig 2026/2027,Trabzonspor - Başakşehir FK,2026-08-23T16:00:00+00:00,finished,2,2-1,Başakşehir FK,Michał Karbownik,D,20,7.0,22,0,0,,0.131177,0,0,1,12,11,0,0,1,1,0,0,0,0,0,0,0,0,0,1,0,0,0,2,0,0,0,0,0,0,0,2026-09-02T00:09:36.881348+00:00
Turquia Super Lig 2026/2027,Trabzonspor - Başakşehir FK,2026-08-23T16:00:00+00:00,finished,2,2-1,Trabzonspor,Mohamed Salah,M,90,10.0,68,2,0,0.4621,0.515199,5,4,6,46,36,9,7,2,1,2,1,6,6,0,0,1,0,0,0,2,1,3,15,4,3,1,0,0,1,0,2026-09-02T00:09:36.881460+00:00
Turquia Super Lig 2026/2027,Trabzonspor - Başakşehir FK,2026-08-23T16:00:00+00:00,finished,2,2-1,Başakşehir FK,Muhammed Şengezer,G,90,7.7,54,0,0,,0.00072201,0,0,0,39,30,16,7,0,0,0,0,0,0,0,0,0,0,1,0,8,0,0,9,0,0,0,0,7,2,0,2026-09-02T00:09:36.881177+00:00
Turquia Super Lig 2026/2027,Trabzonspor - Başakşehir FK,2026-08-23T16:00:00+00:00,finished,2,2-1,Trabzonspor,Mustafa Eskihellaç,D,90,6.9,68,0,0,0.1199,0.0640241,2,1,1,50,45,1,1,1,0,0,0,2,2,0,1,0,0,4,1,7,1,1,8,2,0,0,0,0,1,0,2026-09-02T00:09:36.881407+00:00
Turquia Super Lig 2026/2027,Trabzonspor - Başakşehir FK,2026-08-23T16:00:00+00:00,finished,2,2-1,Trabzonspor,Noah Saviolo,M,20,6.5,6,0,0,,0.00140677,0,0,0,4,3,0,0,2,0,0,0,0,0,0,0,0,0,0,0,0,0,0,3,0,0,0,0,0,0,0,2026-09-02T00:09:36.881516+00:00
Turquia Super Lig 2026/2027,Trabzonspor - Başakşehir FK,2026-08-23T16:00:00+00:00,finished,2,2-1,Başakşehir FK,Olivier Kemen,M,90,6.3,53,0,0,,0.0179054,0,0,1,44,39,4,2,0,0,2,1,3,5,0,0,1,1,1,0,2,0,1,9,1,3,1,0,0,2,0,2026-09-02T00:09:36.881237+00:00
Turquia Super Lig 2026/2027,Trabzonspor - Başakşehir FK,2026-08-23T16:00:00+00:00,finished,2,2-1,Başakşehir FK,Onur Ergün,M,45,7.0,42,0,0,,0.00846425,0,0,0,36,33,3,3,1,0,0,0,2,0,1,0,1,1,0,0,2,0,0,4,0,1,1,0,0,1,0,2026-09-02T00:09:36.881320+00:00
Turquia Super Lig 2026/2027,Trabzonspor - Başakşehir FK,2026-08-23T16:00:00+00:00,finished,2,2-1,Başakşehir FK,Ousseynou Ba,D,0,,0,0,0,,,0,0,0,0,0,0,0,0,0,0,0,0,0,0,0,0,0,0,0,0,0,0,0,0,0,0,0,0,0,0,2026-09-02T00:09:36.881398+00:00
Turquia Super Lig 2026/2027,Trabzonspor - Başakşehir FK,2026-08-23T16:00:00+00:00,finished,2,2-1,Trabzonspor,Ozan Tufan,M,9,6.6,3,0,0,,0.00012538,0,0,0,3,2,0,0,0,0,0,0,0,0,0,0,0,0,0,0,0,0,0,1,0,0,0,0,0,0,0,2026-09-02T00:09:36.881525+00:00
Turquia Super Lig 2026/2027,Trabzonspor - Başakşehir FK,2026-08-23T16:00:00+00:00,finished,2,2-1,Trabzonspor,Paul Onuachu,F,87,6.1,25,0,0,0.8065,0.162651,4,0,2,14,10,1,0,0,0,0,0,1,4,1,2,0,0,0,0,4,1,1,9,0,1,0,0,0,1,0,2026-09-02T00:09:36.881470+00:00
Turquia Super Lig 2026/2027,Trabzonspor - Başakşehir FK,2026-08-23T16:00:00+00:00,finished,2,2-1,Trabzonspor,René Mitongo,F,0,,0,0,0,,,0,0,0,0,0,0,0,0,0,0,0,0,0,0,0,0,0,0,0,0,0,0,0,0,0,0,0,0,0,0,2026-09-02T00:09:36.881558+00:00
Turquia Super Lig 2026/2027,Trabzonspor - Başakşehir FK,2026-08-23T16:00:00+00:00,finished,2,2-1,Trabzonspor,Ruslan Malinovskyi,M,81,6.9,47,0,0,0.0448,0.019415,1,0,0,40,35,7,4,0,0,0,0,4,1,0,0,2,1,0,1,1,0,0,6,2,1,0,0,0,1,0,2026-09-02T00:09:36.881478+00:00
Turquia Super Lig 2026/2027,Trabzonspor - Başakşehir FK,2026-08-23T16:00:00+00:00,finished,2,2-1,Trabzonspor,Samet Akaydın,D,0,,0,0,0,,,0,0,0,0,0,0,0,0,0,0,0,0,0,0,0,0,0,0,0,0,0,0,0,0,0,0,0,0,0,0,2026-09-02T00:09:36.881542+00:00
Turquia Super Lig 2026/2027,Trabzonspor - Başakşehir FK,2026-08-23T16:00:00+00:00,finished,2,2-1,Trabzonspor,Sidny Lopes Cabral,D,90,7.1,69,0,0,0.1836,0.375002,1,1,1,32,30,4,3,3,1,1,0,7,5,0,1,5,2,3,2,9,0,1,8,2,2,0,0,0,1,0,2026-09-02T00:09:36.881424+00:00
Turquia Super Lig 2026/2027,Trabzonspor - Başakşehir FK,2026-08-23T16:00:00+00:00,finished,2,2-1,Trabzonspor,Stefan Savić,D,90,7.0,96,0,0,0.0099,0.00622694,1,1,0,87,82,5,2,0,0,0,0,6,2,4,0,0,0,2,2,3,0,0,5,2,2,1,0,0,1,0,2026-09-02T00:09:36.881442+00:00
Turquia Super Lig 2026/2027,Trabzonspor - Başakşehir FK,2026-08-23T16:00:00+00:00,finished,2,2-1,Başakşehir FK,Umut Bozok,F,11,7.1,10,0,0,0.3137,0.235142,1,1,2,4,3,0,0,1,1,0,0,3,1,0,0,1,1,0,0,0,0,1,2,2,0,0,0,0,0,0,2026-09-02T00:09:36.881357+00:00
Turquia Super Lig 2026/2027,Trabzonspor - Başakşehir FK,2026-08-23T16:00:00+00:00,finished,2,2-1,Başakşehir FK,Umut Güneş,M,0,,0,0,0,,,0,0,0,0,0,0,0,0,0,0,0,0,0,0,0,0,0,0,0,0,0,0,0,0,0,0,0,0,0,0,2026-09-02T00:09:36.881374+00:00
Turquia Super Lig 2026/2027,Trabzonspor - Başakşehir FK,2026-08-23T16:00:00+00:00,finished,2,2-1,Trabzonspor,Umut Nayir,F,0,,0,0,0,,,0,0,0,0,0,0,0,0,0,0,0,0,0,0,0,0,0,0,0,0,0,0,0,0,0,0,0,0,0,0,2026-09-02T00:09:36.881567+00:00
Turquia Super Lig 2026/2027,Trabzonspor - Başakşehir FK,2026-08-23T16:00:00+00:00,finished,2,2-1,Trabzonspor,Wagner Pina,D,0,,0,0,0,,,0,0,0,0,0,0,0,0,0,0,0,0,0,0,0,0,0,0,0,0,0,0,0,0,0,0,0,0,0,0,2026-09-02T00:09:36.881584+00:00
Turquia Super Lig 2026/2027,Trabzonspor - Başakşehir FK,2026-08-23T16:00:00+00:00,finished,2,2-1,Başakşehir FK,Ömer Ali Şahiner,D,70,6.1,24,0,0,,0.00170185,0,0,0,14,12,3,2,0,0,0,0,1,3,0,0,1,1,3,1,3,0,1,4,0,2,0,0,0,2,0,2026-09-02T00:09:36.881284+00:00
Turquia Super Lig 2026/2027,Alanyaspor - Beşiktaş JK,2026-08-23T18:30:00+00:00,finished,2,1-0,Beşiktaş JK,Alexander Nübel,G,90,6.4,42,0,0,,0.00167919,0,0,0,38,34,9,5,0,0,0,0,0,0,0,0,0,0,0,0,3,0,0,4,0,0,0,0,2,1,0,2026-09-02T00:09:37.425239+00:00
Turquia Super Lig 2026/2027,Alanyaspor - Beşiktaş JK,2026-08-23T18:30:00+00:00,finished,2,1-0,Beşiktaş JK,Amir Murillo,D,8,6.7,12,0,0,0.0351,0.0165287,1,0,0,11,9,1,0,0,0,0,0,0,0,0,0,0,0,0,0,2,1,0,2,0,0,0,0,0,0,0,2026-09-02T00:09:37.425407+00:00
Turquia Super Lig 2026/2027,Alanyaspor - Beşiktaş JK,2026-08-23T18:30:00+00:00,finished,2,1-0,Alanyaspor,Arda Usluoğlu,F,65,6.3,18,0,0,0.0654,0.00593716,1,1,0,12,9,0,0,0,0,0,0,4,9,2,2,0,0,0,0,1,0,0,4,2,7,0,0,0,0,0,2026-09-02T00:09:37.425153+00:00
Turquia Super Lig 2026/2027,Alanyaspor - Beşiktaş JK,2026-08-23T18:30:00+00:00,finished,2,1-0,Alanyaspor,Baran Ali Gezek,M,90,6.9,35,0,0,,0.00459877,0,0,0,23,20,3,2,0,0,0,0,2,3,1,0,1,1,3,0,7,0,0,5,0,1,0,0,0,0,0,2026-09-02T00:09:37.424987+00:00
Turquia Super Lig 2026/2027,Alanyaspor - Beşiktaş JK,2026-08-23T18:30:00+00:00,finished,2,1-0,Alanyaspor,Bedirhan Özyurt,D,1,,2,0,0,,,0,0,0,1,0,1,0,0,0,0,0,0,0,0,0,0,0,1,0,0,0,0,1,0,0,0,0,0,0,0,2026-09-02T00:09:37.425193+00:00
Turquia Super Lig 2026/2027,Alanyaspor - Beşiktaş JK,2026-08-23T18:30:00+00:00,finished,2,1-0,Beşiktaş JK,Doğan Alemdar,G,0,,0,0,0,,,0,0,0,0,0,0,0,0,0,0,0,0,0,0,0,0,0,0,0,0,0,0,0,0,0,0,0,0,0,0,2026-09-02T00:09:37.425431+00:00
Turquia Super Lig 2026/2027,Alanyaspor - Beşiktaş JK,2026-08-23T18:30:00+00:00,finished,2,1-0,Beşiktaş JK,Dušan Vlahović,F,33,6.5,11,0,0,0.1796,0.00044565,2,2,0,3,1,0,0,0,0,2,1,2,3,0,0,0,0,0,0,0,0,0,6,1,2,0,0,0,1,0,2026-09-02T00:09:37.425349+00:00
Turquia Super Lig 2026/2027,Alanyaspor - Beşiktaş JK,2026-08-23T18:30:00+00:00,finished,2,1-0,Beşiktaş JK,Emirhan Topçu,D,90,7.5,107,0,0,,0.0185218,0,0,1,84,76,7,3,1,0,3,1,9,5,3,3,3,2,5,4,2,0,0,11,2,0,0,0,0,1,0,2026-09-02T00:09:37.425255+00:00
Turquia Super Lig 2026/2027,Alanyaspor - Beşiktaş JK,2026-08-23T18:30:00+00:00,finished,2,1-0,Beşiktaş JK,Emmanuel Agbadou,D,90,7.4,89,0,0,0.0342,0.00478002,1,0,0,74,69,4,3,0,0,0,0,8,4,4,0,4,3,5,4,5,0,0,5,0,4,0,0,0,1,0,2026-09-02T00:09:37.425247+00:00
Turquia Super Lig 2026/2027,Alanyaspor - Beşiktaş JK,2026-08-23T18:30:00+00:00,finished,2,1-0,Alanyaspor,Enes Keskin,M,25,6.5,16,0,0,0.0144,0.0175345,1,0,1,9,8,0,0,1,0,1,0,0,3,0,0,0,0,0,0,0,1,1,4,0,0,0,0,0,0,0,2026-09-02T00:09:37.425161+00:00
Turquia Super Lig 2026/2027,Alanyaspor - Beşiktaş JK,2026-08-23T18:30:00+00:00,finished,2,1-0,Alanyaspor,Fatih Aksoy,D,0,,0,0,0,,,0,0,0,0,0,0,0,0,0,0,0,0,0,0,0,0,0,0,0,0,0,0,0,0,0,0,0,0,0,0,2026-09-02T00:09:37.425208+00:00
Turquia Super Lig 2026/2027,Alanyaspor - Beşiktaş JK,2026-08-23T18:30:00+00:00,finished,2,1-0,Alanyaspor,Fidan Aliti,D,90,7.1,33,0,0,,0.00426092,0,0,0,21,19,4,3,1,0,1,1,4,1,0,0,1,0,2,3,1,0,0,3,2,1,0,0,0,0,0,2026-09-02T00:09:37.425035+00:00
Turquia Super Lig 2026/2027,Alanyaspor - Beşiktaş JK,2026-08-23T18:30:00+00:00,finished,2,1-0,Alanyaspor,Florent Hadergjonaj,M,90,7.4,54,0,1,,0.238596,0,0,4,30,18,7,4,9,5,0,0,1,1,1,0,0,0,4,0,5,0,1,19,0,0,0,0,0,0,0,2026-09-02T00:09:37.425065+00:00
Turquia Super Lig 2026/2027,Alanyaspor - Beşiktaş JK,2026-08-23T18:30:00+00:00,finished,2,1-0,Alanyaspor,Gaius Makouta,M,90,6.8,44,0,0,0.0108,0.0216828,1,0,1,39,34,4,1,1,0,0,0,1,1,0,0,0,0,1,0,7,0,0,6,1,1,0,0,0,0,0,2026-09-02T00:09:37.425074+00:00
Turquia Super Lig 2026/2027,Alanyaspor - Beşiktaş JK,2026-08-23T18:30:00+00:00,finished,2,1-0,Alanyaspor,Hwang Ui-Jo,F,65,6.5,25,0,0,0.0172,0.0193217,1,0,0,16,13,0,0,0,0,2,1,2,3,1,0,0,0,0,1,0,1,0,5,1,1,0,0,0,0,0,2026-09-02T00:09:37.425142+00:00
Turquia Super Lig 2026/2027,Alanyaspor - Beşiktaş JK,2026-08-23T18:30:00+00:00,finished,2,1-0,Beşiktaş JK,Hyeon-gyu Oh,F,57,6.2,20,0,0,,0.163379,0,0,1,13,11,0,0,1,1,1,0,0,3,0,0,0,0,1,0,1,0,0,7,0,2,0,0,0,0,0,2026-09-02T00:09:37.425307+00:00
Turquia Super Lig 2026/2027,Alanyaspor - Beşiktaş JK,2026-08-23T18:30:00+00:00,finished,2,1-0,Alanyaspor,Ianis Hagi,F,0,,0,0,0,,,0,0,0,0,0,0,0,0,0,0,0,0,0,0,0,0,0,0,0,0,0,0,0,0,0,0,0,0,0,0,2026-09-02T00:09:37.425223+00:00
Turquia Super Lig 2026/2027,Alanyaspor - Beşiktaş JK,2026-08-23T18:30:00+00:00,finished,2,1-0,Alanyaspor,Ibrahim Kaya,F,65,6.8,19,0,0,0.0381,0.00126407,1,0,0,7,5,1,0,0,0,2,0,6,4,0,2,2,1,0,0,2,1,0,6,4,0,0,0,0,0,0,2026-09-02T00:09:37.425125+00:00
Turquia Super Lig 2026/2027,Alanyaspor - Beşiktaş JK,2026-08-23T18:30:00+00:00,finished,2,1-0,Alanyaspor,Iván Cédric,F,0,,0,0,0,,,0,0,0,0,0,0,0,0,0,0,0,0,0,0,0,0,0,0,0,0,0,0,0,0,0,0,0,0,0,0,2026-09-02T00:09:37.425231+00:00
Turquia Super Lig 2026/2027,Alanyaspor - Beşiktaş JK,2026-08-23T18:30:00+00:00,finished,2,1-0,Beşiktaş JK,Junior Olaitan,M,45,6.5,19,0,0,,0.0399576,0,0,0,13,9,3,2,1,0,0,0,3,4,1,1,0,0,0,0,1,0,1,8,2,0,0,0,0,1,0,2026-09-02T00:09:37.425335+00:00
Turquia Super Lig 2026/2027,Alanyaspor - Beşiktaş JK,2026-08-23T18:30:00+00:00,finished,2,1-0,Beşiktaş JK,Kartal Kayra Yılmaz,M,0,,0,0,0,,,0,0,0,0,0,0,0,0,0,0,0,0,0,0,0,0,0,0,0,0,0,0,0,0,0,0,0,0,0,0,2026-09-02T00:09:37.425456+00:00
Turquia Super Lig 2026/2027,Alanyaspor - Beşiktaş JK,2026-08-23T18:30:00+00:00,finished,2,1-0,Beşiktaş JK,Kassoum Ouattara,D,33,6.6,32,0,0,0.0196,0.0107088,1,0,0,20,19,2,1,1,0,0,0,1,1,0,1,1,1,0,1,3,1,0,4,0,0,0,0,0,1,0,2026-09-02T00:09:37.425368+00:00
Turquia Super Lig 2026/2027,Alanyaspor - Beşiktaş JK,2026-08-23T18:30:00+00:00,finished,2,1-0,Beşiktaş JK,Leandro Trossard,F,66,7.0,43,0,0,0.0538,0.182132,1,0,1,32,25,5,3,2,0,3,1,3,3,0,1,1,1,0,0,1,1,0,12,1,0,0,0,0,0,0,2026-09-02T00:09:37.425292+00:00
Turquia Super Lig 2026/2027,Alanyaspor - Beşiktaş JK,2026-08-23T18:30:00+00:00,finished,2,1-0,Alanyaspor,Mert Furkan Bayram,G,0,,0,0,0,,,0,0,0,0,0,0,0,0,0,0,0,0,0,0,0,0,0,0,0,0,0,0,0,0,0,0,0,0,0,0,2026-09-02T00:09:37.425200+00:00
Turquia Super Lig 2026/2027,Alanyaspor - Beşiktaş JK,2026-08-23T18:30:00+00:00,finished,2,1-0,Alanyaspor,Meschak Elia,F,25,6.6,14,0,0,,0.00322148,0,0,0,6,6,1,1,1,0,1,1,2,2,0,1,0,0,0,1,3,0,0,3,1,1,0,0,0,0,0,2026-09-02T00:09:37.425177+00:00
Turquia Super Lig 2026/2027,Alanyaspor - Beşiktaş JK,2026-08-23T18:30:00+00:00,finished,2,1-0,Beşiktaş JK,Milot Rashica,M,0,,0,0,0,,,0,0,0,0,0,0,0,0,0,0,0,0,0,0,0,0,0,0,0,0,0,0,0,0,0,0,0,0,0,0,2026-09-02T00:09:37.425422+00:00
Turquia Super Lig 2026/2027,Alanyaspor - Beşiktaş JK,2026-08-23T18:30:00+00:00,finished,2,1-0,Alanyaspor,Nuno Lima,D,89,8.4,45,1,0,0.0111,0.00370772,1,1,1,33,28,5,2,0,0,1,0,7,2,2,1,3,2,4,0,5,0,0,6,2,0,0,0,0,0,0,2026-09-02T00:09:37.425084+00:00
Turquia Super Lig 2026/2027,Alanyaspor - Beşiktaş JK,2026-08-23T18:30:00+00:00,finished,2,1-0,Alanyaspor,Omar Ben Ali,F,25,6.6,15,0,0,0.0456,0.00196758,1,0,1,8,4,1,0,0,0,0,0,1,1,1,1,0,0,1,0,3,1,0,7,0,0,0,0,0,0,0,2026-09-02T00:09:37.425170+00:00
Turquia Super Lig 2026/2027,Alanyaspor - Beşiktaş JK,2026-08-23T18:30:00+00:00,finished,2,1-0,Beşiktaş JK,Orkun Kökçü,M,90,6.9,69,0,0,0.1594,0.0545034,3,2,1,53,48,6,5,4,0,2,1,3,5,0,1,0,0,0,0,4,1,0,13,2,1,0,0,0,1,0,2026-09-02T00:09:37.425277+00:00
Turquia Super Lig 2026/2027,Alanyaspor - Beşiktaş JK,2026-08-23T18:30:00+00:00,finished,2,1-0,Alanyaspor,Paulo Victor,G,90,9.6,48,0,0,,0.00124632,0,0,0,34,16,29,11,0,0,0,0,1,0,0,0,1,1,3,0,10,0,0,18,0,0,0,0,6,0,1,2026-09-02T00:09:37.425047+00:00
Turquia Super Lig 2026/2027,Alanyaspor - Beşiktaş JK,2026-08-23T18:30:00+00:00,finished,2,1-0,Alanyaspor,Ruan Pereira Duarte,M,86,7.0,32,0,0,0.206,0.0332615,2,1,0,17,12,1,1,0,0,4,2,5,3,1,1,1,1,0,1,1,1,0,9,1,0,0,0,0,0,0,2026-09-02T00:09:37.425093+00:00
Turquia Super Lig 2026/2027,Alanyaspor - Beşiktaş JK,2026-08-23T18:30:00+00:00,finished,2,1-0,Beşiktaş JK,Rıdvan Yılmaz,D,57,6.7,45,0,0,0.0751,0.0679817,1,0,1,34,29,4,2,3,1,2,1,2,2,0,1,0,0,0,0,3,0,0,10,1,0,0,0,0,0,0,2026-09-02T00:09:37.425300+00:00
Turquia Super Lig 2026/2027,Alanyaspor - Beşiktaş JK,2026-08-23T18:30:00+00:00,finished,2,1-0,Beşiktaş JK,Salih Özcan,M,45,7.2,38,0,0,,0.00790288,0,0,0,29,26,4,3,0,0,0,0,4,1,0,1,0,0,1,0,2,0,0,4,4,0,0,0,0,0,0,2026-09-02T00:09:37.425322+00:00
Turquia Super Lig 2026/2027,Alanyaspor - Beşiktaş JK,2026-08-23T18:30:00+00:00,finished,2,1-0,Beşiktaş JK,Semih Kılıçsoy,F,0,,0,0,0,,,0,0,0,0,0,0,0,0,0,0,0,0,0,0,0,0,0,0,0,0,0,0,0,0,0,0,0,0,0,0,2026-09-02T00:09:37.425448+00:00
Turquia Super Lig 2026/2027,Alanyaspor - Beşiktaş JK,2026-08-23T18:30:00+00:00,finished,2,1-0,Beşiktaş JK,Taylan Bulut,D,82,6.5,53,0,0,,0.00908247,0,0,1,33,28,2,1,0,0,1,0,2,5,1,1,0,0,1,2,4,0,1,8,1,2,0,0,0,1,0,2026-09-02T00:09:37.425285+00:00
Turquia Super Lig 2026/2027,Alanyaspor - Beşiktaş JK,2026-08-23T18:30:00+00:00,finished,2,1-0,Beşiktaş JK,Tiago Djaló,D,0,,0,0,0,,,0,0,0,0,0,0,0,0,0,0,0,0,0,0,0,0,0,0,0,0,0,0,0,0,0,0,0,0,0,0,2026-09-02T00:09:37.425439+00:00
Turquia Super Lig 2026/2027,Alanyaspor - Beşiktaş JK,2026-08-23T18:30:00+00:00,finished,2,1-0,Beşiktaş JK,Václav Černý,M,90,6.6,62,0,0,0.0384,0.233424,2,0,3,50,39,9,8,6,1,1,0,0,5,0,1,0,0,0,1,6,0,0,18,0,0,0,0,0,1,0,2026-09-02T00:09:37.425263+00:00
Turquia Super Lig 2026/2027,Alanyaspor - Beşiktaş JK,2026-08-23T18:30:00+00:00,finished,2,1-0,Beşiktaş JK,Wilfred Ndidi,M,90,6.6,67,0,0,0.0903,0.0354246,1,1,1,58,52,3,2,1,0,0,0,2,3,1,1,1,1,1,3,9,0,0,8,0,3,0,0,0,1,0,2026-09-02T00:09:37.425270+00:00
Turquia Super Lig 2026/2027,Alanyaspor - Beşiktaş JK,2026-08-23T18:30:00+00:00,finished,2,1-0,Alanyaspor,Yusuf Özdemir,M,4,,3,0,0,,,0,0,0,0,0,0,0,0,0,0,0,1,0,1,0,0,0,3,0,0,0,0,0,0,0,0,0,0,0,0,2026-09-02T00:09:37.425185+00:00
Turquia Super Lig 2026/2027,Alanyaspor - Beşiktaş JK,2026-08-23T18:30:00+00:00,finished,2,1-0,Alanyaspor,Ümit Akdağ,D,90,7.2,59,0,0,,0.009938,0,0,0,36,22,8,3,2,0,3,2,6,6,1,2,3,2,4,1,4,0,0,22,0,2,0,0,0,0,0,2026-09-02T00:09:37.425057+00:00
Turquia Super Lig 2026/2027,Alanyaspor - Beşiktaş JK,2026-08-23T18:30:00+00:00,finished,2,1-0,Beşiktaş JK,İlhan Fakılı,M,24,6.6,13,0,0,0.0182,0.109114,1,1,1,10,7,0,0,1,0,0,0,0,0,0,0,0,0,0,0,1,0,0,4,0,0,0,0,0,1,0,2026-09-02T00:09:37.425389+00:00
Turquia Super Lig 2026/2027,Alanyaspor - Beşiktaş JK,2026-08-23T18:30:00+00:00,finished,2,1-0,Alanyaspor,İzzet Çelik,M,0,,0,0,0,,,0,0,0,0,0,0,0,0,0,0,0,0,0,0,0,0,0,0,0,0,0,0,0,0,0,0,0,0,0,0,2026-09-02T00:09:37.425216+00:00
Turquia Super Lig 2026/2027,Göztepe - Gençlerbirliği,2026-08-23T18:30:00+00:00,finished,2,0-1,Gençlerbirliği,Abdurrahim Dursun,D,72,6.7,58,0,0,,0.00208434,0,0,0,36,26,4,1,1,0,1,0,5,6,2,1,2,1,4,0,2,0,1,18,1,1,0,0,0,0,0,2026-09-02T00:09:37.262933+00:00
Turquia Super Lig 2026/2027,Göztepe - Gençlerbirliği,2026-08-23T18:30:00+00:00,finished,2,0-1,Gençlerbirliği,Adama Malouda Traoré,M,94,7.3,56,0,0,0.0614,0.160895,2,0,1,33,22,4,1,3,0,1,1,8,3,2,2,3,2,3,0,5,1,1,19,2,0,0,0,0,0,0,2026-09-02T00:09:37.262778+00:00
Turquia Super Lig 2026/2027,Göztepe - Gençlerbirliği,2026-08-23T18:30:00+00:00,finished,2,0-1,Göztepe,Alex Matos,M,45,6.4,18,0,0,,0.0299705,0,0,0,10,5,1,0,1,0,1,1,1,6,0,2,0,0,1,0,1,0,0,10,0,3,1,0,0,0,0,2026-09-02T00:09:37.263137+00:00
Turquia Super Lig 2026/2027,Göztepe - Gençlerbirliği,2026-08-23T18:30:00+00:00,finished,2,0-1,Göztepe,Allan,D,48,7.1,19,0,0,,0.00841829,0,0,1,14,11,2,1,0,0,0,0,1,1,1,1,0,0,2,1,3,0,0,3,0,0,0,0,0,0,0,2026-09-02T00:09:37.263092+00:00
Turquia Super Lig 2026/2027,Göztepe - Gençlerbirliği,2026-08-23T18:30:00+00:00,finished,2,0-1,Göztepe,André Henrique,F,94,6.7,29,0,0,0.4215,0.0264956,4,1,0,17,10,0,0,1,0,0,0,10,12,6,7,2,1,0,0,1,0,0,8,2,3,0,0,0,1,0,2026-09-02T00:09:37.263047+00:00
Turquia Super Lig 2026/2027,Göztepe - Gençlerbirliği,2026-08-23T18:30:00+00:00,finished,2,0-1,Göztepe,Arda Kurtulan,M,94,7.9,72,0,0,,0.112126,0,0,3,28,16,3,0,6,3,5,2,12,7,2,1,5,4,3,4,4,0,1,25,3,1,0,0,0,1,0,2026-09-02T00:09:37.263063+00:00
Turquia Super Lig 2026/2027,Göztepe - Gençlerbirliği,2026-08-23T18:30:00+00:00,finished,2,0-1,Göztepe,Arda Özçimen,G,0,,0,0,0,,,0,0,0,0,0,0,0,0,0,0,0,0,0,0,0,0,0,0,0,0,0,0,0,0,0,0,0,0,0,0,2026-09-02T00:09:37.263160+00:00
Turquia Super Lig 2026/2027,Göztepe - Gençlerbirliği,2026-08-23T18:30:00+00:00,finished,2,0-1,Göztepe,Bekir Turaç Böke,F,0,,0,0,0,,,0,0,0,0,0,0,0,0,0,0,0,0,0,0,0,0,0,0,0,0,0,0,0,0,0,0,0,0,0,0,2026-09-02T00:09:37.263155+00:00
Turquia Super Lig 2026/2027,Göztepe - Gençlerbirliği,2026-08-23T18:30:00+00:00,finished,2,0-1,Gençlerbirliği,Cheikh Niasse,M,33,6.5,13,0,0,,0.00023522,0,0,0,6,3,1,0,0,0,0,0,4,2,1,1,1,0,1,0,0,0,0,4,2,0,1,0,0,0,0,2026-09-02T00:09:37.262963+00:00
Turquia Super Lig 2026/2027,Göztepe - Gençlerbirliği,2026-08-23T18:30:00+00:00,finished,2,0-1,Gençlerbirliği,Dimitris Goutas,D,94,7.6,71,0,0,0.0196,0.00365302,1,0,0,48,42,7,4,0,0,0,0,11,3,11,1,0,0,18,0,0,1,0,6,1,2,1,0,0,0,0,2026-09-02T00:09:37.262873+00:00
Turquia Super Lig 2026/2027,Göztepe - Gençlerbirliği,2026-08-23T18:30:00+00:00,finished,2,0-1,Göztepe,Efkan Bekiroğlu,F,45,7.2,22,0,0,0.0244,0.234239,1,1,1,14,11,2,1,3,1,0,0,3,1,1,0,0,0,1,0,0,0,0,6,2,1,0,0,0,0,0,2026-09-02T00:09:37.263126+00:00
Turquia Super Lig 2026/2027,Göztepe - Gençlerbirliği,2026-08-23T18:30:00+00:00,finished,2,0-1,Göztepe,Ege Yildirim,D,46,7.4,31,0,0,0.0145,0.128589,1,0,0,18,17,1,0,1,0,2,2,8,3,6,3,0,0,4,0,3,0,0,4,0,0,0,0,0,1,0,2026-09-02T00:09:37.263097+00:00
Turquia Super Lig 2026/2027,Göztepe - Gençlerbirliği,2026-08-23T18:30:00+00:00,finished,2,0-1,Gençlerbirliği,Ensar Kemaloğlu,M,0,,0,0,0,,,0,0,0,0,0,0,0,0,0,0,0,0,0,0,0,0,0,0,0,0,0,0,0,0,0,0,0,0,0,0,2026-09-02T00:09:37.263022+00:00
Turquia Super Lig 2026/2027,Göztepe - Gençlerbirliği,2026-08-23T18:30:00+00:00,finished,2,0-1,Gençlerbirliği,Erk Arda Aslan,F,0,,0,0,0,,,0,0,0,0,0,0,0,0,0,0,0,0,0,0,0,0,0,0,0,0,0,0,0,0,0,0,0,0,0,0,2026-09-02T00:09:37.262999+00:00
Turquia Super Lig 2026/2027,Göztepe - Gençlerbirliği,2026-08-23T18:30:00+00:00,finished,2,0-1,Gençlerbirliği,Franco Tongya,M,94,6.8,37,0,0,,0.0042486,0,0,0,23,19,1,1,1,0,0,0,5,3,2,0,1,0,1,1,4,0,1,7,2,1,0,0,0,0,0,2026-09-02T00:09:37.262827+00:00
Turquia Super Lig 2026/2027,Göztepe - Gençlerbirliği,2026-08-23T18:30:00+00:00,finished,2,0-1,Gençlerbirliği,Fıratcan Üzüm,D,22,6.9,11,0,0,,0.059012,0,0,1,3,2,1,0,0,0,1,1,2,2,0,0,1,1,1,1,0,0,1,2,0,0,0,0,0,0,0,2026-09-02T00:09:37.262976+00:00
Turquia Super Lig 2026/2027,Göztepe - Gençlerbirliği,2026-08-23T18:30:00+00:00,finished,2,0-1,Göztepe,Gökdeniz Bayrakdar,F,0,,0,0,0,,,0,0,0,0,0,0,0,0,0,0,0,0,0,0,0,0,0,0,0,0,0,0,0,0,0,0,0,0,0,0,2026-09-02T00:09:37.263165+00:00
Turquia Super Lig 2026/2027,Göztepe - Gençlerbirliği,2026-08-23T18:30:00+00:00,finished,2,0-1,Gençlerbirliği,Gökhan Akkan,G,0,,0,0,0,,,0,0,0,0,0,0,0,0,0,0,0,0,0,0,0,0,0,0,0,0,0,0,0,0,0,0,0,0,0,0,2026-09-02T00:09:37.263007+00:00
Turquia Super Lig 2026/2027,Göztepe - Gençlerbirliği,2026-08-23T18:30:00+00:00,finished,2,0-1,Göztepe,Janderson,F,49,7.4,28,0,0,0.1441,0.256742,3,1,1,13,8,1,1,3,1,5,3,6,9,2,7,1,1,0,0,3,0,0,11,0,0,0,0,0,1,0,2026-09-02T00:09:37.263086+00:00
Turquia Super Lig 2026/2027,Göztepe - Gençlerbirliği,2026-08-23T18:30:00+00:00,finished,2,0-1,Göztepe,Juan Santos da Silva,F,49,6.8,13,0,0,0.0172,0.116722,1,0,2,8,5,0,0,1,1,2,1,4,1,3,0,0,0,0,0,0,0,0,5,0,0,0,0,0,1,0,2026-09-02T00:09:37.263081+00:00
Turquia Super Lig 2026/2027,Göztepe - Gençlerbirliği,2026-08-23T18:30:00+00:00,finished,2,0-1,Göztepe,Luka Gugeshashvili,G,94,6.7,36,0,0,,0.00308758,0,0,0,33,12,29,8,0,0,0,0,0,0,0,0,0,0,1,0,8,0,0,21,0,0,0,0,1,1,0,2026-09-02T00:09:37.263052+00:00
Turquia Super Lig 2026/2027,Göztepe - Gençlerbirliği,2026-08-23T18:30:00+00:00,finished,2,0-1,Göztepe,Malcom Bokele,D,94,6.5,55,0,0,0.8231,0.292518,3,2,0,40,32,6,4,1,0,1,0,4,4,2,3,0,0,5,0,5,0,0,10,2,0,0,0,0,1,0,2026-09-02T00:09:37.263030+00:00
Turquia Super Lig 2026/2027,Göztepe - Gençlerbirliği,2026-08-23T18:30:00+00:00,finished,2,0-1,Göztepe,Mehmet Şamil Öztürk,G,0,,0,0,0,,,0,0,0,0,0,0,0,0,0,0,0,0,0,0,0,0,0,0,0,0,0,0,0,0,0,0,0,0,0,0,2026-09-02T00:09:37.263170+00:00
Turquia Super Lig 2026/2027,Göztepe - Gençlerbirliği,2026-08-23T18:30:00+00:00,finished,2,0-1,Gençlerbirliği,Metehan Baltacı,D,9,6.7,2,0,0,,,0,0,0,0,0,0,0,0,0,0,0,1,1,1,1,0,0,2,0,0,0,0,0,0,0,0,0,0,0,0,2026-09-02T00:09:37.262983+00:00
Turquia Super Lig 2026/2027,Göztepe - Gençlerbirliği,2026-08-23T18:30:00+00:00,finished,2,0-1,Göztepe,Novatus Miroshi,M,94,7.3,64,0,0,,0.491932,0,0,1,44,41,6,4,3,1,1,0,5,6,2,0,2,2,3,3,6,0,1,9,1,1,0,0,0,1,0,2026-09-02T00:09:37.263039+00:00
Turquia Super Lig 2026/2027,Göztepe - Gençlerbirliği,2026-08-23T18:30:00+00:00,finished,2,0-1,Göztepe,Ogün Bayrak,M,64,6.6,32,0,0,,0.0189773,0,0,0,15,9,3,2,2,0,1,0,1,3,0,2,1,1,0,1,3,0,0,12,0,0,0,0,0,1,0,2026-09-02T00:09:37.263069+00:00
Turquia Super Lig 2026/2027,Göztepe - Gençlerbirliği,2026-08-23T18:30:00+00:00,finished,2,0-1,Gençlerbirliği,Ousmane Diabate,M,94,7.1,50,0,0,0.0223,0.00715877,1,0,1,39,32,6,5,0,0,0,0,3,3,0,1,1,1,3,1,11,1,0,7,2,2,0,0,0,0,0,2026-09-02T00:09:37.262906+00:00
Turquia Super Lig 2026/2027,Göztepe - Gençlerbirliği,2026-08-23T18:30:00+00:00,finished,2,0-1,Gençlerbirliği,Oğulcan Ülgün,M,72,6.9,32,0,1,0.2429,0.0156629,2,1,2,19,16,1,0,2,0,1,1,4,6,2,3,1,1,4,1,2,0,1,7,0,2,0,0,0,0,0,2026-09-02T00:09:37.262922+00:00
Turquia Super Lig 2026/2027,Göztepe - Gençlerbirliği,2026-08-23T18:30:00+00:00,finished,2,0-1,Gençlerbirliği,Pedro Pereira,D,94,7.1,62,0,0,,0.00696735,0,0,0,41,29,10,2,0,0,0,0,5,2,3,2,2,2,9,4,6,0,0,14,0,0,0,0,0,0,0,2026-09-02T00:09:37.262862+00:00
Turquia Super Lig 2026/2027,Göztepe - Gençlerbirliği,2026-08-23T18:30:00+00:00,finished,2,0-1,Gençlerbirliği,Prince Martor,F,0,,0,0,0,,,0,0,0,0,0,0,0,0,0,0,0,0,0,0,0,0,0,0,0,0,0,0,0,0,0,0,0,0,0,0,2026-09-02T00:09:37.263014+00:00
Turquia Super Lig 2026/2027,Göztepe - Gençlerbirliği,2026-08-23T18:30:00+00:00,finished,2,0-1,Göztepe,Rhaldney,M,49,6.0,53,0,0,0.042,0.0697495,1,1,3,36,32,2,1,7,3,1,0,1,4,0,1,1,1,0,2,4,0,0,13,0,2,0,0,0,1,0,2026-09-02T00:09:37.263074+00:00
Turquia Super Lig 2026/2027,Göztepe - Gençlerbirliği,2026-08-23T18:30:00+00:00,finished,2,0-1,Göztepe,Richard Akonnor,D,30,6.6,25,0,0,,0.0299439,0,0,1,10,8,0,0,5,1,3,0,0,3,0,0,0,0,0,1,1,0,0,11,0,0,0,0,0,0,0,2026-09-02T00:09:37.263149+00:00
Turquia Super Lig 2026/2027,Göztepe - Gençlerbirliği,2026-08-23T18:30:00+00:00,finished,2,0-1,Gençlerbirliği,Salih Uçan,M,22,6.6,9,0,0,,0.0091689,0,0,0,4,4,1,1,0,0,0,0,2,6,1,2,1,1,1,0,2,0,1,1,0,1,0,0,0,0,0,2026-09-02T00:09:37.262971+00:00
Turquia Super Lig 2026/2027,Göztepe - Gençlerbirliği,2026-08-23T18:30:00+00:00,finished,2,0-1,Gençlerbirliği,Sekou Koita,F,85,6.7,26,1,0,1.1741,0.011373,4,1,0,13,9,0,0,0,0,1,1,4,10,3,6,0,0,2,0,3,2,2,10,0,1,0,0,0,0,0,2026-09-02T00:09:37.262914+00:00
Turquia Super Lig 2026/2027,Göztepe - Gençlerbirliği,2026-08-23T18:30:00+00:00,finished,2,0-1,Göztepe,Sinclair Armstrong,F,45,6.4,14,0,0,0.0859,0.0108745,1,0,1,8,5,0,0,0,0,0,0,2,3,1,3,0,0,0,0,2,0,0,5,1,3,0,0,0,0,0,2026-09-02T00:09:37.263143+00:00
Turquia Super Lig 2026/2027,Göztepe - Gençlerbirliği,2026-08-23T18:30:00+00:00,finished,2,0-1,Göztepe,Taha Altıkardeş,D,94,5.9,66,0,0,0.3303,0.0110951,1,0,0,48,37,6,1,7,0,0,0,2,4,1,3,0,0,4,1,7,0,0,19,1,1,0,0,0,1,0,2026-09-02T00:09:37.263058+00:00
Turquia Super Lig 2026/2027,Göztepe - Gençlerbirliği,2026-08-23T18:30:00+00:00,finished,2,0-1,Gençlerbirliği,Thalisson,D,0,,0,0,0,,,0,0,0,0,0,0,0,0,0,0,0,0,0,0,0,0,0,0,0,0,0,0,0,0,0,0,0,0,0,0,2026-09-02T00:09:37.262994+00:00
Turquia Super Lig 2026/2027,Göztepe - Gençlerbirliği,2026-08-23T18:30:00+00:00,finished,2,0-1,Gençlerbirliği,Tiago Gouveia,F,61,6.8,40,0,0,,0.0880487,0,0,2,17,14,1,0,7,2,3,2,5,5,0,1,1,1,0,0,3,0,1,15,2,1,0,0,0,0,0,2026-09-02T00:09:37.262953+00:00
Turquia Super Lig 2026/2027,Göztepe - Gençlerbirliği,2026-08-23T18:30:00+00:00,finished,2,0-1,Gençlerbirliği,Yiğit Hamza Aydar,D,0,,0,0,0,,,0,0,0,0,0,0,0,0,0,0,0,0,0,0,0,0,0,0,0,0,0,0,0,0,0,0,0,0,0,0,2026-09-02T00:09:37.262988+00:00
Turquia Super Lig 2026/2027,Göztepe - Gençlerbirliği,2026-08-23T18:30:00+00:00,finished,2,0-1,Gençlerbirliği,İrfan Can Eğribayat,G,94,10.0,55,0,0,,0.00134574,0,0,0,39,18,31,10,0,0,1,1,2,0,1,0,0,0,0,0,14,0,0,21,0,0,0,0,6,0,0,2026-09-02T00:09:37.262843+00:00
Turquia Super Lig 2026/2027,Göztepe - Gençlerbirliği,2026-08-23T18:30:00+00:00,finished,2,0-1,Gençlerbirliği,Žan Žužek,D,94,7.1,61,0,0,,0.00302491,0,0,0,37,30,4,1,0,0,0,0,6,8,4,6,1,0,16,0,2,0,1,9,1,1,0,0,0,0,0,2026-09-02T00:09:37.262894+00:00
Turquia Super Lig 2026/2027,Kocaelispor - Amed Sportif Faaliyetler,2026-08-24T18:30:00+00:00,finished,2,2-0,Amed Sportif Faaliyetler,Alban Lafont,G,90,5.9,54,0,0,,0.00149916,0,0,0,45,35,14,4,0,0,0,0,0,0,0,0,0,0,0,0,8,0,0,10,0,0,1,0,1,2,0,2026-09-02T00:09:37.525707+00:00
Turquia Super Lig 2026/2027,Kocaelispor - Amed Sportif Faaliyetler,2026-08-24T18:30:00+00:00,finished,2,2-0,Amed Sportif Faaliyetler,Amadou Cissé,D,0,,0,0,0,,,0,0,0,0,0,0,0,0,0,0,0,0,0,0,0,0,0,0,0,0,0,0,0,0,0,0,0,0,0,0,2026-09-02T00:09:37.525933+00:00
Turquia Super Lig 2026/2027,Kocaelispor - Amed Sportif Faaliyetler,2026-08-24T18:30:00+00:00,finished,2,2-0,Kocaelispor,Anfernee Jamal Dijksteel,D,90,7.3,59,0,1,,0.00803959,0,0,1,36,29,3,0,1,0,1,1,6,2,1,0,2,2,6,1,5,0,1,10,2,0,0,0,0,0,0,2026-09-02T00:09:37.524033+00:00
Turquia Super Lig 2026/2027,Kocaelispor - Amed Sportif Faaliyetler,2026-08-24T18:30:00+00:00,finished,2,2-0,Kocaelispor,Arda Ozyar,F,0,,0,0,0,,,0,0,0,0,0,0,0,0,0,0,0,0,0,0,0,0,0,0,0,0,0,0,0,0,0,0,0,0,0,0,2026-09-02T00:09:37.525576+00:00
Turquia Super Lig 2026/2027,Kocaelispor - Amed Sportif Faaliyetler,2026-08-24T18:30:00+00:00,finished,2,2-0,Kocaelispor,Bedirhan Yıldız,F,0,,0,0,0,,,0,0,0,0,0,0,0,0,0,0,0,0,0,0,0,0,0,0,0,0,0,0,0,0,0,0,0,0,0,0,2026-09-02T00:09:37.525626+00:00
Turquia Super Lig 2026/2027,Kocaelispor - Amed Sportif Faaliyetler,2026-08-24T18:30:00+00:00,finished,2,2-0,Kocaelispor,Berkan Kutlu,M,85,7.7,38,1,0,0.045,0.0114376,2,1,2,23,17,4,2,4,1,0,0,2,4,0,1,1,0,2,2,2,1,1,12,1,1,0,0,0,0,0,2026-09-02T00:09:37.525077+00:00
Turquia Super Lig 2026/2027,Kocaelispor - Amed Sportif Faaliyetler,2026-08-24T18:30:00+00:00,finished,2,2-0,Amed Sportif Faaliyetler,Burak Bozan,G,0,,0,0,0,,,0,0,0,0,0,0,0,0,0,0,0,0,0,0,0,0,0,0,0,0,0,0,0,0,0,0,0,0,0,0,2026-09-02T00:09:37.525898+00:00
Turquia Super Lig 2026/2027,Kocaelispor - Amed Sportif Faaliyetler,2026-08-24T18:30:00+00:00,finished,2,2-0,Amed Sportif Faaliyetler,Cem Üstündag,M,68,6.4,42,0,0,,0.0175864,0,0,0,30,25,3,1,0,0,0,0,3,5,1,0,2,1,0,1,1,0,2,9,0,0,0,0,0,1,0,2026-09-02T00:09:37.525743+00:00
Turquia Super Lig 2026/2027,Kocaelispor - Amed Sportif Faaliyetler,2026-08-24T18:30:00+00:00,finished,2,2-0,Kocaelispor,Dan Agyei,F,85,6.2,24,0,0,0.0528,0.00200812,1,1,0,11,7,0,0,1,0,3,2,3,5,1,3,0,0,0,0,1,0,1,10,0,0,0,0,0,0,0,2026-09-02T00:09:37.525171+00:00
Turquia Super Lig 2026/2027,Kocaelispor - Amed Sportif Faaliyetler,2026-08-24T18:30:00+00:00,finished,2,2-0,Amed Sportif Faaliyetler,David Robert Bates,D,90,7.3,76,0,0,,0.0073831,0,0,1,58,55,4,3,0,0,0,0,6,2,3,1,3,2,9,3,7,0,0,3,0,1,0,0,0,2,0,2026-09-02T00:09:37.525656+00:00
Turquia Super Lig 2026/2027,Kocaelispor - Amed Sportif Faaliyetler,2026-08-24T18:30:00+00:00,finished,2,2-0,Amed Sportif Faaliyetler,Dia Saba,M,85,6.8,51,0,0,0.272,0.11752,4,0,0,25,20,1,0,7,1,1,1,6,3,0,0,3,2,0,1,2,2,1,16,2,1,0,0,0,1,0,2026-09-02T00:09:37.525716+00:00
Turquia Super Lig 2026/2027,Kocaelispor - Amed Sportif Faaliyetler,2026-08-24T18:30:00+00:00,finished,2,2-0,Kocaelispor,Ege Bilim,M,8,6.6,2,0,0,,5.974e-05,0,0,0,2,2,0,0,0,0,0,0,0,0,0,0,0,0,0,0,0,0,0,0,0,0,0,0,0,0,0,2026-09-02T00:09:37.525312+00:00
Turquia Super Lig 2026/2027,Kocaelispor - Amed Sportif Faaliyetler,2026-08-24T18:30:00+00:00,finished,2,2-0,Kocaelispor,Emir Ortakaya,D,90,8.2,64,0,0,,0.00189358,0,0,0,47,42,3,2,0,0,0,0,7,1,3,1,2,0,5,2,3,0,0,5,2,0,0,0,0,0,0,2026-09-02T00:09:37.524062+00:00
Turquia Super Lig 2026/2027,Kocaelispor - Amed Sportif Faaliyetler,2026-08-24T18:30:00+00:00,finished,2,2-0,Amed Sportif Faaliyetler,Ermal Krasniqi,M,90,5.9,64,0,0,0.0082,0.0184204,1,0,1,37,29,1,1,5,0,1,1,4,6,1,0,1,1,0,0,7,0,4,19,1,2,0,0,0,2,0,2026-09-02T00:09:37.525644+00:00
Turquia Super Lig 2026/2027,Kocaelispor - Amed Sportif Faaliyetler,2026-08-24T18:30:00+00:00,finished,2,2-0,Amed Sportif Faaliyetler,Furkan Soyalp,M,8,6.5,6,0,0,,0.00508242,0,0,0,5,5,1,1,0,0,0,0,0,1,0,0,0,0,0,0,0,0,0,0,0,1,0,0,0,1,0,2026-09-02T00:09:37.525887+00:00
Turquia Super Lig 2026/2027,Kocaelispor - Amed Sportif Faaliyetler,2026-08-24T18:30:00+00:00,finished,2,2-0,Amed Sportif Faaliyetler,Gift Orban,F,90,6.0,30,0,0,0.0594,0.100509,1,0,1,21,18,1,0,1,0,1,1,1,10,0,6,0,0,0,0,0,0,3,9,0,1,0,0,0,2,0,2026-09-02T00:09:37.525697+00:00
Turquia Super Lig 2026/2027,Kocaelispor - Amed Sportif Faaliyetler,2026-08-24T18:30:00+00:00,finished,2,2-0,Kocaelispor,Gonçalo Sousa,F,70,6.1,40,0,0,0.8681,0.00319348,1,0,0,18,10,0,0,4,0,3,2,3,7,0,0,1,1,2,1,5,0,5,19,0,0,0,0,0,0,0,2026-09-02T00:09:37.525192+00:00
Turquia Super Lig 2026/2027,Kocaelispor - Amed Sportif Faaliyetler,2026-08-24T18:30:00+00:00,finished,2,2-0,Amed Sportif Faaliyetler,Gökhan Gül,M,22,6.9,24,0,0,,0.0184536,0,0,0,17,16,4,4,4,0,0,0,2,0,1,0,1,1,0,1,1,0,0,6,0,0,0,0,0,1,0,2026-09-02T00:09:37.525857+00:00
Turquia Super Lig 2026/2027,Kocaelispor - Amed Sportif Faaliyetler,2026-08-24T18:30:00+00:00,finished,2,2-0,Kocaelispor,Haydar Karataş,F,0,,0,0,0,,,0,0,0,0,0,0,0,0,0,0,0,0,0,0,0,0,0,0,0,0,0,0,0,0,0,0,0,0,0,0,2026-09-02T00:09:37.525609+00:00
Turquia Super Lig 2026/2027,Kocaelispor - Amed Sportif Faaliyetler,2026-08-24T18:30:00+00:00,finished,2,2-0,Amed Sportif Faaliyetler,Kahraman Demirtaş,D,0,,0,0,0,,,0,0,0,0,0,0,0,0,0,0,0,0,0,0,0,0,0,0,0,0,0,0,0,0,0,0,0,0,0,0,2026-09-02T00:09:37.525907+00:00
Turquia Super Lig 2026/2027,Kocaelispor - Amed Sportif Faaliyetler,2026-08-24T18:30:00+00:00,finished,2,2-0,Amed Sportif Faaliyetler,Lumbardh Dellova,D,90,6.9,83,0,0,,0.0118454,0,0,0,67,54,7,5,0,0,1,0,6,3,3,0,3,2,1,1,8,0,1,18,0,1,1,0,0,2,0,2026-09-02T00:09:37.525666+00:00
Turquia Super Lig 2026/2027,Kocaelispor - Amed Sportif Faaliyetler,2026-08-24T18:30:00+00:00,finished,2,2-0,Kocaelispor,Mahamadou Susoho,M,60,6.8,35,0,0,0.0361,0.00822891,1,0,0,27,18,1,0,0,0,0,0,4,1,0,0,1,1,0,0,4,1,0,11,3,0,0,0,0,0,0,2026-09-02T00:09:37.525270+00:00
Turquia Super Lig 2026/2027,Kocaelispor - Amed Sportif Faaliyetler,2026-08-24T18:30:00+00:00,finished,2,2-0,Kocaelispor,Makana Baku,M,90,7.3,55,0,0,0.0347,0.158072,1,0,0,33,28,0,0,0,0,3,2,7,6,1,1,3,2,4,1,7,1,3,10,1,1,0,0,0,0,0,2026-09-02T00:09:37.523815+00:00
Turquia Super Lig 2026/2027,Kocaelispor - Amed Sportif Faaliyetler,2026-08-24T18:30:00+00:00,finished,2,2-0,Kocaelispor,Massadio Haïdara,D,90,7.9,66,0,0,0.0148,0.628132,1,0,1,38,31,2,1,0,0,0,0,7,5,0,1,2,2,1,0,5,0,2,10,5,1,0,0,0,0,0,2026-09-02T00:09:37.524267+00:00
Turquia Super Lig 2026/2027,Kocaelispor - Amed Sportif Faaliyetler,2026-08-24T18:30:00+00:00,finished,2,2-0,Kocaelispor,Matej Maglica,D,20,7.6,9,1,0,0.1816,0.029897,1,1,0,2,2,0,0,0,0,0,0,0,2,0,0,0,0,4,0,0,0,1,1,0,1,0,0,0,0,0,2026-09-02T00:09:37.525302+00:00
Turquia Super Lig 2026/2027,Kocaelispor - Amed Sportif Faaliyetler,2026-08-24T18:30:00+00:00,finished,2,2-0,Amed Sportif Faaliyetler,Mbaye Diagne,F,22,6.5,8,0,0,0.1652,0.00028848,2,0,0,3,2,1,1,0,0,0,0,2,1,0,0,1,0,0,0,0,1,1,2,1,1,0,0,0,1,0,2026-09-02T00:09:37.525842+00:00
Turquia Super Lig 2026/2027,Kocaelispor - Amed Sportif Faaliyetler,2026-08-24T18:30:00+00:00,finished,2,2-0,Amed Sportif Faaliyetler,Mehmet Yeşil,D,45,6.5,37,0,0,,0.00499969,0,0,0,31,25,7,4,0,0,0,0,0,0,0,0,0,0,4,0,1,0,0,6,0,0,0,0,0,1,0,2026-09-02T00:09:37.525768+00:00
Turquia Super Lig 2026/2027,Kocaelispor - Amed Sportif Faaliyetler,2026-08-24T18:30:00+00:00,finished,2,2-0,Kocaelispor,Metehan Altunbaş,M,8,6.4,4,0,0,,0.0381675,0,0,0,1,1,0,0,0,0,0,0,0,3,0,1,0,0,1,0,0,0,1,2,0,1,0,0,0,0,0,2026-09-02T00:09:37.525321+00:00
Turquia Super Lig 2026/2027,Kocaelispor - Amed Sportif Faaliyetler,2026-08-24T18:30:00+00:00,finished,2,2-0,Amed Sportif Faaliyetler,Miraç Acer,D,0,,0,0,0,,,0,0,0,0,0,0,0,0,0,0,0,0,0,0,0,0,0,0,0,0,0,0,0,0,0,0,0,0,0,0,2026-09-02T00:09:37.525924+00:00
Turquia Super Lig 2026/2027,Kocaelispor - Amed Sportif Faaliyetler,2026-08-24T18:30:00+00:00,finished,2,2-0,Amed Sportif Faaliyetler,Mohamed Khalil,F,0,,0,0,0,,,0,0,0,0,0,0,0,0,0,0,0,0,0,0,0,0,0,0,0,0,0,0,0,0,0,0,0,0,0,0,2026-09-02T00:09:37.525916+00:00
Turquia Super Lig 2026/2027,Kocaelispor - Amed Sportif Faaliyetler,2026-08-24T18:30:00+00:00,finished,2,2-0,Kocaelispor,Muharrem Cinan,D,0,,0,0,0,,,0,0,0,0,0,0,0,0,0,0,0,0,0,0,0,0,0,0,0,0,0,0,0,0,0,0,0,0,0,0,2026-09-02T00:09:37.525433+00:00
Turquia Super Lig 2026/2027,Kocaelispor - Amed Sportif Faaliyetler,2026-08-24T18:30:00+00:00,finished,2,2-0,Kocaelispor,Onur Öztonga,D,0,,0,0,0,,,0,0,0,0,0,0,0,0,0,0,0,0,0,0,0,0,0,0,0,0,0,0,0,0,0,0,0,0,0,0,2026-09-02T00:09:37.525554+00:00
Turquia Super Lig 2026/2027,Kocaelispor - Amed Sportif Faaliyetler,2026-08-24T18:30:00+00:00,finished,2,2-0,Kocaelispor,Onurcan Piri,G,0,,0,0,0,,,0,0,0,0,0,0,0,0,0,0,0,0,0,0,0,0,0,0,0,0,0,0,0,0,0,0,0,0,0,0,2026-09-02T00:09:37.525330+00:00
Turquia Super Lig 2026/2027,Kocaelispor - Amed Sportif Faaliyetler,2026-08-24T18:30:00+00:00,finished,2,2-0,Amed Sportif Faaliyetler,Rayan Lutin,M,10,6.4,11,0,0,,0.00548447,0,0,0,8,7,1,0,0,0,1,1,1,1,0,0,0,0,0,0,0,0,0,1,0,0,0,0,0,1,0,2026-09-02T00:09:37.525872+00:00
Turquia Super Lig 2026/2027,Kocaelispor - Amed Sportif Faaliyetler,2026-08-24T18:30:00+00:00,finished,2,2-0,Amed Sportif Faaliyetler,Rayan Raveloson,M,80,6.8,58,0,0,0.1019,0.0181301,2,0,1,43,39,2,1,0,0,2,1,4,4,0,0,3,2,0,0,5,2,1,8,0,2,0,0,0,1,0,2026-09-02T00:09:37.525726+00:00
Turquia Super Lig 2026/2027,Kocaelispor - Amed Sportif Faaliyetler,2026-08-24T18:30:00+00:00,finished,2,2-0,Amed Sportif Faaliyetler,Samuel Ballet,F,68,6.5,40,0,0,0.0165,0.0295786,1,1,1,26,16,2,1,0,0,1,1,4,6,0,0,1,0,0,0,2,0,0,18,2,5,0,0,0,1,0,2026-09-02T00:09:37.525734+00:00
Turquia Super Lig 2026/2027,Kocaelispor - Amed Sportif Faaliyetler,2026-08-24T18:30:00+00:00,finished,2,2-0,Kocaelispor,Serhat Öztaşdelen,G,90,7.1,38,0,0,,0.00271884,0,0,0,29,13,24,8,0,0,0,0,0,0,0,0,0,0,2,0,6,0,0,16,0,0,0,0,1,0,1,2026-09-02T00:09:37.524094+00:00
Turquia Super Lig 2026/2027,Kocaelispor - Amed Sportif Faaliyetler,2026-08-24T18:30:00+00:00,finished,2,2-0,Kocaelispor,Show,M,90,6.8,61,0,0,0.0533,0.0232503,2,0,0,52,44,7,4,0,0,0,0,1,5,0,1,0,0,0,2,7,0,0,9,1,3,0,0,0,0,0,2026-09-02T00:09:37.524286+00:00
Turquia Super Lig 2026/2027,Kocaelispor - Amed Sportif Faaliyetler,2026-08-24T18:30:00+00:00,finished,2,2-0,Kocaelispor,Tanguy Zoukrou,D,90,7.2,57,0,0,,0.0047361,0,0,0,48,41,8,3,0,0,0,0,4,0,2,0,2,1,4,0,2,0,0,7,0,1,0,0,0,0,0,2026-09-02T00:09:37.524051+00:00
Turquia Super Lig 2026/2027,Kocaelispor - Amed Sportif Faaliyetler,2026-08-24T18:30:00+00:00,finished,2,2-0,Amed Sportif Faaliyetler,Umut Meraş,D,45,6.4,34,0,0,,0.0090028,0,0,0,25,22,0,0,3,0,0,0,1,0,0,0,1,0,0,0,1,0,0,6,0,0,0,0,0,1,0,2026-09-02T00:09:37.525823+00:00
Turquia Super Lig 2026/2027,Kocaelispor - Amed Sportif Faaliyetler,2026-08-24T18:30:00+00:00,finished,2,2-0,Kocaelispor,Uğur Kaan Yıldız,D,30,7.1,13,0,1,0.0226,0.204077,1,0,1,6,4,1,0,3,2,0,0,1,0,0,0,1,1,1,0,2,0,0,3,0,0,0,0,0,0,0,2026-09-02T00:09:37.525291+00:00
Turquia Super Lig 2026/2027,Kocaelispor - Amed Sportif Faaliyetler,2026-08-24T18:30:00+00:00,finished,2,2-0,Amed Sportif Faaliyetler,Yira Collins Sor,M,90,6.2,40,0,0,0.0175,0.0537951,1,0,2,26,21,1,0,3,0,1,1,3,4,0,1,1,1,0,1,5,1,1,12,1,1,0,0,0,2,0,2026-09-02T00:09:37.525680+00:00
Turquia Super Lig 2026/2027,Gençlerbirliği - Erzurumspor FK,2026-08-28T18:30:00+00:00,finished,3,1-1,Gençlerbirliği,Abdurrahim Dursun,D,90,6.8,60,0,0,,0.0384568,0,0,0,42,30,7,4,2,0,0,0,3,2,3,1,0,0,7,0,1,0,0,15,0,1,0,0,0,1,0,2026-09-02T00:09:37.616256+00:00
Turquia Super Lig 2026/2027,Gençlerbirliği - Erzurumspor FK,2026-08-28T18:30:00+00:00,finished,3,1-1,Gençlerbirliği,Adama Malouda Traoré,M,90,7.6,52,1,0,0.0423,0.0283401,2,2,1,33,25,5,3,2,0,5,2,4,6,0,0,1,1,1,0,1,0,2,18,1,1,0,0,0,1,0,2026-09-02T00:09:37.616282+00:00
Turquia Super Lig 2026/2027,Gençlerbirliği - Erzurumspor FK,2026-08-28T18:30:00+00:00,finished,3,1-1,Erzurumspor FK,Amar Gerxhaliu,D,90,7.2,79,0,0,0.0154,0.0124899,1,0,0,65,57,13,6,0,0,0,0,0,0,0,0,0,0,5,1,3,0,0,9,0,0,0,0,0,1,0,2026-09-02T00:09:37.616455+00:00
Turquia Super Lig 2026/2027,Gençlerbirliği - Erzurumspor FK,2026-08-28T18:30:00+00:00,finished,3,1-1,Erzurumspor FK,Brandon Baiye,M,90,6.7,55,0,0,,0.00779252,0,0,1,49,45,2,2,0,0,0,0,1,2,0,0,1,1,2,0,5,0,0,5,0,1,0,0,0,1,0,2026-09-02T00:09:37.616426+00:00
Turquia Super Lig 2026/2027,Gençlerbirliği - Erzurumspor FK,2026-08-28T18:30:00+00:00,finished,3,1-1,Erzurumspor FK,Cengizhan Bayrak,D,0,,0,0,0,,,0,0,0,0,0,0,0,0,0,0,0,0,0,0,0,0,0,0,0,0,0,0,0,0,0,0,0,0,0,0,2026-09-02T00:09:37.616572+00:00
Turquia Super Lig 2026/2027,Gençlerbirliği - Erzurumspor FK,2026-08-28T18:30:00+00:00,finished,3,1-1,Gençlerbirliği,Dimitris Goutas,D,90,6.2,66,0,0,,0.00547947,0,0,0,56,47,8,4,0,0,1,1,3,2,2,0,0,0,8,0,1,0,0,9,0,2,0,0,0,1,0,2026-09-02T00:09:37.616234+00:00
Turquia Super Lig 2026/2027,Gençlerbirliği - Erzurumspor FK,2026-08-28T18:30:00+00:00,finished,3,1-1,Erzurumspor FK,Elisha Owusu,M,90,6.2,56,0,0,,0.0185089,0,0,0,46,39,5,2,0,0,0,0,3,9,0,1,2,2,2,0,3,0,1,11,1,5,1,0,0,1,0,2026-09-02T00:09:37.616409+00:00
Turquia Super Lig 2026/2027,Gençlerbirliği - Erzurumspor FK,2026-08-28T18:30:00+00:00,finished,3,1-1,Gençlerbirliği,Ensar Kemaloğlu,M,10,6.7,10,0,0,,0.00205281,0,0,0,5,5,0,0,3,0,0,0,1,0,0,0,0,0,0,0,0,0,0,4,1,0,0,0,0,0,0,2026-09-02T00:09:37.616336+00:00
Turquia Super Lig 2026/2027,Gençlerbirliği - Erzurumspor FK,2026-08-28T18:30:00+00:00,finished,3,1-1,Erzurumspor FK,Eren Tozlu,F,71,7.4,33,1,0,0.814,0.119321,4,2,0,20,17,0,0,0,0,1,0,4,6,1,2,1,1,0,0,1,0,2,6,2,0,0,0,0,1,0,2026-09-02T00:09:37.616509+00:00
Turquia Super Lig 2026/2027,Gençlerbirliği - Erzurumspor FK,2026-08-28T18:30:00+00:00,finished,3,1-1,Gençlerbirliği,Erk Arda Aslan,F,0,,0,0,0,,,0,0,0,0,0,0,0,0,0,0,0,0,0,0,0,0,0,0,0,0,0,0,0,0,0,0,0,0,0,0,2026-09-02T00:09:37.616400+00:00
Turquia Super Lig 2026/2027,Gençlerbirliği - Erzurumspor FK,2026-08-28T18:30:00+00:00,finished,3,1-1,Erzurumspor FK,Ertuğrul Taşkıran,G,90,7.0,55,0,0,,0.00360161,0,0,0,47,29,28,10,0,0,0,0,1,0,0,0,0,0,1,0,8,0,0,18,1,0,0,0,3,1,0,2026-09-02T00:09:37.616418+00:00
Turquia Super Lig 2026/2027,Gençlerbirliği - Erzurumspor FK,2026-08-28T18:30:00+00:00,finished,3,1-1,Erzurumspor FK,Festy Ebosele,D,13,6.6,8,0,0,,0.0011884,0,0,0,8,5,0,0,0,0,0,0,0,0,0,0,0,0,0,0,0,0,0,3,0,0,0,0,0,0,0,2026-09-02T00:09:37.616534+00:00
Turquia Super Lig 2026/2027,Gençlerbirliği - Erzurumspor FK,2026-08-28T18:30:00+00:00,finished,3,1-1,Gençlerbirliği,Franco Tongya,M,90,6.9,23,0,0,,0.0896212,0,0,3,15,13,1,1,1,1,1,0,3,2,0,0,1,1,1,0,3,0,1,4,2,1,0,0,0,1,0,2026-09-02T00:09:37.616272+00:00
Turquia Super Lig 2026/2027,Gençlerbirliği - Erzurumspor FK,2026-08-28T18:30:00+00:00,finished,3,1-1,Gençlerbirliği,Fıratcan Üzüm,D,0,,0,0,0,,,0,0,0,0,0,0,0,0,0,0,0,0,0,0,0,0,0,0,0,0,0,0,0,0,0,0,0,0,0,0,2026-09-02T00:09:37.616368+00:00
Turquia Super Lig 2026/2027,Gençlerbirliği - Erzurumspor FK,2026-08-28T18:30:00+00:00,finished,3,1-1,Erzurumspor FK,Guram Giorbelidze,D,89,6.7,55,0,0,,0.219604,0,0,1,28,21,5,0,3,1,1,0,4,3,0,2,2,1,1,1,5,0,0,11,2,1,0,0,0,1,0,2026-09-02T00:09:37.616489+00:00
Turquia Super Lig 2026/2027,Gençlerbirliği - Erzurumspor FK,2026-08-28T18:30:00+00:00,finished,3,1-1,Erzurumspor FK,Gyrano Kerk,F,0,,0,0,0,,,0,0,0,0,0,0,0,0,0,0,0,0,0,0,0,0,0,0,0,0,0,0,0,0,0,0,0,0,0,0,2026-09-02T00:09:37.616556+00:00
Turquia Super Lig 2026/2027,Gençlerbirliği - Erzurumspor FK,2026-08-28T18:30:00+00:00,finished,3,1-1,Gençlerbirliği,Gökhan Akkan,G,0,,0,0,0,,,0,0,0,0,0,0,0,0,0,0,0,0,0,0,0,0,0,0,0,0,0,0,0,0,0,0,0,0,0,0,2026-09-02T00:09:37.616353+00:00
Turquia Super Lig 2026/2027,Gençlerbirliği - Erzurumspor FK,2026-08-28T18:30:00+00:00,finished,3,1-1,Gençlerbirliği,Göktug Erdem,M,0,,0,0,0,,,0,0,0,0,0,0,0,0,0,0,0,0,0,0,0,0,0,0,0,0,0,0,0,0,0,0,0,0,0,0,2026-09-02T00:09:37.616384+00:00
Turquia Super Lig 2026/2027,Gençlerbirliği - Erzurumspor FK,2026-08-28T18:30:00+00:00,finished,3,1-1,Erzurumspor FK,Ibrahim Diabaté,F,19,6.3,3,0,0,0.0138,,1,0,0,0,0,0,0,0,0,0,0,0,2,0,1,0,0,0,0,0,0,1,2,0,0,0,0,0,0,0,2026-09-02T00:09:37.616528+00:00
Turquia Super Lig 2026/2027,Gençlerbirliği - Erzurumspor FK,2026-08-28T18:30:00+00:00,finished,3,1-1,Erzurumspor FK,Martín Rodríguez,M,85,6.4,48,0,0,,0.060216,0,0,2,27,19,1,0,6,2,1,1,5,3,0,0,1,0,0,0,1,0,2,18,3,0,0,0,0,1,0,2026-09-02T00:09:37.616503+00:00
Turquia Super Lig 2026/2027,Gençlerbirliği - Erzurumspor FK,2026-08-28T18:30:00+00:00,finished,3,1-1,Erzurumspor FK,Matija Orbanić,G,0,,0,0,0,,,0,0,0,0,0,0,0,0,0,0,0,0,0,0,0,0,0,0,0,0,0,0,0,0,0,0,0,0,0,0,2026-09-02T00:09:37.616551+00:00
Turquia Super Lig 2026/2027,Gençlerbirliği - Erzurumspor FK,2026-08-28T18:30:00+00:00,finished,3,1-1,Gençlerbirliği,Metehan Baltacı,D,1,,3,0,0,,8.649e-05,0,0,0,2,2,0,0,0,0,0,0,1,0,1,0,0,0,1,0,0,0,0,0,0,0,0,0,0,0,0,2026-09-02T00:09:37.616344+00:00
Turquia Super Lig 2026/2027,Gençlerbirliği - Erzurumspor FK,2026-08-28T18:30:00+00:00,finished,3,1-1,Erzurumspor FK,Miguel Cardoso,M,19,6.6,21,0,0,0.0071,0.00380423,1,1,0,9,9,0,0,5,0,0,0,2,2,0,1,2,1,0,0,1,0,0,7,0,1,0,0,0,0,0,2026-09-02T00:09:37.616522+00:00
Turquia Super Lig 2026/2027,Gençlerbirliği - Erzurumspor FK,2026-08-28T18:30:00+00:00,finished,3,1-1,Erzurumspor FK,Murat Cem Akpinar,M,0,,0,0,0,,,0,0,0,0,0,0,0,0,0,0,0,0,0,0,0,0,0,0,0,0,0,0,0,0,0,0,0,0,0,0,2026-09-02T00:09:37.616567+00:00
Turquia Super Lig 2026/2027,Gençlerbirliği - Erzurumspor FK,2026-08-28T18:30:00+00:00,finished,3,1-1,Erzurumspor FK,Mustafa Fettahoglu,M,71,6.4,21,0,0,0.0901,0.0647808,1,0,2,12,10,0,0,1,0,0,0,3,6,1,3,1,1,1,0,2,1,2,7,1,1,0,0,0,1,0,2026-09-02T00:09:37.616516+00:00
Turquia Super Lig 2026/2027,Gençlerbirliği - Erzurumspor FK,2026-08-28T18:30:00+00:00,finished,3,1-1,Erzurumspor FK,Mustafa Yumlu,D,90,6.5,52,0,0,,0.112185,0,0,1,44,38,1,0,0,0,0,0,2,3,1,2,1,1,4,0,3,0,0,6,0,1,1,0,0,1,0,2026-09-02T00:09:37.616474+00:00
Turquia Super Lig 2026/2027,Gençlerbirliği - Erzurumspor FK,2026-08-28T18:30:00+00:00,finished,3,1-1,Erzurumspor FK,Nariman Akhundzade,F,13,6.6,7,0,0,,0.0024884,0,0,0,5,3,0,0,0,0,0,0,1,0,0,0,0,0,0,0,1,0,0,2,1,0,0,0,0,0,0,2026-09-02T00:09:37.616539+00:00
Turquia Super Lig 2026/2027,Gençlerbirliği - Erzurumspor FK,2026-08-28T18:30:00+00:00,finished,3,1-1,Erzurumspor FK,Nihad Mujakić,D,90,6.4,71,0,0,,0.0102497,0,0,0,58,47,11,4,1,0,2,2,3,6,0,2,1,1,1,1,8,0,2,15,0,1,1,0,0,1,0,2026-09-02T00:09:37.616434+00:00
Turquia Super Lig 2026/2027,Gençlerbirliği - Erzurumspor FK,2026-08-28T18:30:00+00:00,finished,3,1-1,Erzurumspor FK,Orhan Ovacıklı,D,85,7.1,54,0,0,0.0306,0.00718328,1,1,0,30,22,2,1,1,0,1,0,4,2,0,0,2,2,2,0,4,0,0,14,2,0,0,0,0,1,0,2026-09-02T00:09:37.616497+00:00
Turquia Super Lig 2026/2027,Gençlerbirliği - Erzurumspor FK,2026-08-28T18:30:00+00:00,finished,3,1-1,Gençlerbirliği,Ousmane Diabate,M,90,7.0,61,0,1,0.1084,0.00918359,3,0,1,43,29,8,4,0,0,0,0,5,3,0,0,5,4,2,0,7,0,0,17,0,3,1,0,0,1,0,2026-09-02T00:09:37.616170+00:00
Turquia Super Lig 2026/2027,Gençlerbirliği - Erzurumspor FK,2026-08-28T18:30:00+00:00,finished,3,1-1,Gençlerbirliği,Oğulcan Ülgün,M,71,6.3,40,0,0,,0.0111469,0,0,0,30,23,2,0,2,0,1,0,3,6,1,1,1,0,0,0,6,0,1,13,1,1,1,0,0,1,0,2026-09-02T00:09:37.616307+00:00
Turquia Super Lig 2026/2027,Gençlerbirliği - Erzurumspor FK,2026-08-28T18:30:00+00:00,finished,3,1-1,Gençlerbirliği,Pedro Pereira,D,90,6.7,75,0,0,,0.0165254,0,0,0,55,48,3,3,2,0,0,0,4,4,3,0,1,1,0,0,5,0,2,13,0,2,1,0,0,1,0,2026-09-02T00:09:37.616225+00:00
Turquia Super Lig 2026/2027,Gençlerbirliği - Erzurumspor FK,2026-08-28T18:30:00+00:00,finished,3,1-1,Gençlerbirliği,Prince Martor,F,0,,0,0,0,,,0,0,0,0,0,0,0,0,0,0,0,0,0,0,0,0,0,0,0,0,0,0,0,0,0,0,0,0,0,0,2026-09-02T00:09:37.616392+00:00
Turquia Super Lig 2026/2027,Gençlerbirliği - Erzurumspor FK,2026-08-28T18:30:00+00:00,finished,3,1-1,Gençlerbirliği,Salih Uçan,M,19,6.7,7,0,0,,0.0184517,0,0,1,4,3,0,0,1,1,0,0,1,1,0,0,0,0,0,0,2,0,1,2,1,0,0,0,0,0,0,2026-09-02T00:09:37.616322+00:00
Turquia Super Lig 2026/2027,Gençlerbirliği - Erzurumspor FK,2026-08-28T18:30:00+00:00,finished,3,1-1,Erzurumspor FK,Sefa Akgün,M,0,,0,0,0,,,0,0,0,0,0,0,0,0,0,0,0,0,0,0,0,0,0,0,0,0,0,0,0,0,0,0,0,0,0,0,2026-09-02T00:09:37.616561+00:00
Turquia Super Lig 2026/2027,Gençlerbirliği - Erzurumspor FK,2026-08-28T18:30:00+00:00,finished,3,1-1,Gençlerbirliği,Sekou Koita,F,80,6.8,23,0,0,0.3346,0.023068,5,1,1,13,7,1,0,1,0,1,1,6,2,3,1,1,1,0,0,5,2,0,8,1,1,0,0,0,1,0,2026-09-02T00:09:37.616300+00:00
Turquia Super Lig 2026/2027,Gençlerbirliği - Erzurumspor FK,2026-08-28T18:30:00+00:00,finished,3,1-1,Gençlerbirliği,Thalisson,D,0,,0,0,0,,,0,0,0,0,0,0,0,0,0,0,0,0,0,0,0,0,0,0,0,0,0,0,0,0,0,0,0,0,0,0,2026-09-02T00:09:37.616361+00:00
Turquia Super Lig 2026/2027,Gençlerbirliği - Erzurumspor FK,2026-08-28T18:30:00+00:00,finished,3,1-1,Gençlerbirliği,Tiago Gouveia,F,89,7.5,45,0,0,0.1844,0.166926,4,2,3,21,17,2,1,4,2,4,3,7,4,0,0,2,2,0,0,5,1,2,13,2,1,0,0,0,1,0,2026-09-02T00:09:37.616291+00:00
Turquia Super Lig 2026/2027,Gençlerbirliği - Erzurumspor FK,2026-08-28T18:30:00+00:00,finished,3,1-1,Erzurumspor FK,Yakup Kırtay,D,9,6.7,7,0,0,,0.00027554,0,0,0,5,3,1,1,0,0,0,0,0,0,0,0,0,0,2,0,0,0,0,2,0,0,0,0,0,0,0,2026-09-02T00:09:37.616545+00:00
Turquia Super Lig 2026/2027,Gençlerbirliği - Erzurumspor FK,2026-08-28T18:30:00+00:00,finished,3,1-1,Gençlerbirliği,Yiğit Hamza Aydar,D,0,,0,0,0,,,0,0,0,0,0,0,0,0,0,0,0,0,0,0,0,0,0,0,0,0,0,0,0,0,0,0,0,0,0,0,2026-09-02T00:09:37.616377+00:00
Turquia Super Lig 2026/2027,Gençlerbirliği - Erzurumspor FK,2026-08-28T18:30:00+00:00,finished,3,1-1,Gençlerbirliği,İrfan Can Eğribayat,G,90,6.6,36,0,0,,0.00069248,0,0,0,22,17,8,3,0,0,0,0,0,0,0,0,0,0,0,0,10,0,0,5,0,0,0,0,3,1,0,2026-09-02T00:09:37.616214+00:00
Turquia Super Lig 2026/2027,Gençlerbirliği - Erzurumspor FK,2026-08-28T18:30:00+00:00,finished,3,1-1,Gençlerbirliği,Žan Žužek,D,90,7.1,84,0,0,0.1335,0.0168313,2,0,1,62,54,11,6,0,0,0,0,3,2,1,0,1,0,10,3,4,2,0,11,1,2,0,0,0,1,0,2026-09-02T00:09:37.616241+00:00
Turquia Super Lig 2026/2027,Konyaspor - Kocaelispor,2026-08-29T16:00:00+00:00,finished,3,1-2,Kocaelispor,,,30,6.4,8,0,0,,0.00668264,0,0,0,4,4,0,0,0,0,0,0,0,1,0,0,0,0,1,0,0,0,1,2,0,0,0,0,0,0,0,2026-09-02T00:09:37.720010+00:00
Turquia Super Lig 2026/2027,Konyaspor - Kocaelispor,2026-08-29T16:00:00+00:00,finished,3,1-2,Konyaspor,Adil Demirbağ,D,90,6.3,58,0,0,,0.00296175,0,0,0,49,41,8,4,0,0,0,0,3,4,1,2,1,1,3,0,5,0,1,9,1,1,0,0,0,2,0,2026-09-02T00:09:37.717702+00:00
Turquia Super Lig 2026/2027,Konyaspor - Kocaelispor,2026-08-29T16:00:00+00:00,finished,3,1-2,Kocaelispor,Anfernee Jamal Dijksteel,D,90,7.1,89,0,0,0.0169,0.0295601,1,1,1,70,65,3,1,0,0,1,0,6,2,1,0,2,2,5,0,2,0,0,9,3,1,0,0,0,1,0,2026-09-02T00:09:37.719645+00:00
Turquia Super Lig 2026/2027,Konyaspor - Kocaelispor,2026-08-29T16:00:00+00:00,finished,3,1-2,Konyaspor,Arif Boşluk,D,0,,0,0,0,,,0,0,0,0,0,0,0,0,0,0,0,0,0,0,0,0,0,0,0,0,0,0,0,0,0,0,0,0,0,0,2026-09-02T00:09:37.719594+00:00
Turquia Super Lig 2026/2027,Konyaspor - Kocaelispor,2026-08-29T16:00:00+00:00,finished,3,1-2,Konyaspor,Arthur Masuaku,D,49,6.8,33,0,0,,0.0740657,0,0,1,16,13,7,4,0,0,2,1,6,3,1,1,3,3,0,1,4,0,1,10,1,0,0,0,0,2,0,2026-09-02T00:09:37.717827+00:00
Turquia Super Lig 2026/2027,Konyaspor - Kocaelispor,2026-08-29T16:00:00+00:00,finished,3,1-2,Konyaspor,Bahadır Han Güngördü,G,0,,0,0,0,,,0,0,0,0,0,0,0,0,0,0,0,0,0,0,0,0,0,0,0,0,0,0,0,0,0,0,0,0,0,0,2026-09-02T00:09:37.719582+00:00
Turquia Super Lig 2026/2027,Konyaspor - Kocaelispor,2026-08-29T16:00:00+00:00,finished,3,1-2,Kocaelispor,Bedirhan Yıldız,F,0,,0,0,0,,,0,0,0,0,0,0,0,0,0,0,0,0,0,0,0,0,0,0,0,0,0,0,0,0,0,0,0,0,0,0,2026-09-02T00:09:37.720074+00:00
Turquia Super Lig 2026/2027,Konyaspor - Kocaelispor,2026-08-29T16:00:00+00:00,finished,3,1-2,Kocaelispor,Berkan Kutlu,M,90,7.0,95,0,0,0.0514,0.248829,3,2,4,71,59,4,3,8,4,2,0,2,3,0,0,1,0,1,1,4,1,1,20,1,0,0,0,0,1,0,2026-09-02T00:09:37.719938+00:00
Turquia Super Lig 2026/2027,Konyaspor - Kocaelispor,2026-08-29T16:00:00+00:00,finished,3,1-2,Konyaspor,Chidozie Awaziem,D,90,6.9,76,0,0,0.0184,0.013137,1,0,0,59,53,10,5,0,0,0,0,3,1,1,0,1,1,10,0,7,0,1,7,1,0,0,0,0,2,0,2026-09-02T00:09:37.716661+00:00
Turquia Super Lig 2026/2027,Konyaspor - Kocaelispor,2026-08-29T16:00:00+00:00,finished,3,1-2,Konyaspor,Da Mata,D,0,,0,0,0,,,0,0,0,0,0,0,0,0,0,0,0,0,0,0,0,0,0,0,0,0,0,0,0,0,0,0,0,0,0,0,2026-09-02T00:09:37.719604+00:00
Turquia Super Lig 2026/2027,Konyaspor - Kocaelispor,2026-08-29T16:00:00+00:00,finished,3,1-2,Kocaelispor,Dan Agyei,F,89,6.7,32,0,0,0.0499,0.0183494,2,1,0,18,15,0,0,3,0,2,1,7,4,3,0,2,1,0,0,2,1,2,9,1,1,1,0,0,1,0,2026-09-02T00:09:37.719967+00:00
Turquia Super Lig 2026/2027,Konyaspor - Kocaelispor,2026-08-29T16:00:00+00:00,finished,3,1-2,Konyaspor,Deniz Ertaş,G,90,6.8,61,0,0,,0.003938,0,0,0,50,33,29,12,0,0,0,0,0,0,0,0,0,0,0,0,11,0,0,17,0,0,0,0,6,2,0,2026-09-02T00:09:37.716597+00:00
Turquia Super Lig 2026/2027,Konyaspor - Kocaelispor,2026-08-29T16:00:00+00:00,finished,3,1-2,Konyaspor,Deniz Türüç,M,73,6.3,40,0,0,0.0112,0.0191376,1,0,0,26,18,3,2,0,0,1,0,1,7,1,5,0,0,0,0,3,0,1,13,0,0,0,0,0,1,0,2026-09-02T00:09:37.717806+00:00
Turquia Super Lig 2026/2027,Konyaspor - Kocaelispor,2026-08-29T16:00:00+00:00,finished,3,1-2,Konyaspor,Diogo Gonçalves,M,77,6.6,31,0,0,0.2129,0.0587841,1,0,2,22,19,2,2,1,1,0,0,3,2,0,0,1,0,1,1,0,0,1,4,2,1,0,0,0,1,0,2026-09-02T00:09:37.717782+00:00
Turquia Super Lig 2026/2027,Konyaspor - Kocaelispor,2026-08-29T16:00:00+00:00,finished,3,1-2,Konyaspor,Ebrima Colley,F,45,6.6,23,0,0,0.0147,0.0182264,1,0,1,17,12,3,2,1,0,0,0,1,1,0,0,0,0,0,0,1,0,0,7,1,1,0,0,0,0,0,2026-09-02T00:09:37.719055+00:00
Turquia Super Lig 2026/2027,Konyaspor - Kocaelispor,2026-08-29T16:00:00+00:00,finished,3,1-2,Kocaelispor,Ege Bilim,M,0,,0,0,0,,,0,0,0,0,0,0,0,0,0,0,0,0,0,0,0,0,0,0,0,0,0,0,0,0,0,0,0,0,0,0,2026-09-02T00:09:37.720060+00:00
Turquia Super Lig 2026/2027,Konyaspor - Kocaelispor,2026-08-29T16:00:00+00:00,finished,3,1-2,Konyaspor,Emir Bars,M,0,,0,0,0,,,0,0,0,0,0,0,0,0,0,0,0,0,0,0,0,0,0,0,0,0,0,0,0,0,0,0,0,0,0,0,2026-09-02T00:09:37.719563+00:00
Turquia Super Lig 2026/2027,Konyaspor - Kocaelispor,2026-08-29T16:00:00+00:00,finished,3,1-2,Kocaelispor,Emir Ortakaya,D,0,,0,0,0,,,0,0,0,0,0,0,0,0,0,0,0,0,0,0,0,0,0,0,0,0,0,0,0,0,0,0,0,0,0,0,2026-09-02T00:09:37.720051+00:00
Turquia Super Lig 2026/2027,Konyaspor - Kocaelispor,2026-08-29T16:00:00+00:00,finished,3,1-2,Konyaspor,Enis Bardhi,M,3,3.2,3,0,0,,,0,0,0,1,0,0,0,0,0,0,0,1,1,0,0,1,1,0,0,0,0,0,2,0,1,0,1,0,2,0,2026-09-02T00:09:37.719540+00:00
Turquia Super Lig 2026/2027,Konyaspor - Kocaelispor,2026-08-29T16:00:00+00:00,finished,3,1-2,Konyaspor,Enis Destan,F,13,6.7,10,0,0,,0.0113173,0,0,0,8,5,0,0,0,0,0,0,3,1,3,0,0,0,1,0,0,0,0,4,0,2,0,0,0,1,0,2026-09-02T00:09:37.719133+00:00
Turquia Super Lig 2026/2027,Konyaspor - Kocaelispor,2026-08-29T16:00:00+00:00,finished,3,1-2,Kocaelispor,Gonçalo Sousa,F,89,7.0,57,0,1,0.0402,0.435351,1,1,2,41,38,3,2,4,1,2,0,2,3,0,1,2,1,0,0,5,0,0,13,0,0,0,0,0,1,0,2026-09-02T00:09:37.719957+00:00
Turquia Super Lig 2026/2027,Konyaspor - Kocaelispor,2026-08-29T16:00:00+00:00,finished,3,1-2,Kocaelispor,Haydar Karataş,F,0,,0,0,0,,,0,0,0,0,0,0,0,0,0,0,0,0,0,0,0,0,0,0,0,0,0,0,0,0,0,0,0,0,0,0,2026-09-02T00:09:37.720067+00:00
Turquia Super Lig 2026/2027,Konyaspor - Kocaelispor,2026-08-29T16:00:00+00:00,finished,3,1-2,Konyaspor,Jackson Muleka,F,90,6.2,42,0,0,0.2504,0.0140398,2,0,0,22,17,2,2,0,0,3,1,6,12,0,1,1,0,1,0,2,0,4,14,4,4,0,0,0,2,0,2026-09-02T00:09:37.717762+00:00
Turquia Super Lig 2026/2027,Konyaspor - Kocaelispor,2026-08-29T16:00:00+00:00,finished,3,1-2,Kocaelispor,Mahamadou Susoho,M,45,6.4,17,0,0,,0.00406745,0,0,0,13,12,0,0,0,0,1,0,2,3,0,0,0,0,0,0,2,0,0,2,2,2,1,0,0,1,0,2026-09-02T00:09:37.719994+00:00
Turquia Super Lig 2026/2027,Konyaspor - Kocaelispor,2026-08-29T16:00:00+00:00,finished,3,1-2,Kocaelispor,Makana Baku,M,66,6.8,36,0,0,0.0183,0.0536601,1,0,2,18,16,0,0,0,0,1,0,7,5,1,2,3,1,1,1,2,1,1,5,3,1,0,0,0,1,0,2026-09-02T00:09:37.719976+00:00
Turquia Super Lig 2026/2027,Konyaspor - Kocaelispor,2026-08-29T16:00:00+00:00,finished,3,1-2,Konyaspor,Marko Jevtović,M,77,7.0,38,0,0,,0.00662359,0,0,0,32,27,6,4,0,0,0,0,4,2,0,0,2,0,1,1,3,0,0,5,2,2,0,0,0,1,0,2026-09-02T00:09:37.717795+00:00
Turquia Super Lig 2026/2027,Konyaspor - Kocaelispor,2026-08-29T16:00:00+00:00,finished,3,1-2,Kocaelispor,Massadio Haïdara,D,90,7.4,68,1,0,0.2376,0.0309119,2,1,1,44,38,2,2,1,0,0,0,7,3,3,2,2,1,4,0,2,0,0,10,2,1,0,0,0,1,0,2026-09-02T00:09:37.719665+00:00
Turquia Super Lig 2026/2027,Konyaspor - Kocaelispor,2026-08-29T16:00:00+00:00,finished,3,1-2,Kocaelispor,Matej Maglica,D,90,6.5,73,0,0,0.0337,0.0268399,2,0,1,63,58,10,6,0,0,0,0,3,4,2,1,0,0,4,1,2,0,0,6,1,3,1,0,0,1,0,2026-09-02T00:09:37.719655+00:00
Turquia Super Lig 2026/2027,Konyaspor - Kocaelispor,2026-08-29T16:00:00+00:00,finished,3,1-2,Konyaspor,Melih İbrahimoğlu,M,90,6.7,48,0,0,0.2671,0.0753755,4,0,0,31,30,0,0,0,0,0,0,3,4,0,0,3,1,3,0,5,1,0,5,0,1,0,0,0,2,0,2026-09-02T00:09:37.717737+00:00
Turquia Super Lig 2026/2027,Konyaspor - Kocaelispor,2026-08-29T16:00:00+00:00,finished,3,1-2,Kocaelispor,Metehan Altunbaş,M,24,7.3,14,1,0,0.1894,0.00144616,2,1,0,6,4,0,0,0,0,2,0,1,3,0,0,1,1,0,0,1,0,0,6,0,0,0,0,0,0,0,2026-09-02T00:09:37.720018+00:00
Turquia Super Lig 2026/2027,Konyaspor - Kocaelispor,2026-08-29T16:00:00+00:00,finished,3,1-2,Kocaelispor,Muharrem Cinan,D,1,,1,0,0,,2.086e-05,0,0,0,1,1,0,0,0,0,0,0,0,0,0,0,0,0,0,0,0,0,0,0,0,0,0,0,0,0,0,2026-09-02T00:09:37.720026+00:00
Turquia Super Lig 2026/2027,Konyaspor - Kocaelispor,2026-08-29T16:00:00+00:00,finished,3,1-2,Konyaspor,Omer Cobanoglu,M,0,,0,0,0,,,0,0,0,0,0,0,0,0,0,0,0,0,0,0,0,0,0,0,0,0,0,0,0,0,0,0,0,0,0,0,2026-09-02T00:09:37.719614+00:00
Turquia Super Lig 2026/2027,Konyaspor - Kocaelispor,2026-08-29T16:00:00+00:00,finished,3,1-2,Kocaelispor,Onur Öztonga,D,1,,1,0,0,,,0,0,0,1,0,1,0,0,0,0,0,0,0,0,0,0,0,0,0,0,0,0,1,0,0,0,0,0,0,0,2026-09-02T00:09:37.720035+00:00
Turquia Super Lig 2026/2027,Konyaspor - Kocaelispor,2026-08-29T16:00:00+00:00,finished,3,1-2,Kocaelispor,Onurcan Piri,G,0,,0,0,0,,,0,0,0,0,0,0,0,0,0,0,0,0,0,0,0,0,0,0,0,0,0,0,0,0,0,0,0,0,0,0,2026-09-02T00:09:37.720042+00:00
Turquia Super Lig 2026/2027,Konyaspor - Kocaelispor,2026-08-29T16:00:00+00:00,finished,3,1-2,Konyaspor,Rajmund Tóth,M,13,6.3,9,0,0,,0.00374279,0,0,1,7,5,1,1,0,0,1,0,0,2,0,0,0,0,0,0,2,0,0,4,0,1,1,0,0,1,0,2026-09-02T00:09:37.719156+00:00
Turquia Super Lig 2026/2027,Konyaspor - Kocaelispor,2026-08-29T16:00:00+00:00,finished,3,1-2,Konyaspor,Rayyan Baniya,D,17,6.2,2,0,0,,7.4e-07,0,0,0,1,1,0,0,0,0,0,0,0,1,0,1,0,0,1,0,0,0,0,0,0,0,0,0,0,1,0,2026-09-02T00:09:37.719091+00:00
Turquia Super Lig 2026/2027,Konyaspor - Kocaelispor,2026-08-29T16:00:00+00:00,finished,3,1-2,Kocaelispor,Serhat Öztaşdelen,G,90,6.2,26,0,0,,0.00052412,0,0,0,20,8,14,2,0,0,0,0,0,0,0,0,0,0,2,0,5,0,0,13,0,0,0,0,0,1,0,2026-09-02T00:09:37.719635+00:00
Turquia Super Lig 2026/2027,Konyaspor - Kocaelispor,2026-08-29T16:00:00+00:00,finished,3,1-2,Kocaelispor,Show,M,90,7.8,68,0,1,0.0293,0.549538,1,0,2,52,50,2,1,1,0,3,3,7,3,1,0,2,2,1,2,6,0,0,4,1,1,0,0,0,1,0,2026-09-02T00:09:37.719624+00:00
Turquia Super Lig 2026/2027,Konyaspor - Kocaelispor,2026-08-29T16:00:00+00:00,finished,3,1-2,Kocaelispor,Tanguy Zoukrou,D,60,5.9,37,0,0,,0.00188487,0,0,0,34,32,3,3,0,0,0,0,1,2,0,0,1,1,1,0,3,0,0,2,0,2,0,0,0,1,0,2026-09-02T00:09:37.719985+00:00
Turquia Super Lig 2026/2027,Konyaspor - Kocaelispor,2026-08-29T16:00:00+00:00,finished,3,1-2,Kocaelispor,Uğur Kaan Yıldız,D,45,7.1,52,0,0,,0.0167618,0,0,0,37,32,3,3,4,0,0,0,2,1,0,1,1,1,0,2,4,0,0,9,1,0,0,0,0,0,0,2026-09-02T00:09:37.720001+00:00
Turquia Super Lig 2026/2027,Konyaspor - Kocaelispor,2026-08-29T16:00:00+00:00,finished,3,1-2,Konyaspor,Uğurcan Yazğılı,D,41,7.1,30,0,0,,0.452836,0,0,2,24,21,3,0,1,0,0,0,0,3,0,1,0,0,0,0,1,0,1,5,0,1,0,0,0,0,0,2026-09-02T00:09:37.719080+00:00
Turquia Super Lig 2026/2027,Konyaspor - Kocaelispor,2026-08-29T16:00:00+00:00,finished,3,1-2,Konyaspor,Yhoan Andzouana,D,90,6.3,63,0,0,,0.0410714,0,0,1,36,27,4,1,2,1,3,1,3,3,0,0,2,1,1,3,5,0,0,13,0,1,0,0,0,2,0,2026-09-02T00:09:37.717723+00:00
Turquia Super Lig 2026/2027,Galatasaray - Göztepe,2026-08-29T18:30:00+00:00,finished,3,3-2,Galatasaray,Abdülkerim Bardakcı,D,45,6.4,34,0,0,,0.0927293,0,0,1,29,29,1,1,1,1,0,0,0,5,0,4,0,0,4,0,0,0,0,0,0,0,0,0,0,1,0,2026-09-02T00:09:37.945591+00:00
Turquia Super Lig 2026/2027,Galatasaray - Göztepe,2026-08-29T18:30:00+00:00,finished,3,3-2,Galatasaray,Aleksey Batrakov,M,52,7.0,35,0,0,0.2845,0.301497,3,1,0,22,19,1,1,1,0,1,0,2,2,1,1,0,0,1,0,1,0,0,7,1,0,0,0,0,1,0,2026-09-02T00:09:37.945584+00:00
Turquia Super Lig 2026/2027,Galatasaray - Göztepe,2026-08-29T18:30:00+00:00,finished,3,3-2,Göztepe,Alex Matos,M,8,6.5,3,0,0,0.1903,0.00014471,0,0,0,2,2,0,0,0,0,0,0,0,1,0,0,0,0,0,0,0,0,0,0,0,0,0,0,0,0,0,2026-09-02T00:09:37.946083+00:00
Turquia Super Lig 2026/2027,Galatasaray - Göztepe,2026-08-29T18:30:00+00:00,finished,3,3-2,Göztepe,André Henrique,F,79,6.9,19,0,1,0.0668,0.00308867,2,1,1,8,5,1,1,1,0,1,1,7,6,5,4,0,0,3,0,2,0,0,6,1,1,1,0,0,3,0,2026-09-02T00:09:37.945830+00:00
Turquia Super Lig 2026/2027,Galatasaray - Göztepe,2026-08-29T18:30:00+00:00,finished,3,3-2,Göztepe,Arda Kurtulan,M,97,7.1,50,0,0,,0.0135739,0,0,0,18,7,3,0,3,1,0,0,9,5,2,2,4,2,6,1,3,0,0,21,3,2,0,0,0,3,0,2026-09-02T00:09:37.945800+00:00
Turquia Super Lig 2026/2027,Galatasaray - Göztepe,2026-08-29T18:30:00+00:00,finished,3,3-2,Göztepe,Arda Özçimen,G,0,,0,0,0,,,0,0,0,0,0,0,0,0,0,0,0,0,0,0,0,0,0,0,0,0,0,0,0,0,0,0,0,0,0,0,2026-09-02T00:09:37.946096+00:00
Turquia Super Lig 2026/2027,Galatasaray - Göztepe,2026-08-29T18:30:00+00:00,finished,3,3-2,Galatasaray,Arda Ünyay,D,0,,0,0,0,,,0,0,0,0,0,0,0,0,0,0,0,0,0,0,0,0,0,0,0,0,0,0,0,0,0,0,0,0,0,0,2026-09-02T00:09:37.945687+00:00
Turquia Super Lig 2026/2027,Galatasaray - Göztepe,2026-08-29T18:30:00+00:00,finished,3,3-2,Galatasaray,Barış Alper Yılmaz,M,73,6.4,26,0,0,0.0531,0.0183581,2,1,0,17,13,0,0,1,0,1,0,4,3,4,0,0,0,0,0,1,0,1,7,0,1,1,0,0,2,0,2026-09-02T00:09:37.945577+00:00
Turquia Super Lig 2026/2027,Galatasaray - Göztepe,2026-08-29T18:30:00+00:00,finished,3,3-2,Göztepe,Bekir Turaç Böke,F,18,6.5,8,0,0,0.0231,0.0456032,1,0,0,6,5,0,0,0,0,0,0,1,2,1,2,0,0,0,0,1,1,0,2,0,0,0,0,0,0,0,2026-09-02T00:09:37.946076+00:00
Turquia Super Lig 2026/2027,Galatasaray - Göztepe,2026-08-29T18:30:00+00:00,finished,3,3-2,Galatasaray,Davinson Sánchez,D,97,8.0,78,1,0,0.2329,0.00750223,1,1,0,57,52,5,4,0,0,0,0,7,3,7,3,0,0,17,0,2,0,0,6,0,0,0,0,0,2,0,2026-09-02T00:09:37.945507+00:00
Turquia Super Lig 2026/2027,Galatasaray - Göztepe,2026-08-29T18:30:00+00:00,finished,3,3-2,Göztepe,Efkan Bekiroğlu,F,64,6.5,15,0,0,,0.0545785,0,0,2,10,6,2,1,3,1,0,0,0,4,0,2,0,0,1,0,2,0,0,7,0,2,0,0,0,3,0,2026-09-02T00:09:37.945838+00:00
Turquia Super Lig 2026/2027,Galatasaray - Göztepe,2026-08-29T18:30:00+00:00,finished,3,3-2,Göztepe,Ege Yildirim,D,97,6.0,24,0,0,,0.00174087,0,0,0,13,10,2,1,0,0,0,0,7,6,4,5,3,1,5,1,0,0,0,3,0,1,0,0,0,3,0,2026-09-02T00:09:37.945746+00:00
Turquia Super Lig 2026/2027,Galatasaray - Göztepe,2026-08-29T18:30:00+00:00,finished,3,3-2,Galatasaray,Eren Elmalı,D,16,6.4,7,0,0,,0.00305281,0,0,0,4,4,0,0,0,0,1,0,0,4,0,1,0,0,1,0,1,0,1,2,0,1,1,0,0,0,0,2026-09-02T00:09:37.945625+00:00
Turquia Super Lig 2026/2027,Galatasaray - Göztepe,2026-08-29T18:30:00+00:00,finished,3,3-2,Galatasaray,Gabriel Sara,M,73,7.4,47,1,0,0.2899,0.21935,4,1,5,22,17,0,0,11,3,1,0,1,3,1,1,0,0,3,0,2,0,1,17,0,0,0,0,0,2,0,2026-09-02T00:09:37.945570+00:00
Turquia Super Lig 2026/2027,Galatasaray - Göztepe,2026-08-29T18:30:00+00:00,finished,3,3-2,Galatasaray,Ismail Jakobs,D,97,7.5,68,0,0,0.0916,0.097706,2,0,2,44,36,2,0,7,1,0,0,5,1,4,0,0,0,5,0,4,1,0,17,1,1,0,0,0,2,0,2026-09-02T00:09:37.945539+00:00
Turquia Super Lig 2026/2027,Galatasaray - Göztepe,2026-08-29T18:30:00+00:00,finished,3,3-2,Göztepe,Janderson,F,64,6.4,18,0,0,,0.022373,0,0,1,8,1,0,0,0,0,0,0,3,4,2,3,1,1,0,0,0,0,0,12,0,1,0,0,0,3,0,2026-09-02T00:09:37.946025+00:00
Turquia Super Lig 2026/2027,Galatasaray - Göztepe,2026-08-29T18:30:00+00:00,finished,3,3-2,Galatasaray,Jankat Yılmaz,G,97,6.2,48,0,0,,0.00120096,0,0,0,38,20,24,6,0,0,0,0,0,0,0,0,0,0,0,0,8,0,0,18,0,0,0,0,2,2,0,2026-09-02T00:09:37.945531+00:00
Turquia Super Lig 2026/2027,Galatasaray - Göztepe,2026-08-29T18:30:00+00:00,finished,3,3-2,Göztepe,Juan Santos da Silva,F,33,7.5,4,1,0,0.0903,,1,1,0,0,0,0,0,1,0,0,0,0,2,0,2,0,0,0,0,0,0,0,2,0,0,0,0,0,0,0,2026-09-02T00:09:37.946055+00:00
Turquia Super Lig 2026/2027,Galatasaray - Göztepe,2026-08-29T18:30:00+00:00,finished,3,3-2,Galatasaray,Kaan Ayhan,D,0,,0,0,0,,,0,0,0,0,0,0,0,0,0,0,0,0,0,0,0,0,0,0,0,0,0,0,0,0,0,0,0,0,0,0,2026-09-02T00:09:37.945677+00:00
Turquia Super Lig 2026/2027,Galatasaray - Göztepe,2026-08-29T18:30:00+00:00,finished,3,3-2,Galatasaray,Leroy Sané,M,24,6.7,10,0,0,,0.00849547,0,0,1,7,7,1,1,1,0,1,1,1,1,0,0,0,0,0,0,1,0,1,2,0,0,0,0,0,0,0,2026-09-02T00:09:37.945616+00:00
Turquia Super Lig 2026/2027,Galatasaray - Göztepe,2026-08-29T18:30:00+00:00,finished,3,3-2,Galatasaray,Lesley Ugochukwu,M,6,,1,0,0,,0.014967,0,0,0,1,1,0,0,0,0,0,0,0,1,0,1,0,0,0,0,0,0,0,0,0,0,0,0,0,0,0,2026-09-02T00:09:37.945633+00:00
Turquia Super Lig 2026/2027,Galatasaray - Göztepe,2026-08-29T18:30:00+00:00,finished,3,3-2,Galatasaray,Lucas Torreira,M,91,7.3,72,0,0,,0.0311854,0,0,0,60,56,8,6,0,0,1,0,6,2,1,0,2,2,0,1,4,0,0,6,3,1,0,0,0,2,0,2026-09-02T00:09:37.945554+00:00
Turquia Super Lig 2026/2027,Galatasaray - Göztepe,2026-08-29T18:30:00+00:00,finished,3,3-2,Göztepe,Luka Gugeshashvili,G,97,7.3,54,0,0,,0.00326544,0,0,0,37,8,37,8,0,0,0,0,0,0,0,0,0,0,5,0,10,0,0,31,0,0,0,0,8,3,3,2026-09-02T00:09:37.945715+00:00
Turquia Super Lig 2026/2027,Galatasaray - Göztepe,2026-08-29T18:30:00+00:00,finished,3,3-2,Göztepe,Malcom Bokele,D,97,6.5,44,0,0,0.0498,0.0296128,2,1,1,26,18,7,2,1,1,0,0,5,5,4,4,1,1,10,1,5,0,0,8,0,1,1,0,0,3,0,2026-09-02T00:09:37.945782+00:00
Turquia Super Lig 2026/2027,Galatasaray - Göztepe,2026-08-29T18:30:00+00:00,finished,3,3-2,Galatasaray,Mario Lemina,M,97,6.8,60,0,0,0.0318,0.0153422,1,0,1,47,38,7,3,0,0,2,2,4,4,2,4,0,0,5,0,1,0,0,10,0,0,0,0,0,2,0,2026-09-02T00:09:37.945547+00:00
Turquia Super Lig 2026/2027,Galatasaray - Göztepe,2026-08-29T18:30:00+00:00,finished,3,3-2,Göztepe,Mehmet Şamil Öztürk,G,0,,0,0,0,,,0,0,0,0,0,0,0,0,0,0,0,0,0,0,0,0,0,0,0,0,0,0,0,0,0,0,0,0,0,0,2026-09-02T00:09:37.946090+00:00
Turquia Super Lig 2026/2027,Galatasaray - Göztepe,2026-08-29T18:30:00+00:00,finished,3,3-2,Göztepe,Novatus Miroshi,M,97,7.2,45,1,0,0.261,0.0305633,2,1,1,33,30,6,4,2,1,1,0,2,3,1,1,0,0,4,1,3,0,0,5,1,1,0,0,0,3,0,2026-09-02T00:09:37.945815+00:00
Turquia Super Lig 2026/2027,Galatasaray - Göztepe,2026-08-29T18:30:00+00:00,finished,3,3-2,Göztepe,Ogün Bayrak,M,33,6.6,19,0,0,,0.0110557,0,0,0,13,10,1,0,0,0,0,0,0,1,0,0,0,0,0,1,3,0,1,5,0,0,0,0,0,0,0,2026-09-02T00:09:37.946041+00:00
Turquia Super Lig 2026/2027,Galatasaray - Göztepe,2026-08-29T18:30:00+00:00,finished,3,3-2,Galatasaray,Renato Nhaga,M,0,,0,0,0,,,0,0,0,0,0,0,0,0,0,0,0,0,0,0,0,0,0,0,0,0,0,0,0,0,0,0,0,0,0,0,2026-09-02T00:09:37.945700+00:00
Turquia Super Lig 2026/2027,Galatasaray - Göztepe,2026-08-29T18:30:00+00:00,finished,3,3-2,Göztepe,Rhaldney,M,89,6.2,36,0,0,,0.0117652,0,0,0,26,18,2,1,2,1,0,0,4,5,2,2,2,1,0,0,4,0,0,11,0,3,0,0,0,3,0,2026-09-02T00:09:37.945823+00:00
Turquia Super Lig 2026/2027,Galatasaray - Göztepe,2026-08-29T18:30:00+00:00,finished,3,3-2,Göztepe,Richard Akonnor,D,64,6.8,26,0,0,,0.0022156,0,0,0,10,7,2,2,1,0,1,0,4,2,2,1,2,2,2,2,2,0,0,6,0,0,0,0,0,3,0,2026-09-02T00:09:37.945845+00:00
Turquia Super Lig 2026/2027,Galatasaray - Göztepe,2026-08-29T18:30:00+00:00,finished,3,3-2,Galatasaray,Roland Sallai,D,97,7.1,78,0,0,0.2336,0.160677,3,0,6,55,48,9,7,5,3,2,1,4,5,2,2,0,0,4,0,7,2,0,11,1,1,0,0,0,2,0,2026-09-02T00:09:37.945422+00:00
Turquia Super Lig 2026/2027,Galatasaray - Göztepe,2026-08-29T18:30:00+00:00,finished,3,3-2,Göztepe,Sinclair Armstrong,F,33,6.8,6,0,0,,0.370494,0,0,0,4,4,0,0,0,0,1,1,1,1,0,1,0,0,0,0,1,0,0,1,0,0,0,0,0,0,0,2026-09-02T00:09:37.946069+00:00
Turquia Super Lig 2026/2027,Galatasaray - Göztepe,2026-08-29T18:30:00+00:00,finished,3,3-2,Göztepe,Taha Altıkardeş,D,97,6.5,32,0,0,0.0923,0.0381018,1,0,0,19,12,6,3,2,0,0,0,4,4,2,4,2,1,3,1,0,1,0,11,0,0,0,0,0,3,0,2026-09-02T00:09:37.945732+00:00
Turquia Super Lig 2026/2027,Galatasaray - Göztepe,2026-08-29T18:30:00+00:00,finished,3,3-2,Galatasaray,Uğurcan Çakır,G,0,,0,0,0,,,0,0,0,0,0,0,0,0,0,0,0,0,0,0,0,0,0,0,0,0,0,0,0,0,0,0,0,0,0,0,2026-09-02T00:09:37.945660+00:00
Turquia Super Lig 2026/2027,Galatasaray - Göztepe,2026-08-29T18:30:00+00:00,finished,3,3-2,Galatasaray,Victor Osimhen,F,97,9.2,44,1,1,1.6324,0.153108,15,6,1,11,9,0,0,0,0,0,0,13,13,10,8,0,0,3,0,2,2,5,11,3,0,0,0,0,2,0,2026-09-02T00:09:37.945522+00:00
Turquia Super Lig 2026/2027,Galatasaray - Göztepe,2026-08-29T18:30:00+00:00,finished,3,3-2,Galatasaray,Wilfried Singo,D,24,6.8,17,0,0,,0.0211993,0,0,1,13,10,2,1,0,0,0,0,1,0,1,0,0,0,3,0,0,0,0,4,0,0,0,0,0,0,0,2026-09-02T00:09:37.945601+00:00
Turquia Super Lig 2026/2027,Galatasaray - Göztepe,2026-08-29T18:30:00+00:00,finished,3,3-2,Galatasaray,Yunus Akgün,M,81,7.7,53,0,0,0.1141,0.644453,3,1,4,39,32,2,0,3,2,0,0,4,0,0,0,1,1,0,0,3,0,0,9,3,0,0,0,0,2,0,2026-09-02T00:09:37.945562+00:00
Turquia Super Lig 2026/2027,Galatasaray - Göztepe,2026-08-29T18:30:00+00:00,finished,3,3-2,Galatasaray,İlkay Gündoğan,M,0,,0,0,0,,,0,0,0,0,0,0,0,0,0,0,0,0,0,0,0,0,0,0,0,0,0,0,0,0,0,0,0,0,0,0,2026-09-02T00:09:37.945646+00:00
Turquia Super Lig 2026/2027,Gaziantep FK - Çaykur Rizespor,2026-08-29T18:30:00+00:00,finished,3,1-2,Gaziantep FK,,,0,,0,0,0,,,0,0,0,0,0,0,0,0,0,0,0,0,0,0,0,0,0,0,0,0,0,0,0,0,0,0,0,0,0,0,2026-09-02T00:09:37.836528+00:00
Turquia Super Lig 2026/2027,Gaziantep FK - Çaykur Rizespor,2026-08-29T18:30:00+00:00,finished,3,1-2,Çaykur Rizespor,,,10,6.4,5,0,0,,0.00021298,0,0,0,4,4,0,0,0,0,0,0,0,2,0,0,0,0,1,0,1,0,0,0,0,1,0,0,0,1,0,2026-09-02T00:09:37.836643+00:00
Turquia Super Lig 2026/2027,Gaziantep FK - Çaykur Rizespor,2026-08-29T18:30:00+00:00,finished,3,1-2,Çaykur Rizespor,,,1,,1,0,0,,,0,0,0,0,0,0,0,0,0,0,0,1,1,1,0,0,0,0,0,0,0,0,1,0,1,0,0,0,1,0,2026-09-02T00:09:37.836665+00:00
Turquia Super Lig 2026/2027,Gaziantep FK - Çaykur Rizespor,2026-08-29T18:30:00+00:00,finished,3,1-2,Çaykur Rizespor,Adedire Mebude,F,0,,0,0,0,,,0,0,0,0,0,0,0,0,0,0,0,0,0,0,0,0,0,0,0,0,0,0,0,0,0,0,0,0,0,0,2026-09-02T00:09:37.836688+00:00
Turquia Super Lig 2026/2027,Gaziantep FK - Çaykur Rizespor,2026-08-29T18:30:00+00:00,finished,3,1-2,Çaykur Rizespor,Ahmed Kutucu,M,89,7.1,55,0,0,0.1075,0.0214389,2,1,0,34,28,0,0,2,0,1,0,6,1,2,0,3,1,2,1,6,1,0,11,1,0,0,0,0,0,0,2026-09-02T00:09:37.836605+00:00
Turquia Super Lig 2026/2027,Gaziantep FK - Çaykur Rizespor,2026-08-29T18:30:00+00:00,finished,3,1-2,Gaziantep FK,Alexandru Maxim,M,90,8.0,101,0,0,0.11,0.524005,2,1,8,70,62,13,11,10,6,3,2,5,5,0,1,1,1,0,0,3,1,3,20,2,0,0,0,0,2,0,2026-09-02T00:09:37.836333+00:00
Turquia Super Lig 2026/2027,Gaziantep FK - Çaykur Rizespor,2026-08-29T18:30:00+00:00,finished,3,1-2,Çaykur Rizespor,Ali Sowe,F,89,7.4,23,1,0,0.3346,0.0019909,1,1,0,16,12,0,0,0,0,1,1,4,3,2,2,0,0,0,0,4,0,1,8,1,0,0,0,0,0,0,2026-09-02T00:09:37.836591+00:00
Turquia Super Lig 2026/2027,Gaziantep FK - Çaykur Rizespor,2026-08-29T18:30:00+00:00,finished,3,1-2,Gaziantep FK,Arda Kızıldağ,D,0,,0,0,0,,,0,0,0,0,0,0,0,0,0,0,0,0,0,0,0,0,0,0,0,0,0,0,0,0,0,0,0,0,0,0,2026-09-02T00:09:37.836494+00:00
Turquia Super Lig 2026/2027,Gaziantep FK - Çaykur Rizespor,2026-08-29T18:30:00+00:00,finished,3,1-2,Çaykur Rizespor,Attila Mocsi,D,90,7.5,87,0,0,0.0223,0.0200897,1,0,1,65,57,11,7,0,0,0,0,3,7,1,4,2,1,11,3,2,0,0,8,0,3,1,0,0,1,0,2026-09-02T00:09:37.836577+00:00
Turquia Super Lig 2026/2027,Gaziantep FK - Çaykur Rizespor,2026-08-29T18:30:00+00:00,finished,3,1-2,Gaziantep FK,Cemilhan Aslan,G,0,,0,0,0,,,0,0,0,0,0,0,0,0,0,0,0,0,0,0,0,0,0,0,0,0,0,0,0,0,0,0,0,0,0,0,2026-09-02T00:09:37.836485+00:00
Turquia Super Lig 2026/2027,Gaziantep FK - Çaykur Rizespor,2026-08-29T18:30:00+00:00,finished,3,1-2,Çaykur Rizespor,Dal Varešanović,M,10,6.7,11,0,0,,0.00315819,0,0,0,4,4,0,0,0,0,2,1,3,2,0,0,2,2,0,0,0,0,0,3,0,0,1,0,0,1,0,2026-09-02T00:09:37.836651+00:00
Turquia Super Lig 2026/2027,Gaziantep FK - Çaykur Rizespor,2026-08-29T18:30:00+00:00,finished,3,1-2,Gaziantep FK,Deian Sorescu,M,90,6.7,87,0,0,0.0707,0.0830407,3,0,1,50,36,6,2,7,2,3,1,5,5,0,1,3,1,2,0,6,3,1,23,1,1,0,0,0,2,0,2026-09-02T00:09:37.836362+00:00
Turquia Super Lig 2026/2027,Gaziantep FK - Çaykur Rizespor,2026-08-29T18:30:00+00:00,finished,3,1-2,Çaykur Rizespor,Emrecan Bulut,F,64,8.1,28,1,1,0.2444,0.416102,1,1,1,13,6,2,1,3,1,2,0,1,6,0,0,0,0,1,0,2,0,2,15,1,1,0,0,0,0,0,2026-09-02T00:09:37.836629+00:00
Turquia Super Lig 2026/2027,Gaziantep FK - Çaykur Rizespor,2026-08-29T18:30:00+00:00,finished,3,1-2,Gaziantep FK,Enver Kulašin,M,25,6.7,12,0,0,0.1818,0.00080677,2,1,0,4,4,0,0,0,0,2,2,4,1,0,0,0,0,0,0,1,0,0,2,2,1,1,0,0,0,0,2026-09-02T00:09:37.836447+00:00
Turquia Super Lig 2026/2027,Gaziantep FK - Çaykur Rizespor,2026-08-29T18:30:00+00:00,finished,3,1-2,Gaziantep FK,Florin Ştefan,M,65,5.8,31,0,0,,0.00296486,0,0,0,20,15,1,1,2,0,0,0,1,4,0,1,0,0,0,1,5,0,1,9,1,1,0,0,0,2,0,2026-09-02T00:09:37.836408+00:00
Turquia Super Lig 2026/2027,Gaziantep FK - Çaykur Rizespor,2026-08-29T18:30:00+00:00,finished,3,1-2,Gaziantep FK,Fuat Bavuk,F,40,6.5,17,0,0,,0.0409011,0,0,1,10,6,1,0,0,0,0,0,3,3,3,0,0,0,0,0,0,0,2,9,0,1,0,0,0,2,0,2026-09-02T00:09:37.836437+00:00
Turquia Super Lig 2026/2027,Gaziantep FK - Çaykur Rizespor,2026-08-29T18:30:00+00:00,finished,3,1-2,Gaziantep FK,Gidado Victor Ntino-Emo,M,90,6.1,58,0,0,0.0426,0.0148942,1,0,0,50,42,3,1,1,0,0,0,2,8,0,4,2,0,0,1,2,1,0,9,0,2,0,0,0,2,0,2026-09-02T00:09:37.836275+00:00
Turquia Super Lig 2026/2027,Gaziantep FK - Çaykur Rizespor,2026-08-29T18:30:00+00:00,finished,3,1-2,Çaykur Rizespor,Ibrahim Olawoyin,M,84,7.0,43,0,0,0.0735,0.0261372,1,0,1,24,18,2,1,1,1,0,0,3,2,0,0,2,1,2,2,3,0,0,10,1,2,0,0,0,0,0,2026-09-02T00:09:37.836621+00:00
Turquia Super Lig 2026/2027,Gaziantep FK - Çaykur Rizespor,2026-08-29T18:30:00+00:00,finished,3,1-2,Gaziantep FK,Kacper Kozłowski,M,90,6.9,70,0,0,,0.0850597,0,0,3,51,45,3,3,2,1,3,2,7,5,1,1,1,0,0,1,5,0,2,14,3,2,0,0,0,2,0,2026-09-02T00:09:37.836320+00:00
Turquia Super Lig 2026/2027,Gaziantep FK - Çaykur Rizespor,2026-08-29T18:30:00+00:00,finished,3,1-2,Gaziantep FK,Kacper Tobiasz,G,90,6.7,41,0,0,,0.00125403,0,0,0,26,16,16,7,0,0,0,0,0,0,0,0,0,0,4,0,12,0,0,10,0,0,0,0,2,2,0,2026-09-02T00:09:37.836346+00:00
Turquia Super Lig 2026/2027,Gaziantep FK - Çaykur Rizespor,2026-08-29T18:30:00+00:00,finished,3,1-2,Gaziantep FK,Kerim Çalhanoğlu,D,25,6.6,15,0,0,0.0281,0.00595015,1,1,0,8,6,1,0,0,0,0,0,0,1,0,0,0,0,0,0,1,0,0,2,0,1,0,0,0,0,0,2026-09-02T00:09:37.836461+00:00
Turquia Super Lig 2026/2027,Gaziantep FK - Çaykur Rizespor,2026-08-29T18:30:00+00:00,finished,3,1-2,Gaziantep FK,Luis Pérez,D,90,6.7,71,0,0,0.0329,0.0309865,1,0,0,56,50,9,7,2,0,1,0,4,3,0,1,2,1,2,0,3,1,0,10,2,0,0,0,0,2,0,2026-09-02T00:09:37.836372+00:00
Turquia Super Lig 2026/2027,Gaziantep FK - Çaykur Rizespor,2026-08-29T18:30:00+00:00,finished,3,1-2,Gaziantep FK,Mirza Cihan,M,0,,0,0,0,,,0,0,0,0,0,0,0,0,0,0,0,0,0,0,0,0,0,0,0,0,0,0,0,0,0,0,0,0,0,0,2026-09-02T00:09:37.836513+00:00
Turquia Super Lig 2026/2027,Gaziantep FK - Çaykur Rizespor,2026-08-29T18:30:00+00:00,finished,3,1-2,Çaykur Rizespor,Mithat Pala,D,90,6.9,68,0,1,,0.102708,0,0,1,41,35,3,1,1,1,3,2,6,5,0,1,2,1,0,2,8,0,0,10,2,2,0,0,0,1,0,2026-09-02T00:09:37.836570+00:00
Turquia Super Lig 2026/2027,Gaziantep FK - Çaykur Rizespor,2026-08-29T18:30:00+00:00,finished,3,1-2,Çaykur Rizespor,Modibo Sagnan,D,90,7.1,51,0,0,,0.0016963,0,0,0,34,31,6,3,0,0,0,0,1,3,0,2,1,1,11,1,1,0,0,3,0,1,0,0,0,1,0,2026-09-02T00:09:37.836546+00:00
Turquia Super Lig 2026/2027,Gaziantep FK - Çaykur Rizespor,2026-08-29T18:30:00+00:00,finished,3,1-2,Gaziantep FK,Myenty Abena,D,90,6.5,54,0,0,,0.00585848,0,0,0,46,44,0,0,0,0,0,0,5,1,2,0,1,0,1,1,4,0,0,2,2,1,0,0,0,2,0,2026-09-02T00:09:37.836382+00:00
Turquia Super Lig 2026/2027,Gaziantep FK - Çaykur Rizespor,2026-08-29T18:30:00+00:00,finished,3,1-2,Gaziantep FK,Ogün Özçiçek,M,0,,0,0,0,,,0,0,0,0,0,0,0,0,0,0,0,0,0,0,0,0,0,0,0,0,0,0,0,0,0,0,0,0,0,0,2026-09-02T00:09:37.836477+00:00
Turquia Super Lig 2026/2027,Gaziantep FK - Çaykur Rizespor,2026-08-29T18:30:00+00:00,finished,3,1-2,Çaykur Rizespor,Qazim Laci,M,90,6.5,58,0,0,0.0243,0.073657,1,0,3,46,36,4,1,2,1,0,0,5,4,2,0,3,2,1,0,3,0,1,14,0,1,0,0,0,1,0,2026-09-02T00:09:37.836562+00:00
Turquia Super Lig 2026/2027,Gaziantep FK - Çaykur Rizespor,2026-08-29T18:30:00+00:00,finished,3,1-2,Gaziantep FK,Sabahattin Destici,D,0,,0,0,0,,,0,0,0,0,0,0,0,0,0,0,0,0,0,0,0,0,0,0,0,0,0,0,0,0,0,0,0,0,0,0,2026-09-02T00:09:37.836502+00:00
Turquia Super Lig 2026/2027,Gaziantep FK - Çaykur Rizespor,2026-08-29T18:30:00+00:00,finished,3,1-2,Gaziantep FK,Serdar Dursun,F,50,6.7,26,0,0,0.0374,0.0334676,1,0,1,19,14,1,1,0,0,0,0,4,1,1,0,0,0,0,0,0,0,1,7,3,0,0,0,0,0,0,2026-09-02T00:09:37.836418+00:00
Turquia Super Lig 2026/2027,Gaziantep FK - Çaykur Rizespor,2026-08-29T18:30:00+00:00,finished,3,1-2,Çaykur Rizespor,Siaka Bakayoko,D,0,,0,0,0,,,0,0,0,0,0,0,0,0,0,0,0,0,0,0,0,0,0,0,0,0,0,0,0,0,0,0,0,0,0,0,2026-09-02T00:09:37.836681+00:00
Turquia Super Lig 2026/2027,Gaziantep FK - Çaykur Rizespor,2026-08-29T18:30:00+00:00,finished,3,1-2,Gaziantep FK,Sontje Hansen,F,65,6.2,20,0,0,0.0749,0.00527367,1,0,0,11,9,0,0,0,0,1,0,2,4,1,1,0,0,0,0,3,1,2,6,1,0,0,0,0,2,0,2026-09-02T00:09:37.836399+00:00
Turquia Super Lig 2026/2027,Gaziantep FK - Çaykur Rizespor,2026-08-29T18:30:00+00:00,finished,3,1-2,Çaykur Rizespor,Taha Şahin,D,0,,0,0,0,,,0,0,0,0,0,0,0,0,0,0,0,0,0,0,0,0,0,0,0,0,0,0,0,0,0,0,0,0,0,0,2026-09-02T00:09:37.836695+00:00
Turquia Super Lig 2026/2027,Gaziantep FK - Çaykur Rizespor,2026-08-29T18:30:00+00:00,finished,3,1-2,Çaykur Rizespor,Taylan Antalyalı,M,84,7.1,50,0,0,,0.016975,0,0,1,37,30,4,3,0,0,0,0,4,1,0,0,2,2,1,2,2,0,0,10,2,1,0,0,0,0,0,2026-09-02T00:09:37.836614+00:00
Turquia Super Lig 2026/2027,Gaziantep FK - Çaykur Rizespor,2026-08-29T18:30:00+00:00,finished,3,1-2,Çaykur Rizespor,Tayyip Talha Sanuç,D,1,,1,0,0,,,0,0,0,0,0,0,0,0,0,0,0,0,1,0,0,0,0,1,0,0,0,0,0,0,1,0,0,0,1,0,2026-09-02T00:09:37.836658+00:00
Turquia Super Lig 2026/2027,Gaziantep FK - Çaykur Rizespor,2026-08-29T18:30:00+00:00,finished,3,1-2,Gaziantep FK,Ulrich Meleke,M,90,6.9,88,0,0,0.2218,0.0279431,4,1,0,70,56,11,3,1,1,1,1,4,1,2,1,1,0,3,5,7,1,0,15,0,0,0,0,0,2,0,2026-09-02T00:09:37.836391+00:00
Turquia Super Lig 2026/2027,Gaziantep FK - Çaykur Rizespor,2026-08-29T18:30:00+00:00,finished,3,1-2,Çaykur Rizespor,Umut Erdem,D,0,,0,0,0,,,0,0,0,0,0,0,0,0,0,0,0,0,0,0,0,0,0,0,0,0,0,0,0,0,0,0,0,0,0,0,2026-09-02T00:09:37.836702+00:00
Turquia Super Lig 2026/2027,Gaziantep FK - Çaykur Rizespor,2026-08-29T18:30:00+00:00,finished,3,1-2,Çaykur Rizespor,Valentin Mihăilă,M,26,6.6,19,0,0,0.1036,0.00572458,2,1,0,12,10,0,0,0,0,1,1,2,2,1,0,0,0,0,0,1,0,0,4,0,1,0,0,0,1,0,2026-09-02T00:09:37.836636+00:00
Turquia Super Lig 2026/2027,Gaziantep FK - Çaykur Rizespor,2026-08-29T18:30:00+00:00,finished,3,1-2,Çaykur Rizespor,Yahia Fofana,G,90,8.0,40,0,0,,0.00194625,0,0,0,27,19,15,7,0,0,0,0,1,0,1,0,0,0,0,0,10,0,0,8,0,0,0,0,4,1,0,2026-09-02T00:09:37.836554+00:00
Turquia Super Lig 2026/2027,Gaziantep FK - Çaykur Rizespor,2026-08-29T18:30:00+00:00,finished,3,1-2,Çaykur Rizespor,Zafer Görgen,G,0,,0,0,0,,,0,0,0,0,0,0,0,0,0,0,0,0,0,0,0,0,0,0,0,0,0,0,0,0,0,0,0,0,0,0,2026-09-02T00:09:37.836673+00:00
Turquia Super Lig 2026/2027,Gaziantep FK - Çaykur Rizespor,2026-08-29T18:30:00+00:00,finished,3,1-2,Çaykur Rizespor,Zakaria Ariss,D,90,5.6,66,0,0,0.0191,0.0141266,1,0,1,42,34,7,1,1,0,2,0,2,6,1,1,1,1,3,2,5,1,0,11,0,2,0,0,0,1,0,2026-09-02T00:09:37.836537+00:00
Turquia Super Lig 2026/2027,Eyüpspor - Alanyaspor,2026-08-30T16:00:00+00:00,finished,3,2-1,Eyüpspor,Ahmed Abdullahi,F,76,7.4,28,1,0,0.0275,0.0564861,1,1,2,13,9,1,0,0,0,2,1,8,14,4,8,0,0,1,0,1,0,2,11,3,4,0,0,0,1,0,2026-09-02T00:09:38.046644+00:00
Turquia Super Lig 2026/2027,Eyüpspor - Alanyaspor,2026-08-30T16:00:00+00:00,finished,3,2-1,Alanyaspor,Arda Usluoğlu,F,66,7.3,14,1,0,0.3809,0.0056295,1,1,0,8,5,0,0,0,0,1,0,1,2,1,1,0,0,0,0,2,0,0,7,0,0,0,0,0,1,0,2026-09-02T00:09:38.046451+00:00
Turquia Super Lig 2026/2027,Eyüpspor - Alanyaspor,2026-08-30T16:00:00+00:00,finished,3,2-1,Eyüpspor,Arda Yavuz,D,0,,0,0,0,,,0,0,0,0,0,0,0,0,0,0,0,0,0,0,0,0,0,0,0,0,0,0,0,0,0,0,0,0,0,0,2026-09-02T00:09:38.046691+00:00
Turquia Super Lig 2026/2027,Eyüpspor - Alanyaspor,2026-08-30T16:00:00+00:00,finished,3,2-1,Alanyaspor,Baran Ali Gezek,M,90,6.7,47,0,0,,0.0142421,0,0,0,34,29,3,0,0,0,0,0,5,3,2,0,2,1,2,1,4,0,0,7,1,2,0,0,0,2,0,2026-09-02T00:09:38.046305+00:00
Turquia Super Lig 2026/2027,Eyüpspor - Alanyaspor,2026-08-30T16:00:00+00:00,finished,3,2-1,Alanyaspor,Bedirhan Özyurt,D,0,,0,0,0,,,0,0,0,0,0,0,0,0,0,0,0,0,0,0,0,0,0,0,0,0,0,0,0,0,0,0,0,0,0,0,2026-09-02T00:09:38.046537+00:00
Turquia Super Lig 2026/2027,Eyüpspor - Alanyaspor,2026-08-30T16:00:00+00:00,finished,3,2-1,Eyüpspor,Berhan Satli,D,0,,0,0,0,,,0,0,0,0,0,0,0,0,0,0,0,0,0,0,0,0,0,0,0,0,0,0,0,0,0,0,0,0,0,0,2026-09-02T00:09:38.046705+00:00
Turquia Super Lig 2026/2027,Eyüpspor - Alanyaspor,2026-08-30T16:00:00+00:00,finished,3,2-1,Eyüpspor,Bilal Boutobba,M,66,7.1,40,0,0,0.257,0.00379647,3,1,0,18,15,1,0,5,0,7,4,5,4,0,0,0,0,0,0,1,0,0,12,1,1,0,0,0,1,0,2026-09-02T00:09:38.046652+00:00
Turquia Super Lig 2026/2027,Eyüpspor - Alanyaspor,2026-08-30T16:00:00+00:00,finished,3,2-1,Eyüpspor,Chandrel Massanga,M,90,6.8,74,0,0,0.0237,0.011672,1,0,0,61,57,5,4,0,0,2,2,3,4,0,1,0,0,1,1,12,1,0,5,1,3,1,0,0,1,0,2026-09-02T00:09:38.046578+00:00
Turquia Super Lig 2026/2027,Eyüpspor - Alanyaspor,2026-08-30T16:00:00+00:00,finished,3,2-1,Eyüpspor,Charles-Andre Raux Yao,M,81,6.9,37,0,0,,0.120447,0,0,2,26,23,3,2,1,1,0,0,4,6,0,4,0,0,0,0,6,0,0,6,4,2,1,0,0,1,0,2026-09-02T00:09:38.046636+00:00
Turquia Super Lig 2026/2027,Eyüpspor - Alanyaspor,2026-08-30T16:00:00+00:00,finished,3,2-1,Eyüpspor,Christ Sadia,F,0,,0,0,0,,,0,0,0,0,0,0,0,0,0,0,0,0,0,0,0,0,0,0,0,0,0,0,0,0,0,0,0,0,0,0,2026-09-02T00:09:38.046684+00:00
Turquia Super Lig 2026/2027,Eyüpspor - Alanyaspor,2026-08-30T16:00:00+00:00,finished,3,2-1,Eyüpspor,David Costa,M,90,6.4,57,0,0,,0.00862357,0,0,1,47,38,4,2,1,0,0,0,2,3,0,1,0,0,0,1,5,0,1,14,2,1,0,0,0,1,0,2026-09-02T00:09:38.046586+00:00
Turquia Super Lig 2026/2027,Eyüpspor - Alanyaspor,2026-08-30T16:00:00+00:00,finished,3,2-1,Eyüpspor,Emre Bilgin,G,0,,0,0,0,,,0,0,0,0,0,0,0,0,0,0,0,0,0,0,0,0,0,0,0,0,0,0,0,0,0,0,0,0,0,0,2026-09-02T00:09:38.046727+00:00
Turquia Super Lig 2026/2027,Eyüpspor - Alanyaspor,2026-08-30T16:00:00+00:00,finished,3,2-1,Alanyaspor,Enes Keskin,M,0,,0,0,0,,,0,0,0,0,0,0,0,0,0,0,0,0,0,0,0,0,0,0,0,0,0,0,0,0,0,0,0,0,0,0,2026-09-02T00:09:38.046561+00:00
Turquia Super Lig 2026/2027,Eyüpspor - Alanyaspor,2026-08-30T16:00:00+00:00,finished,3,2-1,Alanyaspor,Fatih Aksoy,D,0,,0,0,0,,,0,0,0,0,0,0,0,0,0,0,0,0,0,0,0,0,0,0,0,0,0,0,0,0,0,0,0,0,0,0,2026-09-02T00:09:38.046546+00:00
Turquia Super Lig 2026/2027,Eyüpspor - Alanyaspor,2026-08-30T16:00:00+00:00,finished,3,2-1,Alanyaspor,Fidan Aliti,D,90,6.5,48,0,0,,0.00644312,0,0,1,34,25,7,3,0,0,0,0,6,4,3,2,1,1,5,1,1,0,0,12,2,2,0,0,0,2,0,2026-09-02T00:09:38.046382+00:00
Turquia Super Lig 2026/2027,Eyüpspor - Alanyaspor,2026-08-30T16:00:00+00:00,finished,3,2-1,Alanyaspor,Florent Hadergjonaj,M,90,6.6,39,0,0,0.0261,0.0183956,1,0,1,19,14,3,1,7,1,1,1,4,4,3,0,0,0,3,1,5,0,0,14,0,2,0,0,0,2,0,2026-09-02T00:09:38.046346+00:00
Turquia Super Lig 2026/2027,Eyüpspor - Alanyaspor,2026-08-30T16:00:00+00:00,finished,3,2-1,Alanyaspor,Gaius Makouta,M,90,6.6,33,0,0,,0.0051548,0,0,1,26,23,2,1,0,0,0,0,4,4,2,1,0,0,2,1,2,0,0,3,2,3,0,0,0,2,0,2026-09-02T00:09:38.046325+00:00
Turquia Super Lig 2026/2027,Eyüpspor - Alanyaspor,2026-08-30T16:00:00+00:00,finished,3,2-1,Eyüpspor,Hamza Akman,M,9,6.5,5,0,0,,0.0013239,0,0,0,5,5,1,1,0,0,0,0,0,2,0,2,0,0,0,0,1,0,0,0,0,0,0,0,0,0,0,2026-09-02T00:09:38.046676+00:00
Turquia Super Lig 2026/2027,Eyüpspor - Alanyaspor,2026-08-30T16:00:00+00:00,finished,3,2-1,Eyüpspor,Horațiu Moldovan,G,90,7.1,64,0,0,,0.00349628,0,0,0,58,40,24,7,0,0,0,0,0,0,0,0,0,0,1,0,8,0,0,19,0,0,0,0,1,1,0,2026-09-02T00:09:38.046569+00:00
Turquia Super Lig 2026/2027,Eyüpspor - Alanyaspor,2026-08-30T16:00:00+00:00,finished,3,2-1,Alanyaspor,Hwang Ui-Jo,F,74,6.9,19,0,0,0.0667,0.00645171,1,1,0,13,9,2,1,1,0,0,0,1,4,0,1,0,0,1,0,4,0,0,6,1,3,0,0,0,1,0,2026-09-02T00:09:38.046420+00:00
Turquia Super Lig 2026/2027,Eyüpspor - Alanyaspor,2026-08-30T16:00:00+00:00,finished,3,2-1,Alanyaspor,Ianis Hagi,F,16,6.5,8,0,0,,0.00041882,0,0,0,5,4,1,0,0,0,1,1,3,1,0,0,0,0,0,0,2,0,0,1,2,1,0,0,0,1,0,2026-09-02T00:09:38.046481+00:00
Turquia Super Lig 2026/2027,Eyüpspor - Alanyaspor,2026-08-30T16:00:00+00:00,finished,3,2-1,Alanyaspor,Ibrahim Kaya,F,67,6.7,21,0,0,0.0614,0.0145315,2,0,0,13,9,0,0,0,0,0,0,4,3,2,0,0,0,2,0,1,2,1,6,2,2,0,0,0,1,0,2026-09-02T00:09:38.046427+00:00
Turquia Super Lig 2026/2027,Eyüpspor - Alanyaspor,2026-08-30T16:00:00+00:00,finished,3,2-1,Alanyaspor,Iván Cédric,F,0,,0,0,0,,,0,0,0,0,0,0,0,0,0,0,0,0,0,0,0,0,0,0,0,0,0,0,0,0,0,0,0,0,0,0,2026-09-02T00:09:38.046501+00:00
Turquia Super Lig 2026/2027,Eyüpspor - Alanyaspor,2026-08-30T16:00:00+00:00,finished,3,2-1,Eyüpspor,Jawad El Yamiq,D,90,6.7,64,0,0,0.0172,0.00452373,1,0,0,54,51,5,3,0,0,0,0,3,2,1,2,1,0,4,2,1,0,0,3,1,0,0,0,0,1,0,2026-09-02T00:09:38.046612+00:00
Turquia Super Lig 2026/2027,Eyüpspor - Alanyaspor,2026-08-30T16:00:00+00:00,finished,3,2-1,Eyüpspor,Konrad Michalak,M,90,6.5,39,0,0,0.0986,0.00713597,2,0,0,27,22,0,0,2,0,1,1,3,2,0,1,0,0,1,1,1,1,0,9,2,0,0,0,0,1,0,2026-09-02T00:09:38.046628+00:00
Turquia Super Lig 2026/2027,Eyüpspor - Alanyaspor,2026-08-30T16:00:00+00:00,finished,3,2-1,Eyüpspor,Lenny Pintor,M,14,6.6,9,0,0,,0.00159231,0,0,0,5,4,1,1,1,0,2,2,2,2,0,0,0,0,0,0,0,0,0,3,0,1,0,0,0,0,0,2026-09-02T00:09:38.046668+00:00
Turquia Super Lig 2026/2027,Eyüpspor - Alanyaspor,2026-08-30T16:00:00+00:00,finished,3,2-1,Alanyaspor,Mert Furkan Bayram,G,0,,0,0,0,,,0,0,0,0,0,0,0,0,0,0,0,0,0,0,0,0,0,0,0,0,0,0,0,0,0,0,0,0,0,0,2026-09-02T00:09:38.046522+00:00
Turquia Super Lig 2026/2027,Eyüpspor - Alanyaspor,2026-08-30T16:00:00+00:00,finished,3,2-1,Alanyaspor,Meschak Elia,F,23,6.5,7,0,0,,0.00091473,0,0,0,5,5,0,0,0,0,0,0,0,0,0,0,0,0,0,0,1,0,0,1,0,0,0,0,0,1,0,2026-09-02T00:09:38.046473+00:00
Turquia Super Lig 2026/2027,Eyüpspor - Alanyaspor,2026-08-30T16:00:00+00:00,finished,3,2-1,Eyüpspor,Mete Demir,M,0,,0,0,0,,,0,0,0,0,0,0,0,0,0,0,0,0,0,0,0,0,0,0,0,0,0,0,0,0,0,0,0,0,0,0,2026-09-02T00:09:38.046720+00:00
Turquia Super Lig 2026/2027,Eyüpspor - Alanyaspor,2026-08-30T16:00:00+00:00,finished,3,2-1,Alanyaspor,Nuno Lima,D,90,6.5,60,0,0,,0.00361524,0,0,0,50,44,7,3,0,0,0,0,7,8,5,3,1,1,3,2,4,0,0,6,2,3,0,0,0,2,0,2026-09-02T00:09:38.046397+00:00
Turquia Super Lig 2026/2027,Eyüpspor - Alanyaspor,2026-08-30T16:00:00+00:00,finished,3,2-1,Alanyaspor,Omar Ben Ali,F,24,6.4,8,0,0,,2.999e-05,0,0,0,4,2,0,0,0,0,0,0,1,2,1,1,0,0,1,0,0,0,0,5,0,0,0,0,0,1,0,2026-09-02T00:09:38.046465+00:00
Turquia Super Lig 2026/2027,Eyüpspor - Alanyaspor,2026-08-30T16:00:00+00:00,finished,3,2-1,Alanyaspor,Paulo Victor,G,90,7.2,28,0,0,,0.00054814,0,0,0,22,14,11,3,0,0,0,0,0,0,0,0,0,0,1,0,3,0,0,9,0,0,0,0,2,2,1,2026-09-02T00:09:38.046252+00:00
Turquia Super Lig 2026/2027,Eyüpspor - Alanyaspor,2026-08-30T16:00:00+00:00,finished,3,2-1,Alanyaspor,Ruan Pereira Duarte,M,89,6.8,34,0,0,0.0841,0.00403047,2,0,0,17,13,3,1,0,0,0,0,6,3,1,0,2,1,0,1,7,0,0,8,3,1,0,0,0,1,0,2026-09-02T00:09:38.046411+00:00
Turquia Super Lig 2026/2027,Eyüpspor - Alanyaspor,2026-08-30T16:00:00+00:00,finished,3,2-1,Eyüpspor,Seyfettin Anıl Yaşar,D,0,,0,0,0,,,0,0,0,0,0,0,0,0,0,0,0,0,0,0,0,0,0,0,0,0,0,0,0,0,0,0,0,0,0,0,2026-09-02T00:09:38.046713+00:00
Turquia Super Lig 2026/2027,Eyüpspor - Alanyaspor,2026-08-30T16:00:00+00:00,finished,3,2-1,Eyüpspor,Simone Giordano,D,90,7.4,75,0,0,,0.264817,0,0,2,52,46,7,2,4,2,0,0,5,0,1,0,0,0,3,0,1,0,0,10,4,0,0,0,0,1,0,2026-09-02T00:09:38.046594+00:00
Turquia Super Lig 2026/2027,Eyüpspor - Alanyaspor,2026-08-30T16:00:00+00:00,finished,3,2-1,Eyüpspor,Talha Ülvan,D,90,6.0,47,0,0,,0.00984631,0,0,0,28,24,3,1,3,0,0,0,1,6,0,1,0,0,0,0,2,0,1,13,1,4,1,0,0,1,0,2026-09-02T00:09:38.046620+00:00
Turquia Super Lig 2026/2027,Eyüpspor - Alanyaspor,2026-08-30T16:00:00+00:00,finished,3,2-1,Eyüpspor,Yusuf Barası,F,24,6.8,14,0,0,0.0173,0.0016547,1,0,0,7,6,0,0,0,0,1,1,4,1,0,1,0,0,0,1,1,0,0,2,3,0,0,0,0,0,0,2026-09-02T00:09:38.046660+00:00
Turquia Super Lig 2026/2027,Eyüpspor - Alanyaspor,2026-08-30T16:00:00+00:00,finished,3,2-1,Alanyaspor,Yusuf Özdemir,M,8,6.3,1,0,0,,3.987e-05,0,0,0,1,1,0,0,0,0,0,0,0,1,0,0,0,0,0,0,0,0,0,0,0,1,0,0,0,1,0,2026-09-02T00:09:38.046488+00:00
Turquia Super Lig 2026/2027,Eyüpspor - Alanyaspor,2026-08-30T16:00:00+00:00,finished,3,2-1,Eyüpspor,Zak Jules,D,90,7.9,96,1,1,0.8756,0.00765622,2,2,1,83,78,5,2,0,0,0,0,4,1,3,1,1,0,7,0,9,0,0,5,0,0,0,0,0,1,0,2026-09-02T00:09:38.046604+00:00
Turquia Super Lig 2026/2027,Eyüpspor - Alanyaspor,2026-08-30T16:00:00+00:00,finished,3,2-1,Eyüpspor,Ömer Ahmet Ceyhan,D,0,,0,0,0,,,0,0,0,0,0,0,0,0,0,0,0,0,0,0,0,0,0,0,0,0,0,0,0,0,0,0,0,0,0,0,2026-09-02T00:09:38.046698+00:00
Turquia Super Lig 2026/2027,Eyüpspor - Alanyaspor,2026-08-30T16:00:00+00:00,finished,3,2-1,Alanyaspor,Ümit Akdağ,D,90,6.2,58,0,0,,0.0153731,0,0,0,40,28,4,2,1,1,0,0,5,5,2,0,2,0,3,0,6,0,0,19,1,2,1,0,0,2,0,2026-09-02T00:09:38.046368+00:00
Turquia Super Lig 2026/2027,Eyüpspor - Alanyaspor,2026-08-30T16:00:00+00:00,finished,3,2-1,Alanyaspor,İzzet Çelik,M,0,,0,0,0,,,0,0,0,0,0,0,0,0,0,0,0,0,0,0,0,0,0,0,0,0,0,0,0,0,0,0,0,0,0,0,2026-09-02T00:09:38.046554+00:00
Turquia Super Lig 2026/2027,Başakşehir FK - Kasımpaşa,2026-08-30T18:30:00+00:00,finished,3,1-1,Kasımpaşa,,,0,,0,0,0,,,0,0,0,0,0,0,0,0,0,0,0,0,0,0,0,0,0,0,0,0,0,0,0,0,0,0,0,0,0,0,2026-09-02T00:09:38.309464+00:00
Turquia Super Lig 2026/2027,Başakşehir FK - Kasımpaşa,2026-08-30T18:30:00+00:00,finished,3,1-1,Başakşehir FK,Abbosbek Fayzullaev,M,45,6.6,32,0,0,0.0194,0.0370259,1,0,0,22,21,2,2,3,1,2,0,1,3,0,0,0,0,1,0,1,0,0,6,1,1,0,0,0,0,0,2026-09-02T00:09:38.309578+00:00
Turquia Super Lig 2026/2027,Başakşehir FK - Kasımpaşa,2026-08-30T18:30:00+00:00,finished,3,1-1,Kasımpaşa,Adem Arous,D,90,6.7,49,0,0,,0.00106453,0,0,0,39,33,4,3,1,0,0,0,4,3,2,2,2,2,4,0,6,0,0,7,0,1,0,0,0,1,0,2026-09-02T00:09:38.309347+00:00
Turquia Super Lig 2026/2027,Başakşehir FK - Kasımpaşa,2026-08-30T18:30:00+00:00,finished,3,1-1,Kasımpaşa,Adrian Benedyczak,F,90,6.6,23,0,1,0.437,0.66533,5,0,2,13,8,0,0,0,0,0,0,2,4,1,1,1,0,0,1,0,1,0,5,0,3,0,0,0,1,0,2026-09-02T00:09:38.309332+00:00
Turquia Super Lig 2026/2027,Başakşehir FK - Kasımpaşa,2026-08-30T18:30:00+00:00,finished,3,1-1,Kasımpaşa,Ahmet Taha Dağbaşı,D,45,6.3,19,0,0,,9.41e-05,0,0,0,14,10,2,0,0,0,0,0,2,0,2,0,0,0,4,0,1,0,0,4,0,0,0,0,0,1,0,2026-09-02T00:09:38.309404+00:00
Turquia Super Lig 2026/2027,Başakşehir FK - Kasımpaşa,2026-08-30T18:30:00+00:00,finished,3,1-1,Kasımpaşa,Ali Emre Yanar,G,0,,0,0,0,,,0,0,0,0,0,0,0,0,0,0,0,0,0,0,0,0,0,0,0,0,0,0,0,0,0,0,0,0,0,0,2026-09-02T00:09:38.309447+00:00
Turquia Super Lig 2026/2027,Başakşehir FK - Kasımpaşa,2026-08-30T18:30:00+00:00,finished,3,1-1,Kasımpaşa,Ali Yavuz Kol,F,45,6.5,30,0,0,0.1581,0.00830627,2,1,1,21,16,1,1,1,0,3,2,3,5,1,0,0,0,0,0,5,1,0,8,0,2,0,0,0,0,0,2026-09-02T00:09:38.309380+00:00
Turquia Super Lig 2026/2027,Başakşehir FK - Kasımpaşa,2026-08-30T18:30:00+00:00,finished,3,1-1,Kasımpaşa,Andreas Gianniotis,G,90,5.9,50,0,0,,0.00135855,0,0,0,45,29,28,13,0,0,0,0,0,0,0,0,0,0,0,0,6,0,0,16,0,0,0,0,1,1,0,2026-09-02T00:09:38.309355+00:00
Turquia Super Lig 2026/2027,Başakşehir FK - Kasımpaşa,2026-08-30T18:30:00+00:00,finished,3,1-1,Başakşehir FK,Andreas Skov Olsen,M,74,7.0,51,0,0,0.2027,0.19419,3,1,2,38,31,2,2,6,1,0,0,1,2,0,1,0,0,1,0,0,1,0,13,1,1,0,0,0,0,0,2026-09-02T00:09:38.309548+00:00
Turquia Super Lig 2026/2027,Başakşehir FK - Kasımpaşa,2026-08-30T18:30:00+00:00,finished,3,1-1,Kasımpaşa,Andri Fannar Baldursson,M,90,6.6,31,0,0,,0.00151302,0,0,0,17,14,1,0,0,0,0,0,3,3,0,0,0,0,4,2,2,0,0,3,3,3,0,0,0,1,0,2026-09-02T00:09:38.309322+00:00
Turquia Super Lig 2026/2027,Başakşehir FK - Kasımpaşa,2026-08-30T18:30:00+00:00,finished,3,1-1,Kasımpaşa,Atakan Mujde,M,0,,0,0,0,,,0,0,0,0,0,0,0,0,0,0,0,0,0,0,0,0,0,0,0,0,0,0,0,0,0,0,0,0,0,0,2026-09-02T00:09:38.309473+00:00
Turquia Super Lig 2026/2027,Başakşehir FK - Kasımpaşa,2026-08-30T18:30:00+00:00,finished,3,1-1,Kasımpaşa,Ayberk Karapo,D,87,6.9,49,0,0,0.008,0.00524527,1,0,0,30,20,3,1,0,0,1,0,6,1,2,0,1,1,3,0,2,0,0,14,3,0,0,0,0,1,0,2026-09-02T00:09:38.309364+00:00
Turquia Super Lig 2026/2027,Başakşehir FK - Kasımpaşa,2026-08-30T18:30:00+00:00,finished,3,1-1,Başakşehir FK,Berkay Özcan,M,0,,0,0,0,,,0,0,0,0,0,0,0,0,0,0,0,0,0,0,0,0,0,0,0,0,0,0,0,0,0,0,0,0,0,0,2026-09-02T00:09:38.309630+00:00
Turquia Super Lig 2026/2027,Başakşehir FK - Kasımpaşa,2026-08-30T18:30:00+00:00,finished,3,1-1,Başakşehir FK,Bertuğ Yıldırım,F,0,,0,0,0,,,0,0,0,0,0,0,0,0,0,0,0,0,0,0,0,0,0,0,0,0,0,0,0,0,0,0,0,0,0,0,2026-09-02T00:09:38.309638+00:00
Turquia Super Lig 2026/2027,Başakşehir FK - Kasımpaşa,2026-08-30T18:30:00+00:00,finished,3,1-1,Başakşehir FK,Christopher Operi,D,90,6.2,88,0,0,0.0378,0.0986302,1,0,1,62,52,2,1,8,2,0,0,2,4,1,3,0,0,1,3,4,0,0,21,1,0,0,0,0,1,0,2026-09-02T00:09:38.309515+00:00
Turquia Super Lig 2026/2027,Başakşehir FK - Kasımpaşa,2026-08-30T18:30:00+00:00,finished,3,1-1,Kasımpaşa,Cláudio Winck,D,90,7.2,52,0,0,0.0201,0.128741,1,0,2,28,22,5,2,1,0,2,2,10,4,3,2,2,2,3,1,5,1,0,9,3,1,1,0,0,1,0,2026-09-02T00:09:38.309263+00:00
Turquia Super Lig 2026/2027,Başakşehir FK - Kasımpaşa,2026-08-30T18:30:00+00:00,finished,3,1-1,Başakşehir FK,Davie Selke,F,17,6.7,5,0,0,,0.0351451,0,0,0,4,3,0,0,0,0,0,0,3,2,2,2,1,0,0,0,0,0,0,1,0,0,0,0,0,1,0,2026-09-02T00:09:38.309593+00:00
Turquia Super Lig 2026/2027,Başakşehir FK - Kasımpaşa,2026-08-30T18:30:00+00:00,finished,3,1-1,Başakşehir FK,Deniz Dilmen,G,0,,0,0,0,,,0,0,0,0,0,0,0,0,0,0,0,0,0,0,0,0,0,0,0,0,0,0,0,0,0,0,0,0,0,0,2026-09-02T00:09:38.309608+00:00
Turquia Super Lig 2026/2027,Başakşehir FK - Kasımpaşa,2026-08-30T18:30:00+00:00,finished,3,1-1,Başakşehir FK,Eldor Shomurodov,F,90,7.0,42,1,0,0.3699,0.11841,5,1,2,25,18,0,0,0,0,0,0,1,7,1,3,0,0,3,0,4,2,1,14,0,2,0,0,0,1,0,2026-09-02T00:09:38.309498+00:00
Turquia Super Lig 2026/2027,Başakşehir FK - Kasımpaşa,2026-08-30T18:30:00+00:00,finished,3,1-1,Kasımpaşa,Elson Mendes,M,71,6.0,30,0,0,0.0171,0.0480229,1,0,1,19,13,1,0,0,0,3,0,1,5,0,0,0,0,0,1,2,0,0,10,1,0,0,0,0,1,0,2026-09-02T00:09:38.309372+00:00
Turquia Super Lig 2026/2027,Başakşehir FK - Kasımpaşa,2026-08-30T18:30:00+00:00,finished,3,1-1,Başakşehir FK,Emin Bayram,D,90,7.2,102,0,0,,0.00630308,0,0,0,87,79,14,8,0,0,3,3,7,3,1,1,1,1,1,1,4,0,0,8,2,0,0,0,0,1,0,2026-09-02T00:09:38.309533+00:00
Turquia Super Lig 2026/2027,Başakşehir FK - Kasımpaşa,2026-08-30T18:30:00+00:00,finished,3,1-1,Kasımpaşa,Emirhan Boz,M,3,,5,0,0,,2.088e-05,0,0,0,3,1,1,0,0,0,0,0,1,0,0,0,1,0,0,0,1,0,0,3,0,0,0,0,0,0,0,2026-09-02T00:09:38.309431+00:00
Turquia Super Lig 2026/2027,Başakşehir FK - Kasımpaşa,2026-08-30T18:30:00+00:00,finished,3,1-1,Kasımpaşa,Fousseni Diabaté,M,45,7.2,28,1,0,0.9084,0.0176592,1,1,0,20,15,1,0,0,0,1,1,3,2,1,1,1,1,1,0,5,0,1,8,0,0,0,0,0,0,0,2026-09-02T00:09:38.309388+00:00
Turquia Super Lig 2026/2027,Başakşehir FK - Kasımpaşa,2026-08-30T18:30:00+00:00,finished,3,1-1,Kasımpaşa,Güven Yalçın,F,45,6.6,11,0,0,,0.00227727,0,0,1,7,5,2,1,1,0,0,0,1,2,0,0,1,1,1,0,3,0,1,4,0,1,0,0,0,1,0,2026-09-02T00:09:38.309396+00:00
Turquia Super Lig 2026/2027,Başakşehir FK - Kasımpaşa,2026-08-30T18:30:00+00:00,finished,3,1-1,Başakşehir FK,Hamza Güreler,D,16,6.3,19,0,0,,0.00052095,0,0,0,12,12,0,0,0,0,0,0,1,2,0,1,0,0,2,0,1,0,0,0,1,1,1,0,0,1,0,2026-09-02T00:09:38.309600+00:00
Turquia Super Lig 2026/2027,Başakşehir FK - Kasımpaşa,2026-08-30T18:30:00+00:00,finished,3,1-1,Başakşehir FK,Ivan Brnić,F,0,,0,0,0,,,0,0,0,0,0,0,0,0,0,0,0,0,0,0,0,0,0,0,0,0,0,0,0,0,0,0,0,0,0,0,2026-09-02T00:09:38.309647+00:00
Turquia Super Lig 2026/2027,Başakşehir FK - Kasımpaşa,2026-08-30T18:30:00+00:00,finished,3,1-1,Başakşehir FK,Jakub Kałuziński,M,0,,0,0,0,,,0,0,0,0,0,0,0,0,0,0,0,0,0,0,0,0,0,0,0,0,0,0,0,0,0,0,0,0,0,0,2026-09-02T00:09:38.309623+00:00
Turquia Super Lig 2026/2027,Başakşehir FK - Kasımpaşa,2026-08-30T18:30:00+00:00,finished,3,1-1,Başakşehir FK,Jerome Opoku,D,90,6.4,85,0,0,,0.0147469,0,0,0,80,75,7,5,0,0,2,0,0,4,0,0,0,0,1,0,4,0,0,7,0,1,1,0,0,1,0,2026-09-02T00:09:38.309524+00:00
Turquia Super Lig 2026/2027,Başakşehir FK - Kasımpaşa,2026-08-30T18:30:00+00:00,finished,3,1-1,Kasımpaşa,Kerem Demirbay,M,90,7.1,61,0,0,0.0367,0.0483403,1,1,1,50,43,7,6,5,1,0,0,2,1,1,0,1,0,1,0,3,0,1,13,0,0,0,0,0,1,0,2026-09-02T00:09:38.309307+00:00
Turquia Super Lig 2026/2027,Başakşehir FK - Kasımpaşa,2026-08-30T18:30:00+00:00,finished,3,1-1,Kasımpaşa,Marcus Rafferty,M,19,6.8,16,0,0,,0.0459756,0,0,1,8,7,1,1,0,0,2,2,4,3,1,0,0,0,0,0,0,0,1,3,1,2,0,0,0,0,0,2026-09-02T00:09:38.309417+00:00
Turquia Super Lig 2026/2027,Başakşehir FK - Kasımpaşa,2026-08-30T18:30:00+00:00,finished,3,1-1,Kasımpaşa,Matei Ilie,D,90,6.7,58,0,0,,0.00241397,0,0,0,43,37,3,1,0,0,0,0,5,1,3,1,2,1,6,1,1,0,0,7,0,0,0,0,0,1,0,2026-09-02T00:09:38.309340+00:00
Turquia Super Lig 2026/2027,Başakşehir FK - Kasımpaşa,2026-08-30T18:30:00+00:00,finished,3,1-1,Başakşehir FK,Michał Karbownik,D,0,,0,0,0,,,0,0,0,0,0,0,0,0,0,0,0,0,0,0,0,0,0,0,0,0,0,0,0,0,0,0,0,0,0,0,2026-09-02T00:09:38.309615+00:00
Turquia Super Lig 2026/2027,Başakşehir FK - Kasımpaşa,2026-08-30T18:30:00+00:00,finished,3,1-1,Kasımpaşa,Muhammed Bektaş,F,0,,0,0,0,,,0,0,0,0,0,0,0,0,0,0,0,0,0,0,0,0,0,0,0,0,0,0,0,0,0,0,0,0,0,0,2026-09-02T00:09:38.309481+00:00
Turquia Super Lig 2026/2027,Başakşehir FK - Kasımpaşa,2026-08-30T18:30:00+00:00,finished,3,1-1,Başakşehir FK,Muhammed Şengezer,G,90,6.8,64,0,0,,0.0125882,0,0,0,55,40,27,14,0,0,0,0,0,0,0,0,0,0,1,0,9,0,0,15,0,0,0,0,2,1,0,2026-09-02T00:09:38.309489+00:00
Turquia Super Lig 2026/2027,Başakşehir FK - Kasımpaşa,2026-08-30T18:30:00+00:00,finished,3,1-1,Başakşehir FK,Olivier Kemen,M,64,7.3,58,0,0,,0.021835,0,0,0,47,43,12,11,1,0,0,0,4,3,0,0,3,2,0,1,1,0,1,8,1,2,1,0,0,0,0,2026-09-02T00:09:38.309563+00:00
Turquia Super Lig 2026/2027,Başakşehir FK - Kasımpaşa,2026-08-30T18:30:00+00:00,finished,3,1-1,Başakşehir FK,Onur Ergün,M,26,6.3,16,0,0,,0.00385468,0,0,0,13,9,2,1,0,0,1,0,2,5,0,3,2,1,0,0,0,0,0,5,0,1,0,0,0,1,0,2026-09-02T00:09:38.309586+00:00
Turquia Super Lig 2026/2027,Başakşehir FK - Kasımpaşa,2026-08-30T18:30:00+00:00,finished,3,1-1,Kasımpaşa,Salih Arici,D,0,,0,0,0,,,0,0,0,0,0,0,0,0,0,0,0,0,0,0,0,0,0,0,0,0,0,0,0,0,0,0,0,0,0,0,2026-09-02T00:09:38.309456+00:00
Turquia Super Lig 2026/2027,Başakşehir FK - Kasımpaşa,2026-08-30T18:30:00+00:00,finished,3,1-1,Kasımpaşa,Sinan Alkas,F,0,,0,0,0,,,0,0,0,0,0,0,0,0,0,0,0,0,0,0,0,0,0,0,0,0,0,0,0,0,0,0,0,0,0,0,2026-09-02T00:09:38.309439+00:00
Turquia Super Lig 2026/2027,Başakşehir FK - Kasımpaşa,2026-08-30T18:30:00+00:00,finished,3,1-1,Başakşehir FK,Umut Bozok,F,73,6.9,38,0,1,0.0406,0.112486,1,0,1,26,22,0,0,1,1,1,0,1,4,1,1,0,0,1,0,4,0,2,7,0,0,0,0,0,0,0,2026-09-02T00:09:38.309555+00:00
Turquia Super Lig 2026/2027,Başakşehir FK - Kasımpaşa,2026-08-30T18:30:00+00:00,finished,3,1-1,Başakşehir FK,Umut Güneş,M,90,7.6,111,0,0,,0.0373238,0,0,1,99,94,10,8,0,0,3,2,7,3,0,1,1,0,1,1,5,0,0,7,4,1,0,0,0,1,0,2026-09-02T00:09:38.309507+00:00
Turquia Super Lig 2026/2027,Başakşehir FK - Kasımpaşa,2026-08-30T18:30:00+00:00,finished,3,1-1,Başakşehir FK,Yusuf Sarı,M,45,6.4,21,0,0,0.0914,0.00500126,1,0,0,14,13,1,0,2,0,1,0,1,3,0,0,0,0,1,0,5,0,0,5,1,0,0,0,0,1,0,2026-09-02T00:09:38.309570+00:00
Turquia Super Lig 2026/2027,Başakşehir FK - Kasımpaşa,2026-08-30T18:30:00+00:00,finished,3,1-1,Başakşehir FK,Ömer Ali Şahiner,D,90,6.5,76,0,0,,0.0246053,0,0,0,57,50,3,3,1,0,1,1,3,2,1,1,1,1,1,2,6,0,0,8,0,1,0,0,0,1,0,2026-09-02T00:09:38.309540+00:00
Turquia Super Lig 2026/2027,Samsunspor - Fenerbahçe,2026-08-30T18:30:00+00:00,finished,3,0-2,Samsunspor,,,0,,0,0,0,,,0,0,0,0,0,0,0,0,0,0,0,0,0,0,0,0,0,0,0,0,0,0,0,0,0,0,0,0,0,0,2026-09-02T00:09:38.194654+00:00
Turquia Super Lig 2026/2027,Samsunspor - Fenerbahçe,2026-08-30T18:30:00+00:00,finished,3,0-2,Samsunspor,Afonso Sousa,M,24,6.5,16,0,0,,0.010438,0,0,0,12,12,0,0,1,0,1,0,0,2,0,0,0,0,0,0,1,0,1,4,0,0,0,0,0,0,0,2026-09-02T00:09:38.194589+00:00
Turquia Super Lig 2026/2027,Samsunspor - Fenerbahçe,2026-08-30T18:30:00+00:00,finished,3,0-2,Samsunspor,Antoine Sekongo,M,74,6.8,36,0,0,0.1316,0.0597648,1,0,1,21,20,1,1,0,0,1,1,7,5,1,2,0,0,3,0,4,0,2,4,5,0,0,0,0,1,0,2026-09-02T00:09:38.194556+00:00
Turquia Super Lig 2026/2027,Samsunspor - Fenerbahçe,2026-08-30T18:30:00+00:00,finished,3,0-2,Fenerbahçe,Archie Brown,D,90,7.5,52,0,0,0.1854,0.543866,1,0,2,34,27,3,2,3,1,1,0,4,2,2,0,1,1,3,2,2,0,0,12,1,0,0,0,0,0,0,2026-09-02T00:09:38.194272+00:00
Turquia Super Lig 2026/2027,Samsunspor - Fenerbahçe,2026-08-30T18:30:00+00:00,finished,3,0-2,Fenerbahçe,Bartuğ Elmaz,M,8,6.6,3,0,0,,0.00041331,0,0,0,3,3,0,0,0,0,0,0,0,0,0,0,0,0,0,0,1,0,0,0,0,0,0,0,0,0,0,2026-09-02T00:09:38.194444+00:00
Turquia Super Lig 2026/2027,Samsunspor - Fenerbahçe,2026-08-30T18:30:00+00:00,finished,3,0-2,Samsunspor,Bilal Bayazit,G,0,,0,0,0,,,0,0,0,0,0,0,0,0,0,0,0,0,0,0,0,0,0,0,0,0,0,0,0,0,0,0,0,0,0,0,2026-09-02T00:09:38.194631+00:00
Turquia Super Lig 2026/2027,Samsunspor - Fenerbahçe,2026-08-30T18:30:00+00:00,finished,3,0-2,Samsunspor,Celil Yüksel,M,86,7.1,70,0,0,0.0233,0.0705558,1,0,1,59,55,5,5,0,0,0,0,4,3,0,0,1,0,1,0,4,1,1,6,3,0,0,0,0,2,0,2026-09-02T00:09:38.194539+00:00
Turquia Super Lig 2026/2027,Samsunspor - Fenerbahçe,2026-08-30T18:30:00+00:00,finished,3,0-2,Fenerbahçe,Dorgeles Nene,F,12,6.7,13,0,0,,0.00070838,0,0,0,7,5,0,0,0,0,0,0,2,0,0,0,1,1,3,1,1,0,0,2,1,0,0,0,0,0,0,2026-09-02T00:09:38.194427+00:00
Turquia Super Lig 2026/2027,Samsunspor - Fenerbahçe,2026-08-30T18:30:00+00:00,finished,3,0-2,Fenerbahçe,Ederson,G,90,6.7,41,0,0,,0.00505978,0,0,0,33,18,23,8,0,0,0,0,0,0,0,0,0,0,2,0,8,0,0,15,0,0,0,0,0,0,0,2026-09-02T00:09:38.194333+00:00
Turquia Super Lig 2026/2027,Samsunspor - Fenerbahçe,2026-08-30T18:30:00+00:00,finished,3,0-2,Samsunspor,Elliot Watt,M,90,6.9,101,0,0,,0.0412549,0,0,1,90,75,13,7,2,0,2,0,2,7,0,1,0,0,2,0,5,0,0,20,2,3,0,0,0,2,0,2026-09-02T00:09:38.194531+00:00
Turquia Super Lig 2026/2027,Samsunspor - Fenerbahçe,2026-08-30T18:30:00+00:00,finished,3,0-2,Samsunspor,Emre Kılınç,M,90,6.2,57,0,0,,0.257869,0,0,2,39,30,2,0,4,2,2,0,0,6,0,1,0,0,0,0,1,0,2,17,0,0,0,0,0,2,0,2026-09-02T00:09:38.194522+00:00
Turquia Super Lig 2026/2027,Samsunspor - Fenerbahçe,2026-08-30T18:30:00+00:00,finished,3,0-2,Samsunspor,Enes Albak,D,0,,0,0,0,,,0,0,0,0,0,0,0,0,0,0,0,0,0,0,0,0,0,0,0,0,0,0,0,0,0,0,0,0,0,0,2026-09-02T00:09:38.194639+00:00
Turquia Super Lig 2026/2027,Samsunspor - Fenerbahçe,2026-08-30T18:30:00+00:00,finished,3,0-2,Samsunspor,Eyup Degirmenci,M,0,,0,0,0,,,0,0,0,0,0,0,0,0,0,0,0,0,0,0,0,0,0,0,0,0,0,0,0,0,0,0,0,0,0,0,2026-09-02T00:09:38.194647+00:00
Turquia Super Lig 2026/2027,Samsunspor - Fenerbahçe,2026-08-30T18:30:00+00:00,finished,3,0-2,Samsunspor,Fatih Kaya,F,16,6.5,3,0,0,,0.0024374,0,0,0,3,3,0,0,0,0,0,0,0,1,0,1,0,0,0,0,0,0,0,0,0,0,0,0,0,1,0,2026-09-02T00:09:38.194597+00:00
Turquia Super Lig 2026/2027,Samsunspor - Fenerbahçe,2026-08-30T18:30:00+00:00,finished,3,0-2,Samsunspor,Gabriele Guarino,D,90,6.9,76,0,0,,0.00992698,0,0,0,67,65,2,0,0,0,0,0,3,3,1,2,2,2,2,0,4,0,0,3,0,1,0,0,0,2,0,2026-09-02T00:09:38.194497+00:00
Turquia Super Lig 2026/2027,Samsunspor - Fenerbahçe,2026-08-30T18:30:00+00:00,finished,3,0-2,Samsunspor,Haluk Mustafa Tan,D,0,,0,0,0,,,0,0,0,0,0,0,0,0,0,0,0,0,0,0,0,0,0,0,0,0,0,0,0,0,0,0,0,0,0,0,2026-09-02T00:09:38.194623+00:00
Turquia Super Lig 2026/2027,Samsunspor - Fenerbahçe,2026-08-30T18:30:00+00:00,finished,3,0-2,Samsunspor,Josafat Mendes,D,90,6.4,58,0,0,,0.0707159,0,0,1,44,44,1,1,5,0,2,1,2,3,0,0,1,0,1,0,3,0,0,6,0,2,0,0,0,2,0,2026-09-02T00:09:38.194514+00:00
Turquia Super Lig 2026/2027,Samsunspor - Fenerbahçe,2026-08-30T18:30:00+00:00,finished,3,0-2,Fenerbahçe,Kojo Peprah Oppong,D,0,,0,0,0,,,0,0,0,0,0,0,0,0,0,0,0,0,0,0,0,0,0,0,0,0,0,0,0,0,0,0,0,0,0,0,2026-09-02T00:09:38.194451+00:00
Turquia Super Lig 2026/2027,Samsunspor - Fenerbahçe,2026-08-30T18:30:00+00:00,finished,3,0-2,Fenerbahçe,Levent Mercan,D,8,6.6,3,0,0,0.0702,0.00077521,1,0,0,1,1,0,0,0,0,0,0,0,0,0,0,0,0,1,0,0,0,0,0,0,0,0,0,0,0,0,2026-09-02T00:09:38.194435+00:00
Turquia Super Lig 2026/2027,Samsunspor - Fenerbahçe,2026-08-30T18:30:00+00:00,finished,3,0-2,Samsunspor,Logi Tomasson,D,90,6.2,73,0,0,,0.0310651,0,0,0,52,47,3,3,4,1,2,1,1,5,0,0,0,0,3,1,3,0,3,12,0,1,0,0,0,2,0,2026-09-02T00:09:38.194489+00:00
Turquia Super Lig 2026/2027,Samsunspor - Fenerbahçe,2026-08-30T18:30:00+00:00,finished,3,0-2,Fenerbahçe,Mason Greenwood,F,64,6.8,33,0,0,0.1494,0.0592248,3,2,2,20,18,2,1,1,1,2,1,1,1,0,0,0,0,0,1,2,1,0,7,0,0,0,0,0,0,0,2026-09-02T00:09:38.194394+00:00
Turquia Super Lig 2026/2027,Samsunspor - Fenerbahçe,2026-08-30T18:30:00+00:00,finished,3,0-2,Fenerbahçe,Mattéo Guendouzi,M,86,7.3,55,0,0,,0.170158,0,0,1,40,36,4,3,1,1,2,1,5,4,1,0,1,0,1,0,6,0,1,8,2,2,0,0,0,0,0,2026-09-02T00:09:38.194368+00:00
Turquia Super Lig 2026/2027,Samsunspor - Fenerbahçe,2026-08-30T18:30:00+00:00,finished,3,0-2,Fenerbahçe,Mert Günok,G,0,,0,0,0,,,0,0,0,0,0,0,0,0,0,0,0,0,0,0,0,0,0,0,0,0,0,0,0,0,0,0,0,0,0,0,2026-09-02T00:09:38.194459+00:00
Turquia Super Lig 2026/2027,Samsunspor - Fenerbahçe,2026-08-30T18:30:00+00:00,finished,3,0-2,Fenerbahçe,Mert Müldür,D,0,,0,0,0,,,0,0,0,0,0,0,0,0,0,0,0,0,0,0,0,0,0,0,0,0,0,0,0,0,0,0,0,0,0,0,2026-09-02T00:09:38.194467+00:00
Turquia Super Lig 2026/2027,Samsunspor - Fenerbahçe,2026-08-30T18:30:00+00:00,finished,3,0-2,Fenerbahçe,Milan Škriniar,D,90,7.4,50,0,0,0.0057,0.00259677,1,0,1,40,38,3,2,0,0,0,0,3,2,1,0,2,2,3,1,7,0,0,3,0,1,0,0,0,0,0,2026-09-02T00:09:38.194351+00:00
Turquia Super Lig 2026/2027,Samsunspor - Fenerbahçe,2026-08-30T18:30:00+00:00,finished,3,0-2,Fenerbahçe,N'Golo Kanté,M,90,7.4,56,0,0,,0.020753,0,0,0,43,40,0,0,0,0,0,0,6,1,0,0,5,4,2,1,4,0,0,4,1,1,0,0,0,0,0,2026-09-02T00:09:38.194322+00:00
Turquia Super Lig 2026/2027,Samsunspor - Fenerbahçe,2026-08-30T18:30:00+00:00,finished,3,0-2,Fenerbahçe,Nathan Aké,D,90,6.6,42,0,0,,0.00202138,0,0,0,35,33,1,0,0,0,0,0,1,4,1,0,0,0,4,1,3,0,0,3,0,4,0,0,0,0,0,2026-09-02T00:09:38.194359+00:00
Turquia Super Lig 2026/2027,Samsunspor - Fenerbahçe,2026-08-30T18:30:00+00:00,finished,3,0-2,Fenerbahçe,Nélson Semedo,D,90,7.3,58,0,0,,0.0113205,0,0,0,39,31,5,3,0,0,2,2,6,0,1,0,2,0,2,1,7,0,0,9,1,0,0,0,0,0,0,2026-09-02T00:09:38.194343+00:00
Turquia Super Lig 2026/2027,Samsunspor - Fenerbahçe,2026-08-30T18:30:00+00:00,finished,3,0-2,Samsunspor,Okan Kocuk,G,90,7.3,41,0,0,,0.00051308,0,0,0,26,17,15,6,0,0,0,0,0,0,0,0,0,0,1,0,10,0,0,9,0,0,0,0,5,2,1,2026-09-02T00:09:38.194506+00:00
Turquia Super Lig 2026/2027,Samsunspor - Fenerbahçe,2026-08-30T18:30:00+00:00,finished,3,0-2,Fenerbahçe,Oğuz Aydın,M,86,8.8,60,1,1,0.2912,0.0821968,2,2,3,39,33,1,0,3,1,1,1,5,3,0,1,2,1,1,3,3,0,0,14,2,2,0,0,0,0,0,2026-09-02T00:09:38.194376+00:00
Turquia Super Lig 2026/2027,Samsunspor - Fenerbahçe,2026-08-30T18:30:00+00:00,finished,3,0-2,Fenerbahçe,Romelu Lukaku,F,27,6.3,11,0,0,0.1049,0.0742983,1,0,1,6,6,0,0,0,0,0,0,1,5,0,2,0,0,0,0,0,1,2,3,1,1,1,0,0,0,0,2026-09-02T00:09:38.194411+00:00
Turquia Super Lig 2026/2027,Samsunspor - Fenerbahçe,2026-08-30T18:30:00+00:00,finished,3,0-2,Samsunspor,Saikuba Jarju,F,86,6.2,37,0,0,0.2691,0.0272687,2,0,0,23,19,0,0,3,1,1,0,4,7,0,2,1,0,1,0,6,1,0,9,3,3,0,0,0,2,0,2026-09-02T00:09:38.194548+00:00
Turquia Super Lig 2026/2027,Samsunspor - Fenerbahçe,2026-08-30T18:30:00+00:00,finished,3,0-2,Samsunspor,Samed Onur,M,8,6.5,14,0,0,,0.00637806,0,0,0,12,11,0,0,0,0,0,0,0,1,0,0,0,0,0,1,1,0,0,1,0,1,0,0,0,0,0,2026-09-02T00:09:38.194606+00:00
Turquia Super Lig 2026/2027,Samsunspor - Fenerbahçe,2026-08-30T18:30:00+00:00,finished,3,0-2,Samsunspor,Tahsin Bülbül ,F,8,6.5,5,0,0,,0.00404097,0,0,0,4,4,0,0,0,0,0,0,0,0,0,0,0,0,0,0,0,0,0,0,0,0,0,0,0,0,0,2026-09-02T00:09:38.194615+00:00
Turquia Super Lig 2026/2027,Samsunspor - Fenerbahçe,2026-08-30T18:30:00+00:00,finished,3,0-2,Fenerbahçe,Tarık Çetin,G,0,,0,0,0,,,0,0,0,0,0,0,0,0,0,0,0,0,0,0,0,0,0,0,0,0,0,0,0,0,0,0,0,0,0,0,2026-09-02T00:09:38.194482+00:00
Turquia Super Lig 2026/2027,Samsunspor - Fenerbahçe,2026-08-30T18:30:00+00:00,finished,3,0-2,Samsunspor,Toni Borevković,D,45,6.1,43,0,0,,0.00270484,0,0,0,39,38,4,3,0,0,0,0,0,0,0,0,0,0,4,0,1,0,0,1,0,0,0,0,0,1,0,2026-09-02T00:09:38.194572+00:00
Turquia Super Lig 2026/2027,Samsunspor - Fenerbahçe,2026-08-30T18:30:00+00:00,finished,3,0-2,Fenerbahçe,Vedat Muriqi,F,63,7.9,34,1,0,0.7657,0.139261,5,3,1,20,16,2,2,0,0,0,0,5,4,3,0,0,0,1,0,2,0,1,7,2,3,0,0,0,0,0,2026-09-02T00:09:38.194403+00:00
Turquia Super Lig 2026/2027,Samsunspor - Fenerbahçe,2026-08-30T18:30:00+00:00,finished,3,0-2,Samsunspor,Yalçın Kayan,M,66,6.3,36,0,0,0.0154,0.0119689,1,0,0,20,17,1,0,1,0,2,1,4,5,0,0,2,1,0,0,3,0,2,8,1,1,0,0,0,2,0,2026-09-02T00:09:38.194564+00:00
Turquia Super Lig 2026/2027,Samsunspor - Fenerbahçe,2026-08-30T18:30:00+00:00,finished,3,0-2,Fenerbahçe,Yiğit Efe Demir,D,0,,0,0,0,,,0,0,0,0,0,0,0,0,0,0,0,0,0,0,0,0,0,0,0,0,0,0,0,0,0,0,0,0,0,0,2026-09-02T00:09:38.194474+00:00
Turquia Super Lig 2026/2027,Samsunspor - Fenerbahçe,2026-08-30T18:30:00+00:00,finished,3,0-2,Samsunspor,Yunus Emre Çift,D,45,6.9,50,0,0,0.0198,0.0113044,1,0,0,41,38,4,3,0,0,0,0,6,2,1,1,2,0,0,1,4,1,0,3,3,1,0,0,0,1,0,2026-09-02T00:09:38.194581+00:00
Turquia Super Lig 2026/2027,Samsunspor - Fenerbahçe,2026-08-30T18:30:00+00:00,finished,3,0-2,Fenerbahçe,İrfan Can Kahveci,M,78,7.2,46,0,1,,0.175899,0,0,2,30,27,2,2,2,1,3,1,7,6,1,0,4,3,0,0,3,0,0,8,1,3,0,0,0,0,0,2026-09-02T00:09:38.194385+00:00
Turquia Super Lig 2026/2027,Samsunspor - Fenerbahçe,2026-08-30T18:30:00+00:00,finished,3,0-2,Fenerbahçe,İsmail Yüksek,M,26,7.1,20,0,0,0.0104,0.214847,1,0,1,14,13,1,0,0,0,1,1,4,1,0,0,2,2,0,0,4,0,0,2,1,1,0,0,0,0,0,2026-09-02T00:09:38.194419+00:00
Turquia Super Lig 2026/2027,Amed Sportif Faaliyetler - Trabzonspor,2026-08-31T18:30:00+00:00,finished,3,2-1,Trabzonspor,Ahmet Doğan Yıldırım,G,0,,0,0,0,,,0,0,0,0,0,0,0,0,0,0,0,0,0,0,0,0,0,0,0,0,0,0,0,0,0,0,0,0,0,0,2026-09-02T00:09:38.389688+00:00
Turquia Super Lig 2026/2027,Amed Sportif Faaliyetler - Trabzonspor,2026-08-31T18:30:00+00:00,finished,3,2-1,Amed Sportif Faaliyetler,Alban Lafont,G,90,7.7,36,0,0,,0.00010624,0,0,0,23,16,11,4,0,0,0,0,0,0,0,0,0,0,4,0,8,0,0,7,0,0,0,0,4,1,1,2026-09-02T00:09:38.389788+00:00
Turquia Super Lig 2026/2027,Amed Sportif Faaliyetler - Trabzonspor,2026-08-31T18:30:00+00:00,finished,3,2-1,Amed Sportif Faaliyetler,Amadou Cissé,D,11,6.7,3,0,0,,1e-07,0,0,0,0,0,0,0,0,0,0,0,1,0,0,0,0,0,1,0,0,0,0,0,1,0,0,0,0,0,0,2026-09-02T00:09:38.389864+00:00
Turquia Super Lig 2026/2027,Amed Sportif Faaliyetler - Trabzonspor,2026-08-31T18:30:00+00:00,finished,3,2-1,Trabzonspor,André Onana,G,90,7.7,70,0,0,,0.00152493,0,0,0,53,35,22,5,0,0,0,0,2,0,1,0,1,1,1,0,12,0,0,19,0,0,0,0,5,2,1,2026-09-02T00:09:38.389576+00:00
Turquia Super Lig 2026/2027,Amed Sportif Faaliyetler - Trabzonspor,2026-08-31T18:30:00+00:00,finished,3,2-1,Trabzonspor,Aral Şimşir,M,56,6.9,38,0,0,0.0986,0.00862309,1,1,0,19,17,0,0,2,0,5,1,6,4,0,0,1,1,0,1,2,0,0,12,4,0,0,0,0,2,0,2026-09-02T00:09:38.389613+00:00
Turquia Super Lig 2026/2027,Amed Sportif Faaliyetler - Trabzonspor,2026-08-31T18:30:00+00:00,finished,3,2-1,Amed Sportif Faaliyetler,Burak Bozan,G,0,,0,0,0,,,0,0,0,0,0,0,0,0,0,0,0,0,0,0,0,0,0,0,0,0,0,0,0,0,0,0,0,0,0,0,2026-09-02T00:09:38.389881+00:00
Turquia Super Lig 2026/2027,Amed Sportif Faaliyetler - Trabzonspor,2026-08-31T18:30:00+00:00,finished,3,2-1,Amed Sportif Faaliyetler,Cem Üstündag,M,0,,0,0,0,,,0,0,0,0,0,0,0,0,0,0,0,0,0,0,0,0,0,0,0,0,0,0,0,0,0,0,0,0,0,0,2026-09-02T00:09:38.389917+00:00
Turquia Super Lig 2026/2027,Amed Sportif Faaliyetler - Trabzonspor,2026-08-31T18:30:00+00:00,finished,3,2-1,Trabzonspor,Cenk Özkaçar,D,0,,0,0,0,,,0,0,0,0,0,0,0,0,0,0,0,0,0,0,0,0,0,0,0,0,0,0,0,0,0,0,0,0,0,0,2026-09-02T00:09:38.389670+00:00
Turquia Super Lig 2026/2027,Amed Sportif Faaliyetler - Trabzonspor,2026-08-31T18:30:00+00:00,finished,3,2-1,Trabzonspor,Chibuike Nwaiwu,D,90,6.3,96,0,0,,0.00481022,0,0,0,82,69,8,3,0,0,1,0,3,5,1,2,1,0,6,1,4,0,0,15,1,1,1,0,0,2,0,2026-09-02T00:09:38.389546+00:00
Turquia Super Lig 2026/2027,Amed Sportif Faaliyetler - Trabzonspor,2026-08-31T18:30:00+00:00,finished,3,2-1,Amed Sportif Faaliyetler,David Robert Bates,D,61,6.9,40,0,0,,0.00455429,0,0,0,32,27,3,0,0,0,0,0,4,2,2,1,2,1,5,0,3,0,0,5,0,1,0,0,0,1,0,2026-09-02T00:09:38.389809+00:00
Turquia Super Lig 2026/2027,Amed Sportif Faaliyetler - Trabzonspor,2026-08-31T18:30:00+00:00,finished,3,2-1,Amed Sportif Faaliyetler,Dia Saba,M,90,7.4,52,0,0,0.1491,0.0757247,3,1,3,37,26,6,3,3,0,0,0,2,0,0,0,1,1,1,0,7,1,0,17,1,0,0,0,0,1,0,2026-09-02T00:09:38.389715+00:00
Turquia Super Lig 2026/2027,Amed Sportif Faaliyetler - Trabzonspor,2026-08-31T18:30:00+00:00,finished,3,2-1,Amed Sportif Faaliyetler,Ermal Krasniqi,M,90,7.1,50,0,0,0.054,0.148516,1,0,3,29,27,2,2,1,1,3,1,6,6,0,0,5,2,3,2,6,0,1,7,0,2,1,0,0,1,0,2026-09-02T00:09:38.389706+00:00
Turquia Super Lig 2026/2027,Amed Sportif Faaliyetler - Trabzonspor,2026-08-31T18:30:00+00:00,finished,3,2-1,Trabzonspor,Ernest Muçi,M,71,6.5,47,0,1,0.0276,0.0379942,2,2,2,27,21,1,1,4,1,2,1,3,4,0,0,2,2,0,1,2,0,1,16,0,1,0,0,0,1,0,2026-09-02T00:09:38.389594+00:00
Turquia Super Lig 2026/2027,Amed Sportif Faaliyetler - Trabzonspor,2026-08-31T18:30:00+00:00,finished,3,2-1,Trabzonspor,Fabinho,M,59,6.8,37,0,0,,0.0462203,0,0,0,35,32,5,3,0,0,0,0,2,1,0,0,2,1,0,0,0,0,0,3,0,0,0,0,0,1,0,2026-09-02T00:09:38.389604+00:00
Turquia Super Lig 2026/2027,Amed Sportif Faaliyetler - Trabzonspor,2026-08-31T18:30:00+00:00,finished,3,2-1,Amed Sportif Faaliyetler,Furkan Soyalp,M,29,6.6,21,0,0,0.0709,0.00074802,2,0,0,12,7,1,0,0,0,0,0,5,5,2,1,3,2,2,0,3,0,0,6,0,3,1,0,0,0,0,2026-09-02T00:09:38.389845+00:00
Turquia Super Lig 2026/2027,Amed Sportif Faaliyetler - Trabzonspor,2026-08-31T18:30:00+00:00,finished,3,2-1,Amed Sportif Faaliyetler,Gift Orban,F,40,6.7,21,1,0,0.7866,0.00087145,2,1,0,11,6,3,1,0,0,1,0,1,6,0,2,0,0,2,0,2,0,1,8,1,2,1,0,0,0,0,2026-09-02T00:09:38.389836+00:00
Turquia Super Lig 2026/2027,Amed Sportif Faaliyetler - Trabzonspor,2026-08-31T18:30:00+00:00,finished,3,2-1,Amed Sportif Faaliyetler,Gökhan Gül,M,61,6.8,38,0,0,0.0199,0.0866181,1,0,1,31,24,6,2,1,1,1,1,3,0,0,0,2,1,0,0,2,1,0,8,0,0,0,0,0,1,0,2026-09-02T00:09:38.389818+00:00
Turquia Super Lig 2026/2027,Amed Sportif Faaliyetler - Trabzonspor,2026-08-31T18:30:00+00:00,finished,3,2-1,Amed Sportif Faaliyetler,Kahraman Demirtaş,D,0,,0,0,0,,,0,0,0,0,0,0,0,0,0,0,0,0,0,0,0,0,0,0,0,0,0,0,0,0,0,0,0,0,0,0,2026-09-02T00:09:38.389899+00:00
Turquia Super Lig 2026/2027,Amed Sportif Faaliyetler - Trabzonspor,2026-08-31T18:30:00+00:00,finished,3,2-1,Amed Sportif Faaliyetler,Lumbardh Dellova,D,90,6.7,50,0,0,,0.00325858,0,0,0,42,36,3,1,0,0,1,1,3,0,1,0,1,1,3,1,4,0,0,6,0,0,0,0,0,1,0,2026-09-02T00:09:38.389771+00:00
Turquia Super Lig 2026/2027,Amed Sportif Faaliyetler - Trabzonspor,2026-08-31T18:30:00+00:00,finished,3,2-1,Amed Sportif Faaliyetler,Mbaye Diagne,F,79,5.5,20,0,0,0.9657,0.00390205,3,2,0,11,8,1,0,0,0,0,0,2,5,2,1,0,0,1,0,2,0,3,8,0,1,0,0,0,1,0,2026-09-02T00:09:38.389799+00:00
Turquia Super Lig 2026/2027,Amed Sportif Faaliyetler - Trabzonspor,2026-08-31T18:30:00+00:00,finished,3,2-1,Amed Sportif Faaliyetler,Mehmet Yeşil,D,29,8.1,10,0,1,,0.809348,0,0,1,7,6,1,0,0,0,0,0,2,1,1,0,1,1,2,0,1,0,0,1,0,0,0,0,0,0,0,2026-09-02T00:09:38.389855+00:00
Turquia Super Lig 2026/2027,Amed Sportif Faaliyetler - Trabzonspor,2026-08-31T18:30:00+00:00,finished,3,2-1,Trabzonspor,Melih Kabasakal,M,90,6.5,78,0,0,,0.0461802,0,0,1,65,62,4,4,0,0,1,1,5,4,1,0,3,1,2,2,7,0,0,6,0,3,0,0,0,2,0,2026-09-02T00:09:38.389556+00:00
Turquia Super Lig 2026/2027,Amed Sportif Faaliyetler - Trabzonspor,2026-08-31T18:30:00+00:00,finished,3,2-1,Trabzonspor,Metehan Mimaroğlu,M,19,6.4,11,0,0,,0.00118738,0,0,0,6,4,0,0,3,0,0,0,1,2,1,1,0,0,0,0,1,0,0,6,0,1,0,0,0,1,0,2026-09-02T00:09:38.389651+00:00
Turquia Super Lig 2026/2027,Amed Sportif Faaliyetler - Trabzonspor,2026-08-31T18:30:00+00:00,finished,3,2-1,Amed Sportif Faaliyetler,Miraç Acer,D,0,,0,0,0,,,0,0,0,0,0,0,0,0,0,0,0,0,0,0,0,0,0,0,0,0,0,0,0,0,0,0,0,0,0,0,2026-09-02T00:09:38.389890+00:00
Turquia Super Lig 2026/2027,Amed Sportif Faaliyetler - Trabzonspor,2026-08-31T18:30:00+00:00,finished,3,2-1,Amed Sportif Faaliyetler,Mohamed Khalil,F,0,,0,0,0,,,0,0,0,0,0,0,0,0,0,0,0,0,0,0,0,0,0,0,0,0,0,0,0,0,0,0,0,0,0,0,2026-09-02T00:09:38.389873+00:00
Turquia Super Lig 2026/2027,Amed Sportif Faaliyetler - Trabzonspor,2026-08-31T18:30:00+00:00,finished,3,2-1,Trabzonspor,Mohamed Salah,M,90,7.5,53,1,0,0.615,0.127999,3,1,3,40,30,3,1,1,0,3,1,1,2,0,0,0,0,1,0,2,1,0,18,0,0,0,0,0,2,0,2026-09-02T00:09:38.389566+00:00
Turquia Super Lig 2026/2027,Amed Sportif Faaliyetler - Trabzonspor,2026-08-31T18:30:00+00:00,finished,3,2-1,Trabzonspor,Mustafa Eskihellaç,D,90,6.2,81,0,0,,0.0139157,0,0,0,51,44,5,3,1,0,3,0,3,5,0,0,1,0,3,0,6,0,1,16,2,0,0,0,0,2,0,2026-09-02T00:09:38.389524+00:00
Turquia Super Lig 2026/2027,Amed Sportif Faaliyetler - Trabzonspor,2026-08-31T18:30:00+00:00,finished,3,2-1,Trabzonspor,Noah Saviolo,M,34,6.6,6,0,0,,0.00254683,0,0,0,4,4,0,0,0,0,0,0,1,2,0,0,0,0,0,0,2,0,0,0,1,1,0,0,0,0,0,2026-09-02T00:09:38.389622+00:00
Turquia Super Lig 2026/2027,Amed Sportif Faaliyetler - Trabzonspor,2026-08-31T18:30:00+00:00,finished,3,2-1,Trabzonspor,Onuralp Çevikkan,G,0,,0,0,0,,,0,0,0,0,0,0,0,0,0,0,0,0,0,0,0,0,0,0,0,0,0,0,0,0,0,0,0,0,0,0,2026-09-02T00:09:38.389696+00:00
Turquia Super Lig 2026/2027,Amed Sportif Faaliyetler - Trabzonspor,2026-08-31T18:30:00+00:00,finished,3,2-1,Trabzonspor,Ozan Tufan,M,31,6.9,32,0,0,0.0772,0.0200996,1,1,1,22,19,1,1,0,0,2,1,7,2,0,1,2,1,1,0,1,0,0,4,4,0,0,0,0,1,0,2026-09-02T00:09:38.389632+00:00
Turquia Super Lig 2026/2027,Amed Sportif Faaliyetler - Trabzonspor,2026-08-31T18:30:00+00:00,finished,3,2-1,Trabzonspor,Paul Onuachu,F,90,6.4,21,0,0,0.0261,0.00519079,1,0,0,15,13,2,2,0,0,1,0,3,7,1,4,1,1,0,0,1,1,2,5,1,0,0,0,0,2,0,2026-09-02T00:09:38.389474+00:00
Turquia Super Lig 2026/2027,Amed Sportif Faaliyetler - Trabzonspor,2026-08-31T18:30:00+00:00,finished,3,2-1,Amed Sportif Faaliyetler,Rayan Lutin,M,0,,0,0,0,,,0,0,0,0,0,0,0,0,0,0,0,0,0,0,0,0,0,0,0,0,0,0,0,0,0,0,0,0,0,0,2026-09-02T00:09:38.389908+00:00
Turquia Super Lig 2026/2027,Amed Sportif Faaliyetler - Trabzonspor,2026-08-31T18:30:00+00:00,finished,3,2-1,Amed Sportif Faaliyetler,Rayan Raveloson,M,90,6.5,46,0,0,,0.0113759,0,0,0,36,28,5,2,0,0,1,1,5,6,1,0,1,0,1,1,5,0,1,11,2,3,0,0,0,1,0,2026-09-02T00:09:38.389734+00:00
Turquia Super Lig 2026/2027,Amed Sportif Faaliyetler - Trabzonspor,2026-08-31T18:30:00+00:00,finished,3,2-1,Trabzonspor,Samet Akaydın,D,0,,0,0,0,,,0,0,0,0,0,0,0,0,0,0,0,0,0,0,0,0,0,0,0,0,0,0,0,0,0,0,0,0,0,0,2026-09-02T00:09:38.389679+00:00
Turquia Super Lig 2026/2027,Amed Sportif Faaliyetler - Trabzonspor,2026-08-31T18:30:00+00:00,finished,3,2-1,Amed Sportif Faaliyetler,Samuel Ballet,F,90,6.6,56,0,0,0.0794,0.0172082,1,0,2,26,20,2,1,3,0,4,2,7,9,0,1,2,1,0,0,11,0,3,21,3,3,1,0,0,1,0,2026-09-02T00:09:38.389724+00:00
Turquia Super Lig 2026/2027,Amed Sportif Faaliyetler - Trabzonspor,2026-08-31T18:30:00+00:00,finished,3,2-1,Trabzonspor,Sidny Lopes Cabral,D,71,6.5,41,0,0,,0.00630075,0,0,0,27,27,3,3,2,0,1,1,3,3,0,0,0,0,1,1,2,0,1,4,2,1,1,0,0,1,0,2026-09-02T00:09:38.389585+00:00
Turquia Super Lig 2026/2027,Amed Sportif Faaliyetler - Trabzonspor,2026-08-31T18:30:00+00:00,finished,3,2-1,Trabzonspor,Stefan Savić,D,90,6.6,73,0,0,,0.00507472,0,0,0,67,61,6,3,0,0,0,0,2,1,1,1,0,0,2,2,3,0,0,6,1,0,0,0,0,2,0,2026-09-02T00:09:38.389536+00:00
Turquia Super Lig 2026/2027,Amed Sportif Faaliyetler - Trabzonspor,2026-08-31T18:30:00+00:00,finished,3,2-1,Amed Sportif Faaliyetler,Umut Meraş,D,90,6.6,57,0,0,,0.0123193,0,0,0,40,31,6,2,0,0,0,0,1,2,0,0,1,1,2,0,2,0,0,11,0,2,1,0,0,1,0,2026-09-02T00:09:38.389743+00:00
Turquia Super Lig 2026/2027,Amed Sportif Faaliyetler - Trabzonspor,2026-08-31T18:30:00+00:00,finished,3,2-1,Trabzonspor,Umut Nayir,F,0,,0,0,0,,,0,0,0,0,0,0,0,0,0,0,0,0,0,0,0,0,0,0,0,0,0,0,0,0,0,0,0,0,0,0,2026-09-02T00:09:38.389660+00:00
Turquia Super Lig 2026/2027,Amed Sportif Faaliyetler - Trabzonspor,2026-08-31T18:30:00+00:00,finished,3,2-1,Trabzonspor,Wagner Pina,D,19,5.7,21,0,0,,0.00414648,0,0,0,15,13,0,0,0,0,1,0,1,4,0,0,0,0,0,0,1,0,1,5,1,2,0,0,0,1,0,2026-09-02T00:09:38.389642+00:00
Turquia Super Lig 2026/2027,Amed Sportif Faaliyetler - Trabzonspor,2026-08-31T18:30:00+00:00,finished,3,2-1,Amed Sportif Faaliyetler,Yira Collins Sor,M,50,7.2,28,1,0,0.8527,0.00962201,4,3,0,15,13,0,0,1,0,2,2,4,1,0,0,1,1,0,2,2,0,0,5,1,1,0,0,0,1,0,2026-09-02T00:09:38.389827+00:00
Turquia Super Lig 2026/2027,Beşiktaş JK - Çorum FK,2026-08-31T18:30:00+00:00,finished,3,6-2,Beşiktaş JK,,,16,6.6,8,0,0,,4.323e-05,0,0,0,3,2,0,0,1,0,1,0,2,1,0,0,1,1,0,0,1,0,0,3,1,1,0,0,0,1,0,2026-09-01T10:31:02.593821+00:00
Turquia Super Lig 2026/2027,Beşiktaş JK - Çorum FK,2026-08-31T18:30:00+00:00,finished,3,6-2,Beşiktaş JK,,,9,6.5,4,0,0,,2.798e-05,0,0,0,2,2,0,0,0,0,1,0,0,1,0,0,0,0,0,0,1,0,0,2,0,0,0,0,0,0,0,2026-09-01T10:31:02.593829+00:00
Turquia Super Lig 2026/2027,Beşiktaş JK - Çorum FK,2026-08-31T18:30:00+00:00,finished,3,6-2,Çorum FK,,,48,7.1,27,0,1,0.0118,0.18816,1,1,3,15,12,4,2,3,1,2,2,5,1,0,0,2,1,1,1,2,0,1,6,1,0,0,0,0,4,0,2026-09-01T10:31:02.594033+00:00
Turquia Super Lig 2026/2027,Beşiktaş JK - Çorum FK,2026-08-31T18:30:00+00:00,finished,3,6-2,Çorum FK,Ahmed Ildız,M,0,,0,0,0,,,0,0,0,0,0,0,0,0,0,0,0,0,0,0,0,0,0,0,0,0,0,0,0,0,0,0,0,0,0,0,2026-09-01T10:31:02.594151+00:00
Turquia Super Lig 2026/2027,Beşiktaş JK - Çorum FK,2026-08-31T18:30:00+00:00,finished,3,6-2,Beşiktaş JK,Alexander Nübel,G,93,6.0,41,0,0,,0.00017694,0,0,0,33,30,5,2,0,0,0,0,0,0,0,0,0,0,0,0,13,0,0,4,0,0,0,0,1,2,0,2026-09-01T10:31:02.593698+00:00
Turquia Super Lig 2026/2027,Beşiktaş JK - Çorum FK,2026-08-31T18:30:00+00:00,finished,3,6-2,Çorum FK,Alexandre Penetra,D,93,5.8,69,0,0,,0.00286111,0,0,0,57,47,12,4,0,0,0,0,5,0,3,0,2,2,6,1,3,0,0,11,0,1,0,0,0,6,0,2026-09-01T10:31:02.593960+00:00
Turquia Super Lig 2026/2027,Beşiktaş JK - Çorum FK,2026-08-31T18:30:00+00:00,finished,3,6-2,Beşiktaş JK,Amir Murillo,D,93,7.5,57,1,0,0.2619,0.0135068,2,1,0,31,26,2,1,3,0,2,2,4,1,0,0,0,0,1,1,6,0,0,12,2,0,0,0,0,2,0,2026-09-01T10:31:02.593678+00:00
Turquia Super Lig 2026/2027,Beşiktaş JK - Çorum FK,2026-08-31T18:30:00+00:00,finished,3,6-2,Çorum FK,Andrei Borza,D,93,5.3,37,0,1,0.0337,0.00800315,2,0,1,19,14,2,1,0,0,2,1,2,2,0,0,1,0,2,2,1,1,0,7,0,0,0,0,0,6,0,2026-09-01T10:31:02.593978+00:00
Turquia Super Lig 2026/2027,Beşiktaş JK - Çorum FK,2026-08-31T18:30:00+00:00,finished,3,6-2,Çorum FK,Arda Şengül,D,0,,0,0,0,,,0,0,0,0,0,0,0,0,0,0,0,0,0,0,0,0,0,0,0,0,0,0,0,0,0,0,0,0,0,0,2026-09-01T10:31:02.594092+00:00
Turquia Super Lig 2026/2027,Beşiktaş JK - Çorum FK,2026-08-31T18:30:00+00:00,finished,3,6-2,Çorum FK,Berat Özdemir,M,71,6.9,50,0,0,,0.0310169,0,0,1,43,40,9,6,0,0,0,0,4,3,1,0,3,2,1,0,2,0,1,5,0,0,0,0,0,4,0,2026-09-01T10:31:02.593996+00:00
Turquia Super Lig 2026/2027,Beşiktaş JK - Çorum FK,2026-08-31T18:30:00+00:00,finished,3,6-2,Beşiktaş JK,Doğan Alemdar,G,0,,0,0,0,,,0,0,0,0,0,0,0,0,0,0,0,0,0,0,0,0,0,0,0,0,0,0,0,0,0,0,0,0,0,0,2026-09-01T10:31:02.593837+00:00
Turquia Super Lig 2026/2027,Beşiktaş JK - Çorum FK,2026-08-31T18:30:00+00:00,finished,3,6-2,Beşiktaş JK,Dušan Vlahović,F,71,9.4,27,3,0,1.2273,0.0554046,5,4,1,14,11,0,0,0,0,0,0,0,5,0,3,0,0,1,0,0,0,2,8,0,1,1,0,0,1,0,2026-09-01T10:31:02.593770+00:00
Turquia Super Lig 2026/2027,Beşiktaş JK - Çorum FK,2026-08-31T18:30:00+00:00,finished,3,6-2,Çorum FK,Emircan Gürlük,M,60,6.1,31,0,0,0.0812,0.0482829,1,0,0,13,9,0,0,2,1,4,1,2,6,0,0,1,1,2,2,7,0,1,12,0,1,0,0,0,3,0,2026-09-01T10:31:02.594014+00:00
Turquia Super Lig 2026/2027,Beşiktaş JK - Çorum FK,2026-08-31T18:30:00+00:00,finished,3,6-2,Beşiktaş JK,Emirhan Topçu,D,0,,0,0,0,,,0,0,0,0,0,0,0,0,0,0,0,0,0,0,0,0,0,0,0,0,0,0,0,0,0,0,0,0,0,0,2026-09-01T10:31:02.593922+00:00
Turquia Super Lig 2026/2027,Beşiktaş JK - Çorum FK,2026-08-31T18:30:00+00:00,finished,3,6-2,Beşiktaş JK,Emmanuel Agbadou,D,93,7.5,73,0,1,,0.698183,0,0,1,62,56,4,0,0,0,0,0,5,4,3,1,2,0,4,1,3,0,0,8,0,2,0,0,0,2,0,2026-09-01T10:31:02.593602+00:00
Turquia Super Lig 2026/2027,Beşiktaş JK - Çorum FK,2026-08-31T18:30:00+00:00,finished,3,6-2,Çorum FK,Erhan Erentürk,G,0,,0,0,0,,,0,0,0,0,0,0,0,0,0,0,0,0,0,0,0,0,0,0,0,0,0,0,0,0,0,0,0,0,0,0,2026-09-01T10:31:02.594084+00:00
Turquia Super Lig 2026/2027,Beşiktaş JK - Çorum FK,2026-08-31T18:30:00+00:00,finished,3,6-2,Çorum FK,Ermin Mahmić,M,48,7.1,24,1,0,0.3171,0.00893476,2,1,0,14,12,0,0,0,0,0,0,1,1,0,0,1,1,0,1,2,1,0,6,0,1,0,0,0,4,0,2026-09-01T10:31:02.594023+00:00
Turquia Super Lig 2026/2027,Beşiktaş JK - Çorum FK,2026-08-31T18:30:00+00:00,finished,3,6-2,Çorum FK,Fredy,M,22,6.3,23,0,0,0.0155,0.00890161,1,0,0,19,17,0,0,0,0,0,0,0,2,0,0,0,0,0,1,1,0,0,3,0,1,0,0,0,2,0,2026-09-01T10:31:02.594076+00:00
Turquia Super Lig 2026/2027,Beşiktaş JK - Çorum FK,2026-08-31T18:30:00+00:00,finished,3,6-2,Çorum FK,Gökhan Sazdağı,D,93,4.7,42,0,0,,0.00280472,0,0,0,25,21,7,3,3,0,0,0,3,6,1,1,2,1,1,3,3,0,0,13,0,3,1,0,0,6,0,2026-09-01T10:31:02.593950+00:00
Turquia Super Lig 2026/2027,Beşiktaş JK - Çorum FK,2026-08-31T18:30:00+00:00,finished,3,6-2,Çorum FK,Göktan Gürpüz,M,0,,0,0,0,,,0,0,0,0,0,0,0,0,0,0,0,0,0,0,0,0,0,0,0,0,0,0,0,0,0,0,0,0,0,0,2026-09-01T10:31:02.594141+00:00
Turquia Super Lig 2026/2027,Beşiktaş JK - Çorum FK,2026-08-31T18:30:00+00:00,finished,3,6-2,Çorum FK,Hrvoje Smolčić,D,93,5.9,60,0,0,,0.00166024,0,0,0,47,42,7,4,0,0,1,0,3,5,1,1,1,1,6,1,4,0,2,8,1,0,0,0,0,6,0,2026-09-01T10:31:02.593969+00:00
Turquia Super Lig 2026/2027,Beşiktaş JK - Çorum FK,2026-08-31T18:30:00+00:00,finished,3,6-2,Çorum FK,Huseyin Bulut,D,0,,0,0,0,,,0,0,0,0,0,0,0,0,0,0,0,0,0,0,0,0,0,0,0,0,0,0,0,0,0,0,0,0,0,0,2026-09-01T10:31:02.594124+00:00
Turquia Super Lig 2026/2027,Beşiktaş JK - Çorum FK,2026-08-31T18:30:00+00:00,finished,3,6-2,Beşiktaş JK,Hyeon-gyu Oh,F,22,6.6,6,0,0,,0.00309383,0,0,0,4,3,1,1,0,0,0,0,1,1,0,1,1,1,0,0,0,0,0,2,0,0,0,0,0,1,0,2026-09-01T10:31:02.593813+00:00
Turquia Super Lig 2026/2027,Beşiktaş JK - Çorum FK,2026-08-31T18:30:00+00:00,finished,3,6-2,Çorum FK,Jesús Ramírez,F,71,6.4,31,0,0,0.02,0.00304354,1,0,0,19,18,0,0,0,0,0,0,4,6,1,3,0,0,1,0,3,1,1,4,3,2,1,0,0,4,0,2026-09-01T10:31:02.594005+00:00
Turquia Super Lig 2026/2027,Beşiktaş JK - Çorum FK,2026-08-31T18:30:00+00:00,finished,3,6-2,Beşiktaş JK,Junior Olaitan,M,77,7.8,48,0,1,0.0909,0.0820642,2,0,2,35,29,5,5,1,0,4,3,6,5,0,1,3,3,0,0,3,1,3,11,0,0,0,0,0,2,0,2026-09-01T10:31:02.593761+00:00
Turquia Super Lig 2026/2027,Beşiktaş JK - Çorum FK,2026-08-31T18:30:00+00:00,finished,3,6-2,Beşiktaş JK,Kartal Kayra Yılmaz,M,0,,0,0,0,,,0,0,0,0,0,0,0,0,0,0,0,0,0,0,0,0,0,0,0,0,0,0,0,0,0,0,0,0,0,0,2026-09-01T10:31:02.593932+00:00
Turquia Super Lig 2026/2027,Beşiktaş JK - Çorum FK,2026-08-31T18:30:00+00:00,finished,3,6-2,Beşiktaş JK,Kassoum Ouattara,D,0,,0,0,0,,,0,0,0,0,0,0,0,0,0,0,0,0,0,0,0,0,0,0,0,0,0,0,0,0,0,0,0,0,0,0,2026-09-01T10:31:02.593847+00:00
Turquia Super Lig 2026/2027,Beşiktaş JK - Çorum FK,2026-08-31T18:30:00+00:00,finished,3,6-2,Beşiktaş JK,Leandro Trossard,F,84,7.8,47,0,0,0.3559,0.625652,3,0,3,29,20,4,3,1,0,7,4,6,5,0,0,0,0,0,0,4,3,2,16,2,0,0,0,0,2,0,2026-09-01T10:31:02.593750+00:00
Turquia Super Lig 2026/2027,Beşiktaş JK - Çorum FK,2026-08-31T18:30:00+00:00,finished,3,6-2,Çorum FK,Mame Thiam,F,33,6.3,4,0,0,,0.000636,0,0,0,2,2,0,0,0,0,0,0,0,2,0,2,0,0,1,0,0,0,0,1,0,0,0,0,0,3,0,2026-09-01T10:31:02.594060+00:00
Turquia Super Lig 2026/2027,Beşiktaş JK - Çorum FK,2026-08-31T18:30:00+00:00,finished,3,6-2,Çorum FK,Marcos Felipe,G,93,4.7,42,0,0,,0.00071632,0,0,0,35,30,10,5,0,0,0,0,0,1,0,0,0,0,2,0,7,0,0,5,0,0,0,0,1,6,1,2026-09-01T10:31:02.593941+00:00
Turquia Super Lig 2026/2027,Beşiktaş JK - Çorum FK,2026-08-31T18:30:00+00:00,finished,3,6-2,Çorum FK,Markus Karlsbakk,M,22,6.3,20,0,0,,0.00073155,0,0,0,15,11,1,0,0,0,1,0,2,1,0,0,1,1,0,0,2,0,0,5,1,0,0,0,0,2,0,2026-09-01T10:31:02.594068+00:00
Turquia Super Lig 2026/2027,Beşiktaş JK - Çorum FK,2026-08-31T18:30:00+00:00,finished,3,6-2,Çorum FK,Mohammed Diomande,M,93,7.7,56,1,0,0.0978,0.0327556,2,1,1,35,30,5,4,4,0,1,0,4,3,0,0,3,2,0,0,5,1,0,15,1,2,0,0,0,6,0,2026-09-01T10:31:02.593988+00:00
Turquia Super Lig 2026/2027,Beşiktaş JK - Çorum FK,2026-08-31T18:30:00+00:00,finished,3,6-2,Beşiktaş JK,Orkun Kökçü,M,71,7.3,52,0,0,0.2713,0.558413,3,0,1,37,33,4,3,7,1,0,0,1,1,0,1,0,0,0,0,1,2,0,13,1,0,1,0,0,1,0,2026-09-01T10:31:02.593787+00:00
Turquia Super Lig 2026/2027,Beşiktaş JK - Çorum FK,2026-08-31T18:30:00+00:00,finished,3,6-2,Beşiktaş JK,Rıdvan Yılmaz,D,93,5.9,34,0,0,,0.0141547,0,0,0,20,15,2,1,4,0,0,0,0,3,0,1,0,0,2,1,3,0,1,11,0,0,0,0,0,2,0,2026-09-01T10:31:02.593734+00:00
Turquia Super Lig 2026/2027,Beşiktaş JK - Çorum FK,2026-08-31T18:30:00+00:00,finished,3,6-2,Beşiktaş JK,Salih Özcan,M,93,7.3,54,0,0,,0.0122964,0,0,0,41,37,1,1,0,0,0,0,10,2,0,1,7,5,0,3,5,0,0,4,3,0,0,0,0,2,0,2026-09-01T10:31:02.593649+00:00
Turquia Super Lig 2026/2027,Beşiktaş JK - Çorum FK,2026-08-31T18:30:00+00:00,finished,3,6-2,Çorum FK,Serdar Gürler,M,45,6.4,16,0,0,0.0154,0.124152,1,0,1,8,5,1,0,1,1,1,0,2,2,1,0,1,1,0,1,2,1,0,4,0,0,0,0,0,2,0,2026-09-01T10:31:02.594051+00:00
Turquia Super Lig 2026/2027,Beşiktaş JK - Çorum FK,2026-08-31T18:30:00+00:00,finished,3,6-2,Beşiktaş JK,Taylan Bulut,D,0,,0,0,0,,,0,0,0,0,0,0,0,0,0,0,0,0,0,0,0,0,0,0,0,0,0,0,0,0,0,0,0,0,0,0,2026-09-01T10:31:02.593905+00:00
Turquia Super Lig 2026/2027,Beşiktaş JK - Çorum FK,2026-08-31T18:30:00+00:00,finished,3,6-2,Beşiktaş JK,Tiago Djaló,D,93,7.5,77,0,0,0.0705,0.00504138,1,0,0,59,52,6,2,0,0,0,0,7,5,4,0,2,2,6,1,3,0,1,9,1,4,0,0,0,2,0,2026-09-01T10:31:02.593710+00:00
Turquia Super Lig 2026/2027,Beşiktaş JK - Çorum FK,2026-08-31T18:30:00+00:00,finished,3,6-2,Beşiktaş JK,Václav Černý,M,71,7.3,36,1,0,0.4852,0.0465272,1,1,2,23,18,2,1,1,0,1,1,1,2,0,0,0,0,1,1,7,0,2,12,0,0,0,0,0,1,0,2026-09-01T10:31:02.593779+00:00
Turquia Super Lig 2026/2027,Beşiktaş JK - Çorum FK,2026-08-31T18:30:00+00:00,finished,3,6-2,Beşiktaş JK,Wilfred Ndidi,M,22,6.4,11,0,0,,0.0134851,0,0,0,11,7,1,0,0,0,0,0,0,1,0,0,0,0,0,0,3,0,0,4,0,1,0,0,0,1,0,2026-09-01T10:31:02.593804+00:00
Turquia Super Lig 2026/2027,Beşiktaş JK - Çorum FK,2026-08-31T18:30:00+00:00,finished,3,6-2,Çorum FK,Ylber Ramadani,M,45,6.8,35,0,0,,0.00271315,0,0,1,21,17,0,0,0,0,0,0,2,2,1,0,1,0,2,1,2,0,2,6,0,0,1,0,0,2,0,2026-09-01T10:31:02.594041+00:00
Turquia Super Lig 2026/2027,Beşiktaş JK - Çorum FK,2026-08-31T18:30:00+00:00,finished,3,6-2,Beşiktaş JK,İlhan Fakılı,M,22,7.8,11,1,1,0.1047,0.0363634,1,1,1,5,4,0,0,0,0,2,0,0,2,0,0,0,0,1,1,1,0,0,3,0,0,0,0,0,1,0,2026-09-01T10:31:02.593796+00:00
Turquia Super Lig 2026/2027,Başakşehir FK - Galatasaray,2026-09-04T17:00:00+00:00,finished,4,2-3,Galatasaray,,,22,6.7,12,0,0,0.0286,0.0131116,1,0,0,8,5,0,0,0,0,1,1,2,1,0,0,0,0,0,0,0,0,0,4,1,1,1,0,0,1,0,2026-09-05T05:01:37.154326+00:00
Turquia Super Lig 2026/2027,Başakşehir FK - Galatasaray,2026-09-04T17:00:00+00:00,finished,4,2-3,Galatasaray,,,15,6.5,1,0,0,,,0,0,0,0,0,0,0,0,0,0,0,0,0,0,0,0,0,0,0,0,0,0,1,0,0,0,0,0,0,0,2026-09-05T05:01:37.154333+00:00
Turquia Super Lig 2026/2027,Başakşehir FK - Galatasaray,2026-09-04T17:00:00+00:00,finished,4,2-3,Başakşehir FK,Abbosbek Fayzullaev,M,74,6.9,29,0,0,0.0879,0.00626221,3,0,0,19,16,2,1,1,0,0,0,2,3,0,0,0,0,0,2,2,2,1,5,2,2,0,0,0,2,0,2026-09-05T05:01:37.154449+00:00
Turquia Super Lig 2026/2027,Başakşehir FK - Galatasaray,2026-09-04T17:00:00+00:00,finished,4,2-3,Galatasaray,Abdülkerim Bardakcı,D,45,6.3,33,0,0,0.063,0.0338153,1,0,0,27,23,3,1,0,0,0,0,1,1,1,0,0,0,3,0,0,1,0,4,0,0,0,0,0,2,0,2026-09-05T05:01:37.154305+00:00
Turquia Super Lig 2026/2027,Başakşehir FK - Galatasaray,2026-09-04T17:00:00+00:00,finished,4,2-3,Galatasaray,Aleksey Batrakov,M,68,6.2,40,0,0,,0.35592,0,0,2,33,27,2,1,2,1,2,2,2,4,0,2,0,0,0,0,0,0,0,9,0,2,0,0,0,1,0,2026-09-05T05:01:37.154289+00:00
Turquia Super Lig 2026/2027,Başakşehir FK - Galatasaray,2026-09-04T17:00:00+00:00,finished,4,2-3,Başakşehir FK,Andreas Skov Olsen,M,83,6.5,49,0,0,0.1577,0.167341,1,0,2,39,29,1,1,4,1,0,0,0,3,0,3,0,0,1,1,2,0,0,14,0,0,0,0,0,2,0,2026-09-05T05:01:37.154435+00:00
Turquia Super Lig 2026/2027,Başakşehir FK - Galatasaray,2026-09-04T17:00:00+00:00,finished,4,2-3,Galatasaray,Barış Alper Yılmaz,M,57,6.6,21,0,0,0.048,0.109402,1,0,0,14,10,2,1,0,0,0,0,4,1,0,0,0,0,0,0,2,0,0,5,4,1,0,0,0,2,0,2026-09-05T05:01:37.154297+00:00
Turquia Super Lig 2026/2027,Başakşehir FK - Galatasaray,2026-09-04T17:00:00+00:00,finished,4,2-3,Başakşehir FK,Berkay Özcan,M,0,,0,0,0,,,0,0,0,0,0,0,0,0,0,0,0,0,0,0,0,0,0,0,0,0,0,0,0,0,0,0,0,0,0,0,2026-09-05T05:01:37.154514+00:00
Turquia Super Lig 2026/2027,Başakşehir FK - Galatasaray,2026-09-04T17:00:00+00:00,finished,4,2-3,Başakşehir FK,Bertuğ Yıldırım,F,0,,0,0,0,,,0,0,0,0,0,0,0,0,0,0,0,0,0,0,0,0,0,0,0,0,0,0,0,0,0,0,0,0,0,0,2026-09-05T05:01:37.154500+00:00
Turquia Super Lig 2026/2027,Başakşehir FK - Galatasaray,2026-09-04T17:00:00+00:00,finished,4,2-3,Başakşehir FK,Christopher Operi,D,63,6.7,53,0,0,,0.0253612,0,0,1,34,29,6,4,1,1,1,1,8,4,1,1,3,2,1,1,8,0,1,13,3,2,1,0,0,1,0,2026-09-05T05:01:37.154457+00:00
Turquia Super Lig 2026/2027,Başakşehir FK - Galatasaray,2026-09-04T17:00:00+00:00,finished,4,2-3,Başakşehir FK,Davie Selke,F,0,,0,0,0,,,0,0,0,0,0,0,0,0,0,0,0,0,0,0,0,0,0,0,0,0,0,0,0,0,0,0,0,0,0,0,2026-09-05T05:01:37.154507+00:00
Turquia Super Lig 2026/2027,Başakşehir FK - Galatasaray,2026-09-04T17:00:00+00:00,finished,4,2-3,Galatasaray,Davinson Sánchez,D,90,6.4,75,0,0,,0.0110897,0,0,1,62,54,8,4,0,0,1,1,9,7,2,6,4,3,2,0,5,0,0,9,2,0,1,0,0,2,0,2026-09-05T05:01:37.154256+00:00
Turquia Super Lig 2026/2027,Başakşehir FK - Galatasaray,2026-09-04T17:00:00+00:00,finished,4,2-3,Başakşehir FK,Deniz Dilmen,G,90,7.4,60,0,0,,0.00227494,0,0,0,50,32,30,13,0,0,0,0,1,0,1,0,0,0,0,0,9,0,0,18,0,0,0,0,3,3,0,2026-09-05T05:01:37.154391+00:00
Turquia Super Lig 2026/2027,Başakşehir FK - Galatasaray,2026-09-04T17:00:00+00:00,finished,4,2-3,Başakşehir FK,Eldor Shomurodov,F,90,7.4,30,1,0,0.9282,0.0113967,2,1,0,15,10,1,1,1,0,4,2,8,7,5,2,0,0,2,0,0,0,1,12,1,2,0,0,0,3,0,2026-09-05T05:01:37.154398+00:00
Turquia Super Lig 2026/2027,Başakşehir FK - Galatasaray,2026-09-04T17:00:00+00:00,finished,4,2-3,Başakşehir FK,Emin Bayram,D,90,6.0,51,0,0,0.0774,0.00435121,1,0,0,45,43,1,1,0,0,0,0,3,3,1,1,2,0,1,2,0,0,0,2,0,2,0,0,0,3,0,2026-09-05T05:01:37.154383+00:00
Turquia Super Lig 2026/2027,Başakşehir FK - Galatasaray,2026-09-04T17:00:00+00:00,finished,4,2-3,Galatasaray,Eren Elmalı,D,15,6.6,5,0,0,,0.00039198,0,0,0,5,5,0,0,0,0,0,0,0,1,0,0,0,0,0,0,0,0,0,0,0,0,0,0,0,0,0,2026-09-05T05:01:37.154341+00:00
Turquia Super Lig 2026/2027,Başakşehir FK - Galatasaray,2026-09-04T17:00:00+00:00,finished,4,2-3,Galatasaray,Gabriel Sara,M,90,7.5,74,1,0,0.1732,0.140512,2,1,1,54,47,4,1,4,1,1,0,2,2,2,0,0,0,1,2,3,0,0,15,0,1,0,0,0,2,0,2026-09-05T05:01:37.154240+00:00
Turquia Super Lig 2026/2027,Başakşehir FK - Galatasaray,2026-09-04T17:00:00+00:00,finished,4,2-3,Galatasaray,Ismail Jakobs,D,83,6.6,34,0,1,,0.408335,0,0,1,27,23,4,3,1,0,0,0,3,0,3,0,0,0,1,0,0,0,0,8,0,0,0,0,0,2,0,2026-09-05T05:01:37.154273+00:00
Turquia Super Lig 2026/2027,Başakşehir FK - Galatasaray,2026-09-04T17:00:00+00:00,finished,4,2-3,Başakşehir FK,Ivan Brnić,F,16,6.5,1,0,0,,1.426e-05,0,0,0,1,1,0,0,0,0,0,0,0,0,0,0,0,0,0,0,0,0,0,0,0,0,0,0,0,1,0,2026-09-05T05:01:37.154471+00:00
Turquia Super Lig 2026/2027,Başakşehir FK - Galatasaray,2026-09-04T17:00:00+00:00,finished,4,2-3,Başakşehir FK,Jakub Kałuziński,M,74,6.9,49,0,0,,0.128505,0,0,2,43,36,10,7,4,2,0,0,2,0,1,0,0,0,1,0,2,0,0,9,1,0,0,0,0,2,0,2026-09-05T05:01:37.154442+00:00
Turquia Super Lig 2026/2027,Başakşehir FK - Galatasaray,2026-09-04T17:00:00+00:00,finished,4,2-3,Galatasaray,Jankat Yılmaz,G,0,,0,0,0,,,0,0,0,0,0,0,0,0,0,0,0,0,0,0,0,0,0,0,0,0,0,0,0,0,0,0,0,0,0,0,2026-09-05T05:01:37.154376+00:00
Turquia Super Lig 2026/2027,Başakşehir FK - Galatasaray,2026-09-04T17:00:00+00:00,finished,4,2-3,Başakşehir FK,Jerome Opoku,D,90,6.3,54,0,0,,0.0354054,0,0,0,41,35,10,4,1,1,2,1,2,4,0,1,0,0,5,2,3,0,0,7,1,2,0,0,0,3,0,2026-09-05T05:01:37.154420+00:00
Turquia Super Lig 2026/2027,Başakşehir FK - Galatasaray,2026-09-04T17:00:00+00:00,finished,4,2-3,Galatasaray,Kaan Ayhan,D,0,,0,0,0,,,0,0,0,0,0,0,0,0,0,0,0,0,0,0,0,0,0,0,0,0,0,0,0,0,0,0,0,0,0,0,2026-09-05T05:01:37.154369+00:00
Turquia Super Lig 2026/2027,Başakşehir FK - Galatasaray,2026-09-04T17:00:00+00:00,finished,4,2-3,Galatasaray,Leroy Sané,M,83,6.0,34,0,0,0.3882,0.0168325,2,0,0,22,17,2,2,0,0,0,0,1,2,0,0,0,0,0,0,2,0,2,13,1,0,0,0,0,2,0,2026-09-05T05:01:37.154281+00:00
Turquia Super Lig 2026/2027,Başakşehir FK - Galatasaray,2026-09-04T17:00:00+00:00,finished,4,2-3,Galatasaray,Lesley Ugochukwu,M,0,,0,0,0,,,0,0,0,0,0,0,0,0,0,0,0,0,0,0,0,0,0,0,0,0,0,0,0,0,0,0,0,0,0,0,2026-09-05T05:01:37.154348+00:00
Turquia Super Lig 2026/2027,Başakşehir FK - Galatasaray,2026-09-04T17:00:00+00:00,finished,4,2-3,Galatasaray,Lucas Torreira,M,90,7.6,43,1,1,0.5202,0.178665,1,1,1,36,33,1,1,0,0,1,0,1,5,0,2,1,0,0,2,4,0,0,4,0,2,0,0,0,2,0,2026-09-05T05:01:37.154248+00:00
Turquia Super Lig 2026/2027,Başakşehir FK - Galatasaray,2026-09-04T17:00:00+00:00,finished,4,2-3,Galatasaray,Mario Lemina,M,45,6.7,39,0,0,,0.00308103,0,0,0,35,32,7,5,0,0,0,0,2,6,0,1,2,2,1,0,0,0,0,3,0,3,0,0,0,0,0,2026-09-05T05:01:37.154312+00:00
Turquia Super Lig 2026/2027,Başakşehir FK - Galatasaray,2026-09-04T17:00:00+00:00,finished,4,2-3,Başakşehir FK,Michał Karbownik,D,15,6.2,4,0,0,,0.00063151,0,0,0,4,2,0,0,0,0,0,0,0,0,0,0,0,0,0,0,0,0,0,2,0,0,0,0,0,1,0,2026-09-05T05:01:37.154478+00:00
Turquia Super Lig 2026/2027,Başakşehir FK - Galatasaray,2026-09-04T17:00:00+00:00,finished,4,2-3,Başakşehir FK,Olivier Kemen,M,90,6.7,25,0,0,0.2152,0.0333415,2,1,0,13,10,3,3,1,0,2,2,7,5,2,1,0,0,1,0,1,0,2,6,4,1,0,0,0,3,0,2026-09-05T05:01:37.154405+00:00
Turquia Super Lig 2026/2027,Başakşehir FK - Galatasaray,2026-09-04T17:00:00+00:00,finished,4,2-3,Başakşehir FK,Ousseynou Ba,D,15,6.2,2,0,0,,9.98e-06,0,0,0,2,1,0,0,0,0,0,0,0,0,0,0,0,0,0,0,0,0,0,1,0,0,0,0,0,1,0,2026-09-05T05:01:37.154485+00:00
Turquia Super Lig 2026/2027,Başakşehir FK - Galatasaray,2026-09-04T17:00:00+00:00,finished,4,2-3,Galatasaray,Renato Nhaga,M,0,,0,0,0,,,0,0,0,0,0,0,0,0,0,0,0,0,0,0,0,0,0,0,0,0,0,0,0,0,0,0,0,0,0,0,2026-09-05T05:01:37.154356+00:00
Turquia Super Lig 2026/2027,Başakşehir FK - Galatasaray,2026-09-04T17:00:00+00:00,finished,4,2-3,Galatasaray,Roland Sallai,D,90,5.9,54,0,0,,0.0819041,0,0,0,31,27,3,1,4,3,0,0,2,2,1,0,1,1,5,4,2,0,0,7,0,2,1,0,0,2,0,2026-09-05T05:01:37.154188+00:00
Turquia Super Lig 2026/2027,Başakşehir FK - Galatasaray,2026-09-04T17:00:00+00:00,finished,4,2-3,Başakşehir FK,Saba Kharebashvili,D,27,6.0,9,0,0,0.1963,0.00561786,1,1,0,7,6,1,1,0,0,0,0,0,1,0,0,0,0,0,0,1,0,0,1,0,1,1,0,0,2,0,2026-09-05T05:01:37.154464+00:00
Turquia Super Lig 2026/2027,Başakşehir FK - Galatasaray,2026-09-04T17:00:00+00:00,finished,4,2-3,Başakşehir FK,Umut Bozok,F,5,5.2,6,0,0,0.0239,0.00185181,1,0,0,3,3,0,0,0,0,0,0,1,1,0,0,0,0,0,0,0,1,0,1,1,1,0,1,0,1,0,2026-09-05T05:01:37.154492+00:00
Turquia Super Lig 2026/2027,Başakşehir FK - Galatasaray,2026-09-04T17:00:00+00:00,finished,4,2-3,Başakşehir FK,Umut Güneş,M,90,5.9,60,0,0,0.0322,0.0313409,1,0,2,48,44,4,2,0,0,0,0,1,4,0,1,0,0,2,2,5,1,1,6,1,1,0,0,0,3,0,2026-09-05T05:01:37.154413+00:00
Turquia Super Lig 2026/2027,Başakşehir FK - Galatasaray,2026-09-04T17:00:00+00:00,finished,4,2-3,Galatasaray,Uğurcan Çakır,G,90,7.4,53,0,0,,0.00156554,0,0,0,44,38,12,6,0,0,0,0,1,0,0,0,0,0,1,0,8,0,0,6,1,0,0,0,2,2,1,2026-09-05T05:01:37.154264+00:00
Turquia Super Lig 2026/2027,Başakşehir FK - Galatasaray,2026-09-04T17:00:00+00:00,finished,4,2-3,Galatasaray,Victor Osimhen,F,33,7.8,12,1,0,0.7803,0.119507,4,3,0,5,5,0,0,1,0,0,0,2,3,1,1,0,0,1,0,1,1,0,1,1,2,0,0,0,0,0,2026-09-05T05:01:37.154319+00:00
Turquia Super Lig 2026/2027,Başakşehir FK - Galatasaray,2026-09-04T17:00:00+00:00,finished,4,2-3,Başakşehir FK,Volkan Babacan,G,0,,0,0,0,,,0,0,0,0,0,0,0,0,0,0,0,0,0,0,0,0,0,0,0,0,0,0,0,0,0,0,0,0,0,0,2026-09-05T05:01:37.154528+00:00
Turquia Super Lig 2026/2027,Başakşehir FK - Galatasaray,2026-09-04T17:00:00+00:00,finished,4,2-3,Galatasaray,Yunus Akgün,M,90,8.2,45,0,0,0.0282,0.414871,1,1,3,32,27,3,1,2,1,2,1,6,2,0,0,1,0,0,1,7,0,0,8,4,1,0,0,0,2,0,2026-09-05T05:01:37.154230+00:00
Turquia Super Lig 2026/2027,Başakşehir FK - Galatasaray,2026-09-04T17:00:00+00:00,finished,4,2-3,Başakşehir FK,Yusuf Sarı,M,0,,0,0,0,,,0,0,0,0,0,0,0,0,0,0,0,0,0,0,0,0,0,0,0,0,0,0,0,0,0,0,0,0,0,0,2026-09-05T05:01:37.154521+00:00
Turquia Super Lig 2026/2027,Başakşehir FK - Galatasaray,2026-09-04T17:00:00+00:00,finished,4,2-3,Başakşehir FK,Ömer Ali Şahiner,D,83,6.2,45,0,0,,0.0371963,0,0,1,33,29,4,4,3,1,1,1,2,3,1,0,0,0,2,0,7,0,0,7,1,0,0,0,0,2,0,2026-09-05T05:01:37.154427+00:00
Turquia Super Lig 2026/2027,Başakşehir FK - Galatasaray,2026-09-04T17:00:00+00:00,finished,4,2-3,Galatasaray,İlkay Gündoğan,M,0,,0,0,0,,,0,0,0,0,0,0,0,0,0,0,0,0,0,0,0,0,0,0,0,0,0,0,0,0,0,0,0,0,0,0,2026-09-05T05:01:37.154362+00:00
Turquia Super Lig 2026/2027,Erzurumspor FK - Konyaspor,2026-09-05T14:00:00+00:00,finished,4,1-0,Konyaspor,,,19,6.8,12,0,0,,0.280869,0,0,1,6,4,0,0,4,2,1,1,1,0,0,0,0,0,0,0,1,0,0,5,0,0,0,0,0,0,0,2026-09-06T05:01:31.584432+00:00
Turquia Super Lig 2026/2027,Erzurumspor FK - Konyaspor,2026-09-05T14:00:00+00:00,finished,4,1-0,Konyaspor,Adil Demirbağ,D,90,7.4,91,0,0,,0.00892557,0,0,0,79,69,10,8,0,0,1,1,6,2,2,0,2,1,1,3,3,0,0,11,1,0,1,0,0,1,0,2026-09-06T05:01:31.584387+00:00
Turquia Super Lig 2026/2027,Erzurumspor FK - Konyaspor,2026-09-05T14:00:00+00:00,finished,4,1-0,Erzurumspor FK,Amar Gerxhaliu,D,90,7.3,30,0,0,,0.00436561,0,0,0,21,15,10,4,0,0,0,0,5,1,4,0,1,1,6,0,1,0,0,6,0,0,0,0,0,0,0,2026-09-06T05:01:31.584496+00:00
Turquia Super Lig 2026/2027,Erzurumspor FK - Konyaspor,2026-09-05T14:00:00+00:00,finished,4,1-0,Konyaspor,Arif Boşluk,D,0,,0,0,0,,,0,0,0,0,0,0,0,0,0,0,0,0,0,0,0,0,0,0,0,0,0,0,0,0,0,0,0,0,0,0,2026-09-06T05:01:31.584447+00:00
Turquia Super Lig 2026/2027,Erzurumspor FK - Konyaspor,2026-09-05T14:00:00+00:00,finished,4,1-0,Konyaspor,Arthur Masuaku,D,45,6.5,48,0,0,,0.0140858,0,0,0,33,27,8,4,4,0,2,1,1,4,0,1,0,0,0,0,4,0,0,16,0,1,0,0,0,1,0,2026-09-06T05:01:31.584408+00:00
Turquia Super Lig 2026/2027,Erzurumspor FK - Konyaspor,2026-09-05T14:00:00+00:00,finished,4,1-0,Konyaspor,Bahadır Han Güngördü,G,90,7.0,32,0,0,,0.00032754,0,0,0,23,21,4,2,0,0,0,0,0,0,0,0,0,0,0,0,6,0,0,2,0,0,0,0,3,1,0,2026-09-06T05:01:31.584377+00:00
Turquia Super Lig 2026/2027,Erzurumspor FK - Konyaspor,2026-09-05T14:00:00+00:00,finished,4,1-0,Erzurumspor FK,Brandon Baiye,M,90,6.9,38,0,0,0.2038,0.0500761,1,1,1,30,25,1,1,0,0,1,1,3,2,0,0,2,2,0,0,1,0,0,7,0,3,0,0,0,0,0,2026-09-06T05:01:31.584466+00:00
Turquia Super Lig 2026/2027,Erzurumspor FK - Konyaspor,2026-09-05T14:00:00+00:00,finished,4,1-0,Erzurumspor FK,Cengizhan Bayrak,D,0,,0,0,0,,,0,0,0,0,0,0,0,0,0,0,0,0,0,0,0,0,0,0,0,0,0,0,0,0,0,0,0,0,0,0,2026-09-06T05:01:31.584574+00:00
Turquia Super Lig 2026/2027,Erzurumspor FK - Konyaspor,2026-09-05T14:00:00+00:00,finished,4,1-0,Konyaspor,Chidozie Awaziem,D,0,,0,0,0,,,0,0,0,0,0,0,0,0,0,0,0,0,0,0,0,0,0,0,0,0,0,0,0,0,0,0,0,0,0,0,2026-09-06T05:01:31.584456+00:00
Turquia Super Lig 2026/2027,Erzurumspor FK - Konyaspor,2026-09-05T14:00:00+00:00,finished,4,1-0,Konyaspor,Deniz Ertaş,G,0,,0,0,0,,,0,0,0,0,0,0,0,0,0,0,0,0,0,0,0,0,0,0,0,0,0,0,0,0,0,0,0,0,0,0,2026-09-06T05:01:31.584452+00:00
Turquia Super Lig 2026/2027,Erzurumspor FK - Konyaspor,2026-09-05T14:00:00+00:00,finished,4,1-0,Konyaspor,Deniz Türüç,M,45,7.2,36,0,0,0.0731,0.307894,1,0,2,23,17,3,2,6,3,1,1,2,0,1,0,0,0,1,0,1,0,0,11,0,0,0,0,0,0,0,2026-09-06T05:01:31.584423+00:00
Turquia Super Lig 2026/2027,Erzurumspor FK - Konyaspor,2026-09-05T14:00:00+00:00,finished,4,1-0,Konyaspor,Diogo Gonçalves,M,90,6.2,43,0,0,0.0418,0.121429,1,0,6,30,27,1,1,4,1,1,0,0,2,0,0,0,0,0,0,2,0,0,11,0,1,0,0,0,1,0,2026-09-06T05:01:31.584382+00:00
Turquia Super Lig 2026/2027,Erzurumspor FK - Konyaspor,2026-09-05T14:00:00+00:00,finished,4,1-0,Konyaspor,Ebrima Colley,F,45,6.4,19,0,0,0.0299,0.00084584,1,0,0,12,10,0,0,0,0,2,1,2,1,0,0,0,0,0,0,2,0,0,4,1,0,0,0,0,1,0,2026-09-06T05:01:31.584403+00:00
Turquia Super Lig 2026/2027,Erzurumspor FK - Konyaspor,2026-09-05T14:00:00+00:00,finished,4,1-0,Erzurumspor FK,Elisha Owusu,M,58,6.7,22,0,0,,0.00642249,0,0,0,16,13,2,1,0,0,0,0,1,0,0,0,0,0,2,2,3,0,0,3,1,0,0,0,0,0,0,2026-09-06T05:01:31.584538+00:00
Turquia Super Lig 2026/2027,Erzurumspor FK - Konyaspor,2026-09-05T14:00:00+00:00,finished,4,1-0,Konyaspor,Emir Bars,M,8,6.4,7,0,0,,0.00127238,0,0,0,6,5,1,0,0,0,0,0,0,1,0,0,0,0,0,0,0,0,1,2,0,0,0,0,0,0,0,2026-09-06T05:01:31.584438+00:00
Turquia Super Lig 2026/2027,Erzurumspor FK - Konyaspor,2026-09-05T14:00:00+00:00,finished,4,1-0,Konyaspor,Enis Destan,F,45,6.5,15,0,0,0.0511,0.00954474,1,0,0,10,8,0,0,0,0,0,0,1,0,1,0,0,0,0,0,0,1,0,4,0,0,0,0,0,1,0,2026-09-06T05:01:31.584428+00:00
Turquia Super Lig 2026/2027,Erzurumspor FK - Konyaspor,2026-09-05T14:00:00+00:00,finished,4,1-0,Erzurumspor FK,Eren Tozlu,F,64,7.4,22,1,0,0.2364,0.00248892,2,1,0,11,10,0,0,1,0,1,0,2,5,1,3,0,0,2,0,1,1,0,4,1,1,0,0,0,0,0,2026-09-06T05:01:31.584529+00:00
Turquia Super Lig 2026/2027,Erzurumspor FK - Konyaspor,2026-09-05T14:00:00+00:00,finished,4,1-0,Erzurumspor FK,Erkan Anapa,G,0,,0,0,0,,,0,0,0,0,0,0,0,0,0,0,0,0,0,0,0,0,0,0,0,0,0,0,0,0,0,0,0,0,0,0,2026-09-06T05:01:31.584569+00:00
Turquia Super Lig 2026/2027,Erzurumspor FK - Konyaspor,2026-09-05T14:00:00+00:00,finished,4,1-0,Erzurumspor FK,Ertuğrul Taşkıran,G,90,7.0,34,0,0,,0.00147638,0,0,0,31,15,26,11,0,0,0,0,1,0,1,0,0,0,1,0,5,0,0,16,1,0,0,0,1,0,1,2026-09-06T05:01:31.584470+00:00
Turquia Super Lig 2026/2027,Erzurumspor FK - Konyaspor,2026-09-05T14:00:00+00:00,finished,4,1-0,Erzurumspor FK,Festy Ebosele,D,0,,0,0,0,,,0,0,0,0,0,0,0,0,0,0,0,0,0,0,0,0,0,0,0,0,0,0,0,0,0,0,0,0,0,0,2026-09-06T05:01:31.584565+00:00
Turquia Super Lig 2026/2027,Erzurumspor FK - Konyaspor,2026-09-05T14:00:00+00:00,finished,4,1-0,Erzurumspor FK,Guram Giorbelidze,D,90,7.1,49,0,1,0.0496,0.288877,1,1,4,24,20,4,1,1,1,1,0,2,6,0,3,1,0,4,1,3,0,0,9,1,0,0,0,0,0,0,2026-09-06T05:01:31.584518+00:00
Turquia Super Lig 2026/2027,Erzurumspor FK - Konyaspor,2026-09-05T14:00:00+00:00,finished,4,1-0,Erzurumspor FK,Gyrano Kerk,F,0,,0,0,0,,,0,0,0,0,0,0,0,0,0,0,0,0,0,0,0,0,0,0,0,0,0,0,0,0,0,0,0,0,0,0,2026-09-06T05:01:31.584578+00:00
Turquia Super Lig 2026/2027,Erzurumspor FK - Konyaspor,2026-09-05T14:00:00+00:00,finished,4,1-0,Erzurumspor FK,Ibrahim Diabaté,F,31,6.5,15,0,0,0.4321,0.0199969,2,0,0,6,5,1,1,0,0,1,1,4,5,2,1,0,0,0,0,2,1,1,5,1,3,0,0,0,0,0,2026-09-06T05:01:31.584547+00:00
Turquia Super Lig 2026/2027,Erzurumspor FK - Konyaspor,2026-09-05T14:00:00+00:00,finished,4,1-0,Konyaspor,Jackson Muleka,F,90,6.2,41,0,0,0.427,0.0143168,2,1,1,24,19,1,0,2,0,4,3,6,5,2,2,0,0,1,0,3,0,1,11,1,2,1,0,0,1,0,2026-09-06T05:01:31.584364+00:00
Turquia Super Lig 2026/2027,Erzurumspor FK - Konyaspor,2026-09-05T14:00:00+00:00,finished,4,1-0,Konyaspor,Marko Jevtović,M,90,7.4,75,0,0,,0.123884,0,0,0,58,52,4,2,0,0,0,0,6,5,1,4,1,1,6,1,5,0,0,6,4,1,1,0,0,1,0,2026-09-06T05:01:31.584333+00:00
Turquia Super Lig 2026/2027,Erzurumspor FK - Konyaspor,2026-09-05T14:00:00+00:00,finished,4,1-0,Erzurumspor FK,Martín Rodríguez,M,87,7.4,56,0,0,0.032,0.294712,2,0,4,34,25,3,3,3,2,2,2,5,4,0,0,1,0,0,1,7,1,1,18,2,3,1,0,0,0,0,2026-09-06T05:01:31.584524+00:00
Turquia Super Lig 2026/2027,Erzurumspor FK - Konyaspor,2026-09-05T14:00:00+00:00,finished,4,1-0,Erzurumspor FK,Matija Orbanić,G,0,,0,0,0,,,0,0,0,0,0,0,0,0,0,0,0,0,0,0,0,0,0,0,0,0,0,0,0,0,0,0,0,0,0,0,2026-09-06T05:01:31.584560+00:00
Turquia Super Lig 2026/2027,Erzurumspor FK - Konyaspor,2026-09-05T14:00:00+00:00,finished,4,1-0,Konyaspor,Melih İbrahimoğlu,M,86,6.8,62,0,0,0.0629,0.0389281,1,0,0,58,54,7,6,0,0,0,0,1,2,0,0,0,0,0,0,3,0,0,5,1,2,0,0,0,1,0,2026-09-06T05:01:31.584392+00:00
Turquia Super Lig 2026/2027,Erzurumspor FK - Konyaspor,2026-09-05T14:00:00+00:00,finished,4,1-0,Erzurumspor FK,Miguel Cardoso,M,26,6.7,16,0,0,,0.0620427,0,0,0,10,9,1,1,1,1,0,0,1,2,0,1,0,0,0,1,1,0,0,4,1,0,0,0,0,0,0,2026-09-06T05:01:31.584551+00:00
Turquia Super Lig 2026/2027,Erzurumspor FK - Konyaspor,2026-09-05T14:00:00+00:00,finished,4,1-0,Konyaspor,Mostafa Mohamed,F,45,6.2,13,0,0,0.4015,0.00543463,3,0,0,8,6,0,0,0,0,0,0,0,3,0,2,0,0,0,0,0,0,1,4,0,0,0,0,0,0,0,2026-09-06T05:01:31.584413+00:00
Turquia Super Lig 2026/2027,Erzurumspor FK - Konyaspor,2026-09-05T14:00:00+00:00,finished,4,1-0,Erzurumspor FK,Mustafa Fettahoglu,M,59,6.3,18,0,0,0.213,0.00965203,2,1,1,10,9,1,1,0,0,3,1,1,4,0,0,0,0,0,0,2,0,0,4,0,1,0,0,0,0,0,2026-09-06T05:01:31.584533+00:00
Turquia Super Lig 2026/2027,Erzurumspor FK - Konyaspor,2026-09-05T14:00:00+00:00,finished,4,1-0,Erzurumspor FK,Mustafa Yumlu,D,90,6.9,27,0,0,0.0392,0.00238147,1,0,0,18,14,6,2,0,0,0,0,3,1,2,1,0,0,3,0,1,1,0,5,1,0,0,0,0,0,0,2026-09-06T05:01:31.584507+00:00
Turquia Super Lig 2026/2027,Erzurumspor FK - Konyaspor,2026-09-05T14:00:00+00:00,finished,4,1-0,Erzurumspor FK,Nariman Akhundzade,F,0,,0,0,0,,,0,0,0,0,0,0,0,0,0,0,0,0,0,0,0,0,0,0,0,0,0,0,0,0,0,0,0,0,0,0,2026-09-06T05:01:31.584583+00:00
Turquia Super Lig 2026/2027,Erzurumspor FK - Konyaspor,2026-09-05T14:00:00+00:00,finished,4,1-0,Erzurumspor FK,Nihad Mujakić,D,90,7.0,33,0,0,,0.108647,0,0,0,28,23,11,6,0,0,0,0,0,3,0,1,0,0,3,0,0,0,0,5,0,2,0,0,0,0,0,2026-09-06T05:01:31.584513+00:00
Turquia Super Lig 2026/2027,Erzurumspor FK - Konyaspor,2026-09-05T14:00:00+00:00,finished,4,1-0,Konyaspor,Omer Cobanoglu,M,0,,0,0,0,,,0,0,0,0,0,0,0,0,0,0,0,0,0,0,0,0,0,0,0,0,0,0,0,0,0,0,0,0,0,0,2026-09-06T05:01:31.584442+00:00
Turquia Super Lig 2026/2027,Erzurumspor FK - Konyaspor,2026-09-05T14:00:00+00:00,finished,4,1-0,Erzurumspor FK,Orhan Ovacıklı,D,90,7.8,50,0,0,0.0409,0.0693742,1,0,0,24,17,5,3,7,1,1,1,6,3,1,0,2,1,1,0,3,1,0,15,2,0,0,0,0,0,0,2026-09-06T05:01:31.584475+00:00
Turquia Super Lig 2026/2027,Erzurumspor FK - Konyaspor,2026-09-05T14:00:00+00:00,finished,4,1-0,Konyaspor,Rajmund Tóth,M,45,6.9,42,0,0,,0.00901446,0,0,0,32,29,2,1,1,0,2,1,2,3,0,1,0,0,0,0,7,0,0,6,1,1,0,0,0,0,0,2026-09-06T05:01:31.584418+00:00
Turquia Super Lig 2026/2027,Erzurumspor FK - Konyaspor,2026-09-05T14:00:00+00:00,finished,4,1-0,Konyaspor,Rayyan Baniya,D,71,6.2,71,0,0,0.445,0.010042,3,0,0,57,52,4,2,0,0,0,0,4,3,2,0,1,1,3,3,4,0,0,6,1,2,1,0,0,1,0,2026-09-06T05:01:31.584398+00:00
Turquia Super Lig 2026/2027,Erzurumspor FK - Konyaspor,2026-09-05T14:00:00+00:00,finished,4,1-0,Erzurumspor FK,Sefa Akgün,M,32,6.6,17,0,0,,0.0116027,0,0,0,10,7,1,1,2,2,0,0,1,1,0,0,1,1,3,0,2,0,0,3,0,0,0,0,0,0,0,2026-09-06T05:01:31.584542+00:00
Turquia Super Lig 2026/2027,Erzurumspor FK - Konyaspor,2026-09-05T14:00:00+00:00,finished,4,1-0,Konyaspor,Uğurcan Yazğılı,D,0,,0,0,0,,,0,0,0,0,0,0,0,0,0,0,0,0,0,0,0,0,0,0,0,0,0,0,0,0,0,0,0,0,0,0,2026-09-06T05:01:31.584461+00:00
Turquia Super Lig 2026/2027,Erzurumspor FK - Konyaspor,2026-09-05T14:00:00+00:00,finished,4,1-0,Erzurumspor FK,Yakup Kırtay,D,3,,0,0,0,,,0,0,0,0,0,0,0,0,0,0,0,0,0,0,0,0,0,0,0,0,0,0,0,0,0,0,0,0,0,0,2026-09-06T05:01:31.584556+00:00
Turquia Super Lig 2026/2027,Erzurumspor FK - Konyaspor,2026-09-05T14:00:00+00:00,finished,4,1-0,Konyaspor,Yhoan Andzouana,D,90,6.7,78,0,0,0.0281,0.185616,1,0,2,56,49,3,1,7,1,0,0,5,4,1,1,2,1,0,1,1,0,0,16,2,1,0,0,0,1,0,2026-09-06T05:01:31.584371+00:00
Turquia Super Lig 2026/2027,Fenerbahçe - Beşiktaş JK,2026-09-05T17:00:00+00:00,finished,4,1-2,Beşiktaş JK,,,0,,0,0,0,,,0,0,0,0,0,0,0,0,0,0,0,0,0,0,0,0,0,0,0,0,0,0,0,0,0,0,0,0,0,0,2026-09-06T05:01:31.685752+00:00
Turquia Super Lig 2026/2027,Fenerbahçe - Beşiktaş JK,2026-09-05T17:00:00+00:00,finished,4,1-2,Beşiktaş JK,Alexander Nübel,G,90,6.4,46,0,0,,0.00110251,0,0,0,36,22,18,4,0,0,0,0,0,0,0,0,0,0,0,0,8,0,0,14,0,0,0,0,1,1,0,2026-09-06T05:01:31.685628+00:00
Turquia Super Lig 2026/2027,Fenerbahçe - Beşiktaş JK,2026-09-05T17:00:00+00:00,finished,4,1-2,Beşiktaş JK,Amir Murillo,D,90,6.7,55,0,0,,0.0114502,0,0,0,35,24,4,1,2,0,0,0,7,4,4,1,1,1,3,0,5,0,1,19,2,2,0,0,0,1,0,2026-09-06T05:01:31.685640+00:00
Turquia Super Lig 2026/2027,Fenerbahçe - Beşiktaş JK,2026-09-05T17:00:00+00:00,finished,4,1-2,Fenerbahçe,Archie Brown,D,90,6.7,58,0,0,,0.0756488,0,0,1,36,31,1,0,2,1,1,1,4,6,1,1,1,1,1,3,7,0,1,11,1,3,0,0,0,2,0,2026-09-06T05:01:31.685446+00:00
Turquia Super Lig 2026/2027,Fenerbahçe - Beşiktaş JK,2026-09-05T17:00:00+00:00,finished,4,1-2,Fenerbahçe,Bartuğ Elmaz,M,0,,0,0,0,,,0,0,0,0,0,0,0,0,0,0,0,0,0,0,0,0,0,0,0,0,0,0,0,0,0,0,0,0,0,0,2026-09-06T05:01:31.685621+00:00
Turquia Super Lig 2026/2027,Fenerbahçe - Beşiktaş JK,2026-09-05T17:00:00+00:00,finished,4,1-2,Fenerbahçe,Dorgeles Nene,F,22,6.6,12,0,0,,0.00364121,0,0,1,9,7,0,0,0,0,0,0,1,2,0,1,1,1,0,0,3,0,1,3,0,0,0,0,0,1,0,2026-09-06T05:01:31.685553+00:00
Turquia Super Lig 2026/2027,Fenerbahçe - Beşiktaş JK,2026-09-05T17:00:00+00:00,finished,4,1-2,Beşiktaş JK,Doğan Alemdar,G,0,,0,0,0,,,0,0,0,0,0,0,0,0,0,0,0,0,0,0,0,0,0,0,0,0,0,0,0,0,0,0,0,0,0,0,2026-09-06T05:01:31.685761+00:00
Turquia Super Lig 2026/2027,Fenerbahçe - Beşiktaş JK,2026-09-05T17:00:00+00:00,finished,4,1-2,Beşiktaş JK,Dušan Vlahović,F,85,6.6,22,1,0,0.8738,0.0175607,2,2,0,10,8,0,0,1,0,2,0,0,6,0,1,0,0,0,0,0,0,1,9,0,2,1,0,0,1,0,2026-09-06T05:01:31.685683+00:00
Turquia Super Lig 2026/2027,Fenerbahçe - Beşiktaş JK,2026-09-05T17:00:00+00:00,finished,4,1-2,Fenerbahçe,Ederson,G,90,7.8,43,0,0,,0.00231538,0,0,0,31,21,21,11,0,0,0,0,1,0,1,0,0,0,1,0,8,0,0,10,1,0,1,0,4,2,0,2026-09-06T05:01:31.685459+00:00
Turquia Super Lig 2026/2027,Fenerbahçe - Beşiktaş JK,2026-09-05T17:00:00+00:00,finished,4,1-2,Beşiktaş JK,Emirhan Topçu,D,77,6.9,48,0,0,0.1286,0.00318295,1,0,0,31,28,4,2,0,0,0,0,8,4,2,1,3,1,5,1,3,1,0,4,3,4,1,0,0,1,0,2026-09-06T05:01:31.685698+00:00
Turquia Super Lig 2026/2027,Fenerbahçe - Beşiktaş JK,2026-09-05T17:00:00+00:00,finished,4,1-2,Beşiktaş JK,Emmanuel Agbadou,D,90,7.0,74,0,0,,0.0123992,0,0,1,66,60,8,5,0,0,1,1,4,3,1,0,1,0,1,1,6,0,0,6,1,2,0,0,0,1,0,2026-09-06T05:01:31.685653+00:00
Turquia Super Lig 2026/2027,Fenerbahçe - Beşiktaş JK,2026-09-05T17:00:00+00:00,finished,4,1-2,Beşiktaş JK,Hyeon-gyu Oh,F,12,6.4,6,0,0,0.1151,0.0173763,1,0,0,3,3,0,0,0,0,0,0,1,3,1,2,0,0,0,0,0,0,0,0,0,1,0,0,0,0,0,2026-09-06T05:01:31.685742+00:00
Turquia Super Lig 2026/2027,Fenerbahçe - Beşiktaş JK,2026-09-05T17:00:00+00:00,finished,4,1-2,Beşiktaş JK,Junior Olaitan,M,76,7.7,47,0,0,0.0243,0.154649,1,1,3,33,31,1,1,0,0,2,1,7,2,2,1,3,0,0,0,2,0,0,6,1,0,0,0,0,1,0,2026-09-06T05:01:31.685705+00:00
Turquia Super Lig 2026/2027,Fenerbahçe - Beşiktaş JK,2026-09-05T17:00:00+00:00,finished,4,1-2,Beşiktaş JK,Kartal Kayra Yılmaz,M,0,,0,0,0,,,0,0,0,0,0,0,0,0,0,0,0,0,0,0,0,0,0,0,0,0,0,0,0,0,0,0,0,0,0,0,2026-09-06T05:01:31.685747+00:00
Turquia Super Lig 2026/2027,Fenerbahçe - Beşiktaş JK,2026-09-05T17:00:00+00:00,finished,4,1-2,Beşiktaş JK,Kassoum Ouattara,D,45,6.8,27,0,0,,0.0375986,0,0,0,16,12,1,0,1,0,1,0,3,2,2,0,1,0,3,1,3,0,0,7,0,1,0,0,0,0,0,2026-09-06T05:01:31.685722+00:00
Turquia Super Lig 2026/2027,Fenerbahçe - Beşiktaş JK,2026-09-05T17:00:00+00:00,finished,4,1-2,Fenerbahçe,Kerem Aktürkoğlu,F,45,6.6,23,0,0,,0.0129791,0,0,1,13,9,1,0,3,0,1,0,4,4,0,1,1,1,0,0,0,0,0,10,3,1,0,0,0,1,0,2026-09-06T05:01:31.685533+00:00
Turquia Super Lig 2026/2027,Fenerbahçe - Beşiktaş JK,2026-09-05T17:00:00+00:00,finished,4,1-2,Fenerbahçe,Kojo Peprah Oppong,D,0,,0,0,0,,,0,0,0,0,0,0,0,0,0,0,0,0,0,0,0,0,0,0,0,0,0,0,0,0,0,0,0,0,0,0,2026-09-06T05:01:31.685587+00:00
Turquia Super Lig 2026/2027,Fenerbahçe - Beşiktaş JK,2026-09-05T17:00:00+00:00,finished,4,1-2,Beşiktaş JK,Leandro Trossard,F,90,7.1,57,0,1,0.1287,0.325137,3,1,2,43,34,5,3,0,0,2,1,3,4,0,0,0,0,1,1,4,1,2,12,2,1,0,0,0,1,0,2026-09-06T05:01:31.685675+00:00
Turquia Super Lig 2026/2027,Fenerbahçe - Beşiktaş JK,2026-09-05T17:00:00+00:00,finished,4,1-2,Fenerbahçe,Levent Mercan,D,0,,0,0,0,,,0,0,0,0,0,0,0,0,0,0,0,0,0,0,0,0,0,0,0,0,0,0,0,0,0,0,0,0,0,0,2026-09-06T05:01:31.685566+00:00
Turquia Super Lig 2026/2027,Fenerbahçe - Beşiktaş JK,2026-09-05T17:00:00+00:00,finished,4,1-2,Fenerbahçe,Mason Greenwood,F,90,6.9,59,0,0,0.0862,0.0132698,3,0,0,42,31,3,2,1,0,4,2,5,5,0,0,0,0,0,0,2,1,0,15,3,2,1,0,0,2,0,2026-09-06T05:01:31.685452+00:00
Turquia Super Lig 2026/2027,Fenerbahçe - Beşiktaş JK,2026-09-05T17:00:00+00:00,finished,4,1-2,Fenerbahçe,Mattéo Guendouzi,M,84,6.6,43,0,0,,0.00383302,0,0,1,31,28,3,1,1,0,1,0,3,4,0,0,0,0,3,0,4,0,0,6,3,3,1,0,0,2,0,2026-09-06T05:01:31.685502+00:00
Turquia Super Lig 2026/2027,Fenerbahçe - Beşiktaş JK,2026-09-05T17:00:00+00:00,finished,4,1-2,Fenerbahçe,Mert Günok,G,0,,0,0,0,,,0,0,0,0,0,0,0,0,0,0,0,0,0,0,0,0,0,0,0,0,0,0,0,0,0,0,0,0,0,0,2026-09-06T05:01:31.685614+00:00
Turquia Super Lig 2026/2027,Fenerbahçe - Beşiktaş JK,2026-09-05T17:00:00+00:00,finished,4,1-2,Fenerbahçe,Mert Müldür,D,0,,0,0,0,,,0,0,0,0,0,0,0,0,0,0,0,0,0,0,0,0,0,0,0,0,0,0,0,0,0,0,0,0,0,0,2026-09-06T05:01:31.685573+00:00
Turquia Super Lig 2026/2027,Fenerbahçe - Beşiktaş JK,2026-09-05T17:00:00+00:00,finished,4,1-2,Fenerbahçe,Milan Škriniar,D,90,7.8,64,1,0,0.21,0.00483544,1,1,0,46,36,8,3,0,0,0,0,5,1,2,1,2,1,8,2,2,0,0,12,1,1,1,0,0,2,0,2026-09-06T05:01:31.685473+00:00
Turquia Super Lig 2026/2027,Fenerbahçe - Beşiktaş JK,2026-09-05T17:00:00+00:00,finished,4,1-2,Fenerbahçe,N'Golo Kanté,M,90,7.0,70,0,0,0.0817,0.0183861,2,0,1,54,45,2,0,1,0,1,1,7,2,1,0,4,1,1,1,11,1,1,12,1,1,0,0,0,2,0,2026-09-06T05:01:31.685409+00:00
Turquia Super Lig 2026/2027,Fenerbahçe - Beşiktaş JK,2026-09-05T17:00:00+00:00,finished,4,1-2,Fenerbahçe,Nathan Aké,D,90,6.7,67,0,0,,0.00378081,0,0,0,55,51,3,1,0,0,0,0,6,3,2,3,3,1,4,0,2,0,0,4,1,0,0,0,0,2,0,2026-09-06T05:01:31.685439+00:00
Turquia Super Lig 2026/2027,Fenerbahçe - Beşiktaş JK,2026-09-05T17:00:00+00:00,finished,4,1-2,Fenerbahçe,Nélson Semedo,D,90,6.2,55,0,0,,0.00855562,0,0,0,43,34,8,3,0,0,0,0,1,2,0,0,1,0,1,0,5,0,0,10,0,2,0,0,0,2,0,2026-09-06T05:01:31.685466+00:00
Turquia Super Lig 2026/2027,Fenerbahçe - Beşiktaş JK,2026-09-05T17:00:00+00:00,finished,4,1-2,Beşiktaş JK,Orkun Kökçü,M,90,6.7,61,0,1,0.0572,0.507609,2,0,4,39,31,3,3,7,3,1,0,2,8,0,1,0,0,1,0,2,2,3,20,2,2,0,0,0,1,0,2026-09-06T05:01:31.685661+00:00
Turquia Super Lig 2026/2027,Fenerbahçe - Beşiktaş JK,2026-09-05T17:00:00+00:00,finished,4,1-2,Fenerbahçe,Oğuz Aydın,M,68,6.9,31,0,0,0.0325,0.0835235,1,0,0,17,17,1,1,2,0,1,0,4,4,1,1,0,0,1,0,1,1,0,7,3,2,0,0,0,1,0,2026-09-06T05:01:31.685525+00:00
Turquia Super Lig 2026/2027,Fenerbahçe - Beşiktaş JK,2026-09-05T17:00:00+00:00,finished,4,1-2,Fenerbahçe,Romelu Lukaku,F,22,6.4,14,0,0,0.0583,0.00328054,1,0,0,6,5,1,0,0,0,1,0,2,4,1,0,1,1,0,0,0,0,3,6,0,0,0,0,0,1,0,2026-09-06T05:01:31.685546+00:00
Turquia Super Lig 2026/2027,Fenerbahçe - Beşiktaş JK,2026-09-05T17:00:00+00:00,finished,4,1-2,Beşiktaş JK,Rıdvan Yılmaz,D,45,7.3,31,1,0,0.2033,0.00459338,2,1,0,19,16,1,0,1,0,0,0,2,1,0,0,1,0,1,0,2,0,0,7,1,0,0,0,0,1,0,2026-09-06T05:01:31.685716+00:00
Turquia Super Lig 2026/2027,Fenerbahçe - Beşiktaş JK,2026-09-05T17:00:00+00:00,finished,4,1-2,Beşiktaş JK,Salih Özcan,M,90,6.5,58,0,0,0.0678,0.0201524,1,0,0,46,40,2,1,0,0,0,0,4,4,1,1,2,1,1,2,2,1,0,8,1,2,0,0,0,1,0,2026-09-06T05:01:31.685668+00:00
Turquia Super Lig 2026/2027,Fenerbahçe - Beşiktaş JK,2026-09-05T17:00:00+00:00,finished,4,1-2,Beşiktaş JK,Semih Kılıçsoy,F,0,,0,0,0,,,0,0,0,0,0,0,0,0,0,0,0,0,0,0,0,0,0,0,0,0,0,0,0,0,0,0,0,0,0,0,2026-09-06T05:01:31.685766+00:00
Turquia Super Lig 2026/2027,Fenerbahçe - Beşiktaş JK,2026-09-05T17:00:00+00:00,finished,4,1-2,Beşiktaş JK,Taylan Bulut,D,0,,0,0,0,,,0,0,0,0,0,0,0,0,0,0,0,0,0,0,0,0,0,0,0,0,0,0,0,0,0,0,0,0,0,0,2026-09-06T05:01:31.685757+00:00
Turquia Super Lig 2026/2027,Fenerbahçe - Beşiktaş JK,2026-09-05T17:00:00+00:00,finished,4,1-2,Beşiktaş JK,Tiago Djaló,D,13,7.3,14,0,0,,0.00513207,0,0,0,6,6,1,1,0,0,1,1,4,1,0,1,3,1,4,0,1,0,0,0,0,0,0,0,0,0,0,2026-09-06T05:01:31.685738+00:00
Turquia Super Lig 2026/2027,Fenerbahçe - Beşiktaş JK,2026-09-05T17:00:00+00:00,finished,4,1-2,Fenerbahçe,Vedat Muriqi,F,68,6.7,34,0,0,0.0205,0.0196903,1,1,0,21,17,2,1,0,0,1,1,4,10,0,4,0,0,1,0,1,0,3,8,3,2,0,0,0,1,0,2026-09-06T05:01:31.685517+00:00
Turquia Super Lig 2026/2027,Fenerbahçe - Beşiktaş JK,2026-09-05T17:00:00+00:00,finished,4,1-2,Beşiktaş JK,Václav Černý,M,64,6.2,22,0,0,,0.0226637,0,0,1,14,10,2,2,2,1,1,1,1,3,0,0,0,0,0,0,2,0,1,8,0,2,1,0,0,1,0,2026-09-06T05:01:31.685711+00:00
Turquia Super Lig 2026/2027,Fenerbahçe - Beşiktaş JK,2026-09-05T17:00:00+00:00,finished,4,1-2,Beşiktaş JK,Wilfred Ndidi,M,14,6.7,12,0,0,,0.0865922,0,0,1,8,7,1,0,0,0,1,1,2,2,0,0,1,1,1,0,2,0,1,2,0,1,0,0,0,0,0,2026-09-06T05:01:31.685733+00:00
Turquia Super Lig 2026/2027,Fenerbahçe - Beşiktaş JK,2026-09-05T17:00:00+00:00,finished,4,1-2,Fenerbahçe,Yiğit Efe Demir,D,0,,0,0,0,,,0,0,0,0,0,0,0,0,0,0,0,0,0,0,0,0,0,0,0,0,0,0,0,0,0,0,0,0,0,0,2026-09-06T05:01:31.685602+00:00
Turquia Super Lig 2026/2027,Fenerbahçe - Beşiktaş JK,2026-09-05T17:00:00+00:00,finished,4,1-2,Beşiktaş JK,İlhan Fakılı,M,26,6.7,22,0,0,0.0597,0.0487399,1,1,1,13,13,0,0,0,0,0,0,3,3,0,0,0,0,0,0,3,0,1,2,3,1,0,0,0,0,0,2026-09-06T05:01:31.685728+00:00
Turquia Super Lig 2026/2027,Fenerbahçe - Beşiktaş JK,2026-09-05T17:00:00+00:00,finished,4,1-2,Fenerbahçe,İrfan Can Kahveci,M,45,6.3,22,0,0,,0.0133857,0,0,0,17,12,1,1,1,0,0,0,0,2,0,0,0,0,1,0,1,0,1,9,0,1,0,0,0,1,0,2026-09-06T05:01:31.685540+00:00
Turquia Super Lig 2026/2027,Fenerbahçe - Beşiktaş JK,2026-09-05T17:00:00+00:00,finished,4,1-2,Fenerbahçe,İsmail Yüksek,M,13,6.7,10,0,0,,0.00094592,0,0,0,5,4,0,0,0,0,0,0,3,1,0,1,2,1,0,1,0,0,0,1,1,0,0,0,0,0,0,2026-09-06T05:01:31.685560+00:00
Turquia Super Lig 2026/2027,Kasımpaşa - Amed Sportif Faaliyetler,2026-09-06T14:00:00+00:00,finished,4,2-2,Kasımpaşa,,,8,6.3,6,0,0,,0.0114943,0,0,0,5,4,1,0,0,0,0,0,0,0,0,0,0,0,0,0,0,0,0,1,0,1,1,0,0,1,0,2026-09-07T05:01:49.954900+00:00
Turquia Super Lig 2026/2027,Kasımpaşa - Amed Sportif Faaliyetler,2026-09-06T14:00:00+00:00,finished,4,2-2,Kasımpaşa,,,0,,0,0,0,,,0,0,0,0,0,0,0,0,0,0,0,0,0,0,0,0,0,0,0,0,0,0,0,0,0,0,0,0,0,0,2026-09-07T05:01:49.954969+00:00
Turquia Super Lig 2026/2027,Kasımpaşa - Amed Sportif Faaliyetler,2026-09-06T14:00:00+00:00,finished,4,2-2,Kasımpaşa,Adem Arous,D,90,6.6,71,0,0,,0.00229639,0,0,0,58,52,3,0,0,0,0,0,4,2,1,1,2,2,7,2,3,0,0,6,1,1,0,0,0,2,0,2026-09-07T05:01:49.954758+00:00
Turquia Super Lig 2026/2027,Kasımpaşa - Amed Sportif Faaliyetler,2026-09-06T14:00:00+00:00,finished,4,2-2,Kasımpaşa,Adrian Benedyczak,F,82,7.0,14,1,0,0.2308,9.811e-05,2,2,0,6,4,0,0,0,0,1,0,0,4,0,1,0,0,0,0,1,0,2,6,0,0,0,0,0,1,0,2026-09-07T05:01:49.954846+00:00
Turquia Super Lig 2026/2027,Kasımpaşa - Amed Sportif Faaliyetler,2026-09-06T14:00:00+00:00,finished,4,2-2,Kasımpaşa,Ahmet Taha Dağbaşı,D,0,,0,0,0,,,0,0,0,0,0,0,0,0,0,0,0,0,0,0,0,0,0,0,0,0,0,0,0,0,0,0,0,0,0,0,2026-09-07T05:01:49.954977+00:00
Turquia Super Lig 2026/2027,Kasımpaşa - Amed Sportif Faaliyetler,2026-09-06T14:00:00+00:00,finished,4,2-2,Amed Sportif Faaliyetler,Alban Lafont,G,90,5.9,44,0,0,,0.00010781,0,0,0,32,26,8,3,0,0,0,0,0,0,0,0,0,0,0,0,8,0,0,6,0,0,0,0,5,2,0,2026-09-07T05:01:49.954993+00:00
Turquia Super Lig 2026/2027,Kasımpaşa - Amed Sportif Faaliyetler,2026-09-06T14:00:00+00:00,finished,4,2-2,Kasımpaşa,Ali Emre Yanar,G,0,,0,0,0,,,0,0,0,0,0,0,0,0,0,0,0,0,0,0,0,0,0,0,0,0,0,0,0,0,0,0,0,0,0,0,2026-09-07T05:01:49.954955+00:00
Turquia Super Lig 2026/2027,Kasımpaşa - Amed Sportif Faaliyetler,2026-09-06T14:00:00+00:00,finished,4,2-2,Kasımpaşa,Ali Yavuz Kol,F,90,7.3,56,0,0,0.0754,0.0974193,1,0,4,33,22,4,4,2,0,8,6,8,8,0,1,2,2,1,0,4,0,2,21,0,2,1,0,0,2,0,2026-09-07T05:01:49.954666+00:00
Turquia Super Lig 2026/2027,Kasımpaşa - Amed Sportif Faaliyetler,2026-09-06T14:00:00+00:00,finished,4,2-2,Amed Sportif Faaliyetler,Amadou Cissé,D,77,6.4,75,0,0,0.0186,0.0118566,1,0,0,56,51,2,0,0,0,0,0,3,1,1,0,1,1,4,0,3,0,1,8,1,0,0,0,0,2,0,2026-09-07T05:01:49.955042+00:00
Turquia Super Lig 2026/2027,Kasımpaşa - Amed Sportif Faaliyetler,2026-09-06T14:00:00+00:00,finished,4,2-2,Kasımpaşa,Andreas Gianniotis,G,90,6.1,55,0,0,,0.00041128,0,0,0,43,30,24,11,0,0,0,0,0,0,0,0,0,0,2,0,9,0,0,13,0,0,0,0,2,2,1,2026-09-07T05:01:49.954711+00:00
Turquia Super Lig 2026/2027,Kasımpaşa - Amed Sportif Faaliyetler,2026-09-06T14:00:00+00:00,finished,4,2-2,Kasımpaşa,Andri Fannar Baldursson,M,72,6.7,41,0,0,0.0205,0.0363388,1,1,1,27,21,3,1,0,0,0,0,5,6,1,0,3,0,1,1,4,0,0,7,1,4,0,0,0,1,0,2026-09-07T05:01:49.954855+00:00
Turquia Super Lig 2026/2027,Kasımpaşa - Amed Sportif Faaliyetler,2026-09-06T14:00:00+00:00,finished,4,2-2,Kasımpaşa,Atakan Mujde,M,8,6.5,7,0,0,,0.00369246,0,0,0,6,6,1,1,0,0,0,0,0,0,0,0,0,0,0,0,1,0,0,0,0,0,0,0,0,1,0,2026-09-07T05:01:49.954916+00:00
Turquia Super Lig 2026/2027,Kasımpaşa - Amed Sportif Faaliyetler,2026-09-06T14:00:00+00:00,finished,4,2-2,Kasımpaşa,Ayberk Karapo,D,90,6.8,49,0,0,0.2306,0.0106795,3,1,0,26,22,2,1,0,0,1,1,10,5,1,1,5,4,2,0,4,2,2,8,3,1,0,0,0,2,0,2026-09-07T05:01:49.954799+00:00
Turquia Super Lig 2026/2027,Kasımpaşa - Amed Sportif Faaliyetler,2026-09-06T14:00:00+00:00,finished,4,2-2,Amed Sportif Faaliyetler,Berk Kızıldemir,F,0,,0,0,0,,,0,0,0,0,0,0,0,0,0,0,0,0,0,0,0,0,0,0,0,0,0,0,0,0,0,0,0,0,0,0,2026-09-07T05:01:49.955155+00:00
Turquia Super Lig 2026/2027,Kasımpaşa - Amed Sportif Faaliyetler,2026-09-06T14:00:00+00:00,finished,4,2-2,Amed Sportif Faaliyetler,Burak Bozan,G,0,,0,0,0,,,0,0,0,0,0,0,0,0,0,0,0,0,0,0,0,0,0,0,0,0,0,0,0,0,0,0,0,0,0,0,2026-09-07T05:01:49.955169+00:00
Turquia Super Lig 2026/2027,Kasımpaşa - Amed Sportif Faaliyetler,2026-09-06T14:00:00+00:00,finished,4,2-2,Amed Sportif Faaliyetler,Cem Üstündag,M,0,,0,0,0,,,0,0,0,0,0,0,0,0,0,0,0,0,0,0,0,0,0,0,0,0,0,0,0,0,0,0,0,0,0,0,2026-09-07T05:01:49.955147+00:00
Turquia Super Lig 2026/2027,Kasımpaşa - Amed Sportif Faaliyetler,2026-09-06T14:00:00+00:00,finished,4,2-2,Kasımpaşa,Cláudio Winck,D,90,7.3,63,0,1,0.0147,0.094075,1,1,1,39,31,6,1,0,0,0,0,9,2,1,0,6,4,5,0,0,0,0,9,2,1,0,0,0,2,0,2026-09-07T05:01:49.954742+00:00
Turquia Super Lig 2026/2027,Kasımpaşa - Amed Sportif Faaliyetler,2026-09-06T14:00:00+00:00,finished,4,2-2,Amed Sportif Faaliyetler,David Robert Bates,D,90,6.4,62,0,0,,0.00369372,0,0,0,56,49,4,1,0,0,0,0,2,0,1,0,1,1,1,0,2,0,0,8,0,0,1,0,0,2,0,2026-09-07T05:01:49.955001+00:00
Turquia Super Lig 2026/2027,Kasımpaşa - Amed Sportif Faaliyetler,2026-09-06T14:00:00+00:00,finished,4,2-2,Amed Sportif Faaliyetler,Dia Saba,M,86,7.2,69,0,0,0.0472,0.397647,1,0,6,41,33,2,2,11,4,8,5,6,6,0,0,0,0,0,0,5,1,2,22,1,1,1,0,0,2,0,2026-09-07T05:01:49.955034+00:00
Turquia Super Lig 2026/2027,Kasımpaşa - Amed Sportif Faaliyetler,2026-09-06T14:00:00+00:00,finished,4,2-2,Kasımpaşa,Elson Mendes,M,23,6.6,16,0,0,0.1003,0.0109702,2,1,0,11,8,0,0,0,0,1,1,2,0,0,0,0,0,0,0,2,0,0,4,1,0,0,0,0,1,0,2026-09-07T05:01:49.954870+00:00
Turquia Super Lig 2026/2027,Kasımpaşa - Amed Sportif Faaliyetler,2026-09-06T14:00:00+00:00,finished,4,2-2,Kasımpaşa,Emirhan Boz,M,18,6.4,13,0,0,,0.00085354,0,0,0,13,12,1,1,0,0,0,0,0,1,0,0,0,0,0,0,3,0,0,1,0,1,1,0,0,1,0,2026-09-07T05:01:49.954878+00:00
Turquia Super Lig 2026/2027,Kasımpaşa - Amed Sportif Faaliyetler,2026-09-06T14:00:00+00:00,finished,4,2-2,Amed Sportif Faaliyetler,Ermal Krasniqi,M,90,6.0,62,0,0,0.0423,0.0245762,1,0,0,33,28,2,1,2,0,5,1,4,12,0,1,3,0,0,1,5,1,2,20,0,3,0,0,0,2,0,2026-09-07T05:01:49.955009+00:00
Turquia Super Lig 2026/2027,Kasımpaşa - Amed Sportif Faaliyetler,2026-09-06T14:00:00+00:00,finished,4,2-2,Amed Sportif Faaliyetler,Furkan Soyalp,M,45,6.6,33,0,0,0.135,0.0236805,3,1,0,25,19,1,0,0,0,0,0,3,4,1,1,1,1,1,0,2,1,0,6,1,1,0,0,0,1,0,2026-09-07T05:01:49.955071+00:00
Turquia Super Lig 2026/2027,Kasımpaşa - Amed Sportif Faaliyetler,2026-09-06T14:00:00+00:00,finished,4,2-2,Amed Sportif Faaliyetler,Gift Orban,F,45,8.5,16,2,0,0.417,0.0214772,2,2,1,9,9,0,0,0,0,1,0,0,4,0,2,0,0,0,0,0,0,1,3,0,0,0,0,0,1,0,2026-09-07T05:01:49.955079+00:00
Turquia Super Lig 2026/2027,Kasımpaşa - Amed Sportif Faaliyetler,2026-09-06T14:00:00+00:00,finished,4,2-2,Amed Sportif Faaliyetler,Gökhan Gül,M,45,6.7,31,0,0,0.0929,0.00136784,2,0,0,22,19,0,0,1,0,0,0,4,1,1,0,0,0,0,2,2,0,0,5,3,0,0,0,0,1,0,2026-09-07T05:01:49.955057+00:00
Turquia Super Lig 2026/2027,Kasımpaşa - Amed Sportif Faaliyetler,2026-09-06T14:00:00+00:00,finished,4,2-2,Kasımpaşa,Güven Yalçın,F,90,8.1,47,1,0,0.088,0.480383,3,1,3,27,19,0,0,0,0,4,2,5,7,1,2,2,1,0,0,3,0,1,12,0,2,1,0,0,2,0,2026-09-07T05:01:49.954818+00:00
Turquia Super Lig 2026/2027,Kasımpaşa - Amed Sportif Faaliyetler,2026-09-06T14:00:00+00:00,finished,4,2-2,Kasımpaşa,Jakob Jessen,D,0,,0,0,0,,,0,0,0,0,0,0,0,0,0,0,0,0,0,0,0,0,0,0,0,0,0,0,0,0,0,0,0,0,0,0,2026-09-07T05:01:49.954925+00:00
Turquia Super Lig 2026/2027,Kasımpaşa - Amed Sportif Faaliyetler,2026-09-06T14:00:00+00:00,finished,4,2-2,Amed Sportif Faaliyetler,Kahraman Demirtaş,D,0,,0,0,0,,,0,0,0,0,0,0,0,0,0,0,0,0,0,0,0,0,0,0,0,0,0,0,0,0,0,0,0,0,0,0,2026-09-07T05:01:49.955138+00:00
Turquia Super Lig 2026/2027,Kasımpaşa - Amed Sportif Faaliyetler,2026-09-06T14:00:00+00:00,finished,4,2-2,Kasımpaşa,Kerem Demirbay,M,82,6.7,50,0,0,0.2191,0.0260852,1,0,1,35,32,4,3,1,0,0,0,2,6,0,3,1,1,1,3,3,0,0,5,1,1,1,0,0,1,0,2026-09-07T05:01:49.954836+00:00
Turquia Super Lig 2026/2027,Kasımpaşa - Amed Sportif Faaliyetler,2026-09-06T14:00:00+00:00,finished,4,2-2,Amed Sportif Faaliyetler,Lumbardh Dellova,D,90,6.6,73,0,0,,0.0167007,0,0,0,66,58,6,4,0,0,0,0,4,0,3,0,1,1,5,0,2,0,0,8,0,0,0,0,0,2,0,2026-09-07T05:01:49.954985+00:00
Turquia Super Lig 2026/2027,Kasımpaşa - Amed Sportif Faaliyetler,2026-09-06T14:00:00+00:00,finished,4,2-2,Kasımpaşa,Marcus Rafferty,M,67,6.5,22,0,1,,0.0177518,0,0,2,15,14,1,1,0,0,1,0,0,3,0,1,0,0,1,0,5,0,0,5,0,1,0,0,0,1,0,2026-09-07T05:01:49.954862+00:00
Turquia Super Lig 2026/2027,Kasımpaşa - Amed Sportif Faaliyetler,2026-09-06T14:00:00+00:00,finished,4,2-2,Kasımpaşa,Matei Ilie,D,90,6.3,61,0,0,,0.00156474,0,0,0,49,38,11,3,0,0,0,0,6,1,1,0,4,3,4,1,3,0,0,11,1,0,0,0,0,2,0,2026-09-07T05:01:49.954783+00:00
Turquia Super Lig 2026/2027,Kasımpaşa - Amed Sportif Faaliyetler,2026-09-06T14:00:00+00:00,finished,4,2-2,Amed Sportif Faaliyetler,Mbaye Diagne,F,45,6.5,9,0,0,0.1465,0.0012187,1,0,0,7,6,1,1,0,0,0,0,1,1,1,1,0,0,0,1,1,0,0,1,0,0,0,0,0,1,0,2026-09-07T05:01:49.955064+00:00
Turquia Super Lig 2026/2027,Kasımpaşa - Amed Sportif Faaliyetler,2026-09-06T14:00:00+00:00,finished,4,2-2,Amed Sportif Faaliyetler,Mehmet Yeşil,D,10,6.9,8,0,0,,0.00666687,0,0,0,7,7,2,2,0,0,0,0,0,0,0,0,0,0,1,0,0,0,0,0,0,0,0,0,0,0,0,2026-09-07T05:01:49.955122+00:00
Turquia Super Lig 2026/2027,Kasımpaşa - Amed Sportif Faaliyetler,2026-09-06T14:00:00+00:00,finished,4,2-2,Amed Sportif Faaliyetler,Miraç Acer,D,0,,0,0,0,,,0,0,0,0,0,0,0,0,0,0,0,0,0,0,0,0,0,0,0,0,0,0,0,0,0,0,0,0,0,0,2026-09-07T05:01:49.955162+00:00
Turquia Super Lig 2026/2027,Kasımpaşa - Amed Sportif Faaliyetler,2026-09-06T14:00:00+00:00,finished,4,2-2,Amed Sportif Faaliyetler,Mohamed Khalil,F,13,6.9,4,0,1,,0.238103,0,0,1,2,2,0,0,1,0,0,0,0,1,0,0,0,0,0,1,0,0,0,1,0,1,0,0,0,0,0,2026-09-07T05:01:49.955093+00:00
Turquia Super Lig 2026/2027,Kasımpaşa - Amed Sportif Faaliyetler,2026-09-06T14:00:00+00:00,finished,4,2-2,Amed Sportif Faaliyetler,Rayan Lutin,M,24,6.9,13,0,0,,0.00424782,0,0,0,9,7,2,2,0,0,0,0,3,2,0,0,1,1,0,0,1,0,0,3,2,1,0,0,0,0,0,2026-09-07T05:01:49.955086+00:00
Turquia Super Lig 2026/2027,Kasımpaşa - Amed Sportif Faaliyetler,2026-09-06T14:00:00+00:00,finished,4,2-2,Amed Sportif Faaliyetler,Rayan Raveloson,M,90,6.7,65,0,0,0.1246,0.0266222,2,1,1,49,40,8,5,1,0,0,0,6,3,1,0,2,1,1,1,6,1,0,12,3,1,0,0,0,2,0,2026-09-07T05:01:49.955018+00:00
Turquia Super Lig 2026/2027,Kasımpaşa - Amed Sportif Faaliyetler,2026-09-06T14:00:00+00:00,finished,4,2-2,Amed Sportif Faaliyetler,Samuel Ballet,F,66,6.5,52,0,0,,0.0304068,0,0,1,26,20,3,3,2,1,9,2,7,14,0,0,2,1,0,0,7,0,4,22,3,2,0,0,0,2,0,2026-09-07T05:01:49.955050+00:00
Turquia Super Lig 2026/2027,Kasımpaşa - Amed Sportif Faaliyetler,2026-09-06T14:00:00+00:00,finished,4,2-2,Kasımpaşa,Sercan Deniz,M,0,,0,0,0,,,0,0,0,0,0,0,0,0,0,0,0,0,0,0,0,0,0,0,0,0,0,0,0,0,0,0,0,0,0,0,2026-09-07T05:01:49.954942+00:00
Turquia Super Lig 2026/2027,Kasımpaşa - Amed Sportif Faaliyetler,2026-09-06T14:00:00+00:00,finished,4,2-2,Kasımpaşa,Sinan Alkas,F,0,,0,0,0,,,0,0,0,0,0,0,0,0,0,0,0,0,0,0,0,0,0,0,0,0,0,0,0,0,0,0,0,0,0,0,2026-09-07T05:01:49.954933+00:00
Turquia Super Lig 2026/2027,Kasımpaşa - Amed Sportif Faaliyetler,2026-09-06T14:00:00+00:00,finished,4,2-2,Amed Sportif Faaliyetler,Umut Meraş,D,90,6.4,75,0,0,0.0477,0.0484027,1,0,0,48,38,7,1,4,0,0,0,2,2,1,1,1,0,2,2,3,0,0,15,0,0,0,0,0,2,0,2026-09-07T05:01:49.955026+00:00
Turquia Super Lig 2026/2027,Çorum FK - Eyüpspor,2026-09-06T14:00:00+00:00,finished,4,3-0,Çorum FK,,,90,9.9,62,1,1,0.5969,0.512031,3,2,5,34,32,2,2,7,1,4,3,5,3,0,0,0,0,0,2,5,1,1,14,2,0,0,0,0,0,0,2026-09-07T05:01:49.439564+00:00
Turquia Super Lig 2026/2027,Çorum FK - Eyüpspor,2026-09-06T14:00:00+00:00,finished,4,3-0,Çorum FK,,,72,7.2,50,0,0,0.0443,0.0690091,2,1,3,36,30,4,3,2,1,1,1,3,1,0,0,0,0,1,0,2,0,0,7,2,1,1,0,0,0,0,2026-09-07T05:01:49.439588+00:00
Turquia Super Lig 2026/2027,Çorum FK - Eyüpspor,2026-09-06T14:00:00+00:00,finished,4,3-0,Çorum FK,,,9,6.9,1,0,1,,0.0134251,0,0,1,1,1,0,0,0,0,0,0,0,0,0,0,0,0,0,0,1,0,0,0,0,0,0,0,0,0,0,2026-09-07T05:01:49.439638+00:00
Turquia Super Lig 2026/2027,Çorum FK - Eyüpspor,2026-09-06T14:00:00+00:00,finished,4,3-0,Eyüpspor,Ahmed Abdullahi,F,63,6.5,8,0,0,,0.00011321,0,0,0,3,3,0,0,0,0,2,1,2,3,0,1,0,0,0,0,1,0,1,3,1,0,0,0,0,2,0,2026-09-07T05:01:49.439431+00:00
Turquia Super Lig 2026/2027,Çorum FK - Eyüpspor,2026-09-06T14:00:00+00:00,finished,4,3-0,Çorum FK,Alexandre Penetra,D,0,,0,0,0,,,0,0,0,0,0,0,0,0,0,0,0,0,0,0,0,0,0,0,0,0,0,0,0,0,0,0,0,0,0,0,2026-09-07T05:01:49.439655+00:00
Turquia Super Lig 2026/2027,Çorum FK - Eyüpspor,2026-09-06T14:00:00+00:00,finished,4,3-0,Çorum FK,Andrei Borza,D,90,8.5,61,1,0,0.1822,0.0600069,2,1,1,40,35,3,2,1,1,1,1,6,1,0,0,5,3,1,1,5,1,0,8,0,1,0,0,0,0,0,2026-09-07T05:01:49.439569+00:00
Turquia Super Lig 2026/2027,Çorum FK - Eyüpspor,2026-09-06T14:00:00+00:00,finished,4,3-0,Eyüpspor,Arda Yavuz,D,14,6.3,5,0,0,,6.282e-05,0,0,0,2,2,0,0,0,0,0,0,0,0,0,0,0,0,0,0,0,0,0,0,0,0,0,0,0,1,0,2026-09-07T05:01:49.439514+00:00
Turquia Super Lig 2026/2027,Çorum FK - Eyüpspor,2026-09-06T14:00:00+00:00,finished,4,3-0,Çorum FK,Arda Şengül,D,8,6.7,6,0,0,,2.026e-05,0,0,0,5,5,0,0,0,0,0,0,0,0,0,0,0,0,1,0,0,0,0,0,0,0,0,0,0,0,0,2026-09-07T05:01:49.439647+00:00
Turquia Super Lig 2026/2027,Çorum FK - Eyüpspor,2026-09-06T14:00:00+00:00,finished,4,3-0,Çorum FK,Berat Özdemir,M,18,6.7,13,0,0,,0.0014497,0,0,0,11,11,1,1,0,0,0,0,2,2,0,0,2,1,0,0,0,0,0,0,0,2,0,0,0,0,0,2026-09-07T05:01:49.439626+00:00
Turquia Super Lig 2026/2027,Çorum FK - Eyüpspor,2026-09-06T14:00:00+00:00,finished,4,3-0,Eyüpspor,Berhan Satli,D,0,,0,0,0,,,0,0,0,0,0,0,0,0,0,0,0,0,0,0,0,0,0,0,0,0,0,0,0,0,0,0,0,0,0,0,2026-09-07T05:01:49.439535+00:00
Turquia Super Lig 2026/2027,Çorum FK - Eyüpspor,2026-09-06T14:00:00+00:00,finished,4,3-0,Eyüpspor,Bilal Boutobba,M,45,6.4,13,0,0,0.0517,0.0177772,2,1,1,9,9,0,0,1,1,0,0,1,0,0,0,0,0,0,0,1,0,0,0,1,0,0,0,0,2,0,2026-09-07T05:01:49.439467+00:00
Turquia Super Lig 2026/2027,Çorum FK - Eyüpspor,2026-09-06T14:00:00+00:00,finished,4,3-0,Çorum FK,Cemali Sertel,D,0,,0,0,0,,,0,0,0,0,0,0,0,0,0,0,0,0,0,0,0,0,0,0,0,0,0,0,0,0,0,0,0,0,0,0,2026-09-07T05:01:49.439676+00:00
Turquia Super Lig 2026/2027,Çorum FK - Eyüpspor,2026-09-06T14:00:00+00:00,finished,4,3-0,Eyüpspor,Chandrel Massanga,M,90,6.9,56,0,0,,0.0116236,0,0,0,51,46,5,3,0,0,0,0,4,1,2,0,1,1,1,1,1,0,0,5,1,0,0,0,0,3,0,2026-09-07T05:01:49.439398+00:00
Turquia Super Lig 2026/2027,Çorum FK - Eyüpspor,2026-09-06T14:00:00+00:00,finished,4,3-0,Eyüpspor,Charles-Andre Raux Yao,M,90,7.5,52,0,0,,0.263852,0,0,4,32,26,5,4,1,1,3,3,9,4,0,1,0,0,1,1,6,0,2,10,6,1,0,0,0,3,0,2026-09-07T05:01:49.439386+00:00
Turquia Super Lig 2026/2027,Çorum FK - Eyüpspor,2026-09-06T14:00:00+00:00,finished,4,3-0,Eyüpspor,Christ Sadia,F,0,,0,0,0,,,0,0,0,0,0,0,0,0,0,0,0,0,0,0,0,0,0,0,0,0,0,0,0,0,0,0,0,0,0,0,2026-09-07T05:01:49.439525+00:00
Turquia Super Lig 2026/2027,Çorum FK - Eyüpspor,2026-09-06T14:00:00+00:00,finished,4,3-0,Eyüpspor,David Costa,M,63,6.3,28,0,0,,0.0028885,0,0,0,22,18,0,0,0,0,0,0,2,2,0,0,0,0,1,1,4,0,1,6,2,0,1,0,0,2,0,2026-09-07T05:01:49.439438+00:00
Turquia Super Lig 2026/2027,Çorum FK - Eyüpspor,2026-09-06T14:00:00+00:00,finished,4,3-0,Eyüpspor,Emre Bilgin,G,0,,0,0,0,,,0,0,0,0,0,0,0,0,0,0,0,0,0,0,0,0,0,0,0,0,0,0,0,0,0,0,0,0,0,0,2026-09-07T05:01:49.439520+00:00
Turquia Super Lig 2026/2027,Çorum FK - Eyüpspor,2026-09-06T14:00:00+00:00,finished,4,3-0,Çorum FK,Erhan Erentürk,G,0,,0,0,0,,,0,0,0,0,0,0,0,0,0,0,0,0,0,0,0,0,0,0,0,0,0,0,0,0,0,0,0,0,0,0,2026-09-07T05:01:49.439683+00:00
Turquia Super Lig 2026/2027,Çorum FK - Eyüpspor,2026-09-06T14:00:00+00:00,finished,4,3-0,Çorum FK,Ermin Mahmić,M,24,7.7,14,1,0,0.2324,0.00225304,4,3,0,7,4,0,0,0,0,1,1,2,0,0,0,1,0,0,0,1,1,0,3,0,0,0,0,0,0,0,2026-09-07T05:01:49.439611+00:00
Turquia Super Lig 2026/2027,Çorum FK - Eyüpspor,2026-09-06T14:00:00+00:00,finished,4,3-0,Çorum FK,Fredy,M,72,6.7,54,0,0,0.0179,0.0496711,1,0,2,43,37,1,1,3,0,0,0,2,5,1,1,1,1,1,3,4,0,0,10,0,3,0,0,0,0,0,2026-09-07T05:01:49.439594+00:00
Turquia Super Lig 2026/2027,Çorum FK - Eyüpspor,2026-09-06T14:00:00+00:00,finished,4,3-0,Çorum FK,Gökhan Sazdağı,D,90,6.7,58,0,0,0.2151,0.0116696,1,1,1,43,36,5,2,1,0,2,1,2,4,0,0,1,0,1,1,1,0,0,11,0,1,0,0,0,0,0,2026-09-07T05:01:49.439555+00:00
Turquia Super Lig 2026/2027,Çorum FK - Eyüpspor,2026-09-06T14:00:00+00:00,finished,4,3-0,Çorum FK,Göktan Gürpüz,M,18,6.8,10,0,0,,0.0450909,0,0,1,7,7,0,0,0,0,1,0,1,2,0,1,1,1,0,0,2,0,0,1,0,0,0,0,0,0,0,2026-09-07T05:01:49.439632+00:00
Turquia Super Lig 2026/2027,Çorum FK - Eyüpspor,2026-09-06T14:00:00+00:00,finished,4,3-0,Eyüpspor,Hamza Akman,M,27,6.5,12,0,0,,0.0024952,0,0,0,7,6,0,0,0,0,2,1,2,3,1,1,0,0,1,0,1,0,1,4,0,0,0,0,0,1,0,2026-09-07T05:01:49.439502+00:00
Turquia Super Lig 2026/2027,Çorum FK - Eyüpspor,2026-09-06T14:00:00+00:00,finished,4,3-0,Eyüpspor,Horațiu Moldovan,G,90,6.6,62,0,0,,0.00038744,0,0,0,43,38,7,2,0,0,0,0,0,0,0,0,0,0,2,0,13,0,0,5,0,0,0,0,6,3,0,2026-09-07T05:01:49.439419+00:00
Turquia Super Lig 2026/2027,Çorum FK - Eyüpspor,2026-09-06T14:00:00+00:00,finished,4,3-0,Çorum FK,Hrvoje Smolčić,D,82,7.4,88,0,0,,0.00778346,0,0,0,84,82,5,4,0,0,0,0,0,0,0,0,0,0,0,2,7,0,0,4,0,0,0,0,0,0,0,2026-09-07T05:01:49.439575+00:00
Turquia Super Lig 2026/2027,Çorum FK - Eyüpspor,2026-09-06T14:00:00+00:00,finished,4,3-0,Çorum FK,Huseyin Bulut,D,0,,0,0,0,,,0,0,0,0,0,0,0,0,0,0,0,0,0,0,0,0,0,0,0,0,0,0,0,0,0,0,0,0,0,0,2026-09-07T05:01:49.439669+00:00
Turquia Super Lig 2026/2027,Çorum FK - Eyüpspor,2026-09-06T14:00:00+00:00,finished,4,3-0,Eyüpspor,Jawad El Yamiq,D,45,6.2,30,0,0,,0.00513624,0,0,1,26,22,5,2,0,0,0,0,0,0,0,0,0,0,0,1,1,0,0,4,0,0,0,0,0,2,0,2026-09-07T05:01:49.439452+00:00
Turquia Super Lig 2026/2027,Çorum FK - Eyüpspor,2026-09-06T14:00:00+00:00,finished,4,3-0,Çorum FK,Jesús Ramírez,F,81,6.5,23,0,1,0.4702,0.125862,3,1,1,15,13,0,0,1,0,0,0,3,1,2,0,0,0,0,0,1,0,1,4,2,0,0,0,0,0,0,2026-09-07T05:01:49.439581+00:00
Turquia Super Lig 2026/2027,Çorum FK - Eyüpspor,2026-09-06T14:00:00+00:00,finished,4,3-0,Eyüpspor,Konrad Michalak,M,90,6.2,33,0,0,0.0269,0.00390558,1,0,0,12,9,0,0,2,0,4,2,5,6,0,0,1,1,1,0,1,0,3,13,2,1,0,0,0,3,0,2026-09-07T05:01:49.439377+00:00
Turquia Super Lig 2026/2027,Çorum FK - Eyüpspor,2026-09-06T14:00:00+00:00,finished,4,3-0,Eyüpspor,Lenny Pintor,M,27,6.4,13,0,0,0.0127,0.00028348,1,0,0,7,6,0,0,0,0,0,0,1,3,0,0,0,0,0,1,1,0,1,4,1,1,0,0,0,1,0,2026-09-07T05:01:49.439509+00:00
Turquia Super Lig 2026/2027,Çorum FK - Eyüpspor,2026-09-06T14:00:00+00:00,finished,4,3-0,Çorum FK,Marcos Felipe,G,90,8.0,51,0,0,,0.00016195,0,0,0,42,42,2,2,0,0,0,0,0,0,0,0,0,0,0,0,8,0,0,0,0,0,0,0,4,0,0,2026-09-07T05:01:49.439550+00:00
Turquia Super Lig 2026/2027,Çorum FK - Eyüpspor,2026-09-06T14:00:00+00:00,finished,4,3-0,Çorum FK,Markus Karlsbakk,M,0,,0,0,0,,,0,0,0,0,0,0,0,0,0,0,0,0,0,0,0,0,0,0,0,0,0,0,0,0,0,0,0,0,0,0,2026-09-07T05:01:49.439662+00:00
Turquia Super Lig 2026/2027,Çorum FK - Eyüpspor,2026-09-06T14:00:00+00:00,finished,4,3-0,Eyüpspor,Mete Demir,M,0,,0,0,0,,,0,0,0,0,0,0,0,0,0,0,0,0,0,0,0,0,0,0,0,0,0,0,0,0,0,0,0,0,0,0,2026-09-07T05:01:49.439530+00:00
Turquia Super Lig 2026/2027,Çorum FK - Eyüpspor,2026-09-06T14:00:00+00:00,finished,4,3-0,Çorum FK,Mohammed Diomande,M,66,6.5,38,0,0,0.0592,0.0157116,2,0,1,25,25,1,1,0,0,0,0,1,3,0,0,0,0,0,0,1,2,2,5,1,1,0,0,0,0,0,2026-09-07T05:01:49.439600+00:00
Turquia Super Lig 2026/2027,Çorum FK - Eyüpspor,2026-09-06T14:00:00+00:00,finished,4,3-0,Çorum FK,Serdar Saatçı,D,90,7.2,107,0,0,,0.00858562,0,0,1,98,89,4,1,0,0,0,0,5,2,2,0,2,2,2,2,0,0,0,10,1,2,0,0,0,0,0,2026-09-07T05:01:49.439560+00:00
Turquia Super Lig 2026/2027,Çorum FK - Eyüpspor,2026-09-06T14:00:00+00:00,finished,4,3-0,Eyüpspor,Seyfettin Anıl Yaşar,D,45,6.5,45,0,0,0.0206,0.00059708,1,1,0,35,29,11,8,0,0,0,0,1,3,0,1,1,1,3,3,3,0,0,6,0,1,1,0,0,1,0,2026-09-07T05:01:49.439484+00:00
Turquia Super Lig 2026/2027,Çorum FK - Eyüpspor,2026-09-06T14:00:00+00:00,finished,4,3-0,Eyüpspor,Simone Giordano,D,76,6.2,38,0,0,,0.00907501,0,0,0,27,23,5,3,2,0,0,0,2,3,0,0,1,0,1,0,1,0,0,8,1,2,0,0,0,2,0,2026-09-07T05:01:49.439425+00:00
Turquia Super Lig 2026/2027,Çorum FK - Eyüpspor,2026-09-06T14:00:00+00:00,finished,4,3-0,Eyüpspor,Talha Ülvan,D,90,6.2,53,0,0,,0.0366409,0,0,1,38,36,5,4,2,1,1,0,2,2,0,0,2,1,2,1,0,0,0,7,0,0,0,0,0,3,0,2026-09-07T05:01:49.439341+00:00
Turquia Super Lig 2026/2027,Çorum FK - Eyüpspor,2026-09-06T14:00:00+00:00,finished,4,3-0,Çorum FK,Ylber Ramadani,M,90,6.4,91,0,0,0.0288,0.015248,1,0,1,79,75,4,1,0,0,3,1,4,10,0,1,3,2,0,2,3,0,0,7,0,4,0,0,0,0,0,2026-09-07T05:01:49.439545+00:00
Turquia Super Lig 2026/2027,Çorum FK - Eyüpspor,2026-09-06T14:00:00+00:00,finished,4,3-0,Eyüpspor,Yusuf Barası,F,45,6.5,22,0,0,0.5265,0.00202567,2,2,0,13,10,0,0,0,0,1,0,1,3,0,0,1,0,0,0,2,0,1,5,0,0,0,0,0,1,0,2026-09-07T05:01:49.439476+00:00
Turquia Super Lig 2026/2027,Çorum FK - Eyüpspor,2026-09-06T14:00:00+00:00,finished,4,3-0,Eyüpspor,Zak Jules,D,90,6.7,72,0,0,0.0206,0.0028694,1,0,0,60,59,2,1,0,0,0,0,2,3,0,1,2,1,6,0,2,0,0,1,0,2,0,0,0,3,0,2026-09-07T05:01:49.439413+00:00
Turquia Super Lig 2026/2027,Çorum FK - Eyüpspor,2026-09-06T14:00:00+00:00,finished,4,3-0,Eyüpspor,Ömer Ahmet Ceyhan,D,0,,0,0,0,,,0,0,0,0,0,0,0,0,0,0,0,0,0,0,0,0,0,0,0,0,0,0,0,0,0,0,0,0,0,0,2026-09-07T05:01:49.439540+00:00
Turquia Super Lig 2026/2027,Kocaelispor - Samsunspor,2026-09-06T17:00:00+00:00,finished,4,1-0,Samsunspor,,,13,6.9,24,0,0,,0.0957997,0,0,1,20,17,2,2,1,1,0,0,0,1,0,0,0,0,0,1,0,0,0,3,0,1,0,0,0,0,0,2026-09-07T05:01:50.158883+00:00
Turquia Super Lig 2026/2027,Kocaelispor - Samsunspor,2026-09-06T17:00:00+00:00,finished,4,1-0,Samsunspor,,,2,,0,0,0,,,0,0,0,0,0,0,0,0,0,0,0,0,0,0,0,0,0,0,0,0,0,0,0,0,0,0,0,0,0,0,2026-09-07T05:01:50.158889+00:00
Turquia Super Lig 2026/2027,Kocaelispor - Samsunspor,2026-09-06T17:00:00+00:00,finished,4,1-0,Kocaelispor,,,82,8.0,39,1,0,0.6485,0.0338654,1,1,2,26,21,0,0,0,0,2,2,9,9,6,5,1,1,0,0,2,0,3,11,0,1,0,0,0,0,0,2026-09-07T05:01:50.159011+00:00
Turquia Super Lig 2026/2027,Kocaelispor - Samsunspor,2026-09-06T17:00:00+00:00,finished,4,1-0,Kocaelispor,Anfernee Jamal Dijksteel,D,90,7.0,68,0,0,,0.00319506,0,0,0,44,37,4,2,0,0,1,1,5,3,0,1,0,0,2,1,4,0,2,15,4,0,0,0,0,0,0,2026-09-07T05:01:50.158942+00:00
Turquia Super Lig 2026/2027,Kocaelispor - Samsunspor,2026-09-06T17:00:00+00:00,finished,4,1-0,Samsunspor,Antoine Sekongo,M,88,6.0,50,0,0,0.2485,0.0232794,3,0,3,35,27,4,4,1,0,3,1,2,4,0,0,0,0,2,1,3,0,1,14,1,1,0,0,0,1,0,2026-09-07T05:01:50.158855+00:00
Turquia Super Lig 2026/2027,Kocaelispor - Samsunspor,2026-09-06T17:00:00+00:00,finished,4,1-0,Kocaelispor,Berkan Kutlu,M,68,6.6,32,0,0,0.0207,0.050771,1,0,1,23,16,2,0,4,1,0,0,0,3,0,1,0,0,0,2,5,0,1,11,0,1,0,0,0,0,0,2026-09-07T05:01:50.159025+00:00
Turquia Super Lig 2026/2027,Kocaelispor - Samsunspor,2026-09-06T17:00:00+00:00,finished,4,1-0,Samsunspor,Bilal Bayazit,G,0,,0,0,0,,,0,0,0,0,0,0,0,0,0,0,0,0,0,0,0,0,0,0,0,0,0,0,0,0,0,0,0,0,0,0,2026-09-07T05:01:50.158896+00:00
Turquia Super Lig 2026/2027,Kocaelispor - Samsunspor,2026-09-06T17:00:00+00:00,finished,4,1-0,Samsunspor,Celil Yüksel,M,90,6.9,84,0,0,0.0444,0.142343,2,1,3,68,59,8,3,2,2,0,0,4,4,1,1,2,1,1,3,5,0,1,10,1,0,0,0,0,1,0,2026-09-07T05:01:50.158838+00:00
Turquia Super Lig 2026/2027,Kocaelispor - Samsunspor,2026-09-06T17:00:00+00:00,finished,4,1-0,Kocaelispor,Dan Agyei,F,45,6.4,22,0,0,,0.00951131,0,0,0,11,9,1,1,3,1,1,0,0,5,0,1,0,0,0,0,1,0,2,10,0,1,0,0,0,0,0,2026-09-07T05:01:50.159048+00:00
Turquia Super Lig 2026/2027,Kocaelispor - Samsunspor,2026-09-06T17:00:00+00:00,finished,4,1-0,Samsunspor,Efe Yiğit Üstün,G,0,,0,0,0,,,0,0,0,0,0,0,0,0,0,0,0,0,0,0,0,0,0,0,0,0,0,0,0,0,0,0,0,0,0,0,2026-09-07T05:01:50.158903+00:00
Turquia Super Lig 2026/2027,Kocaelispor - Samsunspor,2026-09-06T17:00:00+00:00,finished,4,1-0,Kocaelispor,Ege Bilim,M,0,,0,0,0,,,0,0,0,0,0,0,0,0,0,0,0,0,0,0,0,0,0,0,0,0,0,0,0,0,0,0,0,0,0,0,2026-09-07T05:01:50.159133+00:00
Turquia Super Lig 2026/2027,Kocaelispor - Samsunspor,2026-09-06T17:00:00+00:00,finished,4,1-0,Kocaelispor,Emir Ortakaya,D,1,,1,0,0,,,0,0,0,0,0,0,0,0,0,0,0,0,0,0,0,0,0,0,0,0,0,0,1,0,0,0,0,0,0,0,2026-09-07T05:01:50.159074+00:00
Turquia Super Lig 2026/2027,Kocaelispor - Samsunspor,2026-09-06T17:00:00+00:00,finished,4,1-0,Samsunspor,Emre Kılınç,M,90,6.7,69,0,0,0.4234,0.146566,2,1,3,51,38,5,2,7,3,1,1,5,4,1,0,1,0,1,0,3,0,0,18,2,2,0,0,0,1,0,2026-09-07T05:01:50.158847+00:00
Turquia Super Lig 2026/2027,Kocaelispor - Samsunspor,2026-09-06T17:00:00+00:00,finished,4,1-0,Samsunspor,Enes Albak,D,21,6.5,24,0,0,0.0943,0.00239994,1,0,0,13,10,0,0,0,0,1,1,2,3,0,0,1,1,0,1,2,0,2,8,0,1,0,0,0,0,0,2026-09-07T05:01:50.158876+00:00
Turquia Super Lig 2026/2027,Kocaelispor - Samsunspor,2026-09-06T17:00:00+00:00,finished,4,1-0,Samsunspor,Gabriele Guarino,D,90,7.0,90,0,0,0.0757,0.0089497,1,0,1,76,72,6,3,0,0,0,0,6,3,3,2,2,0,4,2,7,0,0,4,1,0,0,0,0,1,0,2026-09-07T05:01:50.158785+00:00
Turquia Super Lig 2026/2027,Kocaelispor - Samsunspor,2026-09-06T17:00:00+00:00,finished,4,1-0,Kocaelispor,Gonçalo Sousa,F,89,6.8,57,0,0,,0.00889261,0,0,0,38,30,2,1,2,0,2,0,7,6,0,2,4,1,1,1,5,0,1,14,3,1,0,0,0,0,0,2026-09-07T05:01:50.158993+00:00
Turquia Super Lig 2026/2027,Kocaelispor - Samsunspor,2026-09-06T17:00:00+00:00,finished,4,1-0,Samsunspor,Haluk Mustafa Tan,D,0,,0,0,0,,,0,0,0,0,0,0,0,0,0,0,0,0,0,0,0,0,0,0,0,0,0,0,0,0,0,0,0,0,0,0,2026-09-07T05:01:50.158914+00:00
Turquia Super Lig 2026/2027,Kocaelispor - Samsunspor,2026-09-06T17:00:00+00:00,finished,4,1-0,Samsunspor,Josafat Mendes,D,90,6.8,52,0,0,0.0198,0.174443,1,0,2,32,29,4,2,0,0,0,0,5,3,3,3,2,1,3,2,3,0,0,5,0,0,0,0,0,1,0,2026-09-07T05:01:50.158820+00:00
Turquia Super Lig 2026/2027,Kocaelispor - Samsunspor,2026-09-06T17:00:00+00:00,finished,4,1-0,Samsunspor,Logi Tomasson,D,90,6.5,71,0,0,0.0643,0.330061,2,0,2,40,34,3,2,3,0,1,0,2,5,0,0,2,0,4,1,6,0,1,13,0,3,0,0,0,1,0,2026-09-07T05:01:50.158774+00:00
Turquia Super Lig 2026/2027,Kocaelispor - Samsunspor,2026-09-06T17:00:00+00:00,finished,4,1-0,Kocaelispor,Mahamadou Susoho,M,45,7.0,25,0,0,0.0654,0.0169374,2,0,1,14,12,0,0,0,0,0,0,4,1,0,0,1,1,2,1,0,1,0,2,3,1,0,0,0,0,0,2026-09-07T05:01:50.159055+00:00
Turquia Super Lig 2026/2027,Kocaelispor - Samsunspor,2026-09-06T17:00:00+00:00,finished,4,1-0,Kocaelispor,Makana Baku,M,45,6.8,30,0,0,0.2279,0.00713284,3,2,0,19,12,0,0,0,0,2,2,3,1,1,0,0,0,0,2,6,0,1,8,0,0,0,0,0,0,0,2026-09-07T05:01:50.159034+00:00
Turquia Super Lig 2026/2027,Kocaelispor - Samsunspor,2026-09-06T17:00:00+00:00,finished,4,1-0,Kocaelispor,Massadio Haïdara,D,90,7.6,61,0,0,0.0986,0.0204792,1,0,1,35,30,1,1,0,0,2,2,10,1,2,0,3,2,5,0,3,0,0,9,3,1,1,0,0,0,0,2026-09-07T05:01:50.158973+00:00
Turquia Super Lig 2026/2027,Kocaelispor - Samsunspor,2026-09-06T17:00:00+00:00,finished,4,1-0,Kocaelispor,Matej Maglica,D,90,6.9,55,0,0,,0.0155466,0,0,0,44,38,7,3,0,0,0,0,3,4,2,0,0,0,6,2,4,0,0,7,1,1,0,0,0,0,0,2026-09-07T05:01:50.158966+00:00
Turquia Super Lig 2026/2027,Kocaelispor - Samsunspor,2026-09-06T17:00:00+00:00,finished,4,1-0,Kocaelispor,Metehan Altunbaş,M,8,6.6,6,0,0,0.1683,0.00245821,1,1,0,4,2,0,0,0,0,0,0,1,0,1,0,0,0,0,0,0,0,0,3,0,0,0,0,0,0,0,2026-09-07T05:01:50.159068+00:00
Turquia Super Lig 2026/2027,Kocaelispor - Samsunspor,2026-09-06T17:00:00+00:00,finished,4,1-0,Kocaelispor,Muharrem Cinan,D,0,,0,0,0,,,0,0,0,0,0,0,0,0,0,0,0,0,0,0,0,0,0,0,0,0,0,0,0,0,0,0,0,0,0,0,2026-09-07T05:01:50.159091+00:00
Turquia Super Lig 2026/2027,Kocaelispor - Samsunspor,2026-09-06T17:00:00+00:00,finished,4,1-0,Samsunspor,Okan Kocuk,G,90,7.0,42,0,0,,0.0001584,0,0,0,33,31,4,2,0,0,0,0,0,0,0,0,0,0,0,0,10,0,0,2,0,0,0,0,3,1,0,2026-09-07T05:01:50.158801+00:00
Turquia Super Lig 2026/2027,Kocaelispor - Samsunspor,2026-09-06T17:00:00+00:00,finished,4,1-0,Kocaelispor,Onur Öztonga,D,0,,0,0,0,,,0,0,0,0,0,0,0,0,0,0,0,0,0,0,0,0,0,0,0,0,0,0,0,0,0,0,0,0,0,0,2026-09-07T05:01:50.159081+00:00
Turquia Super Lig 2026/2027,Kocaelispor - Samsunspor,2026-09-06T17:00:00+00:00,finished,4,1-0,Kocaelispor,Onurcan Piri,G,0,,0,0,0,,,0,0,0,0,0,0,0,0,0,0,0,0,0,0,0,0,0,0,0,0,0,0,0,0,0,0,0,0,0,0,2026-09-07T05:01:50.159147+00:00
Turquia Super Lig 2026/2027,Kocaelispor - Samsunspor,2026-09-06T17:00:00+00:00,finished,4,1-0,Samsunspor,Saikuba Jarju,F,90,6.6,28,0,0,0.3819,0.252302,4,1,1,17,12,0,0,0,0,1,1,3,8,0,2,0,0,0,0,1,1,1,8,2,4,0,0,0,1,0,2026-09-07T05:01:50.158723+00:00
Turquia Super Lig 2026/2027,Kocaelispor - Samsunspor,2026-09-06T17:00:00+00:00,finished,4,1-0,Samsunspor,Samed Onur,M,69,6.7,63,0,0,0.0338,0.0869163,2,1,0,47,37,4,1,2,1,1,1,4,3,0,0,1,1,2,4,6,1,1,12,2,2,0,0,0,1,0,2026-09-07T05:01:50.158869+00:00
Turquia Super Lig 2026/2027,Kocaelispor - Samsunspor,2026-09-06T17:00:00+00:00,finished,4,1-0,Kocaelispor,Serhat Öztaşdelen,G,90,8.7,51,0,0,,0.00260167,0,0,0,42,31,24,13,0,0,0,0,0,0,0,0,0,0,0,0,9,0,0,11,0,0,0,0,4,0,0,2026-09-07T05:01:50.158928+00:00
Turquia Super Lig 2026/2027,Kocaelispor - Samsunspor,2026-09-06T17:00:00+00:00,finished,4,1-0,Kocaelispor,Show,M,90,6.9,53,0,0,,0.0101869,0,0,1,43,35,8,4,0,0,0,0,2,2,0,0,2,1,0,2,7,0,0,10,0,3,0,0,0,0,0,2026-09-07T05:01:50.158980+00:00
Turquia Super Lig 2026/2027,Kocaelispor - Samsunspor,2026-09-06T17:00:00+00:00,finished,4,1-0,Kocaelispor,Tanguy Zoukrou,D,90,7.1,70,0,0,,0.00212882,0,0,0,61,54,6,2,0,0,2,2,3,2,0,0,1,0,3,1,3,0,0,7,0,2,0,0,0,0,0,2026-09-07T05:01:50.158958+00:00
Turquia Super Lig 2026/2027,Kocaelispor - Samsunspor,2026-09-06T17:00:00+00:00,finished,4,1-0,Kocaelispor,Tayfur Bingöl,M,0,,0,0,0,,,0,0,0,0,0,0,0,0,0,0,0,0,0,0,0,0,0,0,0,0,0,0,0,0,0,0,0,0,0,0,2026-09-07T05:01:50.159155+00:00
Turquia Super Lig 2026/2027,Kocaelispor - Samsunspor,2026-09-06T17:00:00+00:00,finished,4,1-0,Kocaelispor,Tobias Fjeld Gulliksen,M,22,6.4,8,0,0,,0.00099675,0,0,0,5,2,1,0,1,0,2,0,0,2,0,0,0,0,0,0,1,0,0,6,0,0,0,0,0,0,0,2026-09-07T05:01:50.159061+00:00
Turquia Super Lig 2026/2027,Kocaelispor - Samsunspor,2026-09-06T17:00:00+00:00,finished,4,1-0,Kocaelispor,Uğur Kaan Yıldız,D,45,6.4,22,0,0,,0.00162872,0,0,0,16,13,0,0,1,0,1,0,2,4,1,0,1,1,0,1,3,0,0,5,0,1,0,0,0,0,0,2026-09-07T05:01:50.159041+00:00
Turquia Super Lig 2026/2027,Kocaelispor - Samsunspor,2026-09-06T17:00:00+00:00,finished,4,1-0,Samsunspor,Yalçın Kayan,M,77,6.0,43,0,0,0.2124,0.118869,1,0,1,26,20,2,0,0,0,3,0,5,6,0,1,3,0,1,1,5,0,0,14,2,0,0,0,0,1,0,2026-09-07T05:01:50.158862+00:00
Turquia Super Lig 2026/2027,Kocaelispor - Samsunspor,2026-09-06T17:00:00+00:00,finished,4,1-0,Samsunspor,Yunus Emre Çift,D,90,6.8,103,0,0,,0.0117413,0,0,0,91,80,9,3,0,0,0,0,5,5,2,4,2,2,0,1,6,0,0,12,1,0,0,0,0,1,0,2026-09-07T05:01:50.158793+00:00
Turquia Super Lig 2026/2027,Trabzonspor - Gençlerbirliği,2026-09-06T17:00:00+00:00,finished,4,5-0,Gençlerbirliği,,,45,6.3,12,0,0,0.0608,0.0124429,2,0,0,7,7,0,0,0,0,0,0,0,2,0,2,0,0,0,0,0,0,0,1,0,0,0,0,0,2,0,2026-09-07T05:01:50.061464+00:00
Turquia Super Lig 2026/2027,Trabzonspor - Gençlerbirliği,2026-09-06T17:00:00+00:00,finished,4,5-0,Gençlerbirliği,,,25,6.7,24,0,0,,0.00638354,0,0,0,20,17,4,2,1,0,0,0,2,0,0,0,1,0,0,1,2,0,0,4,1,0,0,0,0,1,0,2026-09-07T05:01:50.061480+00:00
Turquia Super Lig 2026/2027,Trabzonspor - Gençlerbirliği,2026-09-06T17:00:00+00:00,finished,4,5-0,Gençlerbirliği,,,8,6.3,7,0,0,,0.00056713,0,0,0,6,5,0,0,0,0,0,0,0,2,0,0,0,0,0,0,0,0,1,2,0,1,0,0,0,0,0,2026-09-07T05:01:50.061495+00:00
Turquia Super Lig 2026/2027,Trabzonspor - Gençlerbirliği,2026-09-06T17:00:00+00:00,finished,4,5-0,Trabzonspor,,,46,7.9,20,1,0,0.917,0.0211824,5,5,1,10,10,0,0,0,0,3,1,3,4,1,1,1,1,0,0,1,0,0,3,0,0,0,0,0,0,0,2026-09-07T05:01:50.061614+00:00
Turquia Super Lig 2026/2027,Trabzonspor - Gençlerbirliği,2026-09-06T17:00:00+00:00,finished,4,5-0,Trabzonspor,,,0,,0,0,0,,,0,0,0,0,0,0,0,0,0,0,0,0,0,0,0,0,0,0,0,0,0,0,0,0,0,0,0,0,0,0,2026-09-07T05:01:50.061688+00:00
Turquia Super Lig 2026/2027,Trabzonspor - Gençlerbirliği,2026-09-06T17:00:00+00:00,finished,4,5-0,Gençlerbirliği,Abdurrahim Dursun,D,45,6.3,27,0,0,,0.011884,0,0,0,19,17,1,1,3,0,1,1,1,0,0,0,0,0,1,0,0,0,0,5,0,0,0,0,0,2,0,2026-09-07T05:01:50.061472+00:00
Turquia Super Lig 2026/2027,Trabzonspor - Gençlerbirliği,2026-09-06T17:00:00+00:00,finished,4,5-0,Gençlerbirliği,Adama Malouda Traoré,M,90,6.5,64,0,0,0.0823,0.0591846,2,2,2,39,34,2,1,4,0,5,1,7,9,1,0,1,0,0,0,4,0,1,19,4,2,0,0,0,5,0,2026-09-07T05:01:50.061394+00:00
Turquia Super Lig 2026/2027,Trabzonspor - Gençlerbirliği,2026-09-06T17:00:00+00:00,finished,4,5-0,Trabzonspor,Ahmet Doğan Yıldırım,G,0,,0,0,0,,,0,0,0,0,0,0,0,0,0,0,0,0,0,0,0,0,0,0,0,0,0,0,0,0,0,0,0,0,0,0,2026-09-07T05:01:50.061680+00:00
Turquia Super Lig 2026/2027,Trabzonspor - Gençlerbirliği,2026-09-06T17:00:00+00:00,finished,4,5-0,Trabzonspor,André Onana,G,90,8.2,60,0,0,,0.00133797,0,0,0,49,40,17,8,0,0,0,0,1,0,1,0,0,0,2,0,9,0,0,9,0,0,0,0,5,0,0,2026-09-07T05:01:50.061553+00:00
Turquia Super Lig 2026/2027,Trabzonspor - Gençlerbirliği,2026-09-06T17:00:00+00:00,finished,4,5-0,Trabzonspor,Aral Şimşir,M,63,8.5,38,0,1,0.0605,0.276568,1,0,5,19,15,2,2,2,2,6,4,9,2,0,0,2,2,0,1,4,0,0,7,3,0,0,0,0,0,0,2026-09-07T05:01:50.061606+00:00
Turquia Super Lig 2026/2027,Trabzonspor - Gençlerbirliği,2026-09-06T17:00:00+00:00,finished,4,5-0,Trabzonspor,Cenk Özkaçar,D,0,,0,0,0,,,0,0,0,0,0,0,0,0,0,0,0,0,0,0,0,0,0,0,0,0,0,0,0,0,0,0,0,0,0,0,2026-09-07T05:01:50.061705+00:00
Turquia Super Lig 2026/2027,Trabzonspor - Gençlerbirliği,2026-09-06T17:00:00+00:00,finished,4,5-0,Trabzonspor,Chibuike Nwaiwu,D,83,7.6,62,0,0,0.1048,0.00695069,1,0,0,52,48,5,3,0,0,1,0,4,2,2,0,1,1,2,2,3,0,0,5,2,1,1,0,0,0,0,2026-09-07T05:01:50.061591+00:00
Turquia Super Lig 2026/2027,Trabzonspor - Gençlerbirliği,2026-09-06T17:00:00+00:00,finished,4,5-0,Gençlerbirliği,Dimitris Goutas,D,90,6.1,51,0,0,0.3163,0.00835184,2,0,0,39,35,8,6,0,0,0,0,2,3,1,3,1,1,6,0,1,0,0,4,0,1,0,0,0,5,0,2026-09-07T05:01:50.061412+00:00
Turquia Super Lig 2026/2027,Trabzonspor - Gençlerbirliği,2026-09-06T17:00:00+00:00,finished,4,5-0,Gençlerbirliği,Ensar Çavuşoğlu,D,0,,0,0,0,,,0,0,0,0,0,0,0,0,0,0,0,0,0,0,0,0,0,0,0,0,0,0,0,0,0,0,0,0,0,0,2026-09-07T05:01:50.061516+00:00
Turquia Super Lig 2026/2027,Trabzonspor - Gençlerbirliği,2026-09-06T17:00:00+00:00,finished,4,5-0,Gençlerbirliği,Erk Arda Aslan,F,0,,0,0,0,,,0,0,0,0,0,0,0,0,0,0,0,0,0,0,0,0,0,0,0,0,0,0,0,0,0,0,0,0,0,0,2026-09-07T05:01:50.061523+00:00
Turquia Super Lig 2026/2027,Trabzonspor - Gençlerbirliği,2026-09-06T17:00:00+00:00,finished,4,5-0,Trabzonspor,Ernest Muçi,M,63,7.4,28,1,0,0.2805,0.0812018,6,2,1,17,13,1,0,2,1,0,0,0,2,0,0,0,0,0,0,0,4,0,7,0,0,1,0,0,0,0,2026-09-07T05:01:50.061599+00:00
Turquia Super Lig 2026/2027,Trabzonspor - Gençlerbirliği,2026-09-06T17:00:00+00:00,finished,4,5-0,Trabzonspor,Fabinho,M,90,7.1,55,0,0,,0.0147078,0,0,1,47,43,10,10,0,0,0,0,2,3,0,0,2,0,1,2,5,0,1,5,0,1,1,0,0,0,0,2026-09-07T05:01:50.061546+00:00
Turquia Super Lig 2026/2027,Trabzonspor - Gençlerbirliği,2026-09-06T17:00:00+00:00,finished,4,5-0,Gençlerbirliği,Franco Tongya,M,90,6.3,50,0,0,0.2519,0.0212008,2,1,1,35,33,0,0,0,0,2,0,4,3,0,0,3,1,0,0,2,1,0,7,1,1,0,0,0,5,0,2026-09-07T05:01:50.061383+00:00
Turquia Super Lig 2026/2027,Trabzonspor - Gençlerbirliği,2026-09-06T17:00:00+00:00,finished,4,5-0,Gençlerbirliği,Fıratcan Üzüm,D,45,5.5,24,0,0,,0.00290788,0,0,0,15,15,2,2,0,0,0,0,2,3,0,0,1,1,0,1,3,0,0,4,1,2,0,0,0,3,0,2026-09-07T05:01:50.061457+00:00
Turquia Super Lig 2026/2027,Trabzonspor - Gençlerbirliği,2026-09-06T17:00:00+00:00,finished,4,5-0,Gençlerbirliği,Gökhan Akkan,G,0,,0,0,0,,,0,0,0,0,0,0,0,0,0,0,0,0,0,0,0,0,0,0,0,0,0,0,0,0,0,0,0,0,0,0,2026-09-07T05:01:50.061502+00:00
Turquia Super Lig 2026/2027,Trabzonspor - Gençlerbirliği,2026-09-06T17:00:00+00:00,finished,4,5-0,Trabzonspor,Melih Kabasakal,M,27,6.8,12,0,0,,0.00375219,0,0,0,10,8,1,0,0,0,0,0,2,1,0,0,1,1,0,0,0,0,0,2,1,1,0,0,0,0,0,2026-09-07T05:01:50.061628+00:00
Turquia Super Lig 2026/2027,Trabzonspor - Gençlerbirliği,2026-09-06T17:00:00+00:00,finished,4,5-0,Gençlerbirliği,Metehan Baltacı,D,0,,0,0,0,,,0,0,0,0,0,0,0,0,0,0,0,0,0,0,0,0,0,0,0,0,0,0,0,0,0,0,0,0,0,0,2026-09-07T05:01:50.061531+00:00
Turquia Super Lig 2026/2027,Trabzonspor - Gençlerbirliği,2026-09-06T17:00:00+00:00,finished,4,5-0,Trabzonspor,Metehan Mimaroğlu,M,27,7.2,12,0,0,0.0142,0.166011,1,1,1,8,7,1,1,2,2,0,0,1,0,0,0,1,1,0,0,2,0,0,1,0,0,0,0,0,0,0,2026-09-07T05:01:50.061636+00:00
Turquia Super Lig 2026/2027,Trabzonspor - Gençlerbirliği,2026-09-06T17:00:00+00:00,finished,4,5-0,Trabzonspor,Mohamed Salah,M,90,8.6,57,1,1,0.8336,0.301487,2,2,6,37,31,8,6,3,1,6,0,2,9,0,0,0,0,0,0,1,0,3,20,2,0,0,0,0,0,0,2026-09-07T05:01:50.061538+00:00
Turquia Super Lig 2026/2027,Trabzonspor - Gençlerbirliği,2026-09-06T17:00:00+00:00,finished,4,5-0,Trabzonspor,Mustafa Eskihellaç,D,90,6.8,35,0,0,0.0729,0.0124698,1,0,1,26,24,2,2,0,0,2,1,1,4,0,1,0,0,0,4,4,0,0,4,0,2,0,0,0,0,0,2026-09-07T05:01:50.061576+00:00
Turquia Super Lig 2026/2027,Trabzonspor - Gençlerbirliği,2026-09-06T17:00:00+00:00,finished,4,5-0,Trabzonspor,Onuralp Çevikkan,G,0,,0,0,0,,,0,0,0,0,0,0,0,0,0,0,0,0,0,0,0,0,0,0,0,0,0,0,0,0,0,0,0,0,0,0,2026-09-07T05:01:50.061712+00:00
Turquia Super Lig 2026/2027,Trabzonspor - Gençlerbirliği,2026-09-06T17:00:00+00:00,finished,4,5-0,Gençlerbirliği,Ousmane Diabate,M,75,7.0,66,0,0,0.0584,0.042718,2,2,1,50,49,5,5,0,0,4,3,5,4,0,0,2,2,0,3,8,0,0,3,0,2,1,0,0,4,0,2026-09-07T05:01:50.061435+00:00
Turquia Super Lig 2026/2027,Trabzonspor - Gençlerbirliği,2026-09-06T17:00:00+00:00,finished,4,5-0,Trabzonspor,Ozan Tufan,M,83,6.5,29,0,0,,0.00572565,0,0,0,22,16,2,1,0,0,1,0,4,6,0,0,3,0,1,0,1,0,1,8,1,3,0,0,0,0,0,2026-09-07T05:01:50.061583+00:00
Turquia Super Lig 2026/2027,Trabzonspor - Gençlerbirliği,2026-09-06T17:00:00+00:00,finished,4,5-0,Gençlerbirliği,Oğulcan Ülgün,M,65,6.1,31,0,0,,0.0879304,0,0,0,25,19,2,2,3,0,0,0,0,1,0,0,0,0,0,1,0,0,1,11,0,0,0,0,0,4,0,2026-09-07T05:01:50.061442+00:00
Turquia Super Lig 2026/2027,Trabzonspor - Gençlerbirliği,2026-09-06T17:00:00+00:00,finished,4,5-0,Trabzonspor,Paul Onuachu,F,44,8.4,8,2,0,0.6881,0.00224654,2,2,0,3,2,0,0,0,0,0,0,0,1,0,0,0,0,0,1,2,0,0,2,0,1,0,0,0,0,0,2026-09-07T05:01:50.061621+00:00
Turquia Super Lig 2026/2027,Trabzonspor - Gençlerbirliği,2026-09-06T17:00:00+00:00,finished,4,5-0,Gençlerbirliği,Pedro Pereira,D,90,6.3,73,0,0,,0.16841,0,0,1,54,51,3,3,2,1,0,0,4,4,0,0,4,3,3,3,9,0,0,5,0,2,0,0,0,5,0,2026-09-07T05:01:50.061342+00:00
Turquia Super Lig 2026/2027,Trabzonspor - Gençlerbirliği,2026-09-06T17:00:00+00:00,finished,4,5-0,Gençlerbirliği,Peter Etebo,M,0,,0,0,0,,,0,0,0,0,0,0,0,0,0,0,0,0,0,0,0,0,0,0,0,0,0,0,0,0,0,0,0,0,0,0,2026-09-07T05:01:50.061509+00:00
Turquia Super Lig 2026/2027,Trabzonspor - Gençlerbirliği,2026-09-06T17:00:00+00:00,finished,4,5-0,Gençlerbirliği,Salih Uçan,M,15,6.6,14,0,0,,0.0120933,0,0,1,13,12,2,1,0,0,0,0,1,1,0,0,1,0,0,0,0,0,0,1,0,0,0,0,0,1,0,2026-09-07T05:01:50.061487+00:00
Turquia Super Lig 2026/2027,Trabzonspor - Gençlerbirliği,2026-09-06T17:00:00+00:00,finished,4,5-0,Trabzonspor,Samet Akaydın,D,9,6.7,5,0,0,,4.746e-05,0,0,0,5,5,0,0,0,0,0,0,0,0,0,0,0,0,0,0,0,0,0,0,0,0,0,0,0,0,0,2026-09-07T05:01:50.061671+00:00
Turquia Super Lig 2026/2027,Trabzonspor - Gençlerbirliği,2026-09-06T17:00:00+00:00,finished,4,5-0,Gençlerbirliği,Sekou Koita,F,45,6.5,18,0,0,0.0223,0.00521232,1,0,0,14,13,1,1,0,0,0,0,0,0,0,0,0,0,0,0,0,0,0,1,0,0,0,0,0,3,0,2026-09-07T05:01:50.061450+00:00
Turquia Super Lig 2026/2027,Trabzonspor - Gençlerbirliği,2026-09-06T17:00:00+00:00,finished,4,5-0,Trabzonspor,Sidny Lopes Cabral,D,9,6.9,8,0,0,0.024,0.0107216,1,0,0,3,2,0,0,0,0,1,1,2,1,0,0,0,0,1,0,1,1,0,1,1,0,0,0,0,0,0,2026-09-07T05:01:50.061654+00:00
Turquia Super Lig 2026/2027,Trabzonspor - Gençlerbirliği,2026-09-06T17:00:00+00:00,finished,4,5-0,Trabzonspor,Stefan Savić,D,90,7.9,60,0,0,0.1313,0.0164663,2,1,0,55,52,5,3,0,0,0,0,3,0,2,0,1,1,0,1,4,0,0,3,0,0,0,0,0,0,0,2026-09-07T05:01:50.061569+00:00
Turquia Super Lig 2026/2027,Trabzonspor - Gençlerbirliği,2026-09-06T17:00:00+00:00,finished,4,5-0,Gençlerbirliği,Thalisson,D,90,6.3,47,0,0,,0.0029496,0,0,0,35,31,3,1,0,0,0,0,5,1,0,1,4,3,1,2,3,0,0,6,1,0,0,0,0,5,0,2026-09-07T05:01:50.061403+00:00
Turquia Super Lig 2026/2027,Trabzonspor - Gençlerbirliği,2026-09-06T17:00:00+00:00,finished,4,5-0,Gençlerbirliği,Tiago Gouveia,F,82,7.0,43,0,0,0.0686,0.127799,3,1,3,18,16,3,3,3,2,3,2,7,4,0,0,2,2,0,0,3,0,2,12,3,1,0,0,0,5,0,2026-09-07T05:01:50.061427+00:00
Turquia Super Lig 2026/2027,Trabzonspor - Gençlerbirliği,2026-09-06T17:00:00+00:00,finished,4,5-0,Trabzonspor,Umut Nayir,F,0,,0,0,0,,,0,0,0,0,0,0,0,0,0,0,0,0,0,0,0,0,0,0,0,0,0,0,0,0,0,0,0,0,0,0,2026-09-07T05:01:50.061696+00:00
Turquia Super Lig 2026/2027,Trabzonspor - Gençlerbirliği,2026-09-06T17:00:00+00:00,finished,4,5-0,Trabzonspor,Wagner Pina,D,90,8.1,60,0,1,0.0819,0.426162,1,0,3,42,38,2,1,0,0,2,0,3,5,0,0,1,1,2,1,5,1,0,7,2,3,0,0,0,0,0,2026-09-07T05:01:50.061561+00:00
Turquia Super Lig 2026/2027,Trabzonspor - Gençlerbirliği,2026-09-06T17:00:00+00:00,finished,4,5-0,Gençlerbirliği,İrfan Can Eğribayat,G,90,8.1,37,0,0,,0.00050816,0,0,0,20,18,9,7,0,0,0,0,0,0,0,0,0,0,1,0,10,0,0,2,0,0,0,0,8,5,0,2026-09-07T05:01:50.061420+00:00
Turquia Super Lig 2026/2027,Göztepe - Gaziantep FK,2026-09-07T17:00:00+00:00,finished,4,2-4,Gaziantep FK,,,21,6.5,21,0,0,,0.00380638,0,0,0,15,14,1,1,0,0,0,0,2,3,0,2,1,1,2,0,1,0,0,2,1,0,0,0,0,1,0,2026-09-08T05:01:44.253095+00:00
Turquia Super Lig 2026/2027,Göztepe - Gaziantep FK,2026-09-07T17:00:00+00:00,finished,4,2-4,Gaziantep FK,,,0,,0,0,0,,,0,0,0,0,0,0,0,0,0,0,0,0,0,0,0,0,0,0,0,0,0,0,0,0,0,0,0,0,0,0,2026-09-08T05:01:44.253172+00:00
Turquia Super Lig 2026/2027,Göztepe - Gaziantep FK,2026-09-07T17:00:00+00:00,finished,4,2-4,Gaziantep FK,,,0,,0,0,0,,,0,0,0,0,0,0,0,0,0,0,0,0,0,0,0,0,0,0,0,0,0,0,0,0,0,0,0,0,0,0,2026-09-08T05:01:44.253187+00:00
Turquia Super Lig 2026/2027,Göztepe - Gaziantep FK,2026-09-07T17:00:00+00:00,finished,4,2-4,Göztepe,,,26,6.8,17,0,0,0.0142,0.0151967,1,0,1,8,7,0,0,0,0,1,0,3,5,1,1,2,1,0,1,2,1,2,4,0,2,0,0,0,0,0,2026-09-08T05:01:44.253301+00:00
Turquia Super Lig 2026/2027,Göztepe - Gaziantep FK,2026-09-07T17:00:00+00:00,finished,4,2-4,Göztepe,Alex Matos,M,0,,0,0,0,,,0,0,0,0,0,0,0,0,0,0,0,0,0,0,0,0,0,0,0,0,0,0,0,0,0,0,0,0,0,0,2026-09-08T05:01:44.253316+00:00
Turquia Super Lig 2026/2027,Göztepe - Gaziantep FK,2026-09-07T17:00:00+00:00,finished,4,2-4,Gaziantep FK,Alexandru Maxim,M,62,7.3,46,0,2,0.0586,0.111933,1,0,3,33,29,7,4,2,1,0,0,3,3,0,0,2,1,1,0,1,1,1,7,1,0,0,0,0,1,0,2026-09-08T05:01:44.253074+00:00
Turquia Super Lig 2026/2027,Göztepe - Gaziantep FK,2026-09-07T17:00:00+00:00,finished,4,2-4,Göztepe,Alexis Antunes,M,45,7.4,30,0,0,0.0264,0.355735,2,0,1,19,18,1,1,3,0,0,0,5,2,1,2,1,0,0,0,2,1,0,5,3,1,0,0,0,0,0,2026-09-08T05:01:44.253279+00:00
Turquia Super Lig 2026/2027,Göztepe - Gaziantep FK,2026-09-07T17:00:00+00:00,finished,4,2-4,Göztepe,André Henrique,F,45,6.5,31,0,0,0.3396,0.00552335,3,0,0,24,16,3,3,0,0,0,0,3,3,3,3,0,0,0,1,1,1,0,8,0,0,0,0,0,4,0,2026-09-08T05:01:44.253287+00:00
Turquia Super Lig 2026/2027,Göztepe - Gaziantep FK,2026-09-07T17:00:00+00:00,finished,4,2-4,Göztepe,Arda Kurtulan,M,90,7.4,57,0,0,,0.256905,0,0,3,18,12,5,2,2,0,10,6,10,9,0,0,2,2,1,1,5,0,4,24,2,1,1,0,0,4,0,2026-09-08T05:01:44.253195+00:00
Turquia Super Lig 2026/2027,Göztepe - Gaziantep FK,2026-09-07T17:00:00+00:00,finished,4,2-4,Gaziantep FK,Arda Kızıldağ,D,90,6.6,47,0,0,,0.00032102,0,0,0,25,19,1,0,0,0,0,0,8,6,6,3,1,1,10,4,2,0,1,8,1,2,0,0,0,2,0,2026-09-08T05:01:44.253028+00:00
Turquia Super Lig 2026/2027,Göztepe - Gaziantep FK,2026-09-07T17:00:00+00:00,finished,4,2-4,Göztepe,Arda Özçimen,G,45,7.0,14,0,0,,0.00472375,0,0,0,10,4,9,3,0,0,0,0,0,0,0,0,0,0,0,0,4,0,0,6,0,0,0,0,2,0,0,2026-09-08T05:01:44.253264+00:00
Turquia Super Lig 2026/2027,Göztepe - Gaziantep FK,2026-09-07T17:00:00+00:00,finished,4,2-4,Göztepe,Bekir Turaç Böke,F,0,,0,0,0,,,0,0,0,0,0,0,0,0,0,0,0,0,0,0,0,0,0,0,0,0,0,0,0,0,0,0,0,0,0,0,2026-09-08T05:01:44.253337+00:00
Turquia Super Lig 2026/2027,Göztepe - Gaziantep FK,2026-09-07T17:00:00+00:00,finished,4,2-4,Gaziantep FK,Deian Sorescu,M,69,6.3,43,0,0,0.3365,0.0571709,3,0,1,23,15,3,2,4,0,2,2,5,2,0,0,1,0,2,2,2,0,1,15,2,0,0,0,0,1,0,2026-09-08T05:01:44.253051+00:00
Turquia Super Lig 2026/2027,Göztepe - Gaziantep FK,2026-09-07T17:00:00+00:00,finished,4,2-4,Gaziantep FK,Drissa Camara,M,28,6.2,28,0,0,,0.0181658,0,0,0,17,17,0,0,0,0,2,1,6,5,1,0,3,2,0,1,4,0,1,3,1,2,1,0,0,1,0,2026-09-08T05:01:44.253088+00:00
Turquia Super Lig 2026/2027,Göztepe - Gaziantep FK,2026-09-07T17:00:00+00:00,finished,4,2-4,Göztepe,Efkan Bekiroğlu,F,0,,0,0,0,,,0,0,0,0,0,0,0,0,0,0,0,0,0,0,0,0,0,0,0,0,0,0,0,0,0,0,0,0,0,0,2026-09-08T05:01:44.253330+00:00
Turquia Super Lig 2026/2027,Göztepe - Gaziantep FK,2026-09-07T17:00:00+00:00,finished,4,2-4,Göztepe,Ege Yildirim,D,45,5.8,26,0,0,,0.00210819,0,0,0,20,17,1,0,0,0,0,0,3,3,2,3,1,1,3,0,4,0,0,3,0,0,0,0,0,4,0,2026-09-08T05:01:44.253272+00:00
Turquia Super Lig 2026/2027,Göztepe - Gaziantep FK,2026-09-07T17:00:00+00:00,finished,4,2-4,Gaziantep FK,Gidado Victor Ntino-Emo,M,82,6.8,29,0,0,0.0144,0.010217,1,1,0,15,12,1,0,0,0,0,0,6,3,2,2,3,3,3,0,4,0,0,6,1,1,0,0,0,1,0,2026-09-08T05:01:44.253043+00:00
Turquia Super Lig 2026/2027,Göztepe - Gaziantep FK,2026-09-07T17:00:00+00:00,finished,4,2-4,Gaziantep FK,Halil Dervişoğlu,F,62,7.4,26,1,0,0.0783,0.00475826,1,1,0,15,12,0,0,0,0,3,1,7,9,5,5,1,0,0,0,3,0,1,10,0,1,0,0,0,1,0,2026-09-08T05:01:44.253066+00:00
Turquia Super Lig 2026/2027,Göztepe - Gaziantep FK,2026-09-07T17:00:00+00:00,finished,4,2-4,Göztepe,Janderson,F,90,7.4,41,0,1,0.0801,0.66865,2,0,3,18,9,1,0,2,0,3,1,6,8,4,4,1,1,0,0,2,2,1,20,0,1,0,0,0,4,0,2026-09-08T05:01:44.253233+00:00
Turquia Super Lig 2026/2027,Göztepe - Gaziantep FK,2026-09-07T17:00:00+00:00,finished,4,2-4,Göztepe,Juan Santos da Silva,F,90,8.5,34,2,0,1.4245,0.132025,2,2,2,19,8,0,0,1,1,5,2,10,11,5,4,1,1,0,0,3,0,1,15,2,3,0,0,0,4,0,2026-09-08T05:01:44.253226+00:00
Turquia Super Lig 2026/2027,Göztepe - Gaziantep FK,2026-09-07T17:00:00+00:00,finished,4,2-4,Gaziantep FK,Kacper Kozłowski,M,90,9.9,39,2,0,0.2686,0.200844,3,2,2,25,23,2,2,2,2,1,1,5,2,1,0,1,0,1,0,3,1,2,5,2,1,0,0,0,2,0,2026-09-08T05:01:44.253002+00:00
Turquia Super Lig 2026/2027,Göztepe - Gaziantep FK,2026-09-07T17:00:00+00:00,finished,4,2-4,Gaziantep FK,Kacper Tobiasz,G,90,8.0,48,0,0,,0.00607741,0,0,0,37,19,32,14,0,0,0,0,1,0,1,0,0,0,1,0,10,0,0,18,1,0,0,0,2,2,1,2026-09-08T05:01:44.252962+00:00
Turquia Super Lig 2026/2027,Göztepe - Gaziantep FK,2026-09-07T17:00:00+00:00,finished,4,2-4,Gaziantep FK,Karamba Gassama,M,21,6.7,10,0,0,0.2919,0.074046,2,1,0,5,4,0,0,1,0,0,0,2,1,0,0,1,1,0,0,0,0,0,2,1,1,0,0,0,1,0,2026-09-08T05:01:44.253133+00:00
Turquia Super Lig 2026/2027,Göztepe - Gaziantep FK,2026-09-07T17:00:00+00:00,finished,4,2-4,Gaziantep FK,Kerim Çalhanoğlu,D,69,6.2,45,0,0,,0.00413762,0,0,0,25,16,6,1,1,0,0,0,1,5,0,1,1,1,7,2,3,0,0,11,0,0,0,0,0,1,0,2026-09-08T05:01:44.253058+00:00
Turquia Super Lig 2026/2027,Göztepe - Gaziantep FK,2026-09-07T17:00:00+00:00,finished,4,2-4,Gaziantep FK,Luis Pérez,D,90,6.4,58,0,0,,0.00593958,0,0,1,37,27,4,1,1,0,0,0,5,5,0,4,3,2,5,0,3,0,0,14,2,0,0,0,0,2,0,2026-09-08T05:01:44.253036+00:00
Turquia Super Lig 2026/2027,Göztepe - Gaziantep FK,2026-09-07T17:00:00+00:00,finished,4,2-4,Göztepe,Luka Gugeshashvili,G,45,5.0,16,0,0,,0.00665255,0,0,0,16,8,15,7,0,0,0,0,0,0,0,0,0,0,0,0,3,0,0,8,0,0,0,0,0,4,0,2026-09-08T05:01:44.253256+00:00
Turquia Super Lig 2026/2027,Göztepe - Gaziantep FK,2026-09-07T17:00:00+00:00,finished,4,2-4,Göztepe,Malcom Bokele,D,90,5.4,42,0,0,0.0133,0.0106533,1,0,0,33,28,4,1,0,0,0,0,2,6,1,4,0,0,1,0,3,0,1,7,1,0,0,0,0,4,0,2026-09-08T05:01:44.253218+00:00
Turquia Super Lig 2026/2027,Göztepe - Gaziantep FK,2026-09-07T17:00:00+00:00,finished,4,2-4,Göztepe,Mehmet Şamil Öztürk,G,0,,0,0,0,,,0,0,0,0,0,0,0,0,0,0,0,0,0,0,0,0,0,0,0,0,0,0,0,0,0,0,0,0,0,0,2026-09-08T05:01:44.253323+00:00
Turquia Super Lig 2026/2027,Göztepe - Gaziantep FK,2026-09-07T17:00:00+00:00,finished,4,2-4,Gaziantep FK,Mirza Cihan,M,0,,0,0,0,,,0,0,0,0,0,0,0,0,0,0,0,0,0,0,0,0,0,0,0,0,0,0,0,0,0,0,0,0,0,0,2026-09-08T05:01:44.253164+00:00
Turquia Super Lig 2026/2027,Göztepe - Gaziantep FK,2026-09-07T17:00:00+00:00,finished,4,2-4,Gaziantep FK,Myenty Abena,D,90,7.4,37,1,0,0.1048,0.00051475,1,1,0,24,21,3,1,0,0,0,0,4,4,4,4,0,0,7,0,1,0,0,3,0,0,0,0,0,2,0,2026-09-08T05:01:44.253020+00:00
Turquia Super Lig 2026/2027,Göztepe - Gaziantep FK,2026-09-07T17:00:00+00:00,finished,4,2-4,Göztepe,Novatus Miroshi,M,64,5.4,34,0,0,0.8586,0.00607012,2,1,0,29,22,2,0,1,0,0,0,2,3,2,0,0,0,0,1,1,0,0,9,0,0,0,0,0,4,0,2026-09-08T05:01:44.253248+00:00
Turquia Super Lig 2026/2027,Göztepe - Gaziantep FK,2026-09-07T17:00:00+00:00,finished,4,2-4,Göztepe,Ogün Bayrak,M,27,5.8,14,0,0,,0.00141776,0,0,0,11,9,2,1,0,0,0,0,1,3,0,0,1,1,0,1,3,0,0,2,0,2,0,1,0,0,0,2026-09-08T05:01:44.253294+00:00
Turquia Super Lig 2026/2027,Göztepe - Gaziantep FK,2026-09-07T17:00:00+00:00,finished,4,2-4,Gaziantep FK,Ogün Özçiçek,M,8,6.7,13,0,0,,0.00334871,0,0,0,11,11,0,0,0,0,0,0,2,0,1,0,1,0,0,0,2,0,0,0,0,0,0,0,0,1,0,2026-09-08T05:01:44.253148+00:00
Turquia Super Lig 2026/2027,Göztepe - Gaziantep FK,2026-09-07T17:00:00+00:00,finished,4,2-4,Göztepe,Rhaldney,M,90,6.3,56,0,0,0.035,0.112451,1,0,2,40,34,2,1,10,4,0,0,0,2,0,0,0,0,0,2,6,1,0,12,0,1,1,0,0,4,0,2026-09-08T05:01:44.253202+00:00
Turquia Super Lig 2026/2027,Göztepe - Gaziantep FK,2026-09-07T17:00:00+00:00,finished,4,2-4,Göztepe,Richard Akonnor,D,69,6.3,45,0,0,0.0435,0.0204557,2,0,0,20,17,0,0,6,1,3,1,2,6,0,0,1,1,1,1,5,1,1,16,0,4,0,0,0,4,0,2026-09-08T05:01:44.253241+00:00
Turquia Super Lig 2026/2027,Göztepe - Gaziantep FK,2026-09-07T17:00:00+00:00,finished,4,2-4,Gaziantep FK,Sabahattin Destici,D,0,,0,0,0,,,0,0,0,0,0,0,0,0,0,0,0,0,0,0,0,0,0,0,0,0,0,0,0,0,0,0,0,0,0,0,2026-09-08T05:01:44.253180+00:00
Turquia Super Lig 2026/2027,Göztepe - Gaziantep FK,2026-09-07T17:00:00+00:00,finished,4,2-4,Gaziantep FK,Serdar Dursun,F,0,,0,0,0,,,0,0,0,0,0,0,0,0,0,0,0,0,0,0,0,0,0,0,0,0,0,0,0,0,0,0,0,0,0,0,2026-09-08T05:01:44.253157+00:00
Turquia Super Lig 2026/2027,Göztepe - Gaziantep FK,2026-09-07T17:00:00+00:00,finished,4,2-4,Göztepe,Sinclair Armstrong,F,21,6.5,4,0,0,0.1057,0.00070109,1,1,0,1,1,0,0,0,0,0,0,1,2,0,1,1,1,0,0,0,0,0,1,0,1,1,0,0,0,0,2026-09-08T05:01:44.253309+00:00
Turquia Super Lig 2026/2027,Göztepe - Gaziantep FK,2026-09-07T17:00:00+00:00,finished,4,2-4,Göztepe,Taha Altıkardeş,D,90,6.2,50,0,0,0.0699,0.00931929,1,0,0,33,23,5,1,0,0,0,0,8,6,4,4,3,1,4,1,5,0,0,13,1,2,0,0,0,4,0,2026-09-08T05:01:44.253210+00:00
Turquia Super Lig 2026/2027,Göztepe - Gaziantep FK,2026-09-07T17:00:00+00:00,finished,4,2-4,Gaziantep FK,Trivante Stewart,F,28,6.4,17,0,0,0.0789,0.00074754,1,0,1,6,2,0,0,0,0,2,1,3,6,1,2,0,0,0,0,0,1,2,7,1,1,1,0,0,1,0,2026-09-08T05:01:44.253081+00:00
Turquia Super Lig 2026/2027,Göztepe - Gaziantep FK,2026-09-07T17:00:00+00:00,finished,4,2-4,Gaziantep FK,Ulrich Meleke,M,90,7.6,63,0,0,,0.0149926,0,0,0,38,29,4,1,0,0,0,0,9,2,3,0,3,3,9,3,5,0,1,10,3,1,0,0,0,2,0,2026-09-08T05:01:44.253012+00:00
Turquia Super Lig 2026/2027,Çaykur Rizespor - Alanyaspor,2026-09-07T17:00:00+00:00,finished,4,0-1,Çaykur Rizespor,,,14,6.5,10,0,0,0.0306,0.0026546,2,1,0,5,3,0,0,0,0,2,2,2,1,0,1,0,0,0,0,0,1,0,2,0,0,0,0,0,0,0,2026-09-08T05:01:44.155846+00:00
Turquia Super Lig 2026/2027,Çaykur Rizespor - Alanyaspor,2026-09-07T17:00:00+00:00,finished,4,0-1,Çaykur Rizespor,,,0,,0,0,0,,,0,0,0,0,0,0,0,0,0,0,0,0,0,0,0,0,0,0,0,0,0,0,0,0,0,0,0,0,0,0,2026-09-08T05:01:44.155869+00:00
Turquia Super Lig 2026/2027,Çaykur Rizespor - Alanyaspor,2026-09-07T17:00:00+00:00,finished,4,0-1,Çaykur Rizespor,Adedire Mebude,F,11,6.6,10,0,0,,0.0106045,0,0,0,8,8,0,0,2,0,0,0,0,0,0,0,0,0,0,0,0,0,0,2,0,0,0,0,0,0,0,2026-09-08T05:01:44.155854+00:00
Turquia Super Lig 2026/2027,Çaykur Rizespor - Alanyaspor,2026-09-07T17:00:00+00:00,finished,4,0-1,Çaykur Rizespor,Ahmed Kutucu,M,90,6.3,51,0,0,0.1009,0.101896,4,0,1,31,27,2,0,4,1,1,0,2,4,1,1,1,1,0,0,3,2,1,13,0,1,0,0,0,1,0,2026-09-08T05:01:44.155770+00:00
Turquia Super Lig 2026/2027,Çaykur Rizespor - Alanyaspor,2026-09-07T17:00:00+00:00,finished,4,0-1,Çaykur Rizespor,Ali Sowe,F,90,6.2,16,0,0,0.055,0.0156488,1,1,0,10,7,1,0,0,0,0,0,0,2,0,1,0,0,0,0,1,0,1,7,0,0,0,0,0,1,0,2026-09-08T05:01:44.155756+00:00
Turquia Super Lig 2026/2027,Çaykur Rizespor - Alanyaspor,2026-09-07T17:00:00+00:00,finished,4,0-1,Alanyaspor,Arda Usluoğlu,F,58,6.8,29,0,0,0.2642,0.0225063,1,0,0,13,8,1,1,1,0,0,0,9,9,4,4,1,0,1,0,3,0,2,9,4,3,0,0,0,0,0,2026-09-08T05:01:44.155628+00:00
Turquia Super Lig 2026/2027,Çaykur Rizespor - Alanyaspor,2026-09-07T17:00:00+00:00,finished,4,0-1,Çaykur Rizespor,Attila Mocsi,D,83,7.7,83,0,0,,0.166921,0,0,3,77,71,10,5,2,2,0,0,3,6,1,3,2,2,0,0,4,0,1,7,0,2,1,0,0,1,0,2026-09-08T05:01:44.155792+00:00
Turquia Super Lig 2026/2027,Çaykur Rizespor - Alanyaspor,2026-09-07T17:00:00+00:00,finished,4,0-1,Alanyaspor,Baran Ali Gezek,M,90,6.9,28,0,0,,0.00581993,0,0,0,20,17,1,1,0,0,0,0,4,3,2,0,2,0,1,1,5,0,0,4,0,0,0,0,0,0,0,2026-09-08T05:01:44.155566+00:00
Turquia Super Lig 2026/2027,Çaykur Rizespor - Alanyaspor,2026-09-07T17:00:00+00:00,finished,4,0-1,Alanyaspor,Bedirhan Özyurt,D,9,6.7,3,0,0,,1.39e-06,0,0,0,1,1,0,0,0,0,0,0,0,0,0,0,0,0,2,0,0,0,0,0,0,0,0,0,0,0,0,2026-09-08T05:01:44.155677+00:00
Turquia Super Lig 2026/2027,Çaykur Rizespor - Alanyaspor,2026-09-07T17:00:00+00:00,finished,4,0-1,Çaykur Rizespor,Dal Varešanović,M,14,6.5,12,0,0,,0.00220256,0,0,0,7,5,1,0,0,0,0,0,2,3,0,2,1,0,0,0,1,0,1,3,1,0,0,0,0,0,0,2026-09-08T05:01:44.155838+00:00
Turquia Super Lig 2026/2027,Çaykur Rizespor - Alanyaspor,2026-09-07T17:00:00+00:00,finished,4,0-1,Çaykur Rizespor,Emrecan Bulut,F,65,6.7,34,0,0,,0.0153438,0,0,0,22,17,0,0,1,0,2,1,4,4,0,0,1,1,0,0,4,0,1,11,2,1,0,0,0,0,0,2026-09-08T05:01:44.155811+00:00
Turquia Super Lig 2026/2027,Çaykur Rizespor - Alanyaspor,2026-09-07T17:00:00+00:00,finished,4,0-1,Alanyaspor,Enes Keskin,M,0,,0,0,0,,,0,0,0,0,0,0,0,0,0,0,0,0,0,0,0,0,0,0,0,0,0,0,0,0,0,0,0,0,0,0,2026-09-08T05:01:44.155707+00:00
Turquia Super Lig 2026/2027,Çaykur Rizespor - Alanyaspor,2026-09-07T17:00:00+00:00,finished,4,0-1,Alanyaspor,Fatih Aksoy,D,81,6.7,32,0,0,0.5708,0.195318,1,0,1,17,11,7,2,0,0,0,0,2,2,0,1,2,2,3,3,4,0,0,8,0,0,0,0,0,0,0,2026-09-08T05:01:44.155606+00:00
Turquia Super Lig 2026/2027,Çaykur Rizespor - Alanyaspor,2026-09-07T17:00:00+00:00,finished,4,0-1,Alanyaspor,Fidan Aliti,D,90,7.2,25,0,0,,0.00045308,0,0,0,15,14,1,1,0,0,0,0,1,0,0,0,1,0,5,1,1,0,0,1,0,0,0,0,0,0,0,2026-09-08T05:01:44.155592+00:00
Turquia Super Lig 2026/2027,Çaykur Rizespor - Alanyaspor,2026-09-07T17:00:00+00:00,finished,4,0-1,Alanyaspor,Florent Hadergjonaj,M,90,7.3,62,0,0,,0.408925,0,0,1,31,20,7,3,8,3,1,1,2,3,1,0,0,0,2,0,1,0,0,20,0,2,0,0,0,0,0,2026-09-08T05:01:44.155585+00:00
Turquia Super Lig 2026/2027,Çaykur Rizespor - Alanyaspor,2026-09-07T17:00:00+00:00,finished,4,0-1,Alanyaspor,Gaius Makouta,M,90,7.4,48,0,0,,0.438965,0,0,2,31,26,3,1,1,0,2,1,7,2,2,0,3,1,1,1,4,0,0,11,1,1,0,0,0,0,0,2026-09-08T05:01:44.155576+00:00
Turquia Super Lig 2026/2027,Çaykur Rizespor - Alanyaspor,2026-09-07T17:00:00+00:00,finished,4,0-1,Alanyaspor,Hwang Ui-Jo,F,9,6.4,9,0,0,0.0968,0.0110095,1,0,0,5,4,1,0,0,0,1,0,1,1,1,0,0,0,1,0,1,0,0,3,0,0,0,0,0,0,0,2026-09-08T05:01:44.155664+00:00
Turquia Super Lig 2026/2027,Çaykur Rizespor - Alanyaspor,2026-09-07T17:00:00+00:00,finished,4,0-1,Alanyaspor,Ianis Hagi,F,40,6.3,20,0,0,0.0536,0.0289719,1,0,1,11,9,1,0,0,0,0,0,2,2,1,0,0,0,0,0,2,0,2,8,1,0,0,0,0,0,0,2026-09-08T05:01:44.155643+00:00
Turquia Super Lig 2026/2027,Çaykur Rizespor - Alanyaspor,2026-09-07T17:00:00+00:00,finished,4,0-1,Alanyaspor,Ibrahim Kaya,F,0,,0,0,0,,,0,0,0,0,0,0,0,0,0,0,0,0,0,0,0,0,0,0,0,0,0,0,0,0,0,0,0,0,0,0,2026-09-08T05:01:44.155699+00:00
Turquia Super Lig 2026/2027,Çaykur Rizespor - Alanyaspor,2026-09-07T17:00:00+00:00,finished,4,0-1,Çaykur Rizespor,Ibrahim Olawoyin,M,90,6.6,60,0,0,0.1346,0.0485704,4,2,1,39,35,0,0,1,0,3,1,5,8,1,3,3,3,1,0,7,1,2,11,0,0,0,0,0,1,0,2026-09-08T05:01:44.155763+00:00
Turquia Super Lig 2026/2027,Çaykur Rizespor - Alanyaspor,2026-09-07T17:00:00+00:00,finished,4,0-1,Alanyaspor,Iván Cédric,F,0,,0,0,0,,,0,0,0,0,0,0,0,0,0,0,0,0,0,0,0,0,0,0,0,0,0,0,0,0,0,0,0,0,0,0,2026-09-08T05:01:44.155691+00:00
Turquia Super Lig 2026/2027,Çaykur Rizespor - Alanyaspor,2026-09-07T17:00:00+00:00,finished,4,0-1,Alanyaspor,Mert Furkan Bayram,G,0,,0,0,0,,,0,0,0,0,0,0,0,0,0,0,0,0,0,0,0,0,0,0,0,0,0,0,0,0,0,0,0,0,0,0,2026-09-08T05:01:44.155720+00:00
Turquia Super Lig 2026/2027,Çaykur Rizespor - Alanyaspor,2026-09-07T17:00:00+00:00,finished,4,0-1,Alanyaspor,Meschak Elia,F,32,6.8,22,0,0,0.376,0.0199365,2,1,1,11,10,0,0,0,0,5,3,3,4,0,1,0,0,0,2,4,1,0,4,0,2,1,0,0,0,0,2026-09-08T05:01:44.155657+00:00
Turquia Super Lig 2026/2027,Çaykur Rizespor - Alanyaspor,2026-09-07T17:00:00+00:00,finished,4,0-1,Çaykur Rizespor,Mithat Pala,D,90,7.2,87,0,0,0.0172,0.0642681,1,0,0,59,50,4,2,6,2,2,2,7,1,0,0,1,1,0,0,7,0,1,15,4,0,0,0,0,1,0,2026-09-08T05:01:44.155733+00:00
Turquia Super Lig 2026/2027,Çaykur Rizespor - Alanyaspor,2026-09-07T17:00:00+00:00,finished,4,0-1,Çaykur Rizespor,Modibo Sagnan,D,90,6.7,77,0,0,0.2935,0.00747744,1,0,1,60,54,4,2,0,0,0,0,7,7,5,2,1,1,5,2,2,0,1,9,1,3,0,0,0,1,0,2026-09-08T05:01:44.155778+00:00
Turquia Super Lig 2026/2027,Çaykur Rizespor - Alanyaspor,2026-09-07T17:00:00+00:00,finished,4,0-1,Alanyaspor,Nuno Lima,D,90,7.4,62,0,0,,0.00984675,0,0,0,41,37,7,7,0,0,0,0,2,5,1,3,1,1,10,1,0,0,1,6,0,1,0,0,0,0,0,2026-09-08T05:01:44.155599+00:00
Turquia Super Lig 2026/2027,Çaykur Rizespor - Alanyaspor,2026-09-07T17:00:00+00:00,finished,4,0-1,Alanyaspor,Omar Ben Ali,F,32,6.9,15,0,0,,0.00428972,0,0,1,11,5,2,1,0,0,0,0,6,2,5,2,1,1,2,0,2,0,0,7,0,1,0,0,0,0,0,2026-09-08T05:01:44.155651+00:00
Turquia Super Lig 2026/2027,Çaykur Rizespor - Alanyaspor,2026-09-07T17:00:00+00:00,finished,4,0-1,Alanyaspor,Paolo Fernandes,M,58,6.8,30,0,0,0.0836,0.0227231,2,0,1,14,12,1,0,0,0,2,1,5,4,1,0,3,2,1,0,3,1,2,7,0,1,0,0,0,0,0,2026-09-08T05:01:44.155621+00:00
Turquia Super Lig 2026/2027,Çaykur Rizespor - Alanyaspor,2026-09-07T17:00:00+00:00,finished,4,0-1,Alanyaspor,Paulo Victor,G,90,8.5,51,0,0,,0.00743978,0,0,0,39,21,33,16,0,0,0,0,0,0,0,0,0,0,0,0,16,0,0,19,0,0,0,0,5,0,0,2026-09-08T05:01:44.155525+00:00
Turquia Super Lig 2026/2027,Çaykur Rizespor - Alanyaspor,2026-09-07T17:00:00+00:00,finished,4,0-1,Çaykur Rizespor,Qazim Laci,M,76,7.3,56,0,0,0.0496,0.182655,2,0,5,37,32,6,4,7,3,0,0,3,0,1,0,1,0,2,0,3,1,0,11,1,0,0,0,0,1,0,2026-09-08T05:01:44.155798+00:00
Turquia Super Lig 2026/2027,Çaykur Rizespor - Alanyaspor,2026-09-07T17:00:00+00:00,finished,4,0-1,Alanyaspor,Ruan Pereira Duarte,M,81,6.3,34,0,0,0.6091,0.00430223,1,1,0,9,7,0,0,0,0,2,0,3,6,0,0,3,1,1,1,0,0,1,13,0,2,0,0,0,0,0,2026-09-08T05:01:44.155613+00:00
Turquia Super Lig 2026/2027,Çaykur Rizespor - Alanyaspor,2026-09-07T17:00:00+00:00,finished,4,0-1,Çaykur Rizespor,Siaka Bakayoko,D,11,6.8,12,0,0,,0.0359235,0,0,1,9,9,0,0,1,1,0,0,1,2,0,2,0,0,0,1,0,0,0,0,1,0,0,0,0,0,0,2026-09-08T05:01:44.155862+00:00
Turquia Super Lig 2026/2027,Çaykur Rizespor - Alanyaspor,2026-09-07T17:00:00+00:00,finished,4,0-1,Çaykur Rizespor,Taha Şahin,D,0,,0,0,0,,,0,0,0,0,0,0,0,0,0,0,0,0,0,0,0,0,0,0,0,0,0,0,0,0,0,0,0,0,0,0,2026-09-08T05:01:44.155882+00:00
Turquia Super Lig 2026/2027,Çaykur Rizespor - Alanyaspor,2026-09-07T17:00:00+00:00,finished,4,0-1,Çaykur Rizespor,Taylan Antalyalı,M,76,7.2,55,0,0,0.0193,0.114032,1,0,2,45,40,5,4,0,0,1,0,3,2,0,1,0,0,1,1,3,1,0,6,3,0,0,0,0,1,0,2026-09-08T05:01:44.155805+00:00
Turquia Super Lig 2026/2027,Çaykur Rizespor - Alanyaspor,2026-09-07T17:00:00+00:00,finished,4,0-1,Çaykur Rizespor,Tayyip Talha Sanuç,D,0,,0,0,0,,,0,0,0,0,0,0,0,0,0,0,0,0,0,0,0,0,0,0,0,0,0,0,0,0,0,0,0,0,0,0,2026-09-08T05:01:44.155876+00:00
Turquia Super Lig 2026/2027,Çaykur Rizespor - Alanyaspor,2026-09-07T17:00:00+00:00,finished,4,0-1,Çaykur Rizespor,Umut Erdem,D,0,,0,0,0,,,0,0,0,0,0,0,0,0,0,0,0,0,0,0,0,0,0,0,0,0,0,0,0,0,0,0,0,0,0,0,2026-09-08T05:01:44.155889+00:00
Turquia Super Lig 2026/2027,Çaykur Rizespor - Alanyaspor,2026-09-07T17:00:00+00:00,finished,4,0-1,Çaykur Rizespor,Valentin Mihăilă,M,25,6.8,25,0,0,0.5148,0.0680763,2,1,0,14,11,0,0,3,0,0,0,1,1,1,1,0,0,0,0,0,1,0,8,0,0,0,0,0,1,0,2026-09-08T05:01:44.155825+00:00
Turquia Super Lig 2026/2027,Çaykur Rizespor - Alanyaspor,2026-09-07T17:00:00+00:00,finished,4,0-1,Çaykur Rizespor,Yahia Fofana,G,90,6.7,44,0,0,,0.00049803,0,0,0,36,25,16,7,0,0,0,0,0,0,0,0,0,0,3,0,9,0,0,12,0,0,0,0,1,1,0,2026-09-08T05:01:44.155748+00:00
Turquia Super Lig 2026/2027,Çaykur Rizespor - Alanyaspor,2026-09-07T17:00:00+00:00,finished,4,0-1,Alanyaspor,Yusuf Özdemir,M,50,6.7,17,0,0,,0.00321025,0,0,0,10,5,3,2,1,0,0,0,1,3,0,1,0,0,2,1,4,0,0,6,1,2,0,0,0,0,0,2026-09-08T05:01:44.155636+00:00
Turquia Super Lig 2026/2027,Çaykur Rizespor - Alanyaspor,2026-09-07T17:00:00+00:00,finished,4,0-1,Çaykur Rizespor,Zafer Görgen,G,0,,0,0,0,,,0,0,0,0,0,0,0,0,0,0,0,0,0,0,0,0,0,0,0,0,0,0,0,0,0,0,0,0,0,0,2026-09-08T05:01:44.155896+00:00
Turquia Super Lig 2026/2027,Çaykur Rizespor - Alanyaspor,2026-09-07T17:00:00+00:00,finished,4,0-1,Çaykur Rizespor,Zakaria Ariss,D,83,6.1,74,0,0,0.0759,0.0373455,3,0,1,41,34,6,4,1,1,2,0,6,7,2,1,4,3,4,0,1,2,1,11,2,1,0,0,0,1,0,2026-09-08T05:01:44.155785+00:00
Turquia Super Lig 2026/2027,Çaykur Rizespor - Alanyaspor,2026-09-07T17:00:00+00:00,finished,4,0-1,Alanyaspor,İzzet Çelik,M,0,,0,0,0,,,0,0,0,0,0,0,0,0,0,0,0,0,0,0,0,0,0,0,0,0,0,0,0,0,0,0,0,0,0,0,2026-09-08T05:01:44.155713+00:00
Turquia Super Lig 2026/2027,Beşiktaş JK - Erzurumspor FK,2026-09-11T17:00:00+00:00,finished,5,3-0,Beşiktaş JK,,,11,6.4,12,0,0,,0.0123072,0,0,0,9,6,0,0,0,0,1,0,1,1,0,0,1,1,0,0,0,0,0,4,0,0,0,0,0,0,0,2026-09-12T05:01:29.286491+00:00
Turquia Super Lig 2026/2027,Beşiktaş JK - Erzurumspor FK,2026-09-11T17:00:00+00:00,finished,5,3-0,Beşiktaş JK,,,0,,0,0,0,,,0,0,0,0,0,0,0,0,0,0,0,0,0,0,0,0,0,0,0,0,0,0,0,0,0,0,0,0,0,0,2026-09-12T05:01:29.286535+00:00
Turquia Super Lig 2026/2027,Beşiktaş JK - Erzurumspor FK,2026-09-11T17:00:00+00:00,finished,5,3-0,Erzurumspor FK,,,0,,0,0,0,,,0,0,0,0,0,0,0,0,0,0,0,0,0,0,0,0,0,0,0,0,0,0,0,0,0,0,0,0,0,0,2026-09-12T05:01:29.286792+00:00
Turquia Super Lig 2026/2027,Beşiktaş JK - Erzurumspor FK,2026-09-11T17:00:00+00:00,finished,5,3-0,Beşiktaş JK,Alexander Nübel,G,90,6.8,34,0,0,,0.00013868,0,0,0,30,28,5,3,0,0,0,0,1,0,0,0,0,0,0,0,3,0,0,2,1,0,0,0,0,0,0,2026-09-12T05:01:29.286278+00:00
Turquia Super Lig 2026/2027,Beşiktaş JK - Erzurumspor FK,2026-09-11T17:00:00+00:00,finished,5,3-0,Erzurumspor FK,Amar Gerxhaliu,D,90,6.6,46,0,0,,0.00446233,0,0,0,29,25,5,2,0,0,0,0,3,0,0,0,3,2,5,2,6,0,0,4,0,0,0,0,0,3,0,2026-09-12T05:01:29.286596+00:00
Turquia Super Lig 2026/2027,Beşiktaş JK - Erzurumspor FK,2026-09-11T17:00:00+00:00,finished,5,3-0,Beşiktaş JK,Amir Murillo,D,83,7.8,57,0,1,0.1064,0.522485,1,0,4,41,38,5,4,2,1,3,1,3,7,0,2,1,1,1,0,5,0,1,8,1,2,0,0,0,0,0,2026-09-12T05:01:29.286417+00:00
Turquia Super Lig 2026/2027,Beşiktaş JK - Erzurumspor FK,2026-09-11T17:00:00+00:00,finished,5,3-0,Erzurumspor FK,Brandon Baiye,M,90,6.3,37,0,0,,0.0163695,0,0,0,33,30,0,0,0,0,1,0,2,4,1,0,1,0,0,0,3,0,0,4,0,2,0,0,0,3,0,2026-09-12T05:01:29.286629+00:00
Turquia Super Lig 2026/2027,Beşiktaş JK - Erzurumspor FK,2026-09-11T17:00:00+00:00,finished,5,3-0,Erzurumspor FK,Cengizhan Bayrak,D,0,,0,0,0,,,0,0,0,0,0,0,0,0,0,0,0,0,0,0,0,0,0,0,0,0,0,0,0,0,0,0,0,0,0,0,2026-09-12T05:01:29.286781+00:00
Turquia Super Lig 2026/2027,Beşiktaş JK - Erzurumspor FK,2026-09-11T17:00:00+00:00,finished,5,3-0,Beşiktaş JK,Doğan Alemdar,G,0,,0,0,0,,,0,0,0,0,0,0,0,0,0,0,0,0,0,0,0,0,0,0,0,0,0,0,0,0,0,0,0,0,0,0,2026-09-12T05:01:29.286507+00:00
Turquia Super Lig 2026/2027,Beşiktaş JK - Erzurumspor FK,2026-09-11T17:00:00+00:00,finished,5,3-0,Erzurumspor FK,Elisha Owusu,M,90,6.4,33,0,0,,0.00914511,0,0,1,23,21,0,0,0,0,0,0,2,3,0,1,2,2,1,3,5,0,0,3,0,2,0,0,0,3,0,2026-09-12T05:01:29.286582+00:00
Turquia Super Lig 2026/2027,Beşiktaş JK - Erzurumspor FK,2026-09-11T17:00:00+00:00,finished,5,3-0,Beşiktaş JK,Emirhan Topçu,D,90,8.8,91,1,0,0.1519,0.0273417,1,1,0,83,76,3,1,0,0,1,1,8,1,6,0,0,0,1,2,7,0,0,7,1,1,0,0,0,0,0,2026-09-12T05:01:29.286390+00:00
Turquia Super Lig 2026/2027,Beşiktaş JK - Erzurumspor FK,2026-09-11T17:00:00+00:00,finished,5,3-0,Beşiktaş JK,Emmanuel Agbadou,D,90,7.2,89,0,0,,0.0163904,0,0,0,82,78,5,3,0,0,0,0,2,2,1,1,1,0,2,1,5,0,0,4,0,2,0,0,0,0,0,2026-09-12T05:01:29.286373+00:00
Turquia Super Lig 2026/2027,Beşiktaş JK - Erzurumspor FK,2026-09-11T17:00:00+00:00,finished,5,3-0,Erzurumspor FK,Eren Tozlu,F,74,6.8,38,0,0,0.1205,0.0149768,2,0,1,21,17,1,0,0,0,1,1,5,3,0,1,1,1,1,1,5,0,2,9,3,0,0,0,0,2,0,2026-09-12T05:01:29.286638+00:00
Turquia Super Lig 2026/2027,Beşiktaş JK - Erzurumspor FK,2026-09-11T17:00:00+00:00,finished,5,3-0,Erzurumspor FK,Ertuğrul Taşkıran,G,90,7.3,32,0,0,,0.00066075,0,0,0,26,15,15,4,0,0,0,0,0,0,0,0,0,0,0,0,4,0,0,12,0,0,0,0,4,3,0,2026-09-12T05:01:29.286564+00:00
Turquia Super Lig 2026/2027,Beşiktaş JK - Erzurumspor FK,2026-09-11T17:00:00+00:00,finished,5,3-0,Erzurumspor FK,Festy Ebosele,D,17,6.8,16,0,0,,0.00030547,0,0,0,5,4,2,1,1,0,0,0,3,0,0,0,3,3,1,0,2,0,0,4,0,0,0,0,0,1,0,2026-09-12T05:01:29.286738+00:00
Turquia Super Lig 2026/2027,Beşiktaş JK - Erzurumspor FK,2026-09-11T17:00:00+00:00,finished,5,3-0,Erzurumspor FK,Guram Giorbelidze,D,90,6.2,31,0,0,,0.00031208,0,0,0,12,11,0,0,0,0,1,1,5,4,0,0,4,3,2,1,3,0,0,6,0,3,0,0,0,3,0,2026-09-12T05:01:29.286553+00:00
Turquia Super Lig 2026/2027,Beşiktaş JK - Erzurumspor FK,2026-09-11T17:00:00+00:00,finished,5,3-0,Erzurumspor FK,Gyrano Kerk,F,16,6.6,9,0,0,,0.00503143,0,0,1,7,4,1,0,0,0,1,1,1,0,0,0,0,0,0,0,0,0,0,3,0,0,0,0,0,1,0,2026-09-12T05:01:29.286746+00:00
Turquia Super Lig 2026/2027,Beşiktaş JK - Erzurumspor FK,2026-09-11T17:00:00+00:00,finished,5,3-0,Beşiktaş JK,Hyeon-gyu Oh,F,90,6.8,30,0,1,0.5844,0.210465,5,2,2,18,15,2,2,0,0,0,0,1,2,0,0,0,0,0,0,0,0,2,8,1,0,0,0,0,0,0,2026-09-12T05:01:29.286331+00:00
Turquia Super Lig 2026/2027,Beşiktaş JK - Erzurumspor FK,2026-09-11T17:00:00+00:00,finished,5,3-0,Erzurumspor FK,Ibrahim Diabaté,F,33,6.2,17,0,0,0.0551,0.00057936,1,0,0,6,4,0,0,0,0,0,0,2,7,1,2,0,0,2,0,1,0,2,7,1,2,0,0,0,1,0,2026-09-12T05:01:29.286683+00:00
Turquia Super Lig 2026/2027,Beşiktaş JK - Erzurumspor FK,2026-09-11T17:00:00+00:00,finished,5,3-0,Beşiktaş JK,Junior Olaitan,M,90,7.4,84,0,0,0.2733,0.116139,2,1,0,70,63,2,2,0,0,3,2,4,4,1,0,0,0,0,0,4,0,2,14,1,0,0,0,0,0,0,2026-09-12T05:01:29.286352+00:00
Turquia Super Lig 2026/2027,Beşiktaş JK - Erzurumspor FK,2026-09-11T17:00:00+00:00,finished,5,3-0,Beşiktaş JK,Kartal Kayra Yılmaz,M,20,7.1,27,0,0,,0.313836,0,0,1,23,21,3,2,2,1,0,0,1,1,0,1,1,0,0,0,4,0,0,3,0,0,0,0,0,0,0,2026-09-12T05:01:29.286461+00:00
Turquia Super Lig 2026/2027,Beşiktaş JK - Erzurumspor FK,2026-09-11T17:00:00+00:00,finished,5,3-0,Beşiktaş JK,Kassoum Ouattara,D,90,7.1,93,0,0,0.0508,0.122278,1,0,1,60,57,2,1,7,0,4,0,5,7,0,0,4,2,0,0,8,1,0,15,1,1,1,0,0,0,0,2026-09-12T05:01:29.286400+00:00
Turquia Super Lig 2026/2027,Beşiktaş JK - Erzurumspor FK,2026-09-11T17:00:00+00:00,finished,5,3-0,Beşiktaş JK,Leandro Trossard,F,83,8.4,96,1,0,0.5047,0.242608,6,1,1,72,64,2,2,3,1,3,3,4,5,0,0,0,0,0,0,0,3,5,17,1,0,0,0,0,0,0,2026-09-12T05:01:29.286409+00:00
Turquia Super Lig 2026/2027,Beşiktaş JK - Erzurumspor FK,2026-09-11T17:00:00+00:00,finished,5,3-0,Erzurumspor FK,Martín Rodríguez,M,67,6.2,19,0,0,0.0185,0.0008029,1,0,0,8,4,0,0,0,0,2,1,2,3,0,0,0,0,0,0,3,0,1,10,1,0,0,0,0,2,0,2026-09-12T05:01:29.286661+00:00
Turquia Super Lig 2026/2027,Beşiktaş JK - Erzurumspor FK,2026-09-11T17:00:00+00:00,finished,5,3-0,Erzurumspor FK,Matija Orbanić,G,0,,0,0,0,,,0,0,0,0,0,0,0,0,0,0,0,0,0,0,0,0,0,0,0,0,0,0,0,0,0,0,0,0,0,0,2026-09-12T05:01:29.286763+00:00
Turquia Super Lig 2026/2027,Beşiktaş JK - Erzurumspor FK,2026-09-11T17:00:00+00:00,finished,5,3-0,Erzurumspor FK,Miguel Cardoso,M,57,6.2,22,0,0,0.0536,0.00265379,2,0,0,10,9,0,0,1,0,1,0,4,8,1,5,1,1,0,0,1,0,0,4,2,1,0,0,0,2,0,2026-09-12T05:01:29.286668+00:00
Turquia Super Lig 2026/2027,Beşiktaş JK - Erzurumspor FK,2026-09-11T17:00:00+00:00,finished,5,3-0,Erzurumspor FK,Mustafa Fettahoglu,M,23,6.4,8,0,0,,0.016642,0,0,1,6,6,0,0,1,1,0,0,0,2,0,0,0,0,0,0,5,0,1,1,0,0,0,0,0,1,0,2026-09-12T05:01:29.286729+00:00
Turquia Super Lig 2026/2027,Beşiktaş JK - Erzurumspor FK,2026-09-11T17:00:00+00:00,finished,5,3-0,Erzurumspor FK,Mustafa Yumlu,D,90,6.1,32,0,0,0.0824,0.00033267,1,0,0,22,18,6,2,0,0,0,0,1,1,1,0,0,0,5,1,0,0,0,5,0,0,0,0,0,3,0,2026-09-12T05:01:29.286614+00:00
Turquia Super Lig 2026/2027,Beşiktaş JK - Erzurumspor FK,2026-09-11T17:00:00+00:00,finished,5,3-0,Erzurumspor FK,Nariman Akhundzade,F,0,,0,0,0,,,0,0,0,0,0,0,0,0,0,0,0,0,0,0,0,0,0,0,0,0,0,0,0,0,0,0,0,0,0,0,2026-09-12T05:01:29.286754+00:00
Turquia Super Lig 2026/2027,Beşiktaş JK - Erzurumspor FK,2026-09-11T17:00:00+00:00,finished,5,3-0,Erzurumspor FK,Nihad Mujakić,D,67,6.6,25,0,0,,0.00022946,0,0,0,15,10,3,0,0,0,0,0,6,0,1,0,4,4,2,0,1,0,0,7,1,0,0,0,0,2,0,2026-09-12T05:01:29.286654+00:00
Turquia Super Lig 2026/2027,Beşiktaş JK - Erzurumspor FK,2026-09-11T17:00:00+00:00,finished,5,3-0,Erzurumspor FK,Orhan Ovacıklı,D,73,6.6,40,0,0,,0.013549,0,0,1,18,11,7,4,1,0,1,0,5,3,0,0,3,2,1,2,3,0,0,10,2,1,0,0,0,2,0,2026-09-12T05:01:29.286646+00:00
Turquia Super Lig 2026/2027,Beşiktaş JK - Erzurumspor FK,2026-09-11T17:00:00+00:00,finished,5,3-0,Beşiktaş JK,Orkun Kökçü,M,70,7.4,65,0,1,0.0161,0.388856,1,0,4,55,50,4,2,5,2,0,0,2,3,0,0,0,0,0,0,1,1,2,10,2,1,1,0,0,0,0,2026-09-12T05:01:29.286452+00:00
Turquia Super Lig 2026/2027,Beşiktaş JK - Erzurumspor FK,2026-09-11T17:00:00+00:00,finished,5,3-0,Beşiktaş JK,Salih Özcan,M,71,6.9,81,0,0,,0.0275415,0,0,0,73,69,7,7,0,0,0,0,3,5,1,1,1,1,0,2,3,0,0,5,1,3,1,0,0,0,0,2026-09-12T05:01:29.286425+00:00
Turquia Super Lig 2026/2027,Beşiktaş JK - Erzurumspor FK,2026-09-11T17:00:00+00:00,finished,5,3-0,Erzurumspor FK,Sefa Akgün,M,0,,0,0,0,,,0,0,0,0,0,0,0,0,0,0,0,0,0,0,0,0,0,0,0,0,0,0,0,0,0,0,0,0,0,0,2026-09-12T05:01:29.286810+00:00
Turquia Super Lig 2026/2027,Beşiktaş JK - Erzurumspor FK,2026-09-11T17:00:00+00:00,finished,5,3-0,Beşiktaş JK,Semih Kılıçsoy,F,0,,0,0,0,,,0,0,0,0,0,0,0,0,0,0,0,0,0,0,0,0,0,0,0,0,0,0,0,0,0,0,0,0,0,0,2026-09-12T05:01:29.286500+00:00
Turquia Super Lig 2026/2027,Beşiktaş JK - Erzurumspor FK,2026-09-11T17:00:00+00:00,finished,5,3-0,Beşiktaş JK,Taylan Bulut,D,11,6.6,6,0,0,,0.0050534,0,0,0,5,4,0,0,0,0,1,0,0,1,0,0,0,0,0,0,0,0,0,2,0,0,0,0,0,0,0,2026-09-12T05:01:29.286484+00:00
Turquia Super Lig 2026/2027,Beşiktaş JK - Erzurumspor FK,2026-09-11T17:00:00+00:00,finished,5,3-0,Beşiktaş JK,Tiago Djaló,D,0,,0,0,0,,,0,0,0,0,0,0,0,0,0,0,0,0,0,0,0,0,0,0,0,0,0,0,0,0,0,0,0,0,0,0,2026-09-12T05:01:29.286520+00:00
Turquia Super Lig 2026/2027,Beşiktaş JK - Erzurumspor FK,2026-09-11T17:00:00+00:00,finished,5,3-0,Beşiktaş JK,Václav Černý,M,71,6.6,41,0,0,0.3561,0.050395,3,1,2,29,25,0,0,2,1,2,1,1,2,0,0,0,0,0,2,6,0,0,8,0,1,0,0,0,0,0,2026-09-12T05:01:29.286437+00:00
Turquia Super Lig 2026/2027,Beşiktaş JK - Erzurumspor FK,2026-09-11T17:00:00+00:00,finished,5,3-0,Beşiktaş JK,Wilfred Ndidi,M,19,6.9,27,0,0,,0.00359289,0,0,0,24,23,2,1,0,0,0,0,1,0,0,0,1,1,1,0,3,0,0,1,0,0,0,0,0,0,0,2026-09-12T05:01:29.286477+00:00
Turquia Super Lig 2026/2027,Beşiktaş JK - Erzurumspor FK,2026-09-11T17:00:00+00:00,finished,5,3-0,Erzurumspor FK,Yakup Kırtay,D,23,6.2,12,0,0,0.0764,0.00028957,1,0,1,10,7,1,0,0,0,0,0,0,0,0,0,0,0,1,0,0,0,0,3,0,0,0,0,0,1,0,2026-09-12T05:01:29.286714+00:00
Turquia Super Lig 2026/2027,Beşiktaş JK - Erzurumspor FK,2026-09-11T17:00:00+00:00,finished,5,3-0,Beşiktaş JK,Yasin Özcan,D,0,,0,0,0,,,0,0,0,0,0,0,0,0,0,0,0,0,0,0,0,0,0,0,0,0,0,0,0,0,0,0,0,0,0,0,2026-09-12T05:01:29.286544+00:00
Turquia Super Lig 2026/2027,Beşiktaş JK - Erzurumspor FK,2026-09-11T17:00:00+00:00,finished,5,3-0,Beşiktaş JK,İlhan Fakılı,M,19,7.5,15,1,0,0.3089,0.0011697,1,1,0,10,8,0,0,1,0,0,0,1,0,0,0,0,0,0,0,1,0,0,4,1,0,0,0,0,0,0,2026-09-12T05:01:29.286469+00:00
Turquia Super Lig 2026/2027,Eyüpspor - Çaykur Rizespor,2026-09-12T14:00:00+00:00,finished,5,0-2,Çaykur Rizespor,,,58,8.1,23,0,1,0.1009,0.473635,1,0,2,11,7,2,0,2,2,2,2,7,2,1,0,2,1,1,0,2,0,0,6,2,1,0,0,0,0,0,2026-09-13T05:01:50.121443+00:00
Turquia Super Lig 2026/2027,Eyüpspor - Çaykur Rizespor,2026-09-12T14:00:00+00:00,finished,5,0-2,Çaykur Rizespor,,,19,7.0,10,0,0,0.3921,,1,1,0,2,0,0,0,0,0,0,0,3,1,1,0,1,0,2,1,0,0,0,4,1,0,0,0,0,0,0,2026-09-13T05:01:50.121467+00:00
Turquia Super Lig 2026/2027,Eyüpspor - Çaykur Rizespor,2026-09-12T14:00:00+00:00,finished,5,0-2,Çaykur Rizespor,Adedire Mebude,F,0,,0,0,0,,,0,0,0,0,0,0,0,0,0,0,0,0,0,0,0,0,0,0,0,0,0,0,0,0,0,0,0,0,0,0,2026-09-13T05:01:50.121487+00:00
Turquia Super Lig 2026/2027,Eyüpspor - Çaykur Rizespor,2026-09-12T14:00:00+00:00,finished,5,0-2,Eyüpspor,Ahmed Abdullahi,F,90,6.9,24,0,0,0.0682,0.0204424,2,0,1,13,9,2,2,1,0,1,0,4,4,1,1,1,1,0,0,2,1,2,10,2,0,0,0,0,2,0,2026-09-13T05:01:50.121538+00:00
Turquia Super Lig 2026/2027,Eyüpspor - Çaykur Rizespor,2026-09-12T14:00:00+00:00,finished,5,0-2,Çaykur Rizespor,Ahmed Kutucu,M,45,6.7,23,0,0,0.0273,0.0546992,1,0,0,13,12,0,0,0,0,0,0,0,0,0,0,0,0,1,0,1,1,0,3,0,0,0,0,0,0,0,2026-09-13T05:01:50.121454+00:00
Turquia Super Lig 2026/2027,Eyüpspor - Çaykur Rizespor,2026-09-12T14:00:00+00:00,finished,5,0-2,Çaykur Rizespor,Ali Sowe,F,79,6.7,25,1,0,0.3017,0.037903,1,1,1,14,13,1,1,0,0,2,1,3,5,0,0,0,0,1,0,3,0,3,7,2,2,0,0,0,0,0,2026-09-13T05:01:50.121428+00:00
Turquia Super Lig 2026/2027,Eyüpspor - Çaykur Rizespor,2026-09-12T14:00:00+00:00,finished,5,0-2,Eyüpspor,Arda Yavuz,D,0,,0,0,0,,,0,0,0,0,0,0,0,0,0,0,0,0,0,0,0,0,0,0,0,0,0,0,0,0,0,0,0,0,0,0,2026-09-13T05:01:50.121629+00:00
Turquia Super Lig 2026/2027,Eyüpspor - Çaykur Rizespor,2026-09-12T14:00:00+00:00,finished,5,0-2,Çaykur Rizespor,Attila Mocsi,D,90,7.9,73,0,0,,0.092322,0,0,1,64,55,14,8,1,0,0,0,4,1,3,0,1,0,4,0,0,0,0,10,0,0,1,0,0,0,0,2026-09-13T05:01:50.121418+00:00
Turquia Super Lig 2026/2027,Eyüpspor - Çaykur Rizespor,2026-09-12T14:00:00+00:00,finished,5,0-2,Eyüpspor,Berhan Satli,D,0,,0,0,0,,,0,0,0,0,0,0,0,0,0,0,0,0,0,0,0,0,0,0,0,0,0,0,0,0,0,0,0,0,0,0,2026-09-13T05:01:50.121619+00:00
Turquia Super Lig 2026/2027,Eyüpspor - Çaykur Rizespor,2026-09-12T14:00:00+00:00,finished,5,0-2,Eyüpspor,Bilal Boutobba,M,71,6.0,43,0,0,0.4146,0.0275548,5,0,0,26,21,2,0,6,0,3,2,2,7,0,1,0,0,0,0,5,2,1,14,0,2,0,0,0,1,0,2026-09-13T05:01:50.121552+00:00
Turquia Super Lig 2026/2027,Eyüpspor - Çaykur Rizespor,2026-09-12T14:00:00+00:00,finished,5,0-2,Eyüpspor,Chandrel Massanga,M,90,7.3,67,0,0,0.1331,0.157626,4,2,3,56,52,7,4,1,1,0,0,2,3,0,1,1,1,0,0,6,0,0,5,1,0,0,0,0,2,0,2026-09-13T05:01:50.121515+00:00
Turquia Super Lig 2026/2027,Eyüpspor - Çaykur Rizespor,2026-09-12T14:00:00+00:00,finished,5,0-2,Eyüpspor,Charles-Andre Raux Yao,M,71,6.4,32,0,0,0.0358,0.0186343,1,0,1,22,17,4,2,1,0,1,1,2,4,0,1,0,0,0,0,2,1,0,9,1,2,0,0,0,1,0,2026-09-13T05:01:50.121559+00:00
Turquia Super Lig 2026/2027,Eyüpspor - Çaykur Rizespor,2026-09-12T14:00:00+00:00,finished,5,0-2,Eyüpspor,Christ Sadia,F,0,,0,0,0,,,0,0,0,0,0,0,0,0,0,0,0,0,0,0,0,0,0,0,0,0,0,0,0,0,0,0,0,0,0,0,2026-09-13T05:01:50.121624+00:00
Turquia Super Lig 2026/2027,Eyüpspor - Çaykur Rizespor,2026-09-12T14:00:00+00:00,finished,5,0-2,Çaykur Rizespor,Dal Varešanović,M,0,,0,0,0,,,0,0,0,0,0,0,0,0,0,0,0,0,0,0,0,0,0,0,0,0,0,0,0,0,0,0,0,0,0,0,2026-09-13T05:01:50.121482+00:00
Turquia Super Lig 2026/2027,Eyüpspor - Çaykur Rizespor,2026-09-12T14:00:00+00:00,finished,5,0-2,Eyüpspor,David Costa,M,61,6.7,29,0,0,0.035,0.0597247,1,0,1,23,20,1,1,1,0,0,0,2,0,1,0,0,0,0,1,1,1,0,4,1,0,0,0,0,1,0,2026-09-13T05:01:50.121566+00:00
Turquia Super Lig 2026/2027,Eyüpspor - Çaykur Rizespor,2026-09-12T14:00:00+00:00,finished,5,0-2,Eyüpspor,Emre Bilgin,G,0,,0,0,0,,,0,0,0,0,0,0,0,0,0,0,0,0,0,0,0,0,0,0,0,0,0,0,0,0,0,0,0,0,0,0,2026-09-13T05:01:50.121639+00:00
Turquia Super Lig 2026/2027,Eyüpspor - Çaykur Rizespor,2026-09-12T14:00:00+00:00,finished,5,0-2,Çaykur Rizespor,Emrecan Bulut,F,32,7.8,16,1,0,0.0673,0.0424972,1,1,2,8,6,1,1,0,0,1,1,2,5,0,2,0,0,0,1,3,0,0,4,1,1,0,0,0,0,0,2026-09-13T05:01:50.121463+00:00
Turquia Super Lig 2026/2027,Eyüpspor - Çaykur Rizespor,2026-09-12T14:00:00+00:00,finished,5,0-2,Eyüpspor,Hamza Akman,M,19,6.9,18,0,0,0.0959,0.0169132,1,0,0,15,14,0,0,0,0,1,1,1,0,0,0,0,0,0,0,3,1,0,2,0,0,0,0,0,1,0,2026-09-13T05:01:50.121608+00:00
Turquia Super Lig 2026/2027,Eyüpspor - Çaykur Rizespor,2026-09-12T14:00:00+00:00,finished,5,0-2,Eyüpspor,Horațiu Moldovan,G,90,6.4,34,0,0,,0.00137549,0,0,0,25,11,15,1,0,0,0,0,0,1,0,0,0,0,2,0,9,0,0,14,0,0,0,0,2,2,0,2026-09-13T05:01:50.121505+00:00
Turquia Super Lig 2026/2027,Eyüpspor - Çaykur Rizespor,2026-09-12T14:00:00+00:00,finished,5,0-2,Çaykur Rizespor,Ibrahim Olawoyin,M,45,6.5,19,0,0,,0.0221084,0,0,0,13,8,3,0,1,1,1,0,2,2,0,0,2,2,1,0,4,0,0,7,0,1,0,0,0,0,0,2026-09-13T05:01:50.121449+00:00
Turquia Super Lig 2026/2027,Eyüpspor - Çaykur Rizespor,2026-09-12T14:00:00+00:00,finished,5,0-2,Eyüpspor,Jawad El Yamiq,D,90,6.8,60,0,0,0.1999,0.0207975,4,2,0,45,39,10,8,0,0,0,0,3,2,0,1,3,2,4,1,2,1,0,6,0,0,0,0,0,2,0,2026-09-13T05:01:50.121531+00:00
Turquia Super Lig 2026/2027,Eyüpspor - Çaykur Rizespor,2026-09-12T14:00:00+00:00,finished,5,0-2,Eyüpspor,Konrad Michalak,M,90,6.4,34,0,0,0.2193,0.0651028,3,1,1,14,14,3,3,6,1,7,2,3,8,0,0,0,0,0,0,3,1,1,12,1,1,0,0,0,2,0,2026-09-13T05:01:50.121510+00:00
Turquia Super Lig 2026/2027,Eyüpspor - Çaykur Rizespor,2026-09-12T14:00:00+00:00,finished,5,0-2,Eyüpspor,Lenny Pintor,M,13,6.9,6,0,0,,0.00102978,0,0,1,5,3,0,0,0,0,0,0,1,1,0,1,0,0,0,0,0,0,0,2,1,0,0,0,0,1,0,2026-09-13T05:01:50.121614+00:00
Turquia Super Lig 2026/2027,Eyüpspor - Çaykur Rizespor,2026-09-12T14:00:00+00:00,finished,5,0-2,Eyüpspor,Mete Demir,M,19,6.9,21,0,0,0.0318,0.225005,1,0,1,12,11,1,1,4,1,1,1,2,2,1,0,0,0,0,0,2,1,1,7,0,1,0,0,0,1,0,2026-09-13T05:01:50.121598+00:00
Turquia Super Lig 2026/2027,Eyüpspor - Çaykur Rizespor,2026-09-12T14:00:00+00:00,finished,5,0-2,Çaykur Rizespor,Mithat Pala,D,90,7.0,58,0,0,0.1392,0.0197674,1,1,1,30,27,3,2,1,0,2,2,8,3,0,0,3,2,5,2,4,0,1,7,3,1,1,0,0,0,0,2026-09-13T05:01:50.121399+00:00
Turquia Super Lig 2026/2027,Eyüpspor - Çaykur Rizespor,2026-09-12T14:00:00+00:00,finished,5,0-2,Çaykur Rizespor,Modibo Sagnan,D,90,8.2,62,0,0,,0.0211325,0,0,0,48,45,7,5,0,0,0,0,5,2,2,0,2,2,3,0,4,0,0,5,1,2,1,0,0,0,0,2026-09-13T05:01:50.121411+00:00
Turquia Super Lig 2026/2027,Eyüpspor - Çaykur Rizespor,2026-09-12T14:00:00+00:00,finished,5,0-2,Çaykur Rizespor,Qazim Laci,M,71,7.2,52,0,0,,0.190677,0,0,0,44,36,8,5,3,3,1,0,0,2,0,0,0,0,0,1,4,0,0,10,0,0,0,0,0,0,0,2026-09-13T05:01:50.121438+00:00
Turquia Super Lig 2026/2027,Eyüpspor - Çaykur Rizespor,2026-09-12T14:00:00+00:00,finished,5,0-2,Eyüpspor,Seyfettin Anıl Yaşar,D,0,,0,0,0,,,0,0,0,0,0,0,0,0,0,0,0,0,0,0,0,0,0,0,0,0,0,0,0,0,0,0,0,0,0,0,2026-09-13T05:01:50.121644+00:00
Turquia Super Lig 2026/2027,Eyüpspor - Çaykur Rizespor,2026-09-12T14:00:00+00:00,finished,5,0-2,Çaykur Rizespor,Siaka Bakayoko,D,11,6.9,5,0,0,,0.00126964,0,0,0,2,2,0,0,0,0,0,0,2,1,2,1,0,0,3,0,1,0,0,0,0,0,0,0,0,0,0,2026-09-13T05:01:50.121477+00:00
Turquia Super Lig 2026/2027,Eyüpspor - Çaykur Rizespor,2026-09-12T14:00:00+00:00,finished,5,0-2,Eyüpspor,Simone Giordano,D,90,6.6,52,0,0,0.018,0.115017,1,0,3,26,21,1,0,6,2,0,0,2,4,0,0,0,0,4,0,1,0,0,11,2,3,0,0,0,2,0,2026-09-13T05:01:50.121521+00:00
Turquia Super Lig 2026/2027,Eyüpspor - Çaykur Rizespor,2026-09-12T14:00:00+00:00,finished,5,0-2,Çaykur Rizespor,Taha Şahin,D,90,7.5,54,0,0,0.1249,0.0275505,1,0,0,33,30,7,5,1,0,1,1,5,2,1,1,1,1,6,0,6,0,0,5,2,1,0,0,0,0,0,2026-09-13T05:01:50.121423+00:00
Turquia Super Lig 2026/2027,Eyüpspor - Çaykur Rizespor,2026-09-12T14:00:00+00:00,finished,5,0-2,Eyüpspor,Talha Ülvan,D,77,7.0,40,0,0,,0.171717,0,0,4,24,23,2,1,5,1,0,0,2,1,0,0,2,1,1,0,2,0,0,7,0,1,0,0,0,1,0,2026-09-13T05:01:50.121545+00:00
Turquia Super Lig 2026/2027,Eyüpspor - Çaykur Rizespor,2026-09-12T14:00:00+00:00,finished,5,0-2,Çaykur Rizespor,Taylan Antalyalı,M,79,7.0,39,0,0,,0.0091071,0,0,0,30,27,4,3,1,0,1,1,3,1,0,0,1,0,2,0,2,0,0,5,1,0,0,0,0,0,0,2026-09-13T05:01:50.121433+00:00
Turquia Super Lig 2026/2027,Eyüpspor - Çaykur Rizespor,2026-09-12T14:00:00+00:00,finished,5,0-2,Çaykur Rizespor,Tayyip Talha Sanuç,D,11,6.7,1,0,0,,,0,0,0,0,0,0,0,0,0,0,0,0,0,0,0,0,0,0,0,0,0,0,0,0,0,0,0,0,0,0,2026-09-13T05:01:50.121472+00:00
Turquia Super Lig 2026/2027,Eyüpspor - Çaykur Rizespor,2026-09-12T14:00:00+00:00,finished,5,0-2,Çaykur Rizespor,Umut Erdem,D,0,,0,0,0,,,0,0,0,0,0,0,0,0,0,0,0,0,0,0,0,0,0,0,0,0,0,0,0,0,0,0,0,0,0,0,2026-09-13T05:01:50.121496+00:00
Turquia Super Lig 2026/2027,Eyüpspor - Çaykur Rizespor,2026-09-12T14:00:00+00:00,finished,5,0-2,Çaykur Rizespor,Valentin Mihăilă,M,44,5.8,22,0,0,0.698,0.0134561,2,0,1,13,10,1,0,1,1,2,1,1,3,0,0,0,0,0,0,1,0,1,5,0,1,0,1,0,0,0,2026-09-13T05:01:50.121459+00:00
Turquia Super Lig 2026/2027,Eyüpspor - Çaykur Rizespor,2026-09-12T14:00:00+00:00,finished,5,0-2,Çaykur Rizespor,Yahia Fofana,G,90,8.3,54,0,1,,0.00724549,0,0,1,43,32,27,16,0,0,0,0,0,0,0,0,0,0,0,0,8,0,0,12,0,0,0,0,5,0,0,2026-09-13T05:01:50.121354+00:00
Turquia Super Lig 2026/2027,Eyüpspor - Çaykur Rizespor,2026-09-12T14:00:00+00:00,finished,5,0-2,Eyüpspor,Yusuf Barası,F,29,6.2,11,0,0,0.1896,0.0249903,3,0,1,4,4,0,0,1,0,0,0,0,2,0,1,0,0,0,0,0,1,0,3,0,1,0,0,0,1,0,2026-09-13T05:01:50.121579+00:00
Turquia Super Lig 2026/2027,Eyüpspor - Çaykur Rizespor,2026-09-12T14:00:00+00:00,finished,5,0-2,Çaykur Rizespor,Zafer Görgen,G,0,,0,0,0,,,0,0,0,0,0,0,0,0,0,0,0,0,0,0,0,0,0,0,0,0,0,0,0,0,0,0,0,0,0,0,2026-09-13T05:01:50.121501+00:00
Turquia Super Lig 2026/2027,Eyüpspor - Çaykur Rizespor,2026-09-12T14:00:00+00:00,finished,5,0-2,Eyüpspor,Zak Jules,D,90,6.6,43,0,0,0.0094,0.219727,1,0,1,35,30,4,1,1,1,1,1,3,6,1,3,1,1,3,0,3,0,1,6,0,2,0,0,0,2,0,2026-09-13T05:01:50.121526+00:00
Turquia Super Lig 2026/2027,Eyüpspor - Çaykur Rizespor,2026-09-12T14:00:00+00:00,finished,5,0-2,Çaykur Rizespor,Zakaria Ariss,D,0,,0,0,0,,,0,0,0,0,0,0,0,0,0,0,0,0,0,0,0,0,0,0,0,0,0,0,0,0,0,0,0,0,0,0,2026-09-13T05:01:50.121491+00:00
Turquia Super Lig 2026/2027,Eyüpspor - Çaykur Rizespor,2026-09-12T14:00:00+00:00,finished,5,0-2,Eyüpspor,Ömer Ahmet Ceyhan,D,0,,0,0,0,,,0,0,0,0,0,0,0,0,0,0,0,0,0,0,0,0,0,0,0,0,0,0,0,0,0,0,0,0,0,0,2026-09-13T05:01:50.121634+00:00
Turquia Super Lig 2026/2027,Samsunspor - Çorum FK,2026-09-12T14:00:00+00:00,finished,5,1-5,Samsunspor,,,90,6.1,93,0,0,0.0851,0.0328487,2,0,1,84,79,2,1,0,0,1,1,7,1,4,0,2,2,2,0,4,1,0,5,0,0,0,0,0,5,0,2026-09-13T05:01:50.011631+00:00
Turquia Super Lig 2026/2027,Samsunspor - Çorum FK,2026-09-12T14:00:00+00:00,finished,5,1-5,Samsunspor,,,22,6.9,13,0,0,,0.079458,0,0,1,8,8,0,0,1,1,1,1,1,0,0,0,0,0,0,0,1,0,0,3,0,0,0,0,0,2,0,2026-09-13T05:01:50.011722+00:00
Turquia Super Lig 2026/2027,Samsunspor - Çorum FK,2026-09-12T14:00:00+00:00,finished,5,1-5,Samsunspor,,,0,,0,0,0,,,0,0,0,0,0,0,0,0,0,0,0,0,0,0,0,0,0,0,0,0,0,0,0,0,0,0,0,0,0,0,2026-09-13T05:01:50.011785+00:00
Turquia Super Lig 2026/2027,Samsunspor - Çorum FK,2026-09-12T14:00:00+00:00,finished,5,1-5,Çorum FK,,,90,7.5,41,1,0,0.6963,0.0583894,4,1,3,29,26,2,2,1,0,3,0,1,5,0,1,0,0,0,0,6,1,0,9,1,1,0,0,0,1,0,2026-09-13T05:01:50.011938+00:00
Turquia Super Lig 2026/2027,Samsunspor - Çorum FK,2026-09-12T14:00:00+00:00,finished,5,1-5,Çorum FK,,,68,8.8,39,2,0,0.3134,0.0240742,3,3,0,29,23,4,3,2,0,1,1,2,2,0,2,0,0,0,0,1,0,0,10,1,0,0,0,0,1,0,2026-09-13T05:01:50.011977+00:00
Turquia Super Lig 2026/2027,Samsunspor - Çorum FK,2026-09-12T14:00:00+00:00,finished,5,1-5,Çorum FK,,,22,6.4,7,0,0,0.0661,0.0155223,2,1,0,3,2,0,0,0,0,0,0,0,0,0,0,0,0,0,0,1,1,0,3,0,0,0,0,0,0,0,2026-09-13T05:01:50.012036+00:00
Turquia Super Lig 2026/2027,Samsunspor - Çorum FK,2026-09-12T14:00:00+00:00,finished,5,1-5,Çorum FK,,,0,,0,0,0,,,0,0,0,0,0,0,0,0,0,0,0,0,0,0,0,0,0,0,0,0,0,0,0,0,0,0,0,0,0,0,2026-09-13T05:01:50.012211+00:00
Turquia Super Lig 2026/2027,Samsunspor - Çorum FK,2026-09-12T14:00:00+00:00,finished,5,1-5,Çorum FK,Alexandre Penetra,D,10,6.7,8,0,0,,0.00549528,0,0,1,3,3,0,0,1,0,0,0,0,0,0,0,0,0,0,0,1,0,0,1,0,0,0,0,0,0,0,2026-09-13T05:01:50.012050+00:00
Turquia Super Lig 2026/2027,Samsunspor - Çorum FK,2026-09-12T14:00:00+00:00,finished,5,1-5,Çorum FK,Andrei Borza,D,90,6.7,58,0,0,,0.0145215,0,0,1,34,27,6,3,1,0,2,2,5,5,0,1,2,1,4,0,2,0,0,11,1,2,1,0,0,1,0,2026-09-13T05:01:50.011928+00:00
Turquia Super Lig 2026/2027,Samsunspor - Çorum FK,2026-09-12T14:00:00+00:00,finished,5,1-5,Samsunspor,Antoine Sekongo,M,23,6.3,17,0,0,0.015,0.00538681,1,0,0,14,10,0,0,0,0,1,1,1,1,0,0,0,0,0,0,1,0,0,4,0,1,0,0,0,2,0,2026-09-13T05:01:50.011715+00:00
Turquia Super Lig 2026/2027,Samsunspor - Çorum FK,2026-09-12T14:00:00+00:00,finished,5,1-5,Çorum FK,Arda Şengül,D,0,,0,0,0,,,0,0,0,0,0,0,0,0,0,0,0,0,0,0,0,0,0,0,0,0,0,0,0,0,0,0,0,0,0,0,2026-09-13T05:01:50.012134+00:00
Turquia Super Lig 2026/2027,Samsunspor - Çorum FK,2026-09-12T14:00:00+00:00,finished,5,1-5,Çorum FK,Berat Özdemir,M,31,6.6,15,0,0,,0.0046459,0,0,0,14,12,0,0,0,0,0,0,0,1,0,1,0,0,0,0,3,0,0,2,0,0,0,0,0,0,0,2026-09-13T05:01:50.012021+00:00
Turquia Super Lig 2026/2027,Samsunspor - Çorum FK,2026-09-12T14:00:00+00:00,finished,5,1-5,Samsunspor,Bilal Bayazit,G,0,,0,0,0,,,0,0,0,0,0,0,0,0,0,0,0,0,0,0,0,0,0,0,0,0,0,0,0,0,0,0,0,0,0,0,2026-09-13T05:01:50.011754+00:00
Turquia Super Lig 2026/2027,Samsunspor - Çorum FK,2026-09-12T14:00:00+00:00,finished,5,1-5,Samsunspor,Celil Yüksel,M,90,6.9,71,0,0,0.0712,0.251721,3,1,3,52,43,7,5,3,3,1,0,6,4,0,1,3,2,0,2,1,1,0,10,3,2,0,0,0,5,0,2026-09-13T05:01:50.011657+00:00
Turquia Super Lig 2026/2027,Samsunspor - Çorum FK,2026-09-12T14:00:00+00:00,finished,5,1-5,Çorum FK,Cemali Sertel,D,0,,0,0,0,,,0,0,0,0,0,0,0,0,0,0,0,0,0,0,0,0,0,0,0,0,0,0,0,0,0,0,0,0,0,0,2026-09-13T05:01:50.012095+00:00
Turquia Super Lig 2026/2027,Samsunspor - Çorum FK,2026-09-12T14:00:00+00:00,finished,5,1-5,Samsunspor,Efe Yiğit Üstün,G,0,,0,0,0,,,0,0,0,0,0,0,0,0,0,0,0,0,0,0,0,0,0,0,0,0,0,0,0,0,0,0,0,0,0,0,2026-09-13T05:01:50.011769+00:00
Turquia Super Lig 2026/2027,Samsunspor - Çorum FK,2026-09-12T14:00:00+00:00,finished,5,1-5,Samsunspor,Emre Kılınç,M,90,6.5,72,0,1,0.0536,0.196918,2,0,5,48,41,3,3,11,4,1,1,5,7,1,2,1,0,0,0,3,1,1,18,2,5,0,0,0,5,0,2026-09-13T05:01:50.011566+00:00
Turquia Super Lig 2026/2027,Samsunspor - Çorum FK,2026-09-12T14:00:00+00:00,finished,5,1-5,Samsunspor,Enes Albak,D,0,,0,0,0,,,0,0,0,0,0,0,0,0,0,0,0,0,0,0,0,0,0,0,0,0,0,0,0,0,0,0,0,0,0,0,2026-09-13T05:01:50.011795+00:00
Turquia Super Lig 2026/2027,Samsunspor - Çorum FK,2026-09-12T14:00:00+00:00,finished,5,1-5,Çorum FK,Erhan Erentürk,G,0,,0,0,0,,,0,0,0,0,0,0,0,0,0,0,0,0,0,0,0,0,0,0,0,0,0,0,0,0,0,0,0,0,0,0,2026-09-13T05:01:50.012071+00:00
Turquia Super Lig 2026/2027,Samsunspor - Çorum FK,2026-09-12T14:00:00+00:00,finished,5,1-5,Çorum FK,Ermin Mahmić,M,23,6.6,13,0,1,0.0313,0.0197979,1,0,2,9,8,1,1,0,0,0,0,0,4,0,1,0,0,0,0,1,1,2,3,0,0,0,0,0,0,0,2026-09-13T05:01:50.012028+00:00
Turquia Super Lig 2026/2027,Samsunspor - Çorum FK,2026-09-12T14:00:00+00:00,finished,5,1-5,Çorum FK,Fredy,M,67,6.8,36,0,1,,0.129888,0,0,2,31,26,2,2,0,0,1,1,2,3,0,1,1,0,0,0,2,0,0,6,0,2,0,0,0,1,0,2026-09-13T05:01:50.011994+00:00
Turquia Super Lig 2026/2027,Samsunspor - Çorum FK,2026-09-12T14:00:00+00:00,finished,5,1-5,Samsunspor,Gabriele Guarino,D,90,5.5,97,0,0,0.1147,0.0123376,2,0,0,88,82,5,3,0,0,0,0,3,2,2,0,1,1,4,1,7,1,0,6,0,1,0,0,0,5,0,2026-09-13T05:01:50.011642+00:00
Turquia Super Lig 2026/2027,Samsunspor - Çorum FK,2026-09-12T14:00:00+00:00,finished,5,1-5,Çorum FK,Gökhan Sazdağı,D,80,6.6,47,0,1,,0.00711808,0,0,1,34,29,2,2,1,0,1,0,3,5,2,1,1,1,3,0,4,0,0,9,0,2,1,0,0,1,0,2026-09-13T05:01:50.011956+00:00
Turquia Super Lig 2026/2027,Samsunspor - Çorum FK,2026-09-12T14:00:00+00:00,finished,5,1-5,Çorum FK,Göktan Gürpüz,M,10,6.6,9,0,0,,0.00906565,0,0,0,6,4,0,0,0,0,0,0,1,1,0,0,1,1,0,0,1,0,1,3,0,0,0,0,0,0,0,2026-09-13T05:01:50.012063+00:00
Turquia Super Lig 2026/2027,Samsunspor - Çorum FK,2026-09-12T14:00:00+00:00,finished,5,1-5,Samsunspor,Haluk Mustafa Tan,D,1,,6,0,0,,0.00289901,0,0,0,3,2,0,0,0,0,1,0,0,1,0,0,0,0,0,0,1,0,0,2,0,0,0,0,0,0,0,2026-09-13T05:01:50.011736+00:00
Turquia Super Lig 2026/2027,Samsunspor - Çorum FK,2026-09-12T14:00:00+00:00,finished,5,1-5,Çorum FK,Hrvoje Smolčić,D,90,7.5,65,0,0,,0.00884662,0,0,0,50,46,6,6,0,0,1,1,6,1,2,0,1,1,6,2,4,0,0,4,2,1,0,0,0,1,0,2026-09-13T05:01:50.011919+00:00
Turquia Super Lig 2026/2027,Samsunspor - Çorum FK,2026-09-12T14:00:00+00:00,finished,5,1-5,Çorum FK,Jesús Ramírez,F,80,9.0,28,2,0,0.415,0.00262977,2,2,0,14,11,1,1,0,0,3,2,5,7,1,2,0,0,0,0,3,0,1,9,2,3,0,0,0,1,0,2026-09-13T05:01:50.011964+00:00
Turquia Super Lig 2026/2027,Samsunspor - Çorum FK,2026-09-12T14:00:00+00:00,finished,5,1-5,Samsunspor,Josafat Mendes,D,89,6.3,68,0,0,,0.29046,0,0,3,43,40,2,2,4,2,0,0,5,2,2,0,1,1,1,2,2,0,0,9,2,1,0,0,0,5,0,2026-09-13T05:01:50.011673+00:00
Turquia Super Lig 2026/2027,Samsunspor - Çorum FK,2026-09-12T14:00:00+00:00,finished,5,1-5,Samsunspor,Logi Tomasson,D,90,6.9,67,1,0,0.0916,0.0410998,2,2,1,53,51,4,4,2,1,0,0,2,1,1,0,1,1,1,0,12,0,1,5,0,0,0,0,0,5,0,2026-09-13T05:01:50.011650+00:00
Turquia Super Lig 2026/2027,Samsunspor - Çorum FK,2026-09-12T14:00:00+00:00,finished,5,1-5,Çorum FK,Marcos Felipe,G,90,6.9,47,0,0,,0.00098674,0,0,0,38,26,21,10,0,0,0,0,0,0,0,0,0,0,0,0,10,0,0,12,0,0,0,0,3,1,0,2026-09-13T05:01:50.011811+00:00
Turquia Super Lig 2026/2027,Samsunspor - Çorum FK,2026-09-12T14:00:00+00:00,finished,5,1-5,Samsunspor,Marius Mouandilmadji,F,90,6.3,25,0,0,0.2163,0.0020415,4,0,0,14,5,0,0,0,0,0,0,5,3,3,2,0,0,0,0,2,1,0,11,2,1,0,0,0,5,0,2026-09-13T05:01:50.011665+00:00
Turquia Super Lig 2026/2027,Samsunspor - Çorum FK,2026-09-12T14:00:00+00:00,finished,5,1-5,Çorum FK,Markus Karlsbakk,M,0,,0,0,0,,,0,0,0,0,0,0,0,0,0,0,0,0,0,0,0,0,0,0,0,0,0,0,0,0,0,0,0,0,0,0,2026-09-13T05:01:50.012230+00:00
Turquia Super Lig 2026/2027,Samsunspor - Çorum FK,2026-09-12T14:00:00+00:00,finished,5,1-5,Çorum FK,Mohammed Diomande,M,59,6.9,26,0,1,,0.0364956,0,0,1,20,18,3,2,0,0,0,0,2,2,0,0,0,0,0,2,1,0,1,4,2,1,0,0,0,1,0,2026-09-13T05:01:50.012012+00:00
Turquia Super Lig 2026/2027,Samsunspor - Çorum FK,2026-09-12T14:00:00+00:00,finished,5,1-5,Samsunspor,Okan Kocuk,G,90,4.9,37,0,0,,0.00078655,0,0,0,28,24,5,3,0,0,0,0,0,1,0,0,0,0,0,0,11,0,0,5,0,0,0,0,2,5,0,2026-09-13T05:01:50.011613+00:00
Turquia Super Lig 2026/2027,Samsunspor - Çorum FK,2026-09-12T14:00:00+00:00,finished,5,1-5,Samsunspor,Saikuba Jarju,F,68,6.5,42,0,0,0.0859,0.0146731,1,0,0,27,24,1,1,3,0,1,1,4,2,0,0,0,0,0,2,2,0,0,8,3,1,0,0,0,3,0,2026-09-13T05:01:50.011694+00:00
Turquia Super Lig 2026/2027,Samsunspor - Çorum FK,2026-09-12T14:00:00+00:00,finished,5,1-5,Samsunspor,Samed Onur,M,67,7.0,70,0,0,,0.0934094,0,0,1,58,54,6,5,2,1,1,0,4,2,1,0,1,1,1,0,3,0,0,6,2,0,0,0,0,3,0,2026-09-13T05:01:50.011708+00:00
Turquia Super Lig 2026/2027,Samsunspor - Çorum FK,2026-09-12T14:00:00+00:00,finished,5,1-5,Çorum FK,Serdar Saatçı,D,90,6.4,43,0,0,,0.00035448,0,0,0,35,30,2,2,0,0,0,0,1,6,0,4,0,0,4,1,1,0,0,5,1,2,0,0,0,1,0,2026-09-13T05:01:50.011902+00:00
Turquia Super Lig 2026/2027,Samsunspor - Çorum FK,2026-09-12T14:00:00+00:00,finished,5,1-5,Samsunspor,Yalçın Kayan,M,80,6.5,62,0,0,0.1742,0.0811193,1,1,1,44,39,7,5,2,1,1,0,4,3,0,0,0,0,0,0,2,0,1,13,4,0,0,0,0,5,0,2026-09-13T05:01:50.011680+00:00
Turquia Super Lig 2026/2027,Samsunspor - Çorum FK,2026-09-12T14:00:00+00:00,finished,5,1-5,Çorum FK,Ylber Ramadani,M,90,6.6,54,0,0,,0.0107103,0,0,0,43,38,3,3,0,0,0,0,2,5,0,0,1,1,3,1,2,0,0,6,1,4,1,0,0,1,0,2026-09-13T05:01:50.011803+00:00
Turquia Super Lig 2026/2027,Samsunspor - Çorum FK,2026-09-12T14:00:00+00:00,finished,5,1-5,Samsunspor,Yunus Emre Çift,D,10,6.7,19,0,0,,0.00031023,0,0,0,16,12,1,0,0,0,0,0,0,0,0,0,0,0,0,2,1,0,0,5,0,0,0,0,0,0,0,2026-09-13T05:01:50.011728+00:00
Turquia Super Lig 2026/2027,Alanyaspor - Göztepe,2026-09-12T17:00:00+00:00,finished,5,2-2,Göztepe,,,11,6.7,4,0,0,,1.66e-06,0,0,0,2,1,0,0,0,0,0,0,0,0,0,0,0,0,0,1,1,0,0,1,0,0,0,0,0,0,0,2026-09-13T05:01:50.346501+00:00
Turquia Super Lig 2026/2027,Alanyaspor - Göztepe,2026-09-12T17:00:00+00:00,finished,5,2-2,Göztepe,Alex Matos,M,79,6.4,39,0,0,0.0161,0.00569373,1,0,0,26,19,4,1,0,0,0,0,5,6,1,2,3,2,0,2,4,1,2,10,1,2,0,0,0,2,0,2026-09-13T05:01:50.346449+00:00
Turquia Super Lig 2026/2027,Alanyaspor - Göztepe,2026-09-12T17:00:00+00:00,finished,5,2-2,Göztepe,Alexis Antunes,M,60,6.8,24,0,1,0.0855,0.0590723,2,0,2,10,8,1,1,1,1,1,0,4,5,1,3,1,0,1,0,3,0,0,7,2,1,0,0,0,0,0,2026-09-13T05:01:50.346464+00:00
Turquia Super Lig 2026/2027,Alanyaspor - Göztepe,2026-09-12T17:00:00+00:00,finished,5,2-2,Göztepe,André Henrique,F,60,6.2,17,0,0,0.1363,0.00310332,2,0,0,5,2,0,0,2,0,0,0,2,6,1,5,1,1,3,0,1,0,0,5,0,1,0,0,0,0,0,2026-09-13T05:01:50.346478+00:00
Turquia Super Lig 2026/2027,Alanyaspor - Göztepe,2026-09-12T17:00:00+00:00,finished,5,2-2,Göztepe,Arda Kurtulan,M,90,6.4,37,0,0,,0.0200059,0,0,0,18,14,1,0,2,1,2,1,2,3,0,2,1,1,1,1,4,0,0,10,0,0,1,0,0,2,0,2026-09-13T05:01:50.346373+00:00
Turquia Super Lig 2026/2027,Alanyaspor - Göztepe,2026-09-12T17:00:00+00:00,finished,5,2-2,Alanyaspor,Arda Usluoğlu,F,0,,0,0,0,,,0,0,0,0,0,0,0,0,0,0,0,0,0,0,0,0,0,0,0,0,0,0,0,0,0,0,0,0,0,0,2026-09-13T05:01:50.346358+00:00
Turquia Super Lig 2026/2027,Alanyaspor - Göztepe,2026-09-12T17:00:00+00:00,finished,5,2-2,Göztepe,Arda Özçimen,G,90,6.1,40,0,0,,0.00762213,0,0,0,37,11,35,9,0,0,0,0,0,0,0,0,0,0,0,0,7,0,0,26,0,0,0,0,2,2,0,2026-09-13T05:01:50.346366+00:00
Turquia Super Lig 2026/2027,Alanyaspor - Göztepe,2026-09-12T17:00:00+00:00,finished,5,2-2,Alanyaspor,Baran Ali Gezek,M,57,6.4,21,0,0,,0.00337235,0,0,0,15,13,2,0,0,0,0,0,1,2,0,1,0,0,1,1,1,0,0,4,1,0,0,0,0,1,0,2026-09-13T05:01:50.346258+00:00
Turquia Super Lig 2026/2027,Alanyaspor - Göztepe,2026-09-12T17:00:00+00:00,finished,5,2-2,Alanyaspor,Bedirhan Özyurt,D,0,,0,0,0,,,0,0,0,0,0,0,0,0,0,0,0,0,0,0,0,0,0,0,0,0,0,0,0,0,0,0,0,0,0,0,2026-09-13T05:01:50.346345+00:00
Turquia Super Lig 2026/2027,Alanyaspor - Göztepe,2026-09-12T17:00:00+00:00,finished,5,2-2,Göztepe,Bekir Turaç Böke,F,1,,0,0,0,,,0,0,0,0,0,0,0,0,0,0,0,0,0,0,0,0,0,0,0,0,0,0,0,0,0,0,0,0,0,0,2026-09-13T05:01:50.346520+00:00
Turquia Super Lig 2026/2027,Alanyaspor - Göztepe,2026-09-12T17:00:00+00:00,finished,5,2-2,Göztepe,Efkan Bekiroğlu,F,30,6.2,11,0,0,,0.059106,0,0,1,6,4,1,0,1,1,3,0,0,5,0,0,0,0,1,0,0,0,0,5,0,2,0,0,0,2,0,2026-09-13T05:01:50.346494+00:00
Turquia Super Lig 2026/2027,Alanyaspor - Göztepe,2026-09-12T17:00:00+00:00,finished,5,2-2,Göztepe,Ege Yildirim,D,90,5.9,33,0,0,0.3735,0.0015395,1,0,0,21,16,5,2,0,0,0,0,1,1,1,1,0,0,6,3,2,0,0,5,0,0,0,0,0,2,0,2026-09-13T05:01:50.346387+00:00
Turquia Super Lig 2026/2027,Alanyaspor - Göztepe,2026-09-12T17:00:00+00:00,finished,5,2-2,Alanyaspor,Enes Keskin,M,0,,0,0,0,,,0,0,0,0,0,0,0,0,0,0,0,0,0,0,0,0,0,0,0,0,0,0,0,0,0,0,0,0,0,0,2026-09-13T05:01:50.346351+00:00
Turquia Super Lig 2026/2027,Alanyaspor - Göztepe,2026-09-12T17:00:00+00:00,finished,5,2-2,Alanyaspor,Fatih Aksoy,D,90,6.8,42,0,0,0.0636,0.0131493,1,0,0,35,29,8,6,0,0,0,0,3,0,2,0,0,0,2,1,3,0,0,6,1,0,0,0,0,2,0,2026-09-13T05:01:50.346202+00:00
Turquia Super Lig 2026/2027,Alanyaspor - Göztepe,2026-09-12T17:00:00+00:00,finished,5,2-2,Alanyaspor,Fidan Aliti,D,90,6.6,63,0,0,,0.00670706,0,0,0,52,45,8,4,1,0,0,0,7,4,6,2,0,0,4,1,4,0,0,8,1,1,0,0,0,2,0,2026-09-13T05:01:50.346185+00:00
Turquia Super Lig 2026/2027,Alanyaspor - Göztepe,2026-09-12T17:00:00+00:00,finished,5,2-2,Alanyaspor,Florent Hadergjonaj,M,90,7.3,86,0,0,,0.357937,0,0,7,57,45,12,6,10,4,0,0,3,2,1,2,1,1,0,0,1,0,0,23,1,0,0,0,0,2,0,2026-09-13T05:01:50.346210+00:00
Turquia Super Lig 2026/2027,Alanyaspor - Göztepe,2026-09-12T17:00:00+00:00,finished,5,2-2,Alanyaspor,Gaius Makouta,M,90,8.0,56,1,0,0.5114,0.0360448,1,1,1,44,41,2,1,0,0,3,0,8,5,5,1,2,2,0,1,3,0,0,6,1,0,0,0,0,2,0,2026-09-13T05:01:50.346194+00:00
Turquia Super Lig 2026/2027,Alanyaspor - Göztepe,2026-09-12T17:00:00+00:00,finished,5,2-2,Alanyaspor,Hwang Ui-Jo,F,1,,3,0,0,0.0697,,1,0,0,1,0,0,0,0,0,0,0,0,0,0,0,0,0,0,0,0,1,0,1,0,0,0,0,0,0,0,2026-09-13T05:01:50.346322+00:00
Turquia Super Lig 2026/2027,Alanyaspor - Göztepe,2026-09-12T17:00:00+00:00,finished,5,2-2,Alanyaspor,Ianis Hagi,F,32,7.2,17,0,1,0.3371,0.377231,3,0,2,8,6,0,0,1,1,0,0,3,2,0,1,2,1,0,0,0,3,0,4,1,1,1,0,0,1,0,2026-09-13T05:01:50.346280+00:00
Turquia Super Lig 2026/2027,Alanyaspor - Göztepe,2026-09-12T17:00:00+00:00,finished,5,2-2,Alanyaspor,Ibrahim Kaya,F,13,7.0,14,0,0,0.0349,0.157278,1,0,1,10,9,2,2,1,0,1,0,1,1,0,0,0,0,0,0,2,1,0,3,1,0,0,0,0,0,0,2026-09-13T05:01:50.346305+00:00
Turquia Super Lig 2026/2027,Alanyaspor - Göztepe,2026-09-12T17:00:00+00:00,finished,5,2-2,Alanyaspor,Iván Cédric,F,32,6.7,8,0,1,,0.0465482,0,0,1,6,4,0,0,0,0,0,0,3,4,1,3,1,1,0,0,0,0,0,2,1,1,0,0,0,1,0,2026-09-13T05:01:50.346294+00:00
Turquia Super Lig 2026/2027,Alanyaspor - Göztepe,2026-09-12T17:00:00+00:00,finished,5,2-2,Göztepe,Janderson,F,30,5.8,10,0,0,,0.0162168,0,0,1,2,1,0,0,2,1,0,0,1,10,1,7,0,0,1,0,0,0,1,5,0,2,0,0,0,2,0,2026-09-13T05:01:50.346486+00:00
Turquia Super Lig 2026/2027,Alanyaspor - Göztepe,2026-09-12T17:00:00+00:00,finished,5,2-2,Göztepe,Juan Santos da Silva,F,79,6.9,21,1,0,0.8226,0.191446,2,2,1,14,8,2,1,0,0,1,1,3,6,2,5,0,0,0,2,1,0,0,7,0,1,1,0,0,2,0,2026-09-13T05:01:50.346434+00:00
Turquia Super Lig 2026/2027,Alanyaspor - Göztepe,2026-09-12T17:00:00+00:00,finished,5,2-2,Göztepe,Malcom Bokele,D,90,6.3,39,0,0,,0.0104785,0,0,0,32,28,3,0,0,0,0,0,2,2,1,1,1,0,4,0,3,0,0,5,0,1,0,0,0,2,0,2026-09-13T05:01:50.346403+00:00
Turquia Super Lig 2026/2027,Alanyaspor - Göztepe,2026-09-12T17:00:00+00:00,finished,5,2-2,Göztepe,Mehmet Şamil Öztürk,G,0,,0,0,0,,,0,0,0,0,0,0,0,0,0,0,0,0,0,0,0,0,0,0,0,0,0,0,0,0,0,0,0,0,0,0,2026-09-13T05:01:50.346536+00:00
Turquia Super Lig 2026/2027,Alanyaspor - Göztepe,2026-09-12T17:00:00+00:00,finished,5,2-2,Alanyaspor,Mert Furkan Bayram,G,0,,0,0,0,,,0,0,0,0,0,0,0,0,0,0,0,0,0,0,0,0,0,0,0,0,0,0,0,0,0,0,0,0,0,0,2026-09-13T05:01:50.346338+00:00
Turquia Super Lig 2026/2027,Alanyaspor - Göztepe,2026-09-12T17:00:00+00:00,finished,5,2-2,Alanyaspor,Meschak Elia,F,89,6.6,49,0,0,0.0232,0.0739878,1,0,1,36,28,3,1,4,1,1,0,0,3,0,0,0,0,0,0,3,0,1,14,0,1,0,0,0,2,0,2026-09-13T05:01:50.346218+00:00
Turquia Super Lig 2026/2027,Alanyaspor - Göztepe,2026-09-12T17:00:00+00:00,finished,5,2-2,Alanyaspor,Nuno Lima,D,90,7.2,75,0,0,0.0507,0.00723409,1,0,1,60,53,9,5,0,0,0,0,10,1,7,1,2,1,3,3,1,0,0,7,1,0,1,0,0,2,0,2026-09-13T05:01:50.346173+00:00
Turquia Super Lig 2026/2027,Alanyaspor - Göztepe,2026-09-12T17:00:00+00:00,finished,5,2-2,Alanyaspor,Omar Ben Ali,F,58,6.3,19,0,0,0.3061,0.0148907,5,1,1,12,8,0,0,0,0,0,0,2,3,2,2,0,0,0,0,0,0,0,4,0,1,0,0,0,1,0,2026-09-13T05:01:50.346232+00:00
Turquia Super Lig 2026/2027,Alanyaspor - Göztepe,2026-09-12T17:00:00+00:00,finished,5,2-2,Alanyaspor,Paolo Fernandes,M,77,7.3,42,1,0,0.2597,0.170849,4,1,1,24,21,0,0,5,1,3,1,2,7,0,1,0,0,0,1,3,2,1,11,1,3,0,0,0,2,0,2026-09-13T05:01:50.346225+00:00
Turquia Super Lig 2026/2027,Alanyaspor - Göztepe,2026-09-12T17:00:00+00:00,finished,5,2-2,Alanyaspor,Paulo Victor,G,90,5.9,30,0,0,,0.00058995,0,0,0,26,12,17,3,0,0,0,0,0,0,0,0,0,0,1,0,5,0,0,14,0,0,0,0,2,2,0,2026-09-13T05:01:50.346089+00:00
Turquia Super Lig 2026/2027,Alanyaspor - Göztepe,2026-09-12T17:00:00+00:00,finished,5,2-2,Göztepe,Rhaldney,M,89,8.7,44,1,0,0.115,0.337681,2,1,4,33,28,3,2,2,2,1,1,5,0,1,0,2,1,0,1,6,0,0,6,1,0,0,0,0,2,0,2026-09-13T05:01:50.346421+00:00
Turquia Super Lig 2026/2027,Alanyaspor - Göztepe,2026-09-12T17:00:00+00:00,finished,5,2-2,Göztepe,Richard Akonnor,D,90,7.7,49,0,0,0.0518,0.112671,2,1,2,23,22,1,1,4,3,2,0,6,3,2,0,1,1,0,1,3,1,0,10,3,0,0,0,0,2,0,2026-09-13T05:01:50.346380+00:00
Turquia Super Lig 2026/2027,Alanyaspor - Göztepe,2026-09-12T17:00:00+00:00,finished,5,2-2,Alanyaspor,Ruan Pereira Duarte,M,58,6.1,48,0,0,0.0192,0.0120969,1,1,0,39,34,2,0,0,0,2,0,0,3,0,0,0,0,1,0,3,0,0,8,0,0,0,0,0,1,0,2026-09-13T05:01:50.346242+00:00
Turquia Super Lig 2026/2027,Alanyaspor - Göztepe,2026-09-12T17:00:00+00:00,finished,5,2-2,Göztepe,Sinclair Armstrong,F,11,6.6,1,0,0,,,0,0,0,0,0,0,0,0,0,0,0,0,0,0,0,0,0,0,0,0,0,0,0,0,0,0,0,0,0,0,2026-09-13T05:01:50.346509+00:00
Turquia Super Lig 2026/2027,Alanyaspor - Göztepe,2026-09-12T17:00:00+00:00,finished,5,2-2,Göztepe,Taha Altıkardeş,D,90,7.2,37,0,0,0.1367,0.00496086,2,0,0,24,22,4,2,0,0,0,0,4,0,2,0,1,1,4,0,0,0,0,3,1,0,0,0,0,2,0,2026-09-13T05:01:50.346395+00:00
Turquia Super Lig 2026/2027,Alanyaspor - Göztepe,2026-09-12T17:00:00+00:00,finished,5,2-2,Alanyaspor,Yusuf Özdemir,M,33,6.8,29,0,0,0.0246,0.032669,1,0,0,20,17,2,1,2,1,0,0,2,0,0,0,2,2,0,0,1,0,0,4,0,0,0,0,0,1,0,2026-09-13T05:01:50.346267+00:00
Turquia Super Lig 2026/2027,Alanyaspor - Göztepe,2026-09-12T17:00:00+00:00,finished,5,2-2,Alanyaspor,İzzet Çelik,M,0,,0,0,0,,,0,0,0,0,0,0,0,0,0,0,0,0,0,0,0,0,0,0,0,0,0,0,0,0,0,0,0,0,0,0,2026-09-13T05:01:50.346331+00:00
Turquia Super Lig 2026/2027,Konyaspor - Trabzonspor,2026-09-12T17:00:00+00:00,finished,5,1-0,Konyaspor,,,22,6.4,9,0,0,,0.00023517,0,0,0,3,1,1,0,2,0,2,1,1,2,0,0,0,0,0,0,1,0,1,6,0,0,0,0,0,0,0,2026-09-13T05:01:50.231890+00:00
Turquia Super Lig 2026/2027,Konyaspor - Trabzonspor,2026-09-12T17:00:00+00:00,finished,5,1-0,Trabzonspor,,,21,6.2,6,0,0,,0.00089429,0,0,0,4,3,0,0,0,0,0,0,0,2,0,0,0,0,0,0,0,0,1,3,0,1,0,0,0,0,0,2026-09-13T05:01:50.232064+00:00
Turquia Super Lig 2026/2027,Konyaspor - Trabzonspor,2026-09-12T17:00:00+00:00,finished,5,1-0,Trabzonspor,,,0,,0,0,0,,,0,0,0,0,0,0,0,0,0,0,0,0,0,0,0,0,0,0,0,0,0,0,0,0,0,0,0,0,0,0,2026-09-13T05:01:50.232195+00:00
Turquia Super Lig 2026/2027,Konyaspor - Trabzonspor,2026-09-12T17:00:00+00:00,finished,5,1-0,Konyaspor,Adil Demirbağ,D,90,6.7,13,0,0,,0.00108953,0,0,0,11,8,5,2,0,0,0,0,1,1,0,0,0,0,0,1,2,0,0,3,1,1,0,0,0,0,0,2026-09-13T05:01:50.231825+00:00
Turquia Super Lig 2026/2027,Konyaspor - Trabzonspor,2026-09-12T17:00:00+00:00,finished,5,1-0,Trabzonspor,André Onana,G,90,8.0,51,0,0,,0.00269203,0,0,1,44,39,10,5,0,0,0,0,0,0,0,0,0,0,0,0,8,0,0,5,0,0,1,0,4,1,0,2026-09-13T05:01:50.232004+00:00
Turquia Super Lig 2026/2027,Konyaspor - Trabzonspor,2026-09-12T17:00:00+00:00,finished,5,1-0,Trabzonspor,Aral Şimşir,M,69,6.4,49,0,0,0.0617,0.170882,1,0,2,33,30,0,0,6,3,2,0,2,4,0,0,0,0,0,0,3,0,1,13,2,1,1,0,0,1,0,2026-09-13T05:01:50.232027+00:00
Turquia Super Lig 2026/2027,Konyaspor - Trabzonspor,2026-09-12T17:00:00+00:00,finished,5,1-0,Konyaspor,Arif Boşluk,D,0,,0,0,0,,,0,0,0,0,0,0,0,0,0,0,0,0,0,0,0,0,0,0,0,0,0,0,0,0,0,0,0,0,0,0,2026-09-13T05:01:50.231926+00:00
Turquia Super Lig 2026/2027,Konyaspor - Trabzonspor,2026-09-12T17:00:00+00:00,finished,5,1-0,Konyaspor,Arthur Masuaku,D,90,7.5,41,0,0,,0.0437177,0,0,1,24,18,5,3,1,1,1,0,3,1,0,0,2,1,4,0,5,0,0,10,1,0,0,0,0,0,0,2026-09-13T05:01:50.231836+00:00
Turquia Super Lig 2026/2027,Konyaspor - Trabzonspor,2026-09-12T17:00:00+00:00,finished,5,1-0,Konyaspor,Ata Yanık,D,0,,0,0,0,,,0,0,0,0,0,0,0,0,0,0,0,0,0,0,0,0,0,0,0,0,0,0,0,0,0,0,0,0,0,0,2026-09-13T05:01:50.231933+00:00
Turquia Super Lig 2026/2027,Konyaspor - Trabzonspor,2026-09-12T17:00:00+00:00,finished,5,1-0,Konyaspor,Bahadır Han Güngördü,G,90,7.6,45,0,0,,0.00130677,0,0,0,38,24,34,20,0,0,0,0,0,0,0,0,0,0,0,0,6,0,0,14,0,0,0,0,4,0,0,2026-09-13T05:01:50.231853+00:00
Turquia Super Lig 2026/2027,Konyaspor - Trabzonspor,2026-09-12T17:00:00+00:00,finished,5,1-0,Trabzonspor,Cenk Özkaçar,D,0,,0,0,0,,,0,0,0,0,0,0,0,0,0,0,0,0,0,0,0,0,0,0,0,0,0,0,0,0,0,0,0,0,0,0,2026-09-13T05:01:50.232150+00:00
Turquia Super Lig 2026/2027,Konyaspor - Trabzonspor,2026-09-12T17:00:00+00:00,finished,5,1-0,Trabzonspor,Chibuike Nwaiwu,D,90,7.1,85,0,0,0.0329,0.0185703,2,1,0,69,64,4,3,0,0,0,0,3,0,0,0,2,2,6,0,6,1,0,7,1,0,0,0,0,1,0,2026-09-13T05:01:50.231997+00:00
Turquia Super Lig 2026/2027,Konyaspor - Trabzonspor,2026-09-12T17:00:00+00:00,finished,5,1-0,Konyaspor,Chidozie Awaziem,D,11,6.6,1,0,0,,,0,0,0,0,0,0,0,0,0,0,0,0,1,0,0,0,0,1,0,0,0,0,0,0,1,1,0,0,0,0,2026-09-13T05:01:50.231904+00:00
Turquia Super Lig 2026/2027,Konyaspor - Trabzonspor,2026-09-12T17:00:00+00:00,finished,5,1-0,Konyaspor,Deniz Ertaş,G,0,,0,0,0,,,0,0,0,0,0,0,0,0,0,0,0,0,0,0,0,0,0,0,0,0,0,0,0,0,0,0,0,0,0,0,2026-09-13T05:01:50.231919+00:00
Turquia Super Lig 2026/2027,Konyaspor - Trabzonspor,2026-09-12T17:00:00+00:00,finished,5,1-0,Konyaspor,Deniz Türüç,M,77,6.9,44,0,0,0.2652,0.111679,4,2,2,24,16,5,2,2,2,0,0,3,8,1,3,1,1,0,0,3,0,2,13,1,3,1,0,0,0,0,2026-09-13T05:01:50.231875+00:00
Turquia Super Lig 2026/2027,Konyaspor - Trabzonspor,2026-09-12T17:00:00+00:00,finished,5,1-0,Konyaspor,Diogo Gonçalves,M,68,7.1,21,0,1,0.0134,0.0721276,1,0,2,14,12,2,1,2,0,0,0,3,2,0,0,2,2,0,0,1,0,0,4,1,1,0,0,0,0,0,2026-09-13T05:01:50.231883+00:00
Turquia Super Lig 2026/2027,Konyaspor - Trabzonspor,2026-09-12T17:00:00+00:00,finished,5,1-0,Konyaspor,Ebrima Colley,F,0,,0,0,0,,,0,0,0,0,0,0,0,0,0,0,0,0,0,0,0,0,0,0,0,0,0,0,0,0,0,0,0,0,0,0,2026-09-13T05:01:50.231954+00:00
Turquia Super Lig 2026/2027,Konyaspor - Trabzonspor,2026-09-12T17:00:00+00:00,finished,5,1-0,Konyaspor,Emir Bars,M,0,,0,0,0,,,0,0,0,0,0,0,0,0,0,0,0,0,0,0,0,0,0,0,0,0,0,0,0,0,0,0,0,0,0,0,2026-09-13T05:01:50.231940+00:00
Turquia Super Lig 2026/2027,Konyaspor - Trabzonspor,2026-09-12T17:00:00+00:00,finished,5,1-0,Trabzonspor,Ernest Muçi,M,69,6.5,58,0,0,0.1479,0.140244,2,1,1,43,39,0,0,5,1,0,0,1,1,0,0,1,1,1,1,2,1,0,10,0,1,0,0,0,1,0,2026-09-13T05:01:50.232044+00:00
Turquia Super Lig 2026/2027,Konyaspor - Trabzonspor,2026-09-12T17:00:00+00:00,finished,5,1-0,Trabzonspor,Fabinho,M,90,7.2,70,0,0,0.2501,0.0398358,3,1,0,53,48,6,5,0,0,1,0,6,3,0,1,5,3,1,1,3,1,1,9,1,0,0,0,0,1,0,2026-09-13T05:01:50.231976+00:00
Turquia Super Lig 2026/2027,Konyaspor - Trabzonspor,2026-09-12T17:00:00+00:00,finished,5,1-0,Konyaspor,Jackson Muleka,F,83,7.3,35,0,0,,0.0676183,0,0,1,19,12,3,3,3,2,1,0,9,8,7,4,0,0,1,0,4,0,1,13,2,2,0,0,0,0,0,2026-09-13T05:01:50.231861+00:00
Turquia Super Lig 2026/2027,Konyaspor - Trabzonspor,2026-09-12T17:00:00+00:00,finished,5,1-0,Konyaspor,Marko Jevtović,M,90,6.9,36,0,0,0.1025,0.00207837,2,0,0,23,15,3,1,0,0,0,0,6,2,2,1,4,3,2,1,4,0,1,10,0,0,0,0,0,0,0,2026-09-13T05:01:50.231845+00:00
Turquia Super Lig 2026/2027,Konyaspor - Trabzonspor,2026-09-12T17:00:00+00:00,finished,5,1-0,Trabzonspor,Melih Kabasakal,M,0,,0,0,0,,,0,0,0,0,0,0,0,0,0,0,0,0,0,0,0,0,0,0,0,0,0,0,0,0,0,0,0,0,0,0,2026-09-13T05:01:50.232183+00:00
Turquia Super Lig 2026/2027,Konyaspor - Trabzonspor,2026-09-12T17:00:00+00:00,finished,5,1-0,Konyaspor,Melih İbrahimoğlu,M,90,7.0,39,0,0,0.0354,0.0304673,1,0,3,25,20,2,1,0,0,0,0,4,4,0,0,3,3,2,1,4,0,3,9,1,1,1,0,0,0,0,2026-09-13T05:01:50.231746+00:00
Turquia Super Lig 2026/2027,Konyaspor - Trabzonspor,2026-09-12T17:00:00+00:00,finished,5,1-0,Trabzonspor,Metehan Mimaroğlu,M,0,,0,0,0,,,0,0,0,0,0,0,0,0,0,0,0,0,0,0,0,0,0,0,0,0,0,0,0,0,0,0,0,0,0,0,2026-09-13T05:01:50.232161+00:00
Turquia Super Lig 2026/2027,Konyaspor - Trabzonspor,2026-09-12T17:00:00+00:00,finished,5,1-0,Trabzonspor,Mohamed Salah,M,90,6.7,59,0,0,0.2504,0.133289,3,0,2,39,32,5,4,6,1,2,1,3,2,0,0,0,0,0,0,0,0,0,19,2,1,0,0,0,1,0,2026-09-13T05:01:50.231961+00:00
Turquia Super Lig 2026/2027,Konyaspor - Trabzonspor,2026-09-12T17:00:00+00:00,finished,5,1-0,Konyaspor,Mostafa Mohamed,F,11,6.5,1,0,0,,,0,0,0,0,0,0,0,0,0,0,0,0,1,0,1,0,0,0,0,0,0,0,0,0,0,0,0,0,0,0,2026-09-13T05:01:50.231912+00:00
Turquia Super Lig 2026/2027,Konyaspor - Trabzonspor,2026-09-12T17:00:00+00:00,finished,5,1-0,Trabzonspor,Mustafa Eskihellaç,D,90,6.6,91,0,0,0.0151,0.0436828,1,0,0,66,63,1,1,0,0,0,0,8,6,2,4,2,1,2,2,6,0,1,8,4,1,1,0,0,1,0,2026-09-13T05:01:50.231969+00:00
Turquia Super Lig 2026/2027,Konyaspor - Trabzonspor,2026-09-12T17:00:00+00:00,finished,5,1-0,Trabzonspor,Noah Saviolo,M,21,6.6,17,0,0,0.0106,0.0122434,1,1,1,9,9,0,0,2,0,2,1,2,2,0,0,0,0,0,0,1,0,1,5,1,0,0,0,0,0,0,2026-09-13T05:01:50.232088+00:00
Turquia Super Lig 2026/2027,Konyaspor - Trabzonspor,2026-09-12T17:00:00+00:00,finished,5,1-0,Konyaspor,Omer Cobanoglu,M,0,,0,0,0,,,0,0,0,0,0,0,0,0,0,0,0,0,0,0,0,0,0,0,0,0,0,0,0,0,0,0,0,0,0,0,2026-09-13T05:01:50.231947+00:00
Turquia Super Lig 2026/2027,Konyaspor - Trabzonspor,2026-09-12T17:00:00+00:00,finished,5,1-0,Trabzonspor,Onuralp Çevikkan,G,0,,0,0,0,,,0,0,0,0,0,0,0,0,0,0,0,0,0,0,0,0,0,0,0,0,0,0,0,0,0,0,0,0,0,0,2026-09-13T05:01:50.232169+00:00
Turquia Super Lig 2026/2027,Konyaspor - Trabzonspor,2026-09-12T17:00:00+00:00,finished,5,1-0,Trabzonspor,Ozan Tufan,M,58,6.5,32,0,0,,0.0177092,0,0,0,30,28,0,0,0,0,0,0,1,1,0,0,1,1,0,0,1,0,0,2,0,1,0,0,0,1,0,2026-09-13T05:01:50.232051+00:00
Turquia Super Lig 2026/2027,Konyaspor - Trabzonspor,2026-09-12T17:00:00+00:00,finished,5,1-0,Trabzonspor,Paul Onuachu,F,90,6.3,15,0,0,,0.0092517,0,0,0,7,5,1,0,0,0,1,0,3,4,1,2,0,0,1,0,1,0,1,5,2,0,0,0,0,1,0,2026-09-13T05:01:50.231983+00:00
Turquia Super Lig 2026/2027,Konyaspor - Trabzonspor,2026-09-12T17:00:00+00:00,finished,5,1-0,Konyaspor,Rajmund Tóth,M,90,7.5,43,1,0,0.5907,0.00596066,3,3,1,20,13,0,0,1,0,1,0,4,7,1,1,2,2,2,0,5,0,1,15,1,2,0,0,0,0,0,2026-09-13T05:01:50.231790+00:00
Turquia Super Lig 2026/2027,Konyaspor - Trabzonspor,2026-09-12T17:00:00+00:00,finished,5,1-0,Konyaspor,Rayyan Baniya,D,90,6.8,24,0,0,,0.00079279,0,0,0,13,12,2,1,0,0,0,0,1,2,1,0,0,0,7,3,1,0,0,1,0,2,0,0,0,0,0,2026-09-13T05:01:50.231807+00:00
Turquia Super Lig 2026/2027,Konyaspor - Trabzonspor,2026-09-12T17:00:00+00:00,finished,5,1-0,Trabzonspor,Samet Akaydın,D,0,,0,0,0,,,0,0,0,0,0,0,0,0,0,0,0,0,0,0,0,0,0,0,0,0,0,0,0,0,0,0,0,0,0,0,2026-09-13T05:01:50.232176+00:00
Turquia Super Lig 2026/2027,Konyaspor - Trabzonspor,2026-09-12T17:00:00+00:00,finished,5,1-0,Trabzonspor,Sidny Lopes Cabral,D,32,6.6,43,0,0,0.0736,0.0142804,2,0,1,22,21,0,0,6,0,0,0,1,4,0,1,1,0,0,0,2,0,2,11,0,1,0,0,0,0,0,2026-09-13T05:01:50.232057+00:00
Turquia Super Lig 2026/2027,Konyaspor - Trabzonspor,2026-09-12T17:00:00+00:00,finished,5,1-0,Trabzonspor,Stefan Savić,D,90,7.5,125,0,0,,0.0368063,0,0,2,112,105,10,8,0,0,0,0,8,4,6,3,1,1,7,1,1,0,0,7,1,1,0,0,0,1,0,2026-09-13T05:01:50.232011+00:00
Turquia Super Lig 2026/2027,Konyaspor - Trabzonspor,2026-09-12T17:00:00+00:00,finished,5,1-0,Trabzonspor,Umut Nayir,F,0,,0,0,0,,,0,0,0,0,0,0,0,0,0,0,0,0,0,0,0,0,0,0,0,0,0,0,0,0,0,0,0,0,0,0,2026-09-13T05:01:50.232130+00:00
Turquia Super Lig 2026/2027,Konyaspor - Trabzonspor,2026-09-12T17:00:00+00:00,finished,5,1-0,Konyaspor,Uğurcan Yazğılı,D,83,7.0,31,0,0,,0.00879476,0,0,0,13,10,3,2,0,0,0,0,3,4,0,0,2,1,2,0,4,0,0,4,1,3,0,0,0,0,0,2026-09-13T05:01:50.231868+00:00
Turquia Super Lig 2026/2027,Konyaspor - Trabzonspor,2026-09-12T17:00:00+00:00,finished,5,1-0,Trabzonspor,Wagner Pina,D,90,6.4,64,0,0,,0.10609,0,0,3,44,39,1,0,2,0,4,2,5,5,1,1,0,0,3,0,1,0,0,12,2,1,0,0,0,1,0,2026-09-13T05:01:50.231991+00:00
Turquia Super Lig 2026/2027,Konyaspor - Trabzonspor,2026-09-12T17:00:00+00:00,finished,5,1-0,Konyaspor,Yhoan Andzouana,D,13,6.7,3,0,0,,0.00020738,0,0,0,2,2,0,0,0,0,0,0,0,0,0,0,0,0,0,0,0,0,0,0,0,0,0,0,0,0,0,2026-09-13T05:01:50.231897+00:00
Turquia Super Lig 2026/2027,Gençlerbirliği - Kasımpaşa,2026-09-13T14:00:00+00:00,finished,5,1-2,Gençlerbirliği,,,78,6.1,26,0,0,0.508,0.0399191,4,1,3,14,12,2,1,0,0,0,0,1,8,0,6,0,0,0,0,2,1,0,6,1,2,0,0,0,0,0,2026-09-14T05:01:19.045419+00:00
Turquia Super Lig 2026/2027,Gençlerbirliği - Kasımpaşa,2026-09-13T14:00:00+00:00,finished,5,1-2,Gençlerbirliği,,,22,6.5,15,0,0,,0.092255,0,0,1,9,8,1,1,5,1,0,0,0,2,0,0,0,0,0,0,0,0,0,6,0,2,0,0,0,2,0,2026-09-14T05:01:19.045443+00:00
Turquia Super Lig 2026/2027,Gençlerbirliği - Kasımpaşa,2026-09-13T14:00:00+00:00,finished,5,1-2,Gençlerbirliği,,,0,,0,0,0,,,0,0,0,0,0,0,0,0,0,0,0,0,0,0,0,0,0,0,0,0,0,0,0,0,0,0,0,0,0,0,2026-09-14T05:01:19.045490+00:00
Turquia Super Lig 2026/2027,Gençlerbirliği - Kasımpaşa,2026-09-13T14:00:00+00:00,finished,5,1-2,Kasımpaşa,,,90,6.8,88,0,0,,0.00342414,0,0,0,72,63,5,2,0,0,1,0,4,3,2,1,0,0,5,2,4,0,0,11,2,1,0,0,0,1,0,2026-09-14T05:01:19.045536+00:00
Turquia Super Lig 2026/2027,Gençlerbirliği - Kasımpaşa,2026-09-13T14:00:00+00:00,finished,5,1-2,Kasımpaşa,,,61,6.2,17,0,0,,0.00532749,0,0,0,9,8,0,0,1,0,2,0,2,7,0,3,0,0,0,0,0,0,1,7,2,1,0,0,0,1,0,2026-09-14T05:01:19.045564+00:00
Turquia Super Lig 2026/2027,Gençlerbirliği - Kasımpaşa,2026-09-13T14:00:00+00:00,finished,5,1-2,Gençlerbirliği,Abdurrahim Dursun,D,90,6.6,55,0,0,,0.0284138,0,0,0,31,24,12,6,1,0,0,0,6,5,3,2,2,0,3,2,1,0,0,10,1,1,0,0,0,2,0,2026-09-14T05:01:19.045387+00:00
Turquia Super Lig 2026/2027,Gençlerbirliği - Kasımpaşa,2026-09-13T14:00:00+00:00,finished,5,1-2,Gençlerbirliği,Adama Malouda Traoré,M,78,7.1,32,0,0,0.0194,0.0215142,1,1,0,23,18,0,0,1,0,1,1,2,1,0,0,0,0,0,0,3,0,1,8,1,0,0,0,0,0,0,2026-09-14T05:01:19.045428+00:00
Turquia Super Lig 2026/2027,Gençlerbirliği - Kasımpaşa,2026-09-13T14:00:00+00:00,finished,5,1-2,Kasımpaşa,Adem Arous,D,1,,8,0,1,0.0843,2.829e-05,1,0,1,4,3,1,0,0,0,0,0,1,0,0,0,0,0,1,1,0,0,0,1,1,0,0,0,0,0,0,2026-09-14T05:01:19.045615+00:00
Turquia Super Lig 2026/2027,Gençlerbirliği - Kasımpaşa,2026-09-13T14:00:00+00:00,finished,5,1-2,Kasımpaşa,Adrian Benedyczak,F,90,7.8,29,1,0,0.2215,0.135866,3,1,3,15,9,2,1,3,1,3,1,6,4,4,2,0,0,2,0,0,1,0,12,1,1,0,0,0,1,0,2026-09-14T05:01:19.045522+00:00
Turquia Super Lig 2026/2027,Gençlerbirliği - Kasımpaşa,2026-09-13T14:00:00+00:00,finished,5,1-2,Kasımpaşa,Ahmet Taha Dağbaşı,D,0,,0,0,0,,,0,0,0,0,0,0,0,0,0,0,0,0,0,0,0,0,0,0,0,0,0,0,0,0,0,0,0,0,0,0,2026-09-14T05:01:19.045644+00:00
Turquia Super Lig 2026/2027,Gençlerbirliği - Kasımpaşa,2026-09-13T14:00:00+00:00,finished,5,1-2,Kasımpaşa,Ali Emre Yanar,G,0,,0,0,0,,,0,0,0,0,0,0,0,0,0,0,0,0,0,0,0,0,0,0,0,0,0,0,0,0,0,0,0,0,0,0,2026-09-14T05:01:19.045621+00:00
Turquia Super Lig 2026/2027,Gençlerbirliği - Kasımpaşa,2026-09-13T14:00:00+00:00,finished,5,1-2,Kasımpaşa,Ali Yavuz Kol,F,90,7.0,54,0,0,0.1877,0.111661,3,0,1,34,28,1,1,1,0,6,3,6,5,1,0,2,2,0,0,5,2,1,16,0,1,0,0,0,1,0,2026-09-14T05:01:19.045515+00:00
Turquia Super Lig 2026/2027,Gençlerbirliği - Kasımpaşa,2026-09-13T14:00:00+00:00,finished,5,1-2,Kasımpaşa,Andreas Gianniotis,G,90,7.2,66,0,0,,0.00037913,0,0,0,54,46,11,5,0,0,0,0,0,0,0,0,0,0,3,0,7,0,0,8,0,0,0,0,4,1,3,2026-09-14T05:01:19.045509+00:00
Turquia Super Lig 2026/2027,Gençlerbirliği - Kasımpaşa,2026-09-13T14:00:00+00:00,finished,5,1-2,Kasımpaşa,Atakan Mujde,M,0,,0,0,0,,,0,0,0,0,0,0,0,0,0,0,0,0,0,0,0,0,0,0,0,0,0,0,0,0,0,0,0,0,0,0,2026-09-14T05:01:19.045636+00:00
Turquia Super Lig 2026/2027,Gençlerbirliği - Kasımpaşa,2026-09-13T14:00:00+00:00,finished,5,1-2,Kasımpaşa,Ayberk Karapo,D,45,6.7,25,0,0,,0.00400001,0,0,0,14,13,1,1,1,0,0,0,2,0,0,0,2,2,3,0,1,0,0,2,0,0,0,0,0,1,0,2026-09-14T05:01:19.045571+00:00
Turquia Super Lig 2026/2027,Gençlerbirliği - Kasımpaşa,2026-09-13T14:00:00+00:00,finished,5,1-2,Kasımpaşa,Cláudio Winck,D,90,6.7,50,0,0,0.2413,0.0152887,4,0,1,27,22,6,2,3,0,1,1,5,4,0,2,1,1,2,0,1,0,0,10,3,2,1,0,0,1,0,2026-09-14T05:01:19.045529+00:00
Turquia Super Lig 2026/2027,Gençlerbirliği - Kasımpaşa,2026-09-13T14:00:00+00:00,finished,5,1-2,Gençlerbirliği,Dimitris Goutas,D,90,6.8,31,0,1,0.1615,0.00043378,2,0,1,17,14,5,2,0,0,0,0,4,1,1,1,2,2,6,1,0,1,0,3,1,0,0,0,0,2,0,2026-09-14T05:01:19.045379+00:00
Turquia Super Lig 2026/2027,Gençlerbirliği - Kasımpaşa,2026-09-13T14:00:00+00:00,finished,5,1-2,Kasımpaşa,Elson Mendes,M,90,7.1,48,0,0,,0.141469,0,0,3,29,25,3,2,2,1,1,0,6,7,1,2,0,0,2,0,7,0,1,9,6,2,1,0,0,1,0,2026-09-14T05:01:19.045543+00:00
Turquia Super Lig 2026/2027,Gençlerbirliği - Kasımpaşa,2026-09-13T14:00:00+00:00,finished,5,1-2,Kasımpaşa,Emirhan Boz,M,45,6.8,20,0,0,,0.0184228,0,0,0,16,14,3,3,1,0,0,0,2,0,1,0,1,1,2,0,1,0,0,3,0,0,0,0,0,1,0,2026-09-14T05:01:19.045578+00:00
Turquia Super Lig 2026/2027,Gençlerbirliği - Kasımpaşa,2026-09-13T14:00:00+00:00,finished,5,1-2,Gençlerbirliği,Ensar Çavuşoğlu,D,0,,0,0,0,,,0,0,0,0,0,0,0,0,0,0,0,0,0,0,0,0,0,0,0,0,0,0,0,0,0,0,0,0,0,0,2026-09-14T05:01:19.045476+00:00
Turquia Super Lig 2026/2027,Gençlerbirliği - Kasımpaşa,2026-09-13T14:00:00+00:00,finished,5,1-2,Gençlerbirliği,Franco Tongya,M,68,6.8,24,0,0,0.1023,0.169741,2,0,1,18,14,0,0,0,0,1,1,3,2,1,0,1,0,0,0,4,1,0,5,0,2,0,0,0,0,0,2026-09-14T05:01:19.045435+00:00
Turquia Super Lig 2026/2027,Gençlerbirliği - Kasımpaşa,2026-09-13T14:00:00+00:00,finished,5,1-2,Gençlerbirliği,Fıratcan Üzüm,D,12,6.1,6,0,0,,2.11e-06,0,0,0,2,1,0,0,0,0,0,0,2,1,1,0,1,1,0,1,0,0,1,2,0,0,0,0,0,2,0,2026-09-14T05:01:19.045456+00:00
Turquia Super Lig 2026/2027,Gençlerbirliği - Kasımpaşa,2026-09-13T14:00:00+00:00,finished,5,1-2,Gençlerbirliği,Gökhan Akkan,G,0,,0,0,0,,,0,0,0,0,0,0,0,0,0,0,0,0,0,0,0,0,0,0,0,0,0,0,0,0,0,0,0,0,0,0,2026-09-14T05:01:19.045496+00:00
Turquia Super Lig 2026/2027,Gençlerbirliği - Kasımpaşa,2026-09-13T14:00:00+00:00,finished,5,1-2,Kasımpaşa,Güven Yalçın,F,29,6.6,20,1,0,0.3779,0.0361588,3,1,1,11,7,1,0,2,0,2,1,3,2,1,1,0,0,0,0,1,0,0,7,1,0,1,0,0,0,0,2026-09-14T05:01:19.045600+00:00
Turquia Super Lig 2026/2027,Gençlerbirliği - Kasımpaşa,2026-09-13T14:00:00+00:00,finished,5,1-2,Kasımpaşa,Jakob Jessen,D,45,6.5,34,0,0,,0.00091313,0,0,0,22,17,3,2,1,0,1,0,1,5,0,1,1,1,1,2,1,0,0,7,0,2,0,0,0,0,0,2026-09-14T05:01:19.045585+00:00
Turquia Super Lig 2026/2027,Gençlerbirliği - Kasımpaşa,2026-09-13T14:00:00+00:00,finished,5,1-2,Kasımpaşa,Kerem Demirbay,M,77,7.2,59,0,0,,0.1313,0,0,1,45,38,3,1,7,2,1,1,3,2,2,1,0,0,1,1,3,0,0,13,0,0,0,0,0,1,0,2026-09-14T05:01:19.045557+00:00
Turquia Super Lig 2026/2027,Gençlerbirliği - Kasımpaşa,2026-09-13T14:00:00+00:00,finished,5,1-2,Kasımpaşa,Marcus Rafferty,M,45,6.7,19,0,0,0.0914,0.00391386,2,1,0,9,8,0,0,0,0,4,3,4,3,0,0,0,0,0,0,0,0,1,3,1,1,0,0,0,0,0,2026-09-14T05:01:19.045592+00:00
Turquia Super Lig 2026/2027,Gençlerbirliği - Kasımpaşa,2026-09-13T14:00:00+00:00,finished,5,1-2,Kasımpaşa,Matei Ilie,D,89,7.7,72,0,0,,0.00779844,0,0,0,61,54,10,4,0,0,0,0,6,3,5,0,0,0,4,1,4,0,0,7,1,3,0,0,0,1,0,2026-09-14T05:01:19.045550+00:00
Turquia Super Lig 2026/2027,Gençlerbirliği - Kasımpaşa,2026-09-13T14:00:00+00:00,finished,5,1-2,Gençlerbirliği,Metehan Baltacı,D,11,6.3,2,0,0,,3.77e-06,0,0,0,1,1,0,0,0,0,0,0,1,0,1,0,0,0,1,0,0,0,0,0,0,0,0,0,0,1,0,2026-09-14T05:01:19.045469+00:00
Turquia Super Lig 2026/2027,Gençlerbirliği - Kasımpaşa,2026-09-13T14:00:00+00:00,finished,5,1-2,Kasımpaşa,Muhammed Bektaş,F,0,,0,0,0,,,0,0,0,0,0,0,0,0,0,0,0,0,0,0,0,0,0,0,0,0,0,0,0,0,0,0,0,0,0,0,2026-09-14T05:01:19.045629+00:00
Turquia Super Lig 2026/2027,Gençlerbirliği - Kasımpaşa,2026-09-13T14:00:00+00:00,finished,5,1-2,Gençlerbirliği,Ousmane Diabate,M,90,7.5,34,1,0,0.0589,0.00300001,2,1,0,20,15,5,1,0,0,0,0,7,6,2,1,5,2,4,0,4,1,0,6,0,5,1,0,0,2,0,2026-09-14T05:01:19.045395+00:00
Turquia Super Lig 2026/2027,Gençlerbirliği - Kasımpaşa,2026-09-13T14:00:00+00:00,finished,5,1-2,Gençlerbirliği,Oğulcan Ülgün,M,85,7.0,42,0,0,0.017,0.0333115,1,0,0,29,21,9,4,1,0,0,0,5,6,1,3,0,0,2,0,3,0,0,9,4,2,0,0,0,1,0,2026-09-14T05:01:19.045403+00:00
Turquia Super Lig 2026/2027,Gençlerbirliği - Kasımpaşa,2026-09-13T14:00:00+00:00,finished,5,1-2,Gençlerbirliği,Pedro Pereira,D,90,7.1,65,0,0,,0.371242,0,0,2,37,35,5,5,5,2,1,0,2,5,0,1,2,1,4,2,3,0,0,11,0,0,0,0,0,2,0,2026-09-14T05:01:19.045371+00:00
Turquia Super Lig 2026/2027,Gençlerbirliği - Kasımpaşa,2026-09-13T14:00:00+00:00,finished,5,1-2,Gençlerbirliği,Prince Martor,F,0,,0,0,0,,,0,0,0,0,0,0,0,0,0,0,0,0,0,0,0,0,0,0,0,0,0,0,0,0,0,0,0,0,0,0,2026-09-14T05:01:19.045502+00:00
Turquia Super Lig 2026/2027,Gençlerbirliği - Kasımpaşa,2026-09-13T14:00:00+00:00,finished,5,1-2,Gençlerbirliği,Salih Uçan,M,11,6.2,7,0,0,,0.00149673,0,0,0,4,3,2,1,0,0,0,0,1,2,1,1,0,0,1,0,0,0,0,3,0,0,0,0,0,1,0,2026-09-14T05:01:19.045463+00:00
Turquia Super Lig 2026/2027,Gençlerbirliği - Kasımpaşa,2026-09-13T14:00:00+00:00,finished,5,1-2,Gençlerbirliği,Sekou Koita,F,12,6.6,7,0,0,,0.00160927,0,0,0,4,3,0,0,0,0,0,0,2,2,0,1,0,0,0,0,0,0,0,2,2,1,0,0,0,2,0,2026-09-14T05:01:19.045449+00:00
Turquia Super Lig 2026/2027,Gençlerbirliği - Kasımpaşa,2026-09-13T14:00:00+00:00,finished,5,1-2,Kasımpaşa,Sercan Deniz,M,0,,0,0,0,,,0,0,0,0,0,0,0,0,0,0,0,0,0,0,0,0,0,0,0,0,0,0,0,0,0,0,0,0,0,0,2026-09-14T05:01:19.045651+00:00
Turquia Super Lig 2026/2027,Gençlerbirliği - Kasımpaşa,2026-09-13T14:00:00+00:00,finished,5,1-2,Gençlerbirliği,Thalisson,D,85,6.8,40,0,0,0.0346,0.00049809,1,1,0,27,25,2,2,0,0,0,0,5,4,2,1,2,2,7,0,0,0,0,2,1,3,1,0,0,1,0,2026-09-14T05:01:19.045411+00:00
Turquia Super Lig 2026/2027,Gençlerbirliği - Kasımpaşa,2026-09-13T14:00:00+00:00,finished,5,1-2,Kasımpaşa,Thiemoko Diarra,M,13,6.5,4,0,0,,0.00281728,0,0,0,4,4,0,0,0,0,0,0,0,0,0,0,0,0,0,0,1,0,0,0,0,0,0,0,0,0,0,2026-09-14T05:01:19.045608+00:00
Turquia Super Lig 2026/2027,Gençlerbirliği - Kasımpaşa,2026-09-13T14:00:00+00:00,finished,5,1-2,Gençlerbirliği,Tiago Gouveia,F,90,7.4,48,0,0,0.2284,0.311558,2,1,3,24,16,1,0,9,3,4,1,4,5,0,0,1,1,0,0,2,0,1,21,2,0,1,0,0,2,0,2026-09-14T05:01:19.045324+00:00
Turquia Super Lig 2026/2027,Gençlerbirliği - Kasımpaşa,2026-09-13T14:00:00+00:00,finished,5,1-2,Gençlerbirliği,Yiğit Hamza Aydar,D,0,,0,0,0,,,0,0,0,0,0,0,0,0,0,0,0,0,0,0,0,0,0,0,0,0,0,0,0,0,0,0,0,0,0,0,2026-09-14T05:01:19.045483+00:00
Turquia Super Lig 2026/2027,Gençlerbirliği - Kasımpaşa,2026-09-13T14:00:00+00:00,finished,5,1-2,Gençlerbirliği,İrfan Can Eğribayat,G,90,6.5,48,0,0,,0.00097349,0,0,1,37,29,20,12,0,0,0,0,0,0,0,0,0,0,1,0,10,0,0,8,0,0,0,0,1,2,0,2026-09-14T05:01:19.045361+00:00
Turquia Super Lig 2026/2027,Amed Sportif Faaliyetler - Başakşehir FK,2026-09-13T17:00:00+00:00,finished,5,5-0,Başakşehir FK,Abbosbek Fayzullaev,M,64,6.3,29,0,0,0.0797,0.0112594,2,1,0,18,11,1,0,0,0,3,1,4,3,0,0,2,2,0,0,2,1,0,10,1,0,0,0,0,3,0,2026-09-14T05:01:19.299897+00:00
Turquia Super Lig 2026/2027,Amed Sportif Faaliyetler - Başakşehir FK,2026-09-13T17:00:00+00:00,finished,5,5-0,Amed Sportif Faaliyetler,Alban Lafont,G,92,6.8,34,0,0,,0.00035088,0,0,0,30,24,11,5,0,0,0,0,0,0,0,0,0,0,2,0,4,0,0,6,0,0,0,0,1,0,2,2026-09-14T05:01:19.300077+00:00
Turquia Super Lig 2026/2027,Amed Sportif Faaliyetler - Başakşehir FK,2026-09-13T17:00:00+00:00,finished,5,5-0,Amed Sportif Faaliyetler,Ali Turap Bülbül,D,12,6.8,4,0,0,,0.010423,0,0,0,2,1,0,0,0,0,0,0,1,1,0,0,1,1,0,0,0,0,0,1,0,0,0,0,0,0,0,2026-09-14T05:01:19.300173+00:00
Turquia Super Lig 2026/2027,Amed Sportif Faaliyetler - Başakşehir FK,2026-09-13T17:00:00+00:00,finished,5,5-0,Amed Sportif Faaliyetler,Amadou Cissé,D,29,6.8,7,0,0,,0.186103,0,0,1,5,4,2,1,0,0,0,0,0,0,0,0,0,0,1,0,1,0,0,1,0,0,0,0,0,0,0,2026-09-14T05:01:19.300161+00:00
Turquia Super Lig 2026/2027,Amed Sportif Faaliyetler - Başakşehir FK,2026-09-13T17:00:00+00:00,finished,5,5-0,Başakşehir FK,Andreas Skov Olsen,M,45,6.3,26,0,0,,0.0406751,0,0,2,15,12,1,1,4,1,2,0,2,6,1,2,1,1,0,0,3,0,0,9,0,2,0,0,0,1,0,2026-09-14T05:01:19.299932+00:00
Turquia Super Lig 2026/2027,Amed Sportif Faaliyetler - Başakşehir FK,2026-09-13T17:00:00+00:00,finished,5,5-0,Amed Sportif Faaliyetler,Berk Kızıldemir,F,0,,0,0,0,,,0,0,0,0,0,0,0,0,0,0,0,0,0,0,0,0,0,0,0,0,0,0,0,0,0,0,0,0,0,0,2026-09-14T05:01:19.300192+00:00
Turquia Super Lig 2026/2027,Amed Sportif Faaliyetler - Başakşehir FK,2026-09-13T17:00:00+00:00,finished,5,5-0,Başakşehir FK,Berkay Özcan,M,9,6.4,3,0,0,,0.00085977,0,0,0,3,3,0,0,0,0,0,0,0,0,0,0,0,0,0,0,0,0,0,0,0,0,0,0,0,1,0,2026-09-14T05:01:19.299953+00:00
Turquia Super Lig 2026/2027,Amed Sportif Faaliyetler - Başakşehir FK,2026-09-13T17:00:00+00:00,finished,5,5-0,Başakşehir FK,Bertuğ Yıldırım,F,47,6.2,5,0,0,0.0656,0.00248069,1,0,1,2,2,0,0,0,0,0,0,0,2,0,0,0,0,0,0,1,1,0,1,0,1,0,0,0,4,0,2026-09-14T05:01:19.299912+00:00
Turquia Super Lig 2026/2027,Amed Sportif Faaliyetler - Başakşehir FK,2026-09-13T17:00:00+00:00,finished,5,5-0,Amed Sportif Faaliyetler,Burak Bozan,G,0,,0,0,0,,,0,0,0,0,0,0,0,0,0,0,0,0,0,0,0,0,0,0,0,0,0,0,0,0,0,0,0,0,0,0,2026-09-14T05:01:19.300209+00:00
Turquia Super Lig 2026/2027,Amed Sportif Faaliyetler - Başakşehir FK,2026-09-13T17:00:00+00:00,finished,5,5-0,Amed Sportif Faaliyetler,Cem Üstündag,M,7,,2,0,0,,1.532e-05,0,0,0,1,1,0,0,0,0,0,0,0,0,0,0,0,0,0,0,0,0,0,0,0,0,0,0,0,0,0,2026-09-14T05:01:19.300182+00:00
Turquia Super Lig 2026/2027,Amed Sportif Faaliyetler - Başakşehir FK,2026-09-13T17:00:00+00:00,finished,5,5-0,Başakşehir FK,Christopher Operi,D,92,5.3,52,0,0,0.0223,0.0135807,1,0,0,26,24,0,0,4,0,2,1,3,3,2,0,0,0,4,1,3,0,1,12,0,1,1,0,0,5,0,2026-09-14T05:01:19.299882+00:00
Turquia Super Lig 2026/2027,Amed Sportif Faaliyetler - Başakşehir FK,2026-09-13T17:00:00+00:00,finished,5,5-0,Amed Sportif Faaliyetler,David Robert Bates,D,92,7.7,57,0,0,,0.00404016,0,0,0,47,45,5,4,0,0,0,0,6,0,2,0,2,1,4,0,2,0,0,2,2,0,0,0,0,0,0,2026-09-14T05:01:19.300053+00:00
Turquia Super Lig 2026/2027,Amed Sportif Faaliyetler - Başakşehir FK,2026-09-13T17:00:00+00:00,finished,5,5-0,Başakşehir FK,Davie Selke,F,0,,0,0,0,,,0,0,0,0,0,0,0,0,0,0,0,0,0,0,0,0,0,0,0,0,0,0,0,0,0,0,0,0,0,0,2026-09-14T05:01:19.299966+00:00
Turquia Super Lig 2026/2027,Amed Sportif Faaliyetler - Başakşehir FK,2026-09-13T17:00:00+00:00,finished,5,5-0,Başakşehir FK,Deniz Dilmen,G,92,6.0,53,0,0,,0.00076361,0,0,0,46,32,21,9,0,0,0,0,0,0,0,0,0,0,1,0,9,0,0,14,0,0,0,0,1,5,0,2026-09-14T05:01:19.299858+00:00
Turquia Super Lig 2026/2027,Amed Sportif Faaliyetler - Başakşehir FK,2026-09-13T17:00:00+00:00,finished,5,5-0,Amed Sportif Faaliyetler,Dia Saba,M,92,7.0,33,0,0,0.059,0.0360359,3,1,1,20,17,4,4,1,0,2,2,3,2,0,0,0,0,0,0,2,1,1,9,1,0,0,0,0,0,0,2026-09-14T05:01:19.300005+00:00
Turquia Super Lig 2026/2027,Amed Sportif Faaliyetler - Başakşehir FK,2026-09-13T17:00:00+00:00,finished,5,5-0,Başakşehir FK,Eldor Shomurodov,F,83,6.1,29,0,0,0.0857,0.00851505,1,0,0,19,11,0,0,1,0,0,0,1,4,0,2,0,0,0,0,2,0,1,15,1,1,0,0,0,4,0,2026-09-14T05:01:19.299889+00:00
Turquia Super Lig 2026/2027,Amed Sportif Faaliyetler - Başakşehir FK,2026-09-13T17:00:00+00:00,finished,5,5-0,Başakşehir FK,Emin Bayram,D,92,5.8,74,0,0,,0.0075705,0,0,0,63,57,4,2,0,0,0,0,1,1,1,0,0,0,5,0,2,0,0,6,0,0,0,0,0,5,0,2026-09-14T05:01:19.299850+00:00
Turquia Super Lig 2026/2027,Amed Sportif Faaliyetler - Başakşehir FK,2026-09-13T17:00:00+00:00,finished,5,5-0,Amed Sportif Faaliyetler,Ermal Krasniqi,M,80,9.1,51,0,2,0.0451,1.20864,2,0,5,33,28,8,4,3,1,0,0,2,3,0,0,2,1,0,0,4,1,1,9,0,1,1,0,0,0,0,2026-09-14T05:01:19.300094+00:00
Turquia Super Lig 2026/2027,Amed Sportif Faaliyetler - Başakşehir FK,2026-09-13T17:00:00+00:00,finished,5,5-0,Amed Sportif Faaliyetler,Furkan Soyalp,M,85,7.1,51,0,1,,0.112808,0,0,4,40,31,9,3,1,1,0,0,3,2,1,1,0,0,2,0,11,0,0,11,2,0,0,0,0,0,0,2026-09-14T05:01:19.300089+00:00
Turquia Super Lig 2026/2027,Amed Sportif Faaliyetler - Başakşehir FK,2026-09-13T17:00:00+00:00,finished,5,5-0,Amed Sportif Faaliyetler,Gift Orban,F,80,9.4,28,3,0,2.6671,0.00939935,6,3,0,19,13,4,1,0,0,0,0,1,1,1,1,0,0,0,0,2,2,0,7,0,0,0,0,0,0,0,2026-09-14T05:01:19.300127+00:00
Turquia Super Lig 2026/2027,Amed Sportif Faaliyetler - Başakşehir FK,2026-09-13T17:00:00+00:00,finished,5,5-0,Başakşehir FK,Ivan Brnić,F,28,6.7,20,0,0,0.013,0.0060225,1,0,0,16,14,2,2,2,0,1,1,1,0,0,0,0,0,0,0,0,0,0,4,0,0,0,0,0,2,0,2026-09-14T05:01:19.299945+00:00
Turquia Super Lig 2026/2027,Amed Sportif Faaliyetler - Başakşehir FK,2026-09-13T17:00:00+00:00,finished,5,5-0,Başakşehir FK,Jakub Kałuziński,M,45,6.7,33,0,0,,0.00414462,0,0,0,29,23,3,2,0,0,0,0,2,0,1,0,1,1,0,1,3,0,0,6,0,0,0,0,0,1,0,2026-09-14T05:01:19.299939+00:00
Turquia Super Lig 2026/2027,Amed Sportif Faaliyetler - Başakşehir FK,2026-09-13T17:00:00+00:00,finished,5,5-0,Başakşehir FK,Jerome Opoku,D,92,5.8,65,0,0,,0.00555093,0,0,0,59,53,7,3,0,0,1,1,3,0,0,0,0,0,0,1,2,0,0,6,2,0,0,0,0,5,0,2026-09-14T05:01:19.299812+00:00
Turquia Super Lig 2026/2027,Amed Sportif Faaliyetler - Başakşehir FK,2026-09-13T17:00:00+00:00,finished,5,5-0,Amed Sportif Faaliyetler,Kahraman Demirtaş,D,0,,0,0,0,,,0,0,0,0,0,0,0,0,0,0,0,0,0,0,0,0,0,0,0,0,0,0,0,0,0,0,0,0,0,0,2026-09-14T05:01:19.300196+00:00
Turquia Super Lig 2026/2027,Amed Sportif Faaliyetler - Başakşehir FK,2026-09-13T17:00:00+00:00,finished,5,5-0,Amed Sportif Faaliyetler,Lumbardh Dellova,D,92,7.6,66,0,0,,0.00587024,0,0,1,49,41,11,4,0,0,1,1,3,1,1,0,0,0,8,0,6,0,0,8,1,1,0,0,0,0,0,2026-09-14T05:01:19.300070+00:00
Turquia Super Lig 2026/2027,Amed Sportif Faaliyetler - Başakşehir FK,2026-09-13T17:00:00+00:00,finished,5,5-0,Amed Sportif Faaliyetler,Mbaye Diagne,F,12,7.1,3,1,0,0.6721,,1,1,0,1,0,0,0,0,0,0,0,0,1,0,0,0,0,0,0,1,0,0,2,0,1,0,0,0,0,0,2026-09-14T05:01:19.300167+00:00
Turquia Super Lig 2026/2027,Amed Sportif Faaliyetler - Başakşehir FK,2026-09-13T17:00:00+00:00,finished,5,5-0,Amed Sportif Faaliyetler,Mehmet Yeşil,D,0,,0,0,0,,,0,0,0,0,0,0,0,0,0,0,0,0,0,0,0,0,0,0,0,0,0,0,0,0,0,0,0,0,0,0,2026-09-14T05:01:19.300202+00:00
Turquia Super Lig 2026/2027,Amed Sportif Faaliyetler - Başakşehir FK,2026-09-13T17:00:00+00:00,finished,5,5-0,Başakşehir FK,Michał Karbownik,D,47,5.7,27,0,0,,0.170119,0,0,1,19,17,0,0,0,0,0,0,2,1,1,0,0,0,0,0,7,0,1,4,1,0,0,0,0,4,0,2026-09-14T05:01:19.299919+00:00
Turquia Super Lig 2026/2027,Amed Sportif Faaliyetler - Başakşehir FK,2026-09-13T17:00:00+00:00,finished,5,5-0,Amed Sportif Faaliyetler,Miraç Acer,D,0,,0,0,0,,,0,0,0,0,0,0,0,0,0,0,0,0,0,0,0,0,0,0,0,0,0,0,0,0,0,0,0,0,0,0,2026-09-14T05:01:19.300187+00:00
Turquia Super Lig 2026/2027,Amed Sportif Faaliyetler - Başakşehir FK,2026-09-13T17:00:00+00:00,finished,5,5-0,Amed Sportif Faaliyetler,Mohamed Khalil,F,63,6.3,24,0,0,,0.0341261,0,0,1,11,9,0,0,1,0,3,0,1,7,1,2,0,0,0,1,3,0,1,10,0,1,0,0,0,0,0,2026-09-14T05:01:19.300147+00:00
Turquia Super Lig 2026/2027,Amed Sportif Faaliyetler - Başakşehir FK,2026-09-13T17:00:00+00:00,finished,5,5-0,Başakşehir FK,Olivier Kemen,M,92,6.0,59,0,0,0.0533,0.0322561,1,0,0,44,38,7,3,1,0,2,0,1,5,0,3,0,0,2,2,0,1,0,12,1,0,0,0,0,5,0,2026-09-14T05:01:19.299866+00:00
Turquia Super Lig 2026/2027,Amed Sportif Faaliyetler - Başakşehir FK,2026-09-13T17:00:00+00:00,finished,5,5-0,Başakşehir FK,Onur Ergün,M,0,,0,0,0,,,0,0,0,0,0,0,0,0,0,0,0,0,0,0,0,0,0,0,0,0,0,0,0,0,0,0,0,0,0,0,2026-09-14T05:01:19.299973+00:00
Turquia Super Lig 2026/2027,Amed Sportif Faaliyetler - Başakşehir FK,2026-09-13T17:00:00+00:00,finished,5,5-0,Başakşehir FK,Ousseynou Ba,D,0,,0,0,0,,,0,0,0,0,0,0,0,0,0,0,0,0,0,0,0,0,0,0,0,0,0,0,0,0,0,0,0,0,0,0,2026-09-14T05:01:19.299979+00:00
Turquia Super Lig 2026/2027,Amed Sportif Faaliyetler - Başakşehir FK,2026-09-13T17:00:00+00:00,finished,5,5-0,Amed Sportif Faaliyetler,Rayan Lutin,M,7,,1,0,0,,,0,0,0,0,0,0,0,0,0,0,0,1,0,0,0,0,0,0,0,1,0,0,0,1,0,0,0,0,0,0,2026-09-14T05:01:19.300177+00:00
Turquia Super Lig 2026/2027,Amed Sportif Faaliyetler - Başakşehir FK,2026-09-13T17:00:00+00:00,finished,5,5-0,Amed Sportif Faaliyetler,Rayan Raveloson,M,92,8.0,40,0,1,,0.608357,0,0,5,35,30,4,2,0,0,0,0,2,1,1,0,1,0,1,1,3,0,0,6,0,1,0,0,0,0,0,2026-09-14T05:01:19.300021+00:00
Turquia Super Lig 2026/2027,Amed Sportif Faaliyetler - Başakşehir FK,2026-09-13T17:00:00+00:00,finished,5,5-0,Başakşehir FK,Saba Kharebashvili,D,0,,0,0,0,,,0,0,0,0,0,0,0,0,0,0,0,0,0,0,0,0,0,0,0,0,0,0,0,0,0,0,0,0,0,0,2026-09-14T05:01:19.299959+00:00
Turquia Super Lig 2026/2027,Amed Sportif Faaliyetler - Başakşehir FK,2026-09-13T17:00:00+00:00,finished,5,5-0,Amed Sportif Faaliyetler,Samuel Ballet,F,85,6.9,40,0,0,0.203,0.0799903,6,0,2,21,18,1,1,2,0,2,0,2,9,0,2,2,1,0,1,5,2,1,9,0,2,0,0,0,0,0,2026-09-14T05:01:19.300083+00:00
Turquia Super Lig 2026/2027,Amed Sportif Faaliyetler - Başakşehir FK,2026-09-13T17:00:00+00:00,finished,5,5-0,Başakşehir FK,Umut Güneş,M,92,6.5,69,0,0,,0.0114512,0,0,0,56,52,3,2,0,0,1,1,6,4,1,2,3,2,2,0,4,0,0,6,1,2,1,0,0,5,0,2026-09-14T05:01:19.299874+00:00
Turquia Super Lig 2026/2027,Amed Sportif Faaliyetler - Başakşehir FK,2026-09-13T17:00:00+00:00,finished,5,5-0,Amed Sportif Faaliyetler,Umut Meraş,D,92,7.0,54,0,0,,0.00222271,0,0,0,36,29,4,1,1,0,0,0,5,2,2,1,2,1,1,2,4,0,0,12,1,1,0,0,0,0,0,2026-09-14T05:01:19.300039+00:00
Turquia Super Lig 2026/2027,Amed Sportif Faaliyetler - Başakşehir FK,2026-09-13T17:00:00+00:00,finished,5,5-0,Başakşehir FK,Volkan Babacan,G,0,,0,0,0,,,0,0,0,0,0,0,0,0,0,0,0,0,0,0,0,0,0,0,0,0,0,0,0,0,0,0,0,0,0,0,2026-09-14T05:01:19.299991+00:00
Turquia Super Lig 2026/2027,Amed Sportif Faaliyetler - Başakşehir FK,2026-09-13T17:00:00+00:00,finished,5,5-0,Başakşehir FK,Yusuf Sarı,M,47,6.7,30,0,0,,0.038822,0,0,1,23,19,1,1,2,0,1,1,2,1,0,0,1,1,0,0,3,0,0,8,0,1,0,0,0,4,0,2026-09-14T05:01:19.299905+00:00
Turquia Super Lig 2026/2027,Amed Sportif Faaliyetler - Başakşehir FK,2026-09-13T17:00:00+00:00,finished,5,5-0,Başakşehir FK,Ömer Ali Şahiner,D,45,6.2,31,0,0,,0.00480677,0,0,0,17,14,5,2,1,0,0,0,2,1,0,1,1,1,1,1,1,0,0,6,1,0,0,0,0,1,0,2026-09-14T05:01:19.299926+00:00
Turquia Super Lig 2026/2027,Galatasaray - Kocaelispor,2026-09-13T17:00:00+00:00,finished,5,1-0,Galatasaray,,,86,7.6,54,0,0,0.5029,0.301032,5,1,2,34,27,3,3,4,0,3,2,4,2,1,0,0,0,0,0,2,2,1,14,1,0,0,0,0,0,0,2026-09-14T05:01:19.173171+00:00
Turquia Super Lig 2026/2027,Galatasaray - Kocaelispor,2026-09-13T17:00:00+00:00,finished,5,1-0,Galatasaray,,,77,6.5,21,0,0,0.5087,0.118766,6,1,1,6,4,0,0,0,0,2,2,7,9,4,0,0,0,0,0,0,2,2,7,1,7,1,0,0,0,0,2026-09-14T05:01:19.173201+00:00
Turquia Super Lig 2026/2027,Galatasaray - Kocaelispor,2026-09-13T17:00:00+00:00,finished,5,1-0,Galatasaray,,,0,,0,0,0,,,0,0,0,0,0,0,0,0,0,0,0,0,0,0,0,0,0,0,0,0,0,0,0,0,0,0,0,0,0,0,2026-09-14T05:01:19.173310+00:00
Turquia Super Lig 2026/2027,Galatasaray - Kocaelispor,2026-09-13T17:00:00+00:00,finished,5,1-0,Kocaelispor,,,78,7.0,27,0,0,,0.010515,0,0,1,15,12,0,0,0,0,0,0,8,8,7,5,1,1,6,0,4,0,1,6,0,1,0,0,0,1,0,2026-09-14T05:01:19.173378+00:00
Turquia Super Lig 2026/2027,Galatasaray - Kocaelispor,2026-09-13T17:00:00+00:00,finished,5,1-0,Galatasaray,Abdülkerim Bardakcı,D,94,8.4,88,1,0,0.1927,0.0341567,2,2,1,73,70,5,3,1,0,0,0,5,3,5,3,0,0,5,3,0,0,0,4,0,0,0,0,0,0,0,2026-09-14T05:01:19.173153+00:00
Turquia Super Lig 2026/2027,Galatasaray - Kocaelispor,2026-09-13T17:00:00+00:00,finished,5,1-0,Galatasaray,Aleksey Batrakov,M,35,7.1,24,0,1,,0.26847,0,0,2,12,11,0,0,7,1,0,0,1,3,0,0,1,1,1,0,1,0,1,9,0,1,0,0,0,0,0,2026-09-14T05:01:19.173248+00:00
Turquia Super Lig 2026/2027,Galatasaray - Kocaelispor,2026-09-13T17:00:00+00:00,finished,5,1-0,Kocaelispor,Anfernee Jamal Dijksteel,D,94,7.6,53,0,0,,0.0785723,0,0,3,27,23,1,0,1,1,2,1,8,5,0,2,3,0,3,0,3,0,0,7,4,1,1,0,0,1,0,2026-09-14T05:01:19.173340+00:00
Turquia Super Lig 2026/2027,Galatasaray - Kocaelispor,2026-09-13T17:00:00+00:00,finished,5,1-0,Kocaelispor,Arda Ozyar,F,8,6.3,5,0,0,0.1246,0.00104036,2,1,0,1,1,0,0,0,0,1,0,0,1,0,0,0,0,0,0,0,0,0,2,0,0,0,0,0,0,0,2026-09-14T05:01:19.173452+00:00
Turquia Super Lig 2026/2027,Galatasaray - Kocaelispor,2026-09-13T17:00:00+00:00,finished,5,1-0,Galatasaray,Barış Alper Yılmaz,M,94,7.0,50,0,0,0.0309,0.301744,1,0,3,33,28,1,0,5,2,0,0,4,7,1,3,0,0,0,1,5,0,2,13,3,1,0,0,0,0,0,2026-09-14T05:01:19.173137+00:00
Turquia Super Lig 2026/2027,Galatasaray - Kocaelispor,2026-09-13T17:00:00+00:00,finished,5,1-0,Kocaelispor,Berkan Kutlu,M,77,6.9,48,0,0,0.0264,0.155979,1,0,2,28,21,1,1,4,2,0,0,4,2,0,1,3,1,2,1,3,1,0,13,1,1,0,0,0,1,0,2026-09-14T05:01:19.173385+00:00
Turquia Super Lig 2026/2027,Galatasaray - Kocaelispor,2026-09-13T17:00:00+00:00,finished,5,1-0,Kocaelispor,Dan Agyei,F,59,6.3,11,0,0,0.0717,0.00123618,1,0,0,2,2,0,0,1,0,1,0,1,6,0,2,0,0,0,0,0,0,2,5,1,1,0,0,0,0,0,2026-09-14T05:01:19.173396+00:00
Turquia Super Lig 2026/2027,Galatasaray - Kocaelispor,2026-09-13T17:00:00+00:00,finished,5,1-0,Galatasaray,Davinson Sánchez,D,94,7.9,91,0,0,0.3785,0.0295651,3,0,1,70,65,6,5,0,0,0,0,6,5,5,5,1,1,11,1,2,0,0,5,0,0,0,0,0,0,0,2026-09-14T05:01:19.173145+00:00
Turquia Super Lig 2026/2027,Galatasaray - Kocaelispor,2026-09-13T17:00:00+00:00,finished,5,1-0,Kocaelispor,Ege Bilim,M,0,,0,0,0,,,0,0,0,0,0,0,0,0,0,0,0,0,0,0,0,0,0,0,0,0,0,0,0,0,0,0,0,0,0,0,2026-09-14T05:01:19.173488+00:00
Turquia Super Lig 2026/2027,Galatasaray - Kocaelispor,2026-09-13T17:00:00+00:00,finished,5,1-0,Kocaelispor,Emir Ortakaya,D,0,,0,0,0,,,0,0,0,0,0,0,0,0,0,0,0,0,0,0,0,0,0,0,0,0,0,0,0,0,0,0,0,0,0,0,2026-09-14T05:01:19.173481+00:00
Turquia Super Lig 2026/2027,Galatasaray - Kocaelispor,2026-09-13T17:00:00+00:00,finished,5,1-0,Galatasaray,Eren Elmalı,D,86,6.8,62,0,0,0.2112,0.0275326,1,1,0,35,31,3,2,2,0,2,1,4,4,0,1,3,2,1,0,3,0,2,11,0,0,0,0,0,0,0,2026-09-14T05:01:19.173191+00:00
Turquia Super Lig 2026/2027,Galatasaray - Kocaelispor,2026-09-13T17:00:00+00:00,finished,5,1-0,Galatasaray,Gabriel Sara,M,59,7.3,54,0,0,0.1468,0.30728,3,1,2,34,31,4,3,9,2,1,0,1,1,0,0,0,0,0,0,1,0,0,14,1,0,0,0,0,0,0,2026-09-14T05:01:19.173232+00:00
Turquia Super Lig 2026/2027,Galatasaray - Kocaelispor,2026-09-13T17:00:00+00:00,finished,5,1-0,Kocaelispor,Gonçalo Sousa,F,94,6.7,54,0,0,,0.0251691,0,0,1,42,33,2,1,1,0,1,0,2,3,1,0,1,0,1,1,8,0,1,14,0,0,0,0,0,1,0,2026-09-14T05:01:19.173360+00:00
Turquia Super Lig 2026/2027,Galatasaray - Kocaelispor,2026-09-13T17:00:00+00:00,finished,5,1-0,Galatasaray,Ismail Jakobs,D,8,6.8,4,0,0,,0.00017681,0,0,0,0,0,0,0,1,0,0,0,1,0,1,0,0,0,1,0,0,0,0,2,0,0,0,0,0,0,0,2026-09-14T05:01:19.173290+00:00
Turquia Super Lig 2026/2027,Galatasaray - Kocaelispor,2026-09-13T17:00:00+00:00,finished,5,1-0,Galatasaray,Jankat Yılmaz,G,0,,0,0,0,,,0,0,0,0,0,0,0,0,0,0,0,0,0,0,0,0,0,0,0,0,0,0,0,0,0,0,0,0,0,0,2026-09-14T05:01:19.173303+00:00
Turquia Super Lig 2026/2027,Galatasaray - Kocaelispor,2026-09-13T17:00:00+00:00,finished,5,1-0,Galatasaray,Kaan Ayhan,D,0,,0,0,0,,,0,0,0,0,0,0,0,0,0,0,0,0,0,0,0,0,0,0,0,0,0,0,0,0,0,0,0,0,0,0,2026-09-14T05:01:19.173317+00:00
Turquia Super Lig 2026/2027,Galatasaray - Kocaelispor,2026-09-13T17:00:00+00:00,finished,5,1-0,Galatasaray,Kazımcan Karataş,D,8,6.7,5,0,0,0.1306,0.0182152,2,2,0,1,0,0,0,2,1,0,0,0,1,0,1,0,0,0,0,0,0,0,2,0,0,0,0,0,0,0,2026-09-14T05:01:19.173296+00:00
Turquia Super Lig 2026/2027,Galatasaray - Kocaelispor,2026-09-13T17:00:00+00:00,finished,5,1-0,Galatasaray,Leroy Sané,M,17,7.0,6,0,0,,0.200057,0,0,2,4,3,0,0,0,0,0,0,1,0,0,0,1,1,0,0,1,0,0,2,0,0,0,0,0,0,0,2026-09-14T05:01:19.173269+00:00
Turquia Super Lig 2026/2027,Galatasaray - Kocaelispor,2026-09-13T17:00:00+00:00,finished,5,1-0,Galatasaray,Lesley Ugochukwu,M,17,6.7,8,0,0,0.0678,0.00126342,1,0,0,4,3,0,0,0,0,0,0,2,1,0,1,0,0,0,0,4,1,0,1,2,0,0,0,0,0,0,2026-09-14T05:01:19.173282+00:00
Turquia Super Lig 2026/2027,Galatasaray - Kocaelispor,2026-09-13T17:00:00+00:00,finished,5,1-0,Galatasaray,Lucas Torreira,M,94,7.0,65,0,0,0.017,0.0519058,1,1,2,58,51,8,6,0,0,1,0,0,3,0,1,0,0,1,0,9,0,0,8,0,1,0,0,0,0,0,2026-09-14T05:01:19.173161+00:00
Turquia Super Lig 2026/2027,Galatasaray - Kocaelispor,2026-09-13T17:00:00+00:00,finished,5,1-0,Kocaelispor,Mahamadou Susoho,M,86,6.4,38,0,0,0.1609,0.00812563,3,0,0,21,20,2,1,0,0,1,0,1,3,0,0,0,0,3,2,2,3,0,6,1,2,0,0,0,1,0,2026-09-14T05:01:19.173371+00:00
Turquia Super Lig 2026/2027,Galatasaray - Kocaelispor,2026-09-13T17:00:00+00:00,finished,5,1-0,Kocaelispor,Makana Baku,M,35,6.4,16,0,0,,0.00360937,0,0,0,8,5,0,0,0,0,3,0,2,3,1,0,0,0,1,1,1,0,0,7,1,0,0,0,0,1,0,2026-09-14T05:01:19.173416+00:00
Turquia Super Lig 2026/2027,Galatasaray - Kocaelispor,2026-09-13T17:00:00+00:00,finished,5,1-0,Kocaelispor,Massadio Haïdara,D,94,6.9,52,0,0,,0.00762051,0,0,0,19,16,0,0,3,0,1,1,5,1,1,0,2,2,6,1,4,0,0,9,1,1,0,0,0,1,0,2026-09-14T05:01:19.173350+00:00
Turquia Super Lig 2026/2027,Galatasaray - Kocaelispor,2026-09-13T17:00:00+00:00,finished,5,1-0,Kocaelispor,Matej Maglica,D,94,7.3,49,0,0,0.0804,0.00524592,1,0,1,31,23,8,2,0,0,0,0,7,3,3,2,2,2,9,1,3,0,0,8,2,0,0,0,0,1,0,2026-09-14T05:01:19.173345+00:00
Turquia Super Lig 2026/2027,Galatasaray - Kocaelispor,2026-09-13T17:00:00+00:00,finished,5,1-0,Kocaelispor,Metehan Altunbaş,M,16,6.4,4,0,0,0.1485,0.0122841,2,0,0,1,1,0,0,0,0,0,0,0,2,0,2,0,0,1,0,0,1,0,0,0,0,0,0,0,0,0,2026-09-14T05:01:19.173438+00:00
Turquia Super Lig 2026/2027,Galatasaray - Kocaelispor,2026-09-13T17:00:00+00:00,finished,5,1-0,Kocaelispor,Muharrem Cinan,D,0,,0,0,0,,,0,0,0,0,0,0,0,0,0,0,0,0,0,0,0,0,0,0,0,0,0,0,0,0,0,0,0,0,0,0,2026-09-14T05:01:19.173474+00:00
Turquia Super Lig 2026/2027,Galatasaray - Kocaelispor,2026-09-13T17:00:00+00:00,finished,5,1-0,Kocaelispor,Onur Öztonga,D,0,,0,0,0,,,0,0,0,0,0,0,0,0,0,0,0,0,0,0,0,0,0,0,0,0,0,0,0,0,0,0,0,0,0,0,2026-09-14T05:01:19.173467+00:00
Turquia Super Lig 2026/2027,Galatasaray - Kocaelispor,2026-09-13T17:00:00+00:00,finished,5,1-0,Kocaelispor,Onurcan Piri,G,0,,0,0,0,,,0,0,0,0,0,0,0,0,0,0,0,0,0,0,0,0,0,0,0,0,0,0,0,0,0,0,0,0,0,0,2026-09-14T05:01:19.173459+00:00
Turquia Super Lig 2026/2027,Galatasaray - Kocaelispor,2026-09-13T17:00:00+00:00,finished,5,1-0,Galatasaray,Renato Nhaga,M,0,,0,0,0,,,0,0,0,0,0,0,0,0,0,0,0,0,0,0,0,0,0,0,0,0,0,0,0,0,0,0,0,0,0,0,2026-09-14T05:01:19.173324+00:00
Turquia Super Lig 2026/2027,Galatasaray - Kocaelispor,2026-09-13T17:00:00+00:00,finished,5,1-0,Galatasaray,Roland Sallai,D,94,7.9,82,0,0,0.1887,0.283168,3,0,2,49,41,5,2,6,2,0,0,10,4,3,1,6,2,4,3,5,1,0,14,1,3,1,0,0,0,0,2026-09-14T05:01:19.173067+00:00
Turquia Super Lig 2026/2027,Galatasaray - Kocaelispor,2026-09-13T17:00:00+00:00,finished,5,1-0,Kocaelispor,Serhat Öztaşdelen,G,94,7.4,50,0,0,,0.0126838,0,0,1,34,13,27,6,0,0,0,0,4,0,2,0,0,0,3,0,6,0,0,21,2,0,0,0,8,1,2,2026-09-14T05:01:19.173335+00:00
Turquia Super Lig 2026/2027,Galatasaray - Kocaelispor,2026-09-13T17:00:00+00:00,finished,5,1-0,Kocaelispor,Show,M,94,6.2,60,0,0,,0.00763973,0,0,0,50,39,7,2,0,0,1,0,3,6,1,3,2,2,2,2,8,0,0,14,0,2,0,0,0,1,0,2026-09-14T05:01:19.173354+00:00
Turquia Super Lig 2026/2027,Galatasaray - Kocaelispor,2026-09-13T17:00:00+00:00,finished,5,1-0,Kocaelispor,Tanguy Zoukrou,D,86,6.4,39,0,0,0.101,0.0027064,1,0,0,28,24,7,4,0,0,0,0,1,5,1,3,0,0,6,0,2,1,0,4,0,1,0,0,0,1,0,2026-09-14T05:01:19.173365+00:00
Turquia Super Lig 2026/2027,Galatasaray - Kocaelispor,2026-09-13T17:00:00+00:00,finished,5,1-0,Kocaelispor,Tayfur Bingöl,M,17,6.8,16,0,0,0.0308,0.0835063,1,0,2,10,9,0,0,2,1,0,0,0,0,0,0,0,0,0,0,1,1,0,3,0,0,0,0,0,0,0,2026-09-14T05:01:19.173429+00:00
Turquia Super Lig 2026/2027,Galatasaray - Kocaelispor,2026-09-13T17:00:00+00:00,finished,5,1-0,Kocaelispor,Uğur Kaan Yıldız,D,8,6.6,9,0,0,,0.00034856,0,0,0,5,3,1,0,1,0,0,0,0,1,0,1,0,0,0,0,0,0,0,4,0,0,0,0,0,0,0,2026-09-14T05:01:19.173445+00:00
Turquia Super Lig 2026/2027,Galatasaray - Kocaelispor,2026-09-13T17:00:00+00:00,finished,5,1-0,Galatasaray,Uğurcan Çakır,G,94,6.9,30,0,0,,0.00652704,0,0,0,26,23,6,3,0,0,0,0,0,0,0,0,0,0,1,0,6,0,0,4,0,0,0,0,1,0,0,2026-09-14T05:01:19.173124+00:00
Turquia Super Lig 2026/2027,Galatasaray - Kocaelispor,2026-09-13T17:00:00+00:00,finished,5,1-0,Galatasaray,Yunus Akgün,M,77,7.5,52,0,0,0.0398,0.236547,1,0,1,40,35,2,1,0,0,0,0,3,1,1,0,1,1,0,1,3,0,1,8,1,0,0,0,0,0,0,2026-09-14T05:01:19.173216+00:00
Turquia Super Lig 2026/2027,Galatasaray - Kocaelispor,2026-09-13T17:00:00+00:00,finished,5,1-0,Galatasaray,İlkay Gündoğan,M,0,,0,0,0,,,0,0,0,0,0,0,0,0,0,0,0,0,0,0,0,0,0,0,0,0,0,0,0,0,0,0,0,0,0,0,2026-09-14T05:01:19.173329+00:00
Turquia Super Lig 2026/2027,Gaziantep FK - Fenerbahçe,2026-09-14T17:00:00+00:00,finished,5,0-0,Gaziantep FK,,,8,6.7,5,0,0,,0.00133985,0,0,0,4,4,0,0,0,0,0,0,0,0,0,0,0,0,1,0,1,0,0,0,0,1,0,0,0,0,0,2026-09-15T05:01:26.216908+00:00
Turquia Super Lig 2026/2027,Gaziantep FK - Fenerbahçe,2026-09-14T17:00:00+00:00,finished,5,0-0,Gaziantep FK,,,0,,0,0,0,,,0,0,0,0,0,0,0,0,0,0,0,0,0,0,0,0,0,0,0,0,0,0,0,0,0,0,0,0,0,0,2026-09-15T05:01:26.216915+00:00
Turquia Super Lig 2026/2027,Gaziantep FK - Fenerbahçe,2026-09-14T17:00:00+00:00,finished,5,0-0,Gaziantep FK,,,0,,0,0,0,,,0,0,0,0,0,0,0,0,0,0,0,0,0,0,0,0,0,0,0,0,0,0,0,0,0,0,0,0,0,0,2026-09-15T05:01:26.216943+00:00
Turquia Super Lig 2026/2027,Gaziantep FK - Fenerbahçe,2026-09-14T17:00:00+00:00,finished,5,0-0,Gaziantep FK,Alexandru Maxim,M,61,6.7,42,0,0,0.0706,0.0486229,2,0,2,25,20,5,3,6,1,3,2,2,3,0,0,0,0,0,0,6,1,0,14,0,1,0,0,0,0,0,2026-09-15T05:01:26.216865+00:00
Turquia Super Lig 2026/2027,Gaziantep FK - Fenerbahçe,2026-09-14T17:00:00+00:00,finished,5,0-0,Fenerbahçe,Archie Brown,D,90,7.8,59,0,0,0.2362,0.243735,3,2,2,36,31,6,3,5,4,0,0,1,1,0,0,0,0,1,2,1,0,0,8,1,1,0,0,0,0,0,2026-09-15T05:01:26.216669+00:00
Turquia Super Lig 2026/2027,Gaziantep FK - Fenerbahçe,2026-09-14T17:00:00+00:00,finished,5,0-0,Gaziantep FK,Arda Kızıldağ,D,90,7.3,36,0,0,0.0377,0.00071798,1,0,0,22,17,5,2,0,0,0,0,6,0,5,0,0,0,8,1,3,0,0,5,2,1,1,0,0,0,0,2026-09-15T05:01:26.216819+00:00
Turquia Super Lig 2026/2027,Gaziantep FK - Fenerbahçe,2026-09-14T17:00:00+00:00,finished,5,0-0,Fenerbahçe,Bartuğ Elmaz,M,3,,3,0,0,,2.401e-05,0,0,0,3,3,1,1,0,0,0,0,0,0,0,0,0,0,0,0,2,0,0,0,0,0,0,0,0,0,0,2026-09-15T05:01:26.216757+00:00
Turquia Super Lig 2026/2027,Gaziantep FK - Fenerbahçe,2026-09-14T17:00:00+00:00,finished,5,0-0,Gaziantep FK,Deian Sorescu,M,69,6.9,24,0,0,0.3128,0.0444478,4,0,1,13,8,3,3,2,1,1,1,2,0,0,0,1,0,0,0,1,1,0,8,0,0,0,0,0,0,0,2026-09-15T05:01:26.216857+00:00
Turquia Super Lig 2026/2027,Gaziantep FK - Fenerbahçe,2026-09-14T17:00:00+00:00,finished,5,0-0,Fenerbahçe,Dorgeles Nene,F,0,,0,0,0,,,0,0,0,0,0,0,0,0,0,0,0,0,0,0,0,0,0,0,0,0,0,0,0,0,0,0,0,0,0,0,2026-09-15T05:01:26.216770+00:00
Turquia Super Lig 2026/2027,Gaziantep FK - Fenerbahçe,2026-09-14T17:00:00+00:00,finished,5,0-0,Gaziantep FK,Drissa Camara,M,29,7.1,30,0,0,,0.00215822,0,0,0,8,7,0,0,1,0,8,3,10,5,0,0,2,1,0,0,0,0,0,8,5,0,0,0,0,0,0,2026-09-15T05:01:26.216887+00:00
Turquia Super Lig 2026/2027,Gaziantep FK - Fenerbahçe,2026-09-14T17:00:00+00:00,finished,5,0-0,Fenerbahçe,Ederson,G,90,6.6,56,0,0,,0.0001375,0,0,0,45,36,10,1,0,0,0,0,0,0,0,0,0,0,3,0,10,0,0,10,0,0,0,0,0,0,1,2026-09-15T05:01:26.216591+00:00
Turquia Super Lig 2026/2027,Gaziantep FK - Fenerbahçe,2026-09-14T17:00:00+00:00,finished,5,0-0,Gaziantep FK,Gidado Victor Ntino-Emo,M,90,6.2,29,0,0,0.0128,0.00154978,1,0,0,17,11,1,0,0,0,3,1,1,7,0,1,0,0,1,3,7,0,1,10,0,3,0,0,0,0,0,2026-09-15T05:01:26.216797+00:00
Turquia Super Lig 2026/2027,Gaziantep FK - Fenerbahçe,2026-09-14T17:00:00+00:00,finished,5,0-0,Gaziantep FK,Halil Dervişoğlu,F,60,6.5,16,0,0,,0.00384012,0,0,1,8,6,1,1,0,0,0,0,2,2,2,1,0,0,0,1,1,0,1,6,0,0,0,0,0,0,0,2026-09-15T05:01:26.216872+00:00
Turquia Super Lig 2026/2027,Gaziantep FK - Fenerbahçe,2026-09-14T17:00:00+00:00,finished,5,0-0,Gaziantep FK,Juninho Bacuna,M,0,,0,0,0,,,0,0,0,0,0,0,0,0,0,0,0,0,0,0,0,0,0,0,0,0,0,0,0,0,0,0,0,0,0,0,2026-09-15T05:01:26.216922+00:00
Turquia Super Lig 2026/2027,Gaziantep FK - Fenerbahçe,2026-09-14T17:00:00+00:00,finished,5,0-0,Gaziantep FK,Kacper Kozłowski,M,82,7.0,50,0,0,0.0733,0.0566779,1,0,2,26,23,2,1,5,0,4,3,4,6,1,0,0,0,0,0,5,1,4,18,0,1,0,0,0,0,0,2026-09-15T05:01:26.216850+00:00
Turquia Super Lig 2026/2027,Gaziantep FK - Fenerbahçe,2026-09-14T17:00:00+00:00,finished,5,0-0,Gaziantep FK,Kacper Tobiasz,G,90,8.0,37,0,0,,0.00620695,0,0,1,23,12,22,11,0,0,0,0,0,0,0,0,0,0,1,0,10,0,0,11,0,0,0,0,4,0,0,2026-09-15T05:01:26.216835+00:00
Turquia Super Lig 2026/2027,Gaziantep FK - Fenerbahçe,2026-09-14T17:00:00+00:00,finished,5,0-0,Gaziantep FK,Karamba Gassama,M,21,6.7,8,0,0,0.0351,0.00020918,1,0,0,4,4,0,0,0,0,0,0,0,1,0,0,0,0,1,0,2,1,0,1,0,1,0,0,0,0,0,2026-09-15T05:01:26.216894+00:00
Turquia Super Lig 2026/2027,Gaziantep FK - Fenerbahçe,2026-09-14T17:00:00+00:00,finished,5,0-0,Fenerbahçe,Kerem Aktürkoğlu,F,64,6.8,29,0,0,0.237,0.491646,2,0,4,16,13,2,1,4,1,1,0,1,1,0,0,0,0,0,0,5,0,0,9,1,0,0,0,0,0,0,2026-09-15T05:01:26.216724+00:00
Turquia Super Lig 2026/2027,Gaziantep FK - Fenerbahçe,2026-09-14T17:00:00+00:00,finished,5,0-0,Gaziantep FK,Kerim Çalhanoğlu,D,82,6.8,49,0,0,,0.0131146,0,0,1,28,19,6,3,2,1,0,0,0,2,0,0,0,0,5,4,9,0,0,12,0,2,0,0,0,0,0,2026-09-15T05:01:26.216843+00:00
Turquia Super Lig 2026/2027,Gaziantep FK - Fenerbahçe,2026-09-14T17:00:00+00:00,finished,5,0-0,Fenerbahçe,Kojo Peprah Oppong,D,0,,0,0,0,,,0,0,0,0,0,0,0,0,0,0,0,0,0,0,0,0,0,0,0,0,0,0,0,0,0,0,0,0,0,0,2026-09-15T05:01:26.216777+00:00
Turquia Super Lig 2026/2027,Gaziantep FK - Fenerbahçe,2026-09-14T17:00:00+00:00,finished,5,0-0,Fenerbahçe,Levent Mercan,D,0,,0,0,0,,,0,0,0,0,0,0,0,0,0,0,0,0,0,0,0,0,0,0,0,0,0,0,0,0,0,0,0,0,0,0,2026-09-15T05:01:26.216789+00:00
Turquia Super Lig 2026/2027,Gaziantep FK - Fenerbahçe,2026-09-14T17:00:00+00:00,finished,5,0-0,Gaziantep FK,Luis Pérez,D,90,6.9,31,0,0,,0.0109179,0,0,0,19,15,3,2,0,0,0,0,1,1,0,1,1,1,1,0,1,0,0,8,0,0,0,0,0,0,0,2026-09-15T05:01:26.216828+00:00
Turquia Super Lig 2026/2027,Gaziantep FK - Fenerbahçe,2026-09-14T17:00:00+00:00,finished,5,0-0,Fenerbahçe,Mason Greenwood,F,90,6.9,71,0,0,0.243,0.259875,4,0,2,52,42,4,4,3,1,2,0,5,5,0,0,1,1,0,0,1,1,1,16,4,1,0,0,0,0,0,2026-09-15T05:01:26.216643+00:00
Turquia Super Lig 2026/2027,Gaziantep FK - Fenerbahçe,2026-09-14T17:00:00+00:00,finished,5,0-0,Fenerbahçe,Mattéo Guendouzi,M,64,6.4,39,0,0,0.3479,0.0760459,1,0,1,35,32,5,4,0,0,1,0,0,6,0,3,0,0,0,0,0,0,1,5,0,1,0,0,0,0,0,2026-09-15T05:01:26.216716+00:00
Turquia Super Lig 2026/2027,Gaziantep FK - Fenerbahçe,2026-09-14T17:00:00+00:00,finished,5,0-0,Fenerbahçe,Mert Günok,G,0,,0,0,0,,,0,0,0,0,0,0,0,0,0,0,0,0,0,0,0,0,0,0,0,0,0,0,0,0,0,0,0,0,0,0,2026-09-15T05:01:26.216764+00:00
Turquia Super Lig 2026/2027,Gaziantep FK - Fenerbahçe,2026-09-14T17:00:00+00:00,finished,5,0-0,Fenerbahçe,Mert Müldür,D,77,7.2,64,0,0,,0.00469123,0,0,0,39,28,5,1,1,0,1,1,5,1,1,0,3,0,2,1,4,0,0,16,0,0,0,0,0,0,0,2026-09-15T05:01:26.216702+00:00
Turquia Super Lig 2026/2027,Gaziantep FK - Fenerbahçe,2026-09-14T17:00:00+00:00,finished,5,0-0,Fenerbahçe,Milan Škriniar,D,90,7.6,107,0,0,0.0816,0.0242395,1,1,0,95,87,8,6,0,0,0,0,6,2,1,0,2,0,1,0,3,0,0,9,3,0,0,0,0,0,0,2026-09-15T05:01:26.216686+00:00
Turquia Super Lig 2026/2027,Gaziantep FK - Fenerbahçe,2026-09-14T17:00:00+00:00,finished,5,0-0,Gaziantep FK,Myenty Abena,D,90,8.1,33,0,0,,0.00036242,0,0,0,15,14,0,0,0,0,0,0,10,4,5,2,5,3,6,3,2,0,0,1,0,2,1,0,0,0,0,2026-09-15T05:01:26.216812+00:00
Turquia Super Lig 2026/2027,Gaziantep FK - Fenerbahçe,2026-09-14T17:00:00+00:00,finished,5,0-0,Fenerbahçe,N'Golo Kanté,M,90,6.6,65,0,0,,0.0268482,0,0,1,58,54,2,1,0,0,1,1,1,3,0,0,0,0,1,2,4,0,0,5,0,1,0,0,0,0,0,2026-09-15T05:01:26.216661+00:00
Turquia Super Lig 2026/2027,Gaziantep FK - Fenerbahçe,2026-09-14T17:00:00+00:00,finished,5,0-0,Fenerbahçe,Nathan Aké,D,90,7.2,87,0,0,0.0594,0.00611002,1,0,0,81,77,7,6,0,0,0,0,4,3,2,2,1,1,0,0,3,0,0,4,1,0,0,0,0,0,0,2026-09-15T05:01:26.216677+00:00
Turquia Super Lig 2026/2027,Gaziantep FK - Fenerbahçe,2026-09-14T17:00:00+00:00,finished,5,0-0,Fenerbahçe,Nélson Semedo,D,13,6.9,11,0,0,,0.0020484,0,0,0,9,8,2,1,0,0,0,0,2,0,0,0,2,2,0,0,2,0,0,1,0,0,0,0,0,0,0,2026-09-15T05:01:26.216750+00:00
Turquia Super Lig 2026/2027,Gaziantep FK - Fenerbahçe,2026-09-14T17:00:00+00:00,finished,5,0-0,Gaziantep FK,Ogün Özçiçek,M,0,,0,0,0,,,0,0,0,0,0,0,0,0,0,0,0,0,0,0,0,0,0,0,0,0,0,0,0,0,0,0,0,0,0,0,2026-09-15T05:01:26.216929+00:00
Turquia Super Lig 2026/2027,Gaziantep FK - Fenerbahçe,2026-09-14T17:00:00+00:00,finished,5,0-0,Fenerbahçe,Oğuz Aydın,M,26,6.6,19,0,0,,0.00214966,0,0,0,11,9,1,0,5,0,0,0,2,1,1,0,0,0,1,0,1,0,0,8,1,1,1,0,0,0,0,2026-09-15T05:01:26.216737+00:00
Turquia Super Lig 2026/2027,Gaziantep FK - Fenerbahçe,2026-09-14T17:00:00+00:00,finished,5,0-0,Fenerbahçe,Romelu Lukaku,F,64,6.0,23,0,0,0.0568,0.0438729,1,0,1,14,10,1,1,0,0,0,0,3,6,1,3,1,0,0,0,0,1,2,9,1,0,0,0,0,0,0,2026-09-15T05:01:26.216709+00:00
Turquia Super Lig 2026/2027,Gaziantep FK - Fenerbahçe,2026-09-14T17:00:00+00:00,finished,5,0-0,Gaziantep FK,Serdar Dursun,F,30,6.4,12,0,0,0.0299,0.00264664,1,0,0,10,8,0,0,0,0,0,0,1,3,1,2,0,0,0,0,0,0,0,3,0,1,0,0,0,0,0,2026-09-15T05:01:26.216879+00:00
Turquia Super Lig 2026/2027,Gaziantep FK - Fenerbahçe,2026-09-14T17:00:00+00:00,finished,5,0-0,Gaziantep FK,Sontje Hansen,F,8,6.7,7,0,0,,1.353e-05,0,0,0,3,1,1,0,0,0,2,2,3,0,0,0,0,0,1,0,1,0,0,2,1,0,1,0,0,0,0,2026-09-15T05:01:26.216901+00:00
Turquia Super Lig 2026/2027,Gaziantep FK - Fenerbahçe,2026-09-14T17:00:00+00:00,finished,5,0-0,Gaziantep FK,Trivante Stewart,F,0,,0,0,0,,,0,0,0,0,0,0,0,0,0,0,0,0,0,0,0,0,0,0,0,0,0,0,0,0,0,0,0,0,0,0,2026-09-15T05:01:26.216936+00:00
Turquia Super Lig 2026/2027,Gaziantep FK - Fenerbahçe,2026-09-14T17:00:00+00:00,finished,5,0-0,Gaziantep FK,Ulrich Meleke,M,90,6.6,40,0,0,,0.00764357,0,0,1,29,23,2,2,0,0,2,1,2,6,1,2,0,0,4,4,8,0,0,7,0,3,1,0,0,0,0,2026-09-15T05:01:26.216805+00:00
Turquia Super Lig 2026/2027,Gaziantep FK - Fenerbahçe,2026-09-14T17:00:00+00:00,finished,5,0-0,Fenerbahçe,Vedat Muriqi,F,26,6.4,8,0,0,,0.0872831,0,0,1,5,4,0,0,0,0,0,0,2,4,1,4,0,0,0,0,0,0,0,3,1,1,1,0,0,0,0,2026-09-15T05:01:26.216730+00:00
Turquia Super Lig 2026/2027,Gaziantep FK - Fenerbahçe,2026-09-14T17:00:00+00:00,finished,5,0-0,Fenerbahçe,Yiğit Efe Demir,D,0,,0,0,0,,,0,0,0,0,0,0,0,0,0,0,0,0,0,0,0,0,0,0,0,0,0,0,0,0,0,0,0,0,0,0,2026-09-15T05:01:26.216783+00:00
Turquia Super Lig 2026/2027,Gaziantep FK - Fenerbahçe,2026-09-14T17:00:00+00:00,finished,5,0-0,Fenerbahçe,İrfan Can Kahveci,M,26,6.5,16,0,0,0.0154,0.0157782,1,1,0,7,5,1,0,2,0,0,0,2,3,0,0,2,2,0,0,2,0,1,6,0,0,1,0,0,0,0,2026-09-15T05:01:26.216744+00:00
Turquia Super Lig 2026/2027,Gaziantep FK - Fenerbahçe,2026-09-14T17:00:00+00:00,finished,5,0-0,Fenerbahçe,İsmail Yüksek,M,87,7.3,76,0,0,0.0266,0.0392584,1,0,1,62,53,5,3,0,0,0,0,6,8,2,3,4,3,0,1,6,1,0,12,0,2,0,0,0,0,0,2026-09-15T05:01:26.216694+00:00
Turquia Super Lig 2026/2027,Kasımpaşa - Konyaspor,2026-09-18T17:00:00+00:00,finished,6,0-0,Kasımpaşa,,,90,7.4,62,0,0,,0.00274535,0,0,0,47,42,2,0,0,0,0,0,6,3,3,0,3,1,6,1,1,0,0,5,0,3,0,0,0,0,0,2026-09-19T05:01:44.698010+00:00
Turquia Super Lig 2026/2027,Kasımpaşa - Konyaspor,2026-09-18T17:00:00+00:00,finished,6,0-0,Konyaspor,,,16,6.7,4,0,0,0.0185,0.107816,1,0,1,2,2,0,0,1,1,0,0,0,0,0,0,0,0,0,0,0,0,0,0,0,0,0,0,0,0,0,2026-09-19T05:01:44.698419+00:00
Turquia Super Lig 2026/2027,Kasımpaşa - Konyaspor,2026-09-18T17:00:00+00:00,finished,6,0-0,Konyaspor,,,0,,0,0,0,,,0,0,0,0,0,0,0,0,0,0,0,0,0,0,0,0,0,0,0,0,0,0,0,0,0,0,0,0,0,0,2026-09-19T05:01:44.698449+00:00
Turquia Super Lig 2026/2027,Kasımpaşa - Konyaspor,2026-09-18T17:00:00+00:00,finished,6,0-0,Kasımpaşa,Adem Arous,D,2,,1,0,0,,,0,0,0,0,0,0,0,0,0,0,0,0,1,0,1,0,0,1,0,0,0,0,0,0,0,0,0,0,0,0,2026-09-19T05:01:44.698228+00:00
Turquia Super Lig 2026/2027,Kasımpaşa - Konyaspor,2026-09-18T17:00:00+00:00,finished,6,0-0,Konyaspor,Adil Demirbağ,D,90,7.2,72,0,0,0.3032,0.00473628,2,1,1,60,52,10,6,0,0,0,0,2,1,2,0,0,0,8,0,4,0,0,8,0,1,1,0,0,0,0,2026-09-19T05:01:44.698345+00:00
Turquia Super Lig 2026/2027,Kasımpaşa - Konyaspor,2026-09-18T17:00:00+00:00,finished,6,0-0,Kasımpaşa,Adrian Benedyczak,F,88,6.6,21,0,0,0.2254,0.0260142,3,1,0,9,7,1,1,0,0,0,0,0,2,0,0,0,0,0,0,0,1,1,5,0,1,0,0,0,0,0,2026-09-19T05:01:44.698174+00:00
Turquia Super Lig 2026/2027,Kasımpaşa - Konyaspor,2026-09-18T17:00:00+00:00,finished,6,0-0,Kasımpaşa,Ahmet Taha Dağbaşı,D,0,,0,0,0,,,0,0,0,0,0,0,0,0,0,0,0,0,0,0,0,0,0,0,0,0,0,0,0,0,0,0,0,0,0,0,2026-09-19T05:01:44.698243+00:00
Turquia Super Lig 2026/2027,Kasımpaşa - Konyaspor,2026-09-18T17:00:00+00:00,finished,6,0-0,Kasımpaşa,Ali Emre Yanar,G,0,,0,0,0,,,0,0,0,0,0,0,0,0,0,0,0,0,0,0,0,0,0,0,0,0,0,0,0,0,0,0,0,0,0,0,2026-09-19T05:01:44.698236+00:00
Turquia Super Lig 2026/2027,Kasımpaşa - Konyaspor,2026-09-18T17:00:00+00:00,finished,6,0-0,Kasımpaşa,Ali Yavuz Kol,F,71,6.5,41,0,0,0.0559,0.0535355,2,0,1,22,11,2,0,2,0,4,2,4,7,0,2,1,1,2,1,7,1,0,18,1,4,0,0,0,0,0,2026-09-19T05:01:44.698182+00:00
Turquia Super Lig 2026/2027,Kasımpaşa - Konyaspor,2026-09-18T17:00:00+00:00,finished,6,0-0,Kasımpaşa,Andreas Gianniotis,G,90,8.8,53,0,0,,0.00034683,0,0,0,40,30,19,9,0,0,0,0,1,0,0,0,0,0,0,0,9,0,0,12,1,0,0,0,4,0,0,2026-09-19T05:01:44.698130+00:00
Turquia Super Lig 2026/2027,Kasımpaşa - Konyaspor,2026-09-18T17:00:00+00:00,finished,6,0-0,Konyaspor,Arif Boşluk,D,0,,0,0,0,,,0,0,0,0,0,0,0,0,0,0,0,0,0,0,0,0,0,0,0,0,0,0,0,0,0,0,0,0,0,0,2026-09-19T05:01:44.698456+00:00
Turquia Super Lig 2026/2027,Kasımpaşa - Konyaspor,2026-09-18T17:00:00+00:00,finished,6,0-0,Konyaspor,Arthur Masuaku,D,90,7.6,73,0,0,0.0328,0.0173176,1,0,1,42,36,10,6,2,0,5,3,6,4,2,0,1,1,5,2,14,1,0,18,0,1,0,0,0,0,0,2026-09-19T05:01:44.698353+00:00
Turquia Super Lig 2026/2027,Kasımpaşa - Konyaspor,2026-09-18T17:00:00+00:00,finished,6,0-0,Kasımpaşa,Atakan Mujde,M,0,,0,0,0,,,0,0,0,0,0,0,0,0,0,0,0,0,0,0,0,0,0,0,0,0,0,0,0,0,0,0,0,0,0,0,2026-09-19T05:01:44.698257+00:00
Turquia Super Lig 2026/2027,Kasımpaşa - Konyaspor,2026-09-18T17:00:00+00:00,finished,6,0-0,Kasımpaşa,Ayberk Karapo,D,19,6.6,11,0,0,,0.00033519,0,0,0,7,6,1,0,1,0,0,0,1,1,0,0,0,0,0,1,1,0,0,3,1,1,1,0,0,0,0,2026-09-19T05:01:44.698213+00:00
Turquia Super Lig 2026/2027,Kasımpaşa - Konyaspor,2026-09-18T17:00:00+00:00,finished,6,0-0,Konyaspor,Bahadır Han Güngördü,G,90,7.8,54,0,0,,0.00228459,0,0,0,46,34,21,9,0,0,0,0,1,0,1,0,0,0,0,0,12,0,0,13,0,0,0,0,2,0,0,2026-09-19T05:01:44.698322+00:00
Turquia Super Lig 2026/2027,Kasımpaşa - Konyaspor,2026-09-18T17:00:00+00:00,finished,6,0-0,Konyaspor,Chidozie Awaziem,D,0,,0,0,0,,,0,0,0,0,0,0,0,0,0,0,0,0,0,0,0,0,0,0,0,0,0,0,0,0,0,0,0,0,0,0,2026-09-19T05:01:44.698442+00:00
Turquia Super Lig 2026/2027,Kasımpaşa - Konyaspor,2026-09-18T17:00:00+00:00,finished,6,0-0,Kasımpaşa,Cláudio Winck,D,90,7.4,65,0,0,0.1069,0.0896209,3,1,2,41,32,8,4,0,0,2,2,7,4,2,2,1,1,2,1,4,1,0,12,2,0,1,0,0,0,0,2026-09-19T05:01:44.698000+00:00
Turquia Super Lig 2026/2027,Kasımpaşa - Konyaspor,2026-09-18T17:00:00+00:00,finished,6,0-0,Konyaspor,Deniz Ertaş,G,0,,0,0,0,,,0,0,0,0,0,0,0,0,0,0,0,0,0,0,0,0,0,0,0,0,0,0,0,0,0,0,0,0,0,0,2026-09-19T05:01:44.698435+00:00
Turquia Super Lig 2026/2027,Kasımpaşa - Konyaspor,2026-09-18T17:00:00+00:00,finished,6,0-0,Konyaspor,Deniz Türüç,M,89,6.7,57,0,0,0.0275,0.296419,1,0,2,37,29,2,0,7,2,2,2,3,4,0,1,1,1,0,0,4,0,0,17,0,2,0,0,0,0,0,2026-09-19T05:01:44.698376+00:00
Turquia Super Lig 2026/2027,Kasımpaşa - Konyaspor,2026-09-18T17:00:00+00:00,finished,6,0-0,Konyaspor,Diogo Gonçalves,M,74,6.6,41,0,0,0.0317,0.164253,1,1,1,26,21,2,2,3,2,3,0,2,5,0,0,0,0,0,2,2,0,1,11,2,1,0,0,0,0,0,2026-09-19T05:01:44.698384+00:00
Turquia Super Lig 2026/2027,Kasımpaşa - Konyaspor,2026-09-18T17:00:00+00:00,finished,6,0-0,Konyaspor,Ebrima Colley,F,1,,2,0,0,,8.49e-06,0,0,0,2,2,0,0,0,0,0,0,0,0,0,0,0,0,0,0,2,0,0,0,0,0,0,0,0,0,0,2026-09-19T05:01:44.698427+00:00
Turquia Super Lig 2026/2027,Kasımpaşa - Konyaspor,2026-09-18T17:00:00+00:00,finished,6,0-0,Kasımpaşa,Elson Mendes,M,90,7.3,43,0,0,,0.0300131,0,0,1,30,23,6,3,1,0,0,0,7,3,0,0,1,0,0,3,8,0,0,9,6,1,0,0,0,0,0,2026-09-19T05:01:44.698155+00:00
Turquia Super Lig 2026/2027,Kasımpaşa - Konyaspor,2026-09-18T17:00:00+00:00,finished,6,0-0,Konyaspor,Emir Bars,M,0,,0,0,0,,,0,0,0,0,0,0,0,0,0,0,0,0,0,0,0,0,0,0,0,0,0,0,0,0,0,0,0,0,0,0,2026-09-19T05:01:44.698469+00:00
Turquia Super Lig 2026/2027,Kasımpaşa - Konyaspor,2026-09-18T17:00:00+00:00,finished,6,0-0,Kasımpaşa,Emirhan Boz,M,0,,0,0,0,,,0,0,0,0,0,0,0,0,0,0,0,0,0,0,0,0,0,0,0,0,0,0,0,0,0,0,0,0,0,0,2026-09-19T05:01:44.698249+00:00
Turquia Super Lig 2026/2027,Kasımpaşa - Konyaspor,2026-09-18T17:00:00+00:00,finished,6,0-0,Konyaspor,Enis Bardhi,M,32,6.5,12,0,0,,0.0222229,0,0,0,8,6,1,0,0,0,0,0,1,2,0,0,0,0,0,0,0,0,1,4,1,1,0,0,0,0,0,2026-09-19T05:01:44.698405+00:00
Turquia Super Lig 2026/2027,Kasımpaşa - Konyaspor,2026-09-18T17:00:00+00:00,finished,6,0-0,Kasımpaşa,Güven Yalçın,F,90,6.7,49,0,0,0.1086,0.0130272,3,0,0,27,15,2,0,4,0,0,0,4,4,0,3,3,1,3,0,7,1,0,18,1,2,0,0,0,0,0,2026-09-19T05:01:44.697955+00:00
Turquia Super Lig 2026/2027,Kasımpaşa - Konyaspor,2026-09-18T17:00:00+00:00,finished,6,0-0,Kasımpaşa,Haris Hajradinović,M,29,6.6,17,0,0,,0.00952502,0,0,0,9,8,2,2,1,0,2,0,1,4,0,0,1,0,0,1,3,0,1,5,0,0,0,0,0,0,0,2026-09-19T05:01:44.698206+00:00
Turquia Super Lig 2026/2027,Kasımpaşa - Konyaspor,2026-09-18T17:00:00+00:00,finished,6,0-0,Konyaspor,Jackson Muleka,F,74,6.5,27,0,0,0.1651,0.0511351,2,0,0,9,4,0,0,1,1,3,1,8,9,2,4,1,0,0,0,1,1,1,12,4,2,0,0,0,0,0,2026-09-19T05:01:44.698391+00:00
Turquia Super Lig 2026/2027,Kasımpaşa - Konyaspor,2026-09-18T17:00:00+00:00,finished,6,0-0,Kasımpaşa,Jakob Jessen,D,71,7.2,56,0,0,,0.0273571,0,0,2,32,26,5,3,0,0,2,1,3,3,1,0,1,1,5,1,2,0,1,12,0,0,0,0,0,0,0,2026-09-19T05:01:44.698189+00:00
Turquia Super Lig 2026/2027,Kasımpaşa - Konyaspor,2026-09-18T17:00:00+00:00,finished,6,0-0,Kasımpaşa,Kerem Demirbay,M,90,7.2,65,0,0,,0.0900515,0,0,3,47,38,8,4,6,2,0,0,5,3,1,0,2,2,0,2,7,0,1,15,2,2,0,0,0,0,0,2026-09-19T05:01:44.698166+00:00
Turquia Super Lig 2026/2027,Kasımpaşa - Konyaspor,2026-09-18T17:00:00+00:00,finished,6,0-0,Kasımpaşa,Marcus Rafferty,M,61,6.3,11,0,0,0.0595,0.0010437,2,0,0,4,3,1,1,2,0,1,0,0,4,0,2,0,0,0,0,2,2,0,4,0,0,0,0,0,0,0,2026-09-19T05:01:44.698197+00:00
Turquia Super Lig 2026/2027,Kasımpaşa - Konyaspor,2026-09-18T17:00:00+00:00,finished,6,0-0,Konyaspor,Marko Jevtović,M,58,6.7,34,0,0,,0.00442661,0,0,0,30,22,6,2,0,0,0,0,3,1,1,0,0,0,1,0,2,0,0,9,2,1,1,0,0,0,0,2026-09-19T05:01:44.698397+00:00
Turquia Super Lig 2026/2027,Kasımpaşa - Konyaspor,2026-09-18T17:00:00+00:00,finished,6,0-0,Kasımpaşa,Matei Ilie,D,90,6.1,56,0,0,,0.00389108,0,0,0,45,37,4,1,0,0,0,0,1,7,1,4,0,0,2,1,2,0,0,9,0,3,1,0,0,0,0,2026-09-19T05:01:44.698018+00:00
Turquia Super Lig 2026/2027,Kasımpaşa - Konyaspor,2026-09-18T17:00:00+00:00,finished,6,0-0,Kasımpaşa,Mecit Deniz,F,0,,0,0,0,,,0,0,0,0,0,0,0,0,0,0,0,0,0,0,0,0,0,0,0,0,0,0,0,0,0,0,0,0,0,0,2026-09-19T05:01:44.698312+00:00
Turquia Super Lig 2026/2027,Kasımpaşa - Konyaspor,2026-09-18T17:00:00+00:00,finished,6,0-0,Konyaspor,Melih İbrahimoğlu,M,90,6.4,38,0,0,,0.00896211,0,0,0,27,23,6,4,0,0,0,0,1,6,0,0,1,1,0,0,2,0,0,8,0,5,1,0,0,0,0,2026-09-19T05:01:44.698360+00:00
Turquia Super Lig 2026/2027,Kasımpaşa - Konyaspor,2026-09-18T17:00:00+00:00,finished,6,0-0,Konyaspor,Mostafa Mohamed,F,16,6.5,6,0,0,,0.00157375,0,0,0,4,1,0,0,0,0,0,0,2,1,1,1,0,0,0,0,0,0,0,3,1,1,0,0,0,0,0,2026-09-19T05:01:44.698412+00:00
Turquia Super Lig 2026/2027,Kasımpaşa - Konyaspor,2026-09-18T17:00:00+00:00,finished,6,0-0,Kasımpaşa,Muhammed Bektaş,F,0,,0,0,0,,,0,0,0,0,0,0,0,0,0,0,0,0,0,0,0,0,0,0,0,0,0,0,0,0,0,0,0,0,0,0,2026-09-19T05:01:44.698293+00:00
Turquia Super Lig 2026/2027,Kasımpaşa - Konyaspor,2026-09-18T17:00:00+00:00,finished,6,0-0,Konyaspor,Omer Cobanoglu,M,0,,0,0,0,,,0,0,0,0,0,0,0,0,0,0,0,0,0,0,0,0,0,0,0,0,0,0,0,0,0,0,0,0,0,0,2026-09-19T05:01:44.698462+00:00
Turquia Super Lig 2026/2027,Kasımpaşa - Konyaspor,2026-09-18T17:00:00+00:00,finished,6,0-0,Konyaspor,Rajmund Tóth,M,90,7.5,40,0,0,0.4111,0.0236416,2,1,1,23,18,1,1,0,0,2,1,5,3,1,1,1,0,2,0,6,1,1,9,2,0,0,0,0,0,0,2026-09-19T05:01:44.698368+00:00
Turquia Super Lig 2026/2027,Kasımpaşa - Konyaspor,2026-09-18T17:00:00+00:00,finished,6,0-0,Konyaspor,Rayyan Baniya,D,90,7.0,78,0,0,,0.00203852,0,0,0,60,49,7,1,0,0,0,0,3,1,1,0,2,1,9,2,5,0,0,11,0,1,1,0,0,0,0,2026-09-19T05:01:44.698338+00:00
Turquia Super Lig 2026/2027,Kasımpaşa - Konyaspor,2026-09-18T17:00:00+00:00,finished,6,0-0,Kasımpaşa,Thiemoko Diarra,M,19,6.5,7,0,0,,0.00028003,0,0,0,3,2,0,0,0,0,0,0,1,2,0,1,0,0,0,1,2,0,1,2,1,0,0,0,0,0,0,2026-09-19T05:01:44.698221+00:00
Turquia Super Lig 2026/2027,Kasımpaşa - Konyaspor,2026-09-18T17:00:00+00:00,finished,6,0-0,Konyaspor,Uğurcan Yazğılı,D,90,7.7,71,0,0,0.1613,0.0530889,1,1,1,39,31,8,1,1,1,1,0,9,5,3,2,3,1,4,0,6,0,0,14,3,0,0,0,0,0,0,2026-09-19T05:01:44.698330+00:00
Turquia Super Lig 2026/2027,Kocaelispor - Gaziantep FK,2026-09-19T14:00:00+00:00,finished,6,2-0,Gaziantep FK,,,0,,0,0,0,,,0,0,0,0,0,0,0,0,0,0,0,0,0,0,0,0,0,0,0,0,0,0,0,0,0,0,0,0,0,0,2026-09-20T05:01:46.631887+00:00
Turquia Super Lig 2026/2027,Kocaelispor - Gaziantep FK,2026-09-19T14:00:00+00:00,finished,6,2-0,Gaziantep FK,,,0,,0,0,0,,,0,0,0,0,0,0,0,0,0,0,0,0,0,0,0,0,0,0,0,0,0,0,0,0,0,0,0,0,0,0,2026-09-20T05:01:46.631902+00:00
Turquia Super Lig 2026/2027,Kocaelispor - Gaziantep FK,2026-09-19T14:00:00+00:00,finished,6,2-0,Gaziantep FK,,,0,,0,0,0,,,0,0,0,0,0,0,0,0,0,0,0,0,0,0,0,0,0,0,0,0,0,0,0,0,0,0,0,0,0,0,2026-09-20T05:01:46.631913+00:00
Turquia Super Lig 2026/2027,Kocaelispor - Gaziantep FK,2026-09-19T14:00:00+00:00,finished,6,2-0,Kocaelispor,,,74,7.1,23,0,0,0.3199,0.00929091,4,1,1,14,10,0,0,0,0,0,0,5,4,2,3,1,1,1,0,0,3,1,5,2,0,0,0,0,0,0,2026-09-20T05:01:46.631962+00:00
Turquia Super Lig 2026/2027,Kocaelispor - Gaziantep FK,2026-09-19T14:00:00+00:00,finished,6,2-0,Kocaelispor,,,0,,0,0,0,,,0,0,0,0,0,0,0,0,0,0,0,0,0,0,0,0,0,0,0,0,0,0,0,0,0,0,0,0,0,0,2026-09-20T05:01:46.632003+00:00
Turquia Super Lig 2026/2027,Kocaelispor - Gaziantep FK,2026-09-19T14:00:00+00:00,finished,6,2-0,Gaziantep FK,Alexandru Maxim,M,70,7.2,40,0,0,,0.101876,0,0,2,31,27,2,2,2,1,1,0,4,1,1,0,0,0,1,0,3,0,0,6,3,0,0,0,0,1,0,2026-09-20T05:01:46.631763+00:00
Turquia Super Lig 2026/2027,Kocaelispor - Gaziantep FK,2026-09-19T14:00:00+00:00,finished,6,2-0,Kocaelispor,Anfernee Jamal Dijksteel,D,90,6.4,67,0,0,0.3024,0.00764112,1,0,1,52,42,6,2,0,0,0,0,2,3,1,1,1,0,2,2,4,0,1,13,0,0,0,0,0,0,0,2026-09-20T05:01:46.631942+00:00
Turquia Super Lig 2026/2027,Kocaelispor - Gaziantep FK,2026-09-19T14:00:00+00:00,finished,6,2-0,Gaziantep FK,Arda Kızıldağ,D,90,7.9,90,0,0,0.0154,0.0491254,1,0,0,64,56,5,3,0,0,0,0,9,5,4,4,3,2,8,6,9,0,0,9,2,0,0,0,0,2,0,2026-09-20T05:01:46.631741+00:00
Turquia Super Lig 2026/2027,Kocaelispor - Gaziantep FK,2026-09-19T14:00:00+00:00,finished,6,2-0,Kocaelispor,Arda Ozyar,F,0,,0,0,0,,,0,0,0,0,0,0,0,0,0,0,0,0,0,0,0,0,0,0,0,0,0,0,0,0,0,0,0,0,0,0,2026-09-20T05:01:46.632016+00:00
Turquia Super Lig 2026/2027,Kocaelispor - Gaziantep FK,2026-09-19T14:00:00+00:00,finished,6,2-0,Kocaelispor,Bedirhan Yıldız,F,0,,0,0,0,,,0,0,0,0,0,0,0,0,0,0,0,0,0,0,0,0,0,0,0,0,0,0,0,0,0,0,0,0,0,0,2026-09-20T05:01:46.632009+00:00
Turquia Super Lig 2026/2027,Kocaelispor - Gaziantep FK,2026-09-19T14:00:00+00:00,finished,6,2-0,Kocaelispor,Berkan Kutlu,M,90,8.4,71,1,1,0.0936,0.11432,4,2,1,53,40,12,5,2,0,2,1,3,8,0,1,2,2,3,1,7,1,2,19,0,2,0,0,0,0,0,2026-09-20T05:01:46.631919+00:00
Turquia Super Lig 2026/2027,Kocaelispor - Gaziantep FK,2026-09-19T14:00:00+00:00,finished,6,2-0,Kocaelispor,Dan Agyei,F,16,8.4,12,1,0,0.0558,0.432252,2,1,1,6,5,0,0,0,0,1,0,2,2,1,1,1,1,0,0,0,1,0,2,0,0,0,0,0,0,0,2026-09-20T05:01:46.631984+00:00
Turquia Super Lig 2026/2027,Kocaelispor - Gaziantep FK,2026-09-19T14:00:00+00:00,finished,6,2-0,Gaziantep FK,Deian Sorescu,M,90,6.5,37,0,0,0.1124,0.0874493,3,2,1,18,18,0,0,2,1,2,1,5,5,0,1,2,2,0,1,6,0,2,5,2,1,0,0,0,2,0,2026-09-20T05:01:46.631684+00:00
Turquia Super Lig 2026/2027,Kocaelispor - Gaziantep FK,2026-09-19T14:00:00+00:00,finished,6,2-0,Gaziantep FK,Drissa Camara,M,30,6.5,20,0,0,0.0346,0.0136107,1,0,0,11,8,0,0,1,0,0,0,2,1,0,0,0,0,1,1,1,1,0,5,2,1,0,0,0,1,0,2026-09-20T05:01:46.631829+00:00
Turquia Super Lig 2026/2027,Kocaelispor - Gaziantep FK,2026-09-19T14:00:00+00:00,finished,6,2-0,Kocaelispor,Ege Bilim,M,3,,1,0,0,,,0,0,0,0,0,0,0,0,0,0,0,0,0,0,0,0,0,0,0,0,0,0,0,0,0,0,0,0,0,0,2026-09-20T05:01:46.631994+00:00
Turquia Super Lig 2026/2027,Kocaelispor - Gaziantep FK,2026-09-19T14:00:00+00:00,finished,6,2-0,Kocaelispor,Emir Ortakaya,D,90,7.0,76,0,0,,0.00307355,0,0,0,60,49,8,2,0,0,0,0,3,2,1,0,2,1,7,3,2,0,1,12,0,1,0,0,0,0,0,2026-09-20T05:01:46.631948+00:00
Turquia Super Lig 2026/2027,Kocaelispor - Gaziantep FK,2026-09-19T14:00:00+00:00,finished,6,2-0,Gaziantep FK,Gidado Victor Ntino-Emo,M,60,6.2,22,0,0,0.095,0.00610973,2,0,2,13,9,2,0,0,0,0,0,2,5,1,2,0,0,2,0,2,1,0,7,1,2,0,0,0,1,0,2026-09-20T05:01:46.631796+00:00
Turquia Super Lig 2026/2027,Kocaelispor - Gaziantep FK,2026-09-19T14:00:00+00:00,finished,6,2-0,Kocaelispor,Gonçalo Sousa,F,87,7.1,50,0,1,0.1321,0.0797792,3,0,3,37,31,2,1,0,0,4,3,8,5,1,2,1,1,0,1,6,1,0,7,3,1,1,0,0,0,0,2026-09-20T05:01:46.631958+00:00
Turquia Super Lig 2026/2027,Kocaelispor - Gaziantep FK,2026-09-19T14:00:00+00:00,finished,6,2-0,Gaziantep FK,Halil Dervişoğlu,F,70,6.4,29,0,0,0.2573,0.0885139,4,0,1,13,10,0,0,0,0,3,1,9,9,3,2,3,3,0,0,2,0,2,9,2,2,1,0,0,1,0,2026-09-20T05:01:46.631782+00:00
Turquia Super Lig 2026/2027,Kocaelispor - Gaziantep FK,2026-09-19T14:00:00+00:00,finished,6,2-0,Gaziantep FK,Juninho Bacuna,M,20,6.4,26,0,0,,0.0153955,0,0,0,19,17,2,2,0,0,1,1,2,6,0,1,0,0,0,0,2,0,2,4,1,2,0,0,0,1,0,2026-09-20T05:01:46.631851+00:00
Turquia Super Lig 2026/2027,Kocaelispor - Gaziantep FK,2026-09-19T14:00:00+00:00,finished,6,2-0,Gaziantep FK,Kacper Kozłowski,M,90,6.7,55,0,0,0.3582,0.280486,4,1,4,36,28,3,2,0,0,3,1,6,4,1,0,1,1,0,0,3,1,1,15,3,0,1,0,0,2,0,2026-09-20T05:01:46.631726+00:00
Turquia Super Lig 2026/2027,Kocaelispor - Gaziantep FK,2026-09-19T14:00:00+00:00,finished,6,2-0,Gaziantep FK,Kacper Tobiasz,G,90,6.2,56,0,0,,0.00243572,0,0,0,46,32,30,17,0,0,0,0,0,0,0,0,0,0,3,0,10,0,0,14,0,0,0,0,3,2,1,2026-09-20T05:01:46.631706+00:00
Turquia Super Lig 2026/2027,Kocaelispor - Gaziantep FK,2026-09-19T14:00:00+00:00,finished,6,2-0,Gaziantep FK,Karamba Gassama,M,0,,0,0,0,,,0,0,0,0,0,0,0,0,0,0,0,0,0,0,0,0,0,0,0,0,0,0,0,0,0,0,0,0,0,0,2026-09-20T05:01:46.631873+00:00
Turquia Super Lig 2026/2027,Kocaelispor - Gaziantep FK,2026-09-19T14:00:00+00:00,finished,6,2-0,Gaziantep FK,Kerim Çalhanoğlu,D,90,6.2,67,0,0,,0.022519,0,0,2,46,34,4,2,1,0,2,1,3,4,2,0,0,0,4,3,4,0,0,17,0,2,0,0,0,2,0,2026-09-20T05:01:46.631633+00:00
Turquia Super Lig 2026/2027,Kocaelispor - Gaziantep FK,2026-09-19T14:00:00+00:00,finished,6,2-0,Gaziantep FK,Luis Pérez,D,60,6.4,45,0,0,,0.0223421,0,0,1,29,19,4,2,1,1,1,0,3,1,1,0,2,1,2,1,2,0,0,14,0,0,0,0,0,1,0,2026-09-20T05:01:46.631810+00:00
Turquia Super Lig 2026/2027,Kocaelispor - Gaziantep FK,2026-09-19T14:00:00+00:00,finished,6,2-0,Kocaelispor,Mahamadou Susoho,M,87,7.6,58,0,0,,0.0500483,0,0,2,42,37,4,3,0,0,1,0,9,7,2,3,3,2,0,1,6,0,1,8,4,2,0,0,0,0,0,2026-09-20T05:01:46.631953+00:00
Turquia Super Lig 2026/2027,Kocaelispor - Gaziantep FK,2026-09-19T14:00:00+00:00,finished,6,2-0,Kocaelispor,Makana Baku,M,16,6.6,12,0,0,0.0931,0.00208849,1,1,0,7,4,0,0,0,0,1,1,1,0,0,0,0,0,0,0,3,0,0,3,0,0,0,0,0,0,0,2026-09-20T05:01:46.631989+00:00
Turquia Super Lig 2026/2027,Kocaelispor - Gaziantep FK,2026-09-19T14:00:00+00:00,finished,6,2-0,Kocaelispor,Massadio Haïdara,D,24,6.5,19,0,0,,0.00238454,0,0,0,11,9,1,0,0,0,1,1,1,1,0,0,0,0,0,0,2,0,1,3,0,0,0,0,0,0,0,2026-09-20T05:01:46.631978+00:00
Turquia Super Lig 2026/2027,Kocaelispor - Gaziantep FK,2026-09-19T14:00:00+00:00,finished,6,2-0,Kocaelispor,Metehan Altunbaş,M,74,6.4,21,0,0,,0.0045596,0,0,0,16,15,0,0,0,0,1,1,3,6,1,3,1,1,0,0,1,0,0,3,0,2,0,0,0,0,0,2026-09-20T05:01:46.631968+00:00
Turquia Super Lig 2026/2027,Kocaelispor - Gaziantep FK,2026-09-19T14:00:00+00:00,finished,6,2-0,Kocaelispor,Muharrem Cinan,D,66,6.5,52,0,0,,0.0140118,0,0,0,27,22,1,0,6,1,1,0,3,5,1,2,2,1,4,1,4,0,1,15,0,1,0,0,0,0,0,2026-09-20T05:01:46.631973+00:00
Turquia Super Lig 2026/2027,Kocaelispor - Gaziantep FK,2026-09-19T14:00:00+00:00,finished,6,2-0,Gaziantep FK,Myenty Abena,D,90,6.5,54,0,0,,0.00302828,0,0,1,47,43,0,0,0,0,0,0,4,1,3,0,1,0,0,3,5,0,0,4,0,1,0,0,0,2,0,2026-09-20T05:01:46.631695+00:00
Turquia Super Lig 2026/2027,Kocaelispor - Gaziantep FK,2026-09-19T14:00:00+00:00,finished,6,2-0,Gaziantep FK,Ogün Özçiçek,M,0,,0,0,0,,,0,0,0,0,0,0,0,0,0,0,0,0,0,0,0,0,0,0,0,0,0,0,0,0,0,0,0,0,0,0,2026-09-20T05:01:46.631880+00:00
Turquia Super Lig 2026/2027,Kocaelispor - Gaziantep FK,2026-09-19T14:00:00+00:00,finished,6,2-0,Kocaelispor,Onur Öztonga,D,0,,0,0,0,,,0,0,0,0,0,0,0,0,0,0,0,0,0,0,0,0,0,0,0,0,0,0,0,0,0,0,0,0,0,0,2026-09-20T05:01:46.632026+00:00
Turquia Super Lig 2026/2027,Kocaelispor - Gaziantep FK,2026-09-19T14:00:00+00:00,finished,6,2-0,Kocaelispor,Onurcan Piri,G,0,,0,0,0,,,0,0,0,0,0,0,0,0,0,0,0,0,0,0,0,0,0,0,0,0,0,0,0,0,0,0,0,0,0,0,2026-09-20T05:01:46.632046+00:00
Turquia Super Lig 2026/2027,Kocaelispor - Gaziantep FK,2026-09-19T14:00:00+00:00,finished,6,2-0,Gaziantep FK,Serdar Dursun,F,20,6.5,8,0,0,,0.00185772,0,0,0,7,5,0,0,0,0,0,0,0,0,0,0,0,0,0,0,0,0,0,3,0,0,0,0,0,1,0,2026-09-20T05:01:46.631858+00:00
Turquia Super Lig 2026/2027,Kocaelispor - Gaziantep FK,2026-09-19T14:00:00+00:00,finished,6,2-0,Kocaelispor,Serhat Öztaşdelen,G,90,7.1,46,0,0,,0.0290945,0,0,1,37,22,21,6,0,0,0,0,1,0,0,0,0,0,0,0,8,0,0,16,1,0,0,0,3,0,0,2026-09-20T05:01:46.631931+00:00
Turquia Super Lig 2026/2027,Kocaelispor - Gaziantep FK,2026-09-19T14:00:00+00:00,finished,6,2-0,Kocaelispor,Show,M,90,7.1,69,0,0,0.0903,0.317381,3,0,2,58,53,6,4,1,0,0,0,2,8,0,1,1,1,0,2,6,1,1,7,1,5,0,0,0,0,0,2026-09-20T05:01:46.631925+00:00
Turquia Super Lig 2026/2027,Kocaelispor - Gaziantep FK,2026-09-19T14:00:00+00:00,finished,6,2-0,Gaziantep FK,Sontje Hansen,F,30,6.6,16,0,0,,0.00576037,0,0,1,9,8,1,1,2,0,1,0,1,1,1,0,0,0,0,0,2,0,0,7,0,0,0,0,0,1,0,2026-09-20T05:01:46.631842+00:00
Turquia Super Lig 2026/2027,Kocaelispor - Gaziantep FK,2026-09-19T14:00:00+00:00,finished,6,2-0,Kocaelispor,Tayfur Bingöl,M,3,,4,0,0,0.0695,0.00124522,1,0,0,1,1,0,0,0,0,0,0,0,1,0,0,0,0,0,0,0,0,1,1,0,0,0,0,0,0,0,2026-09-20T05:01:46.631998+00:00
Turquia Super Lig 2026/2027,Kocaelispor - Gaziantep FK,2026-09-19T14:00:00+00:00,finished,6,2-0,Gaziantep FK,Trivante Stewart,F,11,6.6,8,0,0,,0.0268736,0,0,0,3,2,0,0,1,0,1,1,2,1,0,0,1,0,0,0,0,0,1,4,0,0,0,0,0,0,0,2026-09-20T05:01:46.631866+00:00
Turquia Super Lig 2026/2027,Kocaelispor - Gaziantep FK,2026-09-19T14:00:00+00:00,finished,6,2-0,Gaziantep FK,Ulrich Meleke,M,79,7.1,51,0,0,0.0111,0.0093076,1,0,0,39,31,4,4,0,0,1,1,5,2,2,0,2,1,2,0,6,0,1,10,0,1,0,0,0,2,0,2026-09-20T05:01:46.631751+00:00
Turquia Super Lig 2026/2027,Kocaelispor - Gaziantep FK,2026-09-19T14:00:00+00:00,finished,6,2-0,Kocaelispor,Uğur Kaan Yıldız,D,90,6.6,53,0,0,,0.160913,0,0,3,27,20,5,2,6,4,0,0,3,5,0,2,3,2,4,1,2,0,0,12,0,2,0,0,0,0,0,2026-09-20T05:01:46.631936+00:00
Turquia Super Lig 2026/2027,Çorum FK - Alanyaspor,2026-09-19T14:00:00+00:00,finished,6,1-2,Çorum FK,,,90,7.1,59,0,1,0.1019,0.517142,1,0,4,37,30,1,1,7,1,4,2,3,5,0,0,0,0,0,0,2,0,0,20,1,2,0,0,0,2,0,2026-09-20T05:01:46.529078+00:00
Turquia Super Lig 2026/2027,Çorum FK - Alanyaspor,2026-09-19T14:00:00+00:00,finished,6,1-2,Çorum FK,,,60,6.5,52,0,0,0.1336,0.0175957,2,0,0,41,31,2,2,2,0,1,1,2,1,0,0,1,1,1,0,7,0,0,12,0,1,1,0,0,0,0,2026-09-20T05:01:46.529161+00:00
Turquia Super Lig 2026/2027,Çorum FK - Alanyaspor,2026-09-19T14:00:00+00:00,finished,6,1-2,Çorum FK,,,45,6.3,35,0,0,,0.00302152,0,0,0,30,27,1,0,0,0,0,0,3,1,2,0,1,1,1,0,2,0,0,3,0,1,1,0,0,2,0,2026-09-20T05:01:46.529193+00:00
Turquia Super Lig 2026/2027,Çorum FK - Alanyaspor,2026-09-19T14:00:00+00:00,finished,6,1-2,Çorum FK,,,30,6.7,27,0,0,0.0185,0.0475804,1,0,0,17,13,4,3,2,0,2,0,2,4,0,0,2,0,0,0,3,1,0,9,0,2,0,0,0,2,0,2026-09-20T05:01:46.529201+00:00
Turquia Super Lig 2026/2027,Çorum FK - Alanyaspor,2026-09-19T14:00:00+00:00,finished,6,1-2,Çorum FK,Ahmed Ildız,M,45,6.3,37,0,0,0.0142,0.0348684,1,0,1,28,25,2,1,0,0,1,1,1,2,0,0,0,0,0,0,2,1,1,7,0,1,1,0,0,2,0,2026-09-20T05:01:46.529186+00:00
Turquia Super Lig 2026/2027,Çorum FK - Alanyaspor,2026-09-19T14:00:00+00:00,finished,6,1-2,Çorum FK,Alexandre Penetra,D,0,,0,0,0,,,0,0,0,0,0,0,0,0,0,0,0,0,0,0,0,0,0,0,0,0,0,0,0,0,0,0,0,0,0,0,2026-09-20T05:01:46.529230+00:00
Turquia Super Lig 2026/2027,Çorum FK - Alanyaspor,2026-09-19T14:00:00+00:00,finished,6,1-2,Çorum FK,Andrei Borza,D,89,6.1,67,0,0,0.0325,0.0562549,1,0,1,49,43,1,0,1,0,1,1,6,8,1,2,3,0,0,0,5,1,2,11,1,4,1,0,0,2,0,2026-09-20T05:01:46.529146+00:00
Turquia Super Lig 2026/2027,Çorum FK - Alanyaspor,2026-09-19T14:00:00+00:00,finished,6,1-2,Alanyaspor,Arda Usluoğlu,F,14,7.5,7,1,0,0.4763,0.00024929,1,1,0,3,1,0,0,0,0,0,0,3,3,2,2,0,0,0,0,0,0,1,4,1,0,0,0,0,1,0,2026-09-20T05:01:46.528996+00:00
Turquia Super Lig 2026/2027,Çorum FK - Alanyaspor,2026-09-19T14:00:00+00:00,finished,6,1-2,Çorum FK,Arda Şengül,D,0,,0,0,0,,,0,0,0,0,0,0,0,0,0,0,0,0,0,0,0,0,0,0,0,0,0,0,0,0,0,0,0,0,0,0,2026-09-20T05:01:46.529237+00:00
Turquia Super Lig 2026/2027,Çorum FK - Alanyaspor,2026-09-19T14:00:00+00:00,finished,6,1-2,Alanyaspor,Baran Ali Gezek,M,75,7.4,34,0,0,,0.0147628,0,0,0,19,17,3,3,0,0,0,0,5,0,1,0,3,0,1,2,6,0,0,3,1,0,0,0,0,0,0,2026-09-20T05:01:46.528921+00:00
Turquia Super Lig 2026/2027,Çorum FK - Alanyaspor,2026-09-19T14:00:00+00:00,finished,6,1-2,Alanyaspor,Bedirhan Özyurt,D,0,,0,0,0,,,0,0,0,0,0,0,0,0,0,0,0,0,0,0,0,0,0,0,0,0,0,0,0,0,0,0,0,0,0,0,2026-09-20T05:01:46.529029+00:00
Turquia Super Lig 2026/2027,Çorum FK - Alanyaspor,2026-09-19T14:00:00+00:00,finished,6,1-2,Çorum FK,Berat Özdemir,M,0,,0,0,0,,,0,0,0,0,0,0,0,0,0,0,0,0,0,0,0,0,0,0,0,0,0,0,0,0,0,0,0,0,0,0,2026-09-20T05:01:46.529253+00:00
Turquia Super Lig 2026/2027,Çorum FK - Alanyaspor,2026-09-19T14:00:00+00:00,finished,6,1-2,Çorum FK,Emircan Gürlük,M,1,,5,0,0,,0.164534,0,0,0,3,2,0,0,1,1,0,0,1,0,0,0,1,1,0,0,0,0,0,1,0,0,0,0,0,0,0,2026-09-20T05:01:46.529215+00:00
Turquia Super Lig 2026/2027,Çorum FK - Alanyaspor,2026-09-19T14:00:00+00:00,finished,6,1-2,Alanyaspor,Enes Keskin,M,0,,0,0,0,,,0,0,0,0,0,0,0,0,0,0,0,0,0,0,0,0,0,0,0,0,0,0,0,0,0,0,0,0,0,0,2026-09-20T05:01:46.529054+00:00
Turquia Super Lig 2026/2027,Çorum FK - Alanyaspor,2026-09-19T14:00:00+00:00,finished,6,1-2,Çorum FK,Erhan Erentürk,G,0,,0,0,0,,,0,0,0,0,0,0,0,0,0,0,0,0,0,0,0,0,0,0,0,0,0,0,0,0,0,0,0,0,0,0,2026-09-20T05:01:46.529222+00:00
Turquia Super Lig 2026/2027,Çorum FK - Alanyaspor,2026-09-19T14:00:00+00:00,finished,6,1-2,Çorum FK,Ermin Mahmić,M,18,6.4,15,0,0,0.154,0.00366611,2,2,0,9,9,1,1,0,0,0,0,0,1,0,0,0,0,0,0,0,0,1,1,0,0,0,0,0,1,0,2026-09-20T05:01:46.529207+00:00
Turquia Super Lig 2026/2027,Çorum FK - Alanyaspor,2026-09-19T14:00:00+00:00,finished,6,1-2,Alanyaspor,Fatih Aksoy,D,90,7.0,49,0,0,,0.00219679,0,0,0,31,24,10,7,0,0,1,0,4,1,1,0,1,1,7,3,2,0,0,8,2,0,0,0,0,1,0,2026-09-20T05:01:46.528874+00:00
Turquia Super Lig 2026/2027,Çorum FK - Alanyaspor,2026-09-19T14:00:00+00:00,finished,6,1-2,Alanyaspor,Fidan Aliti,D,90,6.8,39,0,0,,0.00567586,0,0,0,27,25,3,2,0,0,0,0,3,3,0,2,1,0,6,0,2,0,1,3,2,1,0,0,0,1,0,2026-09-20T05:01:46.528892+00:00
Turquia Super Lig 2026/2027,Çorum FK - Alanyaspor,2026-09-19T14:00:00+00:00,finished,6,1-2,Alanyaspor,Florent Hadergjonaj,M,90,7.0,60,0,1,,0.0646902,0,0,2,36,27,6,1,8,2,0,0,3,1,1,0,2,1,4,0,4,0,0,19,0,0,0,0,0,1,0,2026-09-20T05:01:46.528860+00:00
Turquia Super Lig 2026/2027,Çorum FK - Alanyaspor,2026-09-19T14:00:00+00:00,finished,6,1-2,Çorum FK,Fredy,M,72,6.6,46,0,0,,0.388124,0,0,1,39,30,1,1,3,1,0,0,1,5,0,3,1,1,0,0,1,0,0,12,0,2,0,0,0,1,0,2026-09-20T05:01:46.529154+00:00
Turquia Super Lig 2026/2027,Çorum FK - Alanyaspor,2026-09-19T14:00:00+00:00,finished,6,1-2,Alanyaspor,Gaius Makouta,M,90,8.0,56,1,0,0.1469,0.37643,2,1,1,43,35,4,2,1,1,2,2,4,1,2,0,0,0,2,1,7,0,1,9,0,0,0,0,0,1,0,2026-09-20T05:01:46.528847+00:00
Turquia Super Lig 2026/2027,Çorum FK - Alanyaspor,2026-09-19T14:00:00+00:00,finished,6,1-2,Çorum FK,Gökhan Sazdağı,D,90,7.0,75,0,0,,0.0424022,0,0,2,59,51,5,3,7,0,0,0,4,1,1,0,1,1,0,1,4,0,0,15,2,1,0,0,0,2,0,2026-09-20T05:01:46.529137+00:00
Turquia Super Lig 2026/2027,Çorum FK - Alanyaspor,2026-09-19T14:00:00+00:00,finished,6,1-2,Çorum FK,Göktan Gürpüz,M,0,,0,0,0,,,0,0,0,0,0,0,0,0,0,0,0,0,0,0,0,0,0,0,0,0,0,0,0,0,0,0,0,0,0,0,2026-09-20T05:01:46.529245+00:00
Turquia Super Lig 2026/2027,Çorum FK - Alanyaspor,2026-09-19T14:00:00+00:00,finished,6,1-2,Çorum FK,Hrvoje Smolčić,D,90,6.9,120,0,0,,0.0237302,0,0,0,111,109,6,5,0,0,0,0,2,2,1,2,1,0,3,1,2,0,0,3,0,0,0,0,0,2,0,2026-09-20T05:01:46.529119+00:00
Turquia Super Lig 2026/2027,Çorum FK - Alanyaspor,2026-09-19T14:00:00+00:00,finished,6,1-2,Alanyaspor,Hwang Ui-Jo,F,58,6.4,20,0,0,0.2778,0.0455533,1,0,1,13,9,0,0,0,0,3,2,3,2,0,1,0,0,0,0,3,0,0,6,1,0,0,0,0,0,0,2026-09-20T05:01:46.528943+00:00
Turquia Super Lig 2026/2027,Çorum FK - Alanyaspor,2026-09-19T14:00:00+00:00,finished,6,1-2,Alanyaspor,Ianis Hagi,F,15,6.5,9,0,0,0.0281,0.00048815,1,1,0,4,3,0,0,0,0,0,0,2,1,0,0,2,0,0,1,0,0,0,1,0,0,0,0,0,1,0,2026-09-20T05:01:46.528988+00:00
Turquia Super Lig 2026/2027,Çorum FK - Alanyaspor,2026-09-19T14:00:00+00:00,finished,6,1-2,Alanyaspor,Ibrahim Kaya,F,15,6.5,7,0,0,,0.00010574,0,0,0,4,1,1,0,0,0,0,0,2,2,1,0,1,1,0,0,0,0,1,4,0,1,0,0,0,1,0,2026-09-20T05:01:46.528979+00:00
Turquia Super Lig 2026/2027,Çorum FK - Alanyaspor,2026-09-19T14:00:00+00:00,finished,6,1-2,Alanyaspor,Iván Cédric,F,76,6.4,18,0,0,0.1558,0.00204139,1,1,0,7,7,0,0,0,0,0,0,3,7,0,1,0,0,0,1,3,0,1,3,3,4,0,0,0,1,0,2026-09-20T05:01:46.528913+00:00
Turquia Super Lig 2026/2027,Çorum FK - Alanyaspor,2026-09-19T14:00:00+00:00,finished,6,1-2,Çorum FK,Jesús Ramírez,F,90,6.7,19,1,0,0.6447,0.0725797,3,3,0,10,8,1,1,0,0,0,0,3,10,3,3,0,0,0,0,1,0,2,7,0,4,0,0,0,2,0,2026-09-20T05:01:46.529070+00:00
Turquia Super Lig 2026/2027,Çorum FK - Alanyaspor,2026-09-19T14:00:00+00:00,finished,6,1-2,Çorum FK,Marcos Felipe,G,90,6.6,40,0,0,,0.00117482,0,0,0,29,26,5,3,0,0,0,0,0,0,0,0,0,0,1,0,9,0,0,3,0,0,0,0,3,2,1,2026-09-20T05:01:46.529062+00:00
Turquia Super Lig 2026/2027,Çorum FK - Alanyaspor,2026-09-19T14:00:00+00:00,finished,6,1-2,Alanyaspor,Mert Furkan Bayram,G,0,,0,0,0,,,0,0,0,0,0,0,0,0,0,0,0,0,0,0,0,0,0,0,0,0,0,0,0,0,0,0,0,0,0,0,2026-09-20T05:01:46.529021+00:00
Turquia Super Lig 2026/2027,Çorum FK - Alanyaspor,2026-09-19T14:00:00+00:00,finished,6,1-2,Alanyaspor,Meschak Elia,F,32,6.3,10,0,0,,0.0106278,0,0,0,7,5,0,0,0,0,1,0,0,3,0,0,0,0,0,1,0,0,1,4,0,0,0,0,0,1,0,2026-09-20T05:01:46.528960+00:00
Turquia Super Lig 2026/2027,Çorum FK - Alanyaspor,2026-09-19T14:00:00+00:00,finished,6,1-2,Çorum FK,Mohammed Diomande,M,45,6.5,27,0,0,0.0577,0.0301003,1,0,0,22,17,1,0,0,0,0,0,2,4,0,0,2,2,0,0,2,0,1,6,0,2,0,0,0,0,0,2026-09-20T05:01:46.529178+00:00
Turquia Super Lig 2026/2027,Çorum FK - Alanyaspor,2026-09-19T14:00:00+00:00,finished,6,1-2,Alanyaspor,Nuno Lima,D,90,6.7,52,0,0,,0.00693271,0,0,1,42,35,6,1,0,0,0,0,4,2,1,1,0,0,5,0,3,0,0,7,3,0,0,0,0,1,0,2026-09-20T05:01:46.528904+00:00
Turquia Super Lig 2026/2027,Çorum FK - Alanyaspor,2026-09-19T14:00:00+00:00,finished,6,1-2,Alanyaspor,Omar Ben Ali,F,0,,0,0,0,,,0,0,0,0,0,0,0,0,0,0,0,0,0,0,0,0,0,0,0,0,0,0,0,0,0,0,0,0,0,0,2026-09-20T05:01:46.529009+00:00
Turquia Super Lig 2026/2027,Çorum FK - Alanyaspor,2026-09-19T14:00:00+00:00,finished,6,1-2,Alanyaspor,Paolo Fernandes,M,75,7.3,48,0,0,0.0491,0.192518,2,1,1,22,17,3,2,5,0,3,1,9,7,0,2,4,3,1,0,4,0,2,16,4,1,0,0,0,0,0,2026-09-20T05:01:46.528930+00:00
Turquia Super Lig 2026/2027,Çorum FK - Alanyaspor,2026-09-19T14:00:00+00:00,finished,6,1-2,Alanyaspor,Paulo Victor,G,90,7.0,28,0,0,,0.00072142,0,0,0,18,10,13,5,0,0,0,0,1,0,1,0,0,0,2,0,7,0,0,8,0,0,0,0,4,1,1,2026-09-20T05:01:46.528782+00:00
Turquia Super Lig 2026/2027,Çorum FK - Alanyaspor,2026-09-19T14:00:00+00:00,finished,6,1-2,Alanyaspor,Ruan Pereira Duarte,M,90,7.5,46,0,1,0.0274,0.365115,1,0,1,23,21,2,2,1,1,2,1,4,4,0,0,0,0,4,2,5,1,1,7,3,1,0,0,0,1,0,2026-09-20T05:01:46.528831+00:00
Turquia Super Lig 2026/2027,Çorum FK - Alanyaspor,2026-09-19T14:00:00+00:00,finished,6,1-2,Çorum FK,Serdar Saatçı,D,45,7.1,63,0,0,,0.00493057,0,0,0,59,56,3,3,0,0,0,0,3,1,1,0,0,0,2,0,2,0,0,3,2,1,1,0,0,0,0,2026-09-20T05:01:46.529170+00:00
Turquia Super Lig 2026/2027,Çorum FK - Alanyaspor,2026-09-19T14:00:00+00:00,finished,6,1-2,Çorum FK,Ylber Ramadani,M,90,6.6,69,0,0,,0.0214354,0,0,0,59,56,2,1,0,0,3,1,3,6,0,1,1,1,0,1,8,0,1,6,1,0,0,0,0,2,0,2026-09-20T05:01:46.529087+00:00
Turquia Super Lig 2026/2027,Çorum FK - Alanyaspor,2026-09-19T14:00:00+00:00,finished,6,1-2,Alanyaspor,Yusuf Özdemir,M,0,,0,0,0,,,0,0,0,0,0,0,0,0,0,0,0,0,0,0,0,0,0,0,0,0,0,0,0,0,0,0,0,0,0,0,2026-09-20T05:01:46.529037+00:00
Turquia Super Lig 2026/2027,Çorum FK - Alanyaspor,2026-09-19T14:00:00+00:00,finished,6,1-2,Alanyaspor,İzzet Çelik,M,0,,0,0,0,,,0,0,0,0,0,0,0,0,0,0,0,0,0,0,0,0,0,0,0,0,0,0,0,0,0,0,0,0,0,0,2026-09-20T05:01:46.529046+00:00
Turquia Super Lig 2026/2027,Başakşehir FK - Gençlerbirliği,2026-09-19T17:00:00+00:00,finished,6,4-0,Gençlerbirliği,,,66,6.4,40,0,0,,0.0480492,0,0,2,32,27,4,3,4,1,0,0,2,2,0,1,2,1,0,0,3,0,0,9,0,0,0,0,0,3,0,2026-09-20T05:01:46.854170+00:00
Turquia Super Lig 2026/2027,Başakşehir FK - Gençlerbirliği,2026-09-19T17:00:00+00:00,finished,6,4-0,Gençlerbirliği,,,45,6.5,16,0,0,,0.011124,0,0,0,11,9,0,0,0,0,1,0,1,2,0,1,0,0,1,0,2,0,0,5,1,0,0,0,0,2,0,2026-09-20T05:01:46.854186+00:00
Turquia Super Lig 2026/2027,Başakşehir FK - Gençlerbirliği,2026-09-19T17:00:00+00:00,finished,6,4-0,Gençlerbirliği,,,0,,0,0,0,,,0,0,0,0,0,0,0,0,0,0,0,0,0,0,0,0,0,0,0,0,0,0,0,0,0,0,0,0,0,0,2026-09-20T05:01:46.854219+00:00
Turquia Super Lig 2026/2027,Başakşehir FK - Gençlerbirliği,2026-09-19T17:00:00+00:00,finished,6,4-0,Başakşehir FK,Abbosbek Fayzullaev,M,13,6.6,9,0,0,0.0103,0.00576068,1,1,0,7,6,0,0,0,0,0,0,1,1,0,0,1,1,0,0,0,0,0,1,0,0,0,0,0,0,0,2026-09-20T05:01:46.854315+00:00
Turquia Super Lig 2026/2027,Başakşehir FK - Gençlerbirliği,2026-09-19T17:00:00+00:00,finished,6,4-0,Gençlerbirliği,Abdurrahim Dursun,D,83,5.4,58,0,0,0.0139,0.00678383,1,0,0,45,34,6,1,1,0,0,0,3,1,2,0,1,1,2,0,2,1,0,13,0,1,1,0,0,4,0,2026-09-20T05:01:46.854159+00:00
Turquia Super Lig 2026/2027,Başakşehir FK - Gençlerbirliği,2026-09-19T17:00:00+00:00,finished,6,4-0,Gençlerbirliği,Adama Malouda Traoré,M,24,6.4,11,0,0,0.0133,0.00106728,1,0,0,10,9,0,0,0,0,0,0,0,0,0,0,0,0,0,0,1,1,0,1,0,0,0,0,0,1,0,2026-09-20T05:01:46.854197+00:00
Turquia Super Lig 2026/2027,Başakşehir FK - Gençlerbirliği,2026-09-19T17:00:00+00:00,finished,6,4-0,Başakşehir FK,Andreas Skov Olsen,M,90,7.8,47,1,1,0.5556,0.245506,5,3,2,30,18,1,0,3,0,1,0,0,3,0,1,0,0,1,1,4,1,1,21,0,0,0,0,0,0,0,2026-09-20T05:01:46.854251+00:00
Turquia Super Lig 2026/2027,Başakşehir FK - Gençlerbirliği,2026-09-19T17:00:00+00:00,finished,6,4-0,Başakşehir FK,Berkay Özcan,M,13,6.5,8,0,0,,0.0135137,0,0,0,6,6,0,0,0,0,1,0,0,2,0,0,0,0,0,0,0,0,0,2,0,0,0,0,0,0,0,2026-09-20T05:01:46.854321+00:00
Turquia Super Lig 2026/2027,Başakşehir FK - Gençlerbirliği,2026-09-19T17:00:00+00:00,finished,6,4-0,Başakşehir FK,Bertuğ Yıldırım,F,21,6.4,5,0,0,,,0,0,0,1,0,0,0,0,0,0,0,0,1,0,1,0,0,1,2,0,0,0,1,0,1,0,0,0,0,0,2026-09-20T05:01:46.854310+00:00
Turquia Super Lig 2026/2027,Başakşehir FK - Gençlerbirliği,2026-09-19T17:00:00+00:00,finished,6,4-0,Başakşehir FK,Christopher Operi,D,0,,0,0,0,,,0,0,0,0,0,0,0,0,0,0,0,0,0,0,0,0,0,0,0,0,0,0,0,0,0,0,0,0,0,0,2026-09-20T05:01:46.854402+00:00
Turquia Super Lig 2026/2027,Başakşehir FK - Gençlerbirliği,2026-09-19T17:00:00+00:00,finished,6,4-0,Başakşehir FK,Davie Selke,F,69,8.4,29,1,0,0.8259,0.0281844,2,1,3,16,14,1,1,1,0,0,0,8,5,6,5,0,0,1,0,3,1,0,5,3,0,0,0,0,0,0,2026-09-20T05:01:46.854284+00:00
Turquia Super Lig 2026/2027,Başakşehir FK - Gençlerbirliği,2026-09-19T17:00:00+00:00,finished,6,4-0,Başakşehir FK,Deniz Dilmen,G,0,,0,0,0,,,0,0,0,0,0,0,0,0,0,0,0,0,0,0,0,0,0,0,0,0,0,0,0,0,0,0,0,0,0,0,2026-09-20T05:01:46.854420+00:00
Turquia Super Lig 2026/2027,Başakşehir FK - Gençlerbirliği,2026-09-19T17:00:00+00:00,finished,6,4-0,Gençlerbirliği,Dimitris Goutas,D,90,5.6,68,0,0,,0.00328637,0,0,0,62,58,8,5,0,0,0,0,2,3,2,2,0,0,4,0,1,0,0,4,1,1,0,0,0,4,0,2026-09-20T05:01:46.854146+00:00
Turquia Super Lig 2026/2027,Başakşehir FK - Gençlerbirliği,2026-09-19T17:00:00+00:00,finished,6,4-0,Başakşehir FK,Eldor Shomurodov,F,77,9.1,21,2,0,0.9334,0.10241,2,2,2,15,14,0,0,0,0,1,0,0,2,0,1,0,0,1,0,1,0,0,4,0,1,0,0,0,0,0,2026-09-20T05:01:46.854273+00:00
Turquia Super Lig 2026/2027,Başakşehir FK - Gençlerbirliği,2026-09-19T17:00:00+00:00,finished,6,4-0,Başakşehir FK,Emin Bayram,D,90,7.9,88,0,0,,0.0303769,0,0,1,76,67,15,9,0,0,0,0,2,0,2,0,0,0,8,0,1,0,0,11,0,0,0,0,0,0,0,2026-09-20T05:01:46.854267+00:00
Turquia Super Lig 2026/2027,Başakşehir FK - Gençlerbirliği,2026-09-19T17:00:00+00:00,finished,6,4-0,Gençlerbirliği,Ensar Çavuşoğlu,D,0,,0,0,0,,,0,0,0,0,0,0,0,0,0,0,0,0,0,0,0,0,0,0,0,0,0,0,0,0,0,0,0,0,0,0,2026-09-20T05:01:46.854224+00:00
Turquia Super Lig 2026/2027,Başakşehir FK - Gençlerbirliği,2026-09-19T17:00:00+00:00,finished,6,4-0,Gençlerbirliği,Franco Tongya,M,90,6.2,30,0,0,,0.0209078,0,0,0,22,19,1,1,0,0,0,0,2,2,0,1,1,1,0,2,1,0,0,5,1,1,0,0,0,4,0,2026-09-20T05:01:46.854092+00:00
Turquia Super Lig 2026/2027,Başakşehir FK - Gençlerbirliği,2026-09-19T17:00:00+00:00,finished,6,4-0,Gençlerbirliği,Fıratcan Üzüm,D,0,,0,0,0,,,0,0,0,0,0,0,0,0,0,0,0,0,0,0,0,0,0,0,0,0,0,0,0,0,0,0,0,0,0,0,2026-09-20T05:01:46.854229+00:00
Turquia Super Lig 2026/2027,Başakşehir FK - Gençlerbirliği,2026-09-19T17:00:00+00:00,finished,6,4-0,Gençlerbirliği,Gökhan Akkan,G,0,,0,0,0,,,0,0,0,0,0,0,0,0,0,0,0,0,0,0,0,0,0,0,0,0,0,0,0,0,0,0,0,0,0,0,2026-09-20T05:01:46.854235+00:00
Turquia Super Lig 2026/2027,Başakşehir FK - Gençlerbirliği,2026-09-19T17:00:00+00:00,finished,6,4-0,Başakşehir FK,Hamza Güreler,D,0,,0,0,0,,,0,0,0,0,0,0,0,0,0,0,0,0,0,0,0,0,0,0,0,0,0,0,0,0,0,0,0,0,0,0,2026-09-20T05:01:46.854414+00:00
Turquia Super Lig 2026/2027,Başakşehir FK - Gençlerbirliği,2026-09-19T17:00:00+00:00,finished,6,4-0,Başakşehir FK,Ivan Brnić,F,77,7.8,46,0,2,0.3512,0.515683,6,3,2,24,22,4,4,9,0,0,0,1,1,0,0,0,0,1,0,1,2,0,12,1,0,0,0,0,0,0,2026-09-20T05:01:46.854279+00:00
Turquia Super Lig 2026/2027,Başakşehir FK - Gençlerbirliği,2026-09-19T17:00:00+00:00,finished,6,4-0,Başakşehir FK,Jakub Kałuziński,M,28,7.1,40,0,0,,0.0239381,0,0,0,37,36,3,3,0,0,0,0,0,2,0,0,0,0,0,0,4,0,1,3,0,0,0,0,0,0,0,2026-09-20T05:01:46.854299+00:00
Turquia Super Lig 2026/2027,Başakşehir FK - Gençlerbirliği,2026-09-19T17:00:00+00:00,finished,6,4-0,Gençlerbirliği,Metehan Baltacı,D,10,6.7,2,0,0,,8.18e-06,0,0,0,1,1,0,0,0,0,0,0,0,0,0,0,0,0,1,0,0,0,0,0,0,0,0,0,0,0,0,2026-09-20T05:01:46.854209+00:00
Turquia Super Lig 2026/2027,Başakşehir FK - Gençlerbirliği,2026-09-19T17:00:00+00:00,finished,6,4-0,Başakşehir FK,Michał Karbownik,D,90,6.7,58,0,0,0.0373,0.0731507,1,1,0,40,37,3,2,0,0,0,0,1,4,0,0,0,0,2,0,4,0,1,5,1,2,0,0,0,0,0,2026-09-20T05:01:46.854240+00:00
Turquia Super Lig 2026/2027,Başakşehir FK - Gençlerbirliği,2026-09-19T17:00:00+00:00,finished,6,4-0,Başakşehir FK,Muhammed Şengezer,G,90,6.5,48,0,0,,0.00046294,0,0,0,45,35,13,3,0,0,0,0,0,0,0,0,0,0,1,0,8,0,0,10,0,0,0,0,0,0,1,2026-09-20T05:01:46.854246+00:00
Turquia Super Lig 2026/2027,Başakşehir FK - Gençlerbirliği,2026-09-19T17:00:00+00:00,finished,6,4-0,Başakşehir FK,Olivier Kemen,M,62,7.0,34,0,0,0.0643,0.0365229,1,0,1,30,24,7,3,0,0,1,1,3,1,0,0,1,0,0,0,3,0,0,6,1,1,1,0,0,0,0,2026-09-20T05:01:46.854289+00:00
Turquia Super Lig 2026/2027,Başakşehir FK - Gençlerbirliği,2026-09-19T17:00:00+00:00,finished,6,4-0,Başakşehir FK,Onur Bulut,D,0,,0,0,0,,,0,0,0,0,0,0,0,0,0,0,0,0,0,0,0,0,0,0,0,0,0,0,0,0,0,0,0,0,0,0,2026-09-20T05:01:46.854409+00:00
Turquia Super Lig 2026/2027,Başakşehir FK - Gençlerbirliği,2026-09-19T17:00:00+00:00,finished,6,4-0,Başakşehir FK,Onur Ergün,M,28,6.9,24,0,0,,0.0134936,0,0,0,23,22,3,3,1,0,0,0,1,0,1,0,0,0,0,0,1,0,0,2,0,0,0,0,0,0,0,2026-09-20T05:01:46.854305+00:00
Turquia Super Lig 2026/2027,Başakşehir FK - Gençlerbirliği,2026-09-19T17:00:00+00:00,finished,6,4-0,Gençlerbirliği,Ousmane Diabate,M,62,6.3,34,0,0,0.0546,0.00684413,1,0,1,29,25,2,1,0,0,1,1,1,0,0,0,0,0,0,1,3,0,0,6,0,0,0,0,0,3,0,2026-09-20T05:01:46.854176+00:00
Turquia Super Lig 2026/2027,Başakşehir FK - Gençlerbirliği,2026-09-19T17:00:00+00:00,finished,6,4-0,Başakşehir FK,Ousseynou Ba,D,90,7.2,81,0,0,,0.00648518,0,0,0,70,68,5,3,0,0,0,0,1,3,0,0,0,0,4,0,5,0,0,3,1,3,0,0,0,0,0,2026-09-20T05:01:46.854262+00:00
Turquia Super Lig 2026/2027,Başakşehir FK - Gençlerbirliği,2026-09-19T17:00:00+00:00,finished,6,4-0,Gençlerbirliği,Oğulcan Ülgün,M,90,6.3,36,0,0,0.2685,0.00871915,2,0,0,26,19,4,2,0,0,0,0,6,3,1,0,1,1,0,0,5,1,0,7,4,3,0,0,0,4,0,2026-09-20T05:01:46.854130+00:00
Turquia Super Lig 2026/2027,Başakşehir FK - Gençlerbirliği,2026-09-19T17:00:00+00:00,finished,6,4-0,Gençlerbirliği,Pedro Pereira,D,90,5.9,65,0,0,,0.0172926,0,0,0,38,33,6,4,5,0,0,0,2,3,0,1,2,1,2,3,3,0,1,12,0,1,0,0,0,4,0,2026-09-20T05:01:46.854011+00:00
Turquia Super Lig 2026/2027,Başakşehir FK - Gençlerbirliği,2026-09-19T17:00:00+00:00,finished,6,4-0,Gençlerbirliği,Prince Martor,F,10,6.7,5,0,0,0.0965,,1,0,0,1,0,1,0,0,0,2,2,2,0,0,0,0,0,0,0,1,0,0,2,0,0,0,0,0,0,0,2026-09-20T05:01:46.854203+00:00
Turquia Super Lig 2026/2027,Başakşehir FK - Gençlerbirliği,2026-09-19T17:00:00+00:00,finished,6,4-0,Başakşehir FK,Saba Kharebashvili,D,90,6.5,48,0,0,,0.0325795,0,0,1,31,27,1,0,2,1,1,0,2,6,1,0,0,0,1,1,4,0,1,10,1,1,0,0,0,0,0,2026-09-20T05:01:46.854257+00:00
Turquia Super Lig 2026/2027,Başakşehir FK - Gençlerbirliği,2026-09-19T17:00:00+00:00,finished,6,4-0,Gençlerbirliği,Salih Uçan,M,28,6.7,15,0,0,,0.0010225,0,0,0,10,8,0,0,0,0,2,2,2,0,0,0,0,0,0,0,2,0,0,2,0,0,0,0,0,1,0,2026-09-20T05:01:46.854192+00:00
Turquia Super Lig 2026/2027,Başakşehir FK - Gençlerbirliği,2026-09-19T17:00:00+00:00,finished,6,4-0,Gençlerbirliği,Sekou Koita,F,45,6.5,11,0,0,,0.00062664,0,0,0,7,5,0,0,0,0,0,0,1,1,0,1,0,0,1,0,0,0,0,4,1,0,0,0,0,2,0,2026-09-20T05:01:46.854181+00:00
Turquia Super Lig 2026/2027,Başakşehir FK - Gençlerbirliği,2026-09-19T17:00:00+00:00,finished,6,4-0,Gençlerbirliği,Thalisson,D,90,6.0,71,0,0,,0.00304669,0,0,0,60,57,2,1,0,0,0,0,3,4,2,3,1,1,6,1,2,0,0,3,0,2,0,0,0,4,0,2026-09-20T05:01:46.854138+00:00
Turquia Super Lig 2026/2027,Başakşehir FK - Gençlerbirliği,2026-09-19T17:00:00+00:00,finished,6,4-0,Gençlerbirliği,Tiago Gouveia,F,83,6.7,41,0,0,0.0148,0.0968631,1,0,1,23,17,3,0,4,0,4,4,6,0,0,0,0,0,0,0,2,1,0,13,2,0,0,0,0,4,0,2026-09-20T05:01:46.854164+00:00
Turquia Super Lig 2026/2027,Başakşehir FK - Gençlerbirliği,2026-09-19T17:00:00+00:00,finished,6,4-0,Başakşehir FK,Umut Güneş,M,62,6.5,38,0,0,,0.00991726,0,0,0,35,32,2,1,0,0,0,0,1,3,0,0,0,0,0,1,1,0,0,3,1,2,1,0,0,0,0,2026-09-20T05:01:46.854294+00:00
Turquia Super Lig 2026/2027,Başakşehir FK - Gençlerbirliği,2026-09-19T17:00:00+00:00,finished,6,4-0,Gençlerbirliği,Yiğit Hamza Aydar,D,0,,0,0,0,,,0,0,0,0,0,0,0,0,0,0,0,0,0,0,0,0,0,0,0,0,0,0,0,0,0,0,0,0,0,0,2026-09-20T05:01:46.854214+00:00
Turquia Super Lig 2026/2027,Başakşehir FK - Gençlerbirliği,2026-09-19T17:00:00+00:00,finished,6,4-0,Başakşehir FK,Yusuf Sarı,M,0,,0,0,0,,,0,0,0,0,0,0,0,0,0,0,0,0,0,0,0,0,0,0,0,0,0,0,0,0,0,0,0,0,0,0,2026-09-20T05:01:46.854388+00:00
Turquia Super Lig 2026/2027,Başakşehir FK - Gençlerbirliği,2026-09-19T17:00:00+00:00,finished,6,4-0,Gençlerbirliği,İrfan Can Eğribayat,G,90,6.8,51,0,0,,0.0009808,0,0,1,40,29,19,9,0,0,0,0,1,0,1,0,0,0,0,0,11,0,0,11,0,0,0,0,7,4,0,2026-09-20T05:01:46.854153+00:00
Turquia Super Lig 2026/2027,Trabzonspor - Galatasaray,2026-09-19T17:00:00+00:00,finished,6,4-0,Galatasaray,,,90,6.6,65,0,0,0.164,0.257751,4,0,1,38,27,5,1,1,0,9,5,6,5,0,0,1,1,0,3,7,3,1,21,0,0,0,0,0,4,0,2026-09-20T05:01:46.748733+00:00
Turquia Super Lig 2026/2027,Trabzonspor - Galatasaray,2026-09-19T17:00:00+00:00,finished,6,4-0,Galatasaray,,,45,6.1,13,0,0,0.1832,0.00028041,2,1,1,2,1,0,0,0,0,1,1,3,8,1,2,0,0,0,0,1,0,3,5,1,3,0,0,0,3,0,2026-09-20T05:01:46.748828+00:00
Turquia Super Lig 2026/2027,Trabzonspor - Galatasaray,2026-09-19T17:00:00+00:00,finished,6,4-0,Galatasaray,,,0,,0,0,0,,,0,0,0,0,0,0,0,0,0,0,0,0,0,0,0,0,0,0,0,0,0,0,0,0,0,0,0,0,0,0,2026-09-20T05:01:46.748909+00:00
Turquia Super Lig 2026/2027,Trabzonspor - Galatasaray,2026-09-19T17:00:00+00:00,finished,6,4-0,Trabzonspor,,,59,7.2,21,0,1,0.5497,0.109529,1,0,1,6,5,0,0,0,0,1,1,3,10,0,3,0,0,0,0,3,0,3,8,2,3,0,0,0,0,0,2026-09-20T05:01:46.749001+00:00
Turquia Super Lig 2026/2027,Trabzonspor - Galatasaray,2026-09-19T17:00:00+00:00,finished,6,4-0,Galatasaray,Abdülkerim Bardakcı,D,90,5.5,58,0,0,0.0262,0.298284,1,0,1,51,40,6,1,1,0,0,0,3,4,1,0,1,0,0,2,5,1,0,13,1,4,0,0,0,4,0,2026-09-20T05:01:46.748764+00:00
Turquia Super Lig 2026/2027,Trabzonspor - Galatasaray,2026-09-19T17:00:00+00:00,finished,6,4-0,Trabzonspor,Ahmet Doğan Yıldırım,G,0,,0,0,0,,,0,0,0,0,0,0,0,0,0,0,0,0,0,0,0,0,0,0,0,0,0,0,0,0,0,0,0,0,0,0,2026-09-20T05:01:46.749083+00:00
Turquia Super Lig 2026/2027,Trabzonspor - Galatasaray,2026-09-19T17:00:00+00:00,finished,6,4-0,Galatasaray,Aleksey Batrakov,M,22,6.6,13,0,0,,0.0109858,0,0,0,12,11,3,2,0,0,0,0,1,0,0,0,0,0,0,0,1,0,0,1,1,0,0,0,0,1,0,2026-09-20T05:01:46.748864+00:00
Turquia Super Lig 2026/2027,Trabzonspor - Galatasaray,2026-09-19T17:00:00+00:00,finished,6,4-0,Trabzonspor,André Onana,G,90,7.4,70,0,0,,0.00177785,0,0,0,61,35,33,7,0,0,0,0,0,0,0,0,0,0,0,1,12,0,0,26,0,0,1,0,2,0,0,2026-09-20T05:01:46.748950+00:00
Turquia Super Lig 2026/2027,Trabzonspor - Galatasaray,2026-09-19T17:00:00+00:00,finished,6,4-0,Trabzonspor,Aral Şimşir,M,1,,2,0,0,,5.502e-05,0,0,0,1,1,0,0,0,0,0,0,1,0,0,0,0,0,0,0,0,0,0,0,1,0,0,0,0,0,0,2026-09-20T05:01:46.749046+00:00
Turquia Super Lig 2026/2027,Trabzonspor - Galatasaray,2026-09-19T17:00:00+00:00,finished,6,4-0,Galatasaray,Arda Ünyay,D,0,,0,0,0,,,0,0,0,0,0,0,0,0,0,0,0,0,0,0,0,0,0,0,0,0,0,0,0,0,0,0,0,0,0,0,2026-09-20T05:01:46.748917+00:00
Turquia Super Lig 2026/2027,Trabzonspor - Galatasaray,2026-09-19T17:00:00+00:00,finished,6,4-0,Galatasaray,Barış Alper Yılmaz,M,45,6.5,9,0,0,,0.0171234,0,0,0,5,5,0,0,0,0,0,0,2,3,0,0,2,0,0,0,1,0,2,2,0,1,0,0,0,1,0,2026-09-20T05:01:46.748844+00:00
Turquia Super Lig 2026/2027,Trabzonspor - Galatasaray,2026-09-19T17:00:00+00:00,finished,6,4-0,Trabzonspor,Cenk Özkaçar,D,1,,8,0,0,,6.569e-05,0,0,0,7,5,0,0,0,0,0,0,0,1,0,0,0,0,0,1,0,0,0,2,0,1,0,0,0,0,0,2026-09-20T05:01:46.749039+00:00
Turquia Super Lig 2026/2027,Trabzonspor - Galatasaray,2026-09-19T17:00:00+00:00,finished,6,4-0,Trabzonspor,Chibuike Nwaiwu,D,90,7.3,51,0,0,,0.00536951,0,0,0,36,32,6,5,0,0,0,0,6,4,1,0,1,0,4,3,3,0,1,6,4,0,0,0,0,0,0,2026-09-20T05:01:46.748964+00:00
Turquia Super Lig 2026/2027,Trabzonspor - Galatasaray,2026-09-19T17:00:00+00:00,finished,6,4-0,Galatasaray,Davinson Sánchez,D,90,5.6,72,0,0,0.2395,0.012494,1,0,0,54,45,8,5,0,0,1,0,5,4,1,0,3,2,7,1,4,0,0,10,1,1,0,0,0,4,0,2026-09-20T05:01:46.748773+00:00
Turquia Super Lig 2026/2027,Trabzonspor - Galatasaray,2026-09-19T17:00:00+00:00,finished,6,4-0,Galatasaray,Eren Elmalı,D,22,6.0,15,0,0,,0.00360816,0,0,0,12,9,0,0,1,0,0,0,0,3,0,0,0,0,0,0,2,0,0,4,0,3,0,0,0,1,0,2026-09-20T05:01:46.748854+00:00
Turquia Super Lig 2026/2027,Trabzonspor - Galatasaray,2026-09-19T17:00:00+00:00,finished,6,4-0,Trabzonspor,Ernest Muçi,M,59,7.4,25,0,0,,0.390189,0,0,1,16,12,1,1,0,0,1,1,4,2,0,0,1,1,1,0,3,0,1,7,2,1,1,0,0,0,0,2026-09-20T05:01:46.749009+00:00
Turquia Super Lig 2026/2027,Trabzonspor - Galatasaray,2026-09-19T17:00:00+00:00,finished,6,4-0,Trabzonspor,Erol Can Çolak,G,0,,0,0,0,,,0,0,0,0,0,0,0,0,0,0,0,0,0,0,0,0,0,0,0,0,0,0,0,0,0,0,0,0,0,0,2026-09-20T05:01:46.749069+00:00
Turquia Super Lig 2026/2027,Trabzonspor - Galatasaray,2026-09-19T17:00:00+00:00,finished,6,4-0,Trabzonspor,Fabinho,M,90,7.6,61,0,0,,0.0137088,0,0,0,47,41,2,1,0,0,2,2,8,3,1,0,5,3,2,2,6,0,0,6,0,2,0,0,0,0,0,2026-09-20T05:01:46.748934+00:00
Turquia Super Lig 2026/2027,Trabzonspor - Galatasaray,2026-09-19T17:00:00+00:00,finished,6,4-0,Galatasaray,Gabriel Sara,M,68,7.1,57,0,0,0.0179,0.227295,1,0,4,35,28,5,4,6,3,2,1,9,6,2,0,4,4,2,2,6,1,0,11,2,2,0,0,0,3,0,2026-09-20T05:01:46.748809+00:00
Turquia Super Lig 2026/2027,Trabzonspor - Galatasaray,2026-09-19T17:00:00+00:00,finished,6,4-0,Galatasaray,Ismail Jakobs,D,68,6.7,47,0,0,0.079,0.0124968,1,1,0,30,22,5,3,1,0,1,1,6,3,3,1,2,1,3,1,5,0,0,14,0,1,0,0,0,3,0,2026-09-20T05:01:46.748797+00:00
Turquia Super Lig 2026/2027,Trabzonspor - Galatasaray,2026-09-19T17:00:00+00:00,finished,6,4-0,Galatasaray,Jankat Yılmaz,G,0,,0,0,0,,,0,0,0,0,0,0,0,0,0,0,0,0,0,0,0,0,0,0,0,0,0,0,0,0,0,0,0,0,0,0,2026-09-20T05:01:46.748925+00:00
Turquia Super Lig 2026/2027,Trabzonspor - Galatasaray,2026-09-19T17:00:00+00:00,finished,6,4-0,Galatasaray,Kazımcan Karataş,D,17,6.3,14,0,0,,0.00589188,0,0,0,10,10,0,0,1,0,1,0,1,1,1,0,0,0,1,0,1,0,0,2,0,0,0,0,0,1,0,2026-09-20T05:01:46.748883+00:00
Turquia Super Lig 2026/2027,Trabzonspor - Galatasaray,2026-09-19T17:00:00+00:00,finished,6,4-0,Galatasaray,Leroy Sané,M,90,6.9,58,0,0,0.1018,0.063286,2,0,1,35,31,1,1,0,0,5,4,12,4,0,0,3,1,0,0,4,0,1,8,5,1,1,0,0,4,0,2026-09-20T05:01:46.748755+00:00
Turquia Super Lig 2026/2027,Trabzonspor - Galatasaray,2026-09-19T17:00:00+00:00,finished,6,4-0,Galatasaray,Lesley Ugochukwu,M,19,5.5,12,0,0,,0.00335373,0,0,0,8,6,0,0,0,0,0,0,2,4,0,0,1,1,0,0,0,0,1,3,1,2,0,1,0,1,0,2026-09-20T05:01:46.748874+00:00
Turquia Super Lig 2026/2027,Trabzonspor - Galatasaray,2026-09-19T17:00:00+00:00,finished,6,4-0,Galatasaray,Lucas Torreira,M,68,6.4,39,0,0,,0.069116,0,0,1,35,30,2,0,0,0,0,0,1,1,0,0,1,0,0,0,5,0,1,7,0,0,0,0,0,3,0,2026-09-20T05:01:46.748790+00:00
Turquia Super Lig 2026/2027,Trabzonspor - Galatasaray,2026-09-19T17:00:00+00:00,finished,6,4-0,Trabzonspor,Melih Kabasakal,M,90,6.6,45,0,0,,0.00650587,0,0,0,32,29,1,0,1,0,0,0,1,5,0,1,1,1,2,0,5,0,2,6,0,0,0,0,0,0,0,2026-09-20T05:01:46.748942+00:00
Turquia Super Lig 2026/2027,Trabzonspor - Galatasaray,2026-09-19T17:00:00+00:00,finished,6,4-0,Trabzonspor,Metehan Mimaroğlu,M,0,,0,0,0,,,0,0,0,0,0,0,0,0,0,0,0,0,0,0,0,0,0,0,0,0,0,0,0,0,0,0,0,0,0,0,2026-09-20T05:01:46.749055+00:00
Turquia Super Lig 2026/2027,Trabzonspor - Galatasaray,2026-09-19T17:00:00+00:00,finished,6,4-0,Trabzonspor,Mohamed Salah,M,89,10.0,54,3,1,1.3304,0.146906,4,3,2,30,23,8,4,4,1,4,3,7,6,1,2,0,0,0,1,7,0,3,17,3,0,1,0,0,0,0,2026-09-20T05:01:46.748979+00:00
Turquia Super Lig 2026/2027,Trabzonspor - Galatasaray,2026-09-19T17:00:00+00:00,finished,6,4-0,Trabzonspor,Mustafa Eskihellaç,D,90,7.3,67,0,1,,0.0158651,0,0,1,38,33,2,0,0,0,5,3,6,8,0,0,3,1,2,4,7,0,1,13,0,2,0,0,0,0,0,2026-09-20T05:01:46.748971+00:00
Turquia Super Lig 2026/2027,Trabzonspor - Galatasaray,2026-09-19T17:00:00+00:00,finished,6,4-0,Trabzonspor,Noah Saviolo,M,73,7.4,37,1,0,0.0395,0.00195557,1,1,0,19,14,0,0,3,0,5,2,2,6,0,0,0,0,0,0,4,0,2,17,0,1,0,0,0,0,0,2026-09-20T05:01:46.748994+00:00
Turquia Super Lig 2026/2027,Trabzonspor - Galatasaray,2026-09-19T17:00:00+00:00,finished,6,4-0,Trabzonspor,Ozan Tufan,M,31,7.2,12,0,1,,0.150639,0,0,1,9,8,2,2,0,0,0,0,3,0,0,0,1,1,0,0,1,0,0,1,2,0,0,0,0,0,0,2026-09-20T05:01:46.749024+00:00
Turquia Super Lig 2026/2027,Trabzonspor - Galatasaray,2026-09-19T17:00:00+00:00,finished,6,4-0,Trabzonspor,Paul Onuachu,F,31,6.4,18,0,0,0.3558,0.00357763,1,0,0,11,10,1,1,0,0,0,0,2,3,0,1,2,1,0,2,2,0,1,3,0,1,0,0,0,0,0,2026-09-20T05:01:46.749016+00:00
Turquia Super Lig 2026/2027,Trabzonspor - Galatasaray,2026-09-19T17:00:00+00:00,finished,6,4-0,Galatasaray,Renato Nhaga,M,0,,0,0,0,,,0,0,0,0,0,0,0,0,0,0,0,0,0,0,0,0,0,0,0,0,0,0,0,0,0,0,0,0,0,0,2026-09-20T05:01:46.748900+00:00
Turquia Super Lig 2026/2027,Trabzonspor - Galatasaray,2026-09-19T17:00:00+00:00,finished,6,4-0,Galatasaray,Roland Sallai,D,73,6.4,59,0,0,0.0482,0.0204565,1,1,1,44,37,8,5,2,0,0,0,4,1,0,0,3,1,0,0,5,0,0,9,1,0,0,0,0,3,0,2026-09-20T05:01:46.748782+00:00
Turquia Super Lig 2026/2027,Trabzonspor - Galatasaray,2026-09-19T17:00:00+00:00,finished,6,4-0,Trabzonspor,Samet Akaydın,D,0,,0,0,0,,,0,0,0,0,0,0,0,0,0,0,0,0,0,0,0,0,0,0,0,0,0,0,0,0,0,0,0,0,0,0,2026-09-20T05:01:46.749062+00:00
Turquia Super Lig 2026/2027,Trabzonspor - Galatasaray,2026-09-19T17:00:00+00:00,finished,6,4-0,Trabzonspor,Sidny Lopes Cabral,D,17,6.7,6,0,0,,0.00042184,0,0,0,2,1,1,0,0,0,0,0,2,2,0,1,1,0,1,0,2,0,0,1,1,1,0,0,0,0,0,2026-09-20T05:01:46.749031+00:00
Turquia Super Lig 2026/2027,Trabzonspor - Galatasaray,2026-09-19T17:00:00+00:00,finished,6,4-0,Trabzonspor,Stefan Savić,D,89,6.6,43,0,0,,0.00255627,0,0,0,37,33,4,2,0,0,0,0,1,4,1,1,0,0,4,1,3,0,0,4,0,2,1,0,0,0,0,2026-09-20T05:01:46.748987+00:00
Turquia Super Lig 2026/2027,Trabzonspor - Galatasaray,2026-09-19T17:00:00+00:00,finished,6,4-0,Trabzonspor,Umut Nayir,F,0,,0,0,0,,,0,0,0,0,0,0,0,0,0,0,0,0,0,0,0,0,0,0,0,0,0,0,0,0,0,0,0,0,0,0,2026-09-20T05:01:46.749075+00:00
Turquia Super Lig 2026/2027,Trabzonspor - Galatasaray,2026-09-19T17:00:00+00:00,finished,6,4-0,Galatasaray,Uğurcan Çakır,G,90,5.4,29,0,0,,0.00017012,0,0,0,25,21,5,1,0,0,0,0,0,0,0,0,0,0,1,0,7,0,0,4,0,0,0,0,0,4,0,2026-09-20T05:01:46.748689+00:00
Turquia Super Lig 2026/2027,Trabzonspor - Galatasaray,2026-09-19T17:00:00+00:00,finished,6,4-0,Trabzonspor,Wagner Pina,D,90,7.1,44,0,0,,0.0617845,0,0,1,19,17,0,0,0,0,1,1,5,6,0,0,3,1,4,2,2,0,2,8,1,1,0,0,0,0,0,2026-09-20T05:01:46.748957+00:00
Turquia Super Lig 2026/2027,Trabzonspor - Galatasaray,2026-09-19T17:00:00+00:00,finished,6,4-0,Galatasaray,Yunus Akgün,M,90,6.4,45,0,0,,0.0522683,0,0,2,34,27,2,1,1,0,2,2,5,5,0,1,1,1,0,0,4,0,2,11,2,0,0,0,0,4,0,2026-09-20T05:01:46.748745+00:00
Turquia Super Lig 2026/2027,Trabzonspor - Galatasaray,2026-09-19T17:00:00+00:00,finished,6,4-0,Galatasaray,İlkay Gündoğan,M,0,,0,0,0,,,0,0,0,0,0,0,0,0,0,0,0,0,0,0,0,0,0,0,0,0,0,0,0,0,0,0,0,0,0,0,2026-09-20T05:01:46.748891+00:00
